{
 "predicted_types": [
  {
   "column_name": "29bw-z7pj.Location_1.txt",
   "semantic_types": [
    {
     "semantic_type": "coordinate",
     "count": 592372
    }
   ]
  },
  {
   "column_name": "2bmr-jdsv.DBA.txt",
   "semantic_types": [
    {
     "semantic_type": "business",
     "count": 24422
    }
   ]
  },
  {
   "column_name": "2bnn-yakx.Vehicle_Body_Type.txt",
   "semantic_types": [
    {
     "semantic_type": "vehicle_make",
     "count": 10760333
    }
   ]
  },
  {
   "column_name": "2bnn-yakx.Vehicle_Color.txt",
   "semantic_types": [
    {
     "semantic_type": "color",
     "count": 10650696
    }
   ]
  },
  {
   "column_name": "2bnn-yakx.Vehicle_Make.txt",
   "semantic_types": [
    {
     "semantic_type": "color",
     "count": 8101839
    },
    {
     "semantic_type": "vehicle_make",
     "count": 2628142
    }
   ]
  },
  {
   "column_name": "2sps-j9st.PERSON_FIRST_NAME.txt",
   "semantic_types": [
    {
     "semantic_type": "first_name",
     "count": 51075
    }
   ]
  },
  {
   "column_name": "2sps-j9st.PERSON_LAST_NAME.txt",
   "semantic_types": [
    {
     "semantic_type": "business",
     "count": 51904
    }
   ]
  },
  {
   "column_name": "2v9c-2k7f.DBA.txt",
   "semantic_types": [
    {
     "semantic_type": "business",
     "count": 5489
    }
   ]
  },
  {
   "column_name": "3aka-ggej.CORE_SUBJECT___MS_CORE_and__09_12_ONLY_.txt",
   "semantic_types": [
    {
     "semantic_type": "study_area",
     "count": 2363
    }
   ]
  },
  {
   "column_name": "3qfc-4tta.BRONX_____CONDOMINIUMS_COMPARABLE_PROPERTIES_____Neighborhood.txt",
   "semantic_types": [
    {
     "semantic_type": "neighborhood",
     "count": 69
    }
   ]
  },
  {
   "column_name": "3rfa-3xsf.Cross_Street_2.txt",
   "semantic_types": [
    {
     "semantic_type": "street",
     "count": 1389537
    }
   ]
  },
  {
   "column_name": "3rfa-3xsf.Incident_Zip.txt",
   "semantic_types": [
    {
     "semantic_type": "zip",
     "count": 1660282
    }
   ]
  },
  {
   "column_name": "3rfa-3xsf.Intersection_Street_2.txt",
   "semantic_types": [
    {
     "semantic_type": "street",
     "count": 352517
    }
   ]
  },
  {
   "column_name": "3rfa-3xsf.School_Name.txt",
   "semantic_types": [
    {
     "semantic_type": "park",
     "count": 4199
    },
    {
     "semantic_type": "school_name",
     "count": 1781365
    }
   ]
  },
  {
   "column_name": "3rfa-3xsf.Street_Name.txt",
   "semantic_types": [
    {
     "semantic_type": "street",
     "count": 1401403
    }
   ]
  },
  {
   "column_name": "43nn-pn8j.DBA.txt",
   "semantic_types": [
    {
     "semantic_type": "business",
     "count": 392833
    }
   ]
  },
  {
   "column_name": "4d7f-74pe.Address.txt",
   "semantic_types": [
    {
     "semantic_type": "address",
     "count": 70140
    }
   ]
  },
  {
   "column_name": "4n2j-ut8i.SCHOOL_LEVEL_.txt",
   "semantic_types": [
    {
     "semantic_type": "school_level",
     "count": 1677
    }
   ]
  },
  {
   "column_name": "4nft-bihw.Property_Address.txt",
   "semantic_types": [
    {
     "semantic_type": "address",
     "count": 12256
    }
   ]
  },
  {
   "column_name": "4pt5-3vv4.Location.txt",
   "semantic_types": [
    {
     "semantic_type": "coordinate",
     "count": 767156
    }
   ]
  },
  {
   "column_name": "4twk-9yq2.CrossStreet2.txt",
   "semantic_types": [
    {
     "semantic_type": "street",
     "count": 40238
    }
   ]
  },
  {
   "column_name": "4y63-yw9e.SCHOOL_NAME.txt",
   "semantic_types": [
    {
     "semantic_type": "school_name",
     "count": 2048
    }
   ]
  },
  {
   "column_name": "52dp-yji6.Owner_First_Name.txt",
   "semantic_types": [
    {
     "semantic_type": "business",
     "count": 198137
    },
    {
     "semantic_type": "first_name",
     "count": 2543
    }
   ]
  },
  {
   "column_name": "52dp-yji6.Owner_Last_Name.txt",
   "semantic_types": [
    {
     "semantic_type": "business",
     "count": 200680
    }
   ]
  },
  {
   "column_name": "5694-9szk.Business_Website_or_Other_URL.txt",
   "semantic_types": [
    {
     "semantic_type": "website",
     "count": 1567
    }
   ]
  },
  {
   "column_name": "5e7x-8jy6.School_Name.txt",
   "semantic_types": [
    {
     "semantic_type": "school_name",
     "count": 3370
    }
   ]
  },
  {
   "column_name": "5mw2-hzqx.BROOKLYN_CONDOMINIUM_PROPERTY_Neighborhood.txt",
   "semantic_types": [
    {
     "semantic_type": "neighborhood",
     "count": 595
    }
   ]
  },
  {
   "column_name": "5nz7-hh6t.CORE_SUBJECT___MS_CORE_and__09_12_ONLY_.txt",
   "semantic_types": [
    {
     "semantic_type": "study_area",
     "count": 550
    }
   ]
  },
  {
   "column_name": "5tdj-xqd5.Borough.txt",
   "semantic_types": [
    {
     "semantic_type": "borough",
     "count": 2835
    }
   ]
  },
  {
   "column_name": "5uac-w243.PREM_TYP_DESC.txt",
   "semantic_types": [
    {
     "semantic_type": "location",
     "count": 223298
    }
   ]
  },
  {
   "column_name": "5ziv-wcy4.WEBSITE.txt",
   "semantic_types": [
    {
     "semantic_type": "website",
     "count": 302
    }
   ]
  },
  {
   "column_name": "64gx-bycn.EMPCITY.txt",
   "semantic_types": [
    {
     "semantic_type": "city",
     "count": 79172
    }
   ]
  },
  {
   "column_name": "6anw-twe4.FirstName.txt",
   "semantic_types": [
    {
     "semantic_type": "first_name",
     "count": 10135
    }
   ]
  },
  {
   "column_name": "6anw-twe4.LastName.txt",
   "semantic_types": [
    {
     "semantic_type": "last_name",
     "count": 10113
    }
   ]
  },
  {
   "column_name": "6bgk-3dad.RESPONDENT_ZIP.txt",
   "semantic_types": [
    {
     "semantic_type": "zip",
     "count": 1242581
    }
   ]
  },
  {
   "column_name": "6je4-4x7e.SCHOOL_LEVEL_.txt",
   "semantic_types": [
    {
     "semantic_type": "school_level",
     "count": 1817
    }
   ]
  },
  {
   "column_name": "6rrm-vxj9.parkname.txt",
   "semantic_types": [
    {
     "semantic_type": "park",
     "count": 1277
    }
   ]
  },
  {
   "column_name": "6wcu-cfa3.CORE_COURSE__MS_CORE_and_9_12_ONLY_.txt",
   "semantic_types": [
    {
     "semantic_type": "school_subject",
     "count": 18944
    }
   ]
  },
  {
   "column_name": "6ypq-ih9a.BOROUGH.txt",
   "semantic_types": [
    {
     "semantic_type": "other",
     "count": 12495
    }
   ]
  },
  {
   "column_name": "6ypq-ih9a.CORE_SUBJECT___MS_CORE_and__09_12_ONLY_.txt",
   "semantic_types": [
    {
     "semantic_type": "study_area",
     "count": 12495
    }
   ]
  },
  {
   "column_name": "72ss-25qh.Agency_ID.txt",
   "semantic_types": [
    {
     "semantic_type": "agency",
     "count": 599
    }
   ]
  },
  {
   "column_name": "72ss-25qh.Borough.txt",
   "semantic_types": [
    {
     "semantic_type": "borough",
     "count": 521
    }
   ]
  },
  {
   "column_name": "735p-zed8.CANDMI.txt",
   "semantic_types": [
    {
     "semantic_type": "other",
     "count": 116500
    }
   ]
  },
  {
   "column_name": "7btz-mnc8.Provider_First_Name.txt",
   "semantic_types": [
    {
     "semantic_type": "first_name",
     "count": 1929
    }
   ]
  },
  {
   "column_name": "7btz-mnc8.Provider_Last_Name.txt",
   "semantic_types": [
    {
     "semantic_type": "last_name",
     "count": 1940
    }
   ]
  },
  {
   "column_name": "7crd-d9xh.website.txt",
   "semantic_types": [
    {
     "semantic_type": "website",
     "count": 445
    }
   ]
  },
  {
   "column_name": "7jkp-5w5g.Agency.txt",
   "semantic_types": [
    {
     "semantic_type": "agency",
     "count": 273
    }
   ]
  },
  {
   "column_name": "7yds-6i8e.CORE_SUBJECT__MS_CORE_and_9_12_ONLY_.txt",
   "semantic_types": [
    {
     "semantic_type": "study_area",
     "count": 658
    }
   ]
  },
  {
   "column_name": "8i43-kna8.CORE_SUBJECT.txt",
   "semantic_types": [
    {
     "semantic_type": "study_area",
     "count": 524
    }
   ]
  },
  {
   "column_name": "8k4x-9mp5.Last_Name__only_2014_15_.txt",
   "semantic_types": [
    {
     "semantic_type": "last_name",
     "count": 4943
    }
   ]
  },
  {
   "column_name": "8wbx-tsch.Website.txt",
   "semantic_types": [
    {
     "semantic_type": "website",
     "count": 73126
    }
   ]
  },
  {
   "column_name": "9b9u-8989.DBA.txt",
   "semantic_types": [
    {
     "semantic_type": "business",
     "count": 5260
    }
   ]
  },
  {
   "column_name": "9jgj-bmct.Incident_Address_Street_Name.txt",
   "semantic_types": [
    {
     "semantic_type": "street",
     "count": 54338
    }
   ]
  },
  {
   "column_name": "9z9b-6hvk.Borough.txt",
   "semantic_types": [
    {
     "semantic_type": "borough",
     "count": 91
    }
   ]
  },
  {
   "column_name": "a5qt-5jpu.STATEN_ISLAND_CONDOMINIUM_PROPERTY_Neighborhood.txt",
   "semantic_types": [
    {
     "semantic_type": "neighborhood",
     "count": 24
    }
   ]
  },
  {
   "column_name": "a5td-mswe.Vehicle_Color.txt",
   "semantic_types": [
    {
     "semantic_type": "color",
     "count": 11588654
    }
   ]
  },
  {
   "column_name": "a9md-ynri.MI.txt",
   "semantic_types": [
    {
     "semantic_type": "other",
     "count": 798422
    }
   ]
  },
  {
   "column_name": "aiww-p3af.Cross_Street_1.txt",
   "semantic_types": [
    {
     "semantic_type": "street",
     "count": 1413323
    }
   ]
  },
  {
   "column_name": "aiww-p3af.Incident_Zip.txt",
   "semantic_types": [
    {
     "semantic_type": "zip",
     "count": 1746272
    }
   ]
  },
  {
   "column_name": "aiww-p3af.Park_Facility_Name.txt",
   "semantic_types": [
    {
     "semantic_type": "school_name",
     "count": 1880714
    },
    {
     "semantic_type": "park",
     "count": 3867
    }
   ]
  },
  {
   "column_name": "aiww-p3af.School_Phone_Number.txt",
   "semantic_types": [
    {
     "semantic_type": "phone_number",
     "count": 1882407
    }
   ]
  },
  {
   "column_name": "ajgi-hpq9.CORE_SUBJECT___MS_CORE_and__09_12_ONLY_.txt",
   "semantic_types": [
    {
     "semantic_type": "study_area",
     "count": 3056
    }
   ]
  },
  {
   "column_name": "ajxm-kzmj.NeighborhoodName.txt",
   "semantic_types": [
    {
     "semantic_type": "neighborhood",
     "count": 323
    }
   ]
  },
  {
   "column_name": "as69-ew8f.StartCity.txt",
   "semantic_types": [
    {
     "semantic_type": "neighborhood",
     "count": 14497
    },
    {
     "semantic_type": "borough",
     "count": 61245
    }
   ]
  },
  {
   "column_name": "as69-ew8f.TruckMake.txt",
   "semantic_types": [
    {
     "semantic_type": "last_name",
     "count": 109837
    },
    {
     "semantic_type": "vehicle_make",
     "count": 8255
    },
    {
     "semantic_type": "color",
     "count": 1444
    }
   ]
  },
  {
   "column_name": "bawj-6bgn.BRONX_CONDOMINIUM_PROPERTY_Neighborhood.txt",
   "semantic_types": [
    {
     "semantic_type": "neighborhood",
     "count": 66
    }
   ]
  },
  {
   "column_name": "bdjm-n7q4.CrossStreet2.txt",
   "semantic_types": [
    {
     "semantic_type": "street",
     "count": 504156
    }
   ]
  },
  {
   "column_name": "bdjm-n7q4.Location.txt",
   "semantic_types": [
    {
     "semantic_type": "coordinate",
     "count": 584062
    }
   ]
  },
  {
   "column_name": "bjuu-44hx.DVV_MAKE.txt",
   "semantic_types": [
    {
     "semantic_type": "color",
     "count": 688766
    }
   ]
  },
  {
   "column_name": "bty7-2jhb.Owner_s_House_Zip_Code.txt",
   "semantic_types": [
    {
     "semantic_type": "zip",
     "count": 2266428
    }
   ]
  },
  {
   "column_name": "bty7-2jhb.Site_Safety_Mgr_s_Last_Name.txt",
   "semantic_types": [
    {
     "semantic_type": "last_name",
     "count": 10861
    }
   ]
  },
  {
   "column_name": "c284-tqph.Vehicle_Color.txt",
   "semantic_types": [
    {
     "semantic_type": "color",
     "count": 11676099
    }
   ]
  },
  {
   "column_name": "c284-tqph.Vehicle_Make.txt",
   "semantic_types": [
    {
     "semantic_type": "color",
     "count": 8863212
    },
    {
     "semantic_type": "vehicle_make",
     "count": 2870493
    },
    {
     "semantic_type": "business",
     "count": 18
    }
   ]
  },
  {
   "column_name": "cgz5-877h.SCHOOL_LEVEL_.txt",
   "semantic_types": [
    {
     "semantic_type": "school_level",
     "count": 1543
    }
   ]
  },
  {
   "column_name": "ci93-uc8s.fax.txt",
   "semantic_types": [
    {
     "semantic_type": "phone_number",
     "count": 5480
    }
   ]
  },
  {
   "column_name": "ci93-uc8s.Vendor_DBA.txt",
   "semantic_types": [
    {
     "semantic_type": "business",
     "count": 1171
    }
   ]
  },
  {
   "column_name": "ci93-uc8s.Website.txt",
   "semantic_types": [
    {
     "semantic_type": "website",
     "count": 7166
    }
   ]
  },
  {
   "column_name": "ci93-uc8s.ZIP.txt",
   "semantic_types": [
    {
     "semantic_type": "zip",
     "count": 9372
    }
   ]
  },
  {
   "column_name": "cqc8-am9x.Borough.txt",
   "semantic_types": [
    {
     "semantic_type": "borough",
     "count": 454
    }
   ]
  },
  {
   "column_name": "crbs-vur7.QUEENS_CONDOMINIUM_PROPERTY_Neighborhood.txt",
   "semantic_types": [
    {
     "semantic_type": "neighborhood",
     "count": 306
    }
   ]
  },
  {
   "column_name": "cspg-yi7g.ADDRESS.txt",
   "semantic_types": [
    {
     "semantic_type": "address",
     "count": 727860
    }
   ]
  },
  {
   "column_name": "cvh6-nmyi.SCHOOL_LEVEL_.txt",
   "semantic_types": [
    {
     "semantic_type": "school_level",
     "count": 1817
    }
   ]
  },
  {
   "column_name": "cyfw-hfqk.STATEN_ISLAND_CONDOMINIUM_PROPERTY_Neighborhood.txt",
   "semantic_types": [
    {
     "semantic_type": "neighborhood",
     "count": 24
    }
   ]
  },
  {
   "column_name": "d3ge-anaz.CORE_COURSE__MS_CORE_and_9_12_ONLY_.txt",
   "semantic_types": [
    {
     "semantic_type": "school_subject",
     "count": 24012
    }
   ]
  },
  {
   "column_name": "dg92-zbpx.VendorAddress.txt",
   "semantic_types": [
    {
     "semantic_type": "address",
     "count": 32400
    }
   ]
  },
  {
   "column_name": "dj4e-3xrn.SCHOOL_LEVEL_.txt",
   "semantic_types": [
    {
     "semantic_type": "school_level",
     "count": 1493
    }
   ]
  },
  {
   "column_name": "dm9a-ab7w.APPLICANT_FIRST_NAME.txt",
   "semantic_types": [
    {
     "semantic_type": "first_name",
     "count": 121731
    }
   ]
  },
  {
   "column_name": "dm9a-ab7w.AUTH_REP_FIRST_NAME.txt",
   "semantic_types": [
    {
     "semantic_type": "first_name",
     "count": 34117
    }
   ]
  },
  {
   "column_name": "dm9a-ab7w.AUTH_REP_LAST_NAME.txt",
   "semantic_types": [
    {
     "semantic_type": "last_name",
     "count": 33737
    }
   ]
  },
  {
   "column_name": "dm9a-ab7w.STREET_NAME.txt",
   "semantic_types": [
    {
     "semantic_type": "street",
     "count": 121843
    }
   ]
  },
  {
   "column_name": "dpm2-m9mq.owner_zip.txt",
   "semantic_types": [
    {
     "semantic_type": "zip",
     "count": 227386
    }
   ]
  },
  {
   "column_name": "dvzp-h4k9.COMPARABLE_RENTAL_____1_____Building_Classification.txt",
   "semantic_types": [
    {
     "semantic_type": "building_class",
     "count": 1381
    }
   ]
  },
  {
   "column_name": "e4p3-6ecr.Agency_Name.txt",
   "semantic_types": [
    {
     "semantic_type": "agency",
     "count": 18612
    }
   ]
  },
  {
   "column_name": "e9xc-u3ds.CANDMI.txt",
   "semantic_types": [
    {
     "semantic_type": "other",
     "count": 26668
    }
   ]
  },
  {
   "column_name": "easq-ubfe.CITY.txt",
   "semantic_types": [
    {
     "semantic_type": "city",
     "count": 54870
    }
   ]
  },
  {
   "column_name": "eccv-9dzr.Telephone_Number.txt",
   "semantic_types": [
    {
     "semantic_type": "phone_number",
     "count": 772
    }
   ]
  },
  {
   "column_name": "en2c-j6tw.BRONX_CONDOMINIUM_PROPERTY_Building_Classification.txt",
   "semantic_types": [
    {
     "semantic_type": "building_class",
     "count": 48
    }
   ]
  },
  {
   "column_name": "erm2-nwe9.City.txt",
   "semantic_types": [
    {
     "semantic_type": "street",
     "count": 20256720
    }
   ]
  },
  {
   "column_name": "erm2-nwe9.Landmark.txt",
   "semantic_types": [
    {
     "semantic_type": "street",
     "count": 311664
    }
   ]
  },
  {
   "column_name": "erm2-nwe9.Park_Facility_Name.txt",
   "semantic_types": [
    {
     "semantic_type": "park",
     "count": 69330
    },
    {
     "semantic_type": "school_name",
     "count": 21534596
    }
   ]
  },
  {
   "column_name": "f7qh-bcr5.CORE_SUBJECT___MS_CORE_and__9_12_ONLY_.txt",
   "semantic_types": [
    {
     "semantic_type": "study_area",
     "count": 147
    }
   ]
  },
  {
   "column_name": "faiq-9dfq.Vehicle_Body_Type.txt",
   "semantic_types": [
    {
     "semantic_type": "vehicle_make",
     "count": 11417743
    }
   ]
  },
  {
   "column_name": "faiq-9dfq.Vehicle_Color.txt",
   "semantic_types": [
    {
     "semantic_type": "color",
     "count": 11312532
    }
   ]
  },
  {
   "column_name": "fbaw-uq4e.CITY.txt",
   "semantic_types": [
    {
     "semantic_type": "city",
     "count": 13777
    }
   ]
  },
  {
   "column_name": "fbaw-uq4e.Location_1.txt",
   "semantic_types": [
    {
     "semantic_type": "coordinate",
     "count": 10423
    }
   ]
  },
  {
   "column_name": "ffnc-f3aa.SCHOOL_LEVEL_.txt",
   "semantic_types": [
    {
     "semantic_type": "school_level",
     "count": 1677
    }
   ]
  },
  {
   "column_name": "fzv4-jan3.SCHOOL_LEVEL_.txt",
   "semantic_types": [
    {
     "semantic_type": "school_level",
     "count": 1262
    }
   ]
  },
  {
   "column_name": "ge8j-uqbf.interest.txt",
   "semantic_types": [
    {
     "semantic_type": "study_area",
     "count": 769
    }
   ]
  },
  {
   "column_name": "gez6-674h.CORE_SUBJECT___MS_CORE_and__9_12_ONLY_.txt",
   "semantic_types": [
    {
     "semantic_type": "study_area",
     "count": 3433
    }
   ]
  },
  {
   "column_name": "gk83-aa6y.SCHOOL_NAME.txt",
   "semantic_types": [
    {
     "semantic_type": "school_name",
     "count": 5342
    }
   ]
  },
  {
   "column_name": "h9gi-nx95.VEHICLE_TYPE_CODE_1.txt",
   "semantic_types": [
    {
     "semantic_type": "vehicle_type",
     "count": 1564293
    }
   ]
  },
  {
   "column_name": "h9gi-nx95.VEHICLE_TYPE_CODE_2.txt",
   "semantic_types": [
    {
     "semantic_type": "vehicle_type",
     "count": 1312354
    }
   ]
  },
  {
   "column_name": "h9gi-nx95.VEHICLE_TYPE_CODE_3.txt",
   "semantic_types": [
    {
     "semantic_type": "vehicle_type",
     "count": 130661
    }
   ]
  },
  {
   "column_name": "h9gi-nx95.VEHICLE_TYPE_CODE_4.txt",
   "semantic_types": [
    {
     "semantic_type": "vehicle_type",
     "count": 48889
    }
   ]
  },
  {
   "column_name": "h9gi-nx95.VEHICLE_TYPE_CODE_5.txt",
   "semantic_types": [
    {
     "semantic_type": "vehicle_type",
     "count": 10496
    }
   ]
  },
  {
   "column_name": "him9-7gri.Agency.txt",
   "semantic_types": [
    {
     "semantic_type": "agency",
     "count": 1697
    }
   ]
  },
  {
   "column_name": "hjvj-jfc9.Borough.txt",
   "semantic_types": [
    {
     "semantic_type": "borough",
     "count": 354
    }
   ]
  },
  {
   "column_name": "hy4q-igkk.Location.txt",
   "semantic_types": [
    {
     "semantic_type": "coordinate",
     "count": 1645794
    }
   ]
  },
  {
   "column_name": "hy4q-igkk.School_Name.txt",
   "semantic_types": [
    {
     "semantic_type": "school_name",
     "count": 1789714
    }
   ]
  },
  {
   "column_name": "i4ni-6qin.PRINCIPAL_PHONE_NUMBER.txt",
   "semantic_types": [
    {
     "semantic_type": "phone_number",
     "count": 1836
    }
   ]
  },
  {
   "column_name": "i5ef-jxv3.Agency.txt",
   "semantic_types": [
    {
     "semantic_type": "agency",
     "count": 1775
    }
   ]
  },
  {
   "column_name": "i6b5-j7bu.TOSTREETNAME.txt",
   "semantic_types": [
    {
     "semantic_type": "street",
     "count": 65147
    }
   ]
  },
  {
   "column_name": "i8ys-e4pm.CORE_COURSE_9_12_ONLY_.txt",
   "semantic_types": [
    {
     "semantic_type": "school_subject",
     "count": 16428
    }
   ]
  },
  {
   "column_name": "i9pf-sj7c.INTEREST.txt",
   "semantic_types": [
    {
     "semantic_type": "study_area",
     "count": 719
    }
   ]
  },
  {
   "column_name": "ic3t-wcy2.Applicant_s_First_Name.txt",
   "semantic_types": [
    {
     "semantic_type": "first_name",
     "count": 1697947
    }
   ]
  },
  {
   "column_name": "ii2w-6fne.Borough.txt",
   "semantic_types": [
    {
     "semantic_type": "borough",
     "count": 2830
    }
   ]
  },
  {
   "column_name": "imfa-v5pv.School_Name.txt",
   "semantic_types": [
    {
     "semantic_type": "school_name",
     "count": 1614
    }
   ]
  },
  {
   "column_name": "ipu4-2q9a.Owner_s_House_City.txt",
   "semantic_types": [
    {
     "semantic_type": "street",
     "count": 3590422
    }
   ]
  },
  {
   "column_name": "ipu4-2q9a.Site_Safety_Mgr_s_First_Name.txt",
   "semantic_types": [
    {
     "semantic_type": "first_name",
     "count": 28696
    }
   ]
  },
  {
   "column_name": "ipu4-2q9a.Site_Safety_Mgr_s_Last_Name.txt",
   "semantic_types": [
    {
     "semantic_type": "last_name",
     "count": 28696
    }
   ]
  },
  {
   "column_name": "irhv-jqz7.BROOKLYN___COOPERATIVES_COMPARABLE_PROPERTIES___Building_Classification.txt",
   "semantic_types": [
    {
     "semantic_type": "building_class",
     "count": 514
    }
   ]
  },
  {
   "column_name": "jcih-dj9q.QUEENS_____CONDOMINIUMS_COMPARABLE_PROPERTIES_____Neighborhood.txt",
   "semantic_types": [
    {
     "semantic_type": "neighborhood",
     "count": 434
    }
   ]
  },
  {
   "column_name": "jhjm-vsp8.Agency.txt",
   "semantic_types": [
    {
     "semantic_type": "agency",
     "count": 1277
    }
   ]
  },
  {
   "column_name": "ji82-xba5.address.txt",
   "semantic_types": [
    {
     "semantic_type": "address",
     "count": 36475
    }
   ]
  },
  {
   "column_name": "ji82-xba5.street.txt",
   "semantic_types": [
    {
     "semantic_type": "street",
     "count": 33636
    }
   ]
  },
  {
   "column_name": "jt7v-77mi.Vehicle_Color.txt",
   "semantic_types": [
    {
     "semantic_type": "color",
     "count": 9027835
    }
   ]
  },
  {
   "column_name": "jt7v-77mi.Vehicle_Make.txt",
   "semantic_types": [
    {
     "semantic_type": "business",
     "count": 6802618
    },
    {
     "semantic_type": "vehicle_make",
     "count": 2227268
    },
    {
     "semantic_type": "color",
     "count": 7217
    }
   ]
  },
  {
   "column_name": "jtus-srrj.School_Name.txt",
   "semantic_types": [
    {
     "semantic_type": "school_name",
     "count": 3051
    }
   ]
  },
  {
   "column_name": "jvce-szsb.Website.txt",
   "semantic_types": [
    {
     "semantic_type": "website",
     "count": 50
    }
   ]
  },
  {
   "column_name": "jxyc-rxiv.MANHATTAN___COOPERATIVES_COMPARABLE_PROPERTIES___Building_Classification.txt",
   "semantic_types": [
    {
     "semantic_type": "building_class",
     "count": 2645
    }
   ]
  },
  {
   "column_name": "jz4z-kudi.Respondent_Address__City_.txt",
   "semantic_types": [
    {
     "semantic_type": "street",
     "count": 9711475
    }
   ]
  },
  {
   "column_name": "jz4z-kudi.Respondent_Address__Zip_Code_.txt",
   "semantic_types": [
    {
     "semantic_type": "zip",
     "count": 12446041
    }
   ]
  },
  {
   "column_name": "jz4z-kudi.Violation_Location__City_.txt",
   "semantic_types": [
    {
     "semantic_type": "street",
     "count": 13347033
    }
   ]
  },
  {
   "column_name": "jz4z-kudi.Violation_Location__Zip_Code_.txt",
   "semantic_types": [
    {
     "semantic_type": "zip",
     "count": 15226548
    }
   ]
  },
  {
   "column_name": "jzdn-258f.Agency.txt",
   "semantic_types": [
    {
     "semantic_type": "agency",
     "count": 245
    }
   ]
  },
  {
   "column_name": "jzt2-2f7h.School_Name.txt",
   "semantic_types": [
    {
     "semantic_type": "school_name",
     "count": 1648
    }
   ]
  },
  {
   "column_name": "k3cd-yu9d.CANDMI.txt",
   "semantic_types": [
    {
     "semantic_type": "other",
     "count": 40985
    }
   ]
  },
  {
   "column_name": "k3cd-yu9d.Location_1.txt",
   "semantic_types": [
    {
     "semantic_type": "coordinate",
     "count": 35453
    }
   ]
  },
  {
   "column_name": "kiv2-tbus.Vehicle_Body_Type.txt",
   "semantic_types": [
    {
     "semantic_type": "vehicle_make",
     "count": 10587628
    }
   ]
  },
  {
   "column_name": "kiv2-tbus.Vehicle_Color.txt",
   "semantic_types": [
    {
     "semantic_type": "color",
     "count": 10496988
    }
   ]
  },
  {
   "column_name": "kiv2-tbus.Vehicle_Make.txt",
   "semantic_types": [
    {
     "semantic_type": "business",
     "count": 7959133
    },
    {
     "semantic_type": "vehicle_make",
     "count": 2603269
    },
    {
     "semantic_type": "color",
     "count": 919
    }
   ]
  },
  {
   "column_name": "kiyv-ks3f.phone.txt",
   "semantic_types": [
    {
     "semantic_type": "phone_number",
     "count": 1885
    }
   ]
  },
  {
   "column_name": "kj4p-ruqc.StreetName.txt",
   "semantic_types": [
    {
     "semantic_type": "street",
     "count": 327975
    }
   ]
  },
  {
   "column_name": "kwmq-dbub.CANDMI.txt",
   "semantic_types": [
    {
     "semantic_type": "other",
     "count": 50793
    }
   ]
  },
  {
   "column_name": "kz72-dump.CORE_SUBJECT___MS_CORE_and__09_12_ONLY_.txt",
   "semantic_types": [
    {
     "semantic_type": "study_area",
     "count": 53
    }
   ]
  },
  {
   "column_name": "m3fi-rt3k.Street_Address_1_.txt",
   "semantic_types": [
    {
     "semantic_type": "address",
     "count": 16493
    }
   ]
  },
  {
   "column_name": "m56g-jpua.COMPARABLE_RENTAL___1___Building_Classification.txt",
   "semantic_types": [
    {
     "semantic_type": "building_class",
     "count": 2261
    }
   ]
  },
  {
   "column_name": "m56g-jpua.MANHATTAN___COOPERATIVES_COMPARABLE_PROPERTIES___Building_Classification.txt",
   "semantic_types": [
    {
     "semantic_type": "building_class",
     "count": 2261
    }
   ]
  },
  {
   "column_name": "m59i-mqex.QUEENS_CONDOMINIUM_PROPERTY_Neighborhood.txt",
   "semantic_types": [
    {
     "semantic_type": "neighborhood",
     "count": 251
    }
   ]
  },
  {
   "column_name": "mdcw-n682.First_Name.txt",
   "semantic_types": [
    {
     "semantic_type": "first_name",
     "count": 4897
    }
   ]
  },
  {
   "column_name": "mdcw-n682.Last_Name.txt",
   "semantic_types": [
    {
     "semantic_type": "last_name",
     "count": 4897
    }
   ]
  },
  {
   "column_name": "mdcw-n682.Middle_Initial.txt",
   "semantic_types": [
    {
     "semantic_type": "other",
     "count": 594
    }
   ]
  },
  {
   "column_name": "mjux-q9d4.SCHOOL_LEVEL_.txt",
   "semantic_types": [
    {
     "semantic_type": "school_level",
     "count": 1743
    }
   ]
  },
  {
   "column_name": "mmvm-mvi3.Org_Name.txt",
   "semantic_types": [
    {
     "semantic_type": "school_name",
     "count": 11752
    }
   ]
  },
  {
   "column_name": "mqdy-gu73.Color.txt",
   "semantic_types": [
    {
     "semantic_type": "color",
     "count": 237
    }
   ]
  },
  {
   "column_name": "mrxb-9w9v.BOROUGH___COMMUNITY.txt",
   "semantic_types": [
    {
     "semantic_type": "borough",
     "count": 112
    }
   ]
  },
  {
   "column_name": "mu46-p9is.CallerZipCode.txt",
   "semantic_types": [
    {
     "semantic_type": "zip",
     "count": 295918
    }
   ]
  },
  {
   "column_name": "myei-c3fa.Neighborhood_1.txt",
   "semantic_types": [
    {
     "semantic_type": "neighborhood",
     "count": 31348
    }
   ]
  },
  {
   "column_name": "n2s5-fumm.BRONX_CONDOMINIUM_PROPERTY_Building_Classification.txt",
   "semantic_types": [
    {
     "semantic_type": "building_class",
     "count": 54
    }
   ]
  },
  {
   "column_name": "n5mv-nfpy.Location1.txt",
   "semantic_types": [
    {
     "semantic_type": "coordinate",
     "count": 7394
    }
   ]
  },
  {
   "column_name": "n84m-kx4j.VEHICLE_MAKE.txt",
   "semantic_types": [
    {
     "semantic_type": "vehicle_make",
     "count": 7487
    }
   ]
  },
  {
   "column_name": "nfkx-wd79.Address_1.txt",
   "semantic_types": [
    {
     "semantic_type": "address",
     "count": 1983
    }
   ]
  },
  {
   "column_name": "nhms-9u6g.Name__Last__First_.txt",
   "semantic_types": [
    {
     "semantic_type": "full_name",
     "count": 6504
    }
   ]
  },
  {
   "column_name": "nyis-y4yr.Owner_s__Phone__.txt",
   "semantic_types": [
    {
     "semantic_type": "phone_number",
     "count": 15284
    }
   ]
  },
  {
   "column_name": "p2d7-vcsb.ACCOUNT_CITY.txt",
   "semantic_types": [
    {
     "semantic_type": "city",
     "count": 4830
    },
    {
     "semantic_type": "neighborhood",
     "count": 258
    }
   ]
  },
  {
   "column_name": "p6h4-mpyy.PRINCIPAL_PHONE_NUMBER.txt",
   "semantic_types": [
    {
     "semantic_type": "phone_number",
     "count": 1823
    }
   ]
  },
  {
   "column_name": "p937-wjvj.HOUSE_NUMBER.txt",
   "semantic_types": [
    {
     "semantic_type": "zip",
     "count": 1742862
    }
   ]
  },
  {
   "column_name": "pdpg-nn8i.BORO.txt",
   "semantic_types": [
    {
     "semantic_type": "other",
     "count": 30211
    }
   ]
  },
  {
   "column_name": "pgtq-ht5f.CORE_SUBJECT___MS_CORE_and__9_12_ONLY_.txt",
   "semantic_types": [
    {
     "semantic_type": "study_area",
     "count": 27233
    }
   ]
  },
  {
   "column_name": "ph7v-u5f3.TOP_VEHICLE_MODELS___5.txt",
   "semantic_types": [
    {
     "semantic_type": "vehicle_make",
     "count": 647
    }
   ]
  },
  {
   "column_name": "pq5i-thsu.DVC_MAKE.txt",
   "semantic_types": [
    {
     "semantic_type": "business",
     "count": 335174
    }
   ]
  },
  {
   "column_name": "pqg4-dm6b.Address1.txt",
   "semantic_types": [
    {
     "semantic_type": "address",
     "count": 1077
    }
   ]
  },
  {
   "column_name": "pvqr-7yc4.Vehicle_Body_Type.txt",
   "semantic_types": [
    {
     "semantic_type": "vehicle_make",
     "count": 2343324
    }
   ]
  },
  {
   "column_name": "pvqr-7yc4.Vehicle_Color.txt",
   "semantic_types": [
    {
     "semantic_type": "color",
     "count": 2295762
    }
   ]
  },
  {
   "column_name": "pvqr-7yc4.Vehicle_Make.txt",
   "semantic_types": [
    {
     "semantic_type": "vehicle_make",
     "count": 2339320
    }
   ]
  },
  {
   "column_name": "q2ni-ztsb.Street_Address_1.txt",
   "semantic_types": [
    {
     "semantic_type": "address",
     "count": 19351
    }
   ]
  },
  {
   "column_name": "qcdj-rwhu.BUSINESS_NAME2.txt",
   "semantic_types": [
    {
     "semantic_type": "business",
     "count": 1039
    }
   ]
  },
  {
   "column_name": "qe6k-pu9t.Agency.txt",
   "semantic_types": [
    {
     "semantic_type": "agency",
     "count": 265
    }
   ]
  },
  {
   "column_name": "qgea-i56i.Lat_Lon.txt",
   "semantic_types": [
    {
     "semantic_type": "coordinate",
     "count": 6483531
    }
   ]
  },
  {
   "column_name": "qgea-i56i.PREM_TYP_DESC.txt",
   "semantic_types": [
    {
     "semantic_type": "location",
     "count": 6539828
    }
   ]
  },
  {
   "column_name": "qpm9-j523.org_neighborhood.txt",
   "semantic_types": [
    {
     "semantic_type": "neighborhood",
     "count": 75
    }
   ]
  },
  {
   "column_name": "qpm9-j523.org_website.txt",
   "semantic_types": [
    {
     "semantic_type": "website",
     "count": 74
    }
   ]
  },
  {
   "column_name": "qu8g-sxqf.First_Name.txt",
   "semantic_types": [
    {
     "semantic_type": "business",
     "count": 237104
    },
    {
     "semantic_type": "first_name",
     "count": 4316
    }
   ]
  },
  {
   "column_name": "qu8g-sxqf.MI.txt",
   "semantic_types": [
    {
     "semantic_type": "other",
     "count": 161732
    }
   ]
  },
  {
   "column_name": "qusa-igsv.BORO.txt",
   "semantic_types": [
    {
     "semantic_type": "other",
     "count": 569
    }
   ]
  },
  {
   "column_name": "rb2h-bgai.Website.txt",
   "semantic_types": [
    {
     "semantic_type": "website",
     "count": 33
    }
   ]
  },
  {
   "column_name": "rbx6-tga4.Owner_Street_Address.txt",
   "semantic_types": [
    {
     "semantic_type": "address",
     "count": 39633
    }
   ]
  },
  {
   "column_name": "rmv8-86p4.BROOKLYN_CONDOMINIUM_PROPERTY_Neighborhood.txt",
   "semantic_types": [
    {
     "semantic_type": "street",
     "count": 391
    },
    {
     "semantic_type": "neighborhood",
     "count": 5
    }
   ]
  },
  {
   "column_name": "s3k6-pzi2.interest1.txt",
   "semantic_types": [
    {
     "semantic_type": "study_area",
     "count": 440
    }
   ]
  },
  {
   "column_name": "s3k6-pzi2.interest4.txt",
   "semantic_types": [
    {
     "semantic_type": "study_area",
     "count": 53
    }
   ]
  },
  {
   "column_name": "s3k6-pzi2.interest5.txt",
   "semantic_types": [
    {
     "semantic_type": "study_area",
     "count": 38
    }
   ]
  },
  {
   "column_name": "s3zn-tf7c.QUEENS_CONDOMINIUM_PROPERTY_Building_Classification.txt",
   "semantic_types": [
    {
     "semantic_type": "building_class",
     "count": 353
    }
   ]
  },
  {
   "column_name": "s9d3-x4fz.EMPCITY.txt",
   "semantic_types": [
    {
     "semantic_type": "city",
     "count": 81584
    },
    {
     "semantic_type": "neighborhood",
     "count": 3232
    }
   ]
  },
  {
   "column_name": "sa5w-dn2t.Agency.txt",
   "semantic_types": [
    {
     "semantic_type": "agency",
     "count": 284
    }
   ]
  },
  {
   "column_name": "sqcr-6mww.Cross_Street_1.txt",
   "semantic_types": [
    {
     "semantic_type": "street",
     "count": 932851
    }
   ]
  },
  {
   "column_name": "sqcr-6mww.School_Name.txt",
   "semantic_types": [
    {
     "semantic_type": "school_name",
     "count": 1118375
    }
   ]
  },
  {
   "column_name": "sqmu-2ixd.Agency_Name.txt",
   "semantic_types": [
    {
     "semantic_type": "agency",
     "count": 7560
    }
   ]
  },
  {
   "column_name": "sv2w-rv3k.BORO.txt",
   "semantic_types": [
    {
     "semantic_type": "borough",
     "count": 4630167
    }
   ]
  },
  {
   "column_name": "sxmw-f24h.Cross_Street_2.txt",
   "semantic_types": [
    {
     "semantic_type": "street",
     "count": 1465686
    }
   ]
  },
  {
   "column_name": "sxmw-f24h.Park_Facility_Name.txt",
   "semantic_types": [
    {
     "semantic_type": "school_name",
     "count": 1793996
    }
   ]
  },
  {
   "column_name": "sxx4-xhzg.Park_Site_Name.txt",
   "semantic_types": [
    {
     "semantic_type": "park",
     "count": 577
    }
   ]
  },
  {
   "column_name": "sybh-s59s.CORE_SUBJECT___MS_CORE_and__9_12_ONLY_.txt",
   "semantic_types": [
    {
     "semantic_type": "study_area",
     "count": 29902
    }
   ]
  },
  {
   "column_name": "t8hj-ruu2.Business_Phone_Number.txt",
   "semantic_types": [
    {
     "semantic_type": "phone_number",
     "count": 65101
    }
   ]
  },
  {
   "column_name": "t8hj-ruu2.First_Name.txt",
   "semantic_types": [
    {
     "semantic_type": "first_name",
     "count": 84254
    }
   ]
  },
  {
   "column_name": "tg3t-nh4h.BusinessName.txt",
   "semantic_types": [
    {
     "semantic_type": "business",
     "count": 36204
    }
   ]
  },
  {
   "column_name": "tg4x-b46p.ZipCode_s_.txt",
   "semantic_types": [
    {
     "semantic_type": "zip",
     "count": 44759
    }
   ]
  },
  {
   "column_name": "tqtj-sjs8.FromStreetName.txt",
   "semantic_types": [
    {
     "semantic_type": "street",
     "count": 9173913
    }
   ]
  },
  {
   "column_name": "tsak-vtv3.Upcoming_Project_Name.txt",
   "semantic_types": [
    {
     "semantic_type": "school_name",
     "count": 503
    }
   ]
  },
  {
   "column_name": "tukx-dsca.Address_1.txt",
   "semantic_types": [
    {
     "semantic_type": "address",
     "count": 1799
    }
   ]
  },
  {
   "column_name": "tyfh-9h2y.BROOKLYN___COOPERATIVES_COMPARABLE_PROPERTIES___Building_Classification.txt",
   "semantic_types": [
    {
     "semantic_type": "building_class",
     "count": 958
    }
   ]
  },
  {
   "column_name": "u553-m549.Independent_Website.txt",
   "semantic_types": [
    {
     "semantic_type": "website",
     "count": 428
    }
   ]
  },
  {
   "column_name": "ub9e-s7ai.CORE_SUBJECT___MS_CORE_and__09_12_ONLY_.txt",
   "semantic_types": [
    {
     "semantic_type": "study_area",
     "count": 12382
    }
   ]
  },
  {
   "column_name": "uh2w-zjsn.Borough.txt",
   "semantic_types": [
    {
     "semantic_type": "borough",
     "count": 25
    }
   ]
  },
  {
   "column_name": "upwt-zvh3.SCHOOL_LEVEL_.txt",
   "semantic_types": [
    {
     "semantic_type": "school_level",
     "count": 1715
    }
   ]
  },
  {
   "column_name": "uq7m-95z8.interest1.txt",
   "semantic_types": [
    {
     "semantic_type": "study_area",
     "count": 427
    }
   ]
  },
  {
   "column_name": "uq7m-95z8.interest6.txt",
   "semantic_types": [
    {
     "semantic_type": "study_area",
     "count": 26
    }
   ]
  },
  {
   "column_name": "uqxv-h2se.neighborhood.txt",
   "semantic_types": [
    {
     "semantic_type": "neighborhood",
     "count": 473
    }
   ]
  },
  {
   "column_name": "urzf-q2g5.Phone_Number.txt",
   "semantic_types": [
    {
     "semantic_type": "phone_number",
     "count": 962
    }
   ]
  },
  {
   "column_name": "us4j-b5zt.Agency.txt",
   "semantic_types": [
    {
     "semantic_type": "agency",
     "count": 1733
    }
   ]
  },
  {
   "column_name": "uwyv-629c.StreetName.txt",
   "semantic_types": [
    {
     "semantic_type": "street",
     "count": 1829541
    }
   ]
  },
  {
   "column_name": "uzcy-9puk.Location.txt",
   "semantic_types": [
    {
     "semantic_type": "coordinate",
     "count": 1737800
    }
   ]
  },
  {
   "column_name": "uzcy-9puk.Park_Facility_Name.txt",
   "semantic_types": [
    {
     "semantic_type": "school_name",
     "count": 1877142
    }
   ]
  },
  {
   "column_name": "uzcy-9puk.School_Phone_Number.txt",
   "semantic_types": [
    {
     "semantic_type": "phone_number",
     "count": 1874697
    }
   ]
  },
  {
   "column_name": "uzcy-9puk.Street_Name.txt",
   "semantic_types": [
    {
     "semantic_type": "street",
     "count": 1455641
    }
   ]
  },
  {
   "column_name": "vg63-xw6u.CITY.txt",
   "semantic_types": [
    {
     "semantic_type": "city",
     "count": 60093
    }
   ]
  },
  {
   "column_name": "vhah-kvpj.Borough.txt",
   "semantic_types": [
    {
     "semantic_type": "borough",
     "count": 343
    }
   ]
  },
  {
   "column_name": "vr8p-8shw.DVT_MAKE.txt",
   "semantic_types": [
    {
     "semantic_type": "color",
     "count": 60290
    },
    {
     "semantic_type": "vehicle_make",
     "count": 16384
    }
   ]
  },
  {
   "column_name": "vrn4-2abs.SCHOOL_LEVEL_.txt",
   "semantic_types": [
    {
     "semantic_type": "school_level",
     "count": 1543
    }
   ]
  },
  {
   "column_name": "vuae-w6cg.Agency.txt",
   "semantic_types": [
    {
     "semantic_type": "agency",
     "count": 21501
    }
   ]
  },
  {
   "column_name": "vw9i-7mzq.interest1.txt",
   "semantic_types": [
    {
     "semantic_type": "study_area",
     "count": 435
    }
   ]
  },
  {
   "column_name": "vw9i-7mzq.interest3.txt",
   "semantic_types": [
    {
     "semantic_type": "study_area",
     "count": 71
    }
   ]
  },
  {
   "column_name": "vw9i-7mzq.interest4.txt",
   "semantic_types": [
    {
     "semantic_type": "study_area",
     "count": 52
    }
   ]
  },
  {
   "column_name": "vw9i-7mzq.neighborhood.txt",
   "semantic_types": [
    {
     "semantic_type": "neighborhood",
     "count": 435
    }
   ]
  },
  {
   "column_name": "vx8i-nprf.MI.txt",
   "semantic_types": [
    {
     "semantic_type": "other",
     "count": 310908
    }
   ]
  },
  {
   "column_name": "w6yt-hctp.COMPARABLE_RENTAL_1__Building_Classification.txt",
   "semantic_types": [
    {
     "semantic_type": "building_class",
     "count": 423
    }
   ]
  },
  {
   "column_name": "w7w3-xahh.Address_City.txt",
   "semantic_types": [
    {
     "semantic_type": "city",
     "count": 198123
    },
    {
     "semantic_type": "street",
     "count": 168
    }
   ]
  },
  {
   "column_name": "w7w3-xahh.Address_ZIP.txt",
   "semantic_types": [
    {
     "semantic_type": "zip",
     "count": 198265
    }
   ]
  },
  {
   "column_name": "w7w3-xahh.Location.txt",
   "semantic_types": [
    {
     "semantic_type": "coordinate",
     "count": 119500
    }
   ]
  },
  {
   "column_name": "w9ak-ipjd.Applicant_Last_Name.txt",
   "semantic_types": [
    {
     "semantic_type": "last_name",
     "count": 49387
    }
   ]
  },
  {
   "column_name": "w9ak-ipjd.Filing_Representative_First_Name.txt",
   "semantic_types": [
    {
     "semantic_type": "first_name",
     "count": 42718
    }
   ]
  },
  {
   "column_name": "w9ak-ipjd.Owner_s_Business_Name.txt",
   "semantic_types": [
    {
     "semantic_type": "business",
     "count": 54731
    }
   ]
  },
  {
   "column_name": "w9ak-ipjd.Owner_s_Street_Name.txt",
   "semantic_types": [
    {
     "semantic_type": "address",
     "count": 49475
    }
   ]
  },
  {
   "column_name": "weg5-33pj.SCHOOL_LEVEL_.txt",
   "semantic_types": [
    {
     "semantic_type": "school_level",
     "count": 1262
    }
   ]
  },
  {
   "column_name": "wg9x-4ke6.Principal_phone_number.txt",
   "semantic_types": [
    {
     "semantic_type": "phone_number",
     "count": 2190
    }
   ]
  },
  {
   "column_name": "wks3-66bn.School_Name.txt",
   "semantic_types": [
    {
     "semantic_type": "school_name",
     "count": 1592
    }
   ]
  },
  {
   "column_name": "wv4q-e75v.STATEN_ISLAND_CONDOMINIUM_PROPERTY_Neighborhood.txt",
   "semantic_types": [
    {
     "semantic_type": "neighborhood",
     "count": 24
    }
   ]
  },
  {
   "column_name": "x3kb-2vbv.School_Name.txt",
   "semantic_types": [
    {
     "semantic_type": "school_name",
     "count": 1610
    }
   ]
  },
  {
   "column_name": "xne4-4v8f.SCHOOL.txt",
   "semantic_types": [
    {
     "semantic_type": "school_name",
     "count": 1811
    }
   ]
  },
  {
   "column_name": "xne4-4v8f.SCHOOL_LEVEL_.txt",
   "semantic_types": [
    {
     "semantic_type": "school_level",
     "count": 1743
    }
   ]
  },
  {
   "column_name": "yahh-6yjc.School_Type.txt",
   "semantic_types": [
    {
     "semantic_type": "school_level",
     "count": 1722
    }
   ]
  },
  {
   "column_name": "yayv-apxh.SCHOOL_LEVEL_.txt",
   "semantic_types": [
    {
     "semantic_type": "school_level",
     "count": 1493
    }
   ]
  },
  {
   "column_name": "ydkf-mpxb.CrossStreetName.txt",
   "semantic_types": [
    {
     "semantic_type": "street",
     "count": 181403
    }
   ]
  },
  {
   "column_name": "ytjm-yias.CORE_SUBJECT___MS_CORE_and__09_12_ONLY_.txt",
   "semantic_types": [
    {
     "semantic_type": "study_area",
     "count": 502
    }
   ]
  }
 ]
}