[{"predicted_types": ["lat_lon_cord", "street_name", null, "person_name", "neighborhood", "business_name", "address"]}, {"column_name": "DBA", "semantic_types": [{"semantic_type": "lat_lon_cord", "label": "string", "count": 3945}, {"semantic_type": "street_name", "label": "string", "count": 1251}, {"semantic_type": null, "label": "string", "count": 7660}, {"semantic_type": "person_name", "label": "string", "count": 2039}, {"semantic_type": "neighborhood", "label": "string", "count": 2432}, {"semantic_type": "business_name", "label": "string", "count": 6900}, {"semantic_type": "address", "label": "string", "count": 159}]}]