[{"predicted_types": ["lat_lon_cord", "street_name", null, "person_name", "neighborhood", "business_name", "address"]}, {"column_name": "PERSON_LAST_NAME", "semantic_types": [{"semantic_type": "lat_lon_cord", "label": "string", "count": 29}, {"semantic_type": "street_name", "label": "string", "count": 671}, {"semantic_type": null, "label": "string", "count": 590}, {"semantic_type": "person_name", "label": "string", "count": 8526}, {"semantic_type": "neighborhood", "label": "string", "count": 41739}, {"semantic_type": "business_name", "label": "string", "count": 333}, {"semantic_type": "address", "label": "string", "count": 12}]}]