[{"predicted_types": ["lat_lon_cord", "street_name", null, "person_name", "neighborhood", "business_name"]}, {"column_name": "PERSON_FIRST_NAME", "semantic_types": [{"semantic_type": "lat_lon_cord", "label": "string", "count": 6}, {"semantic_type": "street_name", "label": "string", "count": 189}, {"semantic_type": null, "label": "string", "count": 164}, {"semantic_type": "person_name", "label": "string", "count": 2788}, {"semantic_type": "neighborhood", "label": "string", "count": 47923}, {"semantic_type": "business_name", "label": "string", "count": 4}]}]