[{"predicted_types": ["lat_lon_cord", "street_name", null, "person_name", "neighborhood", "business_name"]}, {"column_name": "DBA", "semantic_types": [{"semantic_type": "lat_lon_cord", "label": "string", "count": 79}, {"semantic_type": "street_name", "label": "string", "count": 332}, {"semantic_type": null, "label": "string", "count": 1868}, {"semantic_type": "person_name", "label": "string", "count": 632}, {"semantic_type": "neighborhood", "label": "string", "count": 807}, {"semantic_type": "business_name", "label": "string", "count": 1760}]}]