[{"predicted_types": ["lat_lon_cord", "street_name", null, "person_name", "neighborhood", "business_name"]}, {"column_name": "Project_School_Name", "semantic_types": [{"semantic_type": "lat_lon_cord", "label": "string", "count": 8146}, {"semantic_type": "street_name", "label": "string", "count": 1740}, {"semantic_type": null, "label": "string", "count": 449}, {"semantic_type": "person_name", "label": "string", "count": 145}, {"semantic_type": "neighborhood", "label": "string", "count": 284}, {"semantic_type": "business_name", "label": "string", "count": 28}]}]