[{"predicted_types": ["lat_lon_cord", "street_name", null, "person_name", "neighborhood", "business_name", "address"]}, {"column_name": "STREET", "semantic_types": [{"semantic_type": "lat_lon_cord", "label": "string", "count": 195971}, {"semantic_type": "street_name", "label": "string", "count": 748727}, {"semantic_type": null, "label": "string", "count": 638202}, {"semantic_type": "person_name", "label": "string", "count": 64010}, {"semantic_type": "neighborhood", "label": "string", "count": 386599}, {"semantic_type": "business_name", "label": "string", "count": 32553}, {"semantic_type": "address", "label": "string", "count": 634}]}]