[{"predicted_types": ["lat_lon_cord", "street_name", null, "person_name", "neighborhood", "business_name", "address"]}, {"column_name": "School_Name", "semantic_types": [{"semantic_type": "lat_lon_cord", "label": "string", "count": 3941}, {"semantic_type": "street_name", "label": "string", "count": 4148}, {"semantic_type": null, "label": "string", "count": 428}, {"semantic_type": "person_name", "label": "string", "count": 1770592}, {"semantic_type": "neighborhood", "label": "string", "count": 4001}, {"semantic_type": "business_name", "label": "string", "count": 16}, {"semantic_type": "address", "label": "string", "count": 5}]}]