[{"predicted_types": ["lat_lon_cord", "street_name", null, "person_name", "neighborhood", "business_name", "address"]}, {"column_name": "Street_Name", "semantic_types": [{"semantic_type": "lat_lon_cord", "label": "string", "count": 197528}, {"semantic_type": "street_name", "label": "string", "count": 573305}, {"semantic_type": null, "label": "string", "count": 431945}, {"semantic_type": "person_name", "label": "string", "count": 31228}, {"semantic_type": "neighborhood", "label": "string", "count": 152475}, {"semantic_type": "business_name", "label": "string", "count": 11748}, {"semantic_type": "address", "label": "string", "count": 2557}]}]