[{"predicted_types": ["lat_lon_cord", "street_name", null, "person_name", "neighborhood", "business_name", "address"]}, {"column_name": "Cross_Street_2", "semantic_types": [{"semantic_type": "lat_lon_cord", "label": "string", "count": 246900}, {"semantic_type": "street_name", "label": "string", "count": 596125}, {"semantic_type": null, "label": "string", "count": 287767}, {"semantic_type": "person_name", "label": "string", "count": 40609}, {"semantic_type": "neighborhood", "label": "string", "count": 208738}, {"semantic_type": "business_name", "label": "string", "count": 7199}, {"semantic_type": "address", "label": "string", "count": 1749}]}]