[{"predicted_types": ["lat_lon_cord", "street_name", null, "person_name", "neighborhood", "business_name", "address"]}, {"column_name": "DBA", "semantic_types": [{"semantic_type": "lat_lon_cord", "label": "string", "count": 7085}, {"semantic_type": "street_name", "label": "string", "count": 76076}, {"semantic_type": null, "label": "string", "count": 93961}, {"semantic_type": "person_name", "label": "string", "count": 143398}, {"semantic_type": "neighborhood", "label": "string", "count": 61502}, {"semantic_type": "business_name", "label": "string", "count": 7246}, {"semantic_type": "address", "label": "string", "count": 2253}]}]