[{"predicted_types": ["lat_lon_cord", "street_name", null, "person_name", "neighborhood", "business_name", "address"]}, {"column_name": "CrossStreet2", "semantic_types": [{"semantic_type": "lat_lon_cord", "label": "string", "count": 3908}, {"semantic_type": "street_name", "label": "string", "count": 15770}, {"semantic_type": null, "label": "string", "count": 10938}, {"semantic_type": "person_name", "label": "string", "count": 1231}, {"semantic_type": "neighborhood", "label": "string", "count": 7770}, {"semantic_type": "business_name", "label": "string", "count": 535}, {"semantic_type": "address", "label": "string", "count": 20}]}]