[{"predicted_types": ["lat_lon_cord", "street_name", null, "person_name", "neighborhood", "business_name", "address"]}, {"column_name": "Owner_Last_Name", "semantic_types": [{"semantic_type": "lat_lon_cord", "label": "string", "count": 36}, {"semantic_type": "street_name", "label": "string", "count": 1081}, {"semantic_type": null, "label": "string", "count": 2269}, {"semantic_type": "person_name", "label": "string", "count": 37595}, {"semantic_type": "neighborhood", "label": "string", "count": 158942}, {"semantic_type": "business_name", "label": "string", "count": 745}, {"semantic_type": "address", "label": "string", "count": 11}]}]