[{"predicted_types": ["lat_lon_cord", "street_name", null, "phone_number", "person_name", "neighborhood", "business_name", "address"]}, {"column_name": "Owner_First_Name", "semantic_types": [{"semantic_type": "lat_lon_cord", "label": "string", "count": 263}, {"semantic_type": "street_name", "label": "string", "count": 1669}, {"semantic_type": null, "label": "string", "count": 1073}, {"semantic_type": "phone_number", "label": "string", "count": 8}, {"semantic_type": "person_name", "label": "string", "count": 12832}, {"semantic_type": "neighborhood", "label": "string", "count": 184752}, {"semantic_type": "business_name", "label": "string", "count": 27}, {"semantic_type": "address", "label": "string", "count": 54}]}]