[{"predicted_types": ["lat_lon_cord", "street_name", null, "person_name", "neighborhood", "business_name"]}, {"column_name": "PREM_TYP_DESC", "semantic_types": [{"semantic_type": "lat_lon_cord", "label": "string", "count": 50560}, {"semantic_type": "street_name", "label": "string", "count": 6709}, {"semantic_type": null, "label": "string", "count": 35018}, {"semantic_type": "person_name", "label": "string", "count": 46033}, {"semantic_type": "neighborhood", "label": "string", "count": 82661}, {"semantic_type": "business_name", "label": "string", "count": 423}]}]