[{"predicted_types": ["lat_lon_cord", "street_name", null, "person_name", "neighborhood", "business_name"]}, {"column_name": "FirstName", "semantic_types": [{"semantic_type": "lat_lon_cord", "label": "string", "count": 2}, {"semantic_type": "street_name", "label": "string", "count": 25}, {"semantic_type": null, "label": "string", "count": 111}, {"semantic_type": "person_name", "label": "string", "count": 670}, {"semantic_type": "neighborhood", "label": "string", "count": 9323}, {"semantic_type": "business_name", "label": "string", "count": 1}]}]