[{"predicted_types": ["lat_lon_cord", "street_name", null, "person_name", "neighborhood", "business_name"]}, {"column_name": "parkname", "semantic_types": [{"semantic_type": "lat_lon_cord", "label": "string", "count": 13}, {"semantic_type": "street_name", "label": "string", "count": 197}, {"semantic_type": null, "label": "string", "count": 105}, {"semantic_type": "person_name", "label": "string", "count": 35}, {"semantic_type": "neighborhood", "label": "string", "count": 866}, {"semantic_type": "business_name", "label": "string", "count": 2}]}]