[{"predicted_types": ["lat_lon_cord", "street_name", null, "person_name", "neighborhood", "business_name"]}, {"column_name": "Agency_ID", "semantic_types": [{"semantic_type": "lat_lon_cord", "label": "string", "count": 5}, {"semantic_type": "street_name", "label": "string", "count": 232}, {"semantic_type": null, "label": "string", "count": 183}, {"semantic_type": "person_name", "label": "string", "count": 93}, {"semantic_type": "neighborhood", "label": "string", "count": 50}, {"semantic_type": "business_name", "label": "string", "count": 35}]}]