[{"predicted_types": ["lat_lon_cord", "street_name", null, "person_name", "neighborhood", "address"]}, {"column_name": "EMPCITY", "semantic_types": [{"semantic_type": "lat_lon_cord", "label": "string", "count": 169}, {"semantic_type": "street_name", "label": "string", "count": 2322}, {"semantic_type": null, "label": "string", "count": 200}, {"semantic_type": "person_name", "label": "string", "count": 812}, {"semantic_type": "neighborhood", "label": "string", "count": 108696}, {"semantic_type": "address", "label": "string", "count": 1}]}]