[{"predicted_types": ["lat_lon_cord", "street_name", null, "person_name", "neighborhood", "business_name", "address"]}, {"column_name": "DBA", "semantic_types": [{"semantic_type": "lat_lon_cord", "label": "string", "count": 170}, {"semantic_type": "street_name", "label": "string", "count": 1001}, {"semantic_type": null, "label": "string", "count": 1201}, {"semantic_type": "person_name", "label": "string", "count": 1725}, {"semantic_type": "neighborhood", "label": "string", "count": 897}, {"semantic_type": "business_name", "label": "string", "count": 171}, {"semantic_type": "address", "label": "string", "count": 60}]}]