[{"predicted_types": ["lat_lon_cord", "street_name", null, "person_name", "neighborhood", "business_name", "address"]}, {"column_name": "Cross_Street_2", "semantic_types": [{"semantic_type": "lat_lon_cord", "label": "string", "count": 234028}, {"semantic_type": "street_name", "label": "string", "count": 596902}, {"semantic_type": null, "label": "string", "count": 297147}, {"semantic_type": "person_name", "label": "string", "count": 39446}, {"semantic_type": "neighborhood", "label": "string", "count": 226206}, {"semantic_type": "business_name", "label": "string", "count": 8956}, {"semantic_type": "address", "label": "string", "count": 1888}]}]