[{"predicted_types": ["lat_lon_cord", "street_name", null, "person_name", "neighborhood", "business_name", "address"]}, {"column_name": "Intersection_Street_2", "semantic_types": [{"semantic_type": "lat_lon_cord", "label": "string", "count": 35542}, {"semantic_type": "street_name", "label": "string", "count": 147166}, {"semantic_type": null, "label": "string", "count": 83082}, {"semantic_type": "person_name", "label": "string", "count": 9079}, {"semantic_type": "neighborhood", "label": "string", "count": 69749}, {"semantic_type": "business_name", "label": "string", "count": 2805}, {"semantic_type": "address", "label": "string", "count": 29838}]}]