[{"predicted_types": ["lat_lon_cord", "street_name", null, "person_name", "neighborhood", "business_name", "address"]}, {"column_name": "Park_Facility_Name", "semantic_types": [{"semantic_type": "lat_lon_cord", "label": "string", "count": 5547}, {"semantic_type": "street_name", "label": "string", "count": 4504}, {"semantic_type": null, "label": "string", "count": 339}, {"semantic_type": "person_name", "label": "string", "count": 1868144}, {"semantic_type": "neighborhood", "label": "string", "count": 3866}, {"semantic_type": "business_name", "label": "string", "count": 1}, {"semantic_type": "address", "label": "string", "count": 2}]}]