[{"predicted_types": ["lat_lon_cord", "street_name", null, "person_name", "neighborhood", "business_name"]}, {"column_name": "EMPCITY", "semantic_types": [{"semantic_type": "lat_lon_cord", "label": "string", "count": 16}, {"semantic_type": "street_name", "label": "string", "count": 3890}, {"semantic_type": null, "label": "string", "count": 184}, {"semantic_type": "person_name", "label": "string", "count": 740}, {"semantic_type": "neighborhood", "label": "string", "count": 88001}, {"semantic_type": "business_name", "label": "string", "count": 1}]}]