[{"predicted_types": ["lat_lon_cord", "street_name", null, "person_name", "neighborhood", "business_name", "address"]}, {"column_name": "CrossStreet2", "semantic_types": [{"semantic_type": "lat_lon_cord", "label": "string", "count": 72989}, {"semantic_type": "street_name", "label": "string", "count": 243118}, {"semantic_type": null, "label": "string", "count": 104170}, {"semantic_type": "person_name", "label": "string", "count": 11639}, {"semantic_type": "neighborhood", "label": "string", "count": 67897}, {"semantic_type": "business_name", "label": "string", "count": 2282}, {"semantic_type": "address", "label": "string", "count": 211}]}]