[{"predicted_types": ["lat_lon_cord", "street_name", null, "person_name", "neighborhood", "address"]}, {"column_name": "DVV_MAKE", "semantic_types": [{"semantic_type": "lat_lon_cord", "label": "string", "count": 867}, {"semantic_type": "street_name", "label": "string", "count": 4}, {"semantic_type": null, "label": "string", "count": 3}, {"semantic_type": "person_name", "label": "string", "count": 39}, {"semantic_type": "neighborhood", "label": "string", "count": 687849}, {"semantic_type": "address", "label": "string", "count": 1}]}]