[{"predicted_types": ["lat_lon_cord", "street_name", null, "person_name", "neighborhood", "business_name", "address"]}, {"column_name": "STREET", "semantic_types": [{"semantic_type": "lat_lon_cord", "label": "string", "count": 9103}, {"semantic_type": "street_name", "label": "string", "count": 31916}, {"semantic_type": null, "label": "string", "count": 31656}, {"semantic_type": "person_name", "label": "string", "count": 7305}, {"semantic_type": "neighborhood", "label": "string", "count": 17587}, {"semantic_type": "business_name", "label": "string", "count": 9720}, {"semantic_type": "address", "label": "string", "count": 25}]}]