[{"predicted_types": ["lat_lon_cord", "street_name", null, "person_name", "neighborhood", "business_name"]}, {"column_name": "Site_Safety_Mgr_s_Last_Name", "semantic_types": [{"semantic_type": "lat_lon_cord", "label": "string", "count": 22}, {"semantic_type": "street_name", "label": "string", "count": 82}, {"semantic_type": null, "label": "string", "count": 114}, {"semantic_type": "person_name", "label": "string", "count": 1800}, {"semantic_type": "neighborhood", "label": "string", "count": 8836}, {"semantic_type": "business_name", "label": "string", "count": 2}]}]