[{"predicted_types": ["lat_lon_cord", "street_name", null, "person_name", "phone_number", "neighborhood", "business_name", "address"]}, {"column_name": "Owner_s_House_City", "semantic_types": [{"semantic_type": "lat_lon_cord", "label": "string", "count": 39564}, {"semantic_type": "street_name", "label": "string", "count": 86099}, {"semantic_type": null, "label": "string", "count": 5037}, {"semantic_type": "person_name", "label": "string", "count": 17323}, {"semantic_type": "phone_number", "label": "string", "count": 6}, {"semantic_type": "neighborhood", "label": "string", "count": 2123419}, {"semantic_type": "business_name", "label": "string", "count": 6}, {"semantic_type": "address", "label": "string", "count": 37}]}]