[{"predicted_types": ["lat_lon_cord", "street_name", null, "person_name", "neighborhood", "business_name", "address"]}, {"column_name": "Vendor_DBA", "semantic_types": [{"semantic_type": "lat_lon_cord", "label": "string", "count": 32}, {"semantic_type": "street_name", "label": "string", "count": 142}, {"semantic_type": null, "label": "string", "count": 383}, {"semantic_type": "person_name", "label": "string", "count": 263}, {"semantic_type": "neighborhood", "label": "string", "count": 127}, {"semantic_type": "business_name", "label": "string", "count": 217}, {"semantic_type": "address", "label": "string", "count": 2}]}]