[{"predicted_types": ["lat_lon_cord", "street_name", null, "phone_number", "person_name", "address"]}, {"column_name": "Address1", "semantic_types": [{"semantic_type": "lat_lon_cord", "label": "string", "count": 3442}, {"semantic_type": "street_name", "label": "string", "count": 71}, {"semantic_type": null, "label": "string", "count": 13}, {"semantic_type": "phone_number", "label": "string", "count": 1}, {"semantic_type": "person_name", "label": "string", "count": 1}, {"semantic_type": "address", "label": "string", "count": 5836}]}]