[{"predicted_types": ["lat_lon_cord", "street_name", null, "person_name", "phone_number", "neighborhood", "business_name"]}, {"column_name": "Website", "semantic_types": [{"semantic_type": "lat_lon_cord", "label": "string", "count": 5860}, {"semantic_type": "street_name", "label": "string", "count": 13}, {"semantic_type": null, "label": "string", "count": 37}, {"semantic_type": "person_name", "label": "string", "count": 707}, {"semantic_type": "phone_number", "label": "string", "count": 2}, {"semantic_type": "neighborhood", "label": "string", "count": 15}, {"semantic_type": "business_name", "label": "string", "count": 19}]}]