[{"predicted_types": ["lat_lon_cord", "street_name", null, "person_name", "neighborhood", "business_name"]}, {"column_name": "School_Name", "semantic_types": [{"semantic_type": "lat_lon_cord", "label": "string", "count": 567}, {"semantic_type": "street_name", "label": "string", "count": 493}, {"semantic_type": null, "label": "string", "count": 78}, {"semantic_type": "person_name", "label": "string", "count": 11}, {"semantic_type": "neighborhood", "label": "string", "count": 399}, {"semantic_type": "business_name", "label": "string", "count": 5}]}]