[{"predicted_types": ["lat_lon_cord", "street_name", null, "person_name", "neighborhood", "business_name", "address"]}, {"column_name": "School_Name", "semantic_types": [{"semantic_type": "lat_lon_cord", "label": "string", "count": 551}, {"semantic_type": "street_name", "label": "string", "count": 542}, {"semantic_type": null, "label": "string", "count": 74}, {"semantic_type": "person_name", "label": "string", "count": 10}, {"semantic_type": "neighborhood", "label": "string", "count": 434}, {"semantic_type": "business_name", "label": "string", "count": 5}, {"semantic_type": "address", "label": "string", "count": 1}]}]