[{"predicted_types": ["lat_lon_cord", "street_name", null, "person_name", "neighborhood", "business_name", "address"]}, {"column_name": "STREET_NAME", "semantic_types": [{"semantic_type": "lat_lon_cord", "label": "string", "count": 13650}, {"semantic_type": "street_name", "label": "string", "count": 40114}, {"semantic_type": null, "label": "string", "count": 44468}, {"semantic_type": "person_name", "label": "string", "count": 3745}, {"semantic_type": "neighborhood", "label": "string", "count": 17483}, {"semantic_type": "business_name", "label": "string", "count": 1816}, {"semantic_type": "address", "label": "string", "count": 19}]}]