[{"predicted_types": ["lat_lon_cord", "street_name", null, "person_name", "neighborhood", "business_name", "address"]}, {"column_name": "Landmark", "semantic_types": [{"semantic_type": "lat_lon_cord", "label": "string", "count": 44109}, {"semantic_type": "street_name", "label": "string", "count": 123018}, {"semantic_type": null, "label": "string", "count": 97396}, {"semantic_type": "person_name", "label": "string", "count": 6966}, {"semantic_type": "neighborhood", "label": "string", "count": 35547}, {"semantic_type": "business_name", "label": "string", "count": 2975}, {"semantic_type": "address", "label": "string", "count": 104}]}]