[{"predicted_types": ["lat_lon_cord", "street_name", null, "person_name", "neighborhood", "business_name", "address"]}, {"column_name": "Park_Facility_Name", "semantic_types": [{"semantic_type": "lat_lon_cord", "label": "string", "count": 17444}, {"semantic_type": "street_name", "label": "string", "count": 44272}, {"semantic_type": null, "label": "string", "count": 7041}, {"semantic_type": "person_name", "label": "string", "count": 21436223}, {"semantic_type": "neighborhood", "label": "string", "count": 62365}, {"semantic_type": "business_name", "label": "string", "count": 164}, {"semantic_type": "address", "label": "string", "count": 93}]}]