[{"predicted_types": ["lat_lon_cord", "street_name", null, "person_name", "neighborhood", "business_name"]}, {"column_name": "BusinessCity", "semantic_types": [{"semantic_type": "lat_lon_cord", "label": "string", "count": 1032}, {"semantic_type": "street_name", "label": "string", "count": 18574}, {"semantic_type": null, "label": "string", "count": 929}, {"semantic_type": "person_name", "label": "string", "count": 3406}, {"semantic_type": "neighborhood", "label": "string", "count": 525734}, {"semantic_type": "business_name", "label": "string", "count": 1}]}]