[{"predicted_types": ["lat_lon_cord", "street_name", null, "person_name", "neighborhood", "business_name", "address"]}, {"column_name": "INCIDENT_ADDRESS", "semantic_types": [{"semantic_type": "lat_lon_cord", "label": "string", "count": 9635}, {"semantic_type": "street_name", "label": "string", "count": 118}, {"semantic_type": null, "label": "string", "count": 46}, {"semantic_type": "person_name", "label": "string", "count": 5}, {"semantic_type": "neighborhood", "label": "string", "count": 27}, {"semantic_type": "business_name", "label": "string", "count": 5}, {"semantic_type": "address", "label": "string", "count": 14393}]}]