[{"predicted_types": ["lat_lon_cord", "street_name", null, "person_name", "neighborhood", "address"]}, {"column_name": "VEHICLE_TYPE_CODE_1", "semantic_types": [{"semantic_type": "lat_lon_cord", "label": "string", "count": 8}, {"semantic_type": "street_name", "label": "string", "count": 7624}, {"semantic_type": null, "label": "string", "count": 455058}, {"semantic_type": "person_name", "label": "string", "count": 765309}, {"semantic_type": "neighborhood", "label": "string", "count": 335432}, {"semantic_type": "address", "label": "string", "count": 861}]}]