[{"predicted_types": ["lat_lon_cord", "street_name", null, "person_name", "neighborhood", "address"]}, {"column_name": "VEHICLE_TYPE_CODE_3", "semantic_types": [{"semantic_type": "lat_lon_cord", "label": "string", "count": 1}, {"semantic_type": "street_name", "label": "string", "count": 178}, {"semantic_type": null, "label": "string", "count": 41880}, {"semantic_type": "person_name", "label": "string", "count": 67087}, {"semantic_type": "neighborhood", "label": "string", "count": 21472}, {"semantic_type": "address", "label": "string", "count": 42}]}]