[{"predicted_types": ["lat_lon_cord", "street_name", null, "person_name", "neighborhood", "address"]}, {"column_name": "VEHICLE_TYPE_CODE_2", "semantic_types": [{"semantic_type": "lat_lon_cord", "label": "string", "count": 12}, {"semantic_type": "street_name", "label": "string", "count": 7898}, {"semantic_type": null, "label": "string", "count": 355463}, {"semantic_type": "person_name", "label": "string", "count": 582360}, {"semantic_type": "neighborhood", "label": "string", "count": 365991}, {"semantic_type": "address", "label": "string", "count": 629}]}]