[{"predicted_types": ["lat_lon_cord", "street_name", null, "person_name", "phone_number", "neighborhood", "business_name", "address"]}, {"column_name": "Street_Name", "semantic_types": [{"semantic_type": "lat_lon_cord", "label": "string", "count": 192082}, {"semantic_type": "street_name", "label": "string", "count": 558005}, {"semantic_type": null, "label": "string", "count": 433380}, {"semantic_type": "person_name", "label": "string", "count": 31831}, {"semantic_type": "phone_number", "label": "string", "count": 2}, {"semantic_type": "neighborhood", "label": "string", "count": 155572}, {"semantic_type": "business_name", "label": "string", "count": 13113}, {"semantic_type": "address", "label": "string", "count": 1100}]}]