[{"predicted_types": ["lat_lon_cord", "street_name", null, "person_name", "neighborhood", "business_name", "address"]}, {"column_name": "Cross_Street_2", "semantic_types": [{"semantic_type": "lat_lon_cord", "label": "string", "count": 231327}, {"semantic_type": "street_name", "label": "string", "count": 580089}, {"semantic_type": null, "label": "string", "count": 294011}, {"semantic_type": "person_name", "label": "string", "count": 40085}, {"semantic_type": "neighborhood", "label": "string", "count": 220005}, {"semantic_type": "business_name", "label": "string", "count": 7707}, {"semantic_type": "address", "label": "string", "count": 1630}]}]