[{"predicted_types": ["lat_lon_cord", "street_name", null, "person_name", "neighborhood", "business_name"]}, {"column_name": "TOSTREETNAME", "semantic_types": [{"semantic_type": "lat_lon_cord", "label": "string", "count": 5364}, {"semantic_type": "street_name", "label": "string", "count": 28829}, {"semantic_type": null, "label": "string", "count": 15696}, {"semantic_type": "person_name", "label": "string", "count": 3281}, {"semantic_type": "neighborhood", "label": "string", "count": 10978}, {"semantic_type": "business_name", "label": "string", "count": 740}]}]