[{"predicted_types": ["lat_lon_cord", "street_name", null, "person_name", "neighborhood", "business_name"]}, {"column_name": "Applicant_s_First_Name", "semantic_types": [{"semantic_type": "lat_lon_cord", "label": "string", "count": 351}, {"semantic_type": "street_name", "label": "string", "count": 2086}, {"semantic_type": null, "label": "string", "count": 6215}, {"semantic_type": "person_name", "label": "string", "count": 111769}, {"semantic_type": "neighborhood", "label": "string", "count": 1577448}, {"semantic_type": "business_name", "label": "string", "count": 77}]}]