[{"predicted_types": ["lat_lon_cord", "street_name", null, "phone_number", "person_name", "neighborhood", "business_name", "address"]}, {"column_name": "address", "semantic_types": [{"semantic_type": "lat_lon_cord", "label": "string", "count": 15767}, {"semantic_type": "street_name", "label": "string", "count": 1754}, {"semantic_type": null, "label": "string", "count": 758}, {"semantic_type": "phone_number", "label": "string", "count": 6}, {"semantic_type": "person_name", "label": "string", "count": 105}, {"semantic_type": "neighborhood", "label": "string", "count": 447}, {"semantic_type": "business_name", "label": "string", "count": 22}, {"semantic_type": "address", "label": "string", "count": 17559}]}]