[{"predicted_types": ["lat_lon_cord", "street_name", null, "phone_number", "person_name", "neighborhood", "business_name", "address"]}, {"column_name": "Respondent_Address__City_", "semantic_types": [{"semantic_type": "lat_lon_cord", "label": "string", "count": 4227}, {"semantic_type": "street_name", "label": "string", "count": 217026}, {"semantic_type": null, "label": "string", "count": 7731}, {"semantic_type": "phone_number", "label": "string", "count": 2}, {"semantic_type": "person_name", "label": "string", "count": 27883}, {"semantic_type": "neighborhood", "label": "string", "count": 9454577}, {"semantic_type": "business_name", "label": "string", "count": 23}, {"semantic_type": "address", "label": "string", "count": 5}]}]