[{"predicted_types": ["lat_lon_cord", "street_name", null, "person_name", "neighborhood", "business_name", "address"]}, {"column_name": "Violation_Location__City_", "semantic_types": [{"semantic_type": "lat_lon_cord", "label": "string", "count": 118085}, {"semantic_type": "street_name", "label": "string", "count": 253298}, {"semantic_type": null, "label": "string", "count": 7196}, {"semantic_type": "person_name", "label": "string", "count": 26729}, {"semantic_type": "neighborhood", "label": "string", "count": 12941667}, {"semantic_type": "business_name", "label": "string", "count": 38}, {"semantic_type": "address", "label": "string", "count": 2}]}]