[{"predicted_types": ["lat_lon_cord", "street_name", null, "person_name", "neighborhood", "business_name"]}, {"column_name": "BOROUGH_CITY", "semantic_types": [{"semantic_type": "lat_lon_cord", "label": "string", "count": 53}, {"semantic_type": "street_name", "label": "string", "count": 1495}, {"semantic_type": null, "label": "string", "count": 106}, {"semantic_type": "person_name", "label": "string", "count": 1068}, {"semantic_type": "neighborhood", "label": "string", "count": 61076}, {"semantic_type": "business_name", "label": "string", "count": 3}]}]