[{"predicted_types": ["lat_lon_cord", "street_name", null, "person_name", "neighborhood", "business_name", "address"]}, {"column_name": "STR_NAME", "semantic_types": [{"semantic_type": "lat_lon_cord", "label": "string", "count": 181057}, {"semantic_type": "street_name", "label": "string", "count": 1077351}, {"semantic_type": null, "label": "string", "count": 1276749}, {"semantic_type": "person_name", "label": "string", "count": 78533}, {"semantic_type": "neighborhood", "label": "string", "count": 422624}, {"semantic_type": "business_name", "label": "string", "count": 62422}, {"semantic_type": "address", "label": "string", "count": 315}]}]