[{"predicted_types": ["lat_lon_cord", "street_name", null, "person_name", "neighborhood", "business_name", "address"]}, {"column_name": "StreetName", "semantic_types": [{"semantic_type": "lat_lon_cord", "label": "string", "count": 47822}, {"semantic_type": "street_name", "label": "string", "count": 118388}, {"semantic_type": null, "label": "string", "count": 119500}, {"semantic_type": "person_name", "label": "string", "count": 8065}, {"semantic_type": "neighborhood", "label": "string", "count": 30413}, {"semantic_type": "business_name", "label": "string", "count": 3595}, {"semantic_type": "address", "label": "string", "count": 35}]}]