[{"predicted_types": ["lat_lon_cord", "street_name", null, "person_name", "neighborhood", "business_name"]}, {"column_name": "EMPCITY", "semantic_types": [{"semantic_type": "lat_lon_cord", "label": "string", "count": 50}, {"semantic_type": "street_name", "label": "string", "count": 4737}, {"semantic_type": null, "label": "string", "count": 302}, {"semantic_type": "person_name", "label": "string", "count": 1199}, {"semantic_type": "neighborhood", "label": "string", "count": 124229}, {"semantic_type": "business_name", "label": "string", "count": 2}]}]