[{"predicted_types": ["lat_lon_cord", "street_name", null, "person_name", "neighborhood", "business_name"]}, {"column_name": "Name__Last__First_", "semantic_types": [{"semantic_type": "lat_lon_cord", "label": "string", "count": 15}, {"semantic_type": "street_name", "label": "string", "count": 1396}, {"semantic_type": null, "label": "string", "count": 1600}, {"semantic_type": "person_name", "label": "string", "count": 3471}, {"semantic_type": "neighborhood", "label": "string", "count": 16}, {"semantic_type": "business_name", "label": "string", "count": 4}]}]