[{"predicted_types": ["lat_lon_cord", "street_name", null, "person_name", "phone_number", "neighborhood", "business_name", "address"]}, {"column_name": "COMPLAINT_INQUIRY_STREET_ADDRESS", "semantic_types": [{"semantic_type": "lat_lon_cord", "label": "string", "count": 3089}, {"semantic_type": "street_name", "label": "string", "count": 325}, {"semantic_type": null, "label": "string", "count": 53}, {"semantic_type": "person_name", "label": "string", "count": 33}, {"semantic_type": "phone_number", "label": "string", "count": 10}, {"semantic_type": "neighborhood", "label": "string", "count": 208}, {"semantic_type": "business_name", "label": "string", "count": 10}, {"semantic_type": "address", "label": "string", "count": 1932}]}]