[{"predicted_types": ["lat_lon_cord", "street_name", null, "phone_number", "person_name", "neighborhood", "address"]}, {"column_name": "HOUSE_NUMBER", "semantic_types": [{"semantic_type": "lat_lon_cord", "label": "string", "count": 1508403}, {"semantic_type": "street_name", "label": "string", "count": 3}, {"semantic_type": null, "label": "string", "count": 11}, {"semantic_type": "phone_number", "label": "string", "count": 52}, {"semantic_type": "person_name", "label": "string", "count": 5}, {"semantic_type": "neighborhood", "label": "string", "count": 234379}, {"semantic_type": "address", "label": "string", "count": 3}]}]