[{"predicted_types": ["lat_lon_cord", "street_name", null, "person_name", "neighborhood", "business_name", "address"]}, {"column_name": "STREET_NAME", "semantic_types": [{"semantic_type": "lat_lon_cord", "label": "string", "count": 258915}, {"semantic_type": "street_name", "label": "string", "count": 670039}, {"semantic_type": null, "label": "string", "count": 579728}, {"semantic_type": "person_name", "label": "string", "count": 54736}, {"semantic_type": "neighborhood", "label": "string", "count": 189535}, {"semantic_type": "business_name", "label": "string", "count": 19655}, {"semantic_type": "address", "label": "string", "count": 381}]}]