[{"predicted_types": ["lat_lon_cord", "street_name", null, "person_name", "neighborhood", "business_name", "address"]}, {"column_name": "School_Name", "semantic_types": [{"semantic_type": "lat_lon_cord", "label": "string", "count": 1115}, {"semantic_type": "street_name", "label": "string", "count": 1034}, {"semantic_type": null, "label": "string", "count": 341}, {"semantic_type": "person_name", "label": "string", "count": 161}, {"semantic_type": "neighborhood", "label": "string", "count": 486}, {"semantic_type": "business_name", "label": "string", "count": 111}, {"semantic_type": "address", "label": "string", "count": 5}]}]