[{"predicted_types": ["lat_lon_cord", "street_name", null, "person_name", "neighborhood", "business_name"]}, {"column_name": "SCHOOL_NAME", "semantic_types": [{"semantic_type": "lat_lon_cord", "label": "string", "count": 14003}, {"semantic_type": "street_name", "label": "string", "count": 3239}, {"semantic_type": null, "label": "string", "count": 435}, {"semantic_type": "person_name", "label": "string", "count": 104}, {"semantic_type": "neighborhood", "label": "string", "count": 12389}, {"semantic_type": "business_name", "label": "string", "count": 23}]}]