[{"predicted_types": ["lat_lon_cord", "street_name", null, "phone_number", "person_name", "neighborhood", "business_name", "address"]}, {"column_name": "StreetAddress", "semantic_types": [{"semantic_type": "lat_lon_cord", "label": "string", "count": 3970}, {"semantic_type": "street_name", "label": "string", "count": 80}, {"semantic_type": null, "label": "string", "count": 16}, {"semantic_type": "phone_number", "label": "string", "count": 4}, {"semantic_type": "person_name", "label": "string", "count": 2}, {"semantic_type": "neighborhood", "label": "string", "count": 11}, {"semantic_type": "business_name", "label": "string", "count": 1}, {"semantic_type": "address", "label": "string", "count": 4092}]}]