[{"predicted_types": ["lat_lon_cord", "street_name", null, "person_name", "neighborhood", "business_name", "address"]}, {"column_name": "Address1", "semantic_types": [{"semantic_type": "lat_lon_cord", "label": "string", "count": 603}, {"semantic_type": "street_name", "label": "string", "count": 13}, {"semantic_type": null, "label": "string", "count": 7}, {"semantic_type": "person_name", "label": "string", "count": 1}, {"semantic_type": "neighborhood", "label": "string", "count": 3}, {"semantic_type": "business_name", "label": "string", "count": 3}, {"semantic_type": "address", "label": "string", "count": 443}]}]