[{"predicted_types": ["lat_lon_cord", "street_name", null, "person_name", "neighborhood", "business_name", "address"]}, {"column_name": "BUSINESS_NAME2", "semantic_types": [{"semantic_type": "lat_lon_cord", "label": "string", "count": 19}, {"semantic_type": "street_name", "label": "string", "count": 192}, {"semantic_type": null, "label": "string", "count": 223}, {"semantic_type": "person_name", "label": "string", "count": 321}, {"semantic_type": "neighborhood", "label": "string", "count": 266}, {"semantic_type": "business_name", "label": "string", "count": 13}, {"semantic_type": "address", "label": "string", "count": 4}]}]