[{"predicted_types": ["lat_lon_cord", "street_name", null, "person_name", "neighborhood", "business_name"]}, {"column_name": "PREM_TYP_DESC", "semantic_types": [{"semantic_type": "lat_lon_cord", "label": "string", "count": 1363609}, {"semantic_type": "street_name", "label": "string", "count": 214610}, {"semantic_type": null, "label": "string", "count": 987732}, {"semantic_type": "person_name", "label": "string", "count": 1227720}, {"semantic_type": "neighborhood", "label": "string", "count": 2655798}, {"semantic_type": "business_name", "label": "string", "count": 11127}]}]