[{"predicted_types": ["lat_lon_cord", "street_name", null, "person_name", "neighborhood", "address"]}, {"column_name": "Applicant_Business_Address", "semantic_types": [{"semantic_type": "lat_lon_cord", "label": "string", "count": 12525}, {"semantic_type": "street_name", "label": "string", "count": 9}, {"semantic_type": null, "label": "string", "count": 9}, {"semantic_type": "person_name", "label": "string", "count": 1}, {"semantic_type": "neighborhood", "label": "string", "count": 40}, {"semantic_type": "address", "label": "string", "count": 11266}]}]