[{"predicted_types": ["lat_lon_cord", "street_name", null, "person_name", "phone_number", "neighborhood", "business_name", "address"]}, {"column_name": "Street_Name", "semantic_types": [{"semantic_type": "lat_lon_cord", "label": "string", "count": 129853}, {"semantic_type": "street_name", "label": "string", "count": 367543}, {"semantic_type": null, "label": "string", "count": 305948}, {"semantic_type": "person_name", "label": "string", "count": 22721}, {"semantic_type": "phone_number", "label": "string", "count": 1}, {"semantic_type": "neighborhood", "label": "string", "count": 103192}, {"semantic_type": "business_name", "label": "string", "count": 9732}, {"semantic_type": "address", "label": "string", "count": 742}]}]