[{"predicted_types": ["lat_lon_cord", "street_name", null, "person_name", "neighborhood", "business_name", "address"]}, {"column_name": "Park_Site_Name", "semantic_types": [{"semantic_type": "lat_lon_cord", "label": "string", "count": 27}, {"semantic_type": "street_name", "label": "string", "count": 170}, {"semantic_type": null, "label": "string", "count": 32}, {"semantic_type": "person_name", "label": "string", "count": 58}, {"semantic_type": "neighborhood", "label": "string", "count": 244}, {"semantic_type": "business_name", "label": "string", "count": 2}, {"semantic_type": "address", "label": "string", "count": 11}]}]