[{"predicted_types": ["lat_lon_cord", "street_name", null, "person_name", "neighborhood", "business_name"]}, {"column_name": "SCHOOL_NAME", "semantic_types": [{"semantic_type": "lat_lon_cord", "label": "string", "count": 14411}, {"semantic_type": "street_name", "label": "string", "count": 3362}, {"semantic_type": null, "label": "string", "count": 415}, {"semantic_type": "person_name", "label": "string", "count": 103}, {"semantic_type": "neighborhood", "label": "string", "count": 13124}, {"semantic_type": "business_name", "label": "string", "count": 34}]}]