[{"predicted_types": ["lat_lon_cord", "street_name", null, "person_name", "neighborhood", "business_name"]}, {"column_name": "First_Name", "semantic_types": [{"semantic_type": "lat_lon_cord", "label": "string", "count": 5}, {"semantic_type": "street_name", "label": "string", "count": 130}, {"semantic_type": null, "label": "string", "count": 93}, {"semantic_type": "person_name", "label": "string", "count": 6137}, {"semantic_type": "neighborhood", "label": "string", "count": 77886}, {"semantic_type": "business_name", "label": "string", "count": 2}]}]