[{"predicted_types": ["lat_lon_cord", "street_name", null, "person_name", "neighborhood", "business_name", "address"]}, {"column_name": "BusinessName", "semantic_types": [{"semantic_type": "lat_lon_cord", "label": "string", "count": 507}, {"semantic_type": "street_name", "label": "string", "count": 5726}, {"semantic_type": null, "label": "string", "count": 7463}, {"semantic_type": "person_name", "label": "string", "count": 13830}, {"semantic_type": "neighborhood", "label": "string", "count": 7708}, {"semantic_type": "business_name", "label": "string", "count": 536}, {"semantic_type": "address", "label": "string", "count": 279}]}]