[{"predicted_types": ["lat_lon_cord", "street_name", null, "person_name", "neighborhood", "business_name", "address"]}, {"column_name": "School_Name", "semantic_types": [{"semantic_type": "lat_lon_cord", "label": "string", "count": 1109}, {"semantic_type": "street_name", "label": "string", "count": 1050}, {"semantic_type": null, "label": "string", "count": 338}, {"semantic_type": "person_name", "label": "string", "count": 166}, {"semantic_type": "neighborhood", "label": "string", "count": 474}, {"semantic_type": "business_name", "label": "string", "count": 112}, {"semantic_type": "address", "label": "string", "count": 4}]}]