[{"predicted_types": ["lat_lon_cord", "street_name", null, "person_name", "neighborhood", "business_name", "address"]}, {"column_name": "FromStreetName", "semantic_types": [{"semantic_type": "lat_lon_cord", "label": "string", "count": 1037206}, {"semantic_type": "street_name", "label": "string", "count": 3110580}, {"semantic_type": null, "label": "string", "count": 2651268}, {"semantic_type": "person_name", "label": "string", "count": 244535}, {"semantic_type": "neighborhood", "label": "string", "count": 1861384}, {"semantic_type": "business_name", "label": "string", "count": 118285}, {"semantic_type": "address", "label": "string", "count": 4971}]}]