[{"predicted_types": ["lat_lon_cord", "street_name", null, "person_name", "neighborhood", "business_name", "address"]}, {"column_name": "StreetName", "semantic_types": [{"semantic_type": "lat_lon_cord", "label": "string", "count": 257219}, {"semantic_type": "street_name", "label": "string", "count": 823402}, {"semantic_type": null, "label": "string", "count": 504376}, {"semantic_type": "person_name", "label": "string", "count": 36524}, {"semantic_type": "neighborhood", "label": "string", "count": 189449}, {"semantic_type": "business_name", "label": "string", "count": 12192}, {"semantic_type": "address", "label": "string", "count": 25}]}]