[{"predicted_types": ["lat_lon_cord", "street_name", null, "person_name", "neighborhood", "business_name", "address"]}, {"column_name": "Street_Name", "semantic_types": [{"semantic_type": "lat_lon_cord", "label": "string", "count": 205029}, {"semantic_type": "street_name", "label": "string", "count": 583395}, {"semantic_type": null, "label": "string", "count": 459930}, {"semantic_type": "person_name", "label": "string", "count": 32747}, {"semantic_type": "neighborhood", "label": "string", "count": 158312}, {"semantic_type": "business_name", "label": "string", "count": 13886}, {"semantic_type": "address", "label": "string", "count": 1714}]}]