[{"predicted_types": ["lat_lon_cord", "street_name", null, "person_name", "neighborhood", "business_name", "address"]}, {"column_name": "Park_Facility_Name", "semantic_types": [{"semantic_type": "lat_lon_cord", "label": "string", "count": 5665}, {"semantic_type": "street_name", "label": "string", "count": 4839}, {"semantic_type": null, "label": "string", "count": 446}, {"semantic_type": "person_name", "label": "string", "count": 1859742}, {"semantic_type": "neighborhood", "label": "string", "count": 3991}, {"semantic_type": "business_name", "label": "string", "count": 6}, {"semantic_type": "address", "label": "string", "count": 2}]}]