[{"predicted_types": ["lat_lon_cord", "street_name", null, "person_name", "neighborhood", "business_name"]}, {"column_name": "Filing_Representative_First_Name", "semantic_types": [{"semantic_type": "lat_lon_cord", "label": "string", "count": 1}, {"semantic_type": "street_name", "label": "string", "count": 209}, {"semantic_type": null, "label": "string", "count": 1699}, {"semantic_type": "person_name", "label": "string", "count": 3558}, {"semantic_type": "neighborhood", "label": "string", "count": 37222}, {"semantic_type": "business_name", "label": "string", "count": 28}]}]