[{"predicted_types": ["lat_lon_cord", "street_name", null, "person_name", "neighborhood", "business_name", "address"]}, {"column_name": "Owner_s_Business_Name", "semantic_types": [{"semantic_type": "lat_lon_cord", "label": "string", "count": 9676}, {"semantic_type": "street_name", "label": "string", "count": 2604}, {"semantic_type": null, "label": "string", "count": 7975}, {"semantic_type": "person_name", "label": "string", "count": 9378}, {"semantic_type": "neighborhood", "label": "string", "count": 858}, {"semantic_type": "business_name", "label": "string", "count": 18883}, {"semantic_type": "address", "label": "string", "count": 4}]}]