[{"predicted_types": ["lat_lon_cord", "street_name", null, "person_name", "neighborhood", "business_name"]}, {"column_name": "School_Name", "semantic_types": [{"semantic_type": "lat_lon_cord", "label": "string", "count": 563}, {"semantic_type": "street_name", "label": "string", "count": 495}, {"semantic_type": null, "label": "string", "count": 76}, {"semantic_type": "person_name", "label": "string", "count": 12}, {"semantic_type": "neighborhood", "label": "string", "count": 407}, {"semantic_type": "business_name", "label": "string", "count": 4}]}]