[{"predicted_types": ["lat_lon_cord", "street_name", null, "phone_number", "person_name", "neighborhood", "business_name", "address"]}, {"column_name": "Address", "semantic_types": [{"semantic_type": "lat_lon_cord", "label": "string", "count": 7158}, {"semantic_type": "street_name", "label": "string", "count": 345}, {"semantic_type": null, "label": "string", "count": 250}, {"semantic_type": "phone_number", "label": "string", "count": 2}, {"semantic_type": "person_name", "label": "string", "count": 17}, {"semantic_type": "neighborhood", "label": "string", "count": 54}, {"semantic_type": "business_name", "label": "string", "count": 7}, {"semantic_type": "address", "label": "string", "count": 7513}]}]