[{"predicted_types": ["lat_lon_cord", "street_name", null, "person_name", "neighborhood", "business_name"]}, {"column_name": "Agency_Name", "semantic_types": [{"semantic_type": "lat_lon_cord", "label": "string", "count": 738}, {"semantic_type": "street_name", "label": "string", "count": 2214}, {"semantic_type": null, "label": "string", "count": 1599}, {"semantic_type": "person_name", "label": "string", "count": 2457}, {"semantic_type": "neighborhood", "label": "string", "count": 1722}, {"semantic_type": "business_name", "label": "string", "count": 1599}]}]