[{"predicted_types": ["lat_lon_cord", "street_name", null, "person_name", "neighborhood", "business_name", "address"]}, {"column_name": "CrossStreetName", "semantic_types": [{"semantic_type": "lat_lon_cord", "label": "string", "count": 11729}, {"semantic_type": "street_name", "label": "string", "count": 40110}, {"semantic_type": null, "label": "string", "count": 28942}, {"semantic_type": "person_name", "label": "string", "count": 41666}, {"semantic_type": "neighborhood", "label": "string", "count": 56602}, {"semantic_type": "business_name", "label": "string", "count": 1215}, {"semantic_type": "address", "label": "string", "count": 53}]}]