{"dataset_name": "/user/hm74/NYCOpenData/2232-dj5q.tsv.gz", "columns": [{"column_name": "category", "number_non_empty_cells": 176, "number_empty_cells": 9, "number_distinct_values": 18, "frequent_values": ["average monthly utilization rates - DYCD-administered transitional independent living facilities", "number of individuals who are on wait-list - DYCD-administered crisis shelters", "Average Length of Stay: DYCD -administered crisis facility", "Average Length of Stay: DHS -administered facility (by type, excluding drop-in and faith-based)", "number of unduplicated persons - DYCD-administered crisis shelters"], "dataTypes": [{"type": "TEXT", "count": 176, "shortest_values": [["Average Length of Stay: DYCD -administered crisis facility", 58], ["Average Length of Stay: DYCD -administered crisis facility", 58], ["Average Length of Stay: DYCD -administered crisis facility", 58], ["Average Length of Stay: DYCD -administered crisis facility", 58], ["Average Length of Stay: DYCD -administered crisis facility", 58]], "longest_values": [["number of individuals who are on wait-list - DYCD-administered transitional independent living facilities", 105], ["number of individuals who are on wait-list - DYCD-administered transitional independent living facilities", 105], ["number of individuals who are on wait-list - DYCD-administered transitional independent living facilities", 105], ["number of individuals who are on wait-list - DYCD-administered transitional independent living facilities", 105], ["number of individuals who are on wait-list - DYCD-administered transitional independent living facilities", 105]], "average_length": 77.33522727272722}]}, {"column_name": "single men", "number_non_empty_cells": 89, "number_empty_cells": 96, "number_distinct_values": 71, "frequent_values": [0.92, 0.91, 0.93, 0.89, 0.86], "dataTypes": [{"type": "REAL", "count": 89, "max_value": 382.0, "min_value": 0.82, "mean": 64.07000000000001, "stddev": 73.43277261810304}]}, {"column_name": "single women", "number_non_empty_cells": 44, "number_empty_cells": 141, "number_distinct_values": 41, "frequent_values": [61, 38, 27, 60, 26], "dataTypes": [{"type": "INTEGER (LONG)", "count": 44, "max_value": 345, "min_value": 9, "mean": 77.09090909090907, "stddev": 61.40988156411807}]}, {"column_name": "total single adults", "number_non_empty_cells": 44, "number_empty_cells": 141, "number_distinct_values": 39, "frequent_values": [117, 135, 77, 113, 42], "dataTypes": [{"type": "INTEGER (LONG)", "count": 44, "max_value": 727, "min_value": 31, "mean": 166.8863636363636, "stddev": 130.33195657611634}]}, {"column_name": "families with children", "number_non_empty_cells": 33, "number_empty_cells": 152, "number_distinct_values": 18, "frequent_values": [7, 5, 13, 8, 3], "dataTypes": [{"type": "INTEGER (LONG)", "count": 33, "max_value": 47, "min_value": 1, "mean": 9.515151515151516, "stddev": 8.613313205206378}]}, {"column_name": "total families", "number_non_empty_cells": 33, "number_empty_cells": 152, "number_distinct_values": 18, "frequent_values": [7, 5, 13, 8, 3], "dataTypes": [{"type": "INTEGER (LONG)", "count": 33, "max_value": 47, "min_value": 1, "mean": 9.515151515151516, "stddev": 8.613313205206378}]}, {"column_name": "total adults in families", "number_non_empty_cells": 34, "number_empty_cells": 151, "number_distinct_values": 20, "frequent_values": [7, 4, 8, 3, 6], "dataTypes": [{"type": "INTEGER (LONG)", "count": 34, "max_value": 47, "min_value": 0, "mean": 9.588235294117649, "stddev": 8.997116031585518}]}, {"column_name": "total children", "number_non_empty_cells": 54, "number_empty_cells": 131, "number_distinct_values": 38, "frequent_values": [5.0, 10.0, 3.0, 8.0, 0.95], "dataTypes": [{"type": "REAL", "count": 54, "max_value": 149.0, "min_value": 0.93, "mean": 24.45703703703704, "stddev": 28.707483192032882}]}, {"column_name": "data period", "number_non_empty_cells": 185, "number_empty_cells": 0, "number_distinct_values": 11, "frequent_values": [201908, 201906, 201905, 201907, 201812], "dataTypes": [{"type": "INTEGER (LONG)", "count": 185, "max_value": 201908, "min_value": 201810, "mean": 201880.34594594585, "stddev": 41.096712531095655}]}]}