{"dataset_name": "/user/hm74/NYCOpenData/22rr-ujq3.tsv.gz", "columns": [{"column_name": "DBN", "number_non_empty_cells": 1665, "number_empty_cells": 0, "number_distinct_values": 1665, "frequent_values": ["02M042", "02M529", "08X093", "01M064", "01M539"], "dataTypes": [{"type": "DATE/TIME", "count": 34, "max_value": "2019-12-07T00:06:52", "min_value": "2019-12-07T00:01:15"}, {"type": "TEXT", "count": 1631, "shortest_values": [["01M063", 6], ["01M064", 6], ["01M110", 6], ["01M134", 6], ["01M140", 6]], "longest_values": [["CITYWIDE", 8], ["01M063", 6], ["01M064", 6], ["01M110", 6], ["01M134", 6]], "average_length": 6.001226241569589}]}, {"column_name": "LOCATION_NAME", "number_non_empty_cells": 1664, "number_empty_cells": 1, "number_distinct_values": 1662, "frequent_values": ["P.S. 360", "P.S. 253", "P.S. 212", "P.S. 152 Gwendoline N. Alleyne School", "P.S. 185 Walter Kassenbrock"], "dataTypes": [{"type": "TEXT", "count": 1664, "shortest_values": [["LYFE", 4], ["Kappa", 5], ["P.S. 89", 7], ["Muscota", 7], ["P.S. 66", 7]], "longest_values": [["New Explorations into Science, Technology and Math", 50], ["47 The American Sign Language and English Secondar", 50], ["The Urban Assembly School for Emergency Management", 50], ["Stephen T. Mather Building Arts & Craftsmanship Hi", 50], ["James Baldwin School, The: A School for Expedition", 50]], "average_length": 27.967548076923045}]}, {"column_name": "LOCATION_CATEGORY", "number_non_empty_cells": 1664, "number_empty_cells": 1, "number_distinct_values": 11, "frequent_values": ["Elementary", "High school", "Junior High-Intermediate-Middle", "K-8", "Secondary School"], "dataTypes": [{"type": "TEXT", "count": 1664, "shortest_values": [["K-8", 3], ["K-8", 3], ["K-8", 3], ["K-8", 3], ["K-8", 3]], "longest_values": [["Junior High-Intermediate-Middle", 31], ["Junior High-Intermediate-Middle", 31], ["Junior High-Intermediate-Middle", 31], ["Junior High-Intermediate-Middle", 31], ["Junior High-Intermediate-Middle", 31]], "average_length": 13.541466346153822}]}, {"column_name": "ADMINISTRATIVE_DISTRICT", "number_non_empty_cells": 1664, "number_empty_cells": 1, "number_distinct_values": 35, "frequent_values": [2, 10, 31, 9, 11], "dataTypes": [{"type": "INTEGER (LONG)", "count": 1664, "max_value": 79, "min_value": 1, "mean": 18.318509615384627, "stddev": 14.82297767014181}]}, {"column_name": "ELL_REMOVALS", "number_non_empty_cells": 1665, "number_empty_cells": 0, "number_distinct_values": 17, "frequent_values": ["R", "6", "7", "11", "8"], "dataTypes": [{"type": "INTEGER (LONG)", "count": 48, "max_value": 1172, "min_value": 6, "mean": 35.645833333333336, "stddev": 165.89762023400323}, {"type": "TEXT", "count": 1617, "shortest_values": [["R", 1], ["R", 1], ["R", 1], ["R", 1], ["R", 1]], "longest_values": [["R", 1], ["R", 1], ["R", 1], ["R", 1], ["R", 1]], "average_length": 1.0}]}, {"column_name": "ELL_PRINCIPAL", "number_non_empty_cells": 1665, "number_empty_cells": 0, "number_distinct_values": 31, "frequent_values": ["R", "6", "8", "7", "10"], "dataTypes": [{"type": "INTEGER (LONG)", "count": 118, "max_value": 2874, "min_value": 6, "mean": 38.35593220338983, "stddev": 262.38093426962024}, {"type": "TEXT", "count": 1547, "shortest_values": [["R", 1], ["R", 1], ["R", 1], ["R", 1], ["R", 1]], "longest_values": [["R", 1], ["R", 1], ["R", 1], ["R", 1], ["R", 1]], "average_length": 1.0}]}, {"column_name": "ELL_SUPERINTENDENT", "number_non_empty_cells": 1665, "number_empty_cells": 0, "number_distinct_values": 7, "frequent_values": ["R", "6", "7", "9", "8"], "dataTypes": [{"type": "INTEGER (LONG)", "count": 18, "max_value": 834, "min_value": 6, "mean": 53.27777777777778, "stddev": 189.35938950857897}, {"type": "TEXT", "count": 1647, "shortest_values": [["R", 1], ["R", 1], ["R", 1], ["R", 1], ["R", 1]], "longest_values": [["R", 1], ["R", 1], ["R", 1], ["R", 1], ["R", 1]], "average_length": 1.0}]}, {"column_name": "ELL_EXPULSIONS", "number_non_empty_cells": 1665, "number_empty_cells": 0, "number_distinct_values": 1, "frequent_values": ["R"], "dataTypes": [{"type": "TEXT", "count": 1665, "shortest_values": [["R", 1], ["R", 1], ["R", 1], ["R", 1], ["R", 1]], "longest_values": [["R", 1], ["R", 1], ["R", 1], ["R", 1], ["R", 1]], "average_length": 1.0}]}, {"column_name": "NON-ELL_REMOVALS", "number_non_empty_cells": 1665, "number_empty_cells": 0, "number_distinct_values": 39, "frequent_values": ["R", "7", "18", "30", "34"], "dataTypes": [{"type": "INTEGER (LONG)", "count": 48, "max_value": 10165, "min_value": 6, "mean": 257.5625, "stddev": 1445.8082068842152}, {"type": "TEXT", "count": 1617, "shortest_values": [["R", 1], ["R", 1], ["R", 1], ["R", 1], ["R", 1]], "longest_values": [["R", 1], ["R", 1], ["R", 1], ["R", 1], ["R", 1]], "average_length": 1.0}]}, {"column_name": "NON-ELL_PRINCIPAL", "number_non_empty_cells": 1665, "number_empty_cells": 0, "number_distinct_values": 82, "frequent_values": ["R", "6", "52", "28", "64"], "dataTypes": [{"type": "INTEGER (LONG)", "count": 118, "max_value": 22822, "min_value": 6, "mean": 256.64406779661016, "stddev": 2086.777742810321}, {"type": "TEXT", "count": 1547, "shortest_values": [["R", 1], ["R", 1], ["R", 1], ["R", 1], ["R", 1]], "longest_values": [["R", 1], ["R", 1], ["R", 1], ["R", 1], ["R", 1]], "average_length": 1.0}]}, {"column_name": "NON-ELL_SUPERINTENDENT", "number_non_empty_cells": 1665, "number_empty_cells": 0, "number_distinct_values": 16, "frequent_values": ["R", "11", "8", "9", "59"], "dataTypes": [{"type": "INTEGER (LONG)", "count": 18, "max_value": 8704, "min_value": 8, "mean": 502.3888888888889, "stddev": 1989.2280506905993}, {"type": "TEXT", "count": 1647, "shortest_values": [["R", 1], ["R", 1], ["R", 1], ["R", 1], ["R", 1]], "longest_values": [["R", 1], ["R", 1], ["R", 1], ["R", 1], ["R", 1]], "average_length": 1.0}]}, {"column_name": "NON-ELL_EXPULSIONS", "number_non_empty_cells": 1665, "number_empty_cells": 0, "number_distinct_values": 1, "frequent_values": ["R"], "dataTypes": [{"type": "TEXT", "count": 1665, "shortest_values": [["R", 1], ["R", 1], ["R", 1], ["R", 1], ["R", 1]], "longest_values": [["R", 1], ["R", 1], ["R", 1], ["R", 1], ["R", 1]], "average_length": 1.0}]}, {"column_name": "SY1617_TOTAL_REMOVALS/SUSPENSIONS", "number_non_empty_cells": 1665, "number_empty_cells": 0, "number_distinct_values": 159, "frequent_values": ["R", "0", "6", "11", "12"], "dataTypes": [{"type": "INTEGER (LONG)", "count": 1327, "max_value": 46571, "min_value": 0, "mean": 69.50263752825924, "stddev": 1277.772767246973}, {"type": "TEXT", "count": 338, "shortest_values": [["R", 1], ["R", 1], ["R", 1], ["R", 1], ["R", 1]], "longest_values": [["R", 1], ["R", 1], ["R", 1], ["R", 1], ["R", 1]], "average_length": 1.0}]}]}