{"dataset_name": "/user/hm74/NYCOpenData/24nr-gahi.tsv.gz", "columns": [{"column_name": "Category", "number_non_empty_cells": 88, "number_empty_cells": 1, "number_distinct_values": 7, "frequent_values": ["State of Good Repair", "System Expansion", "Emergency, Unspecified and Misc.", "Educational Enhancements", "Safety and Security"], "dataTypes": [{"type": "TEXT", "count": 88, "shortest_values": [["System Expansion", 16], ["System Expansion", 16], ["System Expansion", 16], ["System Expansion", 16], ["System Expansion", 16]], "longest_values": [["Emergency, Unspecified and Misc.", 32], ["Emergency, Unspecified and Misc.", 32], ["Emergency, Unspecified and Misc.", 32], ["Emergency, Unspecified and Misc.", 32], ["Emergency, Unspecified and Misc.", 32]], "average_length": 20.545454545454543}]}, {"column_name": "Subcategory", "number_non_empty_cells": 88, "number_empty_cells": 1, "number_distinct_values": 22, "frequent_values": ["System Replacements", "Building Upgrade", "New Construction-Additional Capacity", "Educational Enhancements", "New Construction-Common-Facilities-Additions"], "dataTypes": [{"type": "TEXT", "count": 88, "shortest_values": [["Replacements", 12], ["Replacements", 12], ["Replacements", 12], ["Replacements", 12], ["Resolution A", 12]], "longest_values": [["Rehabilitation of Physical Education Facilities", 47], ["Rehabilitation of Physical Education Facilities", 47], ["Rehabilitation of Physical Education Facilities", 47], ["New Construction-Common-Facilities-Additions", 44], ["New Construction-Common-Facilities-Additions", 44]], "average_length": 24.193181818181813}]}, {"column_name": "Work Type", "number_non_empty_cells": 88, "number_empty_cells": 1, "number_distinct_values": 84, "frequent_values": ["1.Lunchrooms", "2.Auditoriums", "4.Swimming Pools", "1.Athletic Fields", "3.Gymnasiums"], "dataTypes": [{"type": "TEXT", "count": 88, "shortest_values": [["1.Roofs", 7], ["4.Windows", 9], ["11.Floors", 9], ["1.Asbestos", 10], ["2.Parapets", 10]], "longest_values": [["2.Emergency Lighting and Fire Safety Retrofits", 46], ["21.Cafeteria / Multipurpose Room Upgrade", 40], ["4.Replacements - Capacity - Interior Mod", 40], ["4.School Improvement and Restructuring", 38], ["2a. Building Additions/Modernizations", 37]], "average_length": 21.06818181818182}]}, {"column_name": "FY20", "number_non_empty_cells": 89, "number_empty_cells": 0, "number_distinct_values": 43, "frequent_values": [0.0, 10.0, 5.46, 40.0, 7.0], "dataTypes": [{"type": "REAL", "count": 89, "max_value": 3506.81, "min_value": 0.0, "mean": 78.80460674157302, "stddev": 377.00815581156974}]}, {"column_name": "FY21", "number_non_empty_cells": 89, "number_empty_cells": 0, "number_distinct_values": 43, "frequent_values": [0.0, 10.0, 5.46, 40.0, 1.42], "dataTypes": [{"type": "REAL", "count": 89, "max_value": 3423.9, "min_value": 0.0, "mean": 76.9414606741573, "stddev": 384.7117727249159}]}, {"column_name": "FY22", "number_non_empty_cells": 89, "number_empty_cells": 0, "number_distinct_values": 39, "frequent_values": [0.0, 10.0, 25.0, 40.0, 5.46], "dataTypes": [{"type": "REAL", "count": 89, "max_value": 3426.32, "min_value": 0.0, "mean": 76.99595505617977, "stddev": 396.7708702686612}]}, {"column_name": "FY23", "number_non_empty_cells": 89, "number_empty_cells": 0, "number_distinct_values": 37, "frequent_values": [0.0, 10.0, 25.0, 40.0, 5.46], "dataTypes": [{"type": "REAL", "count": 89, "max_value": 3414.38, "min_value": 0.0, "mean": 76.72752808988764, "stddev": 386.4981929148879}]}, {"column_name": "FY24", "number_non_empty_cells": 89, "number_empty_cells": 0, "number_distinct_values": 35, "frequent_values": [0.0, 10.0, 25.0, 40.0, 5.46], "dataTypes": [{"type": "REAL", "count": 89, "max_value": 3239.78, "min_value": 0.0, "mean": 72.80404494382023, "stddev": 378.79417418582557}]}, {"column_name": "Total", "number_non_empty_cells": 89, "number_empty_cells": 0, "number_distinct_values": 36, "frequent_values": [0.0, 50.0, 25.0, 27.32, 200.0], "dataTypes": [{"type": "REAL", "count": 89, "max_value": 17011.19, "min_value": 0.0, "mean": 382.2740449438202, "stddev": 1908.2555496665211}]}]}