{"dataset_name": "/user/hm74/NYCOpenData/25aa-q86c.tsv.gz", "columns": [{"column_name": "DBN", "number_non_empty_cells": 6924, "number_empty_cells": 0, "number_distinct_values": 1165, "frequent_values": ["02M042", "08X093", "01M064", "01M539", "02M177"], "dataTypes": [{"type": "DATE/TIME", "count": 197, "max_value": "2019-12-05T00:06:52", "min_value": "2019-12-05T00:01:15"}]}, {"column_name": "School Name", "number_non_empty_cells": 6924, "number_empty_cells": 0, "number_distinct_values": 1162, "frequent_values": ["P.S. 253", "P.S. 212", "P.S. 360", "M.S. 302 Luisa Dessus Cruz", "P.S. 185 Walter Kassenbrock"], "dataTypes": []}, {"column_name": "Category", "number_non_empty_cells": 6924, "number_empty_cells": 0, "number_distinct_values": 6, "frequent_values": ["All Students", "Poverty", "Students with Disabilities", "Reside in temporary housing", "English Language Learners"], "dataTypes": []}, {"column_name": "Year", "number_non_empty_cells": 6924, "number_empty_cells": 0, "number_distinct_values": 1, "frequent_values": ["2015-16"], "dataTypes": []}, {"column_name": "Total Enrollment", "number_non_empty_cells": 6924, "number_empty_cells": 0, "number_distinct_values": 940, "frequent_values": ["s", "19", "17", "25", "27"], "dataTypes": [{"type": "INTEGER (LONG)", "count": 6701, "max_value": 2158, "min_value": 6, "mean": 229.13953141322156, "stddev": 301.08573230394813}]}, {"column_name": "#Grade K", "number_non_empty_cells": 6924, "number_empty_cells": 0, "number_distinct_values": 210, "frequent_values": ["No Data", "s", "7", "6", "10"], "dataTypes": [{"type": "INTEGER (LONG)", "count": 3460, "max_value": 337, "min_value": 6, "mean": 47.68815028901735, "stddev": 47.30579561629538}]}, {"column_name": "#Grade 1", "number_non_empty_cells": 6924, "number_empty_cells": 0, "number_distinct_values": 219, "frequent_values": ["No Data", "s", "7", "8", "6"], "dataTypes": [{"type": "INTEGER (LONG)", "count": 3551, "max_value": 383, "min_value": 6, "mean": 49.346099690228094, "stddev": 49.82832720363319}]}, {"column_name": "#Grade 2", "number_non_empty_cells": 6924, "number_empty_cells": 0, "number_distinct_values": 225, "frequent_values": ["No Data", "s", "8", "7", "6"], "dataTypes": [{"type": "INTEGER (LONG)", "count": 3592, "max_value": 349, "min_value": 6, "mean": 48.28702672605776, "stddev": 49.4568693432506}]}, {"column_name": "#Grade 3", "number_non_empty_cells": 6924, "number_empty_cells": 0, "number_distinct_values": 224, "frequent_values": ["No Data", "s", "7", "6", "11"], "dataTypes": [{"type": "INTEGER (LONG)", "count": 3528, "max_value": 369, "min_value": 6, "mean": 48.799319727891174, "stddev": 51.32088571132443}]}, {"column_name": "#Grade 4", "number_non_empty_cells": 6924, "number_empty_cells": 0, "number_distinct_values": 214, "frequent_values": ["No Data", "s", "9", "11", "6"], "dataTypes": [{"type": "INTEGER (LONG)", "count": 3441, "max_value": 337, "min_value": 6, "mean": 48.594594594594724, "stddev": 50.3597100376566}]}, {"column_name": "#Grade 5", "number_non_empty_cells": 6924, "number_empty_cells": 0, "number_distinct_values": 213, "frequent_values": ["No Data", "s", "6", "8", "10"], "dataTypes": [{"type": "INTEGER (LONG)", "count": 3401, "max_value": 346, "min_value": 6, "mean": 47.47162599235522, "stddev": 48.49283135988784}]}, {"column_name": "#Grade 6", "number_non_empty_cells": 6924, "number_empty_cells": 0, "number_distinct_values": 244, "frequent_values": ["No Data", "s", "8", "9", "10"], "dataTypes": [{"type": "INTEGER (LONG)", "count": 2462, "max_value": 686, "min_value": 6, "mean": 66.69171405361493, "stddev": 94.62652872987874}]}, {"column_name": "#Grade 7", "number_non_empty_cells": 6924, "number_empty_cells": 0, "number_distinct_values": 247, "frequent_values": ["No Data", "s", "12", "15", "14"], "dataTypes": [{"type": "INTEGER (LONG)", "count": 2376, "max_value": 733, "min_value": 6, "mean": 69.47727272727268, "stddev": 99.45335178082622}]}, {"column_name": "#Grade 8", "number_non_empty_cells": 6924, "number_empty_cells": 0, "number_distinct_values": 248, "frequent_values": ["No Data", "s", "12", "10", "8"], "dataTypes": [{"type": "INTEGER (LONG)", "count": 2360, "max_value": 784, "min_value": 6, "mean": 71.1894067796611, "stddev": 100.44118427195686}]}, {"column_name": "#Female", "number_non_empty_cells": 6924, "number_empty_cells": 0, "number_distinct_values": 569, "frequent_values": ["s", "15", "16", "8", "11"], "dataTypes": [{"type": "INTEGER (LONG)", "count": 6195, "max_value": 1033, "min_value": 6, "mean": 116.74463276836173, "stddev": 151.2750489581626}]}, {"column_name": "%Female", "number_non_empty_cells": 6924, "number_empty_cells": 0, "number_distinct_values": 2790, "frequent_values": ["s", "0.5", "0.3333333333333333", "0.42857142857142855", "0.4"], "dataTypes": [{"type": "REAL", "count": 6195, "max_value": 0.7857142857142857, "min_value": 0.16091954022988506, "mean": 0.45744841621492593, "stddev": 0.08423534928067912}]}, {"column_name": "#Male", "number_non_empty_cells": 6924, "number_empty_cells": 0, "number_distinct_values": 595, "frequent_values": ["s", "13", "12", "19", "14"], "dataTypes": [{"type": "INTEGER (LONG)", "count": 6195, "max_value": 1125, "min_value": 6, "mean": 129.27909604519795, "stddev": 156.55347091752935}]}, {"column_name": "%Male", "number_non_empty_cells": 6924, "number_empty_cells": 0, "number_distinct_values": 2790, "frequent_values": ["s", "0.5", "0.6666666666666666", "0.5714285714285714", "0.6"], "dataTypes": [{"type": "REAL", "count": 6195, "max_value": 0.8390804597701149, "min_value": 0.21428571428571427, "mean": 0.5425515837850733, "stddev": 0.08423534928067908}]}, {"column_name": "#Asian", "number_non_empty_cells": 6924, "number_empty_cells": 0, "number_distinct_values": 379, "frequent_values": ["s", "6", "8", "7", "9"], "dataTypes": [{"type": "INTEGER (LONG)", "count": 2523, "max_value": 1545, "min_value": 6, "mean": 96.55251684502562, "stddev": 165.24691021714486}]}, {"column_name": "%Asian", "number_non_empty_cells": 6924, "number_empty_cells": 0, "number_distinct_values": 1875, "frequent_values": ["s", "0.5", "0.3333333333333333", "0.16666666666666666", "0.25"], "dataTypes": [{"type": "INTEGER (LONG)", "count": 1, "max_value": 1, "min_value": 1, "mean": 1.0, "stddev": 0.0}, {"type": "REAL", "count": 2522, "max_value": 0.9929078014184397, "min_value": 0.008112094395280236, "mean": 0.2573800200377209, "stddev": 0.22831775629100773}]}, {"column_name": "#Black", "number_non_empty_cells": 6924, "number_empty_cells": 0, "number_distinct_values": 409, "frequent_values": ["s", "6", "7", "8", "12"], "dataTypes": [{"type": "INTEGER (LONG)", "count": 4468, "max_value": 1152, "min_value": 6, "mean": 77.13742166517459, "stddev": 106.41822363716614}]}, {"column_name": "%Black", "number_non_empty_cells": 6924, "number_empty_cells": 0, "number_distinct_values": 2780, "frequent_values": ["s", "0.5", "0.3333333333333333", "0.25", "0.6666666666666666"], "dataTypes": [{"type": "INTEGER (LONG)", "count": 19, "max_value": 1, "min_value": 1, "mean": 1.0, "stddev": 0.0}, {"type": "REAL", "count": 4449, "max_value": 0.979381443298969, "min_value": 0.004070556309362279, "mean": 0.38696145653927594, "stddev": 0.2699312573559868}]}, {"column_name": "#Hispanic", "number_non_empty_cells": 6924, "number_empty_cells": 0, "number_distinct_values": 576, "frequent_values": ["s", "6", "7", "10", "11"], "dataTypes": [{"type": "INTEGER (LONG)", "count": 5996, "max_value": 1928, "min_value": 6, "mean": 116.22831887925301, "stddev": 172.29059300360527}]}, {"column_name": "%Hispanic", "number_non_empty_cells": 6924, "number_empty_cells": 0, "number_distinct_values": 3543, "frequent_values": ["s", "1", "0.5", "0.6666666666666666", "0.25"], "dataTypes": [{"type": "INTEGER (LONG)", "count": 59, "max_value": 1, "min_value": 1, "mean": 1.0, "stddev": 0.0}, {"type": "REAL", "count": 5937, "max_value": 0.9943820224719101, "min_value": 0.013636363636363636, "mean": 0.5049359762584749, "stddev": 0.26339370314591254}]}, {"column_name": "#Other", "number_non_empty_cells": 6924, "number_empty_cells": 0, "number_distinct_values": 76, "frequent_values": ["s", "6", "7", "8", "9"], "dataTypes": [{"type": "INTEGER (LONG)", "count": 1014, "max_value": 193, "min_value": 6, "mean": 18.107495069033547, "stddev": 20.087758227561146}]}, {"column_name": "%Other", "number_non_empty_cells": 6924, "number_empty_cells": 0, "number_distinct_values": 759, "frequent_values": ["s", "0.014084507042253521", "0.034482758620689655", "0.07142857142857142", "0.012441679626749611"], "dataTypes": [{"type": "REAL", "count": 1014, "max_value": 0.3181818181818182, "min_value": 0.003694581280788177, "mean": 0.037016533003384824, "stddev": 0.03559373401997472}]}, {"column_name": "#White", "number_non_empty_cells": 6924, "number_empty_cells": 0, "number_distinct_values": 356, "frequent_values": ["s", "6", "8", "7", "9"], "dataTypes": [{"type": "INTEGER (LONG)", "count": 2570, "max_value": 1099, "min_value": 6, "mean": 76.76342412451378, "stddev": 133.0951769713031}]}, {"column_name": "%White ", "number_non_empty_cells": 6924, "number_empty_cells": 0, "number_distinct_values": 1874, "frequent_values": ["s", "0.3333333333333333", "0.5", "0.2222222222222222", "0.16666666666666666"], "dataTypes": [{"type": "INTEGER (LONG)", "count": 1, "max_value": 1, "min_value": 1, "mean": 1.0, "stddev": 0.0}, {"type": "REAL", "count": 2569, "max_value": 0.9795918367346939, "min_value": 0.005970149253731343, "mean": 0.2388048579046315, "stddev": 0.21967138694795088}]}, {"column_name": "#ELL Spanish ", "number_non_empty_cells": 6924, "number_empty_cells": 0, "number_distinct_values": 214, "frequent_values": ["No Data", "s", "7", "10", "6"], "dataTypes": [{"type": "INTEGER (LONG)", "count": 916, "max_value": 1095, "min_value": 6, "mean": 66.231441048035, "stddev": 87.70904495002583}]}, {"column_name": "%ELL Spanish", "number_non_empty_cells": 6924, "number_empty_cells": 0, "number_distinct_values": 642, "frequent_values": ["No Data", "s", "1", "0.8333333333333334", "0.8571428571428571"], "dataTypes": [{"type": "INTEGER (LONG)", "count": 32, "max_value": 1, "min_value": 1, "mean": 1.0, "stddev": 0.0}, {"type": "REAL", "count": 884, "max_value": 0.9943820224719101, "min_value": 0.02155688622754491, "mean": 0.6493859149331302, "stddev": 0.26959233587183656}]}, {"column_name": "#ELL Chinese", "number_non_empty_cells": 6924, "number_empty_cells": 0, "number_distinct_values": 98, "frequent_values": ["No Data", "s", "6", "7", "10"], "dataTypes": [{"type": "INTEGER (LONG)", "count": 198, "max_value": 817, "min_value": 6, "mean": 68.27272727272725, "stddev": 114.63735691140431}]}, {"column_name": "%ELL Chinese", "number_non_empty_cells": 6924, "number_empty_cells": 0, "number_distinct_values": 193, "frequent_values": ["No Data", "s", "0.5", "0.15384615384615385", "0.4"], "dataTypes": [{"type": "REAL", "count": 198, "max_value": 0.991701244813278, "min_value": 0.015424164524421594, "mean": 0.3643453218834081, "stddev": 0.27475793638948703}]}, {"column_name": "#ELL Bengali", "number_non_empty_cells": 6924, "number_empty_cells": 0, "number_distinct_values": 53, "frequent_values": ["No Data", "s", "8", "6", "9"], "dataTypes": [{"type": "INTEGER (LONG)", "count": 122, "max_value": 142, "min_value": 6, "mean": 27.352459016393443, "stddev": 28.28714651370238}]}, {"column_name": "%ELL Bengali", "number_non_empty_cells": 6924, "number_empty_cells": 0, "number_distinct_values": 121, "frequent_values": ["No Data", "s", "0.14583333333333334", "0.30434782608695654", "0.13636363636363635"], "dataTypes": [{"type": "REAL", "count": 122, "max_value": 0.7, "min_value": 0.0078125, "mean": 0.17219483257624393, "stddev": 0.1369345946415213}]}, {"column_name": "#ELL Arabic", "number_non_empty_cells": 6924, "number_empty_cells": 0, "number_distinct_values": 41, "frequent_values": ["No Data", "s", "6", "7", "10"], "dataTypes": [{"type": "INTEGER (LONG)", "count": 270, "max_value": 93, "min_value": 6, "mean": 13.974074074074064, "stddev": 11.963032335540172}]}, {"column_name": "%ELL Arabic", "number_non_empty_cells": 6924, "number_empty_cells": 0, "number_distinct_values": 248, "frequent_values": ["No Data", "s", "0.2222222222222222", "0.2", "0.11538461538461539"], "dataTypes": [{"type": "REAL", "count": 270, "max_value": 0.8571428571428571, "min_value": 0.01279317697228145, "mean": 0.16618647705966183, "stddev": 0.1435881860573617}]}, {"column_name": "#ELL Haitian Creole", "number_non_empty_cells": 6924, "number_empty_cells": 0, "number_distinct_values": 25, "frequent_values": ["No Data", "s", "6", "7", "14"], "dataTypes": [{"type": "INTEGER (LONG)", "count": 53, "max_value": 46, "min_value": 6, "mean": 16.471698113207548, "stddev": 11.049807944348064}]}, {"column_name": "%ELL Haitian Creole", "number_non_empty_cells": 6924, "number_empty_cells": 0, "number_distinct_values": 53, "frequent_values": ["No Data", "s", "0.375", "0.42857142857142855", "0.2727272727272727"], "dataTypes": [{"type": "REAL", "count": 53, "max_value": 0.875, "min_value": 0.026415094339622643, "mean": 0.35358871602219333, "stddev": 0.202129681708786}]}, {"column_name": "#ELL French", "number_non_empty_cells": 6924, "number_empty_cells": 0, "number_distinct_values": 11, "frequent_values": ["No Data", "s", "6", "10", "7"], "dataTypes": [{"type": "INTEGER (LONG)", "count": 18, "max_value": 36, "min_value": 6, "mean": 11.055555555555555, "stddev": 8.222409907767796}]}, {"column_name": "%ELL French", "number_non_empty_cells": 6924, "number_empty_cells": 0, "number_distinct_values": 20, "frequent_values": ["No Data", "s", "0.10344827586206896", "0.15", "0.03409090909090909"], "dataTypes": [{"type": "REAL", "count": 18, "max_value": 0.6792452830188679, "min_value": 0.018306636155606407, "mean": 0.19889347626180093, "stddev": 0.2086565749137913}]}, {"column_name": "#ELL Russian", "number_non_empty_cells": 6924, "number_empty_cells": 0, "number_distinct_values": 42, "frequent_values": ["No Data", "s", "8", "9", "6"], "dataTypes": [{"type": "INTEGER (LONG)", "count": 83, "max_value": 137, "min_value": 6, "mean": 25.27710843373495, "stddev": 21.337965064284543}]}, {"column_name": "%ELL Russian", "number_non_empty_cells": 6924, "number_empty_cells": 0, "number_distinct_values": 82, "frequent_values": ["No Data", "s", "0.1935483870967742", "0.5", "0.25"], "dataTypes": [{"type": "REAL", "count": 83, "max_value": 0.939, "min_value": 0.016574585635359115, "mean": 0.24034686801327118, "stddev": 0.1826940475893146}]}, {"column_name": "#ELL Korean", "number_non_empty_cells": 6924, "number_empty_cells": 0, "number_distinct_values": 13, "frequent_values": ["No Data", "s", "6", "10", "8"], "dataTypes": [{"type": "INTEGER (LONG)", "count": 21, "max_value": 35, "min_value": 6, "mean": 13.523809523809526, "stddev": 9.614567556424584}]}, {"column_name": "%ELL Korean", "number_non_empty_cells": 6924, "number_empty_cells": 0, "number_distinct_values": 23, "frequent_values": ["No Data", "s", "0.13671875", "0.5074626865671642", "0.046753246753246755"], "dataTypes": [{"type": "REAL", "count": 21, "max_value": 0.5074626865671642, "min_value": 0.046753246753246755, "mean": 0.18135775452840627, "stddev": 0.11513186199806137}]}, {"column_name": "#ELL Urdu", "number_non_empty_cells": 6924, "number_empty_cells": 0, "number_distinct_values": 26, "frequent_values": ["No Data", "s", "6", "7", "9"], "dataTypes": [{"type": "INTEGER (LONG)", "count": 105, "max_value": 65, "min_value": 6, "mean": 13.790476190476188, "stddev": 12.19265605510155}]}, {"column_name": "%ELL Urdu", "number_non_empty_cells": 6924, "number_empty_cells": 0, "number_distinct_values": 100, "frequent_values": ["No Data", "s", "0.03977272727272727", "0.20689655172413793", "0.3333333333333333"], "dataTypes": [{"type": "REAL", "count": 105, "max_value": 0.3333333333333333, "min_value": 0.013651877133105802, "mean": 0.09521029853305364, "stddev": 0.07411499988391872}]}, {"column_name": "#ELL Other", "number_non_empty_cells": 6924, "number_empty_cells": 0, "number_distinct_values": 60, "frequent_values": ["No Data", "s", "6", "7", "10"], "dataTypes": [{"type": "INTEGER (LONG)", "count": 368, "max_value": 151, "min_value": 6, "mean": 18.086956521739143, "stddev": 17.469944484813272}]}, {"column_name": "%ELL Other", "number_non_empty_cells": 6924, "number_empty_cells": 0, "number_distinct_values": 326, "frequent_values": ["No Data", "s", "0.20833333333333334", "0.1111111111111111", "0.19047619047619047"], "dataTypes": [{"type": "REAL", "count": 368, "max_value": 0.9166666666666666, "min_value": 0.008021390374331552, "mean": 0.19692703521396474, "stddev": 0.16703889856258633}]}, {"column_name": "ELA #Test Takers", "number_non_empty_cells": 6924, "number_empty_cells": 0, "number_distinct_values": 643, "frequent_values": ["s", "No Data", "9", "6", "10"], "dataTypes": [{"type": "INTEGER (LONG)", "count": 6250, "max_value": 2064, "min_value": 6, "mean": 150.61424000000008, "stddev": 218.0159931500951}]}, {"column_name": "ELA #Level 1", "number_non_empty_cells": 6924, "number_empty_cells": 0, "number_distinct_values": 270, "frequent_values": ["s", "No Data", "6", "7", "8"], "dataTypes": [{"type": "INTEGER (LONG)", "count": 5418, "max_value": 649, "min_value": 6, "mean": 55.81579918789224, "stddev": 59.86832507190873}]}, {"column_name": "ELA %Level 1", "number_non_empty_cells": 6924, "number_empty_cells": 0, "number_distinct_values": 2622, "frequent_values": ["s", "No Data", "0.5", "0.6666666666666666", "0.3333333333333333"], "dataTypes": [{"type": "INTEGER (LONG)", "count": 20, "max_value": 1, "min_value": 1, "mean": 1.0, "stddev": 0.0}, {"type": "REAL", "count": 5398, "max_value": 0.9705882352941176, "min_value": 0.009523809523809525, "mean": 0.4526626636263935, "stddev": 0.21246849868056988}]}, {"column_name": "ELA #Level 2", "number_non_empty_cells": 6924, "number_empty_cells": 0, "number_distinct_values": 318, "frequent_values": ["s", "No Data", "6", "9", "8"], "dataTypes": [{"type": "INTEGER (LONG)", "count": 5185, "max_value": 928, "min_value": 6, "mean": 62.4289296046287, "stddev": 85.2101537999959}]}, {"column_name": "ELA %Level 2", "number_non_empty_cells": 6924, "number_empty_cells": 0, "number_distinct_values": 2242, "frequent_values": ["s", "No Data", "0.3333333333333333", "0.5", "0.4"], "dataTypes": [{"type": "REAL", "count": 5185, "max_value": 0.875, "min_value": 0.031413612565445025, "mean": 0.3563137980903385, "stddev": 0.09950017164586752}]}, {"column_name": "ELA #Level 3", "number_non_empty_cells": 6924, "number_empty_cells": 0, "number_distinct_values": 269, "frequent_values": ["s", "No Data", "6", "7", "45"], "dataTypes": [{"type": "INTEGER (LONG)", "count": 2122, "max_value": 625, "min_value": 6, "mean": 85.87323279924618, "stddev": 85.39269189038394}]}, {"column_name": "ELA %Level 3", "number_non_empty_cells": 6924, "number_empty_cells": 0, "number_distinct_values": 1389, "frequent_values": ["s", "No Data", "0.5", "0.3333333333333333", "0.25"], "dataTypes": [{"type": "INTEGER (LONG)", "count": 1, "max_value": 1, "min_value": 1, "mean": 1.0, "stddev": 0.0}, {"type": "REAL", "count": 2121, "max_value": 0.75, "min_value": 0.07575757575757576, "mean": 0.28592525581225275, "stddev": 0.1024922614087154}]}, {"column_name": "ELA #Level 4", "number_non_empty_cells": 6924, "number_empty_cells": 0, "number_distinct_values": 202, "frequent_values": ["s", "No Data", "6", "8", "7"], "dataTypes": [{"type": "INTEGER (LONG)", "count": 1937, "max_value": 728, "min_value": 6, "mean": 47.885906040268495, "stddev": 75.06379247170274}]}, {"column_name": "ELA %Level 4", "number_non_empty_cells": 6924, "number_empty_cells": 0, "number_distinct_values": 1326, "frequent_values": ["s", "No Data", "0.1111111111111111", "0.13636363636363635", "0.12"], "dataTypes": [{"type": "INTEGER (LONG)", "count": 1, "max_value": 1, "min_value": 1, "mean": 1.0, "stddev": 0.0}, {"type": "REAL", "count": 1936, "max_value": 0.8571428571428571, "min_value": 0.011194029850746268, "mean": 0.13693375842124747, "stddev": 0.12392296772168994}]}, {"column_name": "ELA #L3+L4", "number_non_empty_cells": 6924, "number_empty_cells": 0, "number_distinct_values": 376, "frequent_values": ["s", "No Data", "6", "7", "8"], "dataTypes": [{"type": "INTEGER (LONG)", "count": 3825, "max_value": 1252, "min_value": 6, "mean": 79.16130718954258, "stddev": 125.86366467160342}]}, {"column_name": "ELA %L3+L4", "number_non_empty_cells": 6924, "number_empty_cells": 0, "number_distinct_values": 2186, "frequent_values": ["s", "No Data", "0.3333333333333333", "0.25", "0.5"], "dataTypes": [{"type": "INTEGER (LONG)", "count": 4, "max_value": 1, "min_value": 1, "mean": 1.0, "stddev": 0.0}, {"type": "REAL", "count": 3821, "max_value": 0.9848484848484849, "min_value": 0.019444444444444445, "mean": 0.3270462276718963, "stddev": 0.19304925393690733}]}, {"column_name": "Math #Test Takers", "number_non_empty_cells": 6924, "number_empty_cells": 0, "number_distinct_values": 641, "frequent_values": ["s", "No Data", "6", "9", "17"], "dataTypes": [{"type": "INTEGER (LONG)", "count": 6263, "max_value": 1951, "min_value": 6, "mean": 148.58550215551668, "stddev": 210.86945228810657}]}, {"column_name": "MATH #Level 1", "number_non_empty_cells": 6924, "number_empty_cells": 0, "number_distinct_values": 299, "frequent_values": ["s", "No Data", "7", "9", "10"], "dataTypes": [{"type": "INTEGER (LONG)", "count": 5490, "max_value": 762, "min_value": 6, "mean": 62.395264116575696, "stddev": 71.08509777099844}]}, {"column_name": "MATH %Level 1", "number_non_empty_cells": 6924, "number_empty_cells": 0, "number_distinct_values": 2664, "frequent_values": ["s", "No Data", "0.5", "0.6666666666666666", "0.6"], "dataTypes": [{"type": "INTEGER (LONG)", "count": 22, "max_value": 1, "min_value": 1, "mean": 1.0, "stddev": 0.0}, {"type": "REAL", "count": 5468, "max_value": 0.9859154929577465, "min_value": 0.015789473684210527, "mean": 0.489452972732476, "stddev": 0.21504222329029457}]}, {"column_name": "MATH #Level 2", "number_non_empty_cells": 6924, "number_empty_cells": 0, "number_distinct_values": 291, "frequent_values": ["s", "No Data", "6", "7", "8"], "dataTypes": [{"type": "INTEGER (LONG)", "count": 5128, "max_value": 818, "min_value": 6, "mean": 55.76560062402494, "stddev": 74.22591197533788}]}, {"column_name": "MATH %Level 2", "number_non_empty_cells": 6924, "number_empty_cells": 0, "number_distinct_values": 2213, "frequent_values": ["s", "No Data", "0.3333333333333333", "0.25", "0.4"], "dataTypes": [{"type": "REAL", "count": 5128, "max_value": 0.8, "min_value": 0.018947368421052633, "mean": 0.317975874623439, "stddev": 0.09606643702946795}]}, {"column_name": "MATH #Level 3", "number_non_empty_cells": 6924, "number_empty_cells": 0, "number_distinct_values": 225, "frequent_values": ["s", "No Data", "6", "10", "7"], "dataTypes": [{"type": "INTEGER (LONG)", "count": 2345, "max_value": 476, "min_value": 6, "mean": 60.455863539445545, "stddev": 63.83565546867752}]}, {"column_name": "MATH %Level 3", "number_non_empty_cells": 6924, "number_empty_cells": 0, "number_distinct_values": 1557, "frequent_values": ["s", "No Data", "0.3333333333333333", "0.25", "0.16666666666666666"], "dataTypes": [{"type": "REAL", "count": 2345, "max_value": 0.75, "min_value": 0.03529411764705882, "mean": 0.21653312616739154, "stddev": 0.08616849746025446}]}, {"column_name": "MATH #Level 4", "number_non_empty_cells": 6924, "number_empty_cells": 0, "number_distinct_values": 256, "frequent_values": ["s", "No Data", "6", "7", "8"], "dataTypes": [{"type": "INTEGER (LONG)", "count": 2351, "max_value": 919, "min_value": 6, "mean": 55.54402381965119, "stddev": 89.56942513958714}]}, {"column_name": "MATH %Level 4", "number_non_empty_cells": 6924, "number_empty_cells": 0, "number_distinct_values": 1580, "frequent_values": ["s", "No Data", "0.3333333333333333", "0.16666666666666666", "0.2"], "dataTypes": [{"type": "REAL", "count": 2351, "max_value": 0.9529411764705882, "min_value": 0.013636363636363636, "mean": 0.19231949190284756, "stddev": 0.16091737010876306}]}, {"column_name": "MATH #L3+L4", "number_non_empty_cells": 6924, "number_empty_cells": 0, "number_distinct_values": 374, "frequent_values": ["s", "No Data", "6", "7", "8"], "dataTypes": [{"type": "INTEGER (LONG)", "count": 3930, "max_value": 1313, "min_value": 6, "mean": 74.1519083969464, "stddev": 123.77904502561078}]}, {"column_name": "MATH %L3 + L4", "number_non_empty_cells": 6924, "number_empty_cells": 0, "number_distinct_values": 2285, "frequent_values": ["s", "No Data", "0.5", "0.4", "0.2"], "dataTypes": [{"type": "INTEGER (LONG)", "count": 4, "max_value": 1, "min_value": 1, "mean": 1.0, "stddev": 0.0}, {"type": "REAL", "count": 3926, "max_value": 0.9905660377358491, "min_value": 0.018575851393188854, "mean": 0.32020694091425356, "stddev": 0.21005690320778234}]}]}