{"dataset_name": "/user/hm74/NYCOpenData/25cx-4jug.tsv.gz", "columns": [{"column_name": "Agency", "number_non_empty_cells": 1729, "number_empty_cells": 0, "number_distinct_values": 47, "frequent_values": ["DOE", "ACS", "HRA", "DOT", "NYPD"], "dataTypes": [{"type": "INTEGER (LONG)", "count": 13, "max_value": 311, "min_value": 311, "mean": 311.0, "stddev": 0.0}, {"type": "TEXT", "count": 1716, "shortest_values": [["TLC", 3], ["BIC", 3], ["DOF", 3], ["DOB", 3], ["ACS", 3]], "longest_values": [["NYPL-Research", 13], ["NYPL-Research", 13], ["NYPL-Research", 13], ["NYPL-Research", 13], ["NYPL-Research", 13]], "average_length": 3.5297202797202845}]}, {"column_name": "MMR_Goal", "number_non_empty_cells": 1624, "number_empty_cells": 105, "number_distinct_values": 23, "frequent_values": ["1a", "1b", "2a", "3a", "4a"], "dataTypes": [{"type": "DATE/TIME", "count": 1048, "max_value": "2019-12-08T08:00:00", "min_value": "2019-12-08T01:00:00"}, {"type": "TEXT", "count": 681, "shortest_values": [["1c", 2], ["1c", 2], ["1e", 2], ["2b", 2], ["1b", 2]], "longest_values": [["1c", 2], ["1c", 2], ["1e", 2], ["2b", 2], ["1b", 2]], "average_length": 2.0}]}, {"column_name": "Critical", "number_non_empty_cells": 1729, "number_empty_cells": 0, "number_distinct_values": 2, "frequent_values": [" FALSE", " TRUE"], "dataTypes": [{"type": "TEXT", "count": 1729, "shortest_values": [[" TRUE", 5], [" TRUE", 5], [" TRUE", 5], [" TRUE", 5], [" TRUE", 5]], "longest_values": [[" FALSE", 6], [" FALSE", 6], [" FALSE", 6], [" FALSE", 6], [" FALSE", 6]], "average_length": 5.68768074031232}]}, {"column_name": "Performance_Indicator", "number_non_empty_cells": 1711, "number_empty_cells": 18, "number_distinct_values": 1474, "frequent_values": ["E-mails responded to in 14 days (%)", "Letters responded to in 14 days (%)", "Completed customer requests for interpretation", "Completed requests for interpretation", "Workplace injuries reported"], "dataTypes": [{"type": "TEXT", "count": 1729, "shortest_values": [["\u2013 Rape", 6], ["\u2013 Lead", 6], ["\u2013 Lead", 6], ["\u2013 Rape", 6], ["Escapes", 7]], "longest_values": [["Youth who are out-of-school, attend a DYCD-funded training or employment program, and are placed in post-secondary education, employment, or advanced training in the 1st quarter after exiting the program (%)", 207], ["Time to notify agencies of prospective childcare, home care and family care workers with criminal records after receipt from State Division of Criminal Justice Services and FBI (days)", 183], ["Youth who attend a training program while in school and are placed in post-secondary education, employment, or advanced training during the 1st quarter after exiting the program (%)", 181], ["Youth who are out-of-school, attend a DYCD-funded training or employment program, and attain a degree or certificate by the end of the 3rd quarter after exiting the program (%)", 176], ["Time to notify agencies of arrest notifications for current childcare, home care and family care workers after receipt from State Division of Criminal Justice Services (days)", 174]], "average_length": 49.39618276460382}]}, {"column_name": "FY13", "number_non_empty_cells": 1539, "number_empty_cells": 190, "number_distinct_values": 1170, "frequent_values": ["NA", "100%", "91%", "97%", "96%"], "dataTypes": [{"type": "INTEGER (LONG)", "count": 293, "max_value": 999, "min_value": 0, "mean": 239.18771331058025, "stddev": 263.45042260977544}, {"type": "REAL", "count": 140, "max_value": 810.6, "min_value": 0.02, "mean": 53.71509285714288, "stddev": 124.52186603156986}, {"type": "DATE/TIME", "count": 289, "max_value": "2063-02-08T00:00:00", "min_value": "0100-12-08T00:00:00"}, {"type": "TEXT", "count": 1007, "shortest_values": [["NA", 2], ["NA", 2], ["NA", 2], ["NA", 2], ["NA", 2]], "longest_values": [["$11,077,244", 11], ["$4,234,010", 10], ["$1,995,846", 10], ["$3,374.60", 9], ["65,537.10", 9]], "average_length": 4.450844091360486}]}, {"column_name": "FY14", "number_non_empty_cells": 1619, "number_empty_cells": 110, "number_distinct_values": 1220, "frequent_values": ["NA", "100%", "99%", "94%", "86%"], "dataTypes": [{"type": "INTEGER (LONG)", "count": 327, "max_value": 995, "min_value": 0, "mean": 243.39143730886857, "stddev": 266.58750676766687}, {"type": "REAL", "count": 139, "max_value": 977.2, "min_value": 0.04, "mean": 59.86791366906478, "stddev": 138.53051260637616}, {"type": "DATE/TIME", "count": 305, "max_value": "2064-06-08T00:00:00", "min_value": "0101-01-08T00:00:00"}, {"type": "TEXT", "count": 958, "shortest_values": [["NA", 2], ["NA", 2], ["NA", 2], ["NA", 2], ["NA", 2]], "longest_values": [["$11,360,685", 11], ["$3,980,941", 10], ["$2,987,936", 10], ["$3,612.30", 9], ["66,394.30", 9]], "average_length": 4.700417536534448}]}, {"column_name": "FY15", "number_non_empty_cells": 1665, "number_empty_cells": 64, "number_distinct_values": 1264, "frequent_values": ["NA", "100%", "84%", "95%", "99%"], "dataTypes": [{"type": "INTEGER (LONG)", "count": 329, "max_value": 976, "min_value": 0, "mean": 241.0303951367781, "stddev": 261.1895147244076}, {"type": "REAL", "count": 144, "max_value": 955.4, "min_value": 0.01, "mean": 54.54770833333332, "stddev": 131.48733464946534}, {"type": "DATE/TIME", "count": 323, "max_value": "2068-04-08T00:00:00", "min_value": "0103-12-08T00:00:00"}, {"type": "TEXT", "count": 933, "shortest_values": [["NA", 2], ["3%", 2], ["NA", 2], ["NA", 2], ["NA", 2]], "longest_values": [["$11,234,213", 11], ["$3,878,569", 10], ["10,651,475", 10], ["$3,596,836", 10], ["$3,808.90", 9]], "average_length": 4.871382636655946}]}, {"column_name": "FY16", "number_non_empty_cells": 1698, "number_empty_cells": 31, "number_distinct_values": 1293, "frequent_values": ["100%", "NA", "100.00%", "95%", "100"], "dataTypes": [{"type": "INTEGER (LONG)", "count": 333, "max_value": 997, "min_value": 0, "mean": 228.39339339339318, "stddev": 260.9863219723461}, {"type": "REAL", "count": 146, "max_value": 951.4, "min_value": 0.03, "mean": 57.527260273972644, "stddev": 133.81365567291218}, {"type": "DATE/TIME", "count": 344, "max_value": "2060-06-08T00:00:00", "min_value": "0100-12-08T00:00:00"}, {"type": "TEXT", "count": 906, "shortest_values": [["8%", 2], ["NA", 2], ["NA", 2], ["NA", 2], ["NA", 2]], "longest_values": [["$10,139,937", 11], ["$1,935,904", 10], ["271,252.20", 10], ["$23,816.40", 10], ["$2,123,391", 10]], "average_length": 4.98896247240618}]}, {"column_name": "FY17", "number_non_empty_cells": 1667, "number_empty_cells": 62, "number_distinct_values": 1266, "frequent_values": ["NA", "100%", "99%", "100.00%", "92%"], "dataTypes": [{"type": "INTEGER (LONG)", "count": 339, "max_value": 990, "min_value": 0, "mean": 238.13274336283192, "stddev": 266.2341165179224}, {"type": "REAL", "count": 153, "max_value": 948.6, "min_value": 0.06, "mean": 55.74844045025426, "stddev": 131.86923242872925}, {"type": "DATE/TIME", "count": 342, "max_value": "2065-04-08T00:00:00", "min_value": "0100-12-08T00:00:00"}, {"type": "TEXT", "count": 895, "shortest_values": [["NA", 2], ["NA", 2], ["NA", 2], ["NA", 2], ["NA", 2]], "longest_values": [["$10,009,946", 11], ["$2,499,910", 10], ["271,980.00", 10], ["$49,755.30", 10], ["$1,584,137", 10]], "average_length": 4.843575418994415}]}, {"column_name": "TGT17", "number_non_empty_cells": 1729, "number_empty_cells": 0, "number_distinct_values": 315, "frequent_values": ["*", "\u2193", "\u2191", "85%", "90%"], "dataTypes": [{"type": "INTEGER (LONG)", "count": 132, "max_value": 920, "min_value": 0, "mean": 92.12878787878789, "stddev": 154.70834756929463}, {"type": "REAL", "count": 40, "max_value": 764.4, "min_value": 0.03, "mean": 32.65275, "stddev": 118.19641777540257}, {"type": "DATE/TIME", "count": 65, "max_value": "2037-01-08T00:00:00", "min_value": "0100-02-08T00:00:00"}, {"type": "TEXT", "count": 1492, "shortest_values": [["*", 1], ["*", 1], ["*", 1], ["*", 1], ["*", 1]], "longest_values": [["$3,622.80", 9], ["1,000,000", 9], ["3,150.00", 8], ["100.00%", 7], ["$769.70", 7]], "average_length": 1.9081769436997291}]}, {"column_name": "TGT18", "number_non_empty_cells": 1729, "number_empty_cells": 0, "number_distinct_values": 323, "frequent_values": ["*", "\u2193", "\u2191", "85%", "90%"], "dataTypes": [{"type": "INTEGER (LONG)", "count": 137, "max_value": 849, "min_value": 0, "mean": 83.05839416058396, "stddev": 140.24815162909448}, {"type": "REAL", "count": 33, "max_value": 764.4, "min_value": 0.05, "mean": 35.18666666666667, "stddev": 129.77685584545233}, {"type": "DATE/TIME", "count": 73, "max_value": "2037-01-08T00:00:00", "min_value": "0102-12-08T00:00:00"}, {"type": "TEXT", "count": 1486, "shortest_values": [["*", 1], ["*", 1], ["*", 1], ["*", 1], ["*", 1]], "longest_values": [["$3,783.00", 9], ["3,150.00", 8], ["100.00%", 7], ["$788.70", 7], ["100.00%", 7]], "average_length": 1.8936742934051152}]}, {"column_name": "5_Yr_Trend", "number_non_empty_cells": 1477, "number_empty_cells": 252, "number_distinct_values": 4, "frequent_values": ["Neutral", "Up", "Down", "NA"], "dataTypes": [{"type": "TEXT", "count": 1729, "shortest_values": [["NA", 2], ["Up", 2], ["Up", 2], ["Up", 2], ["Up", 2]], "longest_values": [["Neutral", 7], ["Neutral", 7], ["Neutral", 7], ["Neutral", 7], ["Neutral", 7]], "average_length": 4.063042220936961}]}, {"column_name": "Desired_Direction", "number_non_empty_cells": 1729, "number_empty_cells": 0, "number_distinct_values": 3, "frequent_values": ["Up", "*", "Down"], "dataTypes": [{"type": "TEXT", "count": 1729, "shortest_values": [["*", 1], ["*", 1], ["*", 1], ["*", 1], ["*", 1]], "longest_values": [["Down", 4], ["Down", 4], ["Down", 4], ["Down", 4], ["Down", 4]], "average_length": 2.1717755928282254}]}]}