{"dataset_name": "/user/hm74/NYCOpenData/25th-nujf.tsv.gz", "columns": [{"column_name": "Year_of_Birth", "number_non_empty_cells": 19418, "number_empty_cells": 0, "number_distinct_values": 6, "frequent_values": [2011, 2012, 2014, 2013, 2016], "dataTypes": [{"type": "INTEGER (LONG)", "count": 19418, "max_value": 2016, "min_value": 2011, "mean": 2013.1243176434289, "stddev": 1.599707351843525}]}, {"column_name": "Gender", "number_non_empty_cells": 19418, "number_empty_cells": 0, "number_distinct_values": 2, "frequent_values": ["FEMALE", "MALE"], "dataTypes": [{"type": "TEXT", "count": 19418, "shortest_values": [["MALE", 4], ["MALE", 4], ["MALE", 4], ["MALE", 4], ["MALE", 4]], "longest_values": [["FEMALE", 6], ["FEMALE", 6], ["FEMALE", 6], ["FEMALE", 6], ["FEMALE", 6]], "average_length": 5.023071377072842}]}, {"column_name": "Ethnicity", "number_non_empty_cells": 19418, "number_empty_cells": 0, "number_distinct_values": 7, "frequent_values": ["HISPANIC", "WHITE NON HISPANIC", "BLACK NON HISPANIC", "ASIAN AND PACIFIC ISLANDER", "WHITE NON HISP"], "dataTypes": [{"type": "TEXT", "count": 19418, "shortest_values": [["HISPANIC", 8], ["HISPANIC", 8], ["HISPANIC", 8], ["HISPANIC", 8], ["HISPANIC", 8]], "longest_values": [["ASIAN AND PACIFIC ISLANDER", 26], ["ASIAN AND PACIFIC ISLANDER", 26], ["ASIAN AND PACIFIC ISLANDER", 26], ["ASIAN AND PACIFIC ISLANDER", 26], ["ASIAN AND PACIFIC ISLANDER", 26]], "average_length": 15.608198578638412}]}, {"column_name": "Child's_First_Name", "number_non_empty_cells": 18713, "number_empty_cells": 705, "number_distinct_values": 3021, "frequent_values": ["Avery", "Riley", "Ariel", "Dylan", "Jordan"], "dataTypes": [{"type": "DATE/TIME", "count": 32, "max_value": "2019-08-08T00:00:00", "min_value": "2019-04-08T00:00:00"}, {"type": "TEXT", "count": 19386, "shortest_values": [["Md", 2], ["Md", 2], ["Md", 2], ["YU", 2], ["YU", 2]], "longest_values": [["Christopher", 11], ["Christopher", 11], ["Christopher", 11], ["Maximiliano", 11], ["Christopher", 11]], "average_length": 5.815279067368194}]}, {"column_name": "Count", "number_non_empty_cells": 19418, "number_empty_cells": 0, "number_distinct_values": 280, "frequent_values": [10, 11, 12, 13, 14], "dataTypes": [{"type": "INTEGER (LONG)", "count": 19418, "max_value": 426, "min_value": 10, "mean": 33.52008445771975, "stddev": 38.24221655110024}]}, {"column_name": "Rank", "number_non_empty_cells": 19418, "number_empty_cells": 0, "number_distinct_values": 102, "frequent_values": [77, 78, 80, 79, 73], "dataTypes": [{"type": "INTEGER (LONG)", "count": 19418, "max_value": 102, "min_value": 1, "mean": 57.49711607786555, "stddev": 25.363039541246792}]}]}