{"dataset_name": "/user/hm74/NYCOpenData/268n-a7em.tsv.gz", "columns": [{"column_name": "Borough", "number_non_empty_cells": 604, "number_empty_cells": 0, "number_distinct_values": 6, "frequent_values": ["Manhattan", "Queens", "Staten Island", "Brooklyn", "Bronx"], "dataTypes": [{"type": "TEXT", "count": 604, "shortest_values": [["Bronx", 5], ["Bronx", 5], ["Bronx", 5], ["Bronx", 5], ["Bronx", 5]], "longest_values": [["Staten Island", 13], ["Staten Island", 13], ["Staten Island", 13], ["Staten Island", 13], ["Staten Island", 13]], "average_length": 8.357615894039734}]}, {"column_name": "Category", "number_non_empty_cells": 604, "number_empty_cells": 0, "number_distinct_values": 2, "frequent_values": ["Econ Disadv", "Not Econ Disadv"], "dataTypes": [{"type": "TEXT", "count": 604, "shortest_values": [["Econ Disadv", 11], ["Econ Disadv", 11], ["Econ Disadv", 11], ["Econ Disadv", 11], ["Econ Disadv", 11]], "longest_values": [["Not Econ Disadv", 15], ["Not Econ Disadv", 15], ["Not Econ Disadv", 15], ["Not Econ Disadv", 15], ["Not Econ Disadv", 15]], "average_length": 12.999999999999995}]}, {"column_name": "Cohort_Year", "number_non_empty_cells": 604, "number_empty_cells": 0, "number_distinct_values": 14, "frequent_values": [2006, 2012, 2009, 2007, 2010], "dataTypes": [{"type": "INTEGER (LONG)", "count": 604, "max_value": 2014, "min_value": 2001, "mean": 2007.5562913907283, "stddev": 3.710796422235615}]}, {"column_name": "Cohort", "number_non_empty_cells": 604, "number_empty_cells": 0, "number_distinct_values": 5, "frequent_values": ["4 year June", "5 year June", "6 year June", "4 year August", "5 year August"], "dataTypes": [{"type": "TEXT", "count": 604, "shortest_values": [["4 year June", 11], ["4 year June", 11], ["4 year June", 11], ["4 year June", 11], ["4 year June", 11]], "longest_values": [["4 year August", 13], ["4 year August", 13], ["4 year August", 13], ["4 year August", 13], ["4 year August", 13]], "average_length": 11.609271523178798}]}, {"column_name": "Cohort_#", "number_non_empty_cells": 604, "number_empty_cells": 0, "number_distinct_values": 352, "frequent_values": [1102, 2336, 6518, 10838, 10182], "dataTypes": [{"type": "INTEGER (LONG)", "count": 604, "max_value": 15906, "min_value": 5, "mean": 7192.731788079464, "stddev": 4288.737526411059}]}, {"column_name": "Total_Grads_#", "number_non_empty_cells": 604, "number_empty_cells": 0, "number_distinct_values": 569, "frequent_values": [0, 170, 17, 55, 1], "dataTypes": [{"type": "INTEGER (LONG)", "count": 604, "max_value": 12170, "min_value": 0, "mean": 4894.902317880794, "stddev": 3137.276945776056}]}, {"column_name": "Total_Grads_%_of_cohort", "number_non_empty_cells": 604, "number_empty_cells": 0, "number_distinct_values": 321, "frequent_values": [69.5, 73.4, 61.5, 66.5, 68.3], "dataTypes": [{"type": "REAL", "count": 604, "max_value": 88.6, "min_value": 0.0, "mean": 65.90546357615895, "stddev": 15.329787043908583}]}, {"column_name": "Total_Regents_#", "number_non_empty_cells": 604, "number_empty_cells": 0, "number_distinct_values": 570, "frequent_values": [0, 83, 205, 27, 1], "dataTypes": [{"type": "INTEGER (LONG)", "count": 604, "max_value": 11210, "min_value": 0, "mean": 4128.642384105959, "stddev": 2831.0569150437145}]}, {"column_name": "Total_Regents_%_of_cohort", "number_non_empty_cells": 604, "number_empty_cells": 0, "number_distinct_values": 353, "frequent_values": [66.5, 58.4, 54.1, 69.1, 70.2], "dataTypes": [{"type": "REAL", "count": 604, "max_value": 81.8, "min_value": 0.0, "mean": 55.328642384105976, "stddev": 17.70393446406398}]}, {"column_name": "Total_Regents_%_of_grads", "number_non_empty_cells": 600, "number_empty_cells": 4, "number_distinct_values": 288, "frequent_values": [95.1, 94.1, 95.3, 95.4, 92.5], "dataTypes": [{"type": "REAL", "count": 600, "max_value": 100.0, "min_value": 4.4, "mean": 81.74949999999991, "stddev": 16.065273099141535}]}, {"column_name": "Advanced_Regents_#", "number_non_empty_cells": 604, "number_empty_cells": 0, "number_distinct_values": 370, "frequent_values": [0, 432, 346, 233, 368], "dataTypes": [{"type": "INTEGER (LONG)", "count": 604, "max_value": 3573, "min_value": 0, "mean": 1224.1026490066245, "stddev": 765.3165380223182}]}, {"column_name": "Advanced_Regents_%_of_cohort", "number_non_empty_cells": 604, "number_empty_cells": 0, "number_distinct_values": 183, "frequent_values": [0.0, 15.8, 20.6, 17.8, 15.9], "dataTypes": [{"type": "REAL", "count": 604, "max_value": 37.5, "min_value": 0.0, "mean": 17.553311258278136, "stddev": 6.989299221317189}]}, {"column_name": "Advanced_Regents_%_of_grads", "number_non_empty_cells": 600, "number_empty_cells": 4, "number_distinct_values": 236, "frequent_values": [0.0, 25.7, 24.8, 21.8, 29.8], "dataTypes": [{"type": "REAL", "count": 600, "max_value": 48.4, "min_value": 0.0, "mean": 25.630166666666682, "stddev": 8.664346867415269}]}, {"column_name": "Regents_without_Advanced_#", "number_non_empty_cells": 604, "number_empty_cells": 0, "number_distinct_values": 557, "frequent_values": [83, 0, 1, 148, 15], "dataTypes": [{"type": "INTEGER (LONG)", "count": 604, "max_value": 8084, "min_value": 0, "mean": 2904.5397350993385, "stddev": 2156.843211536156}]}, {"column_name": "Regents_without_Advanced_%_of_cohort", "number_non_empty_cells": 604, "number_empty_cells": 0, "number_distinct_values": 323, "frequent_values": [45.5, 46.7, 49.0, 48.2, 46.8], "dataTypes": [{"type": "REAL", "count": 604, "max_value": 59.0, "min_value": 0.0, "mean": 37.77599337748346, "stddev": 13.163977406753586}]}, {"column_name": "Regents_without_Advanced_%_of_grads", "number_non_empty_cells": 600, "number_empty_cells": 4, "number_distinct_values": 303, "frequent_values": [67.1, 63.6, 57.6, 67.3, 43.6], "dataTypes": [{"type": "REAL", "count": 600, "max_value": 100.0, "min_value": 4.4, "mean": 56.12049999999999, "stddev": 13.71627730411329}]}, {"column_name": "Local_#", "number_non_empty_cells": 604, "number_empty_cells": 0, "number_distinct_values": 471, "frequent_values": [0, 120, 203, 134, 190], "dataTypes": [{"type": "INTEGER (LONG)", "count": 604, "max_value": 3326, "min_value": 0, "mean": 767.6440397350996, "stddev": 782.9416262913265}]}, {"column_name": "Local_%_of_cohort", "number_non_empty_cells": 604, "number_empty_cells": 0, "number_distinct_values": 234, "frequent_values": [6.7, 3.9, 5.6, 4.6, 3.7], "dataTypes": [{"type": "REAL", "count": 604, "max_value": 35.1, "min_value": 0.0, "mean": 10.597847682119218, "stddev": 7.562696793125205}]}, {"column_name": "Local_%_of_grads", "number_non_empty_cells": 600, "number_empty_cells": 4, "number_distinct_values": 296, "frequent_values": [4.9, 5.9, 4.7, 4.6, 7.5], "dataTypes": [{"type": "REAL", "count": 600, "max_value": 96.2, "min_value": 0.0, "mean": 18.29150000000001, "stddev": 16.132871549004122}]}, {"column_name": "Still_Enrolled_#", "number_non_empty_cells": 604, "number_empty_cells": 0, "number_distinct_values": 512, "frequent_values": [415, 135, 263, 560, 6], "dataTypes": [{"type": "INTEGER (LONG)", "count": 604, "max_value": 4382, "min_value": 1, "mean": 984.5082781456957, "stddev": 941.396851167682}]}, {"column_name": "Still_Enrolled_%_of_cohort", "number_non_empty_cells": 604, "number_empty_cells": 0, "number_distinct_values": 246, "frequent_values": [9.0, 6.7, 10.0, 20.0, 3.7], "dataTypes": [{"type": "REAL", "count": 604, "max_value": 53.8, "min_value": 1.6, "mean": 13.813245033112567, "stddev": 8.87990458078237}]}, {"column_name": "Dropout_#", "number_non_empty_cells": 604, "number_empty_cells": 0, "number_distinct_values": 462, "frequent_values": [170, 214, 397, 462, 6], "dataTypes": [{"type": "INTEGER (LONG)", "count": 604, "max_value": 4244, "min_value": 4, "mean": 1077.0049668874174, "stddev": 732.1220099085597}]}, {"column_name": "Dropout_%_of_cohort", "number_non_empty_cells": 604, "number_empty_cells": 0, "number_distinct_values": 212, "frequent_values": [12.7, 9.0, 12.4, 16.5, 8.9], "dataTypes": [{"type": "REAL", "count": 604, "max_value": 80.0, "min_value": 3.7, "mean": 16.874006622516557, "stddev": 11.683011234123027}]}, {"column_name": "SACC_(IEP_Diploma)_#", "number_non_empty_cells": 604, "number_empty_cells": 0, "number_distinct_values": 250, "frequent_values": [0, 24, 56, 51, 60], "dataTypes": [{"type": "INTEGER (LONG)", "count": 604, "max_value": 618, "min_value": 0, "mean": 135.30463576158905, "stddev": 121.50240470612349}]}, {"column_name": "SACC_(IEP_Diploma)__%_of_cohort", "number_non_empty_cells": 604, "number_empty_cells": 0, "number_distinct_values": 56, "frequent_values": [1.1, 1.0, 0.9, 1.4, 1.2], "dataTypes": [{"type": "REAL", "count": 604, "max_value": 7.1, "min_value": 0.0, "mean": 1.8508278145695347, "stddev": 1.234982361788352}]}, {"column_name": "TASC_(GED)_#", "number_non_empty_cells": 604, "number_empty_cells": 0, "number_distinct_values": 188, "frequent_values": [0, 48, 60, 3, 41], "dataTypes": [{"type": "INTEGER (LONG)", "count": 604, "max_value": 459, "min_value": 0, "mean": 88.73178807947025, "stddev": 69.22980435267789}]}, {"column_name": "TASC_(GED)_%_of_cohort", "number_non_empty_cells": 604, "number_empty_cells": 0, "number_distinct_values": 51, "frequent_values": [0.8, 0.9, 1.2, 1.3, 0.7], "dataTypes": [{"type": "REAL", "count": 604, "max_value": 6.5, "min_value": 0.0, "mean": 1.3750000000000013, "stddev": 1.0571363448749778}]}]}