{"dataset_name": "/user/hm74/NYCOpenData/26kp-bgdh.tsv.gz", "columns": [{"column_name": "Grade", "number_non_empty_cells": 231, "number_empty_cells": 0, "number_distinct_values": 7, "frequent_values": ["7", "3", "8", "5", "6"], "dataTypes": [{"type": "INTEGER (LONG)", "count": 198, "max_value": 8, "min_value": 3, "mean": 5.5, "stddev": 1.7078251276599323}, {"type": "TEXT", "count": 33, "shortest_values": [["All Grades", 10], ["All Grades", 10], ["All Grades", 10], ["All Grades", 10], ["All Grades", 10]], "longest_values": [["All Grades", 10], ["All Grades", 10], ["All Grades", 10], ["All Grades", 10], ["All Grades", 10]], "average_length": 10.0}]}, {"column_name": "Year", "number_non_empty_cells": 231, "number_empty_cells": 0, "number_distinct_values": 3, "frequent_values": [2015, 2013, 2014], "dataTypes": [{"type": "INTEGER (LONG)", "count": 231, "max_value": 2015, "min_value": 2013, "mean": 2014.0, "stddev": 0.8164965809277239}]}, {"column_name": "Category", "number_non_empty_cells": 231, "number_empty_cells": 0, "number_distinct_values": 11, "frequent_values": ["Former ELL", "ELL", "EP", "Not SWD", "Female"], "dataTypes": [{"type": "TEXT", "count": 231, "shortest_values": [["EP", 2], ["EP", 2], ["EP", 2], ["EP", 2], ["EP", 2]], "longest_values": [["Former ELL", 10], ["Former ELL", 10], ["Former ELL", 10], ["Former ELL", 10], ["Former ELL", 10]], "average_length": 5.2727272727272725}]}, {"column_name": "Number_Tested", "number_non_empty_cells": 231, "number_empty_cells": 0, "number_distinct_values": 231, "frequent_values": [65300, 18467, 56204, 55539, 7120], "dataTypes": [{"type": "INTEGER (LONG)", "count": 231, "max_value": 339380, "min_value": 2194, "mean": 42417.24675324674, "stddev": 60704.82945659841}]}, {"column_name": "Mean_Scale_Score", "number_non_empty_cells": 231, "number_empty_cells": 0, "number_distinct_values": 48, "frequent_values": [289, 301, 303, 302, 300], "dataTypes": [{"type": "INTEGER (LONG)", "count": 231, "max_value": 317, "min_value": 255, "mean": 293.9307359307362, "stddev": 15.874629460159584}]}, {"column_name": "#_Level_1", "number_non_empty_cells": 231, "number_empty_cells": 0, "number_distinct_values": 228, "frequent_values": [13759, 6505, 1905, 9946, 808], "dataTypes": [{"type": "INTEGER (LONG)", "count": 231, "max_value": 106074, "min_value": 497, "mean": 14822.363636363636, "stddev": 19818.15042233106}]}, {"column_name": "%_Level_1", "number_non_empty_cells": 231, "number_empty_cells": 0, "number_distinct_values": 180, "frequent_values": [28.5, 31.3, 31.9, 45.6, 65.3], "dataTypes": [{"type": "REAL", "count": 231, "max_value": 83.0, "min_value": 13.9, "mean": 37.94415584415585, "stddev": 18.207879652234585}]}, {"column_name": "#_Level_2", "number_non_empty_cells": 231, "number_empty_cells": 0, "number_distinct_values": 229, "frequent_values": [11845, 3320, 7387, 75515, 3488], "dataTypes": [{"type": "INTEGER (LONG)", "count": 231, "max_value": 135408, "min_value": 1095, "mean": 15567.584415584428, "stddev": 23316.76448321717}]}, {"column_name": "%_Level_2", "number_non_empty_cells": 231, "number_empty_cells": 0, "number_distinct_values": 150, "frequent_values": [38.8, 31.5, 38.6, 36.9, 38.4], "dataTypes": [{"type": "REAL", "count": 231, "max_value": 62.5, "min_value": 15.5, "mean": 35.5930735930736, "stddev": 7.74816523952604}]}, {"column_name": "#_Level_3", "number_non_empty_cells": 231, "number_empty_cells": 0, "number_distinct_values": 227, "frequent_values": [3684, 3362, 143, 2639, 16680], "dataTypes": [{"type": "INTEGER (LONG)", "count": 231, "max_value": 79562, "min_value": 73, "mean": 8471.402597402597, "stddev": 13590.378735068087}]}, {"column_name": "%_Level_3", "number_non_empty_cells": 231, "number_empty_cells": 0, "number_distinct_values": 164, "frequent_values": [18.1, 14.7, 22.1, 20.5, 22.4], "dataTypes": [{"type": "REAL", "count": 231, "max_value": 41.5, "min_value": 1.0, "mean": 18.597835497835504, "stddev": 9.486492771223737}]}, {"column_name": "#_Level_4", "number_non_empty_cells": 230, "number_empty_cells": 1, "number_distinct_values": 222, "frequent_values": [53, 1475, 6, 306, 6367], "dataTypes": [{"type": "INTEGER (LONG)", "count": 230, "max_value": 37042, "min_value": 5, "mean": 3571.3521739130438, "stddev": 6070.7875058505315}]}, {"column_name": "%_Level_4", "number_non_empty_cells": 231, "number_empty_cells": 0, "number_distinct_values": 129, "frequent_values": [3.7, 0.5, 0.1, 0.6, 4.3], "dataTypes": [{"type": "REAL", "count": 231, "max_value": 30.5, "min_value": 0.0, "mean": 7.868831168831169, "stddev": 6.7287892121494846}]}, {"column_name": "#_Level_3+4", "number_non_empty_cells": 231, "number_empty_cells": 0, "number_distinct_values": 228, "frequent_values": [753, 5424, 5707, 34780, 897], "dataTypes": [{"type": "INTEGER (LONG)", "count": 231, "max_value": 116604, "min_value": 94, "mean": 12027.298701298696, "stddev": 19497.60516789362}]}, {"column_name": "%_Level_3+4", "number_non_empty_cells": 231, "number_empty_cells": 0, "number_distinct_values": 182, "frequent_values": [51.6, 49.5, 30.2, 18.4, 34.2], "dataTypes": [{"type": "REAL", "count": 231, "max_value": 56.8, "min_value": 1.2, "mean": 26.46580086580086, "stddev": 14.788067002056598}]}]}