{"dataset_name": "/user/hm74/NYCOpenData/26ze-s5bx.tsv.gz", "columns": [{"column_name": "Fiscal year", "number_non_empty_cells": 10, "number_empty_cells": 0, "number_distinct_values": 10, "frequent_values": [2003, 2007, 2006, 2004, 2009], "dataTypes": [{"type": "INTEGER (LONG)", "count": 10, "max_value": 2010, "min_value": 2001, "mean": 2005.5, "stddev": 2.8722813232690143}]}, {"column_name": "Inmate Population", "number_non_empty_cells": 10, "number_empty_cells": 0, "number_distinct_values": 10, "frequent_values": [13751, 13497, 13049, 14533, 14490], "dataTypes": [{"type": "INTEGER (LONG)", "count": 10, "max_value": 14533, "min_value": 13049, "mean": 13802.9, "stddev": 443.72974883367914}]}]}