{"dataset_name": "/user/hm74/NYCOpenData/276h-y36a.tsv.gz", "columns": [{"column_name": "Borough", "number_non_empty_cells": 157, "number_empty_cells": 0, "number_distinct_values": 5, "frequent_values": ["Manhattan", "Brooklyn", "Staten Is", "Bronx", "Queens"], "dataTypes": [{"type": "TEXT", "count": 157, "shortest_values": [["Bronx", 5], ["Bronx", 5], ["Bronx", 5], ["Bronx", 5], ["Bronx", 5]], "longest_values": [["Manhattan", 9], ["Manhattan", 9], ["Manhattan", 9], ["Manhattan", 9], ["Manhattan", 9]], "average_length": 7.452229299363056}]}, {"column_name": "Grade Level", "number_non_empty_cells": 157, "number_empty_cells": 0, "number_distinct_values": 10, "frequent_values": ["K-8 SC", "3", "5", "1", "2"], "dataTypes": [{"type": "INTEGER (LONG)", "count": 120, "max_value": 8, "min_value": 1, "mean": 3.9916666666666663, "stddev": 2.1621587720506454}, {"type": "TEXT", "count": 37, "shortest_values": [["K", 1], ["K", 1], ["K", 1], ["K", 1], ["K", 1]], "longest_values": [["K-8 SC", 6], ["K-8 SC", 6], ["K-8 SC", 6], ["K-8 SC", 6], ["K-8 SC", 6]], "average_length": 3.8378378378378377}]}, {"column_name": "Program Type", "number_non_empty_cells": 157, "number_empty_cells": 0, "number_distinct_values": 9, "frequent_values": ["ICT", "Gen Ed", "G&T", "ICT & G&T", "SC 12:1"], "dataTypes": [{"type": "TEXT", "count": 157, "shortest_values": [["G&T", 3], ["ICT", 3], ["G&T", 3], ["ICT", 3], ["G&T", 3]], "longest_values": [["ICT & G&T", 9], ["ICT & G&T", 9], ["ICT & G&T", 9], ["ICT & G&T", 9], ["ICT & G&T", 9]], "average_length": 5.1210191082802545}]}, {"column_name": "Number of Students", "number_non_empty_cells": 157, "number_empty_cells": 0, "number_distinct_values": 155, "frequent_values": [126, 58, 1580, 10468, 6266], "dataTypes": [{"type": "INTEGER (LONG)", "count": 157, "max_value": 15132, "min_value": 2, "mean": 3964.242038216557, "stddev": 4311.4912406831545}]}, {"column_name": "Number of Classes", "number_non_empty_cells": 157, "number_empty_cells": 0, "number_distinct_values": 107, "frequent_values": [1, 2, 4, 5, 25], "dataTypes": [{"type": "INTEGER (LONG)", "count": 157, "max_value": 809, "min_value": 1, "mean": 170.5541401273886, "stddev": 186.4798411230547}]}, {"column_name": "Average Class Size", "number_non_empty_cells": 157, "number_empty_cells": 0, "number_distinct_values": 88, "frequent_values": [25.3, 27.0, 25.8, 21.9, 27.4], "dataTypes": [{"type": "REAL", "count": 157, "max_value": 32.0, "min_value": 2.0, "mean": 23.457324840764336, "stddev": 6.688712840878049}]}]}