{"dataset_name": "/user/hm74/NYCOpenData/27h8-t3wt.tsv.gz", "columns": [{"column_name": "district", "number_non_empty_cells": 1120, "number_empty_cells": 0, "number_distinct_values": 32, "frequent_values": [31, 28, 26, 27, 12], "dataTypes": [{"type": "INTEGER (LONG)", "count": 1120, "max_value": 32, "min_value": 1, "mean": 16.499999999999986, "stddev": 9.233092656309696}]}, {"column_name": "Grade", "number_non_empty_cells": 1120, "number_empty_cells": 0, "number_distinct_values": 7, "frequent_values": ["7", "3", "8", "5", "6"], "dataTypes": [{"type": "INTEGER (LONG)", "count": 960, "max_value": 8, "min_value": 3, "mean": 5.500000000000001, "stddev": 1.707825127659933}, {"type": "TEXT", "count": 160, "shortest_values": [["All Grades", 10], ["All Grades", 10], ["All Grades", 10], ["All Grades", 10], ["All Grades", 10]], "longest_values": [["All Grades", 10], ["All Grades", 10], ["All Grades", 10], ["All Grades", 10], ["All Grades", 10]], "average_length": 10.0}]}, {"column_name": "Year", "number_non_empty_cells": 1120, "number_empty_cells": 0, "number_distinct_values": 5, "frequent_values": [2015, 2013, 2014, 2016, 2017], "dataTypes": [{"type": "INTEGER (LONG)", "count": 1120, "max_value": 2017, "min_value": 2013, "mean": 2014.9999999999993, "stddev": 1.4142135623730956}]}, {"column_name": "Category", "number_non_empty_cells": 1120, "number_empty_cells": 0, "number_distinct_values": 1, "frequent_values": ["All Students"], "dataTypes": [{"type": "TEXT", "count": 1120, "shortest_values": [["All Students", 12], ["All Students", 12], ["All Students", 12], ["All Students", 12], ["All Students", 12]], "longest_values": [["All Students", 12], ["All Students", 12], ["All Students", 12], ["All Students", 12], ["All Students", 12]], "average_length": 12.0}]}, {"column_name": "Number_Tested", "number_non_empty_cells": 1120, "number_empty_cells": 0, "number_distinct_values": 1002, "frequent_values": [748, 1257, 1082, 1774, 1270], "dataTypes": [{"type": "INTEGER (LONG)", "count": 1120, "max_value": 26943, "min_value": 322, "mean": 3605.6071428571486, "stddev": 4505.122649069974}]}, {"column_name": "Mean_Scale_Score", "number_non_empty_cells": 1120, "number_empty_cells": 0, "number_distinct_values": 73, "frequent_values": [290, 292, 286, 281, 280], "dataTypes": [{"type": "INTEGER (LONG)", "count": 1120, "max_value": 341, "min_value": 262, "mean": 298.49375000000003, "stddev": 15.435868370975196}]}, {"column_name": "Level1_N", "number_non_empty_cells": 1120, "number_empty_cells": 0, "number_distinct_values": 834, "frequent_values": [509, 394, 486, 734, 514], "dataTypes": [{"type": "INTEGER (LONG)", "count": 1120, "max_value": 11293, "min_value": 92, "mean": 1227.3214285714262, "stddev": 1570.8671087871792}]}, {"column_name": "Level1_%", "number_non_empty_cells": 1120, "number_empty_cells": 0, "number_distinct_values": 477, "frequent_values": [25.3, 40.2, 43.8, 52.9, 44.3], "dataTypes": [{"type": "REAL", "count": 1120, "max_value": 71.7, "min_value": 5.3, "mean": 36.93803571428577, "stddev": 14.397180393550636}]}, {"column_name": "Level2_N", "number_non_empty_cells": 1120, "number_empty_cells": 0, "number_distinct_values": 819, "frequent_values": [721, 589, 267, 337, 452], "dataTypes": [{"type": "INTEGER (LONG)", "count": 1120, "max_value": 9759, "min_value": 102, "mean": 1130.8857142857137, "stddev": 1453.6765997227963}]}, {"column_name": "Level2_%", "number_non_empty_cells": 1120, "number_empty_cells": 0, "number_distinct_values": 239, "frequent_values": [31.3, 32.0, 29.9, 32.1, 32.2], "dataTypes": [{"type": "REAL", "count": 1120, "max_value": 45.8, "min_value": 15.3, "mean": 31.25214285714283, "stddev": 5.153512572676494}]}, {"column_name": "Level3_N", "number_non_empty_cells": 1120, "number_empty_cells": 0, "number_distinct_values": 727, "frequent_values": [127, 84, 197, 155, 211], "dataTypes": [{"type": "INTEGER (LONG)", "count": 1120, "max_value": 6405, "min_value": 19, "mean": 701.1446428571433, "stddev": 980.85985172261}]}, {"column_name": "Level3_%", "number_non_empty_cells": 1120, "number_empty_cells": 0, "number_distinct_values": 265, "frequent_values": [16.8, 13.2, 18.2, 18.1, 17.2], "dataTypes": [{"type": "REAL", "count": 1120, "max_value": 34.9, "min_value": 3.5, "mean": 18.08669642857143, "stddev": 6.438373503621094}]}, {"column_name": "Level4_N", "number_non_empty_cells": 1120, "number_empty_cells": 0, "number_distinct_values": 644, "frequent_values": [21, 53, 79, 72, 10], "dataTypes": [{"type": "INTEGER (LONG)", "count": 1120, "max_value": 7633, "min_value": 1, "mean": 546.2553571428565, "stddev": 916.2140516081155}]}, {"column_name": "Level4_%", "number_non_empty_cells": 1120, "number_empty_cells": 0, "number_distinct_values": 355, "frequent_values": [3.2, 4.0, 5.8, 2.5, 3.4], "dataTypes": [{"type": "REAL", "count": 1120, "max_value": 53.1, "min_value": 0.2, "mean": 13.720178571428571, "stddev": 11.244903764923817}]}, {"column_name": "Level3+4_N", "number_non_empty_cells": 1120, "number_empty_cells": 0, "number_distinct_values": 830, "frequent_values": [253, 291, 217, 236, 321], "dataTypes": [{"type": "INTEGER (LONG)", "count": 1120, "max_value": 13561, "min_value": 24, "mean": 1247.400000000001, "stddev": 1853.0746772979376}]}, {"column_name": "Level3+4_%", "number_non_empty_cells": 1120, "number_empty_cells": 0, "number_distinct_values": 513, "frequent_values": [15.9, 15.4, 22.3, 17.5, 20.2], "dataTypes": [{"type": "REAL", "count": 1120, "max_value": 79.3, "min_value": 3.8, "mean": 31.809285714285743, "stddev": 16.75118288543304}]}]}