{"dataset_name": "/user/hm74/NYCOpenData/28rh-vpvr.tsv.gz", "columns": [{"column_name": "School_Year", "number_non_empty_cells": 774, "number_empty_cells": 0, "number_distinct_values": 4, "frequent_values": ["2017-2018", "2018-2019", "2016-2017", "2015-2016"], "dataTypes": [{"type": "TEXT", "count": 774, "shortest_values": [["2015-2016", 9], ["2015-2016", 9], ["2018-2019", 9], ["2015-2016", 9], ["2015-2016", 9]], "longest_values": [["2015-2016", 9], ["2015-2016", 9], ["2018-2019", 9], ["2015-2016", 9], ["2015-2016", 9]], "average_length": 9.0}]}, {"column_name": "Vendor_Name", "number_non_empty_cells": 751, "number_empty_cells": 23, "number_distinct_values": 93, "frequent_values": ["BORO TRANSIT, INC.", "G.V.C., LTD.", "PRIDE TRANSPORTATION (SCH AGE)", "B & F SKILLED INC.(B2192)", "VAN TRANS LLC (B2192)"], "dataTypes": [{"type": "TEXT", "count": 774, "shortest_values": [["MJT BUS", 7], ["MJT BUS", 7], ["MJT BUS", 7], ["SMART PICK", 10], ["SMART PICK", 10]], "longest_values": [["MONTAUK STUDENT TRANS, INC. (B2321)", 35], ["MONTAUK STUDENT TRANS, INC. (B2321)", 35], ["MONTAUK STUDENT TRANS, INC. (B2321)", 35], ["MONTAUK STUDENT TRANS, INC. (B2321)", 35], ["MONTAUK STUDENT TRANS, INC. (B2321)", 35]], "average_length": 22.872093023255815}]}, {"column_name": "Vehicle_TypeDescription", "number_non_empty_cells": 774, "number_empty_cells": 0, "number_distinct_values": 11, "frequent_values": ["Mini-Wagon", "Standard Bus (SE)", "Standard Bus (GE)", "Type A or B Flex Vehicle", "Ramp-Wagon"], "dataTypes": [{"type": "TEXT", "count": 774, "shortest_values": [["Mini-Wagon", 10], ["Mini-Wagon", 10], ["Mini-Wagon", 10], ["Ramp-Wagon", 10], ["Mini-Wagon", 10]], "longest_values": [["Non-Wheelchair Accessible Alternative (NWC)", 43], ["Non-Wheelchair Accessible Alternative (NWC)", 43], ["Non-Wheelchair Accessible Alternative (NWC)", 43], ["Non-Wheelchair Accessible Alternative (NWC)", 43], ["Non-Wheelchair Accessible Alternative (NWC)", 43]], "average_length": 16.935400516795845}]}, {"column_name": "Active_Vehicles", "number_non_empty_cells": 774, "number_empty_cells": 0, "number_distinct_values": 174, "frequent_values": [1, 2, 10, 6, 3], "dataTypes": [{"type": "INTEGER (LONG)", "count": 774, "max_value": 833, "min_value": 1, "mean": 56.44186046511632, "stddev": 107.40597043659886}]}]}