{"dataset_name": "/user/hm74/NYCOpenData/29bv-qqsy.tsv.gz", "columns": [{"column_name": "DBN", "number_non_empty_cells": 1743, "number_empty_cells": 0, "number_distinct_values": 1743, "frequent_values": ["02M042", "02M529", "08X093", "01M064", "01M539"], "dataTypes": [{"type": "DATE/TIME", "count": 34, "max_value": "2019-12-07T00:06:52", "min_value": "2019-12-07T00:01:15"}, {"type": "TEXT", "count": 1709, "shortest_values": [["01M063", 6], ["01M064", 6], ["01M110", 6], ["01M134", 6], ["01M137", 6]], "longest_values": [["CITYWIDE", 8], ["01M063", 6], ["01M064", 6], ["01M110", 6], ["01M134", 6]], "average_length": 6.001170275014628}]}, {"column_name": "LOCATION_NAME", "number_non_empty_cells": 1743, "number_empty_cells": 0, "number_distinct_values": 1706, "frequent_values": ["Home Schooling", "P.S. 253", "P.S. 360", "P.S. 212", "P.S. 185 Walter Kassenbrock"], "dataTypes": [{"type": "TEXT", "count": 1743, "shortest_values": [["LYFE", 4], ["Kappa", 5], ["P.S. 89", 7], ["Muscota", 7], ["P.S. 66", 7]], "longest_values": [["Collaborative Academy of Science, Technology, & La", 50], ["New Explorations into Science, Technology and Math", 50], ["47 The American Sign Language and English Secondar", 50], ["The Urban Assembly School for Emergency Management", 50], ["Stephen T. Mather Building Arts & Craftsmanship Hi", 50]], "average_length": 27.672977624784856}]}, {"column_name": "LOCATION_CATEGORY", "number_non_empty_cells": 1743, "number_empty_cells": 0, "number_distinct_values": 11, "frequent_values": ["Elementary", "High school", "Junior High-Intermediate-Middle", "K-8", "Secondary School"], "dataTypes": [{"type": "TEXT", "count": 1743, "shortest_values": [["K-8", 3], ["K-8", 3], ["K-8", 3], ["K-8", 3], ["K-8", 3]], "longest_values": [["This cell intentionally left blank", 34], ["Junior High-Intermediate-Middle", 31], ["Junior High-Intermediate-Middle", 31], ["Junior High-Intermediate-Middle", 31], ["Junior High-Intermediate-Middle", 31]], "average_length": 13.70109007458405}]}, {"column_name": "ADMINISTRATIVE_DISTRICT", "number_non_empty_cells": 1742, "number_empty_cells": 1, "number_distinct_values": 36, "frequent_values": [2, 10, 31, 9, 75], "dataTypes": [{"type": "INTEGER (LONG)", "count": 1742, "max_value": 97, "min_value": 1, "mean": 18.69862227324912, "stddev": 15.635206685981176}]}, {"column_name": "0K_REMOVALS", "number_non_empty_cells": 1743, "number_empty_cells": 0, "number_distinct_values": 12, "frequent_values": ["*", "6", "7", "12", "8"], "dataTypes": [{"type": "INTEGER (LONG)", "count": 17, "max_value": 413, "min_value": 6, "mean": 33.17647058823529, "stddev": 95.00417036921723}, {"type": "TEXT", "count": 1726, "shortest_values": [["*", 1], ["*", 1], ["*", 1], ["*", 1], ["*", 1]], "longest_values": [["*", 1], ["*", 1], ["*", 1], ["*", 1], ["*", 1]], "average_length": 1.0}]}, {"column_name": "0K_PRINCIPAL", "number_non_empty_cells": 1743, "number_empty_cells": 0, "number_distinct_values": 3, "frequent_values": ["*", "7", "107"], "dataTypes": [{"type": "INTEGER (LONG)", "count": 2, "max_value": 107, "min_value": 7, "mean": 57.0, "stddev": 50.0}, {"type": "TEXT", "count": 1741, "shortest_values": [["*", 1], ["*", 1], ["*", 1], ["*", 1], ["*", 1]], "longest_values": [["*", 1], ["*", 1], ["*", 1], ["*", 1], ["*", 1]], "average_length": 1.0}]}, {"column_name": "0K_SUPERINTENDENT", "number_non_empty_cells": 1743, "number_empty_cells": 0, "number_distinct_values": 2, "frequent_values": ["*", "41"], "dataTypes": [{"type": "INTEGER (LONG)", "count": 1, "max_value": 41, "min_value": 41, "mean": 41.0, "stddev": 0.0}, {"type": "TEXT", "count": 1742, "shortest_values": [["*", 1], ["*", 1], ["*", 1], ["*", 1], ["*", 1]], "longest_values": [["*", 1], ["*", 1], ["*", 1], ["*", 1], ["*", 1]], "average_length": 1.0}]}, {"column_name": "0K_EXPULSIONS", "number_non_empty_cells": 1743, "number_empty_cells": 0, "number_distinct_values": 1, "frequent_values": ["*"], "dataTypes": [{"type": "TEXT", "count": 1743, "shortest_values": [["*", 1], ["*", 1], ["*", 1], ["*", 1], ["*", 1]], "longest_values": [["*", 1], ["*", 1], ["*", 1], ["*", 1], ["*", 1]], "average_length": 1.0}]}, {"column_name": "01_REMOVALS", "number_non_empty_cells": 1743, "number_empty_cells": 0, "number_distinct_values": 12, "frequent_values": ["*", "7", "6", "8", "9"], "dataTypes": [{"type": "INTEGER (LONG)", "count": 32, "max_value": 653, "min_value": 6, "mean": 29.53125, "stddev": 112.05662195264277}, {"type": "TEXT", "count": 1711, "shortest_values": [["*", 1], ["*", 1], ["*", 1], ["*", 1], ["*", 1]], "longest_values": [["*", 1], ["*", 1], ["*", 1], ["*", 1], ["*", 1]], "average_length": 1.0}]}, {"column_name": "01_PRINCIPAL", "number_non_empty_cells": 1743, "number_empty_cells": 0, "number_distinct_values": 3, "frequent_values": ["*", "6", "170"], "dataTypes": [{"type": "INTEGER (LONG)", "count": 2, "max_value": 170, "min_value": 6, "mean": 88.0, "stddev": 82.0}, {"type": "TEXT", "count": 1741, "shortest_values": [["*", 1], ["*", 1], ["*", 1], ["*", 1], ["*", 1]], "longest_values": [["*", 1], ["*", 1], ["*", 1], ["*", 1], ["*", 1]], "average_length": 1.0}]}, {"column_name": "01_SUPERINTENDENT", "number_non_empty_cells": 1743, "number_empty_cells": 0, "number_distinct_values": 3, "frequent_values": ["*", "69", "6"], "dataTypes": [{"type": "INTEGER (LONG)", "count": 2, "max_value": 69, "min_value": 6, "mean": 37.5, "stddev": 31.5}, {"type": "TEXT", "count": 1741, "shortest_values": [["*", 1], ["*", 1], ["*", 1], ["*", 1], ["*", 1]], "longest_values": [["*", 1], ["*", 1], ["*", 1], ["*", 1], ["*", 1]], "average_length": 1.0}]}, {"column_name": "01_EXPULSIONS", "number_non_empty_cells": 1743, "number_empty_cells": 0, "number_distinct_values": 1, "frequent_values": ["*"], "dataTypes": [{"type": "TEXT", "count": 1743, "shortest_values": [["*", 1], ["*", 1], ["*", 1], ["*", 1], ["*", 1]], "longest_values": [["*", 1], ["*", 1], ["*", 1], ["*", 1], ["*", 1]], "average_length": 1.0}]}, {"column_name": "02_REMOVALS", "number_non_empty_cells": 1743, "number_empty_cells": 0, "number_distinct_values": 15, "frequent_values": ["*", "7", "6", "10", "9"], "dataTypes": [{"type": "INTEGER (LONG)", "count": 50, "max_value": 901, "min_value": 6, "mean": 27.58, "stddev": 124.87467157113967}, {"type": "TEXT", "count": 1693, "shortest_values": [["*", 1], ["*", 1], ["*", 1], ["*", 1], ["*", 1]], "longest_values": [["*", 1], ["*", 1], ["*", 1], ["*", 1], ["*", 1]], "average_length": 1.0}]}, {"column_name": "02_PRINCIPAL", "number_non_empty_cells": 1743, "number_empty_cells": 0, "number_distinct_values": 5, "frequent_values": ["*", "6", "7", "8", "285"], "dataTypes": [{"type": "INTEGER (LONG)", "count": 8, "max_value": 285, "min_value": 6, "mean": 41.625, "stddev": 91.99040371147417}, {"type": "TEXT", "count": 1735, "shortest_values": [["*", 1], ["*", 1], ["*", 1], ["*", 1], ["*", 1]], "longest_values": [["*", 1], ["*", 1], ["*", 1], ["*", 1], ["*", 1]], "average_length": 1.0}]}, {"column_name": "02_SUPERINTENDENT", "number_non_empty_cells": 1743, "number_empty_cells": 0, "number_distinct_values": 3, "frequent_values": ["*", "6", "129"], "dataTypes": [{"type": "INTEGER (LONG)", "count": 2, "max_value": 129, "min_value": 6, "mean": 67.5, "stddev": 61.5}, {"type": "TEXT", "count": 1741, "shortest_values": [["*", 1], ["*", 1], ["*", 1], ["*", 1], ["*", 1]], "longest_values": [["*", 1], ["*", 1], ["*", 1], ["*", 1], ["*", 1]], "average_length": 1.0}]}, {"column_name": "02_EXPULSIONS", "number_non_empty_cells": 1743, "number_empty_cells": 0, "number_distinct_values": 1, "frequent_values": ["*"], "dataTypes": [{"type": "TEXT", "count": 1743, "shortest_values": [["*", 1], ["*", 1], ["*", 1], ["*", 1], ["*", 1]], "longest_values": [["*", 1], ["*", 1], ["*", 1], ["*", 1], ["*", 1]], "average_length": 1.0}]}, {"column_name": "03_REMOVALS", "number_non_empty_cells": 1743, "number_empty_cells": 0, "number_distinct_values": 14, "frequent_values": ["*", "7", "6", "8", "12"], "dataTypes": [{"type": "INTEGER (LONG)", "count": 51, "max_value": 938, "min_value": 6, "mean": 27.725490196078432, "stddev": 128.77143125364665}, {"type": "TEXT", "count": 1692, "shortest_values": [["*", 1], ["*", 1], ["*", 1], ["*", 1], ["*", 1]], "longest_values": [["*", 1], ["*", 1], ["*", 1], ["*", 1], ["*", 1]], "average_length": 1.0}]}, {"column_name": "03_PRINCIPAL", "number_non_empty_cells": 1743, "number_empty_cells": 0, "number_distinct_values": 3, "frequent_values": ["*", "6", "271"], "dataTypes": [{"type": "INTEGER (LONG)", "count": 3, "max_value": 271, "min_value": 6, "mean": 94.33333333333333, "stddev": 124.9221980096234}, {"type": "TEXT", "count": 1740, "shortest_values": [["*", 1], ["*", 1], ["*", 1], ["*", 1], ["*", 1]], "longest_values": [["*", 1], ["*", 1], ["*", 1], ["*", 1], ["*", 1]], "average_length": 1.0}]}, {"column_name": "03_SUPERINTENDENT", "number_non_empty_cells": 1743, "number_empty_cells": 0, "number_distinct_values": 5, "frequent_values": ["*", "7", "8", "6", "186"], "dataTypes": [{"type": "INTEGER (LONG)", "count": 5, "max_value": 186, "min_value": 6, "mean": 42.8, "stddev": 71.60279324160476}, {"type": "TEXT", "count": 1738, "shortest_values": [["*", 1], ["*", 1], ["*", 1], ["*", 1], ["*", 1]], "longest_values": [["*", 1], ["*", 1], ["*", 1], ["*", 1], ["*", 1]], "average_length": 1.0}]}, {"column_name": "03_EXPULSIONS", "number_non_empty_cells": 1743, "number_empty_cells": 0, "number_distinct_values": 1, "frequent_values": ["*"], "dataTypes": [{"type": "TEXT", "count": 1743, "shortest_values": [["*", 1], ["*", 1], ["*", 1], ["*", 1], ["*", 1]], "longest_values": [["*", 1], ["*", 1], ["*", 1], ["*", 1], ["*", 1]], "average_length": 1.0}]}, {"column_name": "04_REMOVALS", "number_non_empty_cells": 1743, "number_empty_cells": 0, "number_distinct_values": 13, "frequent_values": ["*", "6", "7", "9", "8"], "dataTypes": [{"type": "INTEGER (LONG)", "count": 54, "max_value": 898, "min_value": 6, "mean": 25.333333333333336, "stddev": 119.90999711203152}, {"type": "TEXT", "count": 1689, "shortest_values": [["*", 1], ["*", 1], ["*", 1], ["*", 1], ["*", 1]], "longest_values": [["*", 1], ["*", 1], ["*", 1], ["*", 1], ["*", 1]], "average_length": 1.0}]}, {"column_name": "04_PRINCIPAL", "number_non_empty_cells": 1743, "number_empty_cells": 0, "number_distinct_values": 8, "frequent_values": ["*", "6", "7", "8", "614"], "dataTypes": [{"type": "INTEGER (LONG)", "count": 21, "max_value": 614, "min_value": 6, "mean": 36.666666666666664, "stddev": 129.13017917823538}, {"type": "TEXT", "count": 1722, "shortest_values": [["*", 1], ["*", 1], ["*", 1], ["*", 1], ["*", 1]], "longest_values": [["*", 1], ["*", 1], ["*", 1], ["*", 1], ["*", 1]], "average_length": 1.0}]}, {"column_name": "04_SUPERINTENDENT", "number_non_empty_cells": 1743, "number_empty_cells": 0, "number_distinct_values": 4, "frequent_values": ["*", "6", "7", "311"], "dataTypes": [{"type": "INTEGER (LONG)", "count": 4, "max_value": 311, "min_value": 6, "mean": 82.5, "stddev": 131.92516818257238}, {"type": "TEXT", "count": 1739, "shortest_values": [["*", 1], ["*", 1], ["*", 1], ["*", 1], ["*", 1]], "longest_values": [["*", 1], ["*", 1], ["*", 1], ["*", 1], ["*", 1]], "average_length": 1.0}]}, {"column_name": "04_EXPULSIONS", "number_non_empty_cells": 1743, "number_empty_cells": 0, "number_distinct_values": 1, "frequent_values": ["*"], "dataTypes": [{"type": "TEXT", "count": 1743, "shortest_values": [["*", 1], ["*", 1], ["*", 1], ["*", 1], ["*", 1]], "longest_values": [["*", 1], ["*", 1], ["*", 1], ["*", 1], ["*", 1]], "average_length": 1.0}]}, {"column_name": "05_REMOVALS", "number_non_empty_cells": 1743, "number_empty_cells": 0, "number_distinct_values": 17, "frequent_values": ["*", "7", "6", "8", "10"], "dataTypes": [{"type": "INTEGER (LONG)", "count": 56, "max_value": 1014, "min_value": 6, "mean": 28.82142857142857, "stddev": 132.9851102222212}, {"type": "TEXT", "count": 1687, "shortest_values": [["*", 1], ["*", 1], ["*", 1], ["*", 1], ["*", 1]], "longest_values": [["*", 1], ["*", 1], ["*", 1], ["*", 1], ["*", 1]], "average_length": 1.0}]}, {"column_name": "05_PRINCIPAL", "number_non_empty_cells": 1743, "number_empty_cells": 0, "number_distinct_values": 11, "frequent_values": ["*", "6", "7", "9", "8"], "dataTypes": [{"type": "INTEGER (LONG)", "count": 36, "max_value": 835, "min_value": 6, "mean": 31.138888888888893, "stddev": 135.89521142282504}, {"type": "TEXT", "count": 1707, "shortest_values": [["*", 1], ["*", 1], ["*", 1], ["*", 1], ["*", 1]], "longest_values": [["*", 1], ["*", 1], ["*", 1], ["*", 1], ["*", 1]], "average_length": 1.0}]}, {"column_name": "05_SUPERINTENDENT", "number_non_empty_cells": 1743, "number_empty_cells": 0, "number_distinct_values": 6, "frequent_values": ["*", "6", "7", "11", "391"], "dataTypes": [{"type": "INTEGER (LONG)", "count": 8, "max_value": 391, "min_value": 6, "mean": 55.75000000000001, "stddev": 126.73175411079893}, {"type": "TEXT", "count": 1735, "shortest_values": [["*", 1], ["*", 1], ["*", 1], ["*", 1], ["*", 1]], "longest_values": [["*", 1], ["*", 1], ["*", 1], ["*", 1], ["*", 1]], "average_length": 1.0}]}, {"column_name": "05_EXPULSIONS", "number_non_empty_cells": 1743, "number_empty_cells": 0, "number_distinct_values": 1, "frequent_values": ["*"], "dataTypes": [{"type": "TEXT", "count": 1743, "shortest_values": [["*", 1], ["*", 1], ["*", 1], ["*", 1], ["*", 1]], "longest_values": [["*", 1], ["*", 1], ["*", 1], ["*", 1], ["*", 1]], "average_length": 1.0}]}, {"column_name": "06_REMOVALS", "number_non_empty_cells": 1743, "number_empty_cells": 0, "number_distinct_values": 25, "frequent_values": ["*", "6", "7", "10", "8"], "dataTypes": [{"type": "INTEGER (LONG)", "count": 66, "max_value": 1456, "min_value": 6, "mean": 36.15151515151515, "stddev": 176.41318943547057}, {"type": "TEXT", "count": 1677, "shortest_values": [["*", 1], ["*", 1], ["*", 1], ["*", 1], ["*", 1]], "longest_values": [["*", 1], ["*", 1], ["*", 1], ["*", 1], ["*", 1]], "average_length": 1.0}]}, {"column_name": "06_PRINCIPAL", "number_non_empty_cells": 1743, "number_empty_cells": 0, "number_distinct_values": 33, "frequent_values": ["*", "6", "7", "10", "8"], "dataTypes": [{"type": "INTEGER (LONG)", "count": 110, "max_value": 2241, "min_value": 6, "mean": 34.52727272727273, "stddev": 211.60712778383817}, {"type": "TEXT", "count": 1633, "shortest_values": [["*", 1], ["*", 1], ["*", 1], ["*", 1], ["*", 1]], "longest_values": [["*", 1], ["*", 1], ["*", 1], ["*", 1], ["*", 1]], "average_length": 1.0}]}, {"column_name": "06_SUPERINTENDENT", "number_non_empty_cells": 1743, "number_empty_cells": 0, "number_distinct_values": 11, "frequent_values": ["*", "6", "7", "9", "10"], "dataTypes": [{"type": "INTEGER (LONG)", "count": 41, "max_value": 920, "min_value": 6, "mean": 30.463414634146346, "stddev": 140.67677839140393}, {"type": "TEXT", "count": 1702, "shortest_values": [["*", 1], ["*", 1], ["*", 1], ["*", 1], ["*", 1]], "longest_values": [["*", 1], ["*", 1], ["*", 1], ["*", 1], ["*", 1]], "average_length": 1.0}]}, {"column_name": "06_EXPULSIONS", "number_non_empty_cells": 1743, "number_empty_cells": 0, "number_distinct_values": 1, "frequent_values": ["*"], "dataTypes": [{"type": "TEXT", "count": 1743, "shortest_values": [["*", 1], ["*", 1], ["*", 1], ["*", 1], ["*", 1]], "longest_values": [["*", 1], ["*", 1], ["*", 1], ["*", 1], ["*", 1]], "average_length": 1.0}]}, {"column_name": "07_REMOVALS", "number_non_empty_cells": 1743, "number_empty_cells": 0, "number_distinct_values": 29, "frequent_values": ["*", "19", "8", "12", "16"], "dataTypes": [{"type": "INTEGER (LONG)", "count": 76, "max_value": 1842, "min_value": 6, "mean": 41.18421052631578, "stddev": 208.30871008688268}, {"type": "TEXT", "count": 1667, "shortest_values": [["*", 1], ["*", 1], ["*", 1], ["*", 1], ["*", 1]], "longest_values": [["*", 1], ["*", 1], ["*", 1], ["*", 1], ["*", 1]], "average_length": 1.0}]}, {"column_name": "07_PRINCIPAL", "number_non_empty_cells": 1743, "number_empty_cells": 0, "number_distinct_values": 38, "frequent_values": ["*", "8", "6", "7", "9"], "dataTypes": [{"type": "INTEGER (LONG)", "count": 153, "max_value": 3215, "min_value": 6, "mean": 36.79738562091504, "stddev": 258.0638406974483}, {"type": "TEXT", "count": 1590, "shortest_values": [["*", 1], ["*", 1], ["*", 1], ["*", 1], ["*", 1]], "longest_values": [["*", 1], ["*", 1], ["*", 1], ["*", 1], ["*", 1]], "average_length": 1.0}]}, {"column_name": "07_SUPERINTENDENT", "number_non_empty_cells": 1743, "number_empty_cells": 0, "number_distinct_values": 16, "frequent_values": ["*", "6", "7", "9", "8"], "dataTypes": [{"type": "INTEGER (LONG)", "count": 93, "max_value": 1529, "min_value": 6, "mean": 25.709677419354847, "stddev": 156.7675891347499}, {"type": "TEXT", "count": 1650, "shortest_values": [["*", 1], ["*", 1], ["*", 1], ["*", 1], ["*", 1]], "longest_values": [["*", 1], ["*", 1], ["*", 1], ["*", 1], ["*", 1]], "average_length": 1.0}]}, {"column_name": "07_EXPULSIONS", "number_non_empty_cells": 1743, "number_empty_cells": 0, "number_distinct_values": 1, "frequent_values": ["*"], "dataTypes": [{"type": "TEXT", "count": 1743, "shortest_values": [["*", 1], ["*", 1], ["*", 1], ["*", 1], ["*", 1]], "longest_values": [["*", 1], ["*", 1], ["*", 1], ["*", 1], ["*", 1]], "average_length": 1.0}]}, {"column_name": "08_REMOVALS", "number_non_empty_cells": 1743, "number_empty_cells": 0, "number_distinct_values": 26, "frequent_values": ["*", "6", "8", "7", "10"], "dataTypes": [{"type": "INTEGER (LONG)", "count": 88, "max_value": 1601, "min_value": 6, "mean": 30.431818181818183, "stddev": 168.56660374075943}, {"type": "TEXT", "count": 1655, "shortest_values": [["*", 1], ["*", 1], ["*", 1], ["*", 1], ["*", 1]], "longest_values": [["*", 1], ["*", 1], ["*", 1], ["*", 1], ["*", 1]], "average_length": 1.0}]}, {"column_name": "08_PRINCIPAL", "number_non_empty_cells": 1743, "number_empty_cells": 0, "number_distinct_values": 36, "frequent_values": ["*", "6", "9", "7", "8"], "dataTypes": [{"type": "INTEGER (LONG)", "count": 156, "max_value": 3145, "min_value": 6, "mean": 35.51282051282051, "stddev": 250.05262233817615}, {"type": "TEXT", "count": 1587, "shortest_values": [["*", 1], ["*", 1], ["*", 1], ["*", 1], ["*", 1]], "longest_values": [["*", 1], ["*", 1], ["*", 1], ["*", 1], ["*", 1]], "average_length": 1.0}]}, {"column_name": "08_SUPERINTENDENT", "number_non_empty_cells": 1743, "number_empty_cells": 0, "number_distinct_values": 21, "frequent_values": ["*", "6", "11", "7", "9"], "dataTypes": [{"type": "INTEGER (LONG)", "count": 117, "max_value": 1995, "min_value": 6, "mean": 27.75213675213675, "stddev": 182.75329716215634}, {"type": "TEXT", "count": 1626, "shortest_values": [["*", 1], ["*", 1], ["*", 1], ["*", 1], ["*", 1]], "longest_values": [["*", 1], ["*", 1], ["*", 1], ["*", 1], ["*", 1]], "average_length": 1.0}]}, {"column_name": "08_EXPULSIONS", "number_non_empty_cells": 1743, "number_empty_cells": 0, "number_distinct_values": 1, "frequent_values": ["*"], "dataTypes": [{"type": "TEXT", "count": 1743, "shortest_values": [["*", 1], ["*", 1], ["*", 1], ["*", 1], ["*", 1]], "longest_values": [["*", 1], ["*", 1], ["*", 1], ["*", 1], ["*", 1]], "average_length": 1.0}]}, {"column_name": "09_REMOVALS", "number_non_empty_cells": 1743, "number_empty_cells": 0, "number_distinct_values": 19, "frequent_values": ["*", "7", "8", "10", "11"], "dataTypes": [{"type": "INTEGER (LONG)", "count": 46, "max_value": 907, "min_value": 6, "mean": 33.95652173913044, "stddev": 130.78724118761323}, {"type": "TEXT", "count": 1697, "shortest_values": [["*", 1], ["*", 1], ["*", 1], ["*", 1], ["*", 1]], "longest_values": [["*", 1], ["*", 1], ["*", 1], ["*", 1], ["*", 1]], "average_length": 1.0}]}, {"column_name": "09_PRINCIPAL", "number_non_empty_cells": 1743, "number_empty_cells": 0, "number_distinct_values": 57, "frequent_values": ["*", "7", "8", "6", "10"], "dataTypes": [{"type": "INTEGER (LONG)", "count": 260, "max_value": 6498, "min_value": 6, "mean": 48.36538461538463, "stddev": 401.23336911837583}, {"type": "TEXT", "count": 1483, "shortest_values": [["*", 1], ["*", 1], ["*", 1], ["*", 1], ["*", 1]], "longest_values": [["*", 1], ["*", 1], ["*", 1], ["*", 1], ["*", 1]], "average_length": 1.0}]}, {"column_name": "09_SUPERINTENDENT", "number_non_empty_cells": 1743, "number_empty_cells": 0, "number_distinct_values": 22, "frequent_values": ["*", "6", "7", "8", "12"], "dataTypes": [{"type": "INTEGER (LONG)", "count": 122, "max_value": 1901, "min_value": 6, "mean": 26.565573770491802, "stddev": 170.5201294643528}, {"type": "TEXT", "count": 1621, "shortest_values": [["*", 1], ["*", 1], ["*", 1], ["*", 1], ["*", 1]], "longest_values": [["*", 1], ["*", 1], ["*", 1], ["*", 1], ["*", 1]], "average_length": 1.0}]}, {"column_name": "09_EXPULSIONS", "number_non_empty_cells": 1743, "number_empty_cells": 0, "number_distinct_values": 1, "frequent_values": ["*"], "dataTypes": [{"type": "TEXT", "count": 1743, "shortest_values": [["*", 1], ["*", 1], ["*", 1], ["*", 1], ["*", 1]], "longest_values": [["*", 1], ["*", 1], ["*", 1], ["*", 1], ["*", 1]], "average_length": 1.0}]}, {"column_name": "10_REMOVALS", "number_non_empty_cells": 1743, "number_empty_cells": 0, "number_distinct_values": 18, "frequent_values": ["*", "6", "17", "10", "8"], "dataTypes": [{"type": "INTEGER (LONG)", "count": 37, "max_value": 749, "min_value": 6, "mean": 33.972972972972975, "stddev": 119.76113309112243}, {"type": "TEXT", "count": 1706, "shortest_values": [["*", 1], ["*", 1], ["*", 1], ["*", 1], ["*", 1]], "longest_values": [["*", 1], ["*", 1], ["*", 1], ["*", 1], ["*", 1]], "average_length": 1.0}]}, {"column_name": "10_PRINCIPAL", "number_non_empty_cells": 1743, "number_empty_cells": 0, "number_distinct_values": 47, "frequent_values": ["*", "8", "6", "7", "9"], "dataTypes": [{"type": "INTEGER (LONG)", "count": 267, "max_value": 5144, "min_value": 6, "mean": 36.85393258426967, "stddev": 313.4466444054381}, {"type": "TEXT", "count": 1476, "shortest_values": [["*", 1], ["*", 1], ["*", 1], ["*", 1], ["*", 1]], "longest_values": [["*", 1], ["*", 1], ["*", 1], ["*", 1], ["*", 1]], "average_length": 1.0}]}, {"column_name": "10_SUPERINTENDENT", "number_non_empty_cells": 1743, "number_empty_cells": 0, "number_distinct_values": 18, "frequent_values": ["*", "6", "8", "7", "9"], "dataTypes": [{"type": "INTEGER (LONG)", "count": 94, "max_value": 1598, "min_value": 6, "mean": 26.48936170212766, "stddev": 163.01675574242074}, {"type": "TEXT", "count": 1649, "shortest_values": [["*", 1], ["*", 1], ["*", 1], ["*", 1], ["*", 1]], "longest_values": [["*", 1], ["*", 1], ["*", 1], ["*", 1], ["*", 1]], "average_length": 1.0}]}, {"column_name": "10_EXPULSIONS", "number_non_empty_cells": 1743, "number_empty_cells": 0, "number_distinct_values": 1, "frequent_values": ["*"], "dataTypes": [{"type": "TEXT", "count": 1743, "shortest_values": [["*", 1], ["*", 1], ["*", 1], ["*", 1], ["*", 1]], "longest_values": [["*", 1], ["*", 1], ["*", 1], ["*", 1], ["*", 1]], "average_length": 1.0}]}, {"column_name": "11_REMOVALS", "number_non_empty_cells": 1743, "number_empty_cells": 0, "number_distinct_values": 11, "frequent_values": ["*", "6", "7", "8", "9"], "dataTypes": [{"type": "INTEGER (LONG)", "count": 15, "max_value": 358, "min_value": 6, "mean": 35.33333333333333, "stddev": 86.6145997444362}, {"type": "TEXT", "count": 1728, "shortest_values": [["*", 1], ["*", 1], ["*", 1], ["*", 1], ["*", 1]], "longest_values": [["*", 1], ["*", 1], ["*", 1], ["*", 1], ["*", 1]], "average_length": 1.0}]}, {"column_name": "11_PRINCIPAL", "number_non_empty_cells": 1743, "number_empty_cells": 0, "number_distinct_values": 30, "frequent_values": ["*", "6", "7", "8", "10"], "dataTypes": [{"type": "INTEGER (LONG)", "count": 161, "max_value": 2804, "min_value": 6, "mean": 30.962732919254663, "stddev": 219.5429721571316}, {"type": "TEXT", "count": 1582, "shortest_values": [["*", 1], ["*", 1], ["*", 1], ["*", 1], ["*", 1]], "longest_values": [["*", 1], ["*", 1], ["*", 1], ["*", 1], ["*", 1]], "average_length": 1.0}]}, {"column_name": "11_SUPERINTENDENT", "number_non_empty_cells": 1743, "number_empty_cells": 0, "number_distinct_values": 10, "frequent_values": ["*", "7", "8", "6", "9"], "dataTypes": [{"type": "INTEGER (LONG)", "count": 40, "max_value": 857, "min_value": 6, "mean": 29.325, "stddev": 132.5474231171621}, {"type": "TEXT", "count": 1703, "shortest_values": [["*", 1], ["*", 1], ["*", 1], ["*", 1], ["*", 1]], "longest_values": [["*", 1], ["*", 1], ["*", 1], ["*", 1], ["*", 1]], "average_length": 1.0}]}, {"column_name": "11_EXPULSIONS", "number_non_empty_cells": 1743, "number_empty_cells": 0, "number_distinct_values": 1, "frequent_values": ["*"], "dataTypes": [{"type": "TEXT", "count": 1743, "shortest_values": [["*", 1], ["*", 1], ["*", 1], ["*", 1], ["*", 1]], "longest_values": [["*", 1], ["*", 1], ["*", 1], ["*", 1], ["*", 1]], "average_length": 1.0}]}, {"column_name": "12_REMOVALS", "number_non_empty_cells": 1743, "number_empty_cells": 0, "number_distinct_values": 8, "frequent_values": ["*", "7", "6", "9", "8"], "dataTypes": [{"type": "INTEGER (LONG)", "count": 10, "max_value": 213, "min_value": 6, "mean": 29.5, "stddev": 61.27356689470591}, {"type": "TEXT", "count": 1733, "shortest_values": [["*", 1], ["*", 1], ["*", 1], ["*", 1], ["*", 1]], "longest_values": [["*", 1], ["*", 1], ["*", 1], ["*", 1], ["*", 1]], "average_length": 1.0}]}, {"column_name": "12_PRINCIPAL", "number_non_empty_cells": 1743, "number_empty_cells": 0, "number_distinct_values": 24, "frequent_values": ["*", "7", "6", "8", "9"], "dataTypes": [{"type": "INTEGER (LONG)", "count": 122, "max_value": 1793, "min_value": 6, "mean": 24.893442622950822, "stddev": 160.8648657692786}, {"type": "TEXT", "count": 1621, "shortest_values": [["*", 1], ["*", 1], ["*", 1], ["*", 1], ["*", 1]], "longest_values": [["*", 1], ["*", 1], ["*", 1], ["*", 1], ["*", 1]], "average_length": 1.0}]}, {"column_name": "12_SUPERINTENDENT", "number_non_empty_cells": 1743, "number_empty_cells": 0, "number_distinct_values": 7, "frequent_values": ["*", "7", "8", "6", "10"], "dataTypes": [{"type": "INTEGER (LONG)", "count": 18, "max_value": 598, "min_value": 6, "mean": 40.55555555555556, "stddev": 135.21350286870276}, {"type": "TEXT", "count": 1725, "shortest_values": [["*", 1], ["*", 1], ["*", 1], ["*", 1], ["*", 1]], "longest_values": [["*", 1], ["*", 1], ["*", 1], ["*", 1], ["*", 1]], "average_length": 1.0}]}, {"column_name": "12_EXPULSIONS", "number_non_empty_cells": 1743, "number_empty_cells": 0, "number_distinct_values": 1, "frequent_values": ["*"], "dataTypes": [{"type": "TEXT", "count": 1743, "shortest_values": [["*", 1], ["*", 1], ["*", 1], ["*", 1], ["*", 1]], "longest_values": [["*", 1], ["*", 1], ["*", 1], ["*", 1], ["*", 1]], "average_length": 1.0}]}]}