{"dataset_name": "/user/hm74/NYCOpenData/29bw-z7pj.tsv.gz", "columns": [{"column_name": "OBJECTID", "number_non_empty_cells": 592389, "number_empty_cells": 0, "number_distinct_values": 592381, "frequent_values": ["ni Park 157 STREET\"", "1230 5 AVENUE\"", "593839", "594414", "594069"], "dataTypes": [{"type": "INTEGER (LONG)", "count": 592372, "max_value": 1184744, "min_value": 592373, "mean": 888558.4999999912, "stddev": 171003.0668300058}]}, {"column_name": "cen_year", "number_non_empty_cells": 592389, "number_empty_cells": 0, "number_distinct_values": 6, "frequent_values": ["2005", "2006", "0", "Front", "Across"], "dataTypes": [{"type": "INTEGER (LONG)", "count": 592372, "max_value": 2006, "min_value": 0, "mean": 1981.8435560762694, "stddev": 215.82754974393671}]}, {"column_name": "tree_dbh", "number_non_empty_cells": 592389, "number_empty_cells": 0, "number_distinct_values": 149, "frequent_values": ["3", "4", "5", "6", "8"], "dataTypes": [{"type": "INTEGER (LONG)", "count": 592372, "max_value": 2100, "min_value": -1, "mean": 12.833504959721107, "stddev": 10.316474971977856}]}, {"column_name": "address", "number_non_empty_cells": 585697, "number_empty_cells": 6692, "number_distinct_values": 335631, "frequent_values": ["2605 FLATBUSH AVENUE EXTENSION", "201 EDWARD CURRY AVENUE", "138-84 63 AVENUE", "333 WEST HOUSTON STREET", "181 CENTRAL PARK WEST"], "dataTypes": [{"type": "INTEGER (LONG)", "count": 4, "max_value": 1230, "min_value": 685, "mean": 1070.5, "stddev": 225.78363536802217}, {"type": "DATE/TIME", "count": 2, "max_value": "2019-12-03T13:00:00", "min_value": "1999-06-05T00:00:00"}]}, {"column_name": "tree_loc", "number_non_empty_cells": 592372, "number_empty_cells": 17, "number_distinct_values": 13, "frequent_values": ["Front", "Side", "Across", "Median", "Adjacent"], "dataTypes": []}, {"column_name": "pit_type", "number_non_empty_cells": 592370, "number_empty_cells": 19, "number_distinct_values": 14, "frequent_values": ["Sidewalk Pit", "Lawn", "Continuous Pit", "ACER SACCHARUM", " "], "dataTypes": []}, {"column_name": "soil_lvl", "number_non_empty_cells": 592372, "number_empty_cells": 17, "number_distinct_values": 13, "frequent_values": ["Level", "Above", "Below", "MAPLE, SUGAR", "HONEYLOCUST"], "dataTypes": []}, {"column_name": "status", "number_non_empty_cells": 592372, "number_empty_cells": 17, "number_distinct_values": 6, "frequent_values": ["Good", "Excellent", "Poor", "Dead", "No"], "dataTypes": []}, {"column_name": "spc_latin", "number_non_empty_cells": 510574, "number_empty_cells": 81815, "number_distinct_values": 171, "frequent_values": ["PLATANUS ACERIFOLIA", "ACER PLATANOIDES", "PYRUS CALLERYANA", "GLEDITSIA TRIACANTHOS", "QUERCUS PALUSTRIS"], "dataTypes": []}, {"column_name": "spc_common", "number_non_empty_cells": 592357, "number_empty_cells": 32, "number_distinct_values": 172, "frequent_values": ["LONDON PLANETREE", "MAPLE, NORWAY", "PEAR, CALLERY", "HONEYLOCUST", "OAK, PIN"], "dataTypes": []}, {"column_name": "vert_other", "number_non_empty_cells": 592372, "number_empty_cells": 17, "number_distinct_values": 3, "frequent_values": ["No", "Yes", null], "dataTypes": []}, {"column_name": "vert_pgrd", "number_non_empty_cells": 592372, "number_empty_cells": 17, "number_distinct_values": 3, "frequent_values": ["No", "Yes", null], "dataTypes": []}, {"column_name": "vert_tgrd", "number_non_empty_cells": 592372, "number_empty_cells": 17, "number_distinct_values": 3, "frequent_values": ["No", "Yes", null], "dataTypes": []}, {"column_name": "vert_wall", "number_non_empty_cells": 592372, "number_empty_cells": 17, "number_distinct_values": 3, "frequent_values": ["No", "Yes", null], "dataTypes": []}, {"column_name": "horz_blck", "number_non_empty_cells": 592372, "number_empty_cells": 17, "number_distinct_values": 3, "frequent_values": ["No", "Yes", null], "dataTypes": []}, {"column_name": "horz_grate", "number_non_empty_cells": 592372, "number_empty_cells": 17, "number_distinct_values": 3, "frequent_values": ["No", "Yes", null], "dataTypes": []}, {"column_name": "horz_plant", "number_non_empty_cells": 592372, "number_empty_cells": 17, "number_distinct_values": 3, "frequent_values": ["No", "Yes", null], "dataTypes": []}, {"column_name": "horz_other", "number_non_empty_cells": 592372, "number_empty_cells": 17, "number_distinct_values": 3, "frequent_values": ["No", "Yes", null], "dataTypes": []}, {"column_name": "sidw_crack", "number_non_empty_cells": 592372, "number_empty_cells": 17, "number_distinct_values": 3, "frequent_values": ["No", "Yes", null], "dataTypes": []}, {"column_name": "sidw_raise", "number_non_empty_cells": 592372, "number_empty_cells": 17, "number_distinct_values": 3, "frequent_values": ["No", "Yes", null], "dataTypes": []}, {"column_name": "wire_htap", "number_non_empty_cells": 592372, "number_empty_cells": 17, "number_distinct_values": 3, "frequent_values": ["No", "Yes", null], "dataTypes": []}, {"column_name": "wire_prime", "number_non_empty_cells": 592372, "number_empty_cells": 17, "number_distinct_values": 3, "frequent_values": ["No", "Yes", null], "dataTypes": []}, {"column_name": "wire_2nd", "number_non_empty_cells": 592372, "number_empty_cells": 17, "number_distinct_values": 3, "frequent_values": ["No", "Yes", null], "dataTypes": []}, {"column_name": "wire_other", "number_non_empty_cells": 592372, "number_empty_cells": 17, "number_distinct_values": 3, "frequent_values": ["No", "Yes", null], "dataTypes": []}, {"column_name": "inf_canopy", "number_non_empty_cells": 592372, "number_empty_cells": 17, "number_distinct_values": 3, "frequent_values": ["No", "Yes", null], "dataTypes": []}, {"column_name": "inf_guard", "number_non_empty_cells": 592372, "number_empty_cells": 17, "number_distinct_values": 3, "frequent_values": ["No", "Yes", null], "dataTypes": []}, {"column_name": "inf_wires", "number_non_empty_cells": 592372, "number_empty_cells": 17, "number_distinct_values": 3, "frequent_values": ["No", "Yes", null], "dataTypes": []}, {"column_name": "inf_paving", "number_non_empty_cells": 592372, "number_empty_cells": 17, "number_distinct_values": 3, "frequent_values": ["No", "Yes", null], "dataTypes": []}, {"column_name": "inf_outlet", "number_non_empty_cells": 592372, "number_empty_cells": 17, "number_distinct_values": 3, "frequent_values": ["No", "Yes", null], "dataTypes": []}, {"column_name": "inf_shoes", "number_non_empty_cells": 592372, "number_empty_cells": 17, "number_distinct_values": 5, "frequent_values": ["No", "Yes", "None", "Trunk Wound", null], "dataTypes": []}, {"column_name": "inf_lights", "number_non_empty_cells": 592372, "number_empty_cells": 17, "number_distinct_values": 4, "frequent_values": ["No", "Yes", "0", null], "dataTypes": [{"type": "INTEGER (LONG)", "count": 17, "max_value": 0, "min_value": 0, "mean": 0.0, "stddev": 0.0}]}, {"column_name": "inf_other", "number_non_empty_cells": 592355, "number_empty_cells": 34, "number_distinct_values": 3, "frequent_values": ["No", "Yes", null], "dataTypes": []}, {"column_name": "trunk_dmg", "number_non_empty_cells": 592372, "number_empty_cells": 17, "number_distinct_values": 7, "frequent_values": ["None", "Trunk Wound", "Torn Bark", "Cavity", " "], "dataTypes": [{"type": "INTEGER (LONG)", "count": 17, "max_value": 0, "min_value": 0, "mean": 0.0, "stddev": 0.0}]}, {"column_name": "zipcode", "number_non_empty_cells": 592372, "number_empty_cells": 17, "number_distinct_values": 193, "frequent_values": [10312, 10314, 10309, 10306, 11234], "dataTypes": [{"type": "INTEGER (LONG)", "count": 592372, "max_value": 11697, "min_value": 0, "mean": 10786.219655891844, "stddev": 1426.0450483094644}]}, {"column_name": "zip_city", "number_non_empty_cells": 583478, "number_empty_cells": 8911, "number_distinct_values": 55, "frequent_values": ["Brooklyn", "Staten Island", "Bronx", "New York", "Flushing"], "dataTypes": []}, {"column_name": "cb_num", "number_non_empty_cells": 592372, "number_empty_cells": 17, "number_distinct_values": 69, "frequent_values": [503, 413, 407, 411, 0], "dataTypes": [{"type": "INTEGER (LONG)", "count": 592372, "max_value": 595, "min_value": 0, "mean": 340.35642467909156, "stddev": 130.63454918241862}]}, {"column_name": "borocode", "number_non_empty_cells": 592372, "number_empty_cells": 17, "number_distinct_values": 7, "frequent_values": [4, 3, 5, 2, 1], "dataTypes": [{"type": "INTEGER (LONG)", "count": 592372, "max_value": 5, "min_value": 0, "mean": 3.4720918611953877, "stddev": 1.1374375112083526}]}, {"column_name": "boroname", "number_non_empty_cells": 592372, "number_empty_cells": 17, "number_distinct_values": 7, "frequent_values": ["Queens", "Brooklyn", "5", "Bronx", "Manhattan"], "dataTypes": [{"type": "INTEGER (LONG)", "count": 99718, "max_value": 5, "min_value": 0, "mean": 4.999147596221328, "stddev": 0.065278574594404}]}, {"column_name": "cncldist", "number_non_empty_cells": 592372, "number_empty_cells": 17, "number_distinct_values": 54, "frequent_values": ["51", "19", "23", "50", "0"], "dataTypes": [{"type": "INTEGER (LONG)", "count": 592355, "max_value": 51, "min_value": 0, "mean": 29.333072228646603, "stddev": 15.210143427373312}]}, {"column_name": "st_assem", "number_non_empty_cells": 592372, "number_empty_cells": 17, "number_distinct_values": 68, "frequent_values": ["62", "26", "0", "25", "64"], "dataTypes": [{"type": "INTEGER (LONG)", "count": 592355, "max_value": 87, "min_value": 0, "mean": 47.047917211807096, "stddev": 20.632773898805986}]}, {"column_name": "st_senate", "number_non_empty_cells": 592355, "number_empty_cells": 34, "number_distinct_values": 28, "frequent_values": [24, 11, 15, 14, 10], "dataTypes": [{"type": "INTEGER (LONG)", "count": 592355, "max_value": 36, "min_value": 0, "mean": 19.198497522600693, "stddev": 8.12824521380035}]}, {"column_name": "nta", "number_non_empty_cells": 592372, "number_empty_cells": 17, "number_distinct_values": 196, "frequent_values": [" ", "SI01", "QN46", "SI54", "SI32"], "dataTypes": []}, {"column_name": "nta_name", "number_non_empty_cells": 592372, "number_empty_cells": 17, "number_distinct_values": 196, "frequent_values": [" ", "Annadale-Huguenot-Prince's Bay-Eltingville", "Bayside-Bayside Hills", "Great Kills", "Rossville-Woodrow"], "dataTypes": [{"type": "INTEGER (LONG)", "count": 17, "max_value": 0, "min_value": 0, "mean": 0.0, "stddev": 0.0}]}, {"column_name": "boro_ct", "number_non_empty_cells": 487079, "number_empty_cells": 105310, "number_distinct_values": 2123, "frequent_values": [4089200, 4157101, 4157901, 3070201, 4155102], "dataTypes": [{"type": "INTEGER (LONG)", "count": 487079, "max_value": 5032300, "min_value": 0, "mean": 3266717.571311861, "stddev": 1046535.5217721679}]}, {"column_name": "state", "number_non_empty_cells": 592372, "number_empty_cells": 17, "number_distinct_values": 3, "frequent_values": ["New York", "0", null], "dataTypes": [{"type": "INTEGER (LONG)", "count": 17, "max_value": 0, "min_value": 0, "mean": 0.0, "stddev": 0.0}]}, {"column_name": "latitude", "number_non_empty_cells": 592372, "number_empty_cells": 17, "number_distinct_values": 266316, "frequent_values": [0.0, 40.69368495, 40.62561265, 40.73967663, 40.61136186], "dataTypes": [{"type": "REAL", "count": 592372, "max_value": 40.91257152, "min_value": 0.0, "mean": 40.08910999536993, "stddev": 4.935048684259149}]}, {"column_name": "longitude", "number_non_empty_cells": 592372, "number_empty_cells": 17, "number_distinct_values": 266859, "frequent_values": [0.0, -73.98333916, -74.14731063, -73.82535088, -74.18797816], "dataTypes": [{"type": "REAL", "count": 592372, "max_value": 284925.0, "min_value": -74.25488644, "mean": -66.37949197365006, "stddev": 1280.4492834059702}]}, {"column_name": "x_sp", "number_non_empty_cells": 592356, "number_empty_cells": 33, "number_distinct_values": 105342, "frequent_values": [0, 1032648, 932058, 981568, 991728], "dataTypes": [{"type": "INTEGER (LONG)", "count": 592356, "max_value": 1067185, "min_value": 0, "mean": 964451.9228960407, "stddev": 201146.4050512485}]}, {"column_name": "y_sp", "number_non_empty_cells": 592355, "number_empty_cells": 34, "number_distinct_values": 108405, "frequent_values": [0, 208809, 162068, 204869, 223556], "dataTypes": [{"type": "INTEGER (LONG)", "count": 592355, "max_value": 271768, "min_value": 0, "mean": 185144.07419367964, "stddev": 49694.676315776494}]}, {"column_name": "objectid_1", "number_non_empty_cells": 592355, "number_empty_cells": 34, "number_distinct_values": 592356, "frequent_values": [148, 463, 471, 496, 833], "dataTypes": [{"type": "INTEGER (LONG)", "count": 592355, "max_value": 592371, "min_value": 0, "mean": 296187.5579171349, "stddev": 171004.5264102803}]}, {"column_name": "census tract", "number_non_empty_cells": 569474, "number_empty_cells": 22915, "number_distinct_values": 1323, "frequent_values": ["176", "198", "20801", "20803", "892"], "dataTypes": [{"type": "INTEGER (LONG)", "count": 569457, "max_value": 157903, "min_value": 1, "mean": 12766.227899560354, "stddev": 32093.894057538742}]}, {"column_name": "bin", "number_non_empty_cells": 542747, "number_empty_cells": 49642, "number_distinct_values": 300283, "frequent_values": [4000000, 3000000, 2000000, 5000000, 1000000], "dataTypes": [{"type": "INTEGER (LONG)", "count": 542747, "max_value": 5513451, "min_value": 1000000, "mean": 3589432.673553273, "stddev": 1168342.5701928767}]}, {"column_name": "bbl", "number_non_empty_cells": 542747, "number_empty_cells": 49642, "number_distinct_values": 291410, "frequent_values": [2051410120, 1009720001, 4067150002, 4079140002, 2051350051], "dataTypes": [{"type": "INTEGER (LONG)", "count": 542747, "max_value": 5200029999, "min_value": 0, "mean": 3506052146.3406343, "stddev": 1153131553.9124897}]}, {"column_name": "Location 1", "number_non_empty_cells": 592355, "number_empty_cells": 34, "number_distinct_values": 268079, "frequent_values": ["(0.0, 0.0)", "(40.69368495, -73.98333916)", "(40.62561265, -74.14731063)", "(40.73967663, -73.82535088)", "(40.61136186, -74.18797816)"], "dataTypes": []}]}