{"dataset_name": "/user/hm74/NYCOpenData/29km-avyc.tsv.gz", "columns": [{"column_name": "location_id", "number_non_empty_cells": 4736, "number_empty_cells": 0, "number_distinct_values": 4736, "frequent_values": [1591, 833, 2122, 2366, 1238], "dataTypes": [{"type": "INTEGER (LONG)", "count": 4736, "max_value": 4736, "min_value": 1, "mean": 2368.500000000007, "stddev": 1367.1654069643503}]}, {"column_name": "organization_id", "number_non_empty_cells": 4736, "number_empty_cells": 0, "number_distinct_values": 845, "frequent_values": [22, 80, 537, 538, 140], "dataTypes": [{"type": "INTEGER (LONG)", "count": 4736, "max_value": 845, "min_value": 1, "mean": 290.00591216216264, "stddev": 229.2833041891865}]}, {"column_name": "name", "number_non_empty_cells": 1917, "number_empty_cells": 2819, "number_distinct_values": 1891, "frequent_values": ["Chinese American Planning Council", "Council of Jewish Organizations of Flatbush Inc.", "The Renaissance Charter School", "Jewish Community Council of Greater Coney Island", "The Children's Aid Society"], "dataTypes": [{"type": "TEXT", "count": 1985, "shortest_values": [["IC", 2], ["HES", 3], ["PSA", 3], ["WAW", 3], ["AIR", 3]], "longest_values": [["Mission of the Immaculate Virgin for the Protection of Homeles and Destitte Children", 84], ["SCIENCETECHNOLOGY AND RESEARCH EARLY COLLEGE HIGH SCHOOL AT ERASMUS (K543)", 74], ["I.S. 126 - ALBERT SHANKER SCHOOL FOR VISUAL AND PERFORMING ARTS (Q126)", 70], ["P.S./I.S. 210 - Twenty-first Century Academy for Community Leadership", 69], ["NEW EXPLORATIONS INTO SCIENCE TECHNOLOGY AND MATH HIGH SCHOOL (M539)", 68]], "average_length": 29.803022670025214}]}, {"column_name": "latitude", "number_non_empty_cells": 4592, "number_empty_cells": 144, "number_distinct_values": 3546, "frequent_values": [40.691146, 40.640624, 40.73591, 40.746816, 40.832331], "dataTypes": [{"type": "REAL", "count": 4592, "max_value": 40.906225, "min_value": 40.508283, "mean": 40.742444570121926, "stddev": 0.08266723422131328}]}, {"column_name": "longitude", "number_non_empty_cells": 4592, "number_empty_cells": 144, "number_distinct_values": 3544, "frequent_values": [-73.868328, -73.942458, -73.850212, -73.990996, -73.91959], "dataTypes": [{"type": "REAL", "count": 4592, "max_value": -73.709867, "min_value": -74.244118, "mean": -73.92608402308348, "stddev": 0.06856414015652702}]}, {"column_name": "bbl", "number_non_empty_cells": 4379, "number_empty_cells": 357, "number_distinct_values": 3161, "frequent_values": [2033270001, 2026050040, 4021590002, 4012810038, 2027390015], "dataTypes": [{"type": "INTEGER (LONG)", "count": 4379, "max_value": 5078980001, "min_value": 1000057501, "mean": 2575048290.2461743, "stddev": 1165453650.334139}]}, {"column_name": "bin", "number_non_empty_cells": 4379, "number_empty_cells": 357, "number_distinct_values": 3221, "frequent_values": [3000000, 4000000, 2000000, 3090738, 2005939], "dataTypes": [{"type": "INTEGER (LONG)", "count": 4379, "max_value": 5161878, "min_value": 1000000, "mean": 2655074.4596939934, "stddev": 1208721.2158896395}]}, {"column_name": "cd", "number_non_empty_cells": 4592, "number_empty_cells": 144, "number_distinct_values": 60, "frequent_values": [112, 305, 314, 201, 111], "dataTypes": [{"type": "INTEGER (LONG)", "count": 4592, "max_value": 503, "min_value": 101, "mean": 260.6988240418134, "stddev": 114.7173132087596}]}, {"column_name": "council", "number_non_empty_cells": 4592, "number_empty_cells": 144, "number_distinct_values": 52, "frequent_values": [17, 8, 10, 9, 40], "dataTypes": [{"type": "INTEGER (LONG)", "count": 4592, "max_value": 51, "min_value": 1, "mean": 23.396123693379785, "stddev": 14.468670730562595}]}, {"column_name": "nta", "number_non_empty_cells": 4406, "number_empty_cells": 330, "number_distinct_values": 191, "frequent_values": ["BK42", "MN36", "BK82", "BK61", "QN28"], "dataTypes": [{"type": "TEXT", "count": 4406, "shortest_values": [["MN17", 4], ["QN15", 4], ["QN50", 4], ["BK35", 4], ["QN53", 4]], "longest_values": [["MN17", 4], ["QN15", 4], ["QN50", 4], ["BK35", 4], ["QN53", 4]], "average_length": 4.0}]}, {"column_name": "tract", "number_non_empty_cells": 4592, "number_empty_cells": 144, "number_distinct_values": 877, "frequent_values": [269, 65, 263, 44601, 43], "dataTypes": [{"type": "INTEGER (LONG)", "count": 4592, "max_value": 157902, "min_value": 1, "mean": 6894.5544425087055, "stddev": 19845.94984604909}]}]}