{"dataset_name": "/user/hm74/NYCOpenData/29ry-u5bf.tsv.gz", "columns": [{"column_name": "DBN", "number_non_empty_cells": 6828, "number_empty_cells": 0, "number_distinct_values": 1146, "frequent_values": ["02M042", "08X093", "01M064", "01M539", "02M177"], "dataTypes": [{"type": "DATE/TIME", "count": 196, "min_value": "2019-12-09T00:06:52", "max_value": "2019-12-09T00:01:15"}, {"type": "TEXT", "count": "6632", "shortest_values": [["01M063", 6], ["01M063", 6], ["01M063", 6], ["01M063", 6], ["01M063", 6]], "longest_values": [["01M063", 6], ["01M063", 6], ["01M063", 6], ["01M063", 6], ["01M063", 6]], "average_length": "6.0"}]}, {"column_name": "School_Name", "number_non_empty_cells": 6828, "number_empty_cells": 0, "number_distinct_values": 1143, "frequent_values": ["P.S. 253", "P.S. 212", "P.S. 360", "P.S. 216 Arturo Toscanini", "P.S. 185 Walter Kassenbrock"], "dataTypes": [{"type": "TEXT", "count": "6828", "shortest_values": [["Kappa", 5], ["Kappa", 5], ["Kappa", 5], ["Kappa", 5], ["Kappa", 5]], "longest_values": [["New Explorations into Science, Technology and Math", 50], ["New Explorations into Science, Technology and Math", 50], ["New Explorations into Science, Technology and Math", 50], ["New Explorations into Science, Technology and Math", 50], ["New Explorations into Science, Technology and Math", 50]], "average_length": "26.292179261862916"}]}, {"column_name": "Category", "number_non_empty_cells": 6828, "number_empty_cells": 0, "number_distinct_values": 6, "frequent_values": ["All Students", "Receive free or reduced price lunch", "Students with Disabilities", "Reside in temporary housing", "English Language Learners"], "dataTypes": [{"type": "TEXT", "count": "6828", "shortest_values": [["All Students", 12], ["All Students", 12], ["All Students", 12], ["All Students", 12], ["All Students", 12]], "longest_values": [["Attend school outside district of residence", 43], ["Attend school outside district of residence", 43], ["Attend school outside district of residence", 43], ["Attend school outside district of residence", 43], ["Attend school outside district of residence", 43]], "average_length": "27.969097832454597"}]}, {"column_name": "Year", "number_non_empty_cells": 6828, "number_empty_cells": 0, "number_distinct_values": 1, "frequent_values": ["2016-17"], "dataTypes": [{"type": "TEXT", "count": "6828", "shortest_values": [["2016-17", 7], ["2016-17", 7], ["2016-17", 7], ["2016-17", 7], ["2016-17", 7]], "longest_values": [["2016-17", 7], ["2016-17", 7], ["2016-17", 7], ["2016-17", 7], ["2016-17", 7]], "average_length": "7.0"}]}, {"column_name": "Total_Enrollment", "number_non_empty_cells": 6828, "number_empty_cells": 0, "number_distinct_values": 929, "frequent_values": ["s", "31", "22", "9", "16"], "dataTypes": [{"type": "INTEGER (LONG)", "count": "6620", "mean": "232.3996978851964", "stddev": "300.11112068018105", "min_value": "6", "max_value": "2175"}, {"type": "TEXT", "count": "208", "shortest_values": [["s", 1], ["s", 1], ["s", 1], ["s", 1], ["s", 1]], "longest_values": [["s", 1], ["s", 1], ["s", 1], ["s", 1], ["s", 1]], "average_length": "1.0"}]}, {"column_name": "#Grade_K", "number_non_empty_cells": 6828, "number_empty_cells": 0, "number_distinct_values": 208, "frequent_values": ["No Data", "s", "9", "10", "7"], "dataTypes": [{"type": "INTEGER (LONG)", "count": "3488", "mean": "45.887901376146786", "stddev": "46.05228001760832", "min_value": "6", "max_value": "344"}, {"type": "TEXT", "count": "3340", "shortest_values": [["s", 1], ["s", 1], ["s", 1], ["s", 1], ["s", 1]], "longest_values": [["No Data", 7], ["No Data", 7], ["No Data", 7], ["No Data", 7], ["No Data", 7]], "average_length": "5.088622754491018"}]}, {"column_name": "#Grade_1", "number_non_empty_cells": 6828, "number_empty_cells": 0, "number_distinct_values": 212, "frequent_values": ["No Data", "s", "7", "8", "9"], "dataTypes": [{"type": "INTEGER (LONG)", "count": "3580", "mean": "47.47849162011173", "stddev": "47.282731563084546", "min_value": "6", "max_value": "337"}, {"type": "TEXT", "count": "3248", "shortest_values": [["s", 1], ["s", 1], ["s", 1], ["s", 1], ["s", 1]], "longest_values": [["No Data", 7], ["No Data", 7], ["No Data", 7], ["No Data", 7], ["No Data", 7]], "average_length": "5.154556650246305"}]}, {"column_name": "#Grade_2", "number_non_empty_cells": 6828, "number_empty_cells": 0, "number_distinct_values": 215, "frequent_values": ["No Data", "s", "8", "10", "6"], "dataTypes": [{"type": "INTEGER (LONG)", "count": "3654", "mean": "47.863163656267105", "stddev": "48.2508489486117", "min_value": "6", "max_value": "330"}, {"type": "TEXT", "count": "3174", "shortest_values": [["s", 1], ["s", 1], ["s", 1], ["s", 1], ["s", 1]], "longest_values": [["No Data", 7], ["No Data", 7], ["No Data", 7], ["No Data", 7], ["No Data", 7]], "average_length": "5.306238185255198"}]}, {"column_name": "#Grade_3", "number_non_empty_cells": 6828, "number_empty_cells": 0, "number_distinct_values": 219, "frequent_values": ["No Data", "s", "7", "8", "9"], "dataTypes": [{"type": "INTEGER (LONG)", "count": "3575", "mean": "47.918321678321675", "stddev": "49.07703864192176", "min_value": "6", "max_value": "349"}, {"type": "TEXT", "count": "3253", "shortest_values": [["s", 1], ["s", 1], ["s", 1], ["s", 1], ["s", 1]], "longest_values": [["No Data", 7], ["No Data", 7], ["No Data", 7], ["No Data", 7], ["No Data", 7]], "average_length": "5.411927451583154"}]}, {"column_name": "#Grade_4", "number_non_empty_cells": 6828, "number_empty_cells": 0, "number_distinct_values": 230, "frequent_values": ["No Data", "s", "14", "9", "7"], "dataTypes": [{"type": "INTEGER (LONG)", "count": "3480", "mean": "49.36867816091954", "stddev": "51.09983798746695", "min_value": "6", "max_value": "376"}, {"type": "TEXT", "count": "3348", "shortest_values": [["s", 1], ["s", 1], ["s", 1], ["s", 1], ["s", 1]], "longest_values": [["No Data", 7], ["No Data", 7], ["No Data", 7], ["No Data", 7], ["No Data", 7]], "average_length": "5.413978494623656"}]}, {"column_name": "#Grade_5", "number_non_empty_cells": 6828, "number_empty_cells": 0, "number_distinct_values": 215, "frequent_values": ["No Data", "s", "8", "10", "11"], "dataTypes": [{"type": "INTEGER (LONG)", "count": "3449", "mean": "47.43548854740504", "stddev": "48.85548524550349", "min_value": "6", "max_value": "327"}, {"type": "TEXT", "count": "3379", "shortest_values": [["s", 1], ["s", 1], ["s", 1], ["s", 1], ["s", 1]], "longest_values": [["No Data", 7], ["No Data", 7], ["No Data", 7], ["No Data", 7], ["No Data", 7]], "average_length": "5.424977804084048"}]}, {"column_name": "#Grade_6", "number_non_empty_cells": 6828, "number_empty_cells": 0, "number_distinct_values": 253, "frequent_values": ["No Data", "s", "9", "11", "6"], "dataTypes": [{"type": "INTEGER (LONG)", "count": "2478", "mean": "68.5677966101695", "stddev": "96.86145021115605", "min_value": "6", "max_value": "746"}, {"type": "TEXT", "count": "4350", "shortest_values": [["s", 1], ["s", 1], ["s", 1], ["s", 1], ["s", 1]], "longest_values": [["No Data", 7], ["No Data", 7], ["No Data", 7], ["No Data", 7], ["No Data", 7]], "average_length": "6.406896551724138"}]}, {"column_name": "#Grade_7", "number_non_empty_cells": 6828, "number_empty_cells": 0, "number_distinct_values": 247, "frequent_values": ["No Data", "s", "8", "9", "13"], "dataTypes": [{"type": "INTEGER (LONG)", "count": "2383", "mean": "69.44985312631137", "stddev": "98.64719671426954", "min_value": "6", "max_value": "789"}, {"type": "TEXT", "count": "4445", "shortest_values": [["s", 1], ["s", 1], ["s", 1], ["s", 1], ["s", 1]], "longest_values": [["No Data", 7], ["No Data", 7], ["No Data", 7], ["No Data", 7], ["No Data", 7]], "average_length": "6.350731158605174"}]}, {"column_name": "#Grade_8", "number_non_empty_cells": 6828, "number_empty_cells": 0, "number_distinct_values": 244, "frequent_values": ["No Data", "s", "8", "11", "13"], "dataTypes": [{"type": "INTEGER (LONG)", "count": "2386", "mean": "70.62154233025984", "stddev": "100.82007398184192", "min_value": "6", "max_value": "743"}, {"type": "TEXT", "count": "4442", "shortest_values": [["s", 1], ["s", 1], ["s", 1], ["s", 1], ["s", 1]], "longest_values": [["No Data", 7], ["No Data", 7], ["No Data", 7], ["No Data", 7], ["No Data", 7]], "average_length": "6.407023863124719"}]}, {"column_name": "#Female", "number_non_empty_cells": 6828, "number_empty_cells": 0, "number_distinct_values": 569, "frequent_values": ["s", "19", "18", "13", "26"], "dataTypes": [{"type": "INTEGER (LONG)", "count": "6150", "mean": "117.79691056910569", "stddev": "150.5139670452663", "min_value": "6", "max_value": "1027"}, {"type": "TEXT", "count": "678", "shortest_values": [["s", 1], ["s", 1], ["s", 1], ["s", 1], ["s", 1]], "longest_values": [["s", 1], ["s", 1], ["s", 1], ["s", 1], ["s", 1]], "average_length": "1.0"}]}, {"column_name": "%Female", "number_non_empty_cells": 6828, "number_empty_cells": 0, "number_distinct_values": 453, "frequent_values": ["s", "50.0%", "47.8%", "48.8%", "47.1%"], "dataTypes": [{"type": "TEXT", "count": "6828", "shortest_values": [["s", 1], ["s", 1], ["s", 1], ["s", 1], ["s", 1]], "longest_values": [["34.8%", 5], ["46.7%", 5], ["43.7%", 5], ["56.4%", 5], ["44.4%", 5]], "average_length": "4.602811950790861"}]}, {"column_name": "#Male", "number_non_empty_cells": 6828, "number_empty_cells": 0, "number_distinct_values": 591, "frequent_values": ["s", "13", "16", "20", "9"], "dataTypes": [{"type": "INTEGER (LONG)", "count": "6150", "mean": "130.5330081300813", "stddev": "155.86127015435065", "min_value": "6", "max_value": "1148"}, {"type": "TEXT", "count": "678", "shortest_values": [["s", 1], ["s", 1], ["s", 1], ["s", 1], ["s", 1]], "longest_values": [["s", 1], ["s", 1], ["s", 1], ["s", 1], ["s", 1]], "average_length": "1.0"}]}, {"column_name": "%Male", "number_non_empty_cells": 6828, "number_empty_cells": 0, "number_distinct_values": 453, "frequent_values": ["s", "50.0%", "52.2%", "51.2%", "52.9%"], "dataTypes": [{"type": "TEXT", "count": "6828", "shortest_values": [["s", 1], ["s", 1], ["s", 1], ["s", 1], ["s", 1]], "longest_values": [["65.2%", 5], ["53.3%", 5], ["56.3%", 5], ["43.6%", 5], ["55.6%", 5]], "average_length": "4.602811950790861"}]}, {"column_name": "#Asian", "number_non_empty_cells": 6828, "number_empty_cells": 0, "number_distinct_values": 385, "frequent_values": ["s", "6", "7", "8", "9"], "dataTypes": [{"type": "INTEGER (LONG)", "count": "2654", "mean": "94.95553880934439", "stddev": "163.6284631001495", "min_value": "6", "max_value": "1466"}, {"type": "TEXT", "count": "4174", "shortest_values": [["s", 1], ["s", 1], ["s", 1], ["s", 1], ["s", 1]], "longest_values": [["s", 1], ["s", 1], ["s", 1], ["s", 1], ["s", 1]], "average_length": "1.0"}]}, {"column_name": "%Asian", "number_non_empty_cells": 6828, "number_empty_cells": 0, "number_distinct_values": 692, "frequent_values": ["s", "3.4%", "3.3%", "3.5%", "5.2%"], "dataTypes": [{"type": "TEXT", "count": "6828", "shortest_values": [["s", 1], ["s", 1], ["s", 1], ["s", 1], ["s", 1]], "longest_values": [["100.0%", 6], ["100.0%", 6], ["32.7%", 5], ["17.7%", 5], ["17.6%", 5]], "average_length": "2.426039835969537"}]}, {"column_name": "#Black", "number_non_empty_cells": 6828, "number_empty_cells": 0, "number_distinct_values": 404, "frequent_values": ["s", "9", "7", "13", "6"], "dataTypes": [{"type": "INTEGER (LONG)", "count": "4410", "mean": "75.7843537414966", "stddev": "102.4134017516119", "min_value": "6", "max_value": "1150"}, {"type": "TEXT", "count": "2418", "shortest_values": [["s", 1], ["s", 1], ["s", 1], ["s", 1], ["s", 1]], "longest_values": [["s", 1], ["s", 1], ["s", 1], ["s", 1], ["s", 1]], "average_length": "1.0"}]}, {"column_name": "%Black", "number_non_empty_cells": 6828, "number_empty_cells": 0, "number_distinct_values": 907, "frequent_values": ["s", "50.0%", "25.0%", "33.3%", "66.7%"], "dataTypes": [{"type": "TEXT", "count": "6828", "shortest_values": [["s", 1], ["s", 1], ["s", 1], ["s", 1], ["s", 1]], "longest_values": [["100.0%", 6], ["100.0%", 6], ["100.0%", 6], ["100.0%", 6], ["100.0%", 6]], "average_length": "3.481985940246046"}]}, {"column_name": "#Hispanic", "number_non_empty_cells": 6828, "number_empty_cells": 0, "number_distinct_values": 579, "frequent_values": ["s", "7", "11", "9", "6"], "dataTypes": [{"type": "INTEGER (LONG)", "count": "5959", "mean": "116.99060245007551", "stddev": "169.90427348163078", "min_value": "6", "max_value": "1930"}, {"type": "TEXT", "count": "869", "shortest_values": [["s", 1], ["s", 1], ["s", 1], ["s", 1], ["s", 1]], "longest_values": [["s", 1], ["s", 1], ["s", 1], ["s", 1], ["s", 1]], "average_length": "1.0"}]}, {"column_name": "%Hispanic", "number_non_empty_cells": 6828, "number_empty_cells": 0, "number_distinct_values": 956, "frequent_values": ["s", "50.0%", "66.7%", "100.0%", "33.3%"], "dataTypes": [{"type": "TEXT", "count": "6828", "shortest_values": [["s", 1], ["s", 1], ["s", 1], ["s", 1], ["s", 1]], "longest_values": [["100.0%", 6], ["100.0%", 6], ["100.0%", 6], ["100.0%", 6], ["100.0%", 6]], "average_length": "4.459285295840656"}]}, {"column_name": "#Other", "number_non_empty_cells": 6828, "number_empty_cells": 0, "number_distinct_values": 81, "frequent_values": ["s", "6", "7", "8", "10"], "dataTypes": [{"type": "INTEGER (LONG)", "count": "1139", "mean": "18.487269534679545", "stddev": "20.363622528981892", "min_value": "6", "max_value": "232"}, {"type": "TEXT", "count": "5689", "shortest_values": [["s", 1], ["s", 1], ["s", 1], ["s", 1], ["s", 1]], "longest_values": [["s", 1], ["s", 1], ["s", 1], ["s", 1], ["s", 1]], "average_length": "1.0"}]}, {"column_name": "%Other", "number_non_empty_cells": 6828, "number_empty_cells": 0, "number_distinct_values": 137, "frequent_values": ["s", "1.7%", "1.8%", "0.8%", "0.9%"], "dataTypes": [{"type": "TEXT", "count": "6828", "shortest_values": [["s", 1], ["s", 1], ["s", 1], ["s", 1], ["s", 1]], "longest_values": [["10.6%", 5], ["10.6%", 5], ["10.7%", 5], ["11.3%", 5], ["10.2%", 5]], "average_length": "1.511716461628588"}]}, {"column_name": "#White", "number_non_empty_cells": 6828, "number_empty_cells": 0, "number_distinct_values": 363, "frequent_values": ["s", "7", "6", "8", "9"], "dataTypes": [{"type": "INTEGER (LONG)", "count": "2633", "mean": "76.08013672616786", "stddev": "130.99896472123734", "min_value": "6", "max_value": "1115"}, {"type": "TEXT", "count": "4195", "shortest_values": [["s", 1], ["s", 1], ["s", 1], ["s", 1], ["s", 1]], "longest_values": [["s", 1], ["s", 1], ["s", 1], ["s", 1], ["s", 1]], "average_length": "1.0"}]}, {"column_name": "%White", "number_non_empty_cells": 6828, "number_empty_cells": 0, "number_distinct_values": 673, "frequent_values": ["s", "1.9%", "2.8%", "2.6%", "1.8%"], "dataTypes": [{"type": "TEXT", "count": "6828", "shortest_values": [["s", 1], ["s", 1], ["s", 1], ["s", 1], ["s", 1]], "longest_values": [["100.0%", 6], ["16.7%", 5], ["15.1%", 5], ["23.4%", 5], ["10.1%", 5]], "average_length": "2.393087287639133"}]}, {"column_name": "#ELL_Spanish", "number_non_empty_cells": 6828, "number_empty_cells": 0, "number_distinct_values": 215, "frequent_values": ["No Data", "s", "7", "11", "8"], "dataTypes": [{"type": "INTEGER (LONG)", "count": "915", "mean": "68.03606557377049", "stddev": "90.02078419039621", "min_value": "6", "max_value": "1113"}, {"type": "TEXT", "count": "5913", "shortest_values": [["s", 1], ["s", 1], ["s", 1], ["s", 1], ["s", 1]], "longest_values": [["No Data", 7], ["No Data", 7], ["No Data", 7], ["No Data", 7], ["No Data", 7]], "average_length": "6.78285134449518"}]}, {"column_name": "%ELL_Spanish", "number_non_empty_cells": 6828, "number_empty_cells": 0, "number_distinct_values": 514, "frequent_values": ["No Data", "s", "100.0%", "78.6%", "50.0%"], "dataTypes": [{"type": "TEXT", "count": "6828", "shortest_values": [["s", 1], ["s", 1], ["s", 1], ["s", 1], ["s", 1]], "longest_values": [["No Data", 7], ["No Data", 7], ["No Data", 7], ["No Data", 7], ["No Data", 7]], "average_length": "6.545401288810779"}]}, {"column_name": "#ELL_Chinese", "number_non_empty_cells": 6828, "number_empty_cells": 0, "number_distinct_values": 99, "frequent_values": ["No Data", "s", "6", "9", "7"], "dataTypes": [{"type": "INTEGER (LONG)", "count": "212", "mean": "68.65566037735849", "stddev": "113.13561595775239", "min_value": "6", "max_value": "787"}, {"type": "TEXT", "count": "6616", "shortest_values": [["s", 1], ["s", 1], ["s", 1], ["s", 1], ["s", 1]], "longest_values": [["No Data", 7], ["No Data", 7], ["No Data", 7], ["No Data", 7], ["No Data", 7]], "average_length": "6.168379685610641"}]}, {"column_name": "%ELL_Chinese", "number_non_empty_cells": 6828, "number_empty_cells": 0, "number_distinct_values": 182, "frequent_values": ["No Data", "s", "4.3%", "12.3%", "14.0%"], "dataTypes": [{"type": "TEXT", "count": "6828", "shortest_values": [["s", 1], ["s", 1], ["s", 1], ["s", 1], ["s", 1]], "longest_values": [["No Data", 7], ["No Data", 7], ["No Data", 7], ["No Data", 7], ["No Data", 7]], "average_length": "6.125951962507322"}]}, {"column_name": "#ELL_Bengali", "number_non_empty_cells": 6828, "number_empty_cells": 0, "number_distinct_values": 57, "frequent_values": ["No Data", "s", "7", "6", "8"], "dataTypes": [{"type": "INTEGER (LONG)", "count": "132", "mean": "28.37878787878788", "stddev": "29.69913518236878", "min_value": "6", "max_value": "139"}, {"type": "TEXT", "count": "6696", "shortest_values": [["s", 1], ["s", 1], ["s", 1], ["s", 1], ["s", 1]], "longest_values": [["No Data", 7], ["No Data", 7], ["No Data", 7], ["No Data", 7], ["No Data", 7]], "average_length": "6.10663082437276"}]}, {"column_name": "%ELL_Bengali", "number_non_empty_cells": 6828, "number_empty_cells": 0, "number_distinct_values": 109, "frequent_values": ["No Data", "s", "6.1%", "3.3%", "5.5%"], "dataTypes": [{"type": "TEXT", "count": "6828", "shortest_values": [["s", 1], ["s", 1], ["s", 1], ["s", 1], ["s", 1]], "longest_values": [["No Data", 7], ["No Data", 7], ["No Data", 7], ["No Data", 7], ["No Data", 7]], "average_length": "6.078060925600469"}]}, {"column_name": "#ELL_Arabic", "number_non_empty_cells": 6828, "number_empty_cells": 0, "number_distinct_values": 45, "frequent_values": ["No Data", "s", "6", "7", "8"], "dataTypes": [{"type": "INTEGER (LONG)", "count": "349", "mean": "14.882521489971346", "stddev": "13.422423272173383", "min_value": "6", "max_value": "110"}, {"type": "TEXT", "count": "6479", "shortest_values": [["s", 1], ["s", 1], ["s", 1], ["s", 1], ["s", 1]], "longest_values": [["No Data", 7], ["No Data", 7], ["No Data", 7], ["No Data", 7], ["No Data", 7]], "average_length": "6.277666306528785"}]}, {"column_name": "%ELL_Arabic", "number_non_empty_cells": 6828, "number_empty_cells": 0, "number_distinct_values": 225, "frequent_values": ["No Data", "s", "4.5%", "8.5%", "4.8%"], "dataTypes": [{"type": "TEXT", "count": "6828", "shortest_values": [["s", 1], ["s", 1], ["s", 1], ["s", 1], ["s", 1]], "longest_values": [["No Data", 7], ["No Data", 7], ["No Data", 7], ["No Data", 7], ["No Data", 7]], "average_length": "6.192149970708846"}]}, {"column_name": "#ELL_Haitian_Creole", "number_non_empty_cells": 6828, "number_empty_cells": 0, "number_distinct_values": 28, "frequent_values": ["No Data", "s", "10", "6", "7"], "dataTypes": [{"type": "INTEGER (LONG)", "count": "57", "mean": "16.80701754385965", "stddev": "11.802600495065285", "min_value": "6", "max_value": "56"}, {"type": "TEXT", "count": "6771", "shortest_values": [["s", 1], ["s", 1], ["s", 1], ["s", 1], ["s", 1]], "longest_values": [["No Data", 7], ["No Data", 7], ["No Data", 7], ["No Data", 7], ["No Data", 7]], "average_length": "6.050066459902525"}]}, {"column_name": "%ELL_Haitian_Creole", "number_non_empty_cells": 6828, "number_empty_cells": 0, "number_distinct_values": 55, "frequent_values": ["No Data", "s", "33.3%", "24.4%", "26.7%"], "dataTypes": [{"type": "TEXT", "count": "6828", "shortest_values": [["s", 1], ["s", 1], ["s", 1], ["s", 1], ["s", 1]], "longest_values": [["No Data", 7], ["No Data", 7], ["No Data", 7], ["No Data", 7], ["No Data", 7]], "average_length": "6.040568248388986"}]}, {"column_name": "#ELL_French", "number_non_empty_cells": 6828, "number_empty_cells": 0, "number_distinct_values": 12, "frequent_values": ["No Data", "s", "6", "7", "8"], "dataTypes": [{"type": "INTEGER (LONG)", "count": "19", "mean": "12.263157894736842", "stddev": "10.235244692635767", "min_value": "6", "max_value": "46"}, {"type": "TEXT", "count": "6809", "shortest_values": [["s", 1], ["s", 1], ["s", 1], ["s", 1], ["s", 1]], "longest_values": [["No Data", 7], ["No Data", 7], ["No Data", 7], ["No Data", 7], ["No Data", 7]], "average_length": "6.021882802173594"}]}, {"column_name": "%ELL_French", "number_non_empty_cells": 6828, "number_empty_cells": 0, "number_distinct_values": 20, "frequent_values": ["No Data", "s", "3.6%", "8.0%", "2.1%"], "dataTypes": [{"type": "TEXT", "count": "6828", "shortest_values": [["s", 1], ["s", 1], ["s", 1], ["s", 1], ["s", 1]], "longest_values": [["No Data", 7], ["No Data", 7], ["No Data", 7], ["No Data", 7], ["No Data", 7]], "average_length": "6.017574692442882"}]}, {"column_name": "#ELL_Russian", "number_non_empty_cells": 6828, "number_empty_cells": 0, "number_distinct_values": 46, "frequent_values": ["No Data", "s", "6", "12", "7"], "dataTypes": [{"type": "INTEGER (LONG)", "count": "91", "mean": "25.86813186813187", "stddev": "23.689758120433392", "min_value": "6", "max_value": "143"}, {"type": "TEXT", "count": "6737", "shortest_values": [["s", 1], ["s", 1], ["s", 1], ["s", 1], ["s", 1]], "longest_values": [["No Data", 7], ["No Data", 7], ["No Data", 7], ["No Data", 7], ["No Data", 7]], "average_length": "6.0755529167285145"}]}, {"column_name": "%ELL_Russian", "number_non_empty_cells": 6828, "number_empty_cells": 0, "number_distinct_values": 81, "frequent_values": ["No Data", "s", "7.8%", "35.3%", "9.9%"], "dataTypes": [{"type": "TEXT", "count": "6828", "shortest_values": [["s", 1], ["s", 1], ["s", 1], ["s", 1], ["s", 1]], "longest_values": [["No Data", 7], ["No Data", 7], ["No Data", 7], ["No Data", 7], ["No Data", 7]], "average_length": "6.05755711775044"}]}, {"column_name": "#ELL_Korean", "number_non_empty_cells": 6828, "number_empty_cells": 0, "number_distinct_values": 14, "frequent_values": ["No Data", "s", "9", "10", "18"], "dataTypes": [{"type": "INTEGER (LONG)", "count": "21", "mean": "15.333333333333334", "stddev": "8.929352346801718", "min_value": "6", "max_value": "36"}, {"type": "TEXT", "count": "6807", "shortest_values": [["s", 1], ["s", 1], ["s", 1], ["s", 1], ["s", 1]], "longest_values": [["No Data", 7], ["No Data", 7], ["No Data", 7], ["No Data", 7], ["No Data", 7]], "average_length": "6.0233583076245045"}]}, {"column_name": "%ELL_Korean", "number_non_empty_cells": 6828, "number_empty_cells": 0, "number_distinct_values": 23, "frequent_values": ["No Data", "s", "28.2%", "8.9%", "8.0%"], "dataTypes": [{"type": "TEXT", "count": "6828", "shortest_values": [["s", 1], ["s", 1], ["s", 1], ["s", 1], ["s", 1]], "longest_values": [["No Data", 7], ["No Data", 7], ["No Data", 7], ["No Data", 7], ["No Data", 7]], "average_length": "6.019039250146456"}]}, {"column_name": "#ELL_Urdu", "number_non_empty_cells": 6828, "number_empty_cells": 0, "number_distinct_values": 28, "frequent_values": ["No Data", "s", "7", "6", "9"], "dataTypes": [{"type": "INTEGER (LONG)", "count": "105", "mean": "14.59047619047619", "stddev": "12.766162635064166", "min_value": "6", "max_value": "82"}, {"type": "TEXT", "count": "6723", "shortest_values": [["s", 1], ["s", 1], ["s", 1], ["s", 1], ["s", 1]], "longest_values": [["No Data", 7], ["No Data", 7], ["No Data", 7], ["No Data", 7], ["No Data", 7]], "average_length": "6.086122266845158"}]}, {"column_name": "%ELL_Urdu", "number_non_empty_cells": 6828, "number_empty_cells": 0, "number_distinct_values": 81, "frequent_values": ["No Data", "s", "7.1%", "1.6%", "4.7%"], "dataTypes": [{"type": "TEXT", "count": "6828", "shortest_values": [["s", 1], ["s", 1], ["s", 1], ["s", 1], ["s", 1]], "longest_values": [["No Data", 7], ["No Data", 7], ["No Data", 7], ["No Data", 7], ["No Data", 7]], "average_length": "6.059461042765085"}]}, {"column_name": "#ELL_Other", "number_non_empty_cells": 6828, "number_empty_cells": 0, "number_distinct_values": 67, "frequent_values": ["No Data", "s", "6", "7", "9"], "dataTypes": [{"type": "INTEGER (LONG)", "count": "381", "mean": "19.1994750656168", "stddev": "19.31312887887769", "min_value": "6", "max_value": "156"}, {"type": "TEXT", "count": "6447", "shortest_values": [["s", 1], ["s", 1], ["s", 1], ["s", 1], ["s", 1]], "longest_values": [["No Data", 7], ["No Data", 7], ["No Data", 7], ["No Data", 7], ["No Data", 7]], "average_length": "6.303862261516985"}]}, {"column_name": "%ELL_Other", "number_non_empty_cells": 6828, "number_empty_cells": 0, "number_distinct_values": 242, "frequent_values": ["No Data", "s", "28.6%", "14.3%", "20.0%"], "dataTypes": [{"type": "TEXT", "count": "6828", "shortest_values": [["s", 1], ["s", 1], ["s", 1], ["s", 1], ["s", 1]], "longest_values": [["No Data", 7], ["No Data", 7], ["No Data", 7], ["No Data", 7], ["No Data", 7]], "average_length": "6.211482132396016"}]}, {"column_name": "ELA_#Test_Takers", "number_non_empty_cells": 6828, "number_empty_cells": 0, "number_distinct_values": 642, "frequent_values": ["s", "No Data", "6", "11", "15"], "dataTypes": [{"type": "INTEGER (LONG)", "count": "6212", "mean": "151.66580811332904", "stddev": "218.05120093799343", "min_value": "6", "max_value": "2054"}, {"type": "TEXT", "count": "616", "shortest_values": [["s", 1], ["s", 1], ["s", 1], ["s", 1], ["s", 1]], "longest_values": [["No Data", 7], ["No Data", 7], ["No Data", 7], ["No Data", 7], ["No Data", 7]], "average_length": "3.0844155844155843"}]}, {"column_name": "ELA_#Level_1", "number_non_empty_cells": 6828, "number_empty_cells": 0, "number_distinct_values": 267, "frequent_values": ["s", "No Data", "8", "11", "6"], "dataTypes": [{"type": "INTEGER (LONG)", "count": "5217", "mean": "55.49089515046962", "stddev": "57.95146156509442", "min_value": "6", "max_value": "607"}, {"type": "TEXT", "count": "1611", "shortest_values": [["s", 1], ["s", 1], ["s", 1], ["s", 1], ["s", 1]], "longest_values": [["No Data", 7], ["No Data", 7], ["No Data", 7], ["No Data", 7], ["No Data", 7]], "average_length": "1.7970204841713222"}]}, {"column_name": "ELA_%Level_1", "number_non_empty_cells": 6828, "number_empty_cells": 0, "number_distinct_values": 846, "frequent_values": ["s", "No Data", "50.0%", "66.7%", "40.0%"], "dataTypes": [{"type": "TEXT", "count": "6828", "shortest_values": [["s", 1], ["s", 1], ["s", 1], ["s", 1], ["s", 1]], "longest_values": [["No Data", 7], ["No Data", 7], ["No Data", 7], ["No Data", 7], ["No Data", 7]], "average_length": "4.21792618629174"}]}, {"column_name": "ELA_#Level_2", "number_non_empty_cells": 6828, "number_empty_cells": 0, "number_distinct_values": 301, "frequent_values": ["s", "No Data", "6", "7", "9"], "dataTypes": [{"type": "INTEGER (LONG)", "count": "5181", "mean": "60.73788843852538", "stddev": "80.09224658981047", "min_value": "6", "max_value": "863"}, {"type": "TEXT", "count": "1647", "shortest_values": [["s", 1], ["s", 1], ["s", 1], ["s", 1], ["s", 1]], "longest_values": [["No Data", 7], ["No Data", 7], ["No Data", 7], ["No Data", 7], ["No Data", 7]], "average_length": "1.7795992714025501"}]}, {"column_name": "ELA_%Level_2", "number_non_empty_cells": 6828, "number_empty_cells": 0, "number_distinct_values": 488, "frequent_values": ["s", "No Data", "33.3%", "40.0%", "50.0%"], "dataTypes": [{"type": "TEXT", "count": "6828", "shortest_values": [["s", 1], ["s", 1], ["s", 1], ["s", 1], ["s", 1]], "longest_values": [["No Data", 7], ["No Data", 7], ["No Data", 7], ["No Data", 7], ["No Data", 7]], "average_length": "4.221294669009959"}]}, {"column_name": "ELA_#Level_3", "number_non_empty_cells": 6828, "number_empty_cells": 0, "number_distinct_values": 269, "frequent_values": ["s", "No Data", "6", "9", "7"], "dataTypes": [{"type": "INTEGER (LONG)", "count": "2507", "mean": "76.39768647786198", "stddev": "82.30126491698648", "min_value": "6", "max_value": "571"}, {"type": "TEXT", "count": "4321", "shortest_values": [["s", 1], ["s", 1], ["s", 1], ["s", 1], ["s", 1]], "longest_values": [["No Data", 7], ["No Data", 7], ["No Data", 7], ["No Data", 7], ["No Data", 7]], "average_length": "1.2971534367044666"}]}, {"column_name": "ELA_%Level_3", "number_non_empty_cells": 6828, "number_empty_cells": 0, "number_distinct_values": 405, "frequent_values": ["s", "No Data", "33.3%", "28.6%", "30.6%"], "dataTypes": [{"type": "TEXT", "count": "6828", "shortest_values": [["s", 1], ["s", 1], ["s", 1], ["s", 1], ["s", 1]], "longest_values": [["No Data", 7], ["No Data", 7], ["No Data", 7], ["No Data", 7], ["No Data", 7]], "average_length": "2.653485647334505"}]}, {"column_name": "ELA_#Level_4", "number_non_empty_cells": 6828, "number_empty_cells": 0, "number_distinct_values": 212, "frequent_values": ["s", "No Data", "6", "7", "8"], "dataTypes": [{"type": "INTEGER (LONG)", "count": "2173", "mean": "50.63414634146341", "stddev": "81.67410463274464", "min_value": "6", "max_value": "742"}, {"type": "TEXT", "count": "4655", "shortest_values": [["s", 1], ["s", 1], ["s", 1], ["s", 1], ["s", 1]], "longest_values": [["No Data", 7], ["No Data", 7], ["No Data", 7], ["No Data", 7], ["No Data", 7]], "average_length": "1.2758324382384534"}]}, {"column_name": "ELA_%Level_4", "number_non_empty_cells": 6828, "number_empty_cells": 0, "number_distinct_values": 425, "frequent_values": ["s", "No Data", "6.0%", "4.2%", "6.6%"], "dataTypes": [{"type": "TEXT", "count": "6828", "shortest_values": [["s", 1], ["s", 1], ["s", 1], ["s", 1], ["s", 1]], "longest_values": [["No Data", 7], ["No Data", 7], ["No Data", 7], ["No Data", 7], ["No Data", 7]], "average_length": "2.312683069712947"}]}, {"column_name": "ELA_#L3+L4", "number_non_empty_cells": 6828, "number_empty_cells": 0, "number_distinct_values": 383, "frequent_values": ["s", "No Data", "49", "35", "34"], "dataTypes": [{"type": "INTEGER (LONG)", "count": "2144", "mean": "138.47294776119404", "stddev": "157.72104004440203", "min_value": "12", "max_value": "1200"}, {"type": "TEXT", "count": "4684", "shortest_values": [["s", 1], ["s", 1], ["s", 1], ["s", 1], ["s", 1]], "longest_values": [["No Data", 7], ["No Data", 7], ["No Data", 7], ["No Data", 7], ["No Data", 7]], "average_length": "1.274124679760888"}]}, {"column_name": "ELA_%L3+L4", "number_non_empty_cells": 6828, "number_empty_cells": 0, "number_distinct_values": 639, "frequent_values": ["s", "No Data", "30.4%", "25.3%", "20.4%"], "dataTypes": [{"type": "TEXT", "count": "6828", "shortest_values": [["s", 1], ["s", 1], ["s", 1], ["s", 1], ["s", 1]], "longest_values": [["No Data", 7], ["No Data", 7], ["No Data", 7], ["No Data", 7], ["No Data", 7]], "average_length": "2.444200351493849"}]}, {"column_name": "Math_#Test_Takers", "number_non_empty_cells": 6828, "number_empty_cells": 0, "number_distinct_values": 645, "frequent_values": ["s", "No Data", "18", "11", "6"], "dataTypes": [{"type": "INTEGER (LONG)", "count": "6214", "mean": "149.54071451560992", "stddev": "210.88147269351754", "min_value": "6", "max_value": "2000"}, {"type": "TEXT", "count": "614", "shortest_values": [["s", 1], ["s", 1], ["s", 1], ["s", 1], ["s", 1]], "longest_values": [["No Data", 7], ["No Data", 7], ["No Data", 7], ["No Data", 7], ["No Data", 7]], "average_length": "3.1009771986970684"}]}, {"column_name": "Math_#Level_1", "number_non_empty_cells": 6828, "number_empty_cells": 0, "number_distinct_values": 303, "frequent_values": ["s", "No Data", "9", "8", "7"], "dataTypes": [{"type": "INTEGER (LONG)", "count": "5408", "mean": "64.42048816568047", "stddev": "73.67305123233737", "min_value": "6", "max_value": "847"}, {"type": "TEXT", "count": "1420", "shortest_values": [["s", 1], ["s", 1], ["s", 1], ["s", 1], ["s", 1]], "longest_values": [["No Data", 7], ["No Data", 7], ["No Data", 7], ["No Data", 7], ["No Data", 7]], "average_length": "1.908450704225352"}]}, {"column_name": "Math_%Level_1", "number_non_empty_cells": 6828, "number_empty_cells": 0, "number_distinct_values": 875, "frequent_values": ["s", "No Data", "50.0%", "66.7%", "60.0%"], "dataTypes": [{"type": "TEXT", "count": "6828", "shortest_values": [["s", 1], ["s", 1], ["s", 1], ["s", 1], ["s", 1]], "longest_values": [["No Data", 7], ["No Data", 7], ["No Data", 7], ["No Data", 7], ["No Data", 7]], "average_length": "4.334944346807264"}]}, {"column_name": "Math_#Level_2", "number_non_empty_cells": 6828, "number_empty_cells": 0, "number_distinct_values": 274, "frequent_values": ["s", "No Data", "6", "7", "8"], "dataTypes": [{"type": "INTEGER (LONG)", "count": "4942", "mean": "53.9496155402671", "stddev": "70.04934863028723", "min_value": "6", "max_value": "776"}, {"type": "TEXT", "count": "1886", "shortest_values": [["s", 1], ["s", 1], ["s", 1], ["s", 1], ["s", 1]], "longest_values": [["No Data", 7], ["No Data", 7], ["No Data", 7], ["No Data", 7], ["No Data", 7]], "average_length": "1.6839872746553552"}]}, {"column_name": "Math_%Level_2", "number_non_empty_cells": 6828, "number_empty_cells": 0, "number_distinct_values": 444, "frequent_values": ["s", "No Data", "33.3%", "30.0%", "25.0%"], "dataTypes": [{"type": "TEXT", "count": "6828", "shortest_values": [["s", 1], ["s", 1], ["s", 1], ["s", 1], ["s", 1]], "longest_values": [["No Data", 7], ["No Data", 7], ["No Data", 7], ["No Data", 7], ["No Data", 7]], "average_length": "4.078353837141183"}]}, {"column_name": "Math_#Level_3", "number_non_empty_cells": 6828, "number_empty_cells": 0, "number_distinct_values": 230, "frequent_values": ["s", "No Data", "6", "7", "8"], "dataTypes": [{"type": "INTEGER (LONG)", "count": "2536", "mean": "59.19518927444795", "stddev": "64.67860271706253", "min_value": "6", "max_value": "525"}, {"type": "TEXT", "count": "4292", "shortest_values": [["s", 1], ["s", 1], ["s", 1], ["s", 1], ["s", 1]], "longest_values": [["No Data", 7], ["No Data", 7], ["No Data", 7], ["No Data", 7], ["No Data", 7]], "average_length": "1.3005591798695246"}]}, {"column_name": "Math_%Level_3", "number_non_empty_cells": 6828, "number_empty_cells": 0, "number_distinct_values": 370, "frequent_values": ["s", "No Data", "25.0%", "33.3%", "16.7%"], "dataTypes": [{"type": "TEXT", "count": "6828", "shortest_values": [["s", 1], ["s", 1], ["s", 1], ["s", 1], ["s", 1]], "longest_values": [["No Data", 7], ["No Data", 7], ["No Data", 7], ["No Data", 7], ["No Data", 7]], "average_length": "2.655096660808436"}]}, {"column_name": "Math_#Level_4", "number_non_empty_cells": 6828, "number_empty_cells": 0, "number_distinct_values": 250, "frequent_values": ["s", "No Data", "6", "8", "7"], "dataTypes": [{"type": "INTEGER (LONG)", "count": "2403", "mean": "54.96878901373283", "stddev": "86.70696930400183", "min_value": "6", "max_value": "895"}, {"type": "TEXT", "count": "4425", "shortest_values": [["s", 1], ["s", 1], ["s", 1], ["s", 1], ["s", 1]], "longest_values": [["No Data", 7], ["No Data", 7], ["No Data", 7], ["No Data", 7], ["No Data", 7]], "average_length": "1.2915254237288136"}]}, {"column_name": "Math_%Level_4", "number_non_empty_cells": 6828, "number_empty_cells": 0, "number_distinct_values": 534, "frequent_values": ["s", "No Data", "5.0%", "5.2%", "4.3%"], "dataTypes": [{"type": "TEXT", "count": "6828", "shortest_values": [["s", 1], ["s", 1], ["s", 1], ["s", 1], ["s", 1]], "longest_values": [["No Data", 7], ["No Data", 7], ["No Data", 7], ["No Data", 7], ["No Data", 7]], "average_length": "2.467486818980668"}]}, {"column_name": "Math_#L3+L4", "number_non_empty_cells": 6828, "number_empty_cells": 0, "number_distinct_values": 372, "frequent_values": ["s", "No Data", "25", "22", "38"], "dataTypes": [{"type": "INTEGER (LONG)", "count": "2328", "mean": "119.91752577319588", "stddev": "146.02461096285657", "min_value": "12", "max_value": "1242"}, {"type": "TEXT", "count": "4500", "shortest_values": [["s", 1], ["s", 1], ["s", 1], ["s", 1], ["s", 1]], "longest_values": [["No Data", 7], ["No Data", 7], ["No Data", 7], ["No Data", 7], ["No Data", 7]], "average_length": "1.2866666666666666"}]}, {"column_name": "Math_%L3+L4", "number_non_empty_cells": 6828, "number_empty_cells": 0, "number_distinct_values": 701, "frequent_values": ["s", "No Data", "33.3%", "19.0%", "36.4%"], "dataTypes": [{"type": "TEXT", "count": "6828", "shortest_values": [["s", 1], ["s", 1], ["s", 1], ["s", 1], ["s", 1]], "longest_values": [["No Data", 7], ["No Data", 7], ["No Data", 7], ["No Data", 7], ["No Data", 7]], "average_length": "2.5492091388400704"}]}]}