{"dataset_name": "/user/hm74/NYCOpenData/2abb-gr8d.tsv.gz", "columns": [{"column_name": "Week", "number_non_empty_cells": 83, "number_empty_cells": 0, "number_distinct_values": 83, "frequent_values": ["Canvassing observations for week of Sunday, July 14th, 2019", "Canvassing observations for week of Sunday, July 22nd, 2018", "Canvassing observations for week of Sunday, January 20th, 2019", "Canvassing observations for week of Sunday, February 10th, 2019", "Canvassing observations for week of Sunday, June 9th, 2019"], "dataTypes": [{"type": "TEXT", "count": 83, "shortest_values": [["Canvassing observations for week of Sunday, May 6th, 2018", 57], ["Canvassing observations for week of Sunday, May 5th, 2019", 57], ["Canvassing observations for week of Sunday, May 20th, 2018", 58], ["Canvassing observations for week of Sunday, May 13th, 2018", 58], ["Canvassing observations for week of Sunday, May 27th, 2018", 58]], "longest_values": [["Canvassing observations for week of Sunday, September 16th, 2018", 64], ["Canvassing observations for week of Sunday, September 23rd, 2018", 64], ["Canvassing observations for week of Sunday, September 30th, 2018", 64], ["Canvassing observations for week of Sunday, September 15th, 2019", 64], ["Canvassing observations for week of Sunday, February 18th, 2018", 63]], "average_length": 60.50602409638554}]}, {"column_name": "ManhattanCount", "number_non_empty_cells": 83, "number_empty_cells": 0, "number_distinct_values": 65, "frequent_values": [54, 89, 92, 78, 111], "dataTypes": [{"type": "INTEGER (LONG)", "count": 83, "max_value": 188, "min_value": 2, "mean": 67.95180722891564, "stddev": 39.05692589783975}]}, {"column_name": "CitywideCount", "number_non_empty_cells": 83, "number_empty_cells": 0, "number_distinct_values": 65, "frequent_values": [54, 89, 92, 78, 111], "dataTypes": [{"type": "INTEGER (LONG)", "count": 83, "max_value": 188, "min_value": 2, "mean": 67.95180722891564, "stddev": 39.05692589783975}]}]}