{"dataset_name": "/user/hm74/NYCOpenData/2anc-iydk.tsv.gz", "columns": [{"column_name": "School year", "number_non_empty_cells": 51, "number_empty_cells": 1, "number_distinct_values": 2, "frequent_values": ["2015-16", null], "dataTypes": [{"type": "TEXT", "count": 51, "shortest_values": [["2015-16", 7], ["2015-16", 7], ["2015-16", 7], ["2015-16", 7], ["2015-16", 7]], "longest_values": [["2015-16", 7], ["2015-16", 7], ["2015-16", 7], ["2015-16", 7], ["2015-16", 7]], "average_length": 7.0}]}, {"column_name": "City Council District", "number_non_empty_cells": 52, "number_empty_cells": 0, "number_distinct_values": 52, "frequent_values": ["7", "51", "15", "11", "29"], "dataTypes": [{"type": "INTEGER (LONG)", "count": 51, "max_value": 51, "min_value": 1, "mean": 26.0, "stddev": 14.719601443879744}, {"type": "TEXT", "count": 1, "shortest_values": [["Total:", 6]], "longest_values": [["Total:", 6]], "average_length": 6.0}]}, {"column_name": "# of students in grades 9-12", "number_non_empty_cells": 52, "number_empty_cells": 0, "number_distinct_values": 52, "frequent_values": [7253, 7530, 7892, 6376, 2238], "dataTypes": [{"type": "INTEGER (LONG)", "count": 52, "max_value": 290930, "min_value": 803, "mean": 11189.615384615387, "stddev": 39310.82750198134}]}, {"column_name": "# of students in grades 9-12 who have completed at least one semester of health instruction", "number_non_empty_cells": 52, "number_empty_cells": 0, "number_distinct_values": 52, "frequent_values": [9968, 4172, 8127, 3582, 2094], "dataTypes": [{"type": "INTEGER (LONG)", "count": 52, "max_value": 180767, "min_value": 388, "mean": 6952.576923076922, "stddev": 24442.824175351747}]}, {"column_name": "%", "number_non_empty_cells": 52, "number_empty_cells": 0, "number_distinct_values": 49, "frequent_values": [0.724, 0.611, 0.684, 0.747, 0.624], "dataTypes": [{"type": "REAL", "count": 52, "max_value": 0.982, "min_value": 0.246, "mean": 0.6113269230769228, "stddev": 0.13095840812931148}]}, {"column_name": "# of 15-16 June and August graduates", "number_non_empty_cells": 52, "number_empty_cells": 0, "number_distinct_values": 51, "frequent_values": [503, 1016, 1143, 879, 322], "dataTypes": [{"type": "INTEGER (LONG)", "count": 52, "max_value": 57518, "min_value": 199, "mean": 2212.2307692307695, "stddev": 7777.215092858864}]}, {"column_name": "# of 15-16 June and August graduates meeting high school health requirements", "number_non_empty_cells": 52, "number_empty_cells": 0, "number_distinct_values": 52, "frequent_values": [3179, 897, 322, 1016, 918], "dataTypes": [{"type": "INTEGER (LONG)", "count": 52, "max_value": 57355, "min_value": 199, "mean": 2205.961538461538, "stddev": 7755.283119767549}]}]}