{"dataset_name": "/user/hm74/NYCOpenData/2ay5-tqqe.tsv.gz", "columns": [{"column_name": "Community School District", "number_non_empty_cells": 33, "number_empty_cells": 0, "number_distinct_values": 33, "frequent_values": [31, 28, 26, 27, 12], "dataTypes": [{"type": "INTEGER (LONG)", "count": 33, "max_value": 75, "min_value": 1, "mean": 18.272727272727273, "stddev": 13.536197772555669}]}, {"column_name": "# of students in grades 6-8", "number_non_empty_cells": 33, "number_empty_cells": 0, "number_distinct_values": 33, "frequent_values": [7340, 7879, 2758, 5442, 12857], "dataTypes": [{"type": "INTEGER (LONG)", "count": 33, "max_value": 12857, "min_value": 1251, "mean": 6230.454545454545, "stddev": 3160.0201676658808}]}, {"column_name": "# of students in grades 6-8 who have completed at least one semester of health instruction", "number_non_empty_cells": 33, "number_empty_cells": 0, "number_distinct_values": 33, "frequent_values": [2443, 4799, 7613, 3445, 688], "dataTypes": [{"type": "INTEGER (LONG)", "count": 33, "max_value": 7613, "min_value": 449, "mean": 2916.1515151515146, "stddev": 2034.955380662088}]}, {"column_name": "%", "number_non_empty_cells": 33, "number_empty_cells": 0, "number_distinct_values": 33, "frequent_values": [0.6270381, 0.4117647, 0.4653684, 0.3589129, 0.2699149], "dataTypes": [{"type": "REAL", "count": 33, "max_value": 0.6870902, "min_value": 0.2456306, "mean": 0.4377551000000001, "stddev": 0.12860545820943045}]}, {"column_name": "# of 8th graders", "number_non_empty_cells": 33, "number_empty_cells": 0, "number_distinct_values": 33, "frequent_values": [897, 1223, 2874, 1031, 1175], "dataTypes": [{"type": "INTEGER (LONG)", "count": 33, "max_value": 4341, "min_value": 487, "mean": 2101.939393939394, "stddev": 1035.3901603770887}]}, {"column_name": "# of 8th graders who have completed at least one semester of health instruction", "number_non_empty_cells": 33, "number_empty_cells": 0, "number_distinct_values": 33, "frequent_values": [3089, 1489, 1974, 1276, 926], "dataTypes": [{"type": "INTEGER (LONG)", "count": 33, "max_value": 3089, "min_value": 224, "mean": 1204.4545454545455, "stddev": 770.2921559445105}]}, {"column_name": "%2", "number_non_empty_cells": 33, "number_empty_cells": 0, "number_distinct_values": 33, "frequent_values": [0.6001881, 0.5813472, 0.3671123, 0.5117422, 0.7115872], "dataTypes": [{"type": "REAL", "count": 33, "max_value": 0.8471724, "min_value": 0.303523, "mean": 0.5514110121212121, "stddev": 0.13832103699554266}]}]}