{"dataset_name": "/user/hm74/NYCOpenData/2bef-phhy.tsv.gz", "columns": [{"column_name": "DBN", "number_non_empty_cells": 413, "number_empty_cells": 0, "number_distinct_values": 413, "frequent_values": ["01M539", "10X396", "25Q214", "Total", "03M084"], "dataTypes": [{"type": "DATE/TIME", "count": 6, "max_value": "2019-12-07T00:06:48", "min_value": "2019-12-07T00:02:06"}, {"type": "TEXT", "count": 407, "shortest_values": [["Total", 5], ["01M140", 6], ["01M301", 6], ["01M450", 6], ["01M515", 6]], "longest_values": [["01M140", 6], ["01M301", 6], ["01M450", 6], ["01M515", 6], ["01M539", 6]], "average_length": 5.997542997542998}]}, {"column_name": "School_Name", "number_non_empty_cells": 412, "number_empty_cells": 1, "number_distinct_values": 413, "frequent_values": ["P.S. 89", "P.S. 021 Crispus Attucks", "P.S. 216 Arturo Toscanini", "Life Academy High School for Film and Music", "Aspirations Diploma Plus High School"], "dataTypes": [{"type": "TEXT", "count": 412, "shortest_values": [["P.S. 89", 7], ["P.S. 66", 7], ["P.S. 150", 8], ["I.S. 289", 8], ["P.S. 209", 8]], "longest_values": [["New Explorations into Science, Technology and Math", 50], ["High School for Health Professions and Human Servi", 50], ["Chelsea Career and Technical Education High School", 50], ["P.S. 185 - The Early Childhood Discovery and Desig", 50], ["Fiorello H. LaGuardia High School of Music & Art a", 50]], "average_length": 28.733009708737868}]}, {"column_name": "#_of_Comp_Sci_Courses", "number_non_empty_cells": 413, "number_empty_cells": 0, "number_distinct_values": 16, "frequent_values": [1, 6, 2, 3, 5], "dataTypes": [{"type": "INTEGER (LONG)", "count": 413, "max_value": 1426, "min_value": 1, "mean": 6.905569007263921, "stddev": 69.96158262965962}]}, {"column_name": "#_of_AP_Comp_Sci_Courses", "number_non_empty_cells": 413, "number_empty_cells": 0, "number_distinct_values": 4, "frequent_values": [0, 1, 2, 111], "dataTypes": [{"type": "INTEGER (LONG)", "count": 413, "max_value": 111, "min_value": 0, "mean": 0.5375302663438257, "stddev": 5.464538615303184}]}, {"column_name": "#_of_Full_CS_Courses", "number_non_empty_cells": 413, "number_empty_cells": 0, "number_distinct_values": 14, "frequent_values": [0, 1, 2, 3, 6], "dataTypes": [{"type": "INTEGER (LONG)", "count": 413, "max_value": 870, "min_value": 0, "mean": 4.213075060532688, "stddev": 42.71957236374326}]}, {"column_name": "#_of_Partial_CS_Courses", "number_non_empty_cells": 413, "number_empty_cells": 0, "number_distinct_values": 13, "frequent_values": [0, 1, 6, 2, 4], "dataTypes": [{"type": "INTEGER (LONG)", "count": 413, "max_value": 556, "min_value": 0, "mean": 2.692493946731235, "stddev": 27.34825829545197}]}]}