{"dataset_name": "/user/hm74/NYCOpenData/2bh6-qmgg.tsv.gz", "columns": [{"column_name": "Grade", "number_non_empty_cells": 98, "number_empty_cells": 0, "number_distinct_values": 7, "frequent_values": ["7", "3", "8", "5", "6"], "dataTypes": [{"type": "INTEGER (LONG)", "count": 84, "max_value": 8, "min_value": 3, "mean": 5.5, "stddev": 1.7078251276599334}, {"type": "TEXT", "count": 14, "shortest_values": [["All Grades", 10], ["All Grades", 10], ["All Grades", 10], ["All Grades", 10], ["All Grades", 10]], "longest_values": [["All Grades", 10], ["All Grades", 10], ["All Grades", 10], ["All Grades", 10], ["All Grades", 10]], "average_length": 10.0}]}, {"column_name": "Year", "number_non_empty_cells": 98, "number_empty_cells": 0, "number_distinct_values": 7, "frequent_values": [2007, 2006, 2012, 2009, 2010], "dataTypes": [{"type": "INTEGER (LONG)", "count": 98, "max_value": 2012, "min_value": 2006, "mean": 2009.0000000000002, "stddev": 1.9999999999999971}]}, {"column_name": "Demographic", "number_non_empty_cells": 98, "number_empty_cells": 0, "number_distinct_values": 2, "frequent_values": ["Female", "Male"], "dataTypes": [{"type": "TEXT", "count": 98, "shortest_values": [["Male", 4], ["Male", 4], ["Male", 4], ["Male", 4], ["Male", 4]], "longest_values": [["Female", 6], ["Female", 6], ["Female", 6], ["Female", 6], ["Female", 6]], "average_length": 5.0000000000000036}]}, {"column_name": "Number Tested", "number_non_empty_cells": 98, "number_empty_cells": 0, "number_distinct_values": 98, "frequent_values": [34061, 34602, 34569, 36112, 207503], "dataTypes": [{"type": "INTEGER (LONG)", "count": 98, "max_value": 228262, "min_value": 33467, "mean": 61346.591836734704, "stddev": 62674.111713841754}]}, {"column_name": "Mean Scale Score", "number_non_empty_cells": 98, "number_empty_cells": 0, "number_distinct_values": 38, "frequent_values": [670, 675, 673, 678, 685], "dataTypes": [{"type": "INTEGER (LONG)", "count": 98, "max_value": 691, "min_value": 637, "mean": 673.4795918367345, "stddev": 12.423011557586703}]}, {"column_name": "Num Level 1", "number_non_empty_cells": 98, "number_empty_cells": 0, "number_distinct_values": 98, "frequent_values": [19553, 3226, 2811, 3179, 10708], "dataTypes": [{"type": "INTEGER (LONG)", "count": 98, "max_value": 39088, "min_value": 314, "mean": 5766.020408163264, "stddev": 6934.899316514679}]}, {"column_name": "Pct Level 1", "number_non_empty_cells": 98, "number_empty_cells": 0, "number_distinct_values": 75, "frequent_values": [5.3, 11.7, 6.7, 3.7, 12.8], "dataTypes": [{"type": "REAL", "count": 98, "max_value": 26.0, "min_value": 0.9, "mean": 9.302040816326528, "stddev": 4.6988053104244285}]}, {"column_name": "Num Level 2", "number_non_empty_cells": 98, "number_empty_cells": 0, "number_distinct_values": 97, "frequent_values": [10874, 67531, 11487, 8429, 11941], "dataTypes": [{"type": "INTEGER (LONG)", "count": 98, "max_value": 77493, "min_value": 2310, "mean": 16226.16326530612, "stddev": 17758.50188839935}]}, {"column_name": "Pct Level 2", "number_non_empty_cells": 98, "number_empty_cells": 0, "number_distinct_values": 80, "frequent_values": [35.6, 15.7, 35.5, 33.1, 26.4], "dataTypes": [{"type": "REAL", "count": 98, "max_value": 41.5, "min_value": 6.6, "mean": 26.386734693877557, "stddev": 8.765687252648553}]}, {"column_name": "Num Level 3", "number_non_empty_cells": 98, "number_empty_cells": 0, "number_distinct_values": 98, "frequent_values": [16234, 13022, 16125, 11103, 10295], "dataTypes": [{"type": "INTEGER (LONG)", "count": 98, "max_value": 119581, "min_value": 10295, "mean": 26394.122448979593, "stddev": 27940.15051975631}]}, {"column_name": "Pct Level 3", "number_non_empty_cells": 98, "number_empty_cells": 0, "number_distinct_values": 82, "frequent_values": [51.1, 31.1, 37.1, 32.3, 50.9], "dataTypes": [{"type": "REAL", "count": 98, "max_value": 66.6, "min_value": 28.0, "mean": 43.06224489795918, "stddev": 9.62840732486398}]}, {"column_name": "Num Level 4", "number_non_empty_cells": 98, "number_empty_cells": 0, "number_distinct_values": 97, "frequent_values": [5034, 7935, 45211, 50108, 8755], "dataTypes": [{"type": "INTEGER (LONG)", "count": 98, "max_value": 55110, "min_value": 2615, "mean": 12960.285714285714, "stddev": 13601.077530092674}]}, {"column_name": "Pct Level 4", "number_non_empty_cells": 98, "number_empty_cells": 0, "number_distinct_values": 80, "frequent_values": [23.9, 24.4, 25.3, 11.6, 8.0], "dataTypes": [{"type": "REAL", "count": 98, "max_value": 34.9, "min_value": 6.7, "mean": 21.25510204081632, "stddev": 6.1673287051149295}]}, {"column_name": "Num Level 3 and 4", "number_non_empty_cells": 98, "number_empty_cells": 0, "number_distinct_values": 98, "frequent_values": [28124, 29075, 127737, 21373, 25673], "dataTypes": [{"type": "INTEGER (LONG)", "count": 98, "max_value": 174245, "min_value": 14411, "mean": 39354.408163265296, "stddev": 41035.178764089105}]}, {"column_name": "Pct Level 3 and 4", "number_non_empty_cells": 98, "number_empty_cells": 0, "number_distinct_values": 85, "frequent_values": [54.7, 58.7, 66.4, 56.1, 63.9], "dataTypes": [{"type": "REAL", "count": 98, "max_value": 92.5, "min_value": 37.1, "mean": 64.31326530612243, "stddev": 12.38439305652854}]}]}