{"dataset_name": "/user/hm74/NYCOpenData/2bmr-jdsv.tsv.gz", "columns": [{"column_name": "Base_Number", "number_non_empty_cells": 101033, "number_empty_cells": 0, "number_distinct_values": 991, "frequent_values": ["B02765", "B00248", "B02067", "B00381", "B02617"], "dataTypes": []}, {"column_name": "Wave_Number", "number_non_empty_cells": 101033, "number_empty_cells": 0, "number_distinct_values": 4, "frequent_values": [3, 2, 1, 4], "dataTypes": [{"type": "INTEGER (LONG)", "count": 101033, "max_value": 4, "min_value": 1, "mean": 2.6943572892025607, "stddev": 0.8754430949969323}]}, {"column_name": "Base_Name", "number_non_empty_cells": 95163, "number_empty_cells": 5870, "number_distinct_values": 912, "frequent_values": ["SEAGULL RIDE CORP", "TREMONT DISPATCHING CORP", "GREAT EXPRESS CAR & LIMOUSINE SERVICE INC", "A & S LIMOUSINE SERVICE CORP", "BWJ GROUP INC"], "dataTypes": []}, {"column_name": "DBA", "number_non_empty_cells": 23683, "number_empty_cells": 77350, "number_distinct_values": 194, "frequent_values": ["FOUR ONES CAR SERVICE", "ELEGANTE", "JUNO", "UBER-WEITER LLC", "UBER-DANACH-NY,LLC"], "dataTypes": []}, {"column_name": "years", "number_non_empty_cells": 101033, "number_empty_cells": 0, "number_distinct_values": 4, "frequent_values": [2017, 2016, 2018, 2015], "dataTypes": [{"type": "INTEGER (LONG)", "count": 101033, "max_value": 2018, "min_value": 2015, "mean": 2016.6173626438947, "stddev": 0.9938425657226378}]}, {"column_name": "Week_Number", "number_non_empty_cells": 101033, "number_empty_cells": 0, "number_distinct_values": 53, "frequent_values": [23, 22, 18, 27, 31], "dataTypes": [{"type": "INTEGER (LONG)", "count": 101033, "max_value": 53, "min_value": 1, "mean": 26.01385685865001, "stddev": 14.872068880731565}]}, {"column_name": "Pickup_Start_Date", "number_non_empty_cells": 101033, "number_empty_cells": 0, "number_distinct_values": 193, "frequent_values": ["11/26/2017 12:00:00 AM", "01/28/2018 12:00:00 AM", "02/25/2018 12:00:00 AM", "08/27/2017 12:00:00 AM", "01/07/2018 12:00:00 AM"], "dataTypes": [{"type": "DATE/TIME", "count": 101033, "max_value": "2018-08-19T00:00:00", "min_value": "2015-01-01T00:00:00"}]}, {"column_name": "Pickup_End_Date", "number_non_empty_cells": 101033, "number_empty_cells": 0, "number_distinct_values": 193, "frequent_values": ["12/02/2017 12:00:00 AM", "02/03/2018 12:00:00 AM", "03/03/2018 12:00:00 AM", "09/02/2017 12:00:00 AM", "01/13/2018 12:00:00 AM"], "dataTypes": [{"type": "DATE/TIME", "count": 101033, "max_value": "2018-08-25T00:00:00", "min_value": "2015-01-03T00:00:00"}]}, {"column_name": "Total_Dispatched_Trips", "number_non_empty_cells": 101033, "number_empty_cells": 0, "number_distinct_values": 12639, "frequent_values": [7, 5, 6, 1, 2], "dataTypes": [{"type": "INTEGER (LONG)", "count": 101033, "max_value": 909056, "min_value": 1, "mean": 5441.023833796836, "stddev": 30400.62409848864}]}, {"column_name": "Unique_Dispatched_Vehicle", "number_non_empty_cells": 101033, "number_empty_cells": 0, "number_distinct_values": 3026, "frequent_values": [6, 5, 7, 8, 4], "dataTypes": [{"type": "INTEGER (LONG)", "count": 101033, "max_value": 33578, "min_value": 1, "mean": 160.43502617956608, "stddev": 1061.1779806227337}]}]}