{"dataset_name": "/user/hm74/NYCOpenData/2cmn-uidm.tsv.gz", "columns": [{"column_name": "Published_Date", "number_non_empty_cells": 19366, "number_empty_cells": 1, "number_distinct_values": 11, "frequent_values": [20190207, 20171106, 20181010, 20180201, 20170426], "dataTypes": [{"type": "INTEGER (LONG)", "count": ["19366"], "mean": ["2.01756548469999E7"], "stddev": ["10105.928612148133"], "min_value": ["20160426"], "max_value": ["20190425"]}]}, {"column_name": "Project_Type", "number_non_empty_cells": 19366, "number_empty_cells": 1, "number_distinct_values": 41, "frequent_values": ["PV", "PW", "HD", "P", "HL"], "dataTypes": [{"type": "TEXT", "count": "19366", "shortest_values": [["W", 1], ["W", 1], ["W", 1], ["W", 1], ["W", 1]], "longest_values": [["AG", 2], ["WP", 2], ["WP", 2], ["WP", 2], ["WP", 2]], "average_length": "1.8833006299700505"}]}, {"column_name": "Project_Type_Description", "number_non_empty_cells": 19366, "number_empty_cells": 1, "number_distinct_values": 41, "frequent_values": ["CULTURAL INSTITUTIONS", "PUBLIC BUILDINGS", "HOUSING & DEVELOPMENT", "PARKS", "HEALTH"], "dataTypes": [{"type": "TEXT", "count": "19366", "shortest_values": [["FIRE", 4], ["FIRE", 4], ["FIRE", 4], ["FIRE", 4], ["FIRE", 4]], "longest_values": [["ADMIN FOR CHILDREN'S SERVICES", 29], ["ADMIN FOR CHILDREN'S SERVICES", 29], ["ADMIN FOR CHILDREN'S SERVICES", 29], ["ADMIN FOR CHILDREN'S SERVICES", 29], ["ADMIN FOR CHILDREN'S SERVICES", 29]], "average_length": "15.98197872560157"}]}, {"column_name": "Budget_Line", "number_non_empty_cells": 19366, "number_empty_cells": 1, "number_distinct_values": 3983, "frequent_values": ["TF0502", "HB1165", "HW0002M", "HW1684", "P 0245M"], "dataTypes": [{"type": "DATE/TIME", "count": 60, "min_value": "2019-12-09T07:00:00", "max_value": "0131-12-09T00:00:00"}, {"type": "TEXT", "count": "19306", "shortest_values": [["WP0283", 6], ["WP0249", 6], ["WP0282", 6], ["WP0288", 6], ["WP0269", 6]], "longest_values": [["HW-0001K", 8], ["PV-0N686", 8], ["AG-DN169", 8], ["HL-DN014", 8], ["PV-QN010", 8]], "average_length": "6.6260229980317"}]}, {"column_name": "Budget_Line_Description", "number_non_empty_cells": 19217, "number_empty_cells": 150, "number_distinct_values": 1753, "frequent_values": ["MISCELLANEOUS PARKS, PLAYGROUNDS, CONSTRUCTION, RECONSTRUCTI", "CONSTRUCTION OR ACQUISITION OF A NON-CITY OWNED PUBLIC BETTERMENT", "FIVE YEAR EDUCATIONAL FACILITIES CAPITAL PLAN", "SEVENTH REGIMENT ARMORY CONSERVANCY", "CONSTRUCTION AND IMPROVEMENTS TO CUNY COMMUNITY COLLEGES, CITYWIDE"], "dataTypes": [{"type": "TEXT", "count": "19217", "shortest_values": [["FIT", 3], ["FIT", 3], ["FIT", 3], ["FIT", 3], ["FIT", 3]], "longest_values": [["SANITARY SEWERS IN MARINE WAY FROM CEDAR GROVE AVE. TO WINHAM AVE.,ETC", 70], ["92ND STREET YOUNG MEN'S AND YOUNG WOMEN'S HEBREW ASSOCIATION (YM&YWHA)", 70], ["CONS. AND RECONST. OF STORM WATER SEWERS, NOT TO EXCEED $400,000, S.I.", 70], ["INSTALLATION OF STREET-SURFACE MARKINGS AND TRAFFIC SIGNALS, ALL BOROS", 70], ["92ND STREET YOUNG MEN'S AND YOUNG WOMEN'S HEBREW ASSOCIATION (YM&YWHA)", 70]], "average_length": "39.126294426809594"}]}, {"column_name": "Funding_Type", "number_non_empty_cells": 19366, "number_empty_cells": 1, "number_distinct_values": 3, "frequent_values": ["CITY", "NON CITY", null], "dataTypes": [{"type": "TEXT", "count": "19366", "shortest_values": [["CITY", 4], ["CITY", 4], ["CITY", 4], ["CITY", 4], ["CITY", 4]], "longest_values": [["NON CITY", 8], ["NON CITY", 8], ["NON CITY", 8], ["NON CITY", 8], ["NON CITY", 8]], "average_length": "4.327997521429309"}]}, {"column_name": "Number_of_Years_Presented", "number_non_empty_cells": 19367, "number_empty_cells": 0, "number_distinct_values": 2, "frequent_values": [5, 4], "dataTypes": [{"type": "INTEGER (LONG)", "count": ["19367"], "mean": ["4.602777921206175"], "stddev": ["0.48933532743802505"], "min_value": ["4"], "max_value": ["5"]}]}, {"column_name": "First_Fiscal_Year", "number_non_empty_cells": 19366, "number_empty_cells": 1, "number_distinct_values": 5, "frequent_values": [2019, 2018, 2017, 2016, null], "dataTypes": [{"type": "INTEGER (LONG)", "count": ["19366"], "mean": ["2017.8117835381597"], "stddev": ["0.9773302077366067"], "min_value": ["2016"], "max_value": ["2019"]}]}, {"column_name": "Fiscal_Year_1_Amount", "number_non_empty_cells": 19367, "number_empty_cells": 0, "number_distinct_values": 4472, "frequent_values": [0, 500, 100, 250, 1000], "dataTypes": [{"type": "INTEGER (LONG)", "count": ["19367"], "mean": ["10937.802292559509"], "stddev": ["158149.86833859066"], "min_value": ["-40675"], "max_value": ["19242283"]}]}, {"column_name": "Fiscal_Year_2_Amount", "number_non_empty_cells": 19367, "number_empty_cells": 0, "number_distinct_values": 3789, "frequent_values": [0, 500, 100, 1000, 250], "dataTypes": [{"type": "INTEGER (LONG)", "count": ["19367"], "mean": ["10672.51468993649"], "stddev": ["143485.1320548821"], "min_value": ["-13"], "max_value": ["17161904"]}]}, {"column_name": "Fiscal_Year_3_Amount", "number_non_empty_cells": 19367, "number_empty_cells": 0, "number_distinct_values": 2487, "frequent_values": [0, 500, 1000, 250, 100], "dataTypes": [{"type": "INTEGER (LONG)", "count": ["19367"], "mean": ["8483.05287344452"], "stddev": ["109332.44389707407"], "min_value": ["0"], "max_value": ["12257537"]}]}, {"column_name": "Fiscal_Year_4_Amount", "number_non_empty_cells": 19367, "number_empty_cells": 0, "number_distinct_values": 2058, "frequent_values": [0, 500, 1000, 250, 1], "dataTypes": [{"type": "INTEGER (LONG)", "count": ["19367"], "mean": ["7502.65214023855"], "stddev": ["102579.85346226887"], "min_value": ["-2494"], "max_value": ["11175734"]}]}, {"column_name": "Fiscal_Year_5_Amount", "number_non_empty_cells": 11674, "number_empty_cells": 7693, "number_distinct_values": 1225, "frequent_values": [0, 1000, 100, 500, 1], "dataTypes": [{"type": "INTEGER (LONG)", "count": ["11674"], "mean": ["6336.733938667124"], "stddev": ["69699.16620765503"], "min_value": ["0"], "max_value": ["3414380"]}]}]}