{"dataset_name": "/user/hm74/NYCOpenData/2dzy-e7cu.tsv.gz", "columns": [{"column_name": "School_DBN", "number_non_empty_cells": 519, "number_empty_cells": 0, "number_distinct_values": 519, "frequent_values": ["02M529", "07X527", "02M427", "01M539", "27Q314"], "dataTypes": [{"type": "DATE/TIME", "count": 1, "max_value": "2019-12-07T00:02:47", "min_value": "2019-12-07T00:02:47"}, {"type": "TEXT", "count": 518, "shortest_values": [["02M394", 6], ["02M551", 6], ["02M294", 6], ["01M458", 6], ["02M280", 6]], "longest_values": [["02M394", 6], ["02M551", 6], ["02M294", 6], ["01M458", 6], ["02M280", 6]], "average_length": 6.0}]}, {"column_name": "Community_School_District", "number_non_empty_cells": 519, "number_empty_cells": 0, "number_distinct_values": 33, "frequent_values": [2, 75, 10, 9, 8], "dataTypes": [{"type": "INTEGER (LONG)", "count": 519, "max_value": 75, "min_value": 1, "mean": 18.61271676300576, "stddev": 18.762646656985332}]}, {"column_name": "City_Council_District", "number_non_empty_cells": 519, "number_empty_cells": 0, "number_distinct_values": 51, "frequent_values": [3, 1, 17, 33, 16], "dataTypes": [{"type": "INTEGER (LONG)", "count": 519, "max_value": 51, "min_value": 1, "mean": 22.026974951830464, "stddev": 14.759447015574064}]}, {"column_name": "School_Name", "number_non_empty_cells": 519, "number_empty_cells": 0, "number_distinct_values": 519, "frequent_values": ["High School of Language and Innovation", "Aspirations Diploma Plus High School", "World Academy for Total Community Health High School", "Life Academy High School for Film and Music", "Epic High School - North"], "dataTypes": [{"type": "TEXT", "count": 519, "shortest_values": [["P.S. 36", 7], ["P.S. 723", 8], ["P.S. 035", 8], ["P.S. 368", 8], ["P.S. 370", 8]], "longest_values": [["English Language Learners and International Support Preparatory Academy (ELLIS)", 79], ["Science Skills Center High School for Science, Technology and the Creative Arts", 79], ["Academy for College Preparation and Career Exploration: A College Board School", 78], ["Knowledge and Power Preparatory Academy International High School (Kappa)", 73], ["City Polytechnic High School of Engineering, Architecture, and Technology", 73]], "average_length": 35.244701348747604}]}, {"column_name": "#_of_students_in_grades_9-12", "number_non_empty_cells": 519, "number_empty_cells": 0, "number_distinct_values": 356, "frequent_values": [398, 442, 419, 363, 355], "dataTypes": [{"type": "INTEGER (LONG)", "count": 519, "max_value": 5629, "min_value": 11, "mean": 556.0096339113683, "stddev": 698.8945261440007}]}, {"column_name": "#_of_students_in_grades_9-12_scheduled_for_at_least_one_semester_of_health_instruction", "number_non_empty_cells": 519, "number_empty_cells": 0, "number_distinct_values": 336, "frequent_values": ["s", "139", "252", "285", "325"], "dataTypes": [{"type": "INTEGER (LONG)", "count": 439, "max_value": 841, "min_value": 11, "mean": 272.05922551252837, "stddev": 155.02230319467856}, {"type": "DATE/TIME", "count": 33, "max_value": "2048-01-07T00:00:00", "min_value": "0132-01-07T00:00:00"}, {"type": "TEXT", "count": 47, "shortest_values": [["s", 1], ["s", 1], ["s", 1], ["s", 1], ["s", 1]], "longest_values": [["s", 1], ["s", 1], ["s", 1], ["s", 1], ["s", 1]], "average_length": 1.0}]}, {"column_name": "%", "number_non_empty_cells": 519, "number_empty_cells": 0, "number_distinct_values": 346, "frequent_values": ["s", "73.1%", "98.8%", "74.4%", "100.0%"], "dataTypes": [{"type": "TEXT", "count": 519, "shortest_values": [["s", 1], ["s", 1], ["s", 1], ["s", 1], ["s", 1]], "longest_values": [["100.0%", 6], ["100.0%", 6], ["100.0%", 6], ["100.0%", 6], ["71.2%", 5]], "average_length": 4.633911368015415}]}, {"column_name": "#_of_16-17_June_and_August_graduates", "number_non_empty_cells": 519, "number_empty_cells": 0, "number_distinct_values": 174, "frequent_values": ["s", "58", "52", "73", "64"], "dataTypes": [{"type": "INTEGER (LONG)", "count": 420, "max_value": 938, "min_value": 10, "mean": 126.61904761904759, "stddev": 153.7699042293778}, {"type": "DATE/TIME", "count": 1, "max_value": "0298-01-07T00:00:00", "min_value": "0298-01-07T00:00:00"}, {"type": "TEXT", "count": 98, "shortest_values": [["s", 1], ["s", 1], ["s", 1], ["s", 1], ["s", 1]], "longest_values": [["s", 1], ["s", 1], ["s", 1], ["s", 1], ["s", 1]], "average_length": 1.0}]}, {"column_name": "#_of_16-17_June_and_August_graduates_meeting_high_school_health_requirements", "number_non_empty_cells": 519, "number_empty_cells": 0, "number_distinct_values": 176, "frequent_values": ["s", "58", "52", "70", "57"], "dataTypes": [{"type": "INTEGER (LONG)", "count": 417, "max_value": 938, "min_value": 10, "mean": 126.99280575539566, "stddev": 153.97618068009078}, {"type": "DATE/TIME", "count": 1, "max_value": "0298-01-07T00:00:00", "min_value": "0298-01-07T00:00:00"}, {"type": "TEXT", "count": 101, "shortest_values": [["s", 1], ["s", 1], ["s", 1], ["s", 1], ["s", 1]], "longest_values": [["s", 1], ["s", 1], ["s", 1], ["s", 1], ["s", 1]], "average_length": 1.0}]}]}