{"dataset_name": "/user/hm74/NYCOpenData/2ei9-vg68.tsv.gz", "columns": [{"column_name": "Priority Code", "number_non_empty_cells": 13, "number_empty_cells": 0, "number_distinct_values": 13, "frequent_values": ["Families who do not live, work or have a commitment for a job in New York City.\"", "Victim of Domestic Violence - Inpatient Hospital Letter (if applicable) (in PDF)", "N-8", "Applicants about to be discharged from a hospital operated by the New York City Health and Hospitals Corporation (\u201cHHC\u201d), who would become homeless upon discharge and who are referred to the Housing Authority by HHC. These families must be referred by the City Agency directly to the New York City Housing Authority.\"", "Verification of these priorities will either be requested or confirmed during the eligibility processing of the application.\""], "dataTypes": [{"type": "TEXT", "count": 13, "shortest_values": [["\"", 1], ["N-0", 3], ["N-1", 3], ["N-3", 3], ["N-4", 3]], "longest_values": [["Applicants with a family member cooperating in a criminal investigation/prosecution, where a member of the household has been threatened by a defendant or by a person associated with a defendant. Intimidated Witness applicants will not be offered an apartment near the residence in which they resided at the time of the incident, and such applicants in Staten Island may not select Staten Island. To qualify for this priority, the applicant must be referred directly to the Housing Authority from the District Attorney\u2019s Office.", 528], ["Applicants about to be discharged from a hospital operated by the New York City Health and Hospitals Corporation (\u201cHHC\u201d), who would become homeless upon discharge and who are referred to the Housing Authority by HHC. These families must be referred by the City Agency directly to the New York City Housing Authority.\"", 317], ["Verification of these priorities will either be requested or confirmed during the eligibility processing of the application.\"", 125], ["To qualify for this priority, the applicant must provide documentation. Please see the documentation requirements below.", 120], ["Victim of Domestic Violence - Inpatient Hospital Letter (if applicable) (in PDF)", 80]], "average_length": 102.38461538461539}]}, {"column_name": "Title", "number_non_empty_cells": 5, "number_empty_cells": 8, "number_distinct_values": 6, "frequent_values": ["Residing in Sub-Standard Conditions or Rent Hardship", "City Agency Referrals", "Government-Ordered Vacate", "No Need-Based Preference", "Victims of Domestic Violence and Intimidated Witnesses"], "dataTypes": [{"type": "TEXT", "count": 5, "shortest_values": [["City Agency Referrals", 21], ["No Need-Based Preference", 24], ["Government-Ordered Vacate", 25], ["Residing in Sub-Standard Conditions or Rent Hardship", 52], ["Victims of Domestic Violence and Intimidated Witnesses", 54]], "longest_values": [["Victims of Domestic Violence and Intimidated Witnesses", 54], ["Residing in Sub-Standard Conditions or Rent Hardship", 52], ["Government-Ordered Vacate", 25], ["No Need-Based Preference", 24], ["City Agency Referrals", 21]], "average_length": 35.2}]}, {"column_name": "Description", "number_non_empty_cells": 5, "number_empty_cells": 8, "number_distinct_values": 6, "frequent_values": ["Applicants who are referred to the Housing Authority by the New York City Department of Homeless Services (\u201cDHS\u201d), or by the HIV/AIDS Services Administration (\u201cHASA\u201d), or by the New York City Department of Housing Preservation and Development (\u201cHPD\u201d), or by the Administration for Children's Services (\u201cACS\u201d), pursuant to an agreement with the Housing Authority. These families must be referred by the City Agency directly to the New York City Housing Authority.", "Applicants who have suffered serious or repeated abuse from a family member or a person with whom they had, or continue to have, an intimate relationship, and as a result of the abuse the victim suffered actual physical injury or the threat of injury, and the victim: (a) will continue to suffer abuse if he or she continues to live in the current residence, or (b) has left the residence due to the abuse and is not living in standard permanent replacement housing. Victims of domestic violence will not be offered an apartment near the residence which they resided at the time of the abuse, and such applicants in Staten Island may not select Staten Island.", "Applicants living in housing declared uninhabitable by the New York City Department of Housing Preservation and Development (HPD), or another government agency, or already displaced due to a government order and not living in standard permanent replacement housing or applicants about to be displaced by a government order from a site to be used for a public housing project or public improvement. These applications must be referred directly to the New York Housing Authority by the responsible City Agency.", "Families who are homeless, involuntarily displaced, living in substandard housing, doubled-up or overcrowded in private housing, paying more than 50% of family gross income for rent, or legally doubled-up and overcrowded in NYCHA public housing.", "Families who do not qualify for a Need Based Preference and are not now renting either a New York City Housing Authority public housing or Section 8 apartment."], "dataTypes": [{"type": "TEXT", "count": 5, "shortest_values": [["Families who do not qualify for a Need Based Preference and are not now renting either a New York City Housing Authority public housing or Section 8 apartment.", 159], ["Families who are homeless, involuntarily displaced, living in substandard housing, doubled-up or overcrowded in private housing, paying more than 50% of family gross income for rent, or legally doubled-up and overcrowded in NYCHA public housing.", 245], ["Applicants who are referred to the Housing Authority by the New York City Department of Homeless Services (\u201cDHS\u201d), or by the HIV/AIDS Services Administration (\u201cHASA\u201d), or by the New York City Department of Housing Preservation and Development (\u201cHPD\u201d), or by the Administration for Children's Services (\u201cACS\u201d), pursuant to an agreement with the Housing Authority. These families must be referred by the City Agency directly to the New York City Housing Authority.", 462], ["Applicants living in housing declared uninhabitable by the New York City Department of Housing Preservation and Development (HPD), or another government agency, or already displaced due to a government order and not living in standard permanent replacement housing or applicants about to be displaced by a government order from a site to be used for a public housing project or public improvement. These applications must be referred directly to the New York Housing Authority by the responsible City Agency.", 508], ["Applicants who have suffered serious or repeated abuse from a family member or a person with whom they had, or continue to have, an intimate relationship, and as a result of the abuse the victim suffered actual physical injury or the threat of injury, and the victim: (a) will continue to suffer abuse if he or she continues to live in the current residence, or (b) has left the residence due to the abuse and is not living in standard permanent replacement housing. Victims of domestic violence will not be offered an apartment near the residence which they resided at the time of the abuse, and such applicants in Staten Island may not select Staten Island.", 659]], "longest_values": [["Applicants who have suffered serious or repeated abuse from a family member or a person with whom they had, or continue to have, an intimate relationship, and as a result of the abuse the victim suffered actual physical injury or the threat of injury, and the victim: (a) will continue to suffer abuse if he or she continues to live in the current residence, or (b) has left the residence due to the abuse and is not living in standard permanent replacement housing. Victims of domestic violence will not be offered an apartment near the residence which they resided at the time of the abuse, and such applicants in Staten Island may not select Staten Island.", 659], ["Applicants living in housing declared uninhabitable by the New York City Department of Housing Preservation and Development (HPD), or another government agency, or already displaced due to a government order and not living in standard permanent replacement housing or applicants about to be displaced by a government order from a site to be used for a public housing project or public improvement. These applications must be referred directly to the New York Housing Authority by the responsible City Agency.", 508], ["Applicants who are referred to the Housing Authority by the New York City Department of Homeless Services (\u201cDHS\u201d), or by the HIV/AIDS Services Administration (\u201cHASA\u201d), or by the New York City Department of Housing Preservation and Development (\u201cHPD\u201d), or by the Administration for Children's Services (\u201cACS\u201d), pursuant to an agreement with the Housing Authority. These families must be referred by the City Agency directly to the New York City Housing Authority.", 462], ["Families who are homeless, involuntarily displaced, living in substandard housing, doubled-up or overcrowded in private housing, paying more than 50% of family gross income for rent, or legally doubled-up and overcrowded in NYCHA public housing.", 245], ["Families who do not qualify for a Need Based Preference and are not now renting either a New York City Housing Authority public housing or Section 8 apartment.", 159]], "average_length": 406.6}]}]}