{"dataset_name": "/user/hm74/NYCOpenData/2emc-na4n.tsv.gz", "columns": [{"column_name": "DBN", "number_non_empty_cells": 77561, "number_empty_cells": 0, "number_distinct_values": 1599, "frequent_values": ["75Q993", "31R080", "75K053", "75Q811", "01M539"], "dataTypes": [{"type": "DATE/TIME", "count": 1904, "min_value": "2019-12-09T00:06:52", "max_value": "2019-12-09T00:01:15"}, {"type": "TEXT", "count": "75657", "shortest_values": [["02M089", 6], ["01M364", 6], ["01M063", 6], ["01M063", 6], ["01M063", 6]], "longest_values": [["02M089", 6], ["01M364", 6], ["01M063", 6], ["01M063", 6], ["01M063", 6]], "average_length": "6.0"}]}, {"column_name": "School_Name", "number_non_empty_cells": 77561, "number_empty_cells": 0, "number_distinct_values": 1596, "frequent_values": ["P.S. 212", "P.S. Q993", "The Michael J. Petrides School", "P.S. K053", "P.S. Q811"], "dataTypes": [{"type": "TEXT", "count": "77561", "shortest_values": [["Kappa", 5], ["Kappa", 5], ["Kappa", 5], ["Kappa", 5], ["Kappa", 5]], "longest_values": [["English Language Learners and International Support Preparatory Academy (ELLIS)", 79], ["English Language Learners and International Support Preparatory Academy (ELLIS)", 79], ["English Language Learners and International Support Preparatory Academy (ELLIS)", 79], ["English Language Learners and International Support Preparatory Academy (ELLIS)", 79], ["English Language Learners and International Support Preparatory Academy (ELLIS)", 79]], "average_length": "27.6852799731824"}]}, {"column_name": "Grade_Level", "number_non_empty_cells": 77561, "number_empty_cells": 0, "number_distinct_values": 13, "frequent_values": ["1", "0K", "2", "3", "4"], "dataTypes": [{"type": "INTEGER (LONG)", "count": "69999", "mean": "5.7989399848569265", "stddev": "3.444162775855754", "min_value": "1", "max_value": "12"}, {"type": "TEXT", "count": "7562", "shortest_values": [["0K", 2], ["0K", 2], ["0K", 2], ["0K", 2], ["0K", 2]], "longest_values": [["0K", 2], ["0K", 2], ["0K", 2], ["0K", 2], ["0K", 2]], "average_length": "2.0"}]}, {"column_name": "Category", "number_non_empty_cells": 77561, "number_empty_cells": 0, "number_distinct_values": 10, "frequent_values": ["All Students", "IEP", "Hispanic", "Female", "Male"], "dataTypes": [{"type": "TEXT", "count": "77561", "shortest_values": [["ELL", 3], ["IEP", 3], ["IEP", 3], ["IEP", 3], ["ELL", 3]], "longest_values": [["All Students", 12], ["All Students", 12], ["All Students", 12], ["All Students", 12], ["All Students", 12]], "average_length": "5.681592552958317"}]}, {"column_name": "Average_Frequency_", "number_non_empty_cells": 77561, "number_empty_cells": 0, "number_distinct_values": 464, "frequent_values": ["-", "5.00", "1.00", "3.00", "2.00"], "dataTypes": [{"type": "REAL", "count": "8555", "mean": "3.090626531966305", "stddev": "1.4590644013769354", "min_value": "0.0", "max_value": "5.0"}, {"type": "TEXT", "count": "69006", "shortest_values": [["-", 1], ["-", 1], ["-", 1], ["-", 1], ["-", 1]], "longest_values": [["-", 1], ["-", 1], ["-", 1], ["-", 1], ["-", 1]], "average_length": "1.0"}]}, {"column_name": "Average_Minutes", "number_non_empty_cells": 77561, "number_empty_cells": 0, "number_distinct_values": 3780, "frequent_values": ["-", "120.00", "160.00", "90.00", "135.00"], "dataTypes": [{"type": "REAL", "count": "8555", "mean": "132.06940508690025", "stddev": "54.705635169849266", "min_value": "0.0", "max_value": "609.71"}, {"type": "TEXT", "count": "69006", "shortest_values": [["-", 1], ["-", 1], ["-", 1], ["-", 1], ["-", 1]], "longest_values": [["-", 1], ["-", 1], ["-", 1], ["-", 1], ["-", 1]], "average_length": "1.0"}]}, {"column_name": "#_of_students_who_are_receiving_the_required_amount_of_physical_education_instruction", "number_non_empty_cells": 77561, "number_empty_cells": 0, "number_distinct_values": 432, "frequent_values": ["s", "6", "12", "7", "8"], "dataTypes": [{"type": "INTEGER (LONG)", "count": "5000", "mean": "64.9644", "stddev": "106.31663735331176", "min_value": "6", "max_value": "960"}, {"type": "DATE/TIME", "count": 7, "min_value": "2019-01-22T00:00:00", "max_value": "0102-01-09T00:00:00"}, {"type": "TEXT", "count": "72554", "shortest_values": [["s", 1], ["s", 1], ["s", 1], ["s", 1], ["s", 1]], "longest_values": [["s", 1], ["s", 1], ["s", 1], ["s", 1], ["s", 1]], "average_length": "1.0"}]}, {"column_name": "%__of_students_who_are_receiving_the_required_amount_of_physical_education_instruction", "number_non_empty_cells": 77561, "number_empty_cells": 0, "number_distinct_values": 2145, "frequent_values": ["s", "50.00%", "60.00%", "66.67%", "33.33%"], "dataTypes": [{"type": "TEXT", "count": "77561", "shortest_values": [["s", 1], ["s", 1], ["s", 1], ["s", 1], ["s", 1]], "longest_values": [["36.17%", 6], ["64.71%", 6], ["36.36%", 6], ["28.57%", 6], ["42.31%", 6]], "average_length": "1.321540464924382"}]}, {"column_name": "#_of_students_who_are_receiving_less_than_the_required_amount_of_physical_education_instruction", "number_non_empty_cells": 77561, "number_empty_cells": 0, "number_distinct_values": 231, "frequent_values": ["s", "6", "7", "8", "10"], "dataTypes": [{"type": "INTEGER (LONG)", "count": "5007", "mean": "31.811663670860796", "stddev": "46.86744723830773", "min_value": "6", "max_value": "839"}, {"type": "TEXT", "count": "72554", "shortest_values": [["s", 1], ["s", 1], ["s", 1], ["s", 1], ["s", 1]], "longest_values": [["s", 1], ["s", 1], ["s", 1], ["s", 1], ["s", 1]], "average_length": "1.0"}]}, {"column_name": "%_of_students_who_are_receiving_less_than_the_required_amount_of_physical_education_instruction", "number_non_empty_cells": 77561, "number_empty_cells": 0, "number_distinct_values": 2144, "frequent_values": ["s", "50.00%", "40.00%", "33.33%", "66.67%"], "dataTypes": [{"type": "TEXT", "count": "77561", "shortest_values": [["s", 1], ["s", 1], ["s", 1], ["s", 1], ["s", 1]], "longest_values": [["63.83%", 6], ["35.29%", 6], ["63.64%", 6], ["71.43%", 6], ["57.69%", 6]], "average_length": "1.3165895230850557"}]}, {"column_name": "#_of_students_who_have_an_IEP_that_recommends_adaptive_physical_education", "number_non_empty_cells": 77561, "number_empty_cells": 0, "number_distinct_values": 76, "frequent_values": ["s", "6", "7", "8", "9"], "dataTypes": [{"type": "INTEGER (LONG)", "count": "1448", "mean": "17.238950276243095", "stddev": "17.92442329290266", "min_value": "6", "max_value": "170"}, {"type": "TEXT", "count": "76113", "shortest_values": [["s", 1], ["s", 1], ["s", 1], ["s", 1], ["s", 1]], "longest_values": [["s", 1], ["s", 1], ["s", 1], ["s", 1], ["s", 1]], "average_length": "1.0"}]}, {"column_name": "%of_students_who_have_an_IEP_that_recommends_adaptive_physical_education", "number_non_empty_cells": 77561, "number_empty_cells": 0, "number_distinct_values": 566, "frequent_values": ["s", "75.00%", "50.00%", "66.67%", "85.71%"], "dataTypes": [{"type": "TEXT", "count": "77561", "shortest_values": [["s", 1], ["s", 1], ["s", 1], ["s", 1], ["s", 1]], "longest_values": [["12.70%", 6], ["63.64%", 6], ["38.10%", 6], ["23.68%", 6], ["31.82%", 6]], "average_length": "1.0908317324428514"}]}]}