{"dataset_name": "/user/hm74/NYCOpenData/2enn-s52j.tsv.gz", "columns": [{"column_name": "Family Size", "number_non_empty_cells": 9, "number_empty_cells": 0, "number_distinct_values": 9, "frequent_values": ["For each additional person add", "3", "5", "living alone \"", "Couples with No Childrens"], "dataTypes": [{"type": "INTEGER (LONG)", "count": 5, "max_value": 5, "min_value": 1, "mean": 3.0, "stddev": 1.4142135623730951}, {"type": "TEXT", "count": 4, "shortest_values": [["living alone \"", 14], ["Couples with No Childrens", 25], ["For each additional person add", 30], ["Single Adult and 19 - 20 Years Old", 34]], "longest_values": [["Single Adult and 19 - 20 Years Old", 34], ["For each additional person add", 30], ["Couples with No Childrens", 25], ["living alone \"", 14]], "average_length": 25.75}]}, {"column_name": "Yearly Income ($)", "number_non_empty_cells": 8, "number_empty_cells": 1, "number_distinct_values": 9, "frequent_values": [22704, 15132, 16764, 5940, 40524], "dataTypes": [{"type": "INTEGER (LONG)", "count": 8, "max_value": 40524, "min_value": 5940, "mean": 21933.0, "stddev": 11157.12987286605}]}, {"column_name": "Monthly Income ($)", "number_non_empty_cells": 8, "number_empty_cells": 1, "number_distinct_values": 9, "frequent_values": [3377, 2387, 1892, 2882, 931], "dataTypes": [{"type": "INTEGER (LONG)", "count": 8, "max_value": 3377, "min_value": 495, "mean": 1827.75, "stddev": 929.7608227388375}]}, {"column_name": "Weekly Income ($)", "number_non_empty_cells": 8, "number_empty_cells": 1, "number_distinct_values": 9, "frequent_values": [437, 322, 291, 665, 114], "dataTypes": [{"type": "INTEGER (LONG)", "count": 8, "max_value": 779, "min_value": 114, "mean": 421.75, "stddev": 214.54530407352198}]}]}