{"dataset_name": "/user/hm74/NYCOpenData/2eq2-trdu.tsv.gz", "columns": [{"column_name": "#", "number_non_empty_cells": 14, "number_empty_cells": 29, "number_distinct_values": 15, "frequent_values": [6, 12, 1, 13, 3], "dataTypes": [{"type": "INTEGER (LONG)", "count": 14, "max_value": 14, "min_value": 1, "mean": 7.5, "stddev": 4.031128874149275}]}, {"column_name": "TYPE OF WORK\u00a0\u00a0\u00a0", "number_non_empty_cells": 43, "number_empty_cells": 0, "number_distinct_values": 8, "frequent_values": ["Construction/", "Regular/", "Highways/", "General Construction/", "Sewer/"], "dataTypes": [{"type": "TEXT", "count": 43, "shortest_values": [["Water/", 6], ["Sewer/", 6], ["Sewer/", 6], ["Regular/", 8], ["Regular/", 8]], "longest_values": [["Non-Site Specific Highway/", 26], ["General Construction/", 21], ["General Construction/", 21], ["General Construction/", 21], ["General Construction/", 21]], "average_length": 11.279069767441861}]}, {"column_name": "ESTIMATED $ RANGE\u00a0\u00a0\u00a0", "number_non_empty_cells": 14, "number_empty_cells": 29, "number_distinct_values": 5, "frequent_values": ["$1,000,000-$2,499,999", "$2,500,000-$4,999,999", "$5,000,000-$10,000,000", "OVER 10 MILLION", null], "dataTypes": [{"type": "TEXT", "count": 14, "shortest_values": [["OVER 10 MILLION", 15], ["OVER 10 MILLION", 15], ["$1,000,000-$2,499,999", 21], ["$1,000,000-$2,499,999", 21], ["$2,500,000-$4,999,999", 21]], "longest_values": [["$5,000,000-$10,000,000", 22], ["$5,000,000-$10,000,000", 22], ["$5,000,000-$10,000,000", 22], ["$1,000,000-$2,499,999", 21], ["$1,000,000-$2,499,999", 21]], "average_length": 20.357142857142858}]}, {"column_name": "BID DATE & TIME\u00a0\u00a0\u00a0", "number_non_empty_cells": 28, "number_empty_cells": 15, "number_distinct_values": 12, "frequent_values": ["11:00 AM", "2:00 PM", "3/21/13", "4/5/13", "4/4/13"], "dataTypes": [{"type": "DATE/TIME", "count": 28, "max_value": "2019-12-06T14:00:00", "min_value": "2013-03-07T00:00:00"}]}, {"column_name": "PIN\u00a0\u00a0\u00a0", "number_non_empty_cells": 14, "number_empty_cells": 29, "number_distinct_values": 15, "frequent_values": ["8502012PV0015C", "8502013HW0030C", "8502013HW0031C", "8502013PV0004C", "8502012TR0004C"], "dataTypes": [{"type": "TEXT", "count": 14, "shortest_values": [["8502012TR0004C", 14], ["8502013PV0004C", 14], ["8502012PV0015C", 14], ["8502013WM0004C", 14], ["8502012SE0010C", 14]], "longest_values": [["8502012TR0004C", 14], ["8502013PV0004C", 14], ["8502012PV0015C", 14], ["8502013WM0004C", 14], ["8502012SE0010C", 14]], "average_length": 14.0}]}, {"column_name": "PROJ ID\u00a0\u00a0\u00a0", "number_non_empty_cells": 14, "number_empty_cells": 29, "number_distinct_values": 15, "frequent_values": ["HL82SIABEX", "SE-734", "HWQF027C", "SECBRPQ07", "HWS2013CW"], "dataTypes": [{"type": "TEXT", "count": 14, "shortest_values": [["SE-734", 6], ["QED1015", 7], ["HWQF027C", 8], ["HWS2013Q", 8], ["HWS2013M", 8]], "longest_values": [["HWCSCH3E-R", 10], ["HL82SIABEX", 10], ["P-1CROT16", 9], ["PV467DCTV", 9], ["SECBRPQ07", 9]], "average_length": 8.357142857142856}]}, {"column_name": "DESCRIPTION\u00a0\u00a0\u00a0", "number_non_empty_cells": 11, "number_empty_cells": 32, "number_distinct_values": 15, "frequent_values": ["STATEN ISLAND ANIMAL CARE AND CONTROL CENTER RECONSTRUCTION", "RECONSTRUCTION OF EXISTING COLLAPSED OR OTHERWISE DEFECTIVE CATCH BASINS AND APPURTENANCES IN VARIOUS LOCATIONS - BOROUGH OF QUEENS", "DOWNTOWN COMMUNITY TELEVISION CENTER: SCREENING ROOM RENOVATION - BOROUGH OF MANHATTAN", "INSTALLATION OF SIDEWALKS, ADJACENT CURBS AND PEDESTRIAN RAMPS AS NECESSARY IN VARIOUS LOCATIONS - BOROUGH OF STATEN ISLAND", "CONSTRUCTION OF SANITARY AND STORM SEWERS AND APPURTENANCES IN RICHARD AVENUE BETWEEN ACADEMY AVENUE AND CLERMONT AVENUE, ETC. - BOROUGH OF STATEN ISLAND"], "dataTypes": [{"type": "TEXT", "count": 14, "shortest_values": [["NEW CONSTRUCTION OF THE BRONX RIVER HOUSE", 41], ["STATEN ISLAND ANIMAL CARE AND CONTROL CENTER RECONSTRUCTION", 59], ["DOWNTOWN COMMUNITY TELEVISION CENTER: SCREENING ROOM RENOVATION - BOROUGH OF MANHATTAN", 86], ["INSTALLATION OF SIDEWALKS, ADJACENT CURBS AND PEDESTRIAN RAMPS AS NECESSARY IN VARIOUS LOCATIONS - CITYWIDE", 107], ["HARPER STREET YARD CONSTRUCTION OF NEW DIESEL STATION, ELECTRICAL, ROOF & FLOOR UPDGRADE - BOROUGH OF QUEENS", 108]], "longest_values": [["INSTALLATION OF WATER MAINS AND APPURTENANCES FOR NEW BUILDING CONSTRUCTION AND FOR IMPROVEMENT TO THE CITY'S WATER MAIN DISTRIBUTION SYSTEM AND FIRE PROTECTION IN VARIOUS LOCATIONS - BOROUGHS OF QUEENS AND THE BRONX", 216], ["CONSTRUCTION OF SANITARY AND STORM SEWERS AND APPURTENANCES IN RICHARD AVENUE BETWEEN ACADEMY AVENUE AND CLERMONT AVENUE, ETC. - BOROUGH OF STATEN ISLAND", 153], ["RECONSTRUCTION OF EXISTING COLLAPSED OR OTHERWISE DEFECTIVE CATCH BASINS AND APPURTENANCES IN VARIOUS LOCATIONS - BOROUGH OF QUEENS", 131], ["INSTALLATION OF SIDEWALKS, ADJACENT CURBS AND PEDESTRIAN RAMPS AS NECESSARY IN VARIOUS LOCATIONS - BOROUGH OF STATEN ISLAND", 123], ["INSTALLATION OF SIDEWALKS, ADJACENT CURBS AND PEDESTRIAN RAMPS AS NECESSARY IN VARIOUS LOCATIONS - BOROUGH OF MANHATTAN", 119]], "average_length": 115.28571428571429}]}, {"column_name": "PLAN HOLDERS", "number_non_empty_cells": 14, "number_empty_cells": 29, "number_distinct_values": 15, "frequent_values": ["http://ddcftp.nyc.gov/biddoc/list.aspx?bid_id=1163", "http://ddcftp.nyc.gov/biddoc/list.aspx?bid_id=1158", "http://ddcftp.nyc.gov/biddoc/list.aspx?bid_id=1149", "http://ddcftp.nyc.gov/biddoc/list.aspx?bid_id=1155", "http://ddcftp.nyc.gov/biddoc/list.aspx?bid_id=1165"], "dataTypes": [{"type": "TEXT", "count": 14, "shortest_values": [["http://ddcftp.nyc.gov/biddoc/list.aspx?bid_id=1144", 50], ["http://ddcftp.nyc.gov/biddoc/list.aspx?bid_id=1149", 50], ["http://ddcftp.nyc.gov/biddoc/list.aspx?bid_id=1155", 50], ["http://ddcftp.nyc.gov/biddoc/list.aspx?bid_id=1156", 50], ["http://ddcftp.nyc.gov/biddoc/list.aspx?bid_id=1157", 50]], "longest_values": [["http://ddcftp.nyc.gov/biddoc/list.aspx?bid_id=1144", 50], ["http://ddcftp.nyc.gov/biddoc/list.aspx?bid_id=1149", 50], ["http://ddcftp.nyc.gov/biddoc/list.aspx?bid_id=1155", 50], ["http://ddcftp.nyc.gov/biddoc/list.aspx?bid_id=1156", 50], ["http://ddcftp.nyc.gov/biddoc/list.aspx?bid_id=1157", 50]], "average_length": 50.0}]}]}