{"dataset_name": "/user/hm74/NYCOpenData/2etw-ycbc.tsv.gz", "columns": [{"column_name": "Optin_year", "number_non_empty_cells": 3933, "number_empty_cells": 0, "number_distinct_values": 5, "frequent_values": [2017, 2015, 2016, 2018, 2014], "dataTypes": [{"type": "INTEGER (LONG)", "count": 3933, "max_value": 2018, "min_value": 2014, "mean": 2016.3010424612235, "stddev": 1.0535576195669862}]}, {"column_name": "Optin_month", "number_non_empty_cells": 3933, "number_empty_cells": 0, "number_distinct_values": 12, "frequent_values": [1, 6, 12, 9, 2], "dataTypes": [{"type": "INTEGER (LONG)", "count": 3933, "max_value": 12, "min_value": 1, "mean": 5.726671751843363, "stddev": 3.6801006289246136}]}, {"column_name": "ZipCode", "number_non_empty_cells": 3933, "number_empty_cells": 0, "number_distinct_values": 184, "frequent_values": [11221, 11368, 11208, 11373, 11207], "dataTypes": [{"type": "INTEGER (LONG)", "count": 3933, "max_value": 11697, "min_value": 10001, "mean": 10841.627765064837, "stddev": 545.8686201666093}]}, {"column_name": "Language", "number_non_empty_cells": 3933, "number_empty_cells": 0, "number_distinct_values": 2, "frequent_values": ["English", "Spanish"], "dataTypes": [{"type": "TEXT", "count": 3933, "shortest_values": [["English", 7], ["English", 7], ["English", 7], ["English", 7], ["English", 7]], "longest_values": [["English", 7], ["English", 7], ["English", 7], ["English", 7], ["English", 7]], "average_length": 7.0}]}, {"column_name": "Status", "number_non_empty_cells": 3933, "number_empty_cells": 0, "number_distinct_values": 2, "frequent_values": ["Active Subscriber", "Undeliverable"], "dataTypes": [{"type": "TEXT", "count": 3933, "shortest_values": [["Undeliverable", 13], ["Undeliverable", 13], ["Undeliverable", 13], ["Undeliverable", 13], ["Undeliverable", 13]], "longest_values": [["Active Subscriber", 17], ["Active Subscriber", 17], ["Active Subscriber", 17], ["Active Subscriber", 17], ["Active Subscriber", 17]], "average_length": 16.441647597254043}]}, {"column_name": "SubscriberCount", "number_non_empty_cells": 3933, "number_empty_cells": 0, "number_distinct_values": 19, "frequent_values": [1, 2, 3, 4, 5], "dataTypes": [{"type": "INTEGER (LONG)", "count": 3933, "max_value": 21, "min_value": 1, "mean": 1.9494024917365873, "stddev": 1.8244135759118363}]}]}