{"dataset_name": "/user/hm74/NYCOpenData/2gjq-v9z9.tsv.gz", "columns": [{"column_name": "Grade", "number_non_empty_cells": 83, "number_empty_cells": 0, "number_distinct_values": 7, "frequent_values": ["6", "3", "8", "5", "All Grades"], "dataTypes": [{"type": "INTEGER (LONG)", "count": 71, "max_value": 8, "min_value": 3, "mean": 5.478873239436621, "stddev": 1.7104414629025648}, {"type": "TEXT", "count": 12, "shortest_values": [["All Grades", 10], ["All Grades", 10], ["All Grades", 10], ["All Grades", 10], ["All Grades", 10]], "longest_values": [["All Grades", 10], ["All Grades", 10], ["All Grades", 10], ["All Grades", 10], ["All Grades", 10]], "average_length": 10.0}]}, {"column_name": "Year", "number_non_empty_cells": 83, "number_empty_cells": 0, "number_distinct_values": 4, "frequent_values": [2015, 2016, 2017, 2014], "dataTypes": [{"type": "INTEGER (LONG)", "count": 83, "max_value": 2017, "min_value": 2014, "mean": 2015.5180722891566, "stddev": 1.11248604467362}]}, {"column_name": "Category", "number_non_empty_cells": 83, "number_empty_cells": 0, "number_distinct_values": 3, "frequent_values": ["Current ELL", "Never ELL", "Ever ELL"], "dataTypes": [{"type": "TEXT", "count": 83, "shortest_values": [["Ever ELL", 8], ["Ever ELL", 8], ["Ever ELL", 8], ["Ever ELL", 8], ["Ever ELL", 8]], "longest_values": [["Current ELL", 11], ["Current ELL", 11], ["Current ELL", 11], ["Current ELL", 11], ["Current ELL", 11]], "average_length": 9.349397590361445}]}, {"column_name": "Number Tested", "number_non_empty_cells": 83, "number_empty_cells": 0, "number_distinct_values": 83, "frequent_values": [10817, 8389, 45630, 56617, 9338], "dataTypes": [{"type": "INTEGER (LONG)", "count": 83, "max_value": 303800, "min_value": 5983, "mean": 38489.87951807229, "stddev": 59387.67746903567}]}, {"column_name": "Mean Scale Score", "number_non_empty_cells": 83, "number_empty_cells": 0, "number_distinct_values": 37, "frequent_values": [305, 304, 306, 274, 314], "dataTypes": [{"type": "INTEGER (LONG)", "count": 83, "max_value": 326, "min_value": 270, "mean": 298.45783132530113, "stddev": 16.622891173303714}]}, {"column_name": "Level1_N", "number_non_empty_cells": 83, "number_empty_cells": 0, "number_distinct_values": 82, "frequent_values": [14911, 15162, 1829, 86078, 2711], "dataTypes": [{"type": "INTEGER (LONG)", "count": 83, "max_value": 95881, "min_value": 510, "mean": 12826.578313253012, "stddev": 18785.675315600027}]}, {"column_name": "Level1_%", "number_non_empty_cells": 83, "number_empty_cells": 0, "number_distinct_values": 75, "frequent_values": [27.9, 32.2, 30.9, 63.7, 19.3], "dataTypes": [{"type": "REAL", "count": 83, "max_value": 70.4, "min_value": 8.5, "mean": 36.87349397590359, "stddev": 17.757795398942015}]}, {"column_name": "Level2_N", "number_non_empty_cells": 83, "number_empty_cells": 0, "number_distinct_values": 83, "frequent_values": [2866, 2572, 3220, 3152, 1675], "dataTypes": [{"type": "INTEGER (LONG)", "count": 83, "max_value": 97636, "min_value": 1411, "mean": 11843.204819277107, "stddev": 18381.224061367448}]}, {"column_name": "Level2_%", "number_non_empty_cells": 83, "number_empty_cells": 0, "number_distinct_values": 66, "frequent_values": [26.6, 25.9, 29.7, 31.7, 30.6], "dataTypes": [{"type": "REAL", "count": 83, "max_value": 42.4, "min_value": 20.3, "mean": 30.446987951807227, "stddev": 4.510585604312453}]}, {"column_name": "Level3_N", "number_non_empty_cells": 83, "number_empty_cells": 0, "number_distinct_values": 83, "frequent_values": [5670, 762, 596, 11170, 626], "dataTypes": [{"type": "INTEGER (LONG)", "count": 83, "max_value": 63765, "min_value": 485, "mean": 7589.180722891568, "stddev": 12427.85001048057}]}, {"column_name": "Level3_%", "number_non_empty_cells": 83, "number_empty_cells": 0, "number_distinct_values": 72, "frequent_values": [21.6, 7.5, 25.4, 20.8, 27.9], "dataTypes": [{"type": "REAL", "count": 83, "max_value": 31.5, "min_value": 6.2, "mean": 18.32409638554217, "stddev": 7.332541602483796}]}, {"column_name": "Level4_N", "number_non_empty_cells": 83, "number_empty_cells": 0, "number_distinct_values": 83, "frequent_values": [243, 2572, 8927, 8640, 2625], "dataTypes": [{"type": "INTEGER (LONG)", "count": 83, "max_value": 53619, "min_value": 162, "mean": 6230.915662650603, "stddev": 10675.287070099417}]}, {"column_name": "Level4_%", "number_non_empty_cells": 83, "number_empty_cells": 0, "number_distinct_values": 68, "frequent_values": [23.7, 4.6, 6.7, 2.9, 22.4], "dataTypes": [{"type": "REAL", "count": 83, "max_value": 36.4, "min_value": 2.1, "mean": 14.351807228915659, "stddev": 8.65289646395075}]}, {"column_name": "Level3+4_N", "number_non_empty_cells": 83, "number_empty_cells": 0, "number_distinct_values": 83, "frequent_values": [3794, 858, 15604, 1005, 17926], "dataTypes": [{"type": "INTEGER (LONG)", "count": 83, "max_value": 111716, "min_value": 678, "mean": 13820.096385542167, "stddev": 23023.035828530396}]}, {"column_name": "Level3+4_%", "number_non_empty_cells": 83, "number_empty_cells": 0, "number_distinct_values": 79, "frequent_values": [8.8, 42.5, 17.7, 43.2, 45.3], "dataTypes": [{"type": "REAL", "count": 83, "max_value": 67.9, "min_value": 8.7, "mean": 32.67710843373494, "stddev": 15.482250430277647}]}]}