{"dataset_name": "/user/hm74/NYCOpenData/2ic6-4hrf.tsv.gz", "columns": [{"column_name": "DBN", "number_non_empty_cells": 12407, "number_empty_cells": 0, "number_distinct_values": 1141, "frequent_values": ["21K095", "21K099", "13K282", "03M165", "20K229"], "dataTypes": [{"type": "DATE/TIME", "count": 400, "max_value": "2019-12-08T00:06:52", "min_value": "2019-12-08T00:01:15"}, {"type": "TEXT", "count": 12007, "shortest_values": [["01M063", 6], ["01M063", 6], ["01M063", 6], ["01M063", 6], ["01M063", 6]], "longest_values": [["01M063", 6], ["01M063", 6], ["01M063", 6], ["01M063", 6], ["01M063", 6]], "average_length": 6.0}]}, {"column_name": "School_Name", "number_non_empty_cells": 11912, "number_empty_cells": 495, "number_distinct_values": 1137, "frequent_values": ["PS 212", "PS 253", "PS 095 THE GRAVESEND", "PS 099 ISAAC ASIMOV", "PS 282 PARK SLOPE"], "dataTypes": [{"type": "TEXT", "count": 12407, "shortest_values": [["PS 89", 5], ["PS 89", 5], ["PS 89", 5], ["PS 89", 5], ["PS 89", 5]], "longest_values": [["ACADEMY FOR COLLEGE PREPARATION AND CAREER EXPLORATION: A COLLEGE BOARD SCHOOL", 78], ["ACADEMY FOR COLLEGE PREPARATION AND CAREER EXPLORATION: A COLLEGE BOARD SCHOOL", 78], ["ACADEMY FOR COLLEGE PREPARATION AND CAREER EXPLORATION: A COLLEGE BOARD SCHOOL", 78], ["ACADEMY FOR COLLEGE PREPARATION AND CAREER EXPLORATION: A COLLEGE BOARD SCHOOL", 78], ["PS 80 THE THURGOOD MARSHALL MAGNET SCHOOL OF MULTIMEDIA AND COMMUNICATION", 73]], "average_length": 23.463689852502586}]}, {"column_name": "Grade_Level", "number_non_empty_cells": 12407, "number_empty_cells": 0, "number_distinct_values": 10, "frequent_values": ["K", "1", "2", "3", "4"], "dataTypes": [{"type": "INTEGER (LONG)", "count": 9764, "max_value": 8, "min_value": 1, "mean": 4.056739041376478, "stddev": 2.191155889157519}, {"type": "TEXT", "count": 2643, "shortest_values": [["K", 1], ["K", 1], ["K", 1], ["K", 1], ["K", 1]], "longest_values": [["K-8 SC", 6], ["K-8 SC", 6], ["K-8 SC", 6], ["K-8 SC", 6], ["K-8 SC", 6]], "average_length": 3.2323117669315162}]}, {"column_name": "Program_Type", "number_non_empty_cells": 12407, "number_empty_cells": 0, "number_distinct_values": 9, "frequent_values": ["Gen Ed", "ICT", "SC 12:1:1", "G&T", "SC 12:1"], "dataTypes": [{"type": "TEXT", "count": 12407, "shortest_values": [["G&T", 3], ["ICT", 3], ["G&T", 3], ["ICT", 3], ["G&T", 3]], "longest_values": [["ICT & G&T", 9], ["ICT & G&T", 9], ["ICT & G&T", 9], ["ICT & G&T", 9], ["ICT & G&T", 9]], "average_length": 4.861368582251955}]}, {"column_name": "Number_of_Students", "number_non_empty_cells": 12407, "number_empty_cells": 0, "number_distinct_values": 330, "frequent_values": [25, 24, 26, 23, 22], "dataTypes": [{"type": "INTEGER (LONG)", "count": 12407, "max_value": 553, "min_value": 2, "mean": 50.03151446763921, "stddev": 46.358432566214184}]}, {"column_name": "Number_of_Classes", "number_non_empty_cells": 12407, "number_empty_cells": 0, "number_distinct_values": 20, "frequent_values": [1, 2, 3, 4, 5], "dataTypes": [{"type": "INTEGER (LONG)", "count": 12407, "max_value": 20, "min_value": 1, "mean": 2.154590150721374, "stddev": 1.741483117150834}]}, {"column_name": "Average_Class_Size", "number_non_empty_cells": 12407, "number_empty_cells": 0, "number_distinct_values": 263, "frequent_values": [25.0, 24.0, 26.0, 23.0, 28.0], "dataTypes": [{"type": "REAL", "count": 12407, "max_value": 58.0, "min_value": 2.0, "mean": 23.359289110985827, "stddev": 6.251352054481044}]}, {"column_name": "Minimum_Class_Size", "number_non_empty_cells": 12407, "number_empty_cells": 0, "number_distinct_values": 33, "frequent_values": ["25", "24", "23", "26", "22"], "dataTypes": [{"type": "INTEGER (LONG)", "count": 11777, "max_value": 34, "min_value": 6, "mean": 23.072259488834227, "stddev": 5.972564053239085}, {"type": "TEXT", "count": 630, "shortest_values": [["<6", 2], ["<6", 2], ["<6", 2], ["<6", 2], ["<6", 2]], "longest_values": [["<15", 3], ["<15", 3], ["<15", 3], ["<15", 3], ["<15", 3]], "average_length": 2.7285714285714286}]}, {"column_name": "Maximum_Class_Size", "number_non_empty_cells": 12407, "number_empty_cells": 0, "number_distinct_values": 33, "frequent_values": ["25", "30", "26", "28", "27"], "dataTypes": [{"type": "INTEGER (LONG)", "count": 12099, "max_value": 34, "min_value": 6, "mean": 24.440862881229908, "stddev": 5.889780523953518}, {"type": "TEXT", "count": 308, "shortest_values": [["<6", 2], ["<6", 2], ["<6", 2], ["<6", 2], ["<6", 2]], "longest_values": [["<15", 3], ["<15", 3], ["<15", 3], ["<15", 3], ["<15", 3]], "average_length": 2.811688311688312}]}]}