{"dataset_name": "/user/hm74/NYCOpenData/2jne-kr3f.tsv.gz", "columns": [{"column_name": "DBN", "number_non_empty_cells": 3780, "number_empty_cells": 0, "number_distinct_values": 18, "frequent_values": ["03M283", "11X142", "08X295", "27Q215", "19K302"], "dataTypes": [{"type": "DATE/TIME", "count": 210, "max_value": "2019-12-07T00:04:13", "min_value": "2019-12-07T00:04:13"}, {"type": "TEXT", "count": 3570, "shortest_values": [["02M429", 6], ["02M429", 6], ["02M429", 6], ["02M429", 6], ["02M429", 6]], "longest_values": [["02M429", 6], ["02M429", 6], ["02M429", 6], ["02M429", 6], ["02M429", 6]], "average_length": 6.0}]}, {"column_name": "SchoolName", "number_non_empty_cells": 3780, "number_empty_cells": 0, "number_distinct_values": 18, "frequent_values": ["M.S. 203", "MS 142 John Philip Sousa", "Gateway School for Environmental Research and Technology", "Samuel Gompers Career and Technical Education High School", "General D. Chappie James Middle School of Science"], "dataTypes": [{"type": "TEXT", "count": 3780, "shortest_values": [["M.S. 203", 8], ["M.S. 203", 8], ["M.S. 203", 8], ["M.S. 203", 8], ["M.S. 203", 8]], "longest_values": [["Samuel Gompers Career and Technical Education High School", 57], ["Samuel Gompers Career and Technical Education High School", 57], ["Samuel Gompers Career and Technical Education High School", 57], ["Samuel Gompers Career and Technical Education High School", 57], ["Samuel Gompers Career and Technical Education High School", 57]], "average_length": 34.999999999999865}]}, {"column_name": "ByGroup", "number_non_empty_cells": 3780, "number_empty_cells": 0, "number_distinct_values": 7, "frequent_values": ["Age by Attendance Rate", "Grade by Attendance Rate", "Ethnicity by Attendance Rate", "Gender by Attendance Rate", "English Language Learner Status by Attendance Rate"], "dataTypes": [{"type": "TEXT", "count": 3780, "shortest_values": [["Age by Attendance Rate", 22], ["Age by Attendance Rate", 22], ["Age by Attendance Rate", 22], ["Age by Attendance Rate", 22], ["Age by Attendance Rate", 22]], "longest_values": [["English Language Learner Status by Attendance Rate", 50], ["English Language Learner Status by Attendance Rate", 50], ["English Language Learner Status by Attendance Rate", 50], ["English Language Learner Status by Attendance Rate", 50], ["English Language Learner Status by Attendance Rate", 50]], "average_length": 26.314285714285724}]}, {"column_name": "Demographic", "number_non_empty_cells": 3780, "number_empty_cells": 0, "number_distinct_values": 35, "frequent_values": ["11 yrs old", "18 yrs old", "19 yrs old", "Grade 10", "15 yrs old"], "dataTypes": [{"type": "TEXT", "count": 3780, "shortest_values": [["all", 3], ["all", 3], ["all", 3], ["all", 3], ["all", 3]], "longest_values": [["10 yrs old or younger", 21], ["10 yrs old or younger", 21], ["10 yrs old or younger", 21], ["10 yrs old or younger", 21], ["10 yrs old or younger", 21]], "average_length": 8.057142857142857}]}, {"column_name": "Attendance_Rate", "number_non_empty_cells": 3780, "number_empty_cells": 0, "number_distinct_values": 6, "frequent_values": ["41-60% Attendance Rate", "All", "61-80% Attendance Rate", "0-20% Attendance Rate", "21-40% Attendance Rate"], "dataTypes": [{"type": "TEXT", "count": 3780, "shortest_values": [["All", 3], ["All", 3], ["All", 3], ["All", 3], ["All", 3]], "longest_values": [["81-100% Attendance Rate", 23], ["81-100% Attendance Rate", 23], ["81-100% Attendance Rate", 23], ["81-100% Attendance Rate", 23], ["81-100% Attendance Rate", 23]], "average_length": 18.833333333333368}]}, {"column_name": "#", "number_non_empty_cells": 3780, "number_empty_cells": 0, "number_distinct_values": 199, "frequent_values": ["s", "17", "14", "11", "15"], "dataTypes": [{"type": "INTEGER (LONG)", "count": 773, "max_value": 602, "min_value": 10, "mean": 68.54721862871928, "stddev": 78.2713256717061}, {"type": "TEXT", "count": 3007, "shortest_values": [["s", 1], ["s", 1], ["s", 1], ["s", 1], ["s", 1]], "longest_values": [["s", 1], ["s", 1], ["s", 1], ["s", 1], ["s", 1]], "average_length": 1.0}]}, {"column_name": "%_within_Demographic", "number_non_empty_cells": 3780, "number_empty_cells": 0, "number_distinct_values": 447, "frequent_values": ["s", "1.0000", "0.1667", "0.8750", "0.1774"], "dataTypes": [{"type": "REAL", "count": 773, "max_value": 1.0, "min_value": 0.021, "mean": 0.6213946959896519, "stddev": 0.3723309034883308}, {"type": "TEXT", "count": 3007, "shortest_values": [["s", 1], ["s", 1], ["s", 1], ["s", 1], ["s", 1]], "longest_values": [["s", 1], ["s", 1], ["s", 1], ["s", 1], ["s", 1]], "average_length": 1.0}]}, {"column_name": "Total_#_within_Demographic", "number_non_empty_cells": 3780, "number_empty_cells": 0, "number_distinct_values": 158, "frequent_values": ["s", "10", "17", "16", "80"], "dataTypes": [{"type": "INTEGER (LONG)", "count": 1638, "max_value": 602, "min_value": 10, "mean": 101.45054945054956, "stddev": 97.68581584300868}, {"type": "TEXT", "count": 2142, "shortest_values": [["s", 1], ["s", 1], ["s", 1], ["s", 1], ["s", 1]], "longest_values": [["s", 1], ["s", 1], ["s", 1], ["s", 1], ["s", 1]], "average_length": 1.0}]}]}