{"dataset_name": "/user/hm74/NYCOpenData/2knz-3yg6.tsv.gz", "columns": [{"column_name": "ProviderType", "number_non_empty_cells": 15, "number_empty_cells": 0, "number_distinct_values": 1, "frequent_values": ["LEGAL SERVICES CONTRACTS"], "dataTypes": [{"type": "TEXT", "count": 15, "shortest_values": [["LEGAL SERVICES CONTRACTS", 24], ["LEGAL SERVICES CONTRACTS", 24], ["LEGAL SERVICES CONTRACTS", 24], ["LEGAL SERVICES CONTRACTS", 24], ["LEGAL SERVICES CONTRACTS", 24]], "longest_values": [["LEGAL SERVICES CONTRACTS", 24], ["LEGAL SERVICES CONTRACTS", 24], ["LEGAL SERVICES CONTRACTS", 24], ["LEGAL SERVICES CONTRACTS", 24], ["LEGAL SERVICES CONTRACTS", 24]], "average_length": 24.0}]}, {"column_name": "DFTA ID", "number_non_empty_cells": 15, "number_empty_cells": 0, "number_distinct_values": 1, "frequent_values": ["20I01"], "dataTypes": [{"type": "TEXT", "count": 15, "shortest_values": [["20I01", 5], ["20I01", 5], ["20I01", 5], ["20I01", 5], ["20I01", 5]], "longest_values": [["20I01", 5], ["20I01", 5], ["20I01", 5], ["20I01", 5], ["20I01", 5]], "average_length": 5.0}]}, {"column_name": "ContractYear", "number_non_empty_cells": 15, "number_empty_cells": 0, "number_distinct_values": 1, "frequent_values": [2020], "dataTypes": [{"type": "INTEGER (LONG)", "count": 15, "max_value": 2020, "min_value": 2020, "mean": 2020.0, "stddev": 0.0}]}, {"column_name": "SponsorName", "number_non_empty_cells": 15, "number_empty_cells": 0, "number_distinct_values": 1, "frequent_values": ["BROOKLYN LEGAL SERVICES INC"], "dataTypes": [{"type": "TEXT", "count": 15, "shortest_values": [["BROOKLYN LEGAL SERVICES INC", 27], ["BROOKLYN LEGAL SERVICES INC", 27], ["BROOKLYN LEGAL SERVICES INC", 27], ["BROOKLYN LEGAL SERVICES INC", 27], ["BROOKLYN LEGAL SERVICES INC", 27]], "longest_values": [["BROOKLYN LEGAL SERVICES INC", 27], ["BROOKLYN LEGAL SERVICES INC", 27], ["BROOKLYN LEGAL SERVICES INC", 27], ["BROOKLYN LEGAL SERVICES INC", 27], ["BROOKLYN LEGAL SERVICES INC", 27]], "average_length": 27.0}]}, {"column_name": "ProgramName", "number_non_empty_cells": 15, "number_empty_cells": 0, "number_distinct_values": 1, "frequent_values": ["SOUTH BROOKLYN LEGAL SERVICES INC"], "dataTypes": [{"type": "TEXT", "count": 15, "shortest_values": [["SOUTH BROOKLYN LEGAL SERVICES INC", 33], ["SOUTH BROOKLYN LEGAL SERVICES INC", 33], ["SOUTH BROOKLYN LEGAL SERVICES INC", 33], ["SOUTH BROOKLYN LEGAL SERVICES INC", 33], ["SOUTH BROOKLYN LEGAL SERVICES INC", 33]], "longest_values": [["SOUTH BROOKLYN LEGAL SERVICES INC", 33], ["SOUTH BROOKLYN LEGAL SERVICES INC", 33], ["SOUTH BROOKLYN LEGAL SERVICES INC", 33], ["SOUTH BROOKLYN LEGAL SERVICES INC", 33], ["SOUTH BROOKLYN LEGAL SERVICES INC", 33]], "average_length": 33.0}]}, {"column_name": "LineItem", "number_non_empty_cells": 15, "number_empty_cells": 0, "number_distinct_values": 15, "frequent_values": [81, 12, 6, 3, 5], "dataTypes": [{"type": "INTEGER (LONG)", "count": 15, "max_value": 83, "min_value": 3, "mean": 23.53333333333333, "stddev": 29.47511191195416}]}, {"column_name": "LineItemName", "number_non_empty_cells": 15, "number_empty_cells": 0, "number_distinct_values": 15, "frequent_values": ["Vehicles", "Rent", "Personnel", "Travel", "Program Insurance"], "dataTypes": [{"type": "TEXT", "count": 15, "shortest_values": [["Rent", 4], ["Travel", 6], ["Vehicles", 8], ["Utilities", 9], ["Personnel", 9]], "longest_values": [["Catered Food/Disposables", 24], ["Raw Food/Disposables", 20], ["Rent Usage Charges", 18], ["Program Insurance", 17], ["Printing/Supplies", 17]], "average_length": 13.466666666666667}]}, {"column_name": "ReportedMonth", "number_non_empty_cells": 15, "number_empty_cells": 0, "number_distinct_values": 1, "frequent_values": ["Jul 2019"], "dataTypes": [{"type": "DATE/TIME", "count": 15, "max_value": "2019-07-05T00:00:00", "min_value": "2019-07-05T00:00:00"}]}, {"column_name": "ReportedAmount", "number_non_empty_cells": 15, "number_empty_cells": 0, "number_distinct_values": 3, "frequent_values": [0.0, 29160.31, 2272.33], "dataTypes": [{"type": "REAL", "count": 15, "max_value": 29160.31, "min_value": 0.0, "mean": 2095.509333333334, "stddev": 7255.433699114494}]}]}