{"dataset_name": "/user/hm74/NYCOpenData/2mqz-v5im.tsv.gz", "columns": [{"column_name": "Category", "number_non_empty_cells": 234, "number_empty_cells": 0, "number_distinct_values": 86, "frequent_values": ["Unduplicated applicants", "Average daily overnight census DHS faith-based centers", "Average daily overnight census DHS drop-in centers", "Number of unduplicated persons: DHS safe havens", "DHS-administered facilities"], "dataTypes": [{"type": "TEXT", "count": 234, "shortest_values": [["Census: CJ Beds", 15], ["Census: CJ Beds", 15], ["Census Safe Havens", 18], ["Census CJ Shelters", 18], ["Census CJ Shelters", 18]], "longest_values": [["Average Length of Stay: DHS -administered facility (by type, excluding drop-in and faith-based)", 95], ["Average Length of Stay: DHS-administered facility (by type, excluding drop-in and faith-based)", 94], ["Average Length of Stay: DHS-administered facility (by type, excluding drop-in and faith-based)", 94], ["Average Length of Stay: DHS-administered facility (by type, excluding drop-in and faith-based)", 94], ["Average Length of Stay: DHS-administered facility (by type, excluding drop-in and faith-based)", 94]], "average_length": 53.16239316239313}]}, {"column_name": "SINGLE_MEN", "number_non_empty_cells": 137, "number_empty_cells": 97, "number_distinct_values": 98, "frequent_values": [72, 1326, 1256, 1185, 285], "dataTypes": [{"type": "INTEGER (LONG)", "count": 137, "max_value": 15090, "min_value": 71, "mean": 2423.262773722628, "stddev": 4717.898925021222}]}, {"column_name": "SINGLE_WOMEN", "number_non_empty_cells": 137, "number_empty_cells": 97, "number_distinct_values": 71, "frequent_values": [1, 0, 40, 477, 553], "dataTypes": [{"type": "INTEGER (LONG)", "count": 137, "max_value": 5546, "min_value": 0, "mean": 866.0948905109487, "stddev": 1741.3102872673894}]}, {"column_name": "TOTAL_SINGLE_ADULTS", "number_non_empty_cells": 135, "number_empty_cells": 99, "number_distinct_values": 98, "frequent_values": [112, 1849, 286, 1736, 1738], "dataTypes": [{"type": "INTEGER (LONG)", "count": 135, "max_value": 20520, "min_value": 110, "mean": 3310.5777777777794, "stddev": 6504.003459370712}]}, {"column_name": "FAMILIES_WITH_CHILDREN", "number_non_empty_cells": 119, "number_empty_cells": 115, "number_distinct_values": 88, "frequent_values": [855.0, 922.0, 844.0, 3.7, 957.0], "dataTypes": [{"type": "REAL", "count": 119, "max_value": 14916.0, "min_value": 2.6, "mean": 2159.2067226890745, "stddev": 4304.376046892749}]}, {"column_name": "ADULT_FAMILIES", "number_non_empty_cells": 120, "number_empty_cells": 114, "number_distinct_values": 83, "frequent_values": [114.0, 115.0, 23.0, 8.8, 99.0], "dataTypes": [{"type": "REAL", "count": 120, "max_value": 2965.0, "min_value": 3.3, "mean": 453.35, "stddev": 880.0108909363944}]}, {"column_name": "TOTAL_FAMILIES", "number_non_empty_cells": 24, "number_empty_cells": 210, "number_distinct_values": 22, "frequent_values": [183, 178, 180, 15827, 14370], "dataTypes": [{"type": "INTEGER (LONG)", "count": 24, "max_value": 17881, "min_value": 178, "mean": 10445.208333333332, "stddev": 7302.567950038572}]}, {"column_name": "TOTAL_ADULTS_IN_FAMILIES", "number_non_empty_cells": 16, "number_empty_cells": 218, "number_distinct_values": 17, "frequent_values": [18659, 21231, 17739, 18068, 18311], "dataTypes": [{"type": "INTEGER (LONG)", "count": 16, "max_value": 22419, "min_value": 17521, "mean": 19951.1875, "stddev": 1804.879020140616}]}, {"column_name": "TOTAL_CHILDREN", "number_non_empty_cells": 16, "number_empty_cells": 218, "number_distinct_values": 17, "frequent_values": [20893, 22502, 24602, 21326, 22931], "dataTypes": [{"type": "INTEGER (LONG)", "count": 16, "max_value": 26262, "min_value": 20820, "mean": 22739.9375, "stddev": 1498.9497351791852}]}, {"column_name": "DATA_PERIOD", "number_non_empty_cells": 227, "number_empty_cells": 7, "number_distinct_values": 9, "frequent_values": [201906, 201902, 201901, 201907, 201905], "dataTypes": [{"type": "INTEGER (LONG)", "count": 227, "max_value": 201908, "min_value": 201901, "mean": 201904.4140969164, "stddev": 2.2983185674394884}]}]}