{"dataset_name": "/user/hm74/NYCOpenData/2n4x-d97d.tsv.gz", "columns": [{"column_name": "Licensee Number", "number_non_empty_cells": 2, "number_empty_cells": 0, "number_distinct_values": 2, "frequent_values": ["ED0003", "ED0002"], "dataTypes": [{"type": "TEXT", "count": 2, "shortest_values": [["ED0002", 6], ["ED0003", 6]], "longest_values": [["ED0002", 6], ["ED0003", 6]], "average_length": 6.0}]}, {"column_name": "Licensee Name", "number_non_empty_cells": 2, "number_empty_cells": 0, "number_distinct_values": 2, "frequent_values": ["OPERR TECHNOLOGIES, INC", "KS DACHE INC."], "dataTypes": [{"type": "TEXT", "count": 2, "shortest_values": [["KS DACHE INC.", 13], ["OPERR TECHNOLOGIES, INC", 23]], "longest_values": [["OPERR TECHNOLOGIES, INC", 23], ["KS DACHE INC.", 13]], "average_length": 18.0}]}, {"column_name": "Alternate Name Of Licensee", "number_non_empty_cells": 0, "number_empty_cells": 2, "number_distinct_values": 1, "frequent_values": ["NULL"], "dataTypes": [{"type": "TEXT", "count": 2, "shortest_values": [["NULL", 4], ["NULL", 4]], "longest_values": [["NULL", 4], ["NULL", 4]], "average_length": 4.0}]}, {"column_name": "Building", "number_non_empty_cells": 2, "number_empty_cells": 0, "number_distinct_values": 2, "frequent_values": ["130-30", "155-12"], "dataTypes": [{"type": "DATE/TIME", "count": 1, "max_value": "0155-12-05T00:00:00", "min_value": "0155-12-05T00:00:00"}, {"type": "TEXT", "count": 1, "shortest_values": [["130-30", 6]], "longest_values": [["130-30", 6]], "average_length": 6.0}]}, {"column_name": "Street Address", "number_non_empty_cells": 2, "number_empty_cells": 0, "number_distinct_values": 2, "frequent_values": ["SANDFORD AVE", "31 AVENUE"], "dataTypes": [{"type": "TEXT", "count": 2, "shortest_values": [["31 AVENUE", 9], ["SANDFORD AVE", 12]], "longest_values": [["SANDFORD AVE", 12], ["31 AVENUE", 9]], "average_length": 10.5}]}, {"column_name": "Secondary Address", "number_non_empty_cells": 2, "number_empty_cells": 0, "number_distinct_values": 2, "frequent_values": ["SUITE 801", "APT 2FL"], "dataTypes": [{"type": "TEXT", "count": 2, "shortest_values": [["APT 2FL", 7], ["SUITE 801", 9]], "longest_values": [["SUITE 801", 9], ["APT 2FL", 7]], "average_length": 8.0}]}, {"column_name": "City", "number_non_empty_cells": 2, "number_empty_cells": 0, "number_distinct_values": 1, "frequent_values": ["FLUSHING"], "dataTypes": [{"type": "TEXT", "count": 2, "shortest_values": [["FLUSHING", 8], ["FLUSHING", 8]], "longest_values": [["FLUSHING", 8], ["FLUSHING", 8]], "average_length": 8.0}]}, {"column_name": "State", "number_non_empty_cells": 2, "number_empty_cells": 0, "number_distinct_values": 1, "frequent_values": ["NY"], "dataTypes": [{"type": "TEXT", "count": 2, "shortest_values": [["NY", 2], ["NY", 2]], "longest_values": [["NY", 2], ["NY", 2]], "average_length": 2.0}]}, {"column_name": "Post Code", "number_non_empty_cells": 2, "number_empty_cells": 0, "number_distinct_values": 2, "frequent_values": [11354, 11355], "dataTypes": [{"type": "INTEGER (LONG)", "count": 2, "max_value": 11355, "min_value": 11354, "mean": 11354.5, "stddev": 0.5}]}, {"column_name": "Borough", "number_non_empty_cells": 2, "number_empty_cells": 0, "number_distinct_values": 1, "frequent_values": ["Queens"], "dataTypes": [{"type": "TEXT", "count": 2, "shortest_values": [["Queens", 6], ["Queens", 6]], "longest_values": [["Queens", 6], ["Queens", 6]], "average_length": 6.0}]}, {"column_name": "Telephone Number", "number_non_empty_cells": 2, "number_empty_cells": 0, "number_distinct_values": 2, "frequent_values": [3472215062, 7183958288], "dataTypes": [{"type": "INTEGER (LONG)", "count": 2, "max_value": 7183958288, "min_value": 3472215062, "mean": 5328086675.0, "stddev": 1855871613.0}]}, {"column_name": "Last Updated Date", "number_non_empty_cells": 2, "number_empty_cells": 0, "number_distinct_values": 1, "frequent_values": ["08/10/2017"], "dataTypes": [{"type": "DATE/TIME", "count": 2, "max_value": "2017-08-10T00:00:00", "min_value": "2017-08-10T00:00:00"}]}, {"column_name": "Last Updated Time", "number_non_empty_cells": 2, "number_empty_cells": 0, "number_distinct_values": 1, "frequent_values": ["34:53.7"], "dataTypes": [{"type": "TEXT", "count": 2, "shortest_values": [["34:53.7", 7], ["34:53.7", 7]], "longest_values": [["34:53.7", 7], ["34:53.7", 7]], "average_length": 7.0}]}, {"column_name": "Latitude", "number_non_empty_cells": 2, "number_empty_cells": 0, "number_distinct_values": 2, "frequent_values": [40.76135, 40.769233], "dataTypes": [{"type": "REAL", "count": 2, "max_value": 40.769233, "min_value": 40.76135, "mean": 40.765291500000004, "stddev": 0.0039415000000015965}]}, {"column_name": "Longitude", "number_non_empty_cells": 2, "number_empty_cells": 0, "number_distinct_values": 2, "frequent_values": [-73.810227, -73.838638], "dataTypes": [{"type": "REAL", "count": 2, "max_value": -73.810227, "min_value": -73.838638, "mean": -73.8244325, "stddev": 0.014205500000002758}]}, {"column_name": "Community Board", "number_non_empty_cells": 2, "number_empty_cells": 0, "number_distinct_values": 1, "frequent_values": [7], "dataTypes": [{"type": "INTEGER (LONG)", "count": 2, "max_value": 7, "min_value": 7, "mean": 7.0, "stddev": 0.0}]}, {"column_name": "Community Council ", "number_non_empty_cells": 2, "number_empty_cells": 0, "number_distinct_values": 2, "frequent_values": [20, 19], "dataTypes": [{"type": "INTEGER (LONG)", "count": 2, "max_value": 20, "min_value": 19, "mean": 19.5, "stddev": 0.5}]}, {"column_name": "Census Tract", "number_non_empty_cells": 2, "number_empty_cells": 0, "number_distinct_values": 2, "frequent_values": [907, 1187], "dataTypes": [{"type": "INTEGER (LONG)", "count": 2, "max_value": 1187, "min_value": 907, "mean": 1047.0, "stddev": 140.0}]}, {"column_name": "BIN", "number_non_empty_cells": 2, "number_empty_cells": 0, "number_distinct_values": 2, "frequent_values": [4100745, 4121522], "dataTypes": [{"type": "INTEGER (LONG)", "count": 2, "max_value": 4121522, "min_value": 4100745, "mean": 4111133.5, "stddev": 10388.5}]}, {"column_name": "BBL", "number_non_empty_cells": 2, "number_empty_cells": 0, "number_distinct_values": 2, "frequent_values": [4053850029, 4043600001], "dataTypes": [{"type": "INTEGER (LONG)", "count": 2, "max_value": 4053850029, "min_value": 4043600001, "mean": 4048725015.0, "stddev": 5125014.0}]}, {"column_name": "NTA", "number_non_empty_cells": 2, "number_empty_cells": 0, "number_distinct_values": 2, "frequent_values": ["College Point", "East Flushing"], "dataTypes": [{"type": "TEXT", "count": 2, "shortest_values": [["College Point", 13], ["East Flushing", 13]], "longest_values": [["College Point", 13], ["East Flushing", 13]], "average_length": 13.0}]}]}