{"dataset_name": "/user/hm74/NYCOpenData/2p64-jbjs.tsv.gz", "columns": [{"column_name": "Grade", "number_non_empty_cells": 35, "number_empty_cells": 0, "number_distinct_values": 7, "frequent_values": ["7", "3", "8", "5", "6"], "dataTypes": [{"type": "INTEGER (LONG)", "count": 30, "max_value": 8, "min_value": 3, "mean": 5.499999999999999, "stddev": 1.7078251276599332}, {"type": "TEXT", "count": 5, "shortest_values": [["All Grades", 10], ["All Grades", 10], ["All Grades", 10], ["All Grades", 10], ["All Grades", 10]], "longest_values": [["All Grades", 10], ["All Grades", 10], ["All Grades", 10], ["All Grades", 10], ["All Grades", 10]], "average_length": 10.0}]}, {"column_name": "Year", "number_non_empty_cells": 35, "number_empty_cells": 0, "number_distinct_values": 5, "frequent_values": [2015, 2013, 2014, 2016, 2017], "dataTypes": [{"type": "INTEGER (LONG)", "count": 35, "max_value": 2017, "min_value": 2013, "mean": 2015.0, "stddev": 1.4142135623730927}]}, {"column_name": "Category", "number_non_empty_cells": 35, "number_empty_cells": 0, "number_distinct_values": 1, "frequent_values": ["All Students"], "dataTypes": [{"type": "TEXT", "count": 35, "shortest_values": [["All Students", 12], ["All Students", 12], ["All Students", 12], ["All Students", 12], ["All Students", 12]], "longest_values": [["All Students", 12], ["All Students", 12], ["All Students", 12], ["All Students", 12], ["All Students", 12]], "average_length": 12.0}]}, {"column_name": "Number Tested", "number_non_empty_cells": 35, "number_empty_cells": 0, "number_distinct_values": 35, "frequent_values": [66326, 64493, 67157, 69426, 397448], "dataTypes": [{"type": "INTEGER (LONG)", "count": 35, "max_value": 415257, "min_value": 63298, "mean": 115900.34285714287, "stddev": 118337.49567618466}]}, {"column_name": "Mean Scale Score", "number_non_empty_cells": 35, "number_empty_cells": 0, "number_distinct_values": 15, "frequent_values": [298, 299, 296, 308, 295], "dataTypes": [{"type": "INTEGER (LONG)", "count": 35, "max_value": 310, "min_value": 292, "mean": 300.0571428571429, "stddev": 5.064965700873047}]}, {"column_name": "Level1_N", "number_non_empty_cells": 35, "number_empty_cells": 0, "number_distinct_values": 35, "frequent_values": [24252, 24740, 151196, 22130, 16352], "dataTypes": [{"type": "INTEGER (LONG)", "count": 35, "max_value": 151196, "min_value": 11891, "mean": 36609.88571428571, "stddev": 38261.185084156525}]}, {"column_name": "Level1_%", "number_non_empty_cells": 35, "number_empty_cells": 0, "number_distinct_values": 34, "frequent_values": [37.3, 28.8, 23.9, 34.7, 35.3], "dataTypes": [{"type": "REAL", "count": 35, "max_value": 39.0, "min_value": 18.8, "mean": 31.494285714285716, "stddev": 5.530380656345605}]}, {"column_name": "Level2_N", "number_non_empty_cells": 35, "number_empty_cells": 0, "number_distinct_values": 35, "frequent_values": [23868, 24253, 22826, 23676, 139892], "dataTypes": [{"type": "INTEGER (LONG)", "count": 35, "max_value": 154486, "min_value": 19602, "mean": 41407.25714285714, "stddev": 42406.64444120106}]}, {"column_name": "Level2_%", "number_non_empty_cells": 35, "number_empty_cells": 0, "number_distinct_values": 32, "frequent_values": [35.0, 37.4, 36.8, 44.1, 35.6], "dataTypes": [{"type": "REAL", "count": 35, "max_value": 44.1, "min_value": 28.7, "mean": 35.754285714285714, "stddev": 3.1581498070993446}]}, {"column_name": "Level3_N", "number_non_empty_cells": 35, "number_empty_cells": 0, "number_distinct_values": 35, "frequent_values": [13701, 101544, 17067, 78735, 12913], "dataTypes": [{"type": "INTEGER (LONG)", "count": 35, "max_value": 102148, "min_value": 8651, "mean": 25686.8, "stddev": 26688.45582944056}]}, {"column_name": "Level3_%", "number_non_empty_cells": 35, "number_empty_cells": 0, "number_distinct_values": 31, "frequent_values": [19.2, 18.4, 23.9, 20.1, 20.5], "dataTypes": [{"type": "REAL", "count": 35, "max_value": 34.0, "min_value": 12.8, "mean": 22.15428571428571, "stddev": 4.8667585491279715}]}, {"column_name": "Level4_N", "number_non_empty_cells": 35, "number_empty_cells": 0, "number_distinct_values": 35, "frequent_values": [3761, 9441, 11170, 7710, 9629], "dataTypes": [{"type": "INTEGER (LONG)", "count": 35, "max_value": 59254, "min_value": 2568, "mean": 12196.400000000001, "stddev": 13304.732039391098}]}, {"column_name": "Level4_%", "number_non_empty_cells": 35, "number_empty_cells": 0, "number_distinct_values": 29, "frequent_values": [8.6, 8.4, 12.1, 11.4, 14.8], "dataTypes": [{"type": "REAL", "count": 35, "max_value": 17.6, "min_value": 3.6, "mean": 10.594285714285714, "stddev": 3.8520453088228974}]}, {"column_name": "Level3+4_N", "number_non_empty_cells": 35, "number_empty_cells": 0, "number_distinct_values": 35, "frequent_values": [22185, 19701, 21804, 17397, 19542], "dataTypes": [{"type": "INTEGER (LONG)", "count": 35, "max_value": 161402, "min_value": 15785, "mean": 37883.200000000004, "stddev": 39612.6363120226}]}, {"column_name": "Level3+4_%", "number_non_empty_cells": 35, "number_empty_cells": 0, "number_distinct_values": 34, "frequent_values": [28.4, 31.1, 32.3, 43.3, 26.4], "dataTypes": [{"type": "REAL", "count": 35, "max_value": 47.5, "min_value": 23.3, "mean": 32.74571428571428, "stddev": 6.1892230233409}]}]}