{"dataset_name": "/user/hm74/NYCOpenData/2r9r-m6j4.tsv.gz", "columns": [{"column_name": "Survey", "number_non_empty_cells": 100, "number_empty_cells": 0, "number_distinct_values": 1, "frequent_values": ["CHS"], "dataTypes": [{"type": "TEXT", "count": 100, "shortest_values": [["CHS", 3], ["CHS", 3], ["CHS", 3], ["CHS", 3], ["CHS", 3]], "longest_values": [["CHS", 3], ["CHS", 3], ["CHS", 3], ["CHS", 3], ["CHS", 3]], "average_length": 3.0}]}, {"column_name": "Question", "number_non_empty_cells": 100, "number_empty_cells": 0, "number_distinct_values": 10, "frequent_values": ["Obesity", "Self-reported Health Status (excellent/very good/good)", "Binge Drinking", "Health Insurance Coverage", "Colon cancer screening, adults age 50+ (colonoscopy)"], "dataTypes": [{"type": "TEXT", "count": 100, "shortest_values": [["Obesity", 7], ["Obesity", 7], ["Obesity", 7], ["Obesity", 7], ["Obesity", 7]], "longest_values": [["Flu shot in last 12 months, adults ages 65+ (not age-adjusted)", 62], ["Flu shot in last 12 months, adults ages 65+ (not age-adjusted)", 62], ["Flu shot in last 12 months, adults ages 65+ (not age-adjusted)", 62], ["Flu shot in last 12 months, adults ages 65+ (not age-adjusted)", 62], ["Flu shot in last 12 months, adults ages 65+ (not age-adjusted)", 62]], "average_length": 34.49999999999999}]}, {"column_name": "Year", "number_non_empty_cells": 100, "number_empty_cells": 0, "number_distinct_values": 5, "frequent_values": [2013, 2014, 2012, 2010, 2011], "dataTypes": [{"type": "INTEGER (LONG)", "count": 100, "max_value": 2014, "min_value": 2010, "mean": 2012.0000000000002, "stddev": 1.4142135623729546}]}, {"column_name": "Prevalence", "number_non_empty_cells": 100, "number_empty_cells": 0, "number_distinct_values": 47, "frequent_values": ["79.1", "n/a", "23.4", "16.9", "68.6"], "dataTypes": [{"type": "REAL", "count": 96, "max_value": 86.2, "min_value": 9.6, "mean": 41.45416666666665, "stddev": 27.71669140858787}, {"type": "TEXT", "count": 4, "shortest_values": [["n/a", 3], ["n/a", 3], ["n/a", 3], ["n/a", 3]], "longest_values": [["n/a", 3], ["n/a", 3], ["n/a", 3], ["n/a", 3]], "average_length": 3.0}]}, {"column_name": "Lower95%CI", "number_non_empty_cells": 100, "number_empty_cells": 0, "number_distinct_values": 45, "frequent_values": ["77.8", "n/a", "22.1", "17.0", "22.2"], "dataTypes": [{"type": "REAL", "count": 96, "max_value": 85.2, "min_value": 8.7, "mean": 39.895833333333314, "stddev": 27.406750676409796}, {"type": "TEXT", "count": 4, "shortest_values": [["n/a", 3], ["n/a", 3], ["n/a", 3], ["n/a", 3]], "longest_values": [["n/a", 3], ["n/a", 3], ["n/a", 3], ["n/a", 3]], "average_length": 3.0}]}, {"column_name": "Upper95%CI", "number_non_empty_cells": 100, "number_empty_cells": 0, "number_distinct_values": 47, "frequent_values": ["n/a", "80.3", "12.2", "87.2", "84.6"], "dataTypes": [{"type": "REAL", "count": 96, "max_value": 87.2, "min_value": 10.5, "mean": 43.01041666666667, "stddev": 27.95324399468493}, {"type": "TEXT", "count": 4, "shortest_values": [["n/a", 3], ["n/a", 3], ["n/a", 3], ["n/a", 3]], "longest_values": [["n/a", 3], ["n/a", 3], ["n/a", 3], ["n/a", 3]], "average_length": 3.0}]}]}