{"dataset_name": "/user/hm74/NYCOpenData/2rd2-9uwy.tsv.gz", "columns": [{"column_name": "Food Type", "number_non_empty_cells": 83, "number_empty_cells": 0, "number_distinct_values": 83, "frequent_values": ["Squash (summer)", "Proc. Grain, Starch Prods.-Human", "Peaches", "Eggs, Egg Products", "Potatoes"], "dataTypes": [{"type": "TEXT", "count": 83, "shortest_values": [["Corn", 4], ["Oats", 4], ["Peas", 4], ["Beans", 5], ["Beets", 5]], "longest_values": [["Dietary Specialties, Artificial Sweeteners", 42], ["Fresh Fruits, Juices (except apple cider)", 41], ["Canned Fruits, Concentrates, Nectars", 36], ["Veg. Oil Seed, Oil Stock, Crude Oil", 35], ["Fish, Fish Products (not smoked)", 32]], "average_length": 16.674698795180717}]}, {"column_name": "From New York State Source", "number_non_empty_cells": 83, "number_empty_cells": 0, "number_distinct_values": 77, "frequent_values": [0.0, 48.0, 9112.0, 11000.0, 191571.0], "dataTypes": [{"type": "REAL", "count": 83, "max_value": 191571.0, "min_value": 0.0, "mean": 8410.506024096383, "stddev": 21620.318421790234}]}, {"column_name": "Other Source - During New York State Availability Period", "number_non_empty_cells": 83, "number_empty_cells": 0, "number_distinct_values": 61, "frequent_values": [0.0, 6831.0, 800.0, 485.0, 883.0], "dataTypes": [{"type": "REAL", "count": 83, "max_value": 86679.0, "min_value": 0.0, "mean": 4464.578313253014, "stddev": 12811.72654121054}]}, {"column_name": "Other Source - Outside New York State Availability Period", "number_non_empty_cells": 83, "number_empty_cells": 0, "number_distinct_values": 20, "frequent_values": [0.0, 720.0, 275.0, 1600.0, 179.0], "dataTypes": [{"type": "REAL", "count": 83, "max_value": 9294.0, "min_value": 0.0, "mean": 501.2048192771084, "stddev": 1437.9127422881422}]}]}