{"dataset_name": "/user/hm74/NYCOpenData/2rr4-rfvc.tsv.gz", "columns": [{"column_name": "DBN", "number_non_empty_cells": 307, "number_empty_cells": 0, "number_distinct_values": 307, "frequent_values": ["08X093", "02M177", "10X396", "29Q265", "03M404"], "dataTypes": [{"type": "DATE/TIME", "count": 3, "max_value": "2019-12-07T00:06:28", "min_value": "2019-12-07T00:02:01"}, {"type": "TEXT", "count": 304, "shortest_values": [["01M063", 6], ["01M315", 6], ["01M361", 6], ["01M364", 6], ["01M448", 6]], "longest_values": [["01M063", 6], ["01M315", 6], ["01M361", 6], ["01M364", 6], ["01M448", 6]], "average_length": 6.0}]}, {"column_name": "Location Name", "number_non_empty_cells": 307, "number_empty_cells": 0, "number_distinct_values": 307, "frequent_values": ["P.S. 152 Gwendoline N. Alleyne School", "P.S. 193 Alfred J. Kennedy", "P.S. 125 Ralph Bunche", "Robert H. Goddard High School of Communication Arts and Technology", "The Harbor View School"], "dataTypes": [{"type": "TEXT", "count": 307, "shortest_values": [["P.S. 36", 7], ["P.S. 150", 8], ["M.S. 297", 8], ["P.S. 277", 8], ["P.S. 583", 8]], "longest_values": [["P.S./M.S. 200 - The Magnet School of Global Studies and Leadership", 66], ["Robert H. Goddard High School of Communication Arts and Technology", 66], ["P.S./I.S. 157 The Benjamin Franklin Health & Science Academy", 60], ["Stephen T. Mather Building Arts & Craftsmanship High School", 59], ["Pathways College Preparatory School: A College Board School", 59]], "average_length": 27.21824104234528}]}]}