{"dataset_name": "/user/hm74/NYCOpenData/2s75-2b3b.tsv.gz", "columns": [{"column_name": "DBN", "number_non_empty_cells": 1860, "number_empty_cells": 0, "number_distinct_values": 671, "frequent_values": ["31R700", "20K700", "10X700", "28Q700", "30Q700"], "dataTypes": [{"type": "DATE/TIME", "count": 26, "max_value": "2019-12-08T00:06:48", "min_value": "2019-12-08T00:01:15"}, {"type": "TEXT", "count": 1834, "shortest_values": [["01M063", 6], ["01M064", 6], ["01M110", 6], ["01M134", 6], ["01M137", 6]], "longest_values": [["01M063", 6], ["01M064", 6], ["01M110", 6], ["01M134", 6], ["01M137", 6]], "average_length": 6.0}]}, {"column_name": "Site_ID", "number_non_empty_cells": 1857, "number_empty_cells": 3, "number_distinct_values": 1860, "frequent_values": ["02M042", "MAYL", "08X093", "XATC", "XAOX"], "dataTypes": [{"type": "DATE/TIME", "count": 26, "max_value": "2019-12-08T00:06:48", "min_value": "2019-12-08T00:01:15"}, {"type": "TEXT", "count": 1834, "shortest_values": [["MAOZ", 4], ["MBKU", 4], ["MAZS", 4], ["MAZB", 4], ["MAXZ", 4]], "longest_values": [["01M063", 6], ["01M064", 6], ["01M110", 6], ["01M134", 6], ["01M137", 6]], "average_length": 4.652126499454741}]}, {"column_name": "Site_Name", "number_non_empty_cells": 1847, "number_empty_cells": 13, "number_distinct_values": 1806, "frequent_values": ["Trabajamos Community Head Start", "Mi Nuevo Mundo", "JEWISH COMMUNITY CENTER OF STATEN ISLAND", "Ivy League Early Learning Academy", "New Covenant Christian School"], "dataTypes": [{"type": "TEXT", "count": 1860, "shortest_values": [["YDE", 3], ["ICCD", 4], ["ICCD", 4], ["FOCH", 4], ["UFBCO", 5]], "longest_values": [["Dimitrios & Georgia Kaloidis Parichol School of Holy Cross Greek Orthodox Church", 80], ["Ella Baker Charles Romain Child Development Center of Medgar Evers College", 74], ["P.S./I.S. 210 - Twenty-first Century Academy for Community Leadership", 69], ["Phipps Neighborhoods-Roscoe C. Brown Early Childhood Education Center", 69], ["Bethel Mission Station Church / Bethel Mission Loving Day CAre Center", 69]], "average_length": 26.4779569892473}]}, {"column_name": "Year", "number_non_empty_cells": 1860, "number_empty_cells": 0, "number_distinct_values": 1, "frequent_values": ["2015-16"], "dataTypes": [{"type": "TEXT", "count": 1860, "shortest_values": [["2015-16", 7], ["2015-16", 7], ["2015-16", 7], ["2015-16", 7], ["2015-16", 7]], "longest_values": [["2015-16", 7], ["2015-16", 7], ["2015-16", 7], ["2015-16", 7], ["2015-16", 7]], "average_length": 7.0}]}, {"column_name": "Total_Pre-K_Enrollment_(Half_Day_&_Full_Day)", "number_non_empty_cells": 1860, "number_empty_cells": 0, "number_distinct_values": 125, "frequent_values": ["36", "18", "20", "35", "40"], "dataTypes": [{"type": "INTEGER (LONG)", "count": 1838, "max_value": 484, "min_value": 6, "mean": 38.60010881392813, "stddev": 26.6207708506829}, {"type": "TEXT", "count": 22, "shortest_values": [["s", 1], ["s", 1], ["s", 1], ["s", 1], ["s", 1]], "longest_values": [["s", 1], ["s", 1], ["s", 1], ["s", 1], ["s", 1]], "average_length": 1.0}]}, {"column_name": "#Female", "number_non_empty_cells": 1860, "number_empty_cells": 0, "number_distinct_values": 68, "frequent_values": ["s", "9", "8", "18", "20"], "dataTypes": [{"type": "INTEGER (LONG)", "count": 1618, "max_value": 254, "min_value": 6, "mean": 21.016069221260825, "stddev": 14.046575848868878}, {"type": "TEXT", "count": 242, "shortest_values": [["s", 1], ["s", 1], ["s", 1], ["s", 1], ["s", 1]], "longest_values": [["s", 1], ["s", 1], ["s", 1], ["s", 1], ["s", 1]], "average_length": 1.0}]}, {"column_name": "%Female", "number_non_empty_cells": 1860, "number_empty_cells": 0, "number_distinct_values": 431, "frequent_values": ["s", "0.5", "0.5555555556", "0.4444444444", "0.6"], "dataTypes": [{"type": "REAL", "count": 1618, "max_value": 0.7857142857, "min_value": 0.2333333333, "mean": 0.5054871719725597, "stddev": 0.08165909099101798}, {"type": "TEXT", "count": 242, "shortest_values": [["s", 1], ["s", 1], ["s", 1], ["s", 1], ["s", 1]], "longest_values": [["s", 1], ["s", 1], ["s", 1], ["s", 1], ["s", 1]], "average_length": 1.0}]}, {"column_name": "#Male", "number_non_empty_cells": 1860, "number_empty_cells": 0, "number_distinct_values": 70, "frequent_values": ["s", "9", "16", "15", "11"], "dataTypes": [{"type": "INTEGER (LONG)", "count": 1618, "max_value": 230, "min_value": 6, "mean": 20.439431396786183, "stddev": 13.375127837538976}, {"type": "TEXT", "count": 242, "shortest_values": [["s", 1], ["s", 1], ["s", 1], ["s", 1], ["s", 1]], "longest_values": [["s", 1], ["s", 1], ["s", 1], ["s", 1], ["s", 1]], "average_length": 1.0}]}, {"column_name": "%Male", "number_non_empty_cells": 1860, "number_empty_cells": 0, "number_distinct_values": 431, "frequent_values": ["s", "0.5", "0.4444444444", "0.5555555556", "0.4"], "dataTypes": [{"type": "REAL", "count": 1618, "max_value": 0.7666666667, "min_value": 0.2142857143, "mean": 0.49451282802744195, "stddev": 0.08165909099101798}, {"type": "TEXT", "count": 242, "shortest_values": [["s", 1], ["s", 1], ["s", 1], ["s", 1], ["s", 1]], "longest_values": [["s", 1], ["s", 1], ["s", 1], ["s", 1], ["s", 1]], "average_length": 1.0}]}, {"column_name": "#Asian", "number_non_empty_cells": 1860, "number_empty_cells": 0, "number_distinct_values": 65, "frequent_values": ["s", "6", "8", "7", "10"], "dataTypes": [{"type": "INTEGER (LONG)", "count": 472, "max_value": 104, "min_value": 6, "mean": 19.877118644067778, "stddev": 16.294097460024318}, {"type": "TEXT", "count": 1388, "shortest_values": [["s", 1], ["s", 1], ["s", 1], ["s", 1], ["s", 1]], "longest_values": [["s", 1], ["s", 1], ["s", 1], ["s", 1], ["s", 1]], "average_length": 1.0}]}, {"column_name": "%Asian", "number_non_empty_cells": 1860, "number_empty_cells": 0, "number_distinct_values": 298, "frequent_values": ["s", "1", "0.2222222222", "0.5", "0.6666666667"], "dataTypes": [{"type": "INTEGER (LONG)", "count": 11, "max_value": 1, "min_value": 1, "mean": 1.0, "stddev": 0.0}, {"type": "REAL", "count": 461, "max_value": 0.9904761905, "min_value": 0.05, "mean": 0.4435385978208241, "stddev": 0.2568845069626589}, {"type": "TEXT", "count": 1388, "shortest_values": [["s", 1], ["s", 1], ["s", 1], ["s", 1], ["s", 1]], "longest_values": [["s", 1], ["s", 1], ["s", 1], ["s", 1], ["s", 1]], "average_length": 1.0}]}, {"column_name": "#Black", "number_non_empty_cells": 1860, "number_empty_cells": 0, "number_distinct_values": 64, "frequent_values": ["s", "7", "8", "6", "10"], "dataTypes": [{"type": "INTEGER (LONG)", "count": 797, "max_value": 135, "min_value": 6, "mean": 19.59723964868254, "stddev": 14.010289905858736}, {"type": "TEXT", "count": 1063, "shortest_values": [["s", 1], ["s", 1], ["s", 1], ["s", 1], ["s", 1]], "longest_values": [["s", 1], ["s", 1], ["s", 1], ["s", 1], ["s", 1]], "average_length": 1.0}]}, {"column_name": "%Black", "number_non_empty_cells": 1860, "number_empty_cells": 0, "number_distinct_values": 447, "frequent_values": ["s", "1", "0.6666666667", "0.5", "0.75"], "dataTypes": [{"type": "INTEGER (LONG)", "count": 17, "max_value": 1, "min_value": 1, "mean": 1.0, "stddev": 0.0}, {"type": "REAL", "count": 780, "max_value": 0.987012987, "min_value": 0.0735294118, "mean": 0.5325516810534611, "stddev": 0.26657249762190893}, {"type": "TEXT", "count": 1063, "shortest_values": [["s", 1], ["s", 1], ["s", 1], ["s", 1], ["s", 1]], "longest_values": [["s", 1], ["s", 1], ["s", 1], ["s", 1], ["s", 1]], "average_length": 1.0}]}, {"column_name": "#Hispanic", "number_non_empty_cells": 1860, "number_empty_cells": 0, "number_distinct_values": 87, "frequent_values": ["s", "6", "7", "10", "8"], "dataTypes": [{"type": "INTEGER (LONG)", "count": 1183, "max_value": 447, "min_value": 6, "mean": 21.85376162299239, "stddev": 21.380102709105095}, {"type": "TEXT", "count": 677, "shortest_values": [["s", 1], ["s", 1], ["s", 1], ["s", 1], ["s", 1]], "longest_values": [["s", 1], ["s", 1], ["s", 1], ["s", 1], ["s", 1]], "average_length": 1.0}]}, {"column_name": "%Hispanic", "number_non_empty_cells": 1860, "number_empty_cells": 0, "number_distinct_values": 559, "frequent_values": ["s", "0.5", "0.3333333333", "0.6666666667", "0.1666666667"], "dataTypes": [{"type": "INTEGER (LONG)", "count": 14, "max_value": 1, "min_value": 1, "mean": 1.0, "stddev": 0.0}, {"type": "REAL", "count": 1169, "max_value": 0.9850746269, "min_value": 0.0594059406, "mean": 0.5007713663659543, "stddev": 0.23455845587318921}, {"type": "TEXT", "count": 677, "shortest_values": [["s", 1], ["s", 1], ["s", 1], ["s", 1], ["s", 1]], "longest_values": [["s", 1], ["s", 1], ["s", 1], ["s", 1], ["s", 1]], "average_length": 1.0}]}, {"column_name": "#Other", "number_non_empty_cells": 1860, "number_empty_cells": 0, "number_distinct_values": 13, "frequent_values": ["s", "6", "7", "9", "12"], "dataTypes": [{"type": "INTEGER (LONG)", "count": 49, "max_value": 43, "min_value": 6, "mean": 9.632653061224493, "stddev": 5.833379940711448}, {"type": "TEXT", "count": 1811, "shortest_values": [["s", 1], ["s", 1], ["s", 1], ["s", 1], ["s", 1]], "longest_values": [["s", 1], ["s", 1], ["s", 1], ["s", 1], ["s", 1]], "average_length": 1.0}]}, {"column_name": "%Other", "number_non_empty_cells": 1860, "number_empty_cells": 0, "number_distinct_values": 42, "frequent_values": ["s", "0.1666666667", "0.1944444444", "0.2", "0.152173913"], "dataTypes": [{"type": "REAL", "count": 49, "max_value": 0.8775510204, "min_value": 0.0262008734, "mean": 0.19418611817959183, "stddev": 0.1408008858467449}, {"type": "TEXT", "count": 1811, "shortest_values": [["s", 1], ["s", 1], ["s", 1], ["s", 1], ["s", 1]], "longest_values": [["s", 1], ["s", 1], ["s", 1], ["s", 1], ["s", 1]], "average_length": 1.0}]}, {"column_name": "#White", "number_non_empty_cells": 1860, "number_empty_cells": 0, "number_distinct_values": 71, "frequent_values": ["s", "7", "8", "12", "10"], "dataTypes": [{"type": "INTEGER (LONG)", "count": 588, "max_value": 131, "min_value": 6, "mean": 21.527210884353728, "stddev": 16.67040253839908}, {"type": "TEXT", "count": 1272, "shortest_values": [["s", 1], ["s", 1], ["s", 1], ["s", 1], ["s", 1]], "longest_values": [["s", 1], ["s", 1], ["s", 1], ["s", 1], ["s", 1]], "average_length": 1.0}]}, {"column_name": "%White", "number_non_empty_cells": 1860, "number_empty_cells": 0, "number_distinct_values": 313, "frequent_values": ["s", "1", "0.5", "0.3333333333", "0.5555555556"], "dataTypes": [{"type": "INTEGER (LONG)", "count": 66, "max_value": 1, "min_value": 1, "mean": 1.0, "stddev": 0.0}, {"type": "REAL", "count": 522, "max_value": 0.9875, "min_value": 0.0465116279, "mean": 0.48671662258984694, "stddev": 0.229970239264531}, {"type": "TEXT", "count": 1272, "shortest_values": [["s", 1], ["s", 1], ["s", 1], ["s", 1], ["s", 1]], "longest_values": [["s", 1], ["s", 1], ["s", 1], ["s", 1], ["s", 1]], "average_length": 1.0}]}]}