{"dataset_name": "/user/hm74/NYCOpenData/2t2c-qih9.tsv.gz", "columns": [{"column_name": "Publication_Date", "number_non_empty_cells": 15477, "number_empty_cells": 0, "number_distinct_values": 14, "frequent_values": [20180426, 20160615, 20160426, 20170606, 20170426], "dataTypes": [{"type": "INTEGER (LONG)", "count": 15477, "max_value": 20190619, "min_value": 20160426, "mean": 20175773.56716412, "stddev": 10482.87249035098}]}, {"column_name": "Agency_Number", "number_non_empty_cells": 15477, "number_empty_cells": 0, "number_distinct_values": 71, "frequent_values": [72, 40, 57, 827, 56], "dataTypes": [{"type": "INTEGER (LONG)", "count": 15477, "max_value": 945, "min_value": 2, "mean": 381.2597402597392, "stddev": 384.82599888535947}]}, {"column_name": "Agency_Name", "number_non_empty_cells": 15477, "number_empty_cells": 0, "number_distinct_values": 71, "frequent_values": ["Police Department", "City University", "Fire Department", "Department of Correction", "Department of Education"], "dataTypes": [{"type": "TEXT", "count": 15477, "shortest_values": [["Mayoralty", 9], ["Mayoralty", 9], ["Mayoralty", 9], ["Mayoralty", 9], ["Mayoralty", 9]], "longest_values": [["Department of Information Technology and Telecommunication", 58], ["Department of Information Technology and Telecommunication", 58], ["Department of Information Technology and Telecommunication", 58], ["Department of Information Technology and Telecommunication", 58], ["Department of Information Technology and Telecommunication", 58]], "average_length": 27.870129870129848}]}, {"column_name": "Fiscal_Year", "number_non_empty_cells": 15477, "number_empty_cells": 0, "number_distinct_values": 8, "frequent_values": [2020, 2019, 2021, 2018, 2022], "dataTypes": [{"type": "INTEGER (LONG)", "count": 15477, "max_value": 2023, "min_value": 2016, "mean": 2019.6119402985069, "stddev": 1.7099814425152933}]}, {"column_name": "Personnel_Type_Code", "number_non_empty_cells": 15477, "number_empty_cells": 0, "number_distinct_values": 3, "frequent_values": ["C", "U", "P"], "dataTypes": [{"type": "TEXT", "count": 15477, "shortest_values": [["C", 1], ["C", 1], ["C", 1], ["C", 1], ["C", 1]], "longest_values": [["C", 1], ["C", 1], ["C", 1], ["C", 1], ["C", 1]], "average_length": 1.0}]}, {"column_name": "Personnel_Type_Name", "number_non_empty_cells": 15477, "number_empty_cells": 0, "number_distinct_values": 3, "frequent_values": ["Civilian", "Uniform", "Pedagogical"], "dataTypes": [{"type": "TEXT", "count": 15477, "shortest_values": [["Uniform", 7], ["Uniform", 7], ["Uniform", 7], ["Uniform", 7], ["Uniform", 7]], "longest_values": [["Pedagogical", 11], ["Pedagogical", 11], ["Pedagogical", 11], ["Pedagogical", 11], ["Pedagogical", 11]], "average_length": 8.025974025974026}]}, {"column_name": "Code_for_Full-Time_&_FTEs", "number_non_empty_cells": 15477, "number_empty_cells": 0, "number_distinct_values": 3, "frequent_values": [1, 3, 2], "dataTypes": [{"type": "INTEGER (LONG)", "count": 15477, "max_value": 3, "min_value": 1, "mean": 2.0000000000000058, "stddev": 0.8164965809277268}]}, {"column_name": "Full-Time/Full-Time_Equivalents/_FT_+_FTE_Positions", "number_non_empty_cells": 15477, "number_empty_cells": 0, "number_distinct_values": 3, "frequent_values": ["Full-Time Plus Full-Time Equivalent", "Full-Time Equivalent", "Full-Time"], "dataTypes": [{"type": "TEXT", "count": 15477, "shortest_values": [["Full-Time", 9], ["Full-Time", 9], ["Full-Time", 9], ["Full-Time", 9], ["Full-Time", 9]], "longest_values": [["Full-Time Plus Full-Time Equivalent", 35], ["Full-Time Plus Full-Time Equivalent", 35], ["Full-Time Plus Full-Time Equivalent", 35], ["Full-Time Plus Full-Time Equivalent", 35], ["Full-Time Plus Full-Time Equivalent", 35]], "average_length": 21.33333333333344}]}, {"column_name": "City_Funded_Headcount", "number_non_empty_cells": 15477, "number_empty_cells": 0, "number_distinct_values": 1665, "frequent_values": [0, 2, 1, 8, 13], "dataTypes": [{"type": "INTEGER (LONG)", "count": 15477, "max_value": 94725, "min_value": 0, "mean": 2410.1988757511353, "stddev": 9553.003960204609}]}, {"column_name": "IFA_Funded_Headcount", "number_non_empty_cells": 15477, "number_empty_cells": 0, "number_distinct_values": 134, "frequent_values": [0, 1, 58, 3, 52], "dataTypes": [{"type": "INTEGER (LONG)", "count": 15477, "max_value": 1731, "min_value": 0, "mean": 43.55779543839269, "stddev": 205.89252620755366}]}, {"column_name": "CD_Funded_Headcount", "number_non_empty_cells": 15477, "number_empty_cells": 0, "number_distinct_values": 104, "frequent_values": [0, 1, 2, 10, 34], "dataTypes": [{"type": "INTEGER (LONG)", "count": 15477, "max_value": 1108, "min_value": 0, "mean": 13.642695612844816, "stddev": 100.1202152993141}]}, {"column_name": "Other_Funded_Headcount", "number_non_empty_cells": 15477, "number_empty_cells": 0, "number_distinct_values": 394, "frequent_values": [0, 1, 2, 8, 33], "dataTypes": [{"type": "INTEGER (LONG)", "count": 15477, "max_value": 32842, "min_value": 0, "mean": 396.2995412547643, "stddev": 2732.728812754403}]}, {"column_name": "Total", "number_non_empty_cells": 15477, "number_empty_cells": 0, "number_distinct_values": 1981, "frequent_values": [0, 2, 1, 8, 5], "dataTypes": [{"type": "INTEGER (LONG)", "count": 15477, "max_value": 127567, "min_value": 0, "mean": 2863.6989080571257, "stddev": 12032.615339443772}]}]}