{"dataset_name": "/user/hm74/NYCOpenData/2t32-hbca.tsv.gz", "columns": [{"column_name": "JURISDICTION NAME", "number_non_empty_cells": 65, "number_empty_cells": 0, "number_distinct_values": 65, "frequent_values": ["State Assembly District 035", "State Assembly District 053", "State Assembly District 037", "State Assembly District 062", "State Assembly District 049"], "dataTypes": [{"type": "TEXT", "count": 65, "shortest_values": [["State Assembly District 037", 27], ["State Assembly District 057", 27], ["State Assembly District 036", 27], ["State Assembly District 061", 27], ["State Assembly District 031", 27]], "longest_values": [["State Assembly District 037", 27], ["State Assembly District 057", 27], ["State Assembly District 036", 27], ["State Assembly District 061", 27], ["State Assembly District 031", 27]], "average_length": 27.0}]}, {"column_name": "COUNT PARTICIPANTS", "number_non_empty_cells": 65, "number_empty_cells": 0, "number_distinct_values": 36, "frequent_values": [0, 2, 4, 1, 5], "dataTypes": [{"type": "INTEGER (LONG)", "count": 65, "max_value": 263, "min_value": 0, "mean": 32.353846153846156, "stddev": 55.491768140517436}]}, {"column_name": "COUNT FEMALE", "number_non_empty_cells": 65, "number_empty_cells": 0, "number_distinct_values": 29, "frequent_values": [0, 4, 1, 7, 5], "dataTypes": [{"type": "INTEGER (LONG)", "count": 65, "max_value": 204, "min_value": 0, "mean": 20.49230769230769, "stddev": 39.50272554449612}]}, {"column_name": "PERCENT FEMALE", "number_non_empty_cells": 65, "number_empty_cells": 0, "number_distinct_values": 31, "frequent_values": [0.0, 0.5, 0.67, 1.0, 0.64], "dataTypes": [{"type": "REAL", "count": 65, "max_value": 1.0, "min_value": 0.0, "mean": 0.40753846153846157, "stddev": 0.31947567991816156}]}, {"column_name": "COUNT MALE", "number_non_empty_cells": 65, "number_empty_cells": 0, "number_distinct_values": 27, "frequent_values": [0, 1, 2, 7, 3], "dataTypes": [{"type": "INTEGER (LONG)", "count": 65, "max_value": 92, "min_value": 0, "mean": 11.861538461538462, "stddev": 18.827048400620047}]}, {"column_name": "PERCENT MALE", "number_non_empty_cells": 65, "number_empty_cells": 0, "number_distinct_values": 31, "frequent_values": [0.0, 0.5, 1.0, 0.33, 0.2], "dataTypes": [{"type": "REAL", "count": 65, "max_value": 1.0, "min_value": 0.0, "mean": 0.34630769230769237, "stddev": 0.29494494521869524}]}, {"column_name": "COUNT GENDER UNKNOWN", "number_non_empty_cells": 65, "number_empty_cells": 0, "number_distinct_values": 1, "frequent_values": [0], "dataTypes": [{"type": "INTEGER (LONG)", "count": 65, "max_value": 0, "min_value": 0, "mean": 0.0, "stddev": 0.0}]}, {"column_name": "PERCENT GENDER UNKNOWN", "number_non_empty_cells": 65, "number_empty_cells": 0, "number_distinct_values": 1, "frequent_values": [0], "dataTypes": [{"type": "INTEGER (LONG)", "count": 65, "max_value": 0, "min_value": 0, "mean": 0.0, "stddev": 0.0}]}, {"column_name": "COUNT GENDER TOTAL", "number_non_empty_cells": 65, "number_empty_cells": 0, "number_distinct_values": 36, "frequent_values": [0, 2, 4, 1, 5], "dataTypes": [{"type": "INTEGER (LONG)", "count": 65, "max_value": 263, "min_value": 0, "mean": 32.353846153846156, "stddev": 55.491768140517436}]}, {"column_name": "PERCENT GENDER TOTAL", "number_non_empty_cells": 65, "number_empty_cells": 0, "number_distinct_values": 2, "frequent_values": [100, 0], "dataTypes": [{"type": "INTEGER (LONG)", "count": 65, "max_value": 100, "min_value": 0, "mean": 75.38461538461537, "stddev": 43.07692307692308}]}, {"column_name": "COUNT PACIFIC ISLANDER", "number_non_empty_cells": 65, "number_empty_cells": 0, "number_distinct_values": 2, "frequent_values": [0, 1], "dataTypes": [{"type": "INTEGER (LONG)", "count": 65, "max_value": 1, "min_value": 0, "mean": 0.03076923076923077, "stddev": 0.17269187938956654}]}, {"column_name": "PERCENT PACIFIC ISLANDER", "number_non_empty_cells": 65, "number_empty_cells": 0, "number_distinct_values": 3, "frequent_values": [0.0, 0.01, 0.02], "dataTypes": [{"type": "REAL", "count": 65, "max_value": 0.02, "min_value": 0.0, "mean": 0.0004615384615384616, "stddev": 0.0027348290514817193}]}, {"column_name": "COUNT HISPANIC LATINO", "number_non_empty_cells": 65, "number_empty_cells": 0, "number_distinct_values": 18, "frequent_values": [0, 1, 2, 3, 10], "dataTypes": [{"type": "INTEGER (LONG)", "count": 65, "max_value": 78, "min_value": 0, "mean": 6.1230769230769235, "stddev": 14.826699090396342}]}, {"column_name": "PERCENT HISPANIC LATINO", "number_non_empty_cells": 65, "number_empty_cells": 0, "number_distinct_values": 26, "frequent_values": [0.0, 0.5, 0.12, 0.67, 0.04], "dataTypes": [{"type": "REAL", "count": 65, "max_value": 1.0, "min_value": 0.0, "mean": 0.16769230769230767, "stddev": 0.23332228770700064}]}, {"column_name": "COUNT AMERICAN INDIAN", "number_non_empty_cells": 65, "number_empty_cells": 0, "number_distinct_values": 2, "frequent_values": [0, 1], "dataTypes": [{"type": "INTEGER (LONG)", "count": 65, "max_value": 1, "min_value": 0, "mean": 0.04615384615384616, "stddev": 0.20981817995362853}]}, {"column_name": "PERCENT AMERICAN INDIAN", "number_non_empty_cells": 65, "number_empty_cells": 0, "number_distinct_values": 4, "frequent_values": [0.0, 0.5, 0.02, 0.01], "dataTypes": [{"type": "REAL", "count": 65, "max_value": 0.5, "min_value": 0.0, "mean": 0.008153846153846154, "stddev": 0.061541538384619225}]}, {"column_name": "COUNT ASIAN NON HISPANIC", "number_non_empty_cells": 65, "number_empty_cells": 0, "number_distinct_values": 9, "frequent_values": [0, 1, 2, 5, 3], "dataTypes": [{"type": "INTEGER (LONG)", "count": 65, "max_value": 46, "min_value": 0, "mean": 1.7230769230769234, "stddev": 6.0192197099922975}]}, {"column_name": "PERCENT ASIAN NON HISPANIC", "number_non_empty_cells": 65, "number_empty_cells": 0, "number_distinct_values": 16, "frequent_values": [0.0, 1.0, 0.02, 0.01, 0.05], "dataTypes": [{"type": "REAL", "count": 65, "max_value": 1.0, "min_value": 0.0, "mean": 0.09984615384615383, "stddev": 0.2544284231079678}]}, {"column_name": "COUNT WHITE NON HISPANIC", "number_non_empty_cells": 65, "number_empty_cells": 0, "number_distinct_values": 20, "frequent_values": [0, 1, 4, 3, 13], "dataTypes": [{"type": "INTEGER (LONG)", "count": 65, "max_value": 241, "min_value": 0, "mean": 15.261538461538462, "stddev": 43.00099352092905}]}, {"column_name": "PERCENT WHITE NON HISPANIC", "number_non_empty_cells": 65, "number_empty_cells": 0, "number_distinct_values": 23, "frequent_values": [0.0, 0.92, 0.87, 0.93, 0.01], "dataTypes": [{"type": "REAL", "count": 65, "max_value": 1.0, "min_value": 0.0, "mean": 0.22969230769230775, "stddev": 0.35642226137317357}]}, {"column_name": "COUNT BLACK NON HISPANIC", "number_non_empty_cells": 65, "number_empty_cells": 0, "number_distinct_values": 21, "frequent_values": [0, 1, 4, 2, 6], "dataTypes": [{"type": "INTEGER (LONG)", "count": 65, "max_value": 68, "min_value": 0, "mean": 7.338461538461537, "stddev": 14.829572246620987}]}, {"column_name": "PERCENT BLACK NON HISPANIC", "number_non_empty_cells": 65, "number_empty_cells": 0, "number_distinct_values": 25, "frequent_values": [0.0, 0.44, 0.75, 1.0, 0.2], "dataTypes": [{"type": "REAL", "count": 65, "max_value": 1.0, "min_value": 0.0, "mean": 0.20061538461538458, "stddev": 0.2769997329800264}]}, {"column_name": "COUNT OTHER ETHNICITY", "number_non_empty_cells": 65, "number_empty_cells": 0, "number_distinct_values": 10, "frequent_values": [0, 1, 4, 2, 13], "dataTypes": [{"type": "INTEGER (LONG)", "count": 65, "max_value": 13, "min_value": 0, "mean": 1.6461538461538463, "stddev": 3.0605719386604813}]}, {"column_name": "PERCENT OTHER ETHNICITY", "number_non_empty_cells": 65, "number_empty_cells": 0, "number_distinct_values": 13, "frequent_values": [0.0, 0.05, 0.07, 0.04, 0.09], "dataTypes": [{"type": "REAL", "count": 65, "max_value": 0.5, "min_value": 0.0, "mean": 0.039846153846153864, "stddev": 0.07471983173453933}]}, {"column_name": "COUNT ETHNICITY UNKNOWN", "number_non_empty_cells": 65, "number_empty_cells": 0, "number_distinct_values": 4, "frequent_values": [0, 1, 5, 2], "dataTypes": [{"type": "INTEGER (LONG)", "count": 65, "max_value": 5, "min_value": 0, "mean": 0.18461538461538468, "stddev": 0.6992811186069854}]}, {"column_name": "PERCENT ETHNICITY UNKNOWN", "number_non_empty_cells": 65, "number_empty_cells": 0, "number_distinct_values": 5, "frequent_values": [0.0, 0.02, 0.03, 0.25, 0.17], "dataTypes": [{"type": "REAL", "count": 65, "max_value": 0.25, "min_value": 0.0, "mean": 0.007846153846153848, "stddev": 0.0371065952127654}]}, {"column_name": "COUNT ETHNICITY TOTAL", "number_non_empty_cells": 65, "number_empty_cells": 0, "number_distinct_values": 36, "frequent_values": [0, 2, 4, 1, 5], "dataTypes": [{"type": "INTEGER (LONG)", "count": 65, "max_value": 263, "min_value": 0, "mean": 32.353846153846156, "stddev": 55.491768140517436}]}, {"column_name": "PERCENT ETHNICITY TOTAL", "number_non_empty_cells": 65, "number_empty_cells": 0, "number_distinct_values": 3, "frequent_values": [100, 0, 99], "dataTypes": [{"type": "INTEGER (LONG)", "count": 65, "max_value": 100, "min_value": 0, "mean": 75.2769230769231, "stddev": 43.016457563376534}]}, {"column_name": "COUNT PERMANENT RESIDENT ALIEN", "number_non_empty_cells": 65, "number_empty_cells": 0, "number_distinct_values": 8, "frequent_values": [0, 1, 2, 3, 5], "dataTypes": [{"type": "INTEGER (LONG)", "count": 65, "max_value": 12, "min_value": 0, "mean": 1.369230769230769, "stddev": 2.5393471648572667}]}, {"column_name": "PERCENT PERMANENT RESIDENT ALIEN", "number_non_empty_cells": 65, "number_empty_cells": 0, "number_distinct_values": 19, "frequent_values": [0.0, 0.07, 0.01, 0.02, 0.11], "dataTypes": [{"type": "REAL", "count": 65, "max_value": 1.0, "min_value": 0.0, "mean": 0.05553846153846154, "stddev": 0.1445526868997627}]}, {"column_name": "COUNT US CITIZEN", "number_non_empty_cells": 65, "number_empty_cells": 0, "number_distinct_values": 36, "frequent_values": [0, 2, 1, 4, 14], "dataTypes": [{"type": "INTEGER (LONG)", "count": 65, "max_value": 259, "min_value": 0, "mean": 30.83076923076923, "stddev": 53.5285888333067}]}, {"column_name": "PERCENT US CITIZEN", "number_non_empty_cells": 65, "number_empty_cells": 0, "number_distinct_values": 19, "frequent_values": [1.0, 0.0, 0.98, 0.96, 0.93], "dataTypes": [{"type": "REAL", "count": 65, "max_value": 1.0, "min_value": 0.0, "mean": 0.6966153846153842, "stddev": 0.42231696781182637}]}, {"column_name": "COUNT OTHER CITIZEN STATUS", "number_non_empty_cells": 65, "number_empty_cells": 0, "number_distinct_values": 3, "frequent_values": [0, 1, 2], "dataTypes": [{"type": "INTEGER (LONG)", "count": 65, "max_value": 2, "min_value": 0, "mean": 0.15384615384615385, "stddev": 0.47168337590018133}]}, {"column_name": "PERCENT OTHER CITIZEN STATUS", "number_non_empty_cells": 65, "number_empty_cells": 0, "number_distinct_values": 4, "frequent_values": [0.0, 0.01, 0.03, 0.02], "dataTypes": [{"type": "REAL", "count": 65, "max_value": 0.03, "min_value": 0.0, "mean": 0.0012307692307692308, "stddev": 0.004806307492865633}]}, {"column_name": "COUNT CITIZEN STATUS UNKNOWN", "number_non_empty_cells": 65, "number_empty_cells": 0, "number_distinct_values": 1, "frequent_values": [0], "dataTypes": [{"type": "INTEGER (LONG)", "count": 65, "max_value": 0, "min_value": 0, "mean": 0.0, "stddev": 0.0}]}, {"column_name": "PERCENT CITIZEN STATUS UNKNOWN", "number_non_empty_cells": 65, "number_empty_cells": 0, "number_distinct_values": 1, "frequent_values": [0], "dataTypes": [{"type": "INTEGER (LONG)", "count": 65, "max_value": 0, "min_value": 0, "mean": 0.0, "stddev": 0.0}]}, {"column_name": "COUNT CITIZEN STATUS TOTAL", "number_non_empty_cells": 65, "number_empty_cells": 0, "number_distinct_values": 36, "frequent_values": [0, 2, 4, 1, 5], "dataTypes": [{"type": "INTEGER (LONG)", "count": 65, "max_value": 263, "min_value": 0, "mean": 32.353846153846156, "stddev": 55.491768140517436}]}, {"column_name": "PERCENT CITIZEN STATUS TOTAL", "number_non_empty_cells": 65, "number_empty_cells": 0, "number_distinct_values": 3, "frequent_values": [100, 0, 99], "dataTypes": [{"type": "INTEGER (LONG)", "count": 65, "max_value": 100, "min_value": 0, "mean": 75.33846153846154, "stddev": 43.051052671156306}]}, {"column_name": "COUNT RECEIVES PUBLIC ASSISTANCE", "number_non_empty_cells": 65, "number_empty_cells": 0, "number_distinct_values": 21, "frequent_values": [0, 1, 5, 8, 3], "dataTypes": [{"type": "INTEGER (LONG)", "count": 65, "max_value": 133, "min_value": 0, "mean": 10.153846153846152, "stddev": 20.355479904197235}]}, {"column_name": "PERCENT RECEIVES PUBLIC ASSISTANCE", "number_non_empty_cells": 65, "number_empty_cells": 0, "number_distinct_values": 29, "frequent_values": [0.0, 0.17, 0.5, 0.47, 0.45], "dataTypes": [{"type": "REAL", "count": 65, "max_value": 0.75, "min_value": 0.0, "mean": 0.2036923076923077, "stddev": 0.21566761627573847}]}, {"column_name": "COUNT NRECEIVES PUBLIC ASSISTANCE", "number_non_empty_cells": 65, "number_empty_cells": 0, "number_distinct_values": 34, "frequent_values": [0, 1, 2, 5, 3], "dataTypes": [{"type": "INTEGER (LONG)", "count": 65, "max_value": 199, "min_value": 0, "mean": 22.200000000000003, "stddev": 38.293281194164926}]}, {"column_name": "PERCENT NRECEIVES PUBLIC ASSISTANCE", "number_non_empty_cells": 65, "number_empty_cells": 0, "number_distinct_values": 30, "frequent_values": [0.0, 1.0, 0.83, 0.5, 0.7], "dataTypes": [{"type": "REAL", "count": 65, "max_value": 1.0, "min_value": 0.0, "mean": 0.5501538461538462, "stddev": 0.3630363080281992}]}, {"column_name": "COUNT PUBLIC ASSISTANCE UNKNOWN", "number_non_empty_cells": 65, "number_empty_cells": 0, "number_distinct_values": 1, "frequent_values": [0], "dataTypes": [{"type": "INTEGER (LONG)", "count": 65, "max_value": 0, "min_value": 0, "mean": 0.0, "stddev": 0.0}]}, {"column_name": "PERCENT PUBLIC ASSISTANCE UNKNOWN", "number_non_empty_cells": 65, "number_empty_cells": 0, "number_distinct_values": 1, "frequent_values": [0], "dataTypes": [{"type": "INTEGER (LONG)", "count": 65, "max_value": 0, "min_value": 0, "mean": 0.0, "stddev": 0.0}]}, {"column_name": "COUNT PUBLIC ASSISTANCE TOTAL", "number_non_empty_cells": 65, "number_empty_cells": 0, "number_distinct_values": 36, "frequent_values": [0, 2, 4, 1, 5], "dataTypes": [{"type": "INTEGER (LONG)", "count": 65, "max_value": 263, "min_value": 0, "mean": 32.353846153846156, "stddev": 55.491768140517436}]}, {"column_name": "PERCENT PUBLIC ASSISTANCE TOTAL", "number_non_empty_cells": 65, "number_empty_cells": 0, "number_distinct_values": 2, "frequent_values": [100, 0], "dataTypes": [{"type": "INTEGER (LONG)", "count": 65, "max_value": 100, "min_value": 0, "mean": 75.38461538461537, "stddev": 43.07692307692308}]}]}