{"dataset_name": "/user/hm74/NYCOpenData/2uk5-v8da.tsv.gz", "columns": [{"column_name": "Grade", "number_non_empty_cells": 84, "number_empty_cells": 0, "number_distinct_values": 7, "frequent_values": ["7", "3", "8", "5", "6"], "dataTypes": [{"type": "INTEGER (LONG)", "count": 72, "max_value": 8, "min_value": 3, "mean": 5.500000000000003, "stddev": 1.7078251276599326}, {"type": "TEXT", "count": 12, "shortest_values": [["All Grades", 10], ["All Grades", 10], ["All Grades", 10], ["All Grades", 10], ["All Grades", 10]], "longest_values": [["All Grades", 10], ["All Grades", 10], ["All Grades", 10], ["All Grades", 10], ["All Grades", 10]], "average_length": 10.0}]}, {"column_name": "Year", "number_non_empty_cells": 84, "number_empty_cells": 0, "number_distinct_values": 4, "frequent_values": [2015, 2014, 2016, 2017], "dataTypes": [{"type": "INTEGER (LONG)", "count": 84, "max_value": 2017, "min_value": 2014, "mean": 2015.5000000000005, "stddev": 1.11803398874989}]}, {"column_name": "Category", "number_non_empty_cells": 84, "number_empty_cells": 0, "number_distinct_values": 3, "frequent_values": ["Never ELL", "Current ELL", "Ever ELL"], "dataTypes": [{"type": "TEXT", "count": 84, "shortest_values": [["Ever ELL", 8], ["Ever ELL", 8], ["Ever ELL", 8], ["Ever ELL", 8], ["Ever ELL", 8]], "longest_values": [["Current ELL", 11], ["Current ELL", 11], ["Current ELL", 11], ["Current ELL", 11], ["Current ELL", 11]], "average_length": 9.333333333333332}]}, {"column_name": "Number Tested", "number_non_empty_cells": 84, "number_empty_cells": 0, "number_distinct_values": 84, "frequent_values": [8592, 7387, 7120, 52214, 7818], "dataTypes": [{"type": "INTEGER (LONG)", "count": 84, "max_value": 299787, "min_value": 5988, "mean": 38404.73809523809, "stddev": 60486.55467916168}]}, {"column_name": "Mean Scale Score", "number_non_empty_cells": 84, "number_empty_cells": 0, "number_distinct_values": 41, "frequent_values": [302, 263, 270, 307, 301], "dataTypes": [{"type": "INTEGER (LONG)", "count": 84, "max_value": 320, "min_value": 256, "mean": 293.67857142857144, "stddev": 19.905826327201428}]}, {"column_name": "Level1_N", "number_non_empty_cells": 84, "number_empty_cells": 0, "number_distinct_values": 82, "frequent_values": [5879, 6505, 2771, 5875, 10502], "dataTypes": [{"type": "INTEGER (LONG)", "count": 84, "max_value": 92546, "min_value": 663, "mean": 11654.214285714286, "stddev": 16809.620885410368}]}, {"column_name": "Level1_%", "number_non_empty_cells": 84, "number_empty_cells": 0, "number_distinct_values": 80, "frequent_values": [57.7, 25.3, 74.8, 23.3, 65.4], "dataTypes": [{"type": "REAL", "count": 84, "max_value": 82.6, "min_value": 7.3, "mean": 38.25357142857142, "stddev": 24.13987733442504}]}, {"column_name": "Level2_N", "number_non_empty_cells": 84, "number_empty_cells": 0, "number_distinct_values": 84, "frequent_values": [14958, 23434, 18966, 21037, 14419], "dataTypes": [{"type": "INTEGER (LONG)", "count": 84, "max_value": 111362, "min_value": 1072, "mean": 13574.785714285714, "stddev": 21535.590342650525}]}, {"column_name": "Level2_%", "number_non_empty_cells": 84, "number_empty_cells": 0, "number_distinct_values": 70, "frequent_values": [36.4, 45.8, 22.7, 37.1, 44.8], "dataTypes": [{"type": "REAL", "count": 84, "max_value": 55.0, "min_value": 15.1, "mean": 34.41666666666667, "stddev": 8.57650213600445}]}, {"column_name": "Level3_N", "number_non_empty_cells": 84, "number_empty_cells": 0, "number_distinct_values": 82, "frequent_values": [143, 188, 597, 3313, 11450], "dataTypes": [{"type": "INTEGER (LONG)", "count": 84, "max_value": 80053, "min_value": 61, "mean": 8828.190476190473, "stddev": 15587.41943384395}]}, {"column_name": "Level3_%", "number_non_empty_cells": 84, "number_empty_cells": 0, "number_distinct_values": 72, "frequent_values": [25.9, 1.3, 24.4, 6.5, 22.7], "dataTypes": [{"type": "REAL", "count": 84, "max_value": 47.9, "min_value": 0.9, "mean": 19.08690476190475, "stddev": 12.090923196879324}]}, {"column_name": "Level4_N", "number_non_empty_cells": 84, "number_empty_cells": 0, "number_distinct_values": 82, "frequent_values": [19, 24, 897, 1270, 31], "dataTypes": [{"type": "INTEGER (LONG)", "count": 84, "max_value": 49563, "min_value": 1, "mean": 4347.547619047618, "stddev": 8413.732108037886}]}, {"column_name": "Level4_%", "number_non_empty_cells": 84, "number_empty_cells": 0, "number_distinct_values": 55, "frequent_values": [0.3, 0.1, 0.5, 9.1, 17.3], "dataTypes": [{"type": "REAL", "count": 84, "max_value": 20.2, "min_value": 0.0, "mean": 8.239285714285714, "stddev": 6.660098273569651}]}, {"column_name": "Level3+4_N", "number_non_empty_cells": 84, "number_empty_cells": 0, "number_distinct_values": 84, "frequent_values": [15957, 4078, 65, 133, 3013], "dataTypes": [{"type": "INTEGER (LONG)", "count": 84, "max_value": 129400, "min_value": 65, "mean": 13175.738095238097, "stddev": 23846.042483436995}]}, {"column_name": "Level3+4_%", "number_non_empty_cells": 84, "number_empty_cells": 0, "number_distinct_values": 74, "frequent_values": [2.6, 29.5, 33.8, 1.6, 34.8], "dataTypes": [{"type": "REAL", "count": 84, "max_value": 57.1, "min_value": 1.0, "mean": 27.326190476190476, "stddev": 17.54653078618066}]}]}