{"dataset_name": "/user/hm74/NYCOpenData/2v2r-tx9r.tsv.gz", "columns": [{"column_name": "Month", "number_non_empty_cells": 236, "number_empty_cells": 0, "number_distinct_values": 4, "frequent_values": ["06/01/2019", "03/01/2019", "09/01/2018", "12/01/2018"], "dataTypes": [{"type": "DATE/TIME", "count": 236, "max_value": "2019-06-01T00:00:00", "min_value": "2018-09-01T00:00:00"}]}, {"column_name": "Boro", "number_non_empty_cells": 236, "number_empty_cells": 0, "number_distinct_values": 5, "frequent_values": ["BROOKLYN", "QUEENS", "BRONX", "MANHATTAN", "STATEN ISLAND"], "dataTypes": [{"type": "TEXT", "count": 236, "shortest_values": [["BRONX", 5], ["BRONX", 5], ["BRONX", 5], ["BRONX", 5], ["BRONX", 5]], "longest_values": [["STATEN ISLAND", 13], ["STATEN ISLAND", 13], ["STATEN ISLAND", 13], ["STATEN ISLAND", 13], ["STATEN ISLAND", 13]], "average_length": 7.372881355932203}]}, {"column_name": "CD", "number_non_empty_cells": 236, "number_empty_cells": 0, "number_distinct_values": 59, "frequent_values": ["K18", "B05", "Q14", "B01", "K03"], "dataTypes": [{"type": "DATE/TIME", "count": 48, "max_value": "2019-12-06T00:00:12", "min_value": "2019-12-06T00:00:01"}, {"type": "TEXT", "count": 188, "shortest_values": [["K01", 3], ["K02", 3], ["K03", 3], ["K04", 3], ["K05", 3]], "longest_values": [["K01", 3], ["K02", 3], ["K03", 3], ["K04", 3], ["K05", 3]], "average_length": 3.0}]}, {"column_name": "BC_MA_Only_Enrollees", "number_non_empty_cells": 236, "number_empty_cells": 0, "number_distinct_values": 235, "frequent_values": [11194, 27657, 17837, 13465, 18825], "dataTypes": [{"type": "INTEGER (LONG)", "count": 236, "max_value": 47004, "min_value": 1491, "mean": 15432.3813559322, "stddev": 8390.612068762679}]}, {"column_name": "BC_Total_MA_Enrollees", "number_non_empty_cells": 236, "number_empty_cells": 0, "number_distinct_values": 236, "frequent_values": [19530, 38422, 31031, 31380, 21761], "dataTypes": [{"type": "INTEGER (LONG)", "count": 236, "max_value": 63581, "min_value": 2925, "mean": 27787.894067796613, "stddev": 13412.031179408375}]}]}