{"dataset_name": "/user/hm74/NYCOpenData/2v9c-2k7f.tsv.gz", "columns": [{"column_name": "Base_License_Number", "number_non_empty_cells": 26499, "number_empty_cells": 0, "number_distinct_values": 912, "frequent_values": ["UBER", "B02067", "B00248", "B00225", "B00381"], "dataTypes": [{"type": "TEXT", "count": "26499", "shortest_values": [["VIA", 3], ["VIA", 3], ["VIA", 3], ["VIA", 3], ["VIA", 3]], "longest_values": [["B01436", 6], ["B02173", 6], ["B02817", 6], ["B00255", 6], ["B01768", 6]], "average_length": "5.9829427525567"}]}, {"column_name": "Base_Name", "number_non_empty_cells": 26499, "number_empty_cells": 0, "number_distinct_values": 838, "frequent_values": ["NORTHSIDE BK LLC", "SEAGULL RIDE CORP", "TREMONT DISPATCHING CORP", "A & S LIMOUSINE SERVICE CORP", "UBER"], "dataTypes": [{"type": "TEXT", "count": "26499", "shortest_values": [["VIA", 3], ["VIA", 3], ["VIA", 3], ["VIA", 3], ["VIA", 3]], "longest_values": [["49 WESTCHESTER SQUARE PRESTIGE CAR SERVICE, CORP.", 49], ["49 WESTCHESTER SQUARE PRESTIGE CAR SERVICE, CORP.", 49], ["COMMONWEALTH WORLDWIDE CHAUFFEURED TRANSP. OF NY,", 49], ["COMMONWEALTH WORLDWIDE CHAUFFEURED TRANSP. OF NY,", 49], ["49 WESTCHESTER SQUARE PRESTIGE CAR SERVICE, CORP.", 49]], "average_length": "23.960338125967017"}]}, {"column_name": "DBA", "number_non_empty_cells": 5489, "number_empty_cells": 21010, "number_distinct_values": 154, "frequent_values": ["FOUR ONES CAR SERVICE", "ELEGANTE", "YES CAR SERVICE", "UBER", "BLUE LINE"], "dataTypes": [{"type": "TEXT", "count": "5489", "shortest_values": [["VIA", 3], ["GTS", 3], ["VIA", 3], ["VIA", 3], ["GTS", 3]], "longest_values": [["FLYTE TYME WORLDWIDE/ADDISON LEE/TRISTAR", 40], ["FLYTE TYME WORLDWIDE/ADDISON LEE/TRISTAR", 40], ["FLYTE TYME WORLDWIDE/ADDISON LEE/TRISTAR", 40], ["FLYTE TYME WORLDWIDE/ADDISON LEE/TRISTAR", 40], ["FLYTE TYME WORLDWIDE/ADDISON LEE/TRISTAR", 40]], "average_length": "18.214975405356167"}]}, {"column_name": "Year", "number_non_empty_cells": 26499, "number_empty_cells": 0, "number_distinct_values": 5, "frequent_values": [2018, 2017, 2016, 2019, 2015], "dataTypes": [{"type": "INTEGER (LONG)", "count": ["26499"], "mean": ["2017.1090229819993"], "stddev": ["1.2187993403449207"], "min_value": ["2015"], "max_value": ["2019"]}]}, {"column_name": "Month", "number_non_empty_cells": 26499, "number_empty_cells": 0, "number_distinct_values": 12, "frequent_values": [6, 5, 4, 7, 1], "dataTypes": [{"type": "INTEGER (LONG)", "count": ["26499"], "mean": ["6.369787539152421"], "stddev": ["3.412013932938457"], "min_value": ["1"], "max_value": ["12"]}]}, {"column_name": "Month_Name", "number_non_empty_cells": 26499, "number_empty_cells": 0, "number_distinct_values": 12, "frequent_values": ["June", "May", "April", "July", "January"], "dataTypes": [{"type": "DATE/TIME", "count": 26499, "min_value": "2019-12-09T00:00:00", "max_value": "2019-01-09T00:00:00"}]}, {"column_name": "Total_Dispatched_Trips", "number_non_empty_cells": 26499, "number_empty_cells": 0, "number_distinct_values": 10263, "frequent_values": [1, 25, 3, 22, 23], "dataTypes": [{"type": "INTEGER (LONG)", "count": ["26499"], "mean": ["30395.81195516812"], "stddev": ["470744.15233293944"], "min_value": ["1"], "max_value": ["17247995"]}]}, {"column_name": "Total_Dispatched_Shared_Trips", "number_non_empty_cells": 26499, "number_empty_cells": 0, "number_distinct_values": 164, "frequent_values": [0, 12, 6, 4, 27], "dataTypes": [{"type": "INTEGER (LONG)", "count": ["26499"], "mean": ["4005.975357560663"], "stddev": ["96311.30429721253"], "min_value": ["0"], "max_value": ["4110424"]}]}, {"column_name": "Unique_Dispatched_Vehicles", "number_non_empty_cells": 26499, "number_empty_cells": 0, "number_distinct_values": 726, "frequent_values": [6, 7, 10, 9, 8], "dataTypes": [{"type": "INTEGER (LONG)", "count": ["26499"], "mean": ["234.9414694894147"], "stddev": ["2933.558094104646"], "min_value": ["1"], "max_value": ["79178"]}]}]}