{"dataset_name": "/user/hm74/NYCOpenData/2vha-97jm.tsv.gz", "columns": [{"column_name": "District", "number_non_empty_cells": 4290, "number_empty_cells": 0, "number_distinct_values": 33, "frequent_values": [31, 28, 26, 27, 12], "dataTypes": [{"type": "INTEGER (LONG)", "count": 4290, "max_value": 75, "min_value": 1, "mean": 18.272727272727263, "stddev": 13.536197772555676}]}, {"column_name": "Grade_Level", "number_non_empty_cells": 4290, "number_empty_cells": 0, "number_distinct_values": 13, "frequent_values": ["7", "11", "3", "8", "0K"], "dataTypes": [{"type": "INTEGER (LONG)", "count": 3960, "max_value": 12, "min_value": 1, "mean": 6.499999999999999, "stddev": 3.452052529534667}, {"type": "TEXT", "count": 330, "shortest_values": [["0K", 2], ["0K", 2], ["0K", 2], ["0K", 2], ["0K", 2]], "longest_values": [["0K", 2], ["0K", 2], ["0K", 2], ["0K", 2], ["0K", 2]], "average_length": 2.0}]}, {"column_name": "Category", "number_non_empty_cells": 4290, "number_empty_cells": 0, "number_distinct_values": 10, "frequent_values": ["IEP", "ELL", "Female", "All Students", "Other"], "dataTypes": [{"type": "TEXT", "count": 4290, "shortest_values": [["IEP", 3], ["ELL", 3], ["IEP", 3], ["ELL", 3], ["IEP", 3]], "longest_values": [["All Students", 12], ["All Students", 12], ["All Students", 12], ["All Students", 12], ["All Students", 12]], "average_length": 5.600000000000018}]}, {"column_name": "Average_Frequency_", "number_non_empty_cells": 4290, "number_empty_cells": 0, "number_distinct_values": 220, "frequent_values": ["-", "2.91", "3.27", "3.21", "3.67"], "dataTypes": [{"type": "REAL", "count": 429, "max_value": 4.8, "min_value": 1.44, "mean": 3.087226107226108, "stddev": 0.7001298565326216}, {"type": "TEXT", "count": 3861, "shortest_values": [["-", 1], ["-", 1], ["-", 1], ["-", 1], ["-", 1]], "longest_values": [["-", 1], ["-", 1], ["-", 1], ["-", 1], ["-", 1]], "average_length": 1.0}]}, {"column_name": "Average_Minutes", "number_non_empty_cells": 4290, "number_empty_cells": 0, "number_distinct_values": 416, "frequent_values": ["-", "142.64", "116.81", "130.10", "107.53"], "dataTypes": [{"type": "REAL", "count": 429, "max_value": 226.71, "min_value": 81.04, "mean": 135.0673659673659, "stddev": 29.775397430252237}, {"type": "TEXT", "count": 3861, "shortest_values": [["-", 1], ["-", 1], ["-", 1], ["-", 1], ["-", 1]], "longest_values": [["-", 1], ["-", 1], ["-", 1], ["-", 1], ["-", 1]], "average_length": 1.0}]}, {"column_name": "#_of_students_who_are_receiving_the_required_amount_of_physical_education_instruction", "number_non_empty_cells": 4290, "number_empty_cells": 0, "number_distinct_values": 1385, "frequent_values": ["s", "10", "12", "24", "42"], "dataTypes": [{"type": "INTEGER (LONG)", "count": 3060, "max_value": 999, "min_value": 6, "mean": 329.82287581699387, "stddev": 265.2557219718143}, {"type": "DATE/TIME", "count": 648, "max_value": "2068-01-08T00:00:00", "min_value": "0100-01-08T00:00:00"}, {"type": "TEXT", "count": 582, "shortest_values": [["s", 1], ["s", 1], ["s", 1], ["s", 1], ["s", 1]], "longest_values": [["1,000", 5], ["1,000", 5], ["s", 1], ["s", 1], ["s", 1]], "average_length": 1.0137457044673552}]}, {"column_name": "%_of_students_who_are_receiving_the_required_amount_of_physical_education_instruction", "number_non_empty_cells": 4290, "number_empty_cells": 0, "number_distinct_values": 2755, "frequent_values": ["s", "50.00%", "66.67%", "60.00%", "88.89%"], "dataTypes": [{"type": "TEXT", "count": 4290, "shortest_values": [["s", 1], ["s", 1], ["s", 1], ["s", 1], ["s", 1]], "longest_values": [["34.85%", 6], ["45.86%", 6], ["38.39%", 6], ["35.58%", 6], ["21.28%", 6]], "average_length": 5.321445221445221}]}, {"column_name": "#_of_students_who_are_receiving_less_than_the_required_amount_of_physical_education_instruction", "number_non_empty_cells": 4290, "number_empty_cells": 0, "number_distinct_values": 802, "frequent_values": ["s", "6", "9", "15", "8"], "dataTypes": [{"type": "INTEGER (LONG)", "count": 3577, "max_value": 995, "min_value": 6, "mean": 190.61420184512133, "stddev": 196.1600445992033}, {"type": "DATE/TIME", "count": 133, "max_value": "2066-01-08T00:00:00", "min_value": "0100-01-08T00:00:00"}, {"type": "TEXT", "count": 580, "shortest_values": [["s", 1], ["s", 1], ["s", 1], ["s", 1], ["s", 1]], "longest_values": [["s", 1], ["s", 1], ["s", 1], ["s", 1], ["s", 1]], "average_length": 1.0}]}, {"column_name": "%_of_students_who_are_receiving_less_than_the_required_amount_of_physical_education_instruction", "number_non_empty_cells": 4290, "number_empty_cells": 0, "number_distinct_values": 2754, "frequent_values": ["s", "50.00%", "33.33%", "40.00%", "11.11%"], "dataTypes": [{"type": "TEXT", "count": 4290, "shortest_values": [["s", 1], ["s", 1], ["s", 1], ["s", 1], ["s", 1]], "longest_values": [["65.15%", 6], ["54.14%", 6], ["61.61%", 6], ["64.42%", 6], ["78.72%", 6]], "average_length": 5.219347319347318}]}, {"column_name": "#_of_students_who_have_an_IEP_that_recommends_adaptive_physical_education", "number_non_empty_cells": 4290, "number_empty_cells": 0, "number_distinct_values": 124, "frequent_values": ["s", "6", "7", "8", "9"], "dataTypes": [{"type": "INTEGER (LONG)", "count": 863, "max_value": 894, "min_value": 6, "mean": 42.694090382387024, "stddev": 98.60116203145088}, {"type": "DATE/TIME", "count": 2, "max_value": "0282-01-08T00:00:00", "min_value": "0282-01-08T00:00:00"}, {"type": "TEXT", "count": 3425, "shortest_values": [["s", 1], ["s", 1], ["s", 1], ["s", 1], ["s", 1]], "longest_values": [["s", 1], ["s", 1], ["s", 1], ["s", 1], ["s", 1]], "average_length": 1.0}]}, {"column_name": "%_of_students_who_have_an_IEP_that_recommends_adaptive_physical_education", "number_non_empty_cells": 4290, "number_empty_cells": 0, "number_distinct_values": 425, "frequent_values": ["s", "0.53%", "0.47%", "0.43%", "0.71%"], "dataTypes": [{"type": "TEXT", "count": 4290, "shortest_values": [["s", 1], ["s", 1], ["s", 1], ["s", 1], ["s", 1]], "longest_values": [["13.51%", 6], ["35.69%", 6], ["32.06%", 6], ["37.17%", 6], ["34.02%", 6]], "average_length": 1.8365967365967342}]}]}