{"dataset_name": "/user/hm74/NYCOpenData/2vk5-6yq6.tsv.gz", "columns": [{"column_name": "School Year", "number_non_empty_cells": 33, "number_empty_cells": 1, "number_distinct_values": 2, "frequent_values": ["2015-16", null], "dataTypes": [{"type": "TEXT", "count": 33, "shortest_values": [["2015-16", 7], ["2015-16", 7], ["2015-16", 7], ["2015-16", 7], ["2015-16", 7]], "longest_values": [["2015-16", 7], ["2015-16", 7], ["2015-16", 7], ["2015-16", 7], ["2015-16", 7]], "average_length": 7.0}]}, {"column_name": "Community School District", "number_non_empty_cells": 34, "number_empty_cells": 0, "number_distinct_values": 34, "frequent_values": ["7", "15", "11", "29", "3"], "dataTypes": [{"type": "INTEGER (LONG)", "count": 33, "max_value": 75, "min_value": 1, "mean": 18.272727272727273, "stddev": 13.536197772555669}, {"type": "TEXT", "count": 1, "shortest_values": [["Total:", 6]], "longest_values": [["Total:", 6]], "average_length": 6.0}]}, {"column_name": "# of students in grades 6-8", "number_non_empty_cells": 34, "number_empty_cells": 0, "number_distinct_values": 34, "frequent_values": [7340, 7879, 2758, 205605, 5442], "dataTypes": [{"type": "INTEGER (LONG)", "count": 34, "max_value": 205605, "min_value": 1251, "mean": 12094.411764705881, "stddev": 33829.42270387582}]}, {"column_name": "# of students in grades 6-8 who have completed at least one semester of health instruction", "number_non_empty_cells": 34, "number_empty_cells": 0, "number_distinct_values": 34, "frequent_values": [2443, 4799, 7613, 3445, 688], "dataTypes": [{"type": "INTEGER (LONG)", "count": 34, "max_value": 96233, "min_value": 449, "mean": 5660.764705882352, "stddev": 15893.55214259363}]}, {"column_name": "%", "number_non_empty_cells": 34, "number_empty_cells": 0, "number_distinct_values": 33, "frequent_values": [0.334, 0.416, 0.394, 0.329, 0.541], "dataTypes": [{"type": "REAL", "count": 34, "max_value": 0.687, "min_value": 0.246, "mean": 0.43864705882352945, "stddev": 0.12678093249495623}]}, {"column_name": "# of 8th graders", "number_non_empty_cells": 34, "number_empty_cells": 0, "number_distinct_values": 34, "frequent_values": [897, 1223, 2874, 1031, 1175], "dataTypes": [{"type": "INTEGER (LONG)", "count": 34, "max_value": 69364, "min_value": 487, "mean": 4080.235294117647, "stddev": 11410.131746568417}]}, {"column_name": "# of 8th graders who have completed at least one semester of health instruction", "number_non_empty_cells": 34, "number_empty_cells": 0, "number_distinct_values": 34, "frequent_values": [3089, 1489, 1974, 1276, 926], "dataTypes": [{"type": "INTEGER (LONG)", "count": 34, "max_value": 39747, "min_value": 224, "mean": 2338.0588235294117, "stddev": 6556.129520582815}]}]}