{"dataset_name": "/user/hm74/NYCOpenData/2vv4-3iny.tsv.gz", "columns": [{"column_name": "BORO", "number_non_empty_cells": 568, "number_empty_cells": 0, "number_distinct_values": 9, "frequent_values": ["X", "Q", "K", "M", "R"], "dataTypes": [{"type": "TEXT", "count": 568, "shortest_values": [["K", 1], ["K", 1], ["K", 1], ["K", 1], ["K", 1]], "longest_values": [["(0K-09* ONLY)\"", 14], ["(MS CORE and ", 13], ["(MS CORE and ", 13], ["SEATS FILLED\"", 13], ["09-12 ONLY)\"", 12]], "average_length": 1.1250000000000007}]}, {"column_name": "GRADE_LEVEL", "number_non_empty_cells": 566, "number_empty_cells": 2, "number_distinct_values": 18, "frequent_values": ["09-12", "MS Core", "0K-09", "01", "0K"], "dataTypes": [{"type": "INTEGER (LONG)", "count": 110, "max_value": 9, "min_value": 1, "mean": 4.290909090909089, "stddev": 2.3639160673665467}, {"type": "DATE/TIME", "count": 306, "max_value": "2019-09-12T00:00:00", "min_value": "2019-09-12T00:00:00"}, {"type": "TEXT", "count": 150, "shortest_values": [["0K", 2], ["0K", 2], ["0K", 2], ["0K", 2], ["0K", 2]], "longest_values": [["NUMBER OF STUDENTS / ", 21], ["NUMBER OF SECTIONS", 18], ["SERVICE CATEGORY", 16], ["CORE COURSE ", 12], ["MS Core", 7]], "average_length": 6.4799999999999995}]}, {"column_name": "PROGRAM_TYPE", "number_non_empty_cells": 563, "number_empty_cells": 5, "number_distinct_values": 7, "frequent_values": ["GEN ED", "CTT", "SPEC ED", "G&T", "AVERAGE CLASS SIZE"], "dataTypes": [{"type": "TEXT", "count": 563, "shortest_values": [["CTT", 3], ["G&T", 3], ["CTT", 3], ["G&T", 3], ["CTT", 3]], "longest_values": [["AVERAGE CLASS SIZE", 18], ["SPEC ED", 7], ["SPEC ED", 7], ["SPEC ED", 7], ["SPEC ED", 7]], "average_length": 5.1065719360568425}]}, {"column_name": "CORE_SUBJECT_", "number_non_empty_cells": 562, "number_empty_cells": 6, "number_distinct_values": 6, "frequent_values": ["-", "English/ESL", "Social Studies", "Science", "Mathematics"], "dataTypes": [{"type": "TEXT", "count": 562, "shortest_values": [["-", 1], ["-", 1], ["-", 1], ["-", 1], ["-", 1]], "longest_values": [["Social Studies", 14], ["Social Studies", 14], ["Social Studies", 14], ["Social Studies", 14], ["Social Studies", 14]], "average_length": 8.307829181494668}]}]}