{"dataset_name": "/user/hm74/NYCOpenData/2x8v-d8nh.tsv.gz", "columns": [{"column_name": "DBN", "number_non_empty_cells": 1743, "number_empty_cells": 0, "number_distinct_values": 1743, "frequent_values": ["02M042", "02M529", "08X093", "01M064", "01M539"], "dataTypes": [{"type": "DATE/TIME", "count": 34, "max_value": "2019-12-07T00:06:52", "min_value": "2019-12-07T00:01:15"}, {"type": "TEXT", "count": 1709, "shortest_values": [["01M063", 6], ["01M064", 6], ["01M110", 6], ["01M134", 6], ["01M137", 6]], "longest_values": [["CITYWIDE", 8], ["01M063", 6], ["01M064", 6], ["01M110", 6], ["01M134", 6]], "average_length": 6.001170275014628}]}, {"column_name": "LOCATION_NAME", "number_non_empty_cells": 1743, "number_empty_cells": 0, "number_distinct_values": 1706, "frequent_values": ["Home Schooling", "P.S. 253", "P.S. 360", "P.S. 212", "P.S. 185 Walter Kassenbrock"], "dataTypes": [{"type": "TEXT", "count": 1743, "shortest_values": [["LYFE", 4], ["Kappa", 5], ["P.S. 89", 7], ["Muscota", 7], ["P.S. 66", 7]], "longest_values": [["Collaborative Academy of Science, Technology, & La", 50], ["New Explorations into Science, Technology and Math", 50], ["47 The American Sign Language and English Secondar", 50], ["The Urban Assembly School for Emergency Management", 50], ["Stephen T. Mather Building Arts & Craftsmanship Hi", 50]], "average_length": 27.674125071715434}]}, {"column_name": "LOCATION_CATEGORY", "number_non_empty_cells": 1743, "number_empty_cells": 0, "number_distinct_values": 11, "frequent_values": ["Elementary", "High school", "Junior High-Intermediate-Middle", "K-8", "Secondary School"], "dataTypes": [{"type": "TEXT", "count": 1743, "shortest_values": [["K-8", 3], ["K-8", 3], ["K-8", 3], ["K-8", 3], ["K-8", 3]], "longest_values": [["This column intentionally left blank", 36], ["Junior High-Intermediate-Middle", 31], ["Junior High-Intermediate-Middle", 31], ["Junior High-Intermediate-Middle", 31], ["Junior High-Intermediate-Middle", 31]], "average_length": 13.70223752151464}]}, {"column_name": "ADMINISTRATIVE_DISTRICT", "number_non_empty_cells": 1743, "number_empty_cells": 0, "number_distinct_values": 36, "frequent_values": ["02", "10", "31", "09", "75"], "dataTypes": [{"type": "INTEGER (LONG)", "count": 1742, "max_value": 97, "min_value": 1, "mean": 18.698622273249136, "stddev": 15.635206685981167}, {"type": "TEXT", "count": 1, "shortest_values": [["This column intentionally left blank", 36]], "longest_values": [["This column intentionally left blank", 36]], "average_length": 36.0}]}, {"column_name": "American_Indian/Alaskan_Native_REMOVALS", "number_non_empty_cells": 1743, "number_empty_cells": 0, "number_distinct_values": 3, "frequent_values": ["*", "9", "115"], "dataTypes": [{"type": "INTEGER (LONG)", "count": 3, "max_value": 115, "min_value": 9, "mean": 44.333333333333336, "stddev": 49.968879203849355}, {"type": "TEXT", "count": 1740, "shortest_values": [["*", 1], ["*", 1], ["*", 1], ["*", 1], ["*", 1]], "longest_values": [["*", 1], ["*", 1], ["*", 1], ["*", 1], ["*", 1]], "average_length": 1.0}]}, {"column_name": "American_Indian/Alaskan_Native_PRINCIPAL", "number_non_empty_cells": 1743, "number_empty_cells": 0, "number_distinct_values": 3, "frequent_values": ["*", "6", "189"], "dataTypes": [{"type": "INTEGER (LONG)", "count": 3, "max_value": 189, "min_value": 6, "mean": 67.0, "stddev": 86.2670273047588}, {"type": "TEXT", "count": 1740, "shortest_values": [["*", 1], ["*", 1], ["*", 1], ["*", 1], ["*", 1]], "longest_values": [["*", 1], ["*", 1], ["*", 1], ["*", 1], ["*", 1]], "average_length": 1.0}]}, {"column_name": "American_Indian/Alaskan_Native_SUPERINTENDENT", "number_non_empty_cells": 1743, "number_empty_cells": 0, "number_distinct_values": 2, "frequent_values": ["*", "100"], "dataTypes": [{"type": "INTEGER (LONG)", "count": 1, "max_value": 100, "min_value": 100, "mean": 100.0, "stddev": 0.0}, {"type": "TEXT", "count": 1742, "shortest_values": [["*", 1], ["*", 1], ["*", 1], ["*", 1], ["*", 1]], "longest_values": [["*", 1], ["*", 1], ["*", 1], ["*", 1], ["*", 1]], "average_length": 1.0}]}, {"column_name": "American_Indian/Alaskan_Native_EXPULSIONS", "number_non_empty_cells": 1743, "number_empty_cells": 0, "number_distinct_values": 1, "frequent_values": ["*"], "dataTypes": [{"type": "TEXT", "count": 1743, "shortest_values": [["*", 1], ["*", 1], ["*", 1], ["*", 1], ["*", 1]], "longest_values": [["*", 1], ["*", 1], ["*", 1], ["*", 1], ["*", 1]], "average_length": 1.0}]}, {"column_name": "Asian_REMOVALS", "number_non_empty_cells": 1743, "number_empty_cells": 0, "number_distinct_values": 12, "frequent_values": ["*", "7", "6", "8", "12"], "dataTypes": [{"type": "INTEGER (LONG)", "count": 21, "max_value": 488, "min_value": 6, "mean": 34.476190476190474, "stddev": 101.68982673639485}, {"type": "TEXT", "count": 1722, "shortest_values": [["*", 1], ["*", 1], ["*", 1], ["*", 1], ["*", 1]], "longest_values": [["*", 1], ["*", 1], ["*", 1], ["*", 1], ["*", 1]], "average_length": 1.0}]}, {"column_name": "Asian_PRINCIPAL", "number_non_empty_cells": 1743, "number_empty_cells": 0, "number_distinct_values": 21, "frequent_values": ["*", "6", "7", "9", "23"], "dataTypes": [{"type": "INTEGER (LONG)", "count": 51, "max_value": 1197, "min_value": 6, "mean": 36.92156862745098, "stddev": 164.3168678626941}, {"type": "TEXT", "count": 1692, "shortest_values": [["*", 1], ["*", 1], ["*", 1], ["*", 1], ["*", 1]], "longest_values": [["*", 1], ["*", 1], ["*", 1], ["*", 1], ["*", 1]], "average_length": 1.0}]}, {"column_name": "Asian_SUPERINTENDENT", "number_non_empty_cells": 1743, "number_empty_cells": 0, "number_distinct_values": 8, "frequent_values": ["*", "6", "7", "8", "334"], "dataTypes": [{"type": "INTEGER (LONG)", "count": 14, "max_value": 334, "min_value": 6, "mean": 31.285714285714285, "stddev": 83.9884588767397}, {"type": "TEXT", "count": 1729, "shortest_values": [["*", 1], ["*", 1], ["*", 1], ["*", 1], ["*", 1]], "longest_values": [["*", 1], ["*", 1], ["*", 1], ["*", 1], ["*", 1]], "average_length": 1.0}]}, {"column_name": "Asian_EXPULSIONS", "number_non_empty_cells": 1743, "number_empty_cells": 0, "number_distinct_values": 1, "frequent_values": ["*"], "dataTypes": [{"type": "TEXT", "count": 1743, "shortest_values": [["*", 1], ["*", 1], ["*", 1], ["*", 1], ["*", 1]], "longest_values": [["*", 1], ["*", 1], ["*", 1], ["*", 1], ["*", 1]], "average_length": 1.0}]}, {"column_name": "Black_REMOVALS", "number_non_empty_cells": 1743, "number_empty_cells": 0, "number_distinct_values": 49, "frequent_values": ["*", "6", "7", "11", "9"], "dataTypes": [{"type": "INTEGER (LONG)", "count": 265, "max_value": 5852, "min_value": 6, "mean": 40.177358490566036, "stddev": 358.10236053318266}, {"type": "TEXT", "count": 1478, "shortest_values": [["*", 1], ["*", 1], ["*", 1], ["*", 1], ["*", 1]], "longest_values": [["*", 1], ["*", 1], ["*", 1], ["*", 1], ["*", 1]], "average_length": 1.0}]}, {"column_name": "Black_PRINCIPAL", "number_non_empty_cells": 1743, "number_empty_cells": 0, "number_distinct_values": 83, "frequent_values": ["*", "6", "7", "8", "9"], "dataTypes": [{"type": "INTEGER (LONG)", "count": 502, "max_value": 12948, "min_value": 6, "mean": 48.778884462151396, "stddev": 576.7090389873837}, {"type": "TEXT", "count": 1241, "shortest_values": [["*", 1], ["*", 1], ["*", 1], ["*", 1], ["*", 1]], "longest_values": [["*", 1], ["*", 1], ["*", 1], ["*", 1], ["*", 1]], "average_length": 1.0}]}, {"column_name": "Black_SUPERINTENDENT", "number_non_empty_cells": 1743, "number_empty_cells": 0, "number_distinct_values": 35, "frequent_values": ["*", "8", "6", "12", "9"], "dataTypes": [{"type": "INTEGER (LONG)", "count": 327, "max_value": 5730, "min_value": 6, "mean": 30.77064220183486, "stddev": 315.7432171865007}, {"type": "TEXT", "count": 1416, "shortest_values": [["*", 1], ["*", 1], ["*", 1], ["*", 1], ["*", 1]], "longest_values": [["*", 1], ["*", 1], ["*", 1], ["*", 1], ["*", 1]], "average_length": 1.0}]}, {"column_name": "Black_EXPULSIONS", "number_non_empty_cells": 1743, "number_empty_cells": 0, "number_distinct_values": 1, "frequent_values": ["*"], "dataTypes": [{"type": "TEXT", "count": 1743, "shortest_values": [["*", 1], ["*", 1], ["*", 1], ["*", 1], ["*", 1]], "longest_values": [["*", 1], ["*", 1], ["*", 1], ["*", 1], ["*", 1]], "average_length": 1.0}]}, {"column_name": "Hispanic_REMOVALS", "number_non_empty_cells": 1743, "number_empty_cells": 0, "number_distinct_values": 41, "frequent_values": ["*", "6", "7", "10", "8"], "dataTypes": [{"type": "INTEGER (LONG)", "count": 207, "max_value": 4353, "min_value": 6, "mean": 36.855072463768124, "stddev": 301.0893880157841}, {"type": "TEXT", "count": 1536, "shortest_values": [["*", 1], ["*", 1], ["*", 1], ["*", 1], ["*", 1]], "longest_values": [["*", 1], ["*", 1], ["*", 1], ["*", 1], ["*", 1]], "average_length": 1.0}]}, {"column_name": "Hispanic_PRINCIPAL", "number_non_empty_cells": 1743, "number_empty_cells": 0, "number_distinct_values": 65, "frequent_values": ["*", "6", "7", "9", "8"], "dataTypes": [{"type": "INTEGER (LONG)", "count": 405, "max_value": 10144, "min_value": 6, "mean": 46.37037037037035, "stddev": 502.78811884870385}, {"type": "TEXT", "count": 1338, "shortest_values": [["*", 1], ["*", 1], ["*", 1], ["*", 1], ["*", 1]], "longest_values": [["*", 1], ["*", 1], ["*", 1], ["*", 1], ["*", 1]], "average_length": 1.0}]}, {"column_name": "Hispanic_SUPERINTENDENT", "number_non_empty_cells": 1743, "number_empty_cells": 0, "number_distinct_values": 29, "frequent_values": ["*", "6", "7", "8", "10"], "dataTypes": [{"type": "INTEGER (LONG)", "count": 204, "max_value": 3725, "min_value": 6, "mean": 29.637254901960773, "stddev": 259.4545103207839}, {"type": "TEXT", "count": 1539, "shortest_values": [["*", 1], ["*", 1], ["*", 1], ["*", 1], ["*", 1]], "longest_values": [["*", 1], ["*", 1], ["*", 1], ["*", 1], ["*", 1]], "average_length": 1.0}]}, {"column_name": "Hispanic_EXPULSIONS", "number_non_empty_cells": 1743, "number_empty_cells": 0, "number_distinct_values": 1, "frequent_values": ["*"], "dataTypes": [{"type": "TEXT", "count": 1743, "shortest_values": [["*", 1], ["*", 1], ["*", 1], ["*", 1], ["*", 1]], "longest_values": [["*", 1], ["*", 1], ["*", 1], ["*", 1], ["*", 1]], "average_length": 1.0}]}, {"column_name": "White_REMOVALS", "number_non_empty_cells": 1743, "number_empty_cells": 0, "number_distinct_values": 20, "frequent_values": ["*", "6", "9", "8", "12"], "dataTypes": [{"type": "INTEGER (LONG)", "count": 52, "max_value": 1035, "min_value": 6, "mean": 31.692307692307693, "stddev": 140.78318552101237}, {"type": "TEXT", "count": 1691, "shortest_values": [["*", 1], ["*", 1], ["*", 1], ["*", 1], ["*", 1]], "longest_values": [["*", 1], ["*", 1], ["*", 1], ["*", 1], ["*", 1]], "average_length": 1.0}]}, {"column_name": "White_PRINCIPAL", "number_non_empty_cells": 1743, "number_empty_cells": 0, "number_distinct_values": 34, "frequent_values": ["*", "6", "7", "10", "9"], "dataTypes": [{"type": "INTEGER (LONG)", "count": 106, "max_value": 2442, "min_value": 6, "mean": 39.93396226415095, "stddev": 235.74487604699635}, {"type": "TEXT", "count": 1637, "shortest_values": [["*", 1], ["*", 1], ["*", 1], ["*", 1], ["*", 1]], "longest_values": [["*", 1], ["*", 1], ["*", 1], ["*", 1], ["*", 1]], "average_length": 1.0}]}, {"column_name": "White_SUPERINTENDENT", "number_non_empty_cells": 1743, "number_empty_cells": 0, "number_distinct_values": 9, "frequent_values": ["*", "6", "7", "9", "8"], "dataTypes": [{"type": "INTEGER (LONG)", "count": 16, "max_value": 565, "min_value": 6, "mean": 42.8125, "stddev": 134.85094491233644}, {"type": "TEXT", "count": 1727, "shortest_values": [["*", 1], ["*", 1], ["*", 1], ["*", 1], ["*", 1]], "longest_values": [["*", 1], ["*", 1], ["*", 1], ["*", 1], ["*", 1]], "average_length": 1.0}]}, {"column_name": "White_EXPULSIONS", "number_non_empty_cells": 1743, "number_empty_cells": 0, "number_distinct_values": 1, "frequent_values": ["*"], "dataTypes": [{"type": "TEXT", "count": 1743, "shortest_values": [["*", 1], ["*", 1], ["*", 1], ["*", 1], ["*", 1]], "longest_values": [["*", 1], ["*", 1], ["*", 1], ["*", 1], ["*", 1]], "average_length": 1.0}]}, {"column_name": "Multi-Racial_REMOVALS", "number_non_empty_cells": 1743, "number_empty_cells": 0, "number_distinct_values": 2, "frequent_values": ["*", "82"], "dataTypes": [{"type": "INTEGER (LONG)", "count": 1, "max_value": 82, "min_value": 82, "mean": 82.0, "stddev": 0.0}, {"type": "TEXT", "count": 1742, "shortest_values": [["*", 1], ["*", 1], ["*", 1], ["*", 1], ["*", 1]], "longest_values": [["*", 1], ["*", 1], ["*", 1], ["*", 1], ["*", 1]], "average_length": 1.0}]}, {"column_name": "Multi-Racial_PRINCIPAL", "number_non_empty_cells": 1743, "number_empty_cells": 0, "number_distinct_values": 3, "frequent_values": ["*", "6", "106"], "dataTypes": [{"type": "INTEGER (LONG)", "count": 3, "max_value": 106, "min_value": 6, "mean": 39.333333333333336, "stddev": 47.14045207910317}, {"type": "TEXT", "count": 1740, "shortest_values": [["*", 1], ["*", 1], ["*", 1], ["*", 1], ["*", 1]], "longest_values": [["*", 1], ["*", 1], ["*", 1], ["*", 1], ["*", 1]], "average_length": 1.0}]}, {"column_name": "Multi-Racial_SUPERINTENDENT", "number_non_empty_cells": 1743, "number_empty_cells": 0, "number_distinct_values": 3, "frequent_values": ["*", "7", "43"], "dataTypes": [{"type": "INTEGER (LONG)", "count": 2, "max_value": 43, "min_value": 7, "mean": 25.0, "stddev": 18.0}, {"type": "TEXT", "count": 1741, "shortest_values": [["*", 1], ["*", 1], ["*", 1], ["*", 1], ["*", 1]], "longest_values": [["*", 1], ["*", 1], ["*", 1], ["*", 1], ["*", 1]], "average_length": 1.0}]}, {"column_name": "Multi-Racial_EXPULSIONS", "number_non_empty_cells": 1743, "number_empty_cells": 0, "number_distinct_values": 1, "frequent_values": ["*"], "dataTypes": [{"type": "TEXT", "count": 1743, "shortest_values": [["*", 1], ["*", 1], ["*", 1], ["*", 1], ["*", 1]], "longest_values": [["*", 1], ["*", 1], ["*", 1], ["*", 1], ["*", 1]], "average_length": 1.0}]}, {"column_name": "Unknown_REMOVALS", "number_non_empty_cells": 1743, "number_empty_cells": 0, "number_distinct_values": 2, "frequent_values": ["*", "18"], "dataTypes": [{"type": "INTEGER (LONG)", "count": 1, "max_value": 18, "min_value": 18, "mean": 18.0, "stddev": 0.0}, {"type": "TEXT", "count": 1742, "shortest_values": [["*", 1], ["*", 1], ["*", 1], ["*", 1], ["*", 1]], "longest_values": [["*", 1], ["*", 1], ["*", 1], ["*", 1], ["*", 1]], "average_length": 1.0}]}, {"column_name": "Unknown_PRINCIPAL", "number_non_empty_cells": 1743, "number_empty_cells": 0, "number_distinct_values": 3, "frequent_values": ["*", "7", "96"], "dataTypes": [{"type": "INTEGER (LONG)", "count": 3, "max_value": 96, "min_value": 7, "mean": 36.66666666666667, "stddev": 41.95500235040182}, {"type": "TEXT", "count": 1740, "shortest_values": [["*", 1], ["*", 1], ["*", 1], ["*", 1], ["*", 1]], "longest_values": [["*", 1], ["*", 1], ["*", 1], ["*", 1], ["*", 1]], "average_length": 1.0}]}, {"column_name": "Unknown_SUPERINTENDENT", "number_non_empty_cells": 1743, "number_empty_cells": 0, "number_distinct_values": 2, "frequent_values": ["*", "28"], "dataTypes": [{"type": "INTEGER (LONG)", "count": 1, "max_value": 28, "min_value": 28, "mean": 28.0, "stddev": 0.0}, {"type": "TEXT", "count": 1742, "shortest_values": [["*", 1], ["*", 1], ["*", 1], ["*", 1], ["*", 1]], "longest_values": [["*", 1], ["*", 1], ["*", 1], ["*", 1], ["*", 1]], "average_length": 1.0}]}, {"column_name": "Unknown_EXPULSIONS", "number_non_empty_cells": 1743, "number_empty_cells": 0, "number_distinct_values": 1, "frequent_values": ["*"], "dataTypes": [{"type": "TEXT", "count": 1743, "shortest_values": [["*", 1], ["*", 1], ["*", 1], ["*", 1], ["*", 1]], "longest_values": [["*", 1], ["*", 1], ["*", 1], ["*", 1], ["*", 1]], "average_length": 1.0}]}]}