{"dataset_name": "/user/hm74/NYCOpenData/2xh6-psuq.tsv.gz", "columns": [{"column_name": "Project_Geographic_District_", "number_non_empty_cells": 10796, "number_empty_cells": 0, "number_distinct_values": 33, "frequent_values": [31, 2, 24, 10, 27], "dataTypes": [{"type": "INTEGER (LONG)", "count": ["10796"], "mean": ["18.012782512041497"], "stddev": ["9.493052167977911"], "min_value": ["1"], "max_value": ["55"]}]}, {"column_name": "Project_Building_Identifier", "number_non_empty_cells": 10796, "number_empty_cells": 0, "number_distinct_values": 1325, "frequent_values": ["M465", "K430", "K420", "X405", "Q465"], "dataTypes": [{"type": "DATE/TIME", "count": 290, "min_value": "2019-12-09T00:00:58", "max_value": "2019-12-09T00:00:01"}, {"type": "TEXT", "count": "10506", "shortest_values": [["VAR", 3], ["K001", 4], ["K001", 4], ["K001", 4], ["K001", 4]], "longest_values": [["K001", 4], ["K001", 4], ["K001", 4], ["K001", 4], ["K001", 4]], "average_length": "3.9999048162954502"}]}, {"column_name": "Project_School_Name", "number_non_empty_cells": 10796, "number_empty_cells": 0, "number_distinct_values": 1702, "frequent_values": ["BROOKLYN TECH HS - K", "P.S. 36 - QUEENS", "HS FOR HEALTH CAREER & SCIENCE", "HERBERT H. LEHMAN HS - X", "BAYSIDE HIGH SCHOOL - QUEENS"], "dataTypes": [{"type": "TEXT", "count": "10796", "shortest_values": [["LYFE", 4], ["LYFE", 4], ["LYFE", 4], ["LYFE", 4], ["P.S. 97", 7]], "longest_values": [["SUCCESS ACADEMY CHARTER SCHOOL", 30], ["SUCCESS ACADEMY CHARTER SCHOOL", 30], ["SUCCESS ACADEMY CHARTER SCHOOL", 30], ["SUCCESS ACADEMY CHARTER SCHOOL", 30], ["PUBLIC SCHOOL 9 THE SARAH SMIT", 30]], "average_length": "20.668488329010746"}]}, {"column_name": "Project_Type_", "number_non_empty_cells": 10796, "number_empty_cells": 0, "number_distinct_values": 20, "frequent_values": ["SCA CIP", "SCA CIP RESOA", "DIIT - RESOA", "SCA IEH", "DOE- RESOA"], "dataTypes": [{"type": "TEXT", "count": "10796", "shortest_values": [["3K", 2], ["3K", 2], ["3K", 2], ["3K", 2], ["3K", 2]], "longest_values": [["SCA Furniture & Equi", 20], ["SCA Furniture & Equi", 20], ["DOE - Skilled Trades", 20], ["DOE - Skilled Trades", 20], ["SCA Furniture & Equi", 20]], "average_length": "10.718692108188218"}]}, {"column_name": "Project_Description", "number_non_empty_cells": 10796, "number_empty_cells": 0, "number_distinct_values": 1398, "frequent_values": ["FY19 RESO A TECHNOLOGY", "ELECTRICAL WORK FOR A/C INITIATIVE", "FY16 RESO A TECHNOLOGY", "IP DIGITAL VIDEO SURVEILLANCE SYSTEM", "FY18 RESO A MOBILE SCIENCE LAB"], "dataTypes": [{"type": "TEXT", "count": "10796", "shortest_values": [["HVAC", 4], ["HVAC", 4], ["HVAC", 4], ["HVAC", 4], ["ROOF", 4]], "longest_values": [["PUBLIC ADDRESS SYSTEM/PROGRAM CLOCK SYSTEM REPLACE", 50], ["PUBLIC ADDRESS SYSTEM/PROGRAM CLOCK SYSTEM REPLACE", 50], ["PUBLIC ADDRESS SYSTEM/PROGRAM CLOCK SYSTEM REPLACE", 50], ["PUBLIC ADDRESS SYSTEM/PROGRAM CLOCK SYSTEM REPLACE", 50], ["IEH PO18-BASEMENT CORRDOR, 3 VESTIBULES & CORRIDOR", 50]], "average_length": "29.054279362726938"}]}, {"column_name": "Project_Phase_Name", "number_non_empty_cells": 10796, "number_empty_cells": 0, "number_distinct_values": 8, "frequent_values": ["Construction", "Purch & Install", "Design", "Scope", "CM, F&E"], "dataTypes": [{"type": "TEXT", "count": "10796", "shortest_values": [["CM", 2], ["CM", 2], ["CM", 2], ["CM", 2], ["CM", 2]], "longest_values": [["Purch & Install", 15], ["Purch & Install", 15], ["Purch & Install", 15], ["Purch & Install", 15], ["Purch & Install", 15]], "average_length": "9.573638384586884"}]}, {"column_name": "Project_Status_Name", "number_non_empty_cells": 10796, "number_empty_cells": 0, "number_distinct_values": 3, "frequent_values": ["PNS", "Complete", "In-Progress"], "dataTypes": [{"type": "TEXT", "count": "10796", "shortest_values": [["PNS", 3], ["PNS", 3], ["PNS", 3], ["PNS", 3], ["PNS", 3]], "longest_values": [["In-Progress", 11], ["In-Progress", 11], ["In-Progress", 11], ["In-Progress", 11], ["In-Progress", 11]], "average_length": "6.5117636161541315"}]}, {"column_name": "Project_Phase_Actual_Start_Date", "number_non_empty_cells": 10796, "number_empty_cells": 0, "number_distinct_values": 1098, "frequent_values": ["PNS", "06/24/2013", "07/16/2018", "FTK", "07/23/2018"], "dataTypes": [{"type": "DATE/TIME", "count": 5929, "min_value": "2019-04-25T00:00:00", "max_value": "2001-07-17T00:00:00"}, {"type": "TEXT", "count": "4867", "shortest_values": [["PNS", 3], ["PNS", 3], ["PNS", 3], ["PNS", 3], ["PNS", 3]], "longest_values": [["PNS", 3], ["PNS", 3], ["PNS", 3], ["PNS", 3], ["PNS", 3]], "average_length": "3.0"}]}, {"column_name": "Project_Phase_Planned_End_Date", "number_non_empty_cells": 10796, "number_empty_cells": 0, "number_distinct_values": 1198, "frequent_values": ["PNS", "IEH", "DOES", "DIIR", "FTK"], "dataTypes": [{"type": "DATE/TIME", "count": 4221, "min_value": "2022-09-03T00:00:00", "max_value": "2003-09-12T00:00:00"}, {"type": "TEXT", "count": "6575", "shortest_values": [["PNS", 3], ["PNS", 3], ["PNS", 3], ["PNS", 3], ["PNS", 3]], "longest_values": [["DIIR", 4], ["DOES", 4], ["DOES", 4], ["DOES", 4], ["DOES", 4]], "average_length": "3.161825095057034"}]}, {"column_name": "Project_Phase_Actual_End_Date", "number_non_empty_cells": 8040, "number_empty_cells": 2756, "number_distinct_values": 924, "frequent_values": ["PNS", "FTK", "05/18/2018", "02/20/2019", "10/03/2018"], "dataTypes": [{"type": "DATE/TIME", "count": 3173, "min_value": "2019-04-25T00:00:00", "max_value": "2003-09-12T00:00:00"}, {"type": "TEXT", "count": "4867", "shortest_values": [["PNS", 3], ["PNS", 3], ["PNS", 3], ["PNS", 3], ["PNS", 3]], "longest_values": [["PNS", 3], ["PNS", 3], ["PNS", 3], ["PNS", 3], ["PNS", 3]], "average_length": "3.0"}]}, {"column_name": "Project_Budget_Amount", "number_non_empty_cells": 10796, "number_empty_cells": 0, "number_distinct_values": 5542, "frequent_values": ["0", "IEH", "DOES", "100000", "35000"], "dataTypes": [{"type": "INTEGER (LONG)", "count": "9495", "mean": "1146990.6512901527", "stddev": "6386758.127074507", "min_value": "0", "max_value": "312841294"}, {"type": "TEXT", "count": "1301", "shortest_values": [["FTK", 3], ["IEH", 3], ["FTK", 3], ["FTK", 3], ["FTK", 3]], "longest_values": [["DOES", 4], ["DIIT", 4], ["DOES", 4], ["DOES", 4], ["DIIP", 4]], "average_length": "3.4488854727132976"}]}, {"column_name": "Final_Estimate_of_Actual_Costs_Through_End_of_Phase_Amount", "number_non_empty_cells": 10774, "number_empty_cells": 22, "number_distinct_values": 7623, "frequent_values": [0.0, 100000.0, 35000.0, 50000.0, 150000.0], "dataTypes": [{"type": "REAL", "count": ["10774"], "mean": ["971090.3205865973"], "stddev": ["5752495.547568937"], "min_value": ["0.0"], "max_value": ["3.12841294E8"]}]}, {"column_name": "Total_Phase_Actual_Spending_Amount", "number_non_empty_cells": 10796, "number_empty_cells": 0, "number_distinct_values": 6123, "frequent_values": [0.0, 150000.0, 49625.0, 31.0, 65186.0], "dataTypes": [{"type": "REAL", "count": ["10796"], "mean": ["250602.30965172287"], "stddev": ["1751616.3599926212"], "min_value": ["0.0"], "max_value": ["5.8054633E7"]}]}, {"column_name": "DSF_Number(s)", "number_non_empty_cells": 10796, "number_empty_cells": 0, "number_distinct_values": 5495, "frequent_values": ["DSF: 0000798178", "DSF: 0000798194", "DSF: 0000843904", "DSF: 0000798182", "DSF: 0000798189"], "dataTypes": [{"type": "TEXT", "count": "10796", "shortest_values": [["DSF:", 4], ["DSF: 0000823199", 15], ["DSF: 0000868414", 15], ["DSF: 0000823205", 15], ["DSF: 0000868414", 15]], "longest_values": [["DSF: 0000726448, 0000726449, 0000732118, 0000770705, 0000770707, 0000770710, 0000770711, 0000770715, 0000770718, 0000770719, 0000777261", 135], ["DSF: 0000726448, 0000726449, 0000732118, 0000770705, 0000770707, 0000770710, 0000770711, 0000770715, 0000770718, 0000770719, 0000777261", 135], ["DSF: 0000726448, 0000726449, 0000732118, 0000770705, 0000770707, 0000770710, 0000770711, 0000770715, 0000770718, 0000770719, 0000777261", 135], ["DSF: 0000726448, 0000726449, 0000732118, 0000770705, 0000770707, 0000770710, 0000770711, 0000770715, 0000770718, 0000770719, 0000777261", 135], ["DSF: 0000769303, 0000769305, 0000769310, 0000769311, 0000769320, 0000799911, 0000799912, 0000822123, 0000822124, 0000822125", 123]], "average_length": "18.877084105224156"}]}]}