{"dataset_name": "/user/hm74/NYCOpenData/2xir-kwzz.tsv.gz", "columns": [{"column_name": "Sample_ID", "number_non_empty_cells": 23258, "number_empty_cells": 0, "number_distinct_values": 23258, "frequent_values": ["NP1907080945-1.1", "CP1906170845-1.2", "NP1906100945-1.2", "NP1905200830-1.3", "MC1904241000-8.1"], "dataTypes": [{"type": "TEXT", "count": 23258, "shortest_values": [["DF051518", 8], ["081407GR", 8], ["082906KB", 8], ["082206BH", 8], ["081506EL", 8]], "longest_values": [["DF1807300720-1.1=3", 18], ["MMA1904300900-1.1", 17], ["ma18046040700-1.1", 17], ["MC1909051010-8.1", 16], ["MC1909050920-5.1", 16]], "average_length": 10.742368217387579}]}, {"column_name": "Sample_Date", "number_non_empty_cells": 23258, "number_empty_cells": 0, "number_distinct_values": 833, "frequent_values": ["08/30/2011", "07/02/2012", "07/02/2007", "08/31/2011", "06/06/2007"], "dataTypes": [{"type": "DATE/TIME", "count": 23258, "max_value": "2019-09-05T00:00:00", "min_value": "2005-05-02T00:00:00"}]}, {"column_name": "Beach_Name", "number_non_empty_cells": 23258, "number_empty_cells": 0, "number_distinct_values": 40, "frequent_values": ["DOUGLASTON HOMEOWNERS ASSOCIATION", "MORRIS YACHT AND BEACH CLUB", "KINGSBOROUGH COMMUNITY COLLEGE", "SOUTH BEACH", "DANISH AMERICAN BEACH CLUB"], "dataTypes": [{"type": "TEXT", "count": 23258, "shortest_values": [["CEDAR GROVE", 11], ["SOUTH BEACH", 11], ["SOUTH BEACH", 11], ["CEDAR GROVE", 11], ["CEDAR GROVE", 11]], "longest_values": [["BEECHHURST PROPERTY OWNERS ASSOCIATION", 38], ["BEECHHURST PROPERTY OWNERS ASSOCIATION", 38], ["BEECHHURST PROPERTY OWNERS ASSOCIATION", 38], ["BEECHHURST PROPERTY OWNERS ASSOCIATION", 38], ["BEECHHURST PROPERTY OWNERS ASSOCIATION", 38]], "average_length": 24.29843494711498}]}, {"column_name": "Sample_Location", "number_non_empty_cells": 23221, "number_empty_cells": 37, "number_distinct_values": 5, "frequent_values": ["Center", "Left", "Right", "Rigth", null], "dataTypes": [{"type": "TEXT", "count": 23221, "shortest_values": [["Left", 4], ["Left", 4], ["Left", 4], ["Left", 4], ["Left", 4]], "longest_values": [["Center", 6], ["Center", 6], ["Center", 6], ["Center", 6], ["Center", 6]], "average_length": 5.14021790620565}]}, {"column_name": "Enterococci_Results", "number_non_empty_cells": 15938, "number_empty_cells": 7320, "number_distinct_values": 177, "frequent_values": [4.0, 8.0, 12.0, 16.0, 20.0], "dataTypes": [{"type": "REAL", "count": 15938, "max_value": 15000.0, "min_value": 4.0, "mean": 78.86131258627144, "stddev": 371.8726825213239}]}, {"column_name": "Units_or_Notes", "number_non_empty_cells": 23258, "number_empty_cells": 0, "number_distinct_values": 2, "frequent_values": ["MPN/100 ml", "Result below detection limit"], "dataTypes": [{"type": "TEXT", "count": 23258, "shortest_values": [["MPN/100 ml", 10], ["MPN/100 ml", 10], ["MPN/100 ml", 10], ["MPN/100 ml", 10], ["MPN/100 ml", 10]], "longest_values": [["Result below detection limit", 28], ["Result below detection limit", 28], ["Result below detection limit", 28], ["Result below detection limit", 28], ["Result below detection limit", 28]], "average_length": 15.665147476137284}]}]}