{"dataset_name": "/user/hm74/NYCOpenData/2zbg-i8fx.tsv.gz", "columns": [{"column_name": "STATEN ISLAND \u2013 COOPERATIVES COMPARABLE PROPERTIES \u2013 Boro-Block-Lot", "number_non_empty_cells": 109, "number_empty_cells": 0, "number_distinct_values": 81, "frequent_values": ["(40.606674000105, -74.162401000006)\"", "(40.632816051624, -74.09666706987)\"", "(40.576986694649, -74.104670051676)\"", "(40.605386778303, -74.076177344182)\"", "(40.619125559454, -74.077146125129)\""], "dataTypes": [{"type": "TEXT", "count": 109, "shortest_values": [["5-03191-0061", 12], ["5-02833-0031", 12], ["5-02925-0479", 12], ["5-00593-0680", 12], ["5-03546-0031", 12]], "longest_values": [["(40.606674000105, -74.162401000006)\"", 36], ["(40.605386778303, -74.076177344182)\"", 36], ["(40.625670055825, -74.092243436945)\"", 36], ["(40.627058462671, -74.091181336061)\"", 36], ["(40.611177650284, -74.060606659565)\"", 36]], "average_length": 30.09174311926605}]}, {"column_name": "STATEN ISLAND \u2013 COOPERATIVES COMPARABLE PROPERTIES \u2013 Address", "number_non_empty_cells": 109, "number_empty_cells": 0, "number_distinct_values": 43, "frequent_values": ["5", "WEST NEW BRIGHTON", "ROSEBANK", "GRYMES HILL", "GRANT CITY"], "dataTypes": [{"type": "INTEGER (LONG)", "count": 26, "max_value": 5, "min_value": 5, "mean": 5.0, "stddev": 0.0}, {"type": "TEXT", "count": 83, "shortest_values": [["CONCORD", 7], ["OAKWOOD", 7], ["OAKWOOD", 7], ["OAKWOOD", 7], ["ROSEBANK", 8]], "longest_values": [["10 BAY STREET LANDING Staten Island, NY", 39], ["36 BAY STREET LANDING Staten Island, NY", 39], ["515 CASTLETON AVENUE Staten Island, NY", 38], ["545 CASTLETON AVENUE Staten Island, NY", 38], ["581 CASTLETON AVENUE Staten Island, NY", 38]], "average_length": 20.240963855421686}]}, {"column_name": "Borough", "number_non_empty_cells": 83, "number_empty_cells": 26, "number_distinct_values": 12, "frequent_values": ["C1-WALK-UP", "C9-WALK-UP", "D1-ELEVATOR", "10301", "10304"], "dataTypes": [{"type": "INTEGER (LONG)", "count": 26, "max_value": 10310, "min_value": 10301, "mean": 10303.153846153848, "stddev": 2.6557963848665684}, {"type": "TEXT", "count": 57, "shortest_values": [["C9-WALK-UP", 10], ["C1-WALK-UP", 10], ["C9-WALK-UP", 10], ["C9-WALK-UP", 10], ["C1-WALK-UP", 10]], "longest_values": [["D1-ELEVATOR", 11], ["D3-ELEVATOR", 11], ["D1-ELEVATOR", 11], ["D1-ELEVATOR", 11], ["D1-ELEVATOR", 11]], "average_length": 10.280701754385966}]}, {"column_name": "Postcode", "number_non_empty_cells": 83, "number_empty_cells": 26, "number_distinct_values": 51, "frequent_values": [16.0, 12.0, 70.0, 18.0, 36.0], "dataTypes": [{"type": "REAL", "count": 83, "max_value": 251.0, "min_value": 9.0, "mean": 54.34915643373493, "stddev": 55.32742453303071}]}, {"column_name": "Latitude", "number_non_empty_cells": 83, "number_empty_cells": 26, "number_distinct_values": 46, "frequent_values": [1931.0, 1951.0, 1974.0, 1933.0, 1950.0], "dataTypes": [{"type": "REAL", "count": 83, "max_value": 2002.0, "min_value": -74.157884, "mean": 1319.95781513253, "stddev": 941.6754924954441}]}, {"column_name": "Longitude", "number_non_empty_cells": 83, "number_empty_cells": 26, "number_distinct_values": 40, "frequent_values": ["1", "13386", "19400", "12300", "3"], "dataTypes": [{"type": "INTEGER (LONG)", "count": 76, "max_value": 242500, "min_value": 1, "mean": 36437.05263157893, "stddev": 58966.65417284022}, {"type": "DATE/TIME", "count": 3, "max_value": "0956-07-07T00:00:00", "min_value": "0100-09-07T00:00:00"}, {"type": "TEXT", "count": 4, "shortest_values": [["72,600", 6], ["98,700", 6], ["10,000", 6], ["36,671", 6]], "longest_values": [["72,600", 6], ["98,700", 6], ["10,000", 6], ["36,671", 6]], "average_length": 6.0}]}, {"column_name": "Community Board", "number_non_empty_cells": 83, "number_empty_cells": 26, "number_distinct_values": 40, "frequent_values": ["49", "136161", "311883", "51", "289307"], "dataTypes": [{"type": "INTEGER (LONG)", "count": 76, "max_value": 3299545, "min_value": 49, "mean": 508113.0921052631, "stddev": 858498.1128800364}, {"type": "DATE/TIME", "count": 7, "max_value": "0886-12-07T00:00:00", "min_value": "0126-12-07T00:00:00"}]}, {"column_name": "Council District ", "number_non_empty_cells": 83, "number_empty_cells": 26, "number_distinct_values": 48, "frequent_values": [67.0, 10.17, 14.33, 14.91, 10.48], "dataTypes": [{"type": "REAL", "count": 83, "max_value": 15601.0, "min_value": 3.0, "mean": 958.4907228915665, "stddev": 3313.056173190782}]}, {"column_name": "Census Tract", "number_non_empty_cells": 82, "number_empty_cells": 27, "number_distinct_values": 62, "frequent_values": ["68126", "153340", "966234", "161780", "326161"], "dataTypes": [{"type": "INTEGER (LONG)", "count": 75, "max_value": 5154648, "min_value": 16068, "mean": 1982532.3466666662, "stddev": 2229342.561116644}, {"type": "DATE/TIME", "count": 3, "max_value": "0608-12-07T00:00:00", "min_value": "0272-12-07T00:00:00"}, {"type": "TEXT", "count": 4, "shortest_values": [["67,905", 6], ["67,200", 6], ["87,503", 6], ["55,749", 6]], "longest_values": [["67,905", 6], ["67,200", 6], ["87,503", 6], ["55,749", 6]], "average_length": 6.0}]}, {"column_name": "BIN", "number_non_empty_cells": 82, "number_empty_cells": 27, "number_distinct_values": 57, "frequent_values": [5.09, 7.9, 6.71, 6.23, 7.64], "dataTypes": [{"type": "REAL", "count": 82, "max_value": 5052290007.0, "min_value": 1.98, "mean": 1529562743.7945125, "stddev": 2309610671.32172}]}, {"column_name": "BBL", "number_non_empty_cells": 83, "number_empty_cells": 26, "number_distinct_values": 44, "frequent_values": ["West New Brighton-New Brighton-St. George                                  ", "Grymes Hill-Clifton-Fox Hills                                              ", "New Brighton-Silver Lake                                                   ", "68035", "Old Town-Dongan Hills-South Beach                                          "], "dataTypes": [{"type": "INTEGER (LONG)", "count": 50, "max_value": 1461813, "min_value": 30597, "mean": 333217.9200000001, "stddev": 407653.2594348212}, {"type": "DATE/TIME", "count": 3, "max_value": "0879-12-07T00:00:00", "min_value": "0273-12-07T00:00:00"}, {"type": "TEXT", "count": 30, "shortest_values": [["65,338", 6], ["63,500", 6], ["77,235", 6], ["71,167", 6], ["Old Town-Dongan Hills-South Beach                                          ", 75]], "longest_values": [["Old Town-Dongan Hills-South Beach                                          ", 75], ["Stapleton-Rosebank                                                         ", 75], ["Grymes Hill-Clifton-Fox Hills                                              ", 75], ["Grymes Hill-Clifton-Fox Hills                                              ", 75], ["Old Town-Dongan Hills-South Beach                                          ", 75]], "average_length": 65.8}]}, {"column_name": "NTA", "number_non_empty_cells": 83, "number_empty_cells": 26, "number_distinct_values": 50, "frequent_values": ["WEST NEW BRIGHTON", "350000", "1668000", "1036000", "3754000"], "dataTypes": [{"type": "INTEGER (LONG)", "count": 50, "max_value": 10529000, "min_value": 344000, "mean": 2240099.9999999995, "stddev": 2835075.7538379813}, {"type": "DATE/TIME", "count": 7, "max_value": "0886-01-07T00:00:00", "min_value": "0300-03-07T00:00:00"}, {"type": "TEXT", "count": 26, "shortest_values": [["ROSEBANK", 8], ["GRANT CITY", 10], ["LIVINGSTON", 10], ["GRANT CITY", 10], ["GRYMES HILL", 11]], "longest_values": [["GREAT KILLS-BAY TERRACE", 23], ["NEW BRIGHTON-ST. GEORGE", 23], ["NEW BRIGHTON-ST. GEORGE", 23], ["NEW BRIGHTON-ST. GEORGE", 23], ["ARROCHAR-SHORE ACRES", 20]], "average_length": 14.92307692307692}]}, {"column_name": "STATEN ISLAND \u2013 COOPERATIVES COMPARABLE PROPERTIES \u2013 Neighborhood", "number_non_empty_cells": 83, "number_empty_cells": 26, "number_distinct_values": 37, "frequent_values": ["C6-WALK-UP", "D4-ELEVATOR", "26.15", "48.9", "56.1"], "dataTypes": [{"type": "INTEGER (LONG)", "count": 1, "max_value": 26, "min_value": 26, "mean": 26.0, "stddev": 0.0}, {"type": "REAL", "count": 56, "max_value": 60.94, "min_value": 25.21, "mean": 42.81821428571428, "stddev": 11.24152190178747}, {"type": "TEXT", "count": 26, "shortest_values": [["C6-WALK-UP", 10], ["C6-WALK-UP", 10], ["C6-WALK-UP", 10], ["C6-WALK-UP", 10], ["C6-WALK-UP", 10]], "longest_values": [["D4-ELEVATOR", 11], ["D4-ELEVATOR", 11], ["D4-ELEVATOR", 11], ["D4-ELEVATOR", 11], ["D4-ELEVATOR", 11]], "average_length": 10.346153846153847}]}, {"column_name": "STATEN ISLAND \u2013 COOPERATIVES COMPARABLE PROPERTIES \u2013 Building Classification", "number_non_empty_cells": 83, "number_empty_cells": 26, "number_distinct_values": 65, "frequent_values": [0.8, 0.2, 0.38, 128.0, 0.54], "dataTypes": [{"type": "REAL", "count": 83, "max_value": 178.0, "min_value": 0.0, "mean": 22.823493975903624, "stddev": 44.62331138673411}]}, {"column_name": "STATEN ISLAND \u2013 COOPERATIVES COMPARABLE PROPERTIES \u2013 Total Units", "number_non_empty_cells": 58, "number_empty_cells": 51, "number_distinct_values": 39, "frequent_values": ["1974", "1950", "5-02829-0094", "1969", "5-00236-0027"], "dataTypes": [{"type": "INTEGER (LONG)", "count": 26, "max_value": 2000, "min_value": 1947, "mean": 1968.9230769230767, "stddev": 14.999802760044458}, {"type": "TEXT", "count": 32, "shortest_values": [["5-00590-0001", 12], ["5-00589-0044", 12], ["5-02877-0025", 12], ["5-02894-0001", 12], ["5-02829-0094", 12]], "longest_values": [["5-00590-0001", 12], ["5-00589-0044", 12], ["5-02877-0025", 12], ["5-02894-0001", 12], ["5-02829-0094", 12]], "average_length": 12.0}]}, {"column_name": "STATEN ISLAND \u2013 COOPERATIVES COMPARABLE PROPERTIES \u2013 Year Built", "number_non_empty_cells": 54, "number_empty_cells": 55, "number_distinct_values": 46, "frequent_values": ["59 HYLAN BOULEVARD Staten Island, NY", "700 VICTORY BOULEVARD Staten Island, NY", "832 POST AVENUE Staten Island, NY", "81 MADA AVENUE Staten Island, NY", "22 HOWARD AVENUE Staten Island, NY"], "dataTypes": [{"type": "INTEGER (LONG)", "count": 26, "max_value": 171935, "min_value": 9810, "mean": 66146.61538461538, "stddev": 55034.43701138191}, {"type": "TEXT", "count": 31, "shortest_values": [["81 MADA AVENUE Staten Island, NY", 32], ["81 MADA AVENUE Staten Island, NY", 32], ["25 BAY TERRACE Staten Island, NY", 32], ["55 BOWEN STREET Staten Island, NY", 33], ["227 BUEL AVENUE Staten Island, NY", 33]], "longest_values": [["700 VICTORY BOULEVARD Staten Island, NY", 39], ["630 VICTORY BOULEVARD Staten Island, NY", 39], ["700 VICTORY BOULEVARD Staten Island, NY", 39], ["475 MORNINGSTAR ROAD Staten Island, NY", 38], ["1881 RAILROAD AVENU Staten Island, NY", 37]], "average_length": 35.35483870967742}]}, {"column_name": "STATEN ISLAND \u2013 COOPERATIVES COMPARABLE PROPERTIES \u2013 Gross SqFt", "number_non_empty_cells": 45, "number_empty_cells": 64, "number_distinct_values": 27, "frequent_values": [" ", "1395576", "223015", "307422", "1719172"], "dataTypes": [{"type": "INTEGER (LONG)", "count": 26, "max_value": 1719172, "min_value": 81637, "mean": 657058.6538461538, "stddev": 484044.62342186074}, {"type": "TEXT", "count": 19, "shortest_values": [[" ", 1], [" ", 1], [" ", 1], [" ", 1], [" ", 1]], "longest_values": [[" ", 1], [" ", 1], [" ", 1], [" ", 1], [" ", 1]], "average_length": 1.0}]}, {"column_name": "STATEN ISLAND \u2013 COOPERATIVES COMPARABLE PROPERTIES \u2013 Estimated Gross Income", "number_non_empty_cells": 45, "number_empty_cells": 64, "number_distinct_values": 23, "frequent_values": [" ", "14.06", "10.92", "6.06", "8.3"], "dataTypes": [{"type": "REAL", "count": 26, "max_value": 17.1, "min_value": 6.06, "mean": 11.21, "stddev": 2.925918659156471}, {"type": "TEXT", "count": 19, "shortest_values": [[" ", 1], [" ", 1], [" ", 1], [" ", 1], [" ", 1]], "longest_values": [[" ", 1], [" ", 1], [" ", 1], [" ", 1], [" ", 1]], "average_length": 1.0}]}, {"column_name": "STATEN ISLAND \u2013 COOPERATIVES COMPARABLE PROPERTIES \u2013 Gross Income per SqFt", "number_non_empty_cells": 43, "number_empty_cells": 66, "number_distinct_values": 27, "frequent_values": [" ", "752742", "410201", "92980", "153711"], "dataTypes": [{"type": "INTEGER (LONG)", "count": 26, "max_value": 1058847, "min_value": 30288, "mean": 322479.8846153847, "stddev": 265254.0220503193}, {"type": "TEXT", "count": 17, "shortest_values": [[" ", 1], [" ", 1], [" ", 1], [" ", 1], [" ", 1]], "longest_values": [[" ", 1], [" ", 1], [" ", 1], [" ", 1], [" ", 1]], "average_length": 1.0}]}, {"column_name": "STATEN ISLAND \u2013 COOPERATIVES COMPARABLE PROPERTIES \u2013 Estimated Expense", "number_non_empty_cells": 43, "number_empty_cells": 66, "number_distinct_values": 23, "frequent_values": [" ", "7.03", "5.89", "3.62", "2.5"], "dataTypes": [{"type": "REAL", "count": 26, "max_value": 9.56, "min_value": 1.42, "mean": 5.5188461538461535, "stddev": 2.026520942447305}, {"type": "TEXT", "count": 17, "shortest_values": [[" ", 1], [" ", 1], [" ", 1], [" ", 1], [" ", 1]], "longest_values": [[" ", 1], [" ", 1], [" ", 1], [" ", 1], [" ", 1]], "average_length": 1.0}]}, {"column_name": "STATEN ISLAND \u2013 COOPERATIVES COMPARABLE PROPERTIES \u2013 Expense per SqFt", "number_non_empty_cells": 43, "number_empty_cells": 66, "number_distinct_values": 27, "frequent_values": [" ", "642834", "153114", "153711", "131896"], "dataTypes": [{"type": "INTEGER (LONG)", "count": 26, "max_value": 835205, "min_value": 51349, "mean": 334578.7692307692, "stddev": 245682.82318113826}, {"type": "TEXT", "count": 17, "shortest_values": [[" ", 1], [" ", 1], [" ", 1], [" ", 1], [" ", 1]], "longest_values": [[" ", 1], [" ", 1], [" ", 1], [" ", 1], [" ", 1]], "average_length": 1.0}]}, {"column_name": "STATEN ISLAND \u2013 COOPERATIVES COMPARABLE PROPERTIES \u2013 Net Operating Income", "number_non_empty_cells": 43, "number_empty_cells": 66, "number_distinct_values": 27, "frequent_values": [" ", "3978000", "760000", "3906000", "202000"], "dataTypes": [{"type": "INTEGER (LONG)", "count": 26, "max_value": 4915000, "min_value": 202000, "mean": 1931076.923076923, "stddev": 1525102.16361641}, {"type": "TEXT", "count": 17, "shortest_values": [[" ", 1], [" ", 1], [" ", 1], [" ", 1], [" ", 1]], "longest_values": [[" ", 1], [" ", 1], [" ", 1], [" ", 1], [" ", 1]], "average_length": 1.0}]}, {"column_name": "STATEN ISLAND \u2013 COOPERATIVES COMPARABLE PROPERTIES \u2013 Full Market Value", "number_non_empty_cells": 43, "number_empty_cells": 66, "number_distinct_values": 25, "frequent_values": [" ", "31.13", "34.9", "37.82", "20.2"], "dataTypes": [{"type": "REAL", "count": 26, "max_value": 51.07, "min_value": 17.43, "mean": 30.97730769230769, "stddev": 7.911817625305494}, {"type": "TEXT", "count": 17, "shortest_values": [[" ", 1], [" ", 1], [" ", 1], [" ", 1], [" ", 1]], "longest_values": [[" ", 1], [" ", 1], [" ", 1], [" ", 1], [" ", 1]], "average_length": 1.0}]}, {"column_name": "STATEN ISLAND \u2013 COOPERATIVES COMPARABLE PROPERTIES \u2013 Market Value per SqFt", "number_non_empty_cells": 43, "number_empty_cells": 66, "number_distinct_values": 17, "frequent_values": [" ", "5-00128-0018", "5-02869-0001", "5-03034-0022", "5-03591-0008"], "dataTypes": [{"type": "TEXT", "count": 43, "shortest_values": [[" ", 1], [" ", 1], [" ", 1], [" ", 1], [" ", 1]], "longest_values": [["5-03034-0022", 12], ["5-02867-0266", 12], ["5-02869-0001", 12], ["5-00593-0590", 12], ["5-03343-0019", 12]], "average_length": 7.651162790697675}]}, {"column_name": "COMPARABLE RENTAL \u2013 1 \u2013 Boro-Block-Lot", "number_non_empty_cells": 43, "number_empty_cells": 66, "number_distinct_values": 17, "frequent_values": [" ", "177 SILVER LAKE ROAD Staten Island, NY", "30 PARK HILL COURT Staten Island, NY", "600 HYLAN BOULEVARD Staten Island, NY", "261 LINCOLN AVENUE Staten Island, NY"], "dataTypes": [{"type": "TEXT", "count": 43, "shortest_values": [[" ", 1], [" ", 1], [" ", 1], [" ", 1], [" ", 1]], "longest_values": [["937 VICTORY BOULEVARD Staten Island, NY", 39], ["177 SILVER LAKE ROAD Staten Island, NY", 38], ["177 SILVER LAKE ROAD Staten Island, NY", 38], ["177 SILVER LAKE ROAD Staten Island, NY", 38], ["177 SILVER LAKE ROAD Staten Island, NY", 38]], "average_length": 22.255813953488374}]}, {"column_name": "COMPARABLE RENTAL \u2013 1 \u2013 Address", "number_non_empty_cells": 17, "number_empty_cells": 92, "number_distinct_values": 2, "frequent_values": [" ", null], "dataTypes": [{"type": "TEXT", "count": 17, "shortest_values": [[" ", 1], [" ", 1], [" ", 1], [" ", 1], [" ", 1]], "longest_values": [[" ", 1], [" ", 1], [" ", 1], [" ", 1], [" ", 1]], "average_length": 1.0}]}, {"column_name": "COMPARABLE RENTAL \u2013 1 \u2013 Neighborhood", "number_non_empty_cells": 17, "number_empty_cells": 92, "number_distinct_values": 2, "frequent_values": [" ", null], "dataTypes": [{"type": "TEXT", "count": 17, "shortest_values": [[" ", 1], [" ", 1], [" ", 1], [" ", 1], [" ", 1]], "longest_values": [[" ", 1], [" ", 1], [" ", 1], [" ", 1], [" ", 1]], "average_length": 1.0}]}, {"column_name": "COMPARABLE RENTAL \u2013 1 \u2013 Building Classification", "number_non_empty_cells": 17, "number_empty_cells": 92, "number_distinct_values": 2, "frequent_values": [" ", null], "dataTypes": [{"type": "TEXT", "count": 17, "shortest_values": [[" ", 1], [" ", 1], [" ", 1], [" ", 1], [" ", 1]], "longest_values": [[" ", 1], [" ", 1], [" ", 1], [" ", 1], [" ", 1]], "average_length": 1.0}]}, {"column_name": "COMPARABLE RENTAL \u2013 1 \u2013 Total Units", "number_non_empty_cells": 17, "number_empty_cells": 92, "number_distinct_values": 2, "frequent_values": [" ", null], "dataTypes": [{"type": "TEXT", "count": 17, "shortest_values": [[" ", 1], [" ", 1], [" ", 1], [" ", 1], [" ", 1]], "longest_values": [[" ", 1], [" ", 1], [" ", 1], [" ", 1], [" ", 1]], "average_length": 1.0}]}, {"column_name": "COMPARABLE RENTAL \u2013 1 \u2013 Year Built", "number_non_empty_cells": 0, "number_empty_cells": 109, "number_distinct_values": 1, "frequent_values": [null], "dataTypes": []}, {"column_name": "COMPARABLE RENTAL \u2013 1 \u2013 Gross SqFt", "number_non_empty_cells": 0, "number_empty_cells": 109, "number_distinct_values": 1, "frequent_values": [null], "dataTypes": []}, {"column_name": "COMPARABLE RENTAL \u2013 1 \u2013 Estimated Gross Income", "number_non_empty_cells": 2, "number_empty_cells": 107, "number_distinct_values": 2, "frequent_values": [" ", null], "dataTypes": [{"type": "TEXT", "count": 2, "shortest_values": [[" ", 1], [" ", 1]], "longest_values": [[" ", 1], [" ", 1]], "average_length": 1.0}]}, {"column_name": "COMPARABLE RENTAL \u2013 1 \u2013 Gross Income per SqFt", "number_non_empty_cells": 2, "number_empty_cells": 107, "number_distinct_values": 2, "frequent_values": [" ", null], "dataTypes": [{"type": "TEXT", "count": 2, "shortest_values": [[" ", 1], [" ", 1]], "longest_values": [[" ", 1], [" ", 1]], "average_length": 1.0}]}, {"column_name": "COMPARABLE RENTAL \u2013 1 \u2013 Estimated Expense", "number_non_empty_cells": 2, "number_empty_cells": 107, "number_distinct_values": 2, "frequent_values": [" ", null], "dataTypes": [{"type": "TEXT", "count": 2, "shortest_values": [[" ", 1], [" ", 1]], "longest_values": [[" ", 1], [" ", 1]], "average_length": 1.0}]}, {"column_name": "COMPARABLE RENTAL \u2013 1 \u2013 Expense per SqFt", "number_non_empty_cells": 2, "number_empty_cells": 107, "number_distinct_values": 2, "frequent_values": [" ", null], "dataTypes": [{"type": "TEXT", "count": 2, "shortest_values": [[" ", 1], [" ", 1]], "longest_values": [[" ", 1], [" ", 1]], "average_length": 1.0}]}, {"column_name": "COMPARABLE RENTAL \u2013 1 \u2013 Net Operating Income", "number_non_empty_cells": 2, "number_empty_cells": 107, "number_distinct_values": 2, "frequent_values": [" ", null], "dataTypes": [{"type": "TEXT", "count": 2, "shortest_values": [[" ", 1], [" ", 1]], "longest_values": [[" ", 1], [" ", 1]], "average_length": 1.0}]}, {"column_name": "COMPARABLE RENTAL \u2013 1 \u2013 Full Market Value", "number_non_empty_cells": 2, "number_empty_cells": 107, "number_distinct_values": 2, "frequent_values": [" ", null], "dataTypes": [{"type": "TEXT", "count": 2, "shortest_values": [[" ", 1], [" ", 1]], "longest_values": [[" ", 1], [" ", 1]], "average_length": 1.0}]}, {"column_name": "COMPARABLE RENTAL \u2013 1 \u2013 Market Value per SqFt", "number_non_empty_cells": 2, "number_empty_cells": 107, "number_distinct_values": 2, "frequent_values": [" ", null], "dataTypes": [{"type": "TEXT", "count": 2, "shortest_values": [[" ", 1], [" ", 1]], "longest_values": [[" ", 1], [" ", 1]], "average_length": 1.0}]}, {"column_name": "COMPARABLE RENTAL \u2013 1 \u2013 Distance from Coop in miles", "number_non_empty_cells": 2, "number_empty_cells": 107, "number_distinct_values": 2, "frequent_values": [" ", null], "dataTypes": [{"type": "TEXT", "count": 2, "shortest_values": [[" ", 1], [" ", 1]], "longest_values": [[" ", 1], [" ", 1]], "average_length": 1.0}]}, {"column_name": "COMPARABLE RENTAL \u2013 2 \u2013 Boro-Block-Lot", "number_non_empty_cells": 2, "number_empty_cells": 107, "number_distinct_values": 2, "frequent_values": [" ", null], "dataTypes": [{"type": "TEXT", "count": 2, "shortest_values": [[" ", 1], [" ", 1]], "longest_values": [[" ", 1], [" ", 1]], "average_length": 1.0}]}, {"column_name": "COMPARABLE RENTAL \u2013 2 \u2013 Address", "number_non_empty_cells": 2, "number_empty_cells": 107, "number_distinct_values": 2, "frequent_values": [" ", null], "dataTypes": [{"type": "TEXT", "count": 2, "shortest_values": [[" ", 1], [" ", 1]], "longest_values": [[" ", 1], [" ", 1]], "average_length": 1.0}]}, {"column_name": "COMPARABLE RENTAL \u2013 2 \u2013 Neighborhood", "number_non_empty_cells": 2, "number_empty_cells": 107, "number_distinct_values": 2, "frequent_values": [" ", null], "dataTypes": [{"type": "TEXT", "count": 2, "shortest_values": [[" ", 1], [" ", 1]], "longest_values": [[" ", 1], [" ", 1]], "average_length": 1.0}]}, {"column_name": "COMPARABLE RENTAL \u2013 2 \u2013 Building Classification", "number_non_empty_cells": 2, "number_empty_cells": 107, "number_distinct_values": 2, "frequent_values": [" ", null], "dataTypes": [{"type": "TEXT", "count": 2, "shortest_values": [[" ", 1], [" ", 1]], "longest_values": [[" ", 1], [" ", 1]], "average_length": 1.0}]}, {"column_name": "COMPARABLE RENTAL \u2013 2 \u2013 Total Units", "number_non_empty_cells": 2, "number_empty_cells": 107, "number_distinct_values": 2, "frequent_values": [" ", null], "dataTypes": [{"type": "TEXT", "count": 2, "shortest_values": [[" ", 1], [" ", 1]], "longest_values": [[" ", 1], [" ", 1]], "average_length": 1.0}]}, {"column_name": "COMPARABLE RENTAL \u2013 2 \u2013 Year Built", "number_non_empty_cells": 0, "number_empty_cells": 109, "number_distinct_values": 1, "frequent_values": [null], "dataTypes": []}, {"column_name": "COMPARABLE RENTAL \u2013 2 \u2013 Gross SqFt", "number_non_empty_cells": 0, "number_empty_cells": 109, "number_distinct_values": 1, "frequent_values": [null], "dataTypes": []}, {"column_name": "COMPARABLE RENTAL \u2013 2 \u2013 Estimated Gross Income", "number_non_empty_cells": 0, "number_empty_cells": 109, "number_distinct_values": 1, "frequent_values": [null], "dataTypes": []}, {"column_name": "COMPARABLE RENTAL \u2013 2 \u2013 Gross Income per SqFt", "number_non_empty_cells": 0, "number_empty_cells": 109, "number_distinct_values": 1, "frequent_values": [null], "dataTypes": []}, {"column_name": "COMPARABLE RENTAL \u2013 2 \u2013 Estimated Expense", "number_non_empty_cells": 0, "number_empty_cells": 109, "number_distinct_values": 1, "frequent_values": [null], "dataTypes": []}, {"column_name": "COMPARABLE RENTAL \u2013 2 \u2013 Expense per SqFt", "number_non_empty_cells": 0, "number_empty_cells": 109, "number_distinct_values": 1, "frequent_values": [null], "dataTypes": []}, {"column_name": "COMPARABLE RENTAL \u2013 2 \u2013 Net Operating Income", "number_non_empty_cells": 0, "number_empty_cells": 109, "number_distinct_values": 1, "frequent_values": [null], "dataTypes": []}, {"column_name": "COMPARABLE RENTAL \u2013 2 \u2013 Full Market Value", "number_non_empty_cells": 0, "number_empty_cells": 109, "number_distinct_values": 1, "frequent_values": [null], "dataTypes": []}, {"column_name": "COMPARABLE RENTAL \u2013 2 \u2013 Market Value per SqFt", "number_non_empty_cells": 0, "number_empty_cells": 109, "number_distinct_values": 1, "frequent_values": [null], "dataTypes": []}, {"column_name": "COMPARABLE RENTAL \u2013 2 \u2013 Distance from Coop in miles", "number_non_empty_cells": 0, "number_empty_cells": 109, "number_distinct_values": 1, "frequent_values": [null], "dataTypes": []}, {"column_name": "COMPARABLE RENTAL \u2013 3 \u2013 Boro-Block-Lot", "number_non_empty_cells": 0, "number_empty_cells": 109, "number_distinct_values": 1, "frequent_values": [null], "dataTypes": []}, {"column_name": "COMPARABLE RENTAL \u2013 3 \u2013 Address", "number_non_empty_cells": 0, "number_empty_cells": 109, "number_distinct_values": 1, "frequent_values": [null], "dataTypes": []}, {"column_name": "COMPARABLE RENTAL \u2013 3 \u2013 Neighborhood", "number_non_empty_cells": 0, "number_empty_cells": 109, "number_distinct_values": 1, "frequent_values": [null], "dataTypes": []}, {"column_name": "COMPARABLE RENTAL \u2013 3 \u2013 Building Classification", "number_non_empty_cells": 0, "number_empty_cells": 109, "number_distinct_values": 1, "frequent_values": [null], "dataTypes": []}, {"column_name": "COMPARABLE RENTAL \u2013 3 \u2013 Total Units", "number_non_empty_cells": 0, "number_empty_cells": 109, "number_distinct_values": 1, "frequent_values": [null], "dataTypes": []}, {"column_name": "COMPARABLE RENTAL \u2013 3 \u2013 Year Built", "number_non_empty_cells": 0, "number_empty_cells": 109, "number_distinct_values": 1, "frequent_values": [null], "dataTypes": []}, {"column_name": "COMPARABLE RENTAL \u2013 3 \u2013 Gross SqFt", "number_non_empty_cells": 0, "number_empty_cells": 109, "number_distinct_values": 1, "frequent_values": [null], "dataTypes": []}, {"column_name": "COMPARABLE RENTAL \u2013 3 \u2013 Estimated Gross Income", "number_non_empty_cells": 0, "number_empty_cells": 109, "number_distinct_values": 1, "frequent_values": [null], "dataTypes": []}, {"column_name": "COMPARABLE RENTAL \u2013 3 \u2013 Gross Income per SqFt", "number_non_empty_cells": 0, "number_empty_cells": 109, "number_distinct_values": 1, "frequent_values": [null], "dataTypes": []}, {"column_name": "COMPARABLE RENTAL \u2013 3 \u2013 Estimated Expense", "number_non_empty_cells": 0, "number_empty_cells": 109, "number_distinct_values": 1, "frequent_values": [null], "dataTypes": []}, {"column_name": "COMPARABLE RENTAL \u2013 3 \u2013 Expense per SqFt", "number_non_empty_cells": 0, "number_empty_cells": 109, "number_distinct_values": 1, "frequent_values": [null], "dataTypes": []}, {"column_name": "COMPARABLE RENTAL \u2013 3 \u2013 Net Operating Income", "number_non_empty_cells": 0, "number_empty_cells": 109, "number_distinct_values": 1, "frequent_values": [null], "dataTypes": []}, {"column_name": "COMPARABLE RENTAL \u2013 3 \u2013 Full Market Value", "number_non_empty_cells": 0, "number_empty_cells": 109, "number_distinct_values": 1, "frequent_values": [null], "dataTypes": []}, {"column_name": "COMPARABLE RENTAL \u2013 3 \u2013 Market Value per SqFt", "number_non_empty_cells": 0, "number_empty_cells": 109, "number_distinct_values": 1, "frequent_values": [null], "dataTypes": []}, {"column_name": "COMPARABLE RENTAL \u2013 3 \u2013 Distance from Coop in miles", "number_non_empty_cells": 0, "number_empty_cells": 109, "number_distinct_values": 1, "frequent_values": [null], "dataTypes": []}]}