{"dataset_name": "/user/hm74/NYCOpenData/2zdm-jpub.tsv.gz", "columns": [{"column_name": "Grade Level", "number_non_empty_cells": 35, "number_empty_cells": 0, "number_distinct_values": 10, "frequent_values": ["K-8 SC", "5", "K", "3", "1"], "dataTypes": [{"type": "INTEGER (LONG)", "count": 26, "max_value": 8, "min_value": 1, "mean": 3.923076923076923, "stddev": 2.1289773081689303}, {"type": "TEXT", "count": 9, "shortest_values": [["K", 1], ["K", 1], ["K", 1], ["K", 1], ["K-8 SC", 6]], "longest_values": [["K-8 SC", 6], ["K-8 SC", 6], ["K-8 SC", 6], ["K-8 SC", 6], ["K-8 SC", 6]], "average_length": 3.7777777777777777}]}, {"column_name": "Program Type", "number_non_empty_cells": 35, "number_empty_cells": 0, "number_distinct_values": 9, "frequent_values": ["ICT", "Gen Ed", "ICT & G&T", "G&T", "SC 12:1"], "dataTypes": [{"type": "TEXT", "count": 35, "shortest_values": [["G&T", 3], ["ICT", 3], ["G&T", 3], ["ICT", 3], ["G&T", 3]], "longest_values": [["ICT & G&T", 9], ["ICT & G&T", 9], ["ICT & G&T", 9], ["ICT & G&T", 9], ["ICT & G&T", 9]], "average_length": 5.485714285714285}]}, {"column_name": "Number of Students", "number_non_empty_cells": 35, "number_empty_cells": 0, "number_distinct_values": 35, "frequent_values": [42733, 21224, 15829, 47, 45695], "dataTypes": [{"type": "INTEGER (LONG)", "count": 35, "max_value": 47915, "min_value": 18, "mean": 17735.457142857147, "stddev": 16907.579742897826}]}, {"column_name": "Number of Classes", "number_non_empty_cells": 35, "number_empty_cells": 0, "number_distinct_values": 32, "frequent_values": [4, 7, 737, 874, 1888], "dataTypes": [{"type": "INTEGER (LONG)", "count": 35, "max_value": 2545, "min_value": 1, "mean": 763.7714285714285, "stddev": 738.8526273201979}]}, {"column_name": "Average Class Size", "number_non_empty_cells": 35, "number_empty_cells": 0, "number_distinct_values": 31, "frequent_values": [25.0, 26.8, 25.5, 24.9, 29.0], "dataTypes": [{"type": "REAL", "count": 35, "max_value": 29.5, "min_value": 3.6, "mean": 23.351428571428578, "stddev": 6.88967639416588}]}]}