{"dataset_name": "/user/hm74/NYCOpenData/32cj-z7va.tsv.gz", "columns": [{"column_name": "ProviderType", "number_non_empty_cells": 324, "number_empty_cells": 0, "number_distinct_values": 1, "frequent_values": ["SOCIAL ADULT DAY CARE SERVICES"], "dataTypes": [{"type": "TEXT", "count": 324, "shortest_values": [["SOCIAL ADULT DAY CARE SERVICES", 30], ["SOCIAL ADULT DAY CARE SERVICES", 30], ["SOCIAL ADULT DAY CARE SERVICES", 30], ["SOCIAL ADULT DAY CARE SERVICES", 30], ["SOCIAL ADULT DAY CARE SERVICES", 30]], "longest_values": [["SOCIAL ADULT DAY CARE SERVICES", 30], ["SOCIAL ADULT DAY CARE SERVICES", 30], ["SOCIAL ADULT DAY CARE SERVICES", 30], ["SOCIAL ADULT DAY CARE SERVICES", 30], ["SOCIAL ADULT DAY CARE SERVICES", 30]], "average_length": 30.0}]}, {"column_name": "DFTA_ID", "number_non_empty_cells": 324, "number_empty_cells": 0, "number_distinct_values": 324, "frequent_values": ["S46101", "S50601", "S27401", "S27501", "S31201"], "dataTypes": [{"type": "TEXT", "count": 324, "shortest_values": [["S101", 4], ["S801", 4], ["S601", 4], ["S201", 4], ["S701", 4]], "longest_values": [["S21001", 6], ["S16001", 6], ["S17101", 6], ["S54901", 6], ["S30401", 6]], "average_length": 5.808641975308642}]}, {"column_name": "ProgramName", "number_non_empty_cells": 300, "number_empty_cells": 24, "number_distinct_values": 296, "frequent_values": ["EVERGREEN ADULT DAYCARE IN NY, INC.", "QUEENS BOROUGH ADULT DAY CARE, LLC", "BOULEVARD ADULT DAY CARE OF FLUSHING", "CATHOLIC MANAGED LONG TERM CARE, INC.", "GREAT GRACE CARE CORP"], "dataTypes": [{"type": "TEXT", "count": 324, "shortest_values": [["VIMINI LLC", 10], ["VIMINI LLC", 10], ["MAASER, CORP.", 13], ["PINE CARE LLC", 13], ["AKAL CARE LLC", 13]], "longest_values": [["AKIVA MANAGEMENT GROUP INC. DBA DEAF WELLNESS AND RECREATION", 60], ["SILVER TOWN AT GRACE AVENUE ADULT DAY CARE CENTER, LLC DBA S", 60], ["GREATER NEW YORK SOCIAL AND HEALTH ADULT DAY CARE CENTER, LL", 60], ["SNAPS OPEN DOOR SOCIAL ADULT DAY PROGRAM SERVICES NOW FOR AD", 60], ["NEW START DAY CARE CENTER INC. DBA NEW LIFE DAY CARE CENTER", 59]], "average_length": 31.104938271604937}]}, {"column_name": "SponsorName", "number_non_empty_cells": 324, "number_empty_cells": 0, "number_distinct_values": 296, "frequent_values": ["Evergreen Adult Daycare In Ny, Inc.", "Queens Borough Adult Day Care, Llc", "Catholic Managed Long Term Care, Inc.", "Boulevard Adult Day Care Of Flushing", "Nanoom Adult Day Care Inc"], "dataTypes": [{"type": "TEXT", "count": 324, "shortest_values": [["Vimini Llc", 10], ["Vimini Llc", 10], ["Maaser, Corp.", 13], ["Pine Care Llc", 13], ["Akal Care Llc", 13]], "longest_values": [["Akiva Management Group Inc. Dba Deaf Wellness And Recreation", 60], ["Silver Town At Grace Avenue Adult Day Care Center, Llc Dba S", 60], ["Greater New York Social And Health Adult Day Care Center, Ll", 60], ["Snaps Open Door Social Adult Day Program Services Now For Ad", 60], ["New Start Day Care Center Inc. Dba New Life Day Care Center", 59]], "average_length": 31.104938271604937}]}, {"column_name": "ProgramAddress", "number_non_empty_cells": 317, "number_empty_cells": 7, "number_distinct_values": 321, "frequent_values": ["1325 5TH AVE", "35-06 LEAVITT ST  UNIT CF-E", "1916 PARK AVE  SUITE 102", "1656 WEST 10TH ST", "864 56TH ST"], "dataTypes": [{"type": "TEXT", "count": 324, "shortest_values": [["5020 AVE N", 10], ["9305 AVE L", 10], ["823 65TH ST", 11], ["819 59TH ST", 11], ["782 61ST ST", 11]], "longest_values": [["34-20 LINDEN PLACE  PARTIAL FLOOR ONE AND FLOOR TWO  LINDEN", 59], ["128-130 BRIGHTON BEACH AVE  SUITE 400A 4TH FLOOR", 48], ["114-30 ROCKAWAY  BEACH BLVD (UNIT 2)  UNIT 2", 44], ["119-40 METROPOLITAN AVE  UNIT CU2-SUITE 101", 43], ["75 EAST BROADWAY  2ND FLOOR SOUTH BUILDING", 42]], "average_length": 21.530864197530864}]}, {"column_name": "ProgramCity", "number_non_empty_cells": 321, "number_empty_cells": 3, "number_distinct_values": 34, "frequent_values": ["BROOKLYN", "FLUSHING", "NEW YORK", "BRONX", "STATEN ISLAND"], "dataTypes": [{"type": "TEXT", "count": 324, "shortest_values": [["NY", 2], ["BK", 2], ["BRONX", 5], ["BRONX", 5], ["BRONX", 5]], "longest_values": [["SOUTH RICHMOND HILL", 19], ["JACKSON HEIGHTS", 15], ["ROCKAWAY BEACH", 14], ["QUEENS VILLAGE", 14], ["QUEENS VILLAGE", 14]], "average_length": 8.330246913580243}]}, {"column_name": "ProgramState", "number_non_empty_cells": 324, "number_empty_cells": 0, "number_distinct_values": 1, "frequent_values": ["NY"], "dataTypes": [{"type": "TEXT", "count": 324, "shortest_values": [["NY", 2], ["NY", 2], ["NY", 2], ["NY", 2], ["NY", 2]], "longest_values": [["NY", 2], ["NY", 2], ["NY", 2], ["NY", 2], ["NY", 2]], "average_length": 2.0}]}, {"column_name": "Postcode", "number_non_empty_cells": 324, "number_empty_cells": 0, "number_distinct_values": 101, "frequent_values": [11354, 11355, 11220, 11214, 11235], "dataTypes": [{"type": "INTEGER (LONG)", "count": 324, "max_value": 11694, "min_value": 10002, "mean": 11078.938271604944, "stddev": 455.71747381759684}]}, {"column_name": "Borough", "number_non_empty_cells": 318, "number_empty_cells": 6, "number_distinct_values": 6, "frequent_values": ["Brooklyn", "Queens", "Manhattan", "Bronx", "Staten Island"], "dataTypes": [{"type": "TEXT", "count": 318, "shortest_values": [["Bronx", 5], ["Bronx", 5], ["Bronx", 5], ["Bronx", 5], ["Bronx", 5]], "longest_values": [["Staten Island", 13], ["Staten Island", 13], ["Staten Island", 13], ["Staten Island", 13], ["Staten Island", 13]], "average_length": 7.336477987421386}]}, {"column_name": "ProgramPhone", "number_non_empty_cells": 324, "number_empty_cells": 0, "number_distinct_values": 314, "frequent_values": ["718-648-7703", "347-645-3265", "347-990-3400", "347-409-3657", "929-234-2900"], "dataTypes": [{"type": "TEXT", "count": 324, "shortest_values": [["347-990-3400", 12], ["718-265-0684", 12], ["718-387-0337", 12], ["718-762-9100", 12], ["718-855-6666", 12]], "longest_values": [["347-990-3400", 12], ["718-265-0684", 12], ["718-387-0337", 12], ["718-762-9100", 12], ["718-855-6666", 12]], "average_length": 12.0}]}, {"column_name": "DFTA_Funded", "number_non_empty_cells": 324, "number_empty_cells": 0, "number_distinct_values": 2, "frequent_values": ["N", "Y"], "dataTypes": [{"type": "TEXT", "count": 324, "shortest_values": [["N", 1], ["N", 1], ["N", 1], ["N", 1], ["N", 1]], "longest_values": [["N", 1], ["N", 1], ["N", 1], ["N", 1], ["N", 1]], "average_length": 1.0}]}, {"column_name": "MonHourOpen", "number_non_empty_cells": 324, "number_empty_cells": 0, "number_distinct_values": 11, "frequent_values": ["08:00", "09:00", "08:30", "07:30", "07:00"], "dataTypes": [{"type": "DATE/TIME", "count": 324, "max_value": "2019-12-07T12:30:00", "min_value": "2019-12-07T00:00:00"}]}, {"column_name": "MonHourClose", "number_non_empty_cells": 324, "number_empty_cells": 0, "number_distinct_values": 18, "frequent_values": ["05:00", "04:00", "02:00", "03:00", "06:00"], "dataTypes": [{"type": "DATE/TIME", "count": 324, "max_value": "2019-12-07T12:30:00", "min_value": "2019-12-07T00:00:00"}]}, {"column_name": "TueHourOpen", "number_non_empty_cells": 324, "number_empty_cells": 0, "number_distinct_values": 11, "frequent_values": ["08:00", "09:00", "08:30", "07:00", "07:30"], "dataTypes": [{"type": "DATE/TIME", "count": 324, "max_value": "2019-12-07T10:00:00", "min_value": "2019-12-07T00:00:00"}]}, {"column_name": "TueHourClose", "number_non_empty_cells": 324, "number_empty_cells": 0, "number_distinct_values": 17, "frequent_values": ["05:00", "04:00", "02:00", "03:00", "06:00"], "dataTypes": [{"type": "DATE/TIME", "count": 324, "max_value": "2019-12-07T12:00:00", "min_value": "2019-12-07T00:00:00"}]}, {"column_name": "WedHourOpen", "number_non_empty_cells": 324, "number_empty_cells": 0, "number_distinct_values": 11, "frequent_values": ["08:00", "09:00", "08:30", "07:30", "07:00"], "dataTypes": [{"type": "DATE/TIME", "count": 324, "max_value": "2019-12-07T12:00:00", "min_value": "2019-12-07T00:00:00"}]}, {"column_name": "WedHourClose", "number_non_empty_cells": 324, "number_empty_cells": 0, "number_distinct_values": 18, "frequent_values": ["05:00", "04:00", "02:00", "03:00", "06:00"], "dataTypes": [{"type": "DATE/TIME", "count": 324, "max_value": "2019-12-07T12:30:00", "min_value": "2019-12-07T00:00:00"}]}, {"column_name": "ThuHourOpen", "number_non_empty_cells": 324, "number_empty_cells": 0, "number_distinct_values": 11, "frequent_values": ["08:00", "09:00", "08:30", "07:00", "07:30"], "dataTypes": [{"type": "DATE/TIME", "count": 324, "max_value": "2019-12-07T12:00:00", "min_value": "2019-12-07T00:00:00"}]}, {"column_name": "ThuHourClose", "number_non_empty_cells": 324, "number_empty_cells": 0, "number_distinct_values": 17, "frequent_values": ["05:00", "04:00", "02:00", "03:00", "06:00"], "dataTypes": [{"type": "DATE/TIME", "count": 324, "max_value": "2019-12-07T12:00:00", "min_value": "2019-12-07T00:00:00"}]}, {"column_name": "FriHourOpen", "number_non_empty_cells": 324, "number_empty_cells": 0, "number_distinct_values": 9, "frequent_values": ["08:00", "09:00", "08:30", "07:00", "00:00"], "dataTypes": [{"type": "DATE/TIME", "count": 324, "max_value": "2019-12-07T10:00:00", "min_value": "2019-12-07T00:00:00"}]}, {"column_name": "FriHourClose", "number_non_empty_cells": 324, "number_empty_cells": 0, "number_distinct_values": 18, "frequent_values": ["05:00", "04:00", "02:00", "03:00", "06:00"], "dataTypes": [{"type": "DATE/TIME", "count": 324, "max_value": "2019-12-07T12:30:00", "min_value": "2019-12-07T00:00:00"}]}, {"column_name": "SatHourOpen", "number_non_empty_cells": 324, "number_empty_cells": 0, "number_distinct_values": 11, "frequent_values": ["00:00", "08:00", "09:00", "08:30", "07:30"], "dataTypes": [{"type": "DATE/TIME", "count": 324, "max_value": "2019-12-07T12:00:00", "min_value": "2019-12-07T00:00:00"}]}, {"column_name": "SatHourClose", "number_non_empty_cells": 324, "number_empty_cells": 0, "number_distinct_values": 17, "frequent_values": ["00:00", "02:00", "04:00", "03:00", "05:00"], "dataTypes": [{"type": "DATE/TIME", "count": 324, "max_value": "2019-12-07T12:00:00", "min_value": "2019-12-07T00:00:00"}]}, {"column_name": "SunHourOpen", "number_non_empty_cells": 324, "number_empty_cells": 0, "number_distinct_values": 9, "frequent_values": ["00:00", "08:00", "09:00", "08:30", "07:30"], "dataTypes": [{"type": "DATE/TIME", "count": 324, "max_value": "2019-12-07T10:00:00", "min_value": "2019-12-07T00:00:00"}]}, {"column_name": "SunHourClose", "number_non_empty_cells": 324, "number_empty_cells": 0, "number_distinct_values": 17, "frequent_values": ["00:00", "02:00", "05:00", "04:00", "03:00"], "dataTypes": [{"type": "DATE/TIME", "count": 324, "max_value": "2019-12-07T12:00:00", "min_value": "2019-12-07T00:00:00"}]}, {"column_name": "Latitude", "number_non_empty_cells": 324, "number_empty_cells": 0, "number_distinct_values": 310, "frequent_values": [40.763807, 40.751673, 40.638557, 40.755906, 40.635677], "dataTypes": [{"type": "REAL", "count": 324, "max_value": 40.881703, "min_value": 40.565262, "mean": 40.69422188580248, "stddev": 0.07983488799585692}]}, {"column_name": "Longitude", "number_non_empty_cells": 324, "number_empty_cells": 0, "number_distinct_values": 309, "frequent_values": [-73.948608, -73.936662, -74.156217, -74.004248, -73.955319], "dataTypes": [{"type": "REAL", "count": 324, "max_value": -73.710464, "min_value": -74.183882, "mean": -73.91344135493821, "stddev": 0.08917436312637514}]}, {"column_name": "Community_Board", "number_non_empty_cells": 324, "number_empty_cells": 0, "number_distinct_values": 52, "frequent_values": [407, 311, 313, 103, 318], "dataTypes": [{"type": "INTEGER (LONG)", "count": 324, "max_value": 503, "min_value": 101, "mean": 328.4351851851853, "stddev": 97.38385990198864}]}, {"column_name": "Council_District", "number_non_empty_cells": 324, "number_empty_cells": 0, "number_distinct_values": 47, "frequent_values": [20, 38, 47, 43, 48], "dataTypes": [{"type": "INTEGER (LONG)", "count": 324, "max_value": 51, "min_value": 1, "mean": 30.040123456790123, "stddev": 13.92844128134833}]}, {"column_name": "Census_Tract", "number_non_empty_cells": 324, "number_empty_cells": 0, "number_distinct_values": 215, "frequent_values": [869, 849, 79702, 278, 16], "dataTypes": [{"type": "INTEGER (LONG)", "count": 324, "max_value": 157902, "min_value": 3, "mean": 11589.780864197535, "stddev": 29732.103365163966}]}, {"column_name": "BIN", "number_non_empty_cells": 319, "number_empty_cells": 5, "number_distinct_values": 300, "frequent_values": [4000000, 3000000, 4534609, 3329038, 4114092], "dataTypes": [{"type": "INTEGER (LONG)", "count": 319, "max_value": 5167182, "min_value": 1002356, "mean": 3402661.708463952, "stddev": 1057653.931143312}]}, {"column_name": "BBL", "number_non_empty_cells": 319, "number_empty_cells": 5, "number_distinct_values": 306, "frequent_values": [3056720011, 5012220001, 4050397509, 3062470034, 4049607501], "dataTypes": [{"type": "INTEGER (LONG)", "count": 319, "max_value": 5059000105, "min_value": 0, "mean": 3230928589.0031333, "stddev": 1009567613.4117181}]}, {"column_name": "NTA", "number_non_empty_cells": 324, "number_empty_cells": 0, "number_distinct_values": 106, "frequent_values": ["Flushing", "Sunset Park East", "Bensonhurst West", "Chinatown", "Murray Hill"], "dataTypes": [{"type": "TEXT", "count": 324, "shortest_values": [["Corona", 6], ["Corona", 6], ["Hollis", 6], ["Jamaica", 7], ["Madison", 7]], "longest_values": [["Breezy Point-Belle Harbor-Rockaway Park-Broad Channel", 53], ["Breezy Point-Belle Harbor-Rockaway Park-Broad Channel", 53], ["Mariner's Harbor-Arlington-Port Ivory-Graniteville", 50], ["Mariner's Harbor-Arlington-Port Ivory-Graniteville", 50], ["Soundview-Castle Hill-Clason Point-Harding Park", 47]], "average_length": 15.901234567901225}]}, {"column_name": "Location_1", "number_non_empty_cells": 324, "number_empty_cells": 0, "number_distinct_values": 311, "frequent_values": ["(40.755906, -73.832599)", "(40.80832, -73.936662)", "(40.751673, -73.831726)", "(40.763807, -73.813949)", "(40.764871, -73.829007)"], "dataTypes": [{"type": "TEXT", "count": 324, "shortest_values": [["(40.6192, -73.92276)", 20], ["(40.58569, -73.9488)", 20], ["(40.86426, -73.86407)", 21], ["(40.63223, -74.01185)", 21], ["(40.6892, -73.861477)", 21]], "longest_values": [["(40.635677, -73.918533)", 23], ["(40.703887, -73.941294)", 23], ["(40.756643, -73.832933)", 23], ["(40.694529, -73.849064)", 23], ["(40.604966, -73.752186)", 23]], "average_length": 22.75617283950618}]}]}