{"dataset_name": "/user/hm74/NYCOpenData/32y8-s55c.tsv.gz", "columns": [{"column_name": "Rank", "number_non_empty_cells": 995, "number_empty_cells": 174, "number_distinct_values": 26, "frequent_values": ["FIREFIGHTER", "LIEUTENANT", "CAPTAIN", "BATTALION CHIEF", "*\u00a0LIEUTENANT"], "dataTypes": [{"type": "TEXT", "count": 1169, "shortest_values": [["EMT", 3], ["EMT", 3], ["EMT", 3], ["PILOT", 5], ["FATHER", 6]], "longest_values": [["FIRST DEPUTY COMMISSIONER", 25], ["CHIEF OF DEPARTMENT", 19], ["ASSISTANT ENGINEER", 18], ["*\u00a0BATTALION CHIEF", 17], ["*\u00a0BATTALION CHIEF", 17]], "average_length": 10.813515825491868}]}, {"column_name": "Name", "number_non_empty_cells": 1102, "number_empty_cells": 67, "number_distinct_values": 1165, "frequent_values": ["PATRICK O'KEEFE", "JOHN J. FINLEY", "MICHAEL LYNCH", "MICHAEL ROBERTS", "JOHN J. DALY (2)"], "dataTypes": [{"type": "TEXT", "count": 1169, "shortest_values": [["HUGH FOX", 8], ["CARL LEE", 8], ["PERRY R.", 8], ["GARY BOX", 8], ["ADAM DAMM", 9]], "longest_values": [["CHRISTOPHER E. A. McAULEY", 25], ["CHRISOTPHER J. PLUNKETT", 23], ["GEORGE B. F. CHRISTMAN", 22], ["WILLIAM H. O'BRIEN (1)", 22], ["BERNARD P. McMANUS (2)", 22]], "average_length": 15.103507271171951}]}, {"column_name": "Unit", "number_non_empty_cells": 1169, "number_empty_cells": 0, "number_distinct_values": 395, "frequent_values": ["RESCUE 1", "LADDER 3", "LADDER 7", "LADDER 5", "RESCUE 4"], "dataTypes": [{"type": "TEXT", "count": 1169, "shortest_values": [["BOT", 3], ["LADDER", 6], ["HQ STAF", 7], ["SQUAD 8", 7], ["SQUAD 2", 7]], "longest_values": [["SPECIAL OPERATIONS COMMAND", 26], ["SPECIAL OPERATIONS COMMAND", 26], ["SPECIAL OPERATIONS COMMAND", 26], ["SPECIAL OPERATIONS COMMAND", 26], ["CITYWIDE TOUR COMMANDER", 23]], "average_length": 9.648417450812655}]}, {"column_name": "Date", "number_non_empty_cells": 1169, "number_empty_cells": 0, "number_distinct_values": 733, "frequent_values": ["September 11, 2001", "October 17, 1966", "August 1, 1932", "August 2, 1978", "April 4, 1956"], "dataTypes": [{"type": "DATE/TIME", "count": 1169, "max_value": "2012-04-16T00:00:00", "min_value": "1865-08-24T00:00:00"}]}]}