{"dataset_name": "/user/hm74/NYCOpenData/32yu-maz2.tsv.gz", "columns": [{"column_name": "Family Size", "number_non_empty_cells": 49, "number_empty_cells": 0, "number_distinct_values": 7, "frequent_values": [1, 6, 3, 5, 4], "dataTypes": [{"type": "INTEGER (LONG)", "count": 49, "max_value": 7, "min_value": 1, "mean": 3.9999999999999996, "stddev": 2.0}]}, {"column_name": "Income more than", "number_non_empty_cells": 49, "number_empty_cells": 0, "number_distinct_values": 43, "frequent_values": [0, 51486, 43561, 36776, 52341], "dataTypes": [{"type": "INTEGER (LONG)", "count": 49, "max_value": 135241, "min_value": 0, "mean": 52683.0, "stddev": 34490.95141793403}]}, {"column_name": "Income Less Than", "number_non_empty_cells": 42, "number_empty_cells": 7, "number_distinct_values": 43, "frequent_values": [67050, 32670, 104680, 29420, 89970], "dataTypes": [{"type": "INTEGER (LONG)", "count": 42, "max_value": 135240, "min_value": 16335, "mean": 61462.499999999985, "stddev": 29124.15531679274}]}, {"column_name": "HHC Options Reduced Fee Level", "number_non_empty_cells": 49, "number_empty_cells": 0, "number_distinct_values": 7, "frequent_values": [1, 6, 3, 5, 4], "dataTypes": [{"type": "INTEGER (LONG)", "count": 49, "max_value": 7, "min_value": 1, "mean": 4.0, "stddev": 2.0}]}]}