{"dataset_name": "/user/hm74/NYCOpenData/33c5-b922.tsv.gz", "columns": [{"column_name": "Site", "number_non_empty_cells": 420, "number_empty_cells": 0, "number_distinct_values": 20, "frequent_values": [38250, 37950, 77650, 23450, 50850], "dataTypes": [{"type": "INTEGER (LONG)", "count": 420, "max_value": 77650, "min_value": 15150, "mean": 39530.00000000004, "stddev": 14427.459928899478}]}, {"column_name": "Location", "number_non_empty_cells": 420, "number_empty_cells": 0, "number_distinct_values": 20, "frequent_values": ["SS - E/S Beach 58th St, 2nd SS N/O Beach Channel Drive, 12\"\"", "SS - W/S Brighton 11th Street, 2nd SS S/O Cass Place, 12\"\"", "SS - IFO 116 E/S Ave C, 2nd SS N/O E 7th St, 12\"\"", "SS - IFO 937 N/S Victory Blvd, 2nd SS E/O Highland Ave, 20\"\"", "SS - IFO 21-55 N/S 34th Ave, 1st SS W/O 24th St, 12\"\""], "dataTypes": [{"type": "TEXT", "count": 420, "shortest_values": [["SS - OPP 110-52 E/S 207th St", 28], ["SS - OPP 110-52 E/S 207th St", 28], ["SS - OPP 110-52 E/S 207th St", 28], ["SS - OPP 110-52 E/S 207th St", 28], ["SS - OPP 110-52 E/S 207th St", 28]], "longest_values": [["SS - IFO 1420 E/S Grand Concourse, 1st SS S/O E 171st St, 20\"\"", 62], ["SS - IFO 1420 E/S Grand Concourse, 1st SS S/O E 171st St, 20\"\"", 62], ["SS - IFO 1420 E/S Grand Concourse, 1st SS S/O E 171st St, 20\"\"", 62], ["SS - IFO 1420 E/S Grand Concourse, 1st SS S/O E 171st St, 20\"\"", 62], ["SS - IFO 1420 E/S Grand Concourse, 1st SS S/O E 171st St, 20\"\"", 62]], "average_length": 53.74999999999996}]}, {"column_name": "Sample_Date", "number_non_empty_cells": 420, "number_empty_cells": 0, "number_distinct_values": 23, "frequent_values": ["05/05/2015", "02/06/2018", "02/07/2017", "11/08/2017", "08/06/2019"], "dataTypes": [{"type": "DATE/TIME", "count": 420, "max_value": "2019-08-06T00:00:00", "min_value": "2014-11-05T00:00:00"}]}, {"column_name": "Analysis_Date_TTHM_\u00b5gL_a", "number_non_empty_cells": 420, "number_empty_cells": 0, "number_distinct_values": 48, "frequent_values": ["05/05/2015", "02/05/2015", "02/06/2019", "08/06/2019", "02/06/2018"], "dataTypes": [{"type": "DATE/TIME", "count": 420, "max_value": "2019-08-07T00:00:00", "min_value": "2014-11-05T00:00:00"}]}, {"column_name": "Result_TTHM_\u00b5gL_a_", "number_non_empty_cells": 420, "number_empty_cells": 0, "number_distinct_values": 58, "frequent_values": [42, 39, 32, 25, 44], "dataTypes": [{"type": "INTEGER (LONG)", "count": 420, "max_value": 77, "min_value": 13, "mean": 38.18809523809522, "stddev": 12.838756474069195}]}, {"column_name": "LRAA_TTHM_\u00b5gL_a", "number_non_empty_cells": 420, "number_empty_cells": 0, "number_distinct_values": 29, "frequent_values": [39, 33, 38, 35, 36], "dataTypes": [{"type": "INTEGER (LONG)", "count": 420, "max_value": 52, "min_value": 24, "mean": 37.73809523809523, "stddev": 5.659208777817768}]}, {"column_name": "OEL_TTHM_\u00b5gL_a", "number_non_empty_cells": 420, "number_empty_cells": 0, "number_distinct_values": 37, "frequent_values": [44, 35, 33, 34, 32], "dataTypes": [{"type": "INTEGER (LONG)", "count": 420, "max_value": 58, "min_value": 21, "mean": 37.79999999999995, "stddev": 7.329847656443251}]}, {"column_name": "Analysis_Date_HAA5_\u00b5gL_b", "number_non_empty_cells": 420, "number_empty_cells": 0, "number_distinct_values": 79, "frequent_values": ["05/09/2015", "08/03/2017", "05/08/2015", "02/06/2015", "11/09/2018"], "dataTypes": [{"type": "DATE/TIME", "count": 420, "max_value": "2019-08-14T00:00:00", "min_value": "2014-11-11T00:00:00"}]}, {"column_name": "Result_HAA5_\u00b5gL_b", "number_non_empty_cells": 420, "number_empty_cells": 0, "number_distinct_values": 43, "frequent_values": [35, 33, 41, 32, 39], "dataTypes": [{"type": "INTEGER (LONG)", "count": 420, "max_value": 66, "min_value": 20, "mean": 37.93333333333332, "stddev": 8.927770122773058}]}, {"column_name": "LRAA_HAA5_\u00b5gL_b", "number_non_empty_cells": 420, "number_empty_cells": 0, "number_distinct_values": 26, "frequent_values": [39, 36, 32, 41, 43], "dataTypes": [{"type": "INTEGER (LONG)", "count": 420, "max_value": 51, "min_value": 26, "mean": 37.85476190476188, "stddev": 5.524003999039629}]}, {"column_name": "OEL_HAA5_\u00b5gL_b", "number_non_empty_cells": 420, "number_empty_cells": 0, "number_distinct_values": 31, "frequent_values": [34, 40, 31, 36, 35], "dataTypes": [{"type": "INTEGER (LONG)", "count": 420, "max_value": 56, "min_value": 24, "mean": 37.92619047619049, "stddev": 6.26606732913418}]}]}