{"dataset_name": "/user/hm74/NYCOpenData/33db-aeds.tsv.gz", "columns": [{"column_name": "Month", "number_non_empty_cells": 152, "number_empty_cells": 0, "number_distinct_values": 152, "frequent_values": ["12/01/2012", "01/01/2011", "02/01/2015", "03/01/2016", "12/01/2014"], "dataTypes": [{"type": "DATE/TIME", "count": 152, "max_value": "2019-08-01T00:00:00", "min_value": "2007-01-01T00:00:00"}]}, {"column_name": "Cash Assistance - Medical Assistance", "number_non_empty_cells": 152, "number_empty_cells": 0, "number_distinct_values": 152, "frequent_values": [356375, 349295, 343456, 363130, 337654], "dataTypes": [{"type": "INTEGER (LONG)", "count": 152, "max_value": 369672, "min_value": 322114, "mean": 347531.13815789466, "stddev": 9723.44438041737}]}, {"column_name": "Supplemental Security Income - Medical Assistance", "number_non_empty_cells": 152, "number_empty_cells": 0, "number_distinct_values": 152, "frequent_values": [416191, 417183, 398280, 412735, 413044], "dataTypes": [{"type": "INTEGER (LONG)", "count": 152, "max_value": 420076, "min_value": 383793, "mean": 410314.21052631584, "stddev": 7121.599406985277}]}, {"column_name": "Nursing Home - Medical Assistance", "number_non_empty_cells": 152, "number_empty_cells": 0, "number_distinct_values": 149, "frequent_values": [37161, 39412, 30096, 35593, 32016], "dataTypes": [{"type": "INTEGER (LONG)", "count": 152, "max_value": 90768, "min_value": 28985, "mean": 36274.15789473686, "stddev": 5740.405399109182}]}, {"column_name": "Medical Assistance Only", "number_non_empty_cells": 152, "number_empty_cells": 0, "number_distinct_values": 152, "frequent_values": [903454, 1789563, 961960, 903483, 2071249], "dataTypes": [{"type": "INTEGER (LONG)", "count": 152, "max_value": 2347770, "min_value": 854291, "mean": 1740210.0657894744, "stddev": 468409.17325249687}]}, {"column_name": "Total HRA-Enrolled Medical Assistance Individuals", "number_non_empty_cells": 152, "number_empty_cells": 0, "number_distinct_values": 152, "frequent_values": [2915727, 1995245, 2411909, 3120366, 2585112], "dataTypes": [{"type": "INTEGER (LONG)", "count": 152, "max_value": 3120366, "min_value": 1570911, "mean": 2498088.3092105286, "stddev": 474795.5862948619}]}]}