{"dataset_name": "/user/hm74/NYCOpenData/34zf-iv73.tsv.gz", "columns": [{"column_name": "Project_ID", "number_non_empty_cells": 5063, "number_empty_cells": 0, "number_distinct_values": 213, "frequent_values": [58891, 44282, 58671, 59474, 58860], "dataTypes": [{"type": "INTEGER (LONG)", "count": 5063, "max_value": 67577, "min_value": 44218, "mean": 58469.41161366776, "stddev": 5198.925425027258}]}, {"column_name": "Project_Name", "number_non_empty_cells": 4981, "number_empty_cells": 82, "number_distinct_values": 213, "frequent_values": ["HOPE EAST OF FIFTH HDFC INC.YR15.FY17", "NYCHA FULTON HOUSES", "COMUNILIFE. 760 BROADWAY. WOODHULL COMMUNITY RESIDEN", "LOTT LEGACY APARTMENTS HDFC.YR15.FY2017", "BEC CONTINUUM HDFC.YR15.FY2017"], "dataTypes": [{"type": "TEXT", "count": 5063, "shortest_values": [["COMPASS 5", 9], ["COMPASS 5", 9], ["COMPASS 5", 9], ["COMPASS 5", 9], ["COMPASS 5", 9]], "longest_values": [["BFC. 118 ST EDWARDS STREET. INGERSOLL SENIOR RESIDENCES", 55], ["BFC. 118 ST EDWARDS STREET. INGERSOLL SENIOR RESIDENCES", 55], ["BFC. 118 ST EDWARDS STREET. INGERSOLL SENIOR RESIDENCES", 55], ["BFC. 118 ST EDWARDS STREET. INGERSOLL SENIOR RESIDENCES", 55], ["BFC. 118 ST EDWARDS STREET. INGERSOLL SENIOR RESIDENCES", 55]], "average_length": 26.155243926525735}]}, {"column_name": "Reporting_Quarter", "number_non_empty_cells": 5063, "number_empty_cells": 0, "number_distinct_values": 9, "frequent_values": ["Jan-Mar 2019", "Oct-Dec 2018", "Jul-Sep 2018", "Apr-Jun 2018", "Jan-Mar 2018"], "dataTypes": [{"type": "TEXT", "count": 5063, "shortest_values": [["Jan-Mar 2019", 12], ["Oct-Dec 2018", 12], ["Jan-Mar 2019", 12], ["Jan-Mar 2019", 12], ["Jan-Mar 2019", 12]], "longest_values": [["Jan-Mar 2019", 12], ["Oct-Dec 2018", 12], ["Jan-Mar 2019", 12], ["Jan-Mar 2019", 12], ["Jan-Mar 2019", 12]], "average_length": 12.0}]}, {"column_name": "Entity_Name", "number_non_empty_cells": 4827, "number_empty_cells": 236, "number_distinct_values": 921, "frequent_values": ["GLO ELECTRIC LLC", "EMPIREHD", "MEGA CONTRACTING GROUP", "ROSAL PLUMBING AND HEATING, INC.", "MONADNOCK CONSTRUCTION INC."], "dataTypes": [{"type": "TEXT", "count": 5063, "shortest_values": [["MEMCO", 5], ["MEMCO", 5], ["URIELS", 6], ["TECOGEN", 7], ["EMPIREHD", 8]], "longest_values": [["FELIPE & SONS GENERAL CONSTRUCTION AND MAINTENANCE SERVICES INC.", 64], ["FELIPE & SONS GENERAL CONSTRUCTION AND MAINTENANCE SERVICES INC.", 64], ["FELIPE & SONS GENERAL CONSTRUCTION AND MAINTENANCE SERVICES INC.", 64], ["FELIPE & SONS GENERAL CONSTRUCTION AND MAINTENANCE SERVICES INC.", 64], ["ESSIE JEFFRIES APARTMENTS HOUSING DEVELOPMENT FUND CORPORATION", 62]], "average_length": 23.630061228520656}]}, {"column_name": "Entity_Role", "number_non_empty_cells": 5063, "number_empty_cells": 0, "number_distinct_values": 3, "frequent_values": ["Subcontractor", "Borrower Legal Entity", "General Contractor"], "dataTypes": [{"type": "TEXT", "count": 5063, "shortest_values": [["Subcontractor", 13], ["Subcontractor", 13], ["Subcontractor", 13], ["Subcontractor", 13], ["Subcontractor", 13]], "longest_values": [["Borrower Legal Entity", 21], ["Borrower Legal Entity", 21], ["Borrower Legal Entity", 21], ["Borrower Legal Entity", 21], ["Borrower Legal Entity", 21]], "average_length": 15.211732174600076}]}, {"column_name": "Entity_Wage_Reporting_Status", "number_non_empty_cells": 5063, "number_empty_cells": 0, "number_distinct_values": 3, "frequent_values": ["Provided", "Not Provided", "Not provided"], "dataTypes": [{"type": "TEXT", "count": 5063, "shortest_values": [["Provided", 8], ["Provided", 8], ["Provided", 8], ["Provided", 8], ["Provided", 8]], "longest_values": [["Not Provided", 12], ["Not provided", 12], ["Not provided", 12], ["Not provided", 12], ["Not provided", 12]], "average_length": 8.549871617617994}]}, {"column_name": "Project_Wage_Reporting_Status", "number_non_empty_cells": 5063, "number_empty_cells": 0, "number_distinct_values": 3, "frequent_values": ["N/A", "Not All info provided", "All info provided"], "dataTypes": [{"type": "TEXT", "count": 5063, "shortest_values": [["N/A", 3], ["N/A", 3], ["N/A", 3], ["N/A", 3], ["N/A", 3]], "longest_values": [["Not All info provided", 21], ["Not All info provided", 21], ["Not All info provided", 21], ["Not All info provided", 21], ["Not All info provided", 21]], "average_length": 6.774837053130555}]}]}