{"dataset_name": "/user/hm74/NYCOpenData/35qr-3ykq.tsv.gz", "columns": [{"column_name": "Grade Level", "number_non_empty_cells": 101, "number_empty_cells": 0, "number_distinct_values": 2, "frequent_values": ["HS Core", "MS Core"], "dataTypes": [{"type": "TEXT", "count": 101, "shortest_values": [["HS Core", 7], ["HS Core", 7], ["HS Core", 7], ["HS Core", 7], ["HS Core", 7]], "longest_values": [["HS Core", 7], ["HS Core", 7], ["HS Core", 7], ["HS Core", 7], ["HS Core", 7]], "average_length": 7.0}]}, {"column_name": "Program Type", "number_non_empty_cells": 101, "number_empty_cells": 0, "number_distinct_values": 5, "frequent_values": ["ICT", "Gen Ed", "SC", "Accelerated", "ICT & Acc"], "dataTypes": [{"type": "TEXT", "count": 101, "shortest_values": [["SC", 2], ["SC", 2], ["SC", 2], ["SC", 2], ["SC", 2]], "longest_values": [["Accelerated", 11], ["Accelerated", 11], ["Accelerated", 11], ["Accelerated", 11], ["Accelerated", 11]], "average_length": 4.257425742574257}]}, {"column_name": "Department", "number_non_empty_cells": 101, "number_empty_cells": 0, "number_distinct_values": 4, "frequent_values": ["Math", "Science", "English", "Social Studies"], "dataTypes": [{"type": "TEXT", "count": 101, "shortest_values": [["Math", 4], ["Math", 4], ["Math", 4], ["Math", 4], ["Math", 4]], "longest_values": [["Social Studies", 14], ["Social Studies", 14], ["Social Studies", 14], ["Social Studies", 14], ["Social Studies", 14]], "average_length": 7.435643564356435}]}, {"column_name": "Subject", "number_non_empty_cells": 101, "number_empty_cells": 0, "number_distinct_values": 31, "frequent_values": ["MS Integrated Algebra", "MS English Core", "MS Science Other", "MS Social Studies Other", "MS Math Other"], "dataTypes": [{"type": "TEXT", "count": 101, "shortest_values": [["HS Physics", 10], ["HS Physics", 10], ["HS Physics", 10], ["HS Geometry", 11], ["HS Geometry", 11]], "longest_values": [["HS Social Studies Other", 23], ["HS Social Studies Other", 23], ["HS Social Studies Other", 23], ["MS Social Studies Other", 23], ["MS Social Studies Other", 23]], "average_length": 15.722772277227726}]}, {"column_name": "Number of Students", "number_non_empty_cells": 101, "number_empty_cells": 0, "number_distinct_values": 100, "frequent_values": [23361, 13066, 65, 883, 49692], "dataTypes": [{"type": "INTEGER (LONG)", "count": 101, "max_value": 125165, "min_value": 7, "mean": 21563.663366336634, "stddev": 28534.093614855392}]}, {"column_name": "Number of Classes", "number_non_empty_cells": 101, "number_empty_cells": 0, "number_distinct_values": 95, "frequent_values": [38, 6, 10, 1, 254], "dataTypes": [{"type": "INTEGER (LONG)", "count": 101, "max_value": 4501, "min_value": 1, "mean": 849.861386138614, "stddev": 1050.3411235573435}]}, {"column_name": "Average Class Size", "number_non_empty_cells": 101, "number_empty_cells": 0, "number_distinct_values": 59, "frequent_values": [27.8, 27.9, 27.5, 27.4, 9.9], "dataTypes": [{"type": "REAL", "count": 101, "max_value": 30.0, "min_value": 7.0, "mean": 21.85346534653466, "stddev": 7.768157450103029}]}]}