{"dataset_name": "/user/hm74/NYCOpenData/35sw-rdxj.tsv.gz", "columns": [{"column_name": "PROGRAM_TYPE", "number_non_empty_cells": 80, "number_empty_cells": 0, "number_distinct_values": 1, "frequent_values": ["After-School Programs"], "dataTypes": [{"type": "TEXT", "count": 80, "shortest_values": [["After-School Programs", 21], ["After-School Programs", 21], ["After-School Programs", 21], ["After-School Programs", 21], ["After-School Programs", 21]], "longest_values": [["After-School Programs", 21], ["After-School Programs", 21], ["After-School Programs", 21], ["After-School Programs", 21], ["After-School Programs", 21]], "average_length": 21.0}]}, {"column_name": "PROGRAM", "number_non_empty_cells": 80, "number_empty_cells": 0, "number_distinct_values": 1, "frequent_values": ["Beacon"], "dataTypes": [{"type": "TEXT", "count": 80, "shortest_values": [["Beacon", 6], ["Beacon", 6], ["Beacon", 6], ["Beacon", 6], ["Beacon", 6]], "longest_values": [["Beacon", 6], ["Beacon", 6], ["Beacon", 6], ["Beacon", 6], ["Beacon", 6]], "average_length": 6.0}]}, {"column_name": "SITE_NAME", "number_non_empty_cells": 80, "number_empty_cells": 0, "number_distinct_values": 80, "frequent_values": ["IS 271", "Eastside Community HS", "PS 18", "IS 10", "JHS 216"], "dataTypes": [{"type": "TEXT", "count": 80, "shortest_values": [["IS 2", 4], ["IS 5", 4], ["PS 8", 4], ["MS 2", 4], ["PS 1", 4]], "longest_values": [["Dr. Charles R. Drew Educational Complex", 39], ["Eastside Community HS", 21], ["Grand Street Campus", 19], ["Marta Valley HS", 15], ["Tottenville HS", 14]], "average_length": 7.050000000000001}]}, {"column_name": "Address", "number_non_empty_cells": 80, "number_empty_cells": 0, "number_distinct_values": 80, "frequent_values": ["160 Beach Channel 29th Street ", "81-14 257th Street", "50-40 Jacobus Street", "64-20 175th Street", "333 West 17th Street"], "dataTypes": [{"type": "TEXT", "count": 80, "shortest_values": [["101 Park Ave", 12], ["221 Broadway", 12], ["99 Avenue P. ", 13], ["977 Fox Street", 14], ["3630 3rd Avenue", 15]], "longest_values": [["133-25 Guy R. Brewer Boulevard  ", 32], ["160 Beach Channel 29th Street ", 30], ["7301 Fort Hamilton Pkwy ", 24], ["144-80 Barclay Avenue  ", 23], ["3750 Baychester Avenue", 22]], "average_length": 18.39999999999999}]}, {"column_name": "Post_Code", "number_non_empty_cells": 80, "number_empty_cells": 0, "number_distinct_values": 67, "frequent_values": [11207, 11226, 10025, 11204, 11212], "dataTypes": [{"type": "INTEGER (LONG)", "count": 80, "max_value": 14068, "min_value": 10002, "mean": 10907.1, "stddev": 641.1142955823086}]}, {"column_name": "BOROUGH__COMMUNITY", "number_non_empty_cells": 80, "number_empty_cells": 0, "number_distinct_values": 6, "frequent_values": ["Brooklyn", "Queens", "Manhattan", "Bronx", "Staten Island"], "dataTypes": [{"type": "TEXT", "count": 80, "shortest_values": [["Bronx", 5], ["Bronx", 5], ["Bronx", 5], ["Bronx", 5], ["Bronx", 5]], "longest_values": [["Staten Island", 13], ["Staten Island", 13], ["Staten Island", 13], ["Staten Island", 13], ["Manhattan", 9]], "average_length": 7.4125000000000005}]}, {"column_name": "AGENCY", "number_non_empty_cells": 80, "number_empty_cells": 0, "number_distinct_values": 49, "frequent_values": ["Mosholu Montefiore Community Center", "Research Foundation of CUNY", "Goodwill Industries of Greater NY", "Police Athletic League (PAL)", "SCO Family of Services"], "dataTypes": [{"type": "TEXT", "count": 80, "shortest_values": [["Hudson Guild", 12], ["Flushing YMCA", 13], ["YMCA Chinatown", 14], ["Graham Windham", 14], ["Flushing YMCA ", 14]], "longest_values": [["Federation of Italian American Organizations of Brooklyn Inc. ", 62], ["St. Nicholas Neighborhood Preservation Corporation", 50], ["St. Nicholas Neighborhood Preservation Corporation", 50], ["Ridgewood Bushwick Senior Citizens Council Inc. ", 48], ["Church Avenue Merchants Block Association Inc. ", 47]], "average_length": 31.512500000000003}]}, {"column_name": "Contact_Number", "number_non_empty_cells": 80, "number_empty_cells": 0, "number_distinct_values": 80, "frequent_values": ["212.527.2505", "718.714.0103", "718.329.0595", "718.257.7003", "718.276.4630 ext.15"], "dataTypes": [{"type": "TEXT", "count": 80, "shortest_values": [["718.293.4344", 12], ["212.598.4533", 12], ["718.302.5930", 12], ["718.777.9202", 12], ["212.219.8393", 12]], "longest_values": [["718.861.4671 ext. 230", 21], ["718.574.0361 ext.131", 20], ["718.462.2597 ext.232", 20], ["212.368.1827 ext.19", 19], ["718.945.7845 ext.10", 19]], "average_length": 12.8375}]}, {"column_name": "Grade_Level__Age_Group_", "number_non_empty_cells": 80, "number_empty_cells": 0, "number_distinct_values": 1, "frequent_values": ["6 and up"], "dataTypes": [{"type": "TEXT", "count": 80, "shortest_values": [["6 and up", 8], ["6 and up", 8], ["6 and up", 8], ["6 and up", 8], ["6 and up", 8]], "longest_values": [["6 and up", 8], ["6 and up", 8], ["6 and up", 8], ["6 and up", 8], ["6 and up", 8]], "average_length": 8.0}]}, {"column_name": "Location_1", "number_non_empty_cells": 0, "number_empty_cells": 80, "number_distinct_values": 1, "frequent_values": [null], "dataTypes": []}, {"column_name": "Latitude", "number_non_empty_cells": 75, "number_empty_cells": 5, "number_distinct_values": 76, "frequent_values": [40.78365, 40.757065, 40.722707, 40.737517, 40.677343], "dataTypes": [{"type": "REAL", "count": 75, "max_value": 40.884953, "min_value": 40.528092, "mean": 40.723833013333355, "stddev": 0.07874148410818746}]}, {"column_name": "Longitude", "number_non_empty_cells": 75, "number_empty_cells": 5, "number_distinct_values": 76, "frequent_values": [-74.018997, -73.775951, -73.851699, -73.993092, -73.925714], "dataTypes": [{"type": "REAL", "count": 75, "max_value": -73.712965, "min_value": -74.192032, "mean": -73.92035516, "stddev": 0.08289258571204056}]}, {"column_name": "Community_Board", "number_non_empty_cells": 75, "number_empty_cells": 5, "number_distinct_values": 18, "frequent_values": [1, 4, 12, 3, 7], "dataTypes": [{"type": "INTEGER (LONG)", "count": 75, "max_value": 18, "min_value": 1, "mean": 7.333333333333333, "stddev": 4.697043987682277}]}, {"column_name": "Community_Council_", "number_non_empty_cells": 75, "number_empty_cells": 5, "number_distinct_values": 46, "frequent_values": [38, 37, 34, 8, 42], "dataTypes": [{"type": "INTEGER (LONG)", "count": 75, "max_value": 51, "min_value": 1, "mean": 26.079999999999995, "stddev": 14.252728393773122}]}, {"column_name": "Census_Tract", "number_non_empty_cells": 75, "number_empty_cells": 5, "number_distinct_values": 75, "frequent_values": [273, 193, 108, 34, 211], "dataTypes": [{"type": "INTEGER (LONG)", "count": 75, "max_value": 157902, "min_value": 16, "mean": 7538.253333333335, "stddev": 22969.389768758676}]}, {"column_name": "BIN", "number_non_empty_cells": 74, "number_empty_cells": 6, "number_distinct_values": 75, "frequent_values": [4270059, 4083511, 1054786, 4253607, 3011821], "dataTypes": [{"type": "INTEGER (LONG)", "count": 74, "max_value": 5082634, "min_value": 1004323, "mean": 2935618.7432432426, "stddev": 1221718.3032063516}]}, {"column_name": "BBL", "number_non_empty_cells": 74, "number_empty_cells": 6, "number_distinct_values": 75, "frequent_values": [5036960100, 1013730001, 3039690001, 4090670001, 2029250001], "dataTypes": [{"type": "INTEGER (LONG)", "count": 74, "max_value": 5066130001, "min_value": 1003010003, "mean": 2860461240.378377, "stddev": 1190144407.3022985}]}, {"column_name": "NTA", "number_non_empty_cells": 75, "number_empty_cells": 5, "number_distinct_values": 68, "frequent_values": ["East New York                                                              ", "Bushwick South                                                             ", "Hunts Point                                                                ", "Chinatown                                                                  ", "Sunset Park West                                                           "], "dataTypes": [{"type": "TEXT", "count": 75, "shortest_values": [["Claremont-Bathgate                                                         ", 75], ["East Village                                                               ", 75], ["Bushwick South                                                             ", 75], ["Astoria                                                                    ", 75], ["Chinatown                                                                  ", 75]], "longest_values": [["Claremont-Bathgate                                                         ", 75], ["East Village                                                               ", 75], ["Bushwick South                                                             ", 75], ["Astoria                                                                    ", 75], ["Chinatown                                                                  ", 75]], "average_length": 75.0}]}]}