{"dataset_name": "/user/hm74/NYCOpenData/366m-74zg.tsv.gz", "columns": [{"column_name": "Household Size *", "number_non_empty_cells": 9, "number_empty_cells": 0, "number_distinct_values": 9, "frequent_values": ["7", "3", "8", "5", "For each additional person add:"], "dataTypes": [{"type": "INTEGER (LONG)", "count": 8, "max_value": 8, "min_value": 1, "mean": 4.5, "stddev": 2.29128784747792}, {"type": "TEXT", "count": 1, "shortest_values": [["For each additional person add:", 31]], "longest_values": [["For each additional person add:", 31]], "average_length": 31.0}]}, {"column_name": "Yearly Income", "number_non_empty_cells": 9, "number_empty_cells": 0, "number_distinct_values": 9, "frequent_values": ["$64,621", "$7,326", "$71,947", "$35,317", "$49,969"], "dataTypes": [{"type": "TEXT", "count": 9, "shortest_values": [["$7,326", 6], ["$20,665", 7], ["$27,991", 7], ["$35,317", 7], ["$42,643", 7]], "longest_values": [["$20,665", 7], ["$27,991", 7], ["$35,317", 7], ["$42,643", 7], ["$49,969", 7]], "average_length": 6.888888888888889}]}, {"column_name": "Monthly Income", "number_non_empty_cells": 9, "number_empty_cells": 0, "number_distinct_values": 9, "frequent_values": ["$2,333", "$5,996", "$5,386", "$4,165", "$611"], "dataTypes": [{"type": "TEXT", "count": 9, "shortest_values": [["$611", 4], ["$1,723", 6], ["$2,333", 6], ["$2,944", 6], ["$3,554", 6]], "longest_values": [["$1,723", 6], ["$2,333", 6], ["$2,944", 6], ["$3,554", 6], ["$4,165", 6]], "average_length": 5.777777777777778}]}, {"column_name": "Weekly Income", "number_non_empty_cells": 9, "number_empty_cells": 0, "number_distinct_values": 9, "frequent_values": ["$398", "$539", "$961", "$141", "$1,102"], "dataTypes": [{"type": "TEXT", "count": 9, "shortest_values": [["$398", 4], ["$539", 4], ["$680", 4], ["$821", 4], ["$961", 4]], "longest_values": [["$1,102", 6], ["$1,243", 6], ["$1,384", 6], ["$398", 4], ["$539", 4]], "average_length": 4.666666666666667}]}]}