{"dataset_name": "/user/hm74/NYCOpenData/36hn-wea6.tsv.gz", "columns": [{"column_name": "PROGRAM TYPE", "number_non_empty_cells": 20, "number_empty_cells": 0, "number_distinct_values": 1, "frequent_values": ["Jobs & Internships"], "dataTypes": [{"type": "TEXT", "count": 20, "shortest_values": [["Jobs & Internships", 18], ["Jobs & Internships", 18], ["Jobs & Internships", 18], ["Jobs & Internships", 18], ["Jobs & Internships", 18]], "longest_values": [["Jobs & Internships", 18], ["Jobs & Internships", 18], ["Jobs & Internships", 18], ["Jobs & Internships", 18], ["Jobs & Internships", 18]], "average_length": 18.0}]}, {"column_name": "PROGRAM", "number_non_empty_cells": 20, "number_empty_cells": 0, "number_distinct_values": 1, "frequent_values": ["Out-of-School Youth Employment (OSY)"], "dataTypes": [{"type": "TEXT", "count": 20, "shortest_values": [["Out-of-School Youth Employment (OSY)", 36], ["Out-of-School Youth Employment (OSY)", 36], ["Out-of-School Youth Employment (OSY)", 36], ["Out-of-School Youth Employment (OSY)", 36], ["Out-of-School Youth Employment (OSY)", 36]], "longest_values": [["Out-of-School Youth Employment (OSY)", 36], ["Out-of-School Youth Employment (OSY)", 36], ["Out-of-School Youth Employment (OSY)", 36], ["Out-of-School Youth Employment (OSY)", 36], ["Out-of-School Youth Employment (OSY)", 36]], "average_length": 36.0}]}, {"column_name": "SITE NAME", "number_non_empty_cells": 20, "number_empty_cells": 0, "number_distinct_values": 20, "frequent_values": ["The Door - A Center of Alternatives", "Career Development Institute", "Chinatown Manpower Project, Inc.", "Opportunities for a Better Tomorrow", "Brooklyn Job Corps Academy"], "dataTypes": [{"type": "TEXT", "count": 20, "shortest_values": [["NYSARC, Inc.", 12], ["YWCA of Queens", 14], ["Medgar Evers College", 20], ["Henkels & McCoy, Inc.", 21], ["South Bronx Job Corps", 21]], "longest_values": [["International Sheet Metal Workers Local Union 28 (intake site)", 62], ["Henry Street Settlement Workforce Development Center", 52], ["Church Avenue Merchants Block Association, Inc.", 47], ["New York Center for Interpersonal Development ", 46], ["Mosholu Montefiore Community Center, Inc.", 41]], "average_length": 32.75000000000001}]}, {"column_name": "Number and Street", "number_non_empty_cells": 20, "number_empty_cells": 0, "number_distinct_values": 5, "frequent_values": ["Brooklyn", "Queens", "New York", "Bronx", "Staten Island"], "dataTypes": [{"type": "TEXT", "count": 20, "shortest_values": [["Bronx", 5], ["Bronx", 5], ["Bronx", 5], ["Bronx", 5], ["Queens", 6]], "longest_values": [["Staten Island", 13], ["Brooklyn", 8], ["New York", 8], ["Brooklyn", 8], ["New York", 8]], "average_length": 7.1499999999999995}]}, {"column_name": "Postcode", "number_non_empty_cells": 20, "number_empty_cells": 0, "number_distinct_values": 17, "frequent_values": [10453, 10013, 11101, 10002, 11226], "dataTypes": [{"type": "INTEGER (LONG)", "count": 20, "max_value": 11355, "min_value": 10002, "mean": 10761.55, "stddev": 494.55014659789555}]}, {"column_name": "BOROUGH / COMMUNITY", "number_non_empty_cells": 20, "number_empty_cells": 0, "number_distinct_values": 5, "frequent_values": ["Brooklyn", "Queens", "New York", "Bronx", "Staten Island"], "dataTypes": [{"type": "TEXT", "count": 20, "shortest_values": [["Bronx", 5], ["Bronx", 5], ["Bronx", 5], ["Bronx", 5], ["Queens", 6]], "longest_values": [["Staten Island", 13], ["Brooklyn", 8], ["New York", 8], ["Brooklyn", 8], ["New York", 8]], "average_length": 7.1499999999999995}]}, {"column_name": "AGENCY", "number_non_empty_cells": 20, "number_empty_cells": 0, "number_distinct_values": 18, "frequent_values": ["Opportunities for a Better Tomorrow", "Arbor Employment and Training", "International Sheet Metal Workers Local Union 28", "Research Foundation of CUNY on behalf of Medgar Evers College", "Chinatown Manpower Project, Inc."], "dataTypes": [{"type": "TEXT", "count": 20, "shortest_values": [["YWCA of Queens", 14], ["Henkels & McCoy, Inc.", 21], ["Henry Street Settlement", 23], ["The Fortune Society, Inc.", 25], ["Arbor Employment and Training", 29]], "longest_values": [["Research Foundation of CUNY on behalf of Medgar Evers College", 61], ["NYSARC, Inc, NYC Chapter Assn for Help of Retarded Children", 59], ["Federation Employment & Guidance Services (FEGS)", 48], ["International Sheet Metal Workers Local Union 28", 48], ["New York Center for Interpersonal Development ", 46]], "average_length": 36.75}]}, {"column_name": "Contact Number", "number_non_empty_cells": 20, "number_empty_cells": 0, "number_distinct_values": 18, "frequent_values": ["718.369.0303", "917.856.2368", "212.571.1690", "718.784.6173 ext. 429", "212.478.5400 ext. 210"], "dataTypes": [{"type": "TEXT", "count": 20, "shortest_values": [["917.856.2368", 12], ["718.623.4031", 12], ["718.742.3499", 12], ["212.571.1690", 12], ["718.462.4244", 12]], "longest_values": [["212.478.5400 ext. 210", 21], ["718.784.6173 ext. 429", 21], ["212.691.7554 ext. 704", 21], ["718.726.9790 ext.127", 20], ["917.856.2368", 12]], "average_length": 13.750000000000002}]}, {"column_name": "Grade Level / Age Group ", "number_non_empty_cells": 20, "number_empty_cells": 0, "number_distinct_values": 1, "frequent_values": ["16 to 21"], "dataTypes": [{"type": "TEXT", "count": 20, "shortest_values": [["16 to 21", 8], ["16 to 21", 8], ["16 to 21", 8], ["16 to 21", 8], ["16 to 21", 8]], "longest_values": [["16 to 21", 8], ["16 to 21", 8], ["16 to 21", 8], ["16 to 21", 8], ["16 to 21", 8]], "average_length": 8.0}]}, {"column_name": "Location 1", "number_non_empty_cells": 0, "number_empty_cells": 20, "number_distinct_values": 1, "frequent_values": [null], "dataTypes": []}, {"column_name": "Latitude", "number_non_empty_cells": 18, "number_empty_cells": 2, "number_distinct_values": 19, "frequent_values": [40.667253, 40.850677, 40.750433, 40.814478, 40.74519], "dataTypes": [{"type": "REAL", "count": 18, "max_value": 40.881486, "min_value": 40.642992, "mean": 40.735196055555555, "stddev": 0.06382505191491315}]}, {"column_name": "Longitude", "number_non_empty_cells": 18, "number_empty_cells": 2, "number_distinct_values": 19, "frequent_values": [-73.952765, -74.00469, -73.819077, -73.91682, -73.999203], "dataTypes": [{"type": "REAL", "count": 18, "max_value": -73.819077, "min_value": -74.076954, "mean": -73.95084772222222, "stddev": 0.05384860278576031}]}, {"column_name": "Community Board", "number_non_empty_cells": 18, "number_empty_cells": 2, "number_distinct_values": 8, "frequent_values": [1, 7, 3, 2, 5], "dataTypes": [{"type": "INTEGER (LONG)", "count": 18, "max_value": 14, "min_value": 1, "mean": 4.111111111111111, "stddev": 3.446236093171293}]}, {"column_name": "Community Council ", "number_non_empty_cells": 18, "number_empty_cells": 2, "number_distinct_values": 15, "frequent_values": [26, 1, 33, 40, 22], "dataTypes": [{"type": "INTEGER (LONG)", "count": 18, "max_value": 49, "min_value": 1, "mean": 21.555555555555557, "stddev": 14.51521126352253}]}, {"column_name": "Census Tract", "number_non_empty_cells": 18, "number_empty_cells": 2, "number_distinct_values": 19, "frequent_values": [1, 321, 861, 101, 3], "dataTypes": [{"type": "INTEGER (LONG)", "count": 18, "max_value": 79602, "min_value": 1, "mean": 5787.722222222222, "stddev": 18555.075881774108}]}, {"column_name": "BIN", "number_non_empty_cells": 18, "number_empty_cells": 2, "number_distinct_values": 19, "frequent_values": [2000506, 3116881, 1083493, 3009757, 1066494], "dataTypes": [{"type": "INTEGER (LONG)", "count": 18, "max_value": 5000084, "min_value": 1066494, "mean": 2919523.5, "stddev": 1292342.6104178778}]}, {"column_name": "BBL", "number_non_empty_cells": 18, "number_empty_cells": 2, "number_distinct_values": 19, "frequent_values": [4002390049, 1004777501, 1004100064, 3022750021, 4053750006], "dataTypes": [{"type": "INTEGER (LONG)", "count": 18, "max_value": 5000080060, "min_value": 1002000001, "mean": 2793417112.5, "stddev": 1227595080.4076571}]}, {"column_name": "NTA", "number_non_empty_cells": 18, "number_empty_cells": 2, "number_distinct_values": 15, "frequent_values": ["Hunters Point-Sunnyside-West Maspeth                                       ", "Chinatown                                                                  ", "Bedford                                                                    ", "SoHo-TriBeCa-Civic Center-Little Italy                                     ", "East Flushing                                                              "], "dataTypes": [{"type": "TEXT", "count": 18, "shortest_values": [["Bedford                                                                    ", 75], ["Mott Haven-Port Morris                                                     ", 75], ["Old Astoria                                                                ", 75], ["Chinatown                                                                  ", 75], ["Prospect Lefferts Gardens-Wingate                                          ", 75]], "longest_values": [["Bedford                                                                    ", 75], ["Mott Haven-Port Morris                                                     ", 75], ["Old Astoria                                                                ", 75], ["Chinatown                                                                  ", 75], ["Prospect Lefferts Gardens-Wingate                                          ", 75]], "average_length": 75.0}]}]}