{"dataset_name": "/user/hm74/NYCOpenData/37fm-7uaa.tsv.gz", "columns": [{"column_name": "Name", "number_non_empty_cells": 2, "number_empty_cells": 0, "number_distinct_values": 2, "frequent_values": ["Bronx/Manhattan Customer Contact Center", "Brooklyn/Staten Island Customer Contact Center"], "dataTypes": [{"type": "TEXT", "count": 2, "shortest_values": [["Bronx/Manhattan Customer Contact Center", 39], ["Brooklyn/Staten Island Customer Contact Center", 46]], "longest_values": [["Brooklyn/Staten Island Customer Contact Center", 46], ["Bronx/Manhattan Customer Contact Center", 39]], "average_length": 42.5}]}, {"column_name": "Address 1", "number_non_empty_cells": 2, "number_empty_cells": 0, "number_distinct_values": 2, "frequent_values": ["478 East Fordham Road (1 Fordham Plaza)", "787 Atlantic Avenue"], "dataTypes": [{"type": "TEXT", "count": 2, "shortest_values": [["787 Atlantic Avenue", 19], ["478 East Fordham Road (1 Fordham Plaza)", 39]], "longest_values": [["478 East Fordham Road (1 Fordham Plaza)", 39], ["787 Atlantic Avenue", 19]], "average_length": 29.0}]}, {"column_name": "Address 2", "number_non_empty_cells": 2, "number_empty_cells": 0, "number_distinct_values": 1, "frequent_values": ["2nd Floor"], "dataTypes": [{"type": "TEXT", "count": 2, "shortest_values": [["2nd Floor", 9], ["2nd Floor", 9]], "longest_values": [["2nd Floor", 9], ["2nd Floor", 9]], "average_length": 9.0}]}, {"column_name": "City", "number_non_empty_cells": 2, "number_empty_cells": 0, "number_distinct_values": 2, "frequent_values": ["Brooklyn ", "Bronx"], "dataTypes": [{"type": "TEXT", "count": 2, "shortest_values": [["Bronx", 5], ["Brooklyn ", 9]], "longest_values": [["Brooklyn ", 9], ["Bronx", 5]], "average_length": 7.0}]}, {"column_name": "State", "number_non_empty_cells": 2, "number_empty_cells": 0, "number_distinct_values": 1, "frequent_values": ["NY"], "dataTypes": [{"type": "TEXT", "count": 2, "shortest_values": [["NY", 2], ["NY", 2]], "longest_values": [["NY", 2], ["NY", 2]], "average_length": 2.0}]}, {"column_name": "Zip Code", "number_non_empty_cells": 2, "number_empty_cells": 0, "number_distinct_values": 2, "frequent_values": [10458, 11238], "dataTypes": [{"type": "INTEGER (LONG)", "count": 2, "max_value": 11238, "min_value": 10458, "mean": 10848.0, "stddev": 390.0}]}, {"column_name": "Phone #", "number_non_empty_cells": 2, "number_empty_cells": 0, "number_distinct_values": 1, "frequent_values": ["(718) 707-7771"], "dataTypes": [{"type": "TEXT", "count": 2, "shortest_values": [["(718) 707-7771", 14], ["(718) 707-7771", 14]], "longest_values": [["(718) 707-7771", 14], ["(718) 707-7771", 14]], "average_length": 14.0}]}, {"column_name": "Days", "number_non_empty_cells": 2, "number_empty_cells": 0, "number_distinct_values": 1, "frequent_values": ["Mon.- Fri."], "dataTypes": [{"type": "DATE/TIME", "count": 2, "max_value": "2019-12-06T00:00:00", "min_value": "2019-12-06T00:00:00"}]}, {"column_name": "Hours", "number_non_empty_cells": 2, "number_empty_cells": 0, "number_distinct_values": 1, "frequent_values": ["8am - 5pm"], "dataTypes": [{"type": "TEXT", "count": 2, "shortest_values": [["8am - 5pm", 9], ["8am - 5pm", 9]], "longest_values": [["8am - 5pm", 9], ["8am - 5pm", 9]], "average_length": 9.0}]}, {"column_name": "Latitude", "number_non_empty_cells": 2, "number_empty_cells": 0, "number_distinct_values": 2, "frequent_values": [40.86051, 40.681945], "dataTypes": [{"type": "REAL", "count": 2, "max_value": 40.86051, "min_value": 40.681945, "mean": 40.771227499999995, "stddev": 0.08928250000000126}]}, {"column_name": "Longitude", "number_non_empty_cells": 2, "number_empty_cells": 0, "number_distinct_values": 2, "frequent_values": [-73.968351, -73.889148], "dataTypes": [{"type": "REAL", "count": 2, "max_value": -73.889148, "min_value": -73.968351, "mean": -73.92874950000001, "stddev": 0.039601499999999845}]}, {"column_name": "Community Board", "number_non_empty_cells": 2, "number_empty_cells": 0, "number_distinct_values": 2, "frequent_values": [6, 2], "dataTypes": [{"type": "INTEGER (LONG)", "count": 2, "max_value": 6, "min_value": 2, "mean": 4.0, "stddev": 2.0}]}, {"column_name": "Community Council ", "number_non_empty_cells": 2, "number_empty_cells": 0, "number_distinct_values": 2, "frequent_values": [15, 35], "dataTypes": [{"type": "INTEGER (LONG)", "count": 2, "max_value": 35, "min_value": 15, "mean": 25.0, "stddev": 10.0}]}, {"column_name": "Census Tract", "number_non_empty_cells": 2, "number_empty_cells": 0, "number_distinct_values": 2, "frequent_values": [387, 199], "dataTypes": [{"type": "INTEGER (LONG)", "count": 2, "max_value": 387, "min_value": 199, "mean": 293.0, "stddev": 94.0}]}, {"column_name": "BIN", "number_non_empty_cells": 2, "number_empty_cells": 0, "number_distinct_values": 2, "frequent_values": [2088325, 3335092], "dataTypes": [{"type": "INTEGER (LONG)", "count": 2, "max_value": 3335092, "min_value": 2088325, "mean": 2711708.5, "stddev": 623383.5}]}, {"column_name": "BBL", "number_non_empty_cells": 2, "number_empty_cells": 0, "number_distinct_values": 2, "frequent_values": [3020090001, 2030330053], "dataTypes": [{"type": "INTEGER (LONG)", "count": 2, "max_value": 3020090001, "min_value": 2030330053, "mean": 2525210027.0, "stddev": 494879974.0}]}, {"column_name": "NTA", "number_non_empty_cells": 2, "number_empty_cells": 0, "number_distinct_values": 2, "frequent_values": ["Clinton Hill", "Belmont"], "dataTypes": [{"type": "TEXT", "count": 2, "shortest_values": [["Belmont", 7], ["Clinton Hill", 12]], "longest_values": [["Clinton Hill", 12], ["Belmont", 7]], "average_length": 9.5}]}]}