{"dataset_name": "/user/hm74/NYCOpenData/37it-gmcp.tsv.gz", "columns": [{"column_name": "BBLE", "number_non_empty_cells": 51, "number_empty_cells": 0, "number_distinct_values": 51, "frequent_values": ["1000627501", "1008090053", "1012880007", "1010150029", "1010350017"], "dataTypes": [{"type": "INTEGER (LONG)", "count": 51, "max_value": 10130100012, "min_value": 1000041010, "mean": 1900584477.176471, "stddev": 2706274432.893835}]}, {"column_name": "BBL", "number_non_empty_cells": 51, "number_empty_cells": 0, "number_distinct_values": 51, "frequent_values": ["1-817-7502", "1-1270-71", "1-1288-7", "1-1016-36", "1-1301-23"], "dataTypes": [{"type": "DATE/TIME", "count": 5, "max_value": "2001-01-25T00:00:00", "min_value": "0120-01-16T00:00:00"}, {"type": "TEXT", "count": 46, "shortest_values": [["1-43-1", 6], ["1-46-1", 6], ["1-882-3", 7], ["1-37-23", 7], ["1-192-1", 7]], "longest_values": [["1-1268-1102", 11], ["1-1296-1001", 11], ["1-817-7502", 10], ["1-510-7502", 10], ["1-62-7501", 9]], "average_length": 8.478260869565217}]}, {"column_name": "Borough", "number_non_empty_cells": 51, "number_empty_cells": 0, "number_distinct_values": 1, "frequent_values": ["Manhattan"], "dataTypes": [{"type": "TEXT", "count": 51, "shortest_values": [["Manhattan", 9], ["Manhattan", 9], ["Manhattan", 9], ["Manhattan", 9], ["Manhattan", 9]], "longest_values": [["Manhattan", 9], ["Manhattan", 9], ["Manhattan", 9], ["Manhattan", 9], ["Manhattan", 9]], "average_length": 9.0}]}, {"column_name": "Building Name", "number_non_empty_cells": 51, "number_empty_cells": 0, "number_distinct_values": 51, "frequent_values": ["304 Park Avenue South", "44 Wall Street", "180 Maiden Lane", "125 Park Avenue", "250 Vesey Street"], "dataTypes": [{"type": "TEXT", "count": 51, "shortest_values": [["The Plant", 9], ["915 Broadway", 12], ["2 Wall Street", 13], ["1515 Broadway", 13], ["Puck Building", 13]], "longest_values": [["1350 Avenue of the Americas", 27], ["1185 Avenue of the Americas", 27], ["32 Avenue of the Americas", 25], ["373 Park Avenue South", 21], ["381 Park Avenue South", 21]], "average_length": 17.33333333333333}]}, {"column_name": "Street Address", "number_non_empty_cells": 51, "number_empty_cells": 0, "number_distinct_values": 51, "frequent_values": ["1114 AVENUE OF THE AMERIC", "100 5 AVENUE", "44 WALL STREET", "16 WALKER STREET", "307 WEST 38 STREET"], "dataTypes": [{"type": "TEXT", "count": 51, "shortest_values": [["666 5 AVENUE", 12], ["825 8 AVENUE", 12], ["553 5 AVENUE", 12], ["915 BROADWAY", 12], ["630 3 AVENUE", 12]], "longest_values": [["1114 AVENUE OF THE AMERIC", 25], ["1350 AVENUE OF THE AMERIC", 25], ["1185 AVENUE OF THE AMERIC", 25], ["369 PARK AVENUE SOUTH", 21], ["381 PARK AVENUE SOUTH", 21]], "average_length": 16.68627450980392}]}, {"column_name": "Certification Class", "number_non_empty_cells": 51, "number_empty_cells": 0, "number_distinct_values": 3, "frequent_values": ["Platinum", "Gold", "Silver"], "dataTypes": [{"type": "TEXT", "count": 51, "shortest_values": [["Gold", 4], ["Gold", 4], ["Gold", 4], ["Gold", 4], ["Gold", 4]], "longest_values": [["Platinum", 8], ["Platinum", 8], ["Platinum", 8], ["Platinum", 8], ["Platinum", 8]], "average_length": 6.27450980392157}]}, {"column_name": "# of Carriers", "number_non_empty_cells": 51, "number_empty_cells": 0, "number_distinct_values": 3, "frequent_values": ["5 or more", "4", "3"], "dataTypes": [{"type": "INTEGER (LONG)", "count": 8, "max_value": 4, "min_value": 3, "mean": 3.7499999999999996, "stddev": 0.4330127018922193}, {"type": "TEXT", "count": 43, "shortest_values": [["5 or more", 9], ["5 or more", 9], ["5 or more", 9], ["5 or more", 9], ["5 or more", 9]], "longest_values": [["5 or more", 9], ["5 or more", 9], ["5 or more", 9], ["5 or more", 9], ["5 or more", 9]], "average_length": 9.0}]}, {"column_name": "Coax/Cable Connections", "number_non_empty_cells": 51, "number_empty_cells": 0, "number_distinct_values": 1, "frequent_values": ["Yes"], "dataTypes": [{"type": "TEXT", "count": 51, "shortest_values": [["Yes", 3], ["Yes", 3], ["Yes", 3], ["Yes", 3], ["Yes", 3]], "longest_values": [["Yes", 3], ["Yes", 3], ["Yes", 3], ["Yes", 3], ["Yes", 3]], "average_length": 3.0}]}, {"column_name": "Fiber Connection", "number_non_empty_cells": 51, "number_empty_cells": 0, "number_distinct_values": 1, "frequent_values": ["Yes"], "dataTypes": [{"type": "TEXT", "count": 51, "shortest_values": [["Yes", 3], ["Yes", 3], ["Yes", 3], ["Yes", 3], ["Yes", 3]], "longest_values": [["Yes", 3], ["Yes", 3], ["Yes", 3], ["Yes", 3], ["Yes", 3]], "average_length": 3.0}]}, {"column_name": "Satellite/Fixed Wireless Connection", "number_non_empty_cells": 51, "number_empty_cells": 0, "number_distinct_values": 2, "frequent_values": ["No", "Yes"], "dataTypes": [{"type": "TEXT", "count": 51, "shortest_values": [["No", 2], ["No", 2], ["No", 2], ["No", 2], ["No", 2]], "longest_values": [["Yes", 3], ["Yes", 3], ["Yes", 3], ["Yes", 3], ["Yes", 3]], "average_length": 2.3921568627450984}]}, {"column_name": "Fiber Distribution", "number_non_empty_cells": 51, "number_empty_cells": 0, "number_distinct_values": 3, "frequent_values": ["Full Distribution (all floors)", "Partial Distribution (some floors)", "No Distribution"], "dataTypes": [{"type": "TEXT", "count": 51, "shortest_values": [["No Distribution", 15], ["Full Distribution (all floors)", 30], ["Full Distribution (all floors)", 30], ["Full Distribution (all floors)", 30], ["Full Distribution (all floors)", 30]], "longest_values": [["Partial Distribution (some floors)", 34], ["Partial Distribution (some floors)", 34], ["Partial Distribution (some floors)", 34], ["Partial Distribution (some floors)", 34], ["Partial Distribution (some floors)", 34]], "average_length": 31.039215686274513}]}, {"column_name": "# ISPs", "number_non_empty_cells": 51, "number_empty_cells": 0, "number_distinct_values": 3, "frequent_values": ["5 or more", "3", "4"], "dataTypes": [{"type": "INTEGER (LONG)", "count": 12, "max_value": 4, "min_value": 3, "mean": 3.5, "stddev": 0.4999999999999999}, {"type": "TEXT", "count": 39, "shortest_values": [["5 or more", 9], ["5 or more", 9], ["5 or more", 9], ["5 or more", 9], ["5 or more", 9]], "longest_values": [["5 or more", 9], ["5 or more", 9], ["5 or more", 9], ["5 or more", 9], ["5 or more", 9]], "average_length": 9.0}]}, {"column_name": "Multiple Points of Entry", "number_non_empty_cells": 51, "number_empty_cells": 0, "number_distinct_values": 2, "frequent_values": ["Yes", "No"], "dataTypes": [{"type": "TEXT", "count": 51, "shortest_values": [["No", 2], ["No", 2], ["No", 2], ["No", 2], ["No", 2]], "longest_values": [["Yes", 3], ["Yes", 3], ["Yes", 3], ["Yes", 3], ["Yes", 3]], "average_length": 2.8823529411764706}]}, {"column_name": "Designated Telecom Utility Space", "number_non_empty_cells": 51, "number_empty_cells": 0, "number_distinct_values": 4, "frequent_values": ["Combination of open, shared, and dedicated  space", "Dedicated room", "Common (shared) room", "Hallway/Open Space"], "dataTypes": [{"type": "TEXT", "count": 51, "shortest_values": [["Dedicated room", 14], ["Dedicated room", 14], ["Dedicated room", 14], ["Dedicated room", 14], ["Dedicated room", 14]], "longest_values": [["Combination of open, shared, and dedicated  space", 49], ["Combination of open, shared, and dedicated  space", 49], ["Combination of open, shared, and dedicated  space", 49], ["Combination of open, shared, and dedicated  space", 49], ["Combination of open, shared, and dedicated  space", 49]], "average_length": 35.27450980392157}]}, {"column_name": "Additional Telecom Space", "number_non_empty_cells": 51, "number_empty_cells": 0, "number_distinct_values": 2, "frequent_values": ["Yes", "No"], "dataTypes": [{"type": "TEXT", "count": 51, "shortest_values": [["No", 2], ["No", 2], ["No", 2], ["No", 2], ["Yes", 3]], "longest_values": [["Yes", 3], ["Yes", 3], ["Yes", 3], ["Yes", 3], ["Yes", 3]], "average_length": 2.92156862745098}]}, {"column_name": "Riser Space for Current Providers", "number_non_empty_cells": 51, "number_empty_cells": 0, "number_distinct_values": 1, "frequent_values": ["Yes"], "dataTypes": [{"type": "TEXT", "count": 51, "shortest_values": [["Yes", 3], ["Yes", 3], ["Yes", 3], ["Yes", 3], ["Yes", 3]], "longest_values": [["Yes", 3], ["Yes", 3], ["Yes", 3], ["Yes", 3], ["Yes", 3]], "average_length": 3.0}]}, {"column_name": "Riser Space for Additional Providers", "number_non_empty_cells": 51, "number_empty_cells": 0, "number_distinct_values": 2, "frequent_values": ["Yes", "No"], "dataTypes": [{"type": "TEXT", "count": 51, "shortest_values": [["No", 2], ["No", 2], ["No", 2], ["Yes", 3], ["Yes", 3]], "longest_values": [["Yes", 3], ["Yes", 3], ["Yes", 3], ["Yes", 3], ["Yes", 3]], "average_length": 2.941176470588235}]}, {"column_name": "Diverse Riser Locations", "number_non_empty_cells": 51, "number_empty_cells": 0, "number_distinct_values": 2, "frequent_values": ["Yes", "Does not have two or more diverse riser locations"], "dataTypes": [{"type": "TEXT", "count": 51, "shortest_values": [["Yes", 3], ["Yes", 3], ["Yes", 3], ["Yes", 3], ["Yes", 3]], "longest_values": [["Does not have two or more diverse riser locations", 49], ["Does not have two or more diverse riser locations", 49], ["Does not have two or more diverse riser locations", 49], ["Does not have two or more diverse riser locations", 49], ["Does not have two or more diverse riser locations", 49]], "average_length": 14.725490196078429}]}, {"column_name": "Signed POEs", "number_non_empty_cells": 51, "number_empty_cells": 0, "number_distinct_values": 2, "frequent_values": ["Yes - for installed connections", "None available"], "dataTypes": [{"type": "TEXT", "count": 51, "shortest_values": [["None available", 14], ["None available", 14], ["None available", 14], ["None available", 14], ["None available", 14]], "longest_values": [["Yes - for installed connections", 31], ["Yes - for installed connections", 31], ["Yes - for installed connections", 31], ["Yes - for installed connections", 31], ["Yes - for installed connections", 31]], "average_length": 26.66666666666666}]}, {"column_name": "Agreements", "number_non_empty_cells": 51, "number_empty_cells": 0, "number_distinct_values": 2, "frequent_values": ["Yes", "No"], "dataTypes": [{"type": "TEXT", "count": 51, "shortest_values": [["No", 2], ["No", 2], ["No", 2], ["No", 2], ["No", 2]], "longest_values": [["Yes", 3], ["Yes", 3], ["Yes", 3], ["Yes", 3], ["Yes", 3]], "average_length": 2.6470588235294117}]}, {"column_name": "New Service Providers", "number_non_empty_cells": 51, "number_empty_cells": 0, "number_distinct_values": 2, "frequent_values": ["Yes", "No capability available"], "dataTypes": [{"type": "TEXT", "count": 51, "shortest_values": [["Yes", 3], ["Yes", 3], ["Yes", 3], ["Yes", 3], ["Yes", 3]], "longest_values": [["No capability available", 23], ["No capability available", 23], ["No capability available", 23], ["No capability available", 23], ["Yes", 3]], "average_length": 4.568627450980393}]}, {"column_name": "ISPs", "number_non_empty_cells": 51, "number_empty_cells": 0, "number_distinct_values": 50, "frequent_values": ["Verizon,Time Warner Cable,Lightpath,Lightower,Cogent,AT&T,Abovenet", "Verizon,TW Telecom,Time Warner Cable,Cogent,Broadview,AT&T", "XO Communications,Verizon,Time Warner Cable", "Other,Zayo,Verizon,Time Warner Cable,Reliance,Cogent,AT&T,Abovenet", "RCN,Time Warner Cable,Lightower,AT&T,Verizon"], "dataTypes": [{"type": "TEXT", "count": 51, "shortest_values": [["Towerstream,Verizon,Cogent", 26], ["Verizon,Time Warner Cable,MegaPath", 34], ["Lightower,Time Warner Cable,Verizon", 35], ["Verizon,Time Warner Cable,OCG,Cogent", 36], ["AT&T,Other,Time Warner Cable,Verizon", 36]], "longest_values": [["Other,Zayo,XO Communications,Verizon,TW Telecom,Towerstream,Time Warner Cable,Sprint,Reliance,RCN,Rainbow Broadband,OCG,Lightpath,Lightower,Level(3),Cogent,Century Link,AT&T,Abovenet", 182], ["XO Communications,Verizon,Time Warner Cable,Lightpath,Lightower,Level(3),Zayo,Reliance Globalcom,Cogent,AT&T,Verizon Business,Sprint,CDS", 136], ["Verizon FIOS,Verizon,TW Telecom,Time Warner Cable,Sidera,Rainbow Broadband,Lightpath,Covad,Cogent,Broadview,AT&T,Abovenet", 121], ["Zayo,Verizon FIOS,Verizon,Time Warner Cable,Rainbow Broadband,Lightpath,Lightower,Cogent", 88], ["Verizon,TW Telecom,Time Warner Cable,Lightpath,Lightower,Level(3),Cogent,AT&T,Abovenet", 86]], "average_length": 60.62745098039216}]}, {"column_name": "Latitude", "number_non_empty_cells": 47, "number_empty_cells": 4, "number_distinct_values": 48, "frequent_values": [40.762963, 40.702444, 40.711537, 40.755842, 40.705189], "dataTypes": [{"type": "REAL", "count": 47, "max_value": 40.770125, "min_value": 40.702444, "mean": 40.742879489361684, "stddev": 0.019410042729489645}]}, {"column_name": "Longitude", "number_non_empty_cells": 47, "number_empty_cells": 4, "number_distinct_values": 48, "frequent_values": [-73.983073, -73.976641, -73.986507, -74.015442, -73.973256], "dataTypes": [{"type": "REAL", "count": 47, "max_value": -73.968333, "min_value": -74.015673, "mean": -73.98809027659573, "stddev": 0.01337217359072563}]}, {"column_name": "Community Board", "number_non_empty_cells": 47, "number_empty_cells": 4, "number_distinct_values": 6, "frequent_values": [5, 1, 6, 4, 2], "dataTypes": [{"type": "INTEGER (LONG)", "count": 47, "max_value": 6, "min_value": 1, "mean": 4.106382978723404, "stddev": 1.7287806864486706}]}, {"column_name": "Community Council ", "number_non_empty_cells": 47, "number_empty_cells": 4, "number_distinct_values": 6, "frequent_values": [4, 1, 3, 2, 6], "dataTypes": [{"type": "INTEGER (LONG)", "count": 47, "max_value": 6, "min_value": 1, "mean": 2.808510638297872, "stddev": 1.282256950920797}]}, {"column_name": "Census Tract", "number_non_empty_cells": 47, "number_empty_cells": 4, "number_distinct_values": 32, "frequent_values": [80, 92, 119, 56, 7], "dataTypes": [{"type": "INTEGER (LONG)", "count": 47, "max_value": 31704, "min_value": 7, "mean": 1659.4680851063831, "stddev": 6534.041067709428}]}, {"column_name": "BIN", "number_non_empty_cells": 47, "number_empty_cells": 4, "number_distinct_values": 48, "frequent_values": [1036466, 1024686, 1024714, 1016287, 1069581], "dataTypes": [{"type": "INTEGER (LONG)", "count": 47, "max_value": 1085972, "min_value": 1000005, "mean": 1029106.7872340425, "stddev": 24570.796983875305}]}, {"column_name": "NTA", "number_non_empty_cells": 47, "number_empty_cells": 4, "number_distinct_values": 9, "frequent_values": ["Midtown-Midtown South                                                      ", "Battery Park City-Lower Manhattan                                          ", "Turtle Bay-East Midtown                                                    ", "Murray Hill-Kips Bay                                                       ", "Hudson Yards-Chelsea-Flatiron-Union Square                                 "], "dataTypes": [{"type": "TEXT", "count": 47, "shortest_values": [["Midtown-Midtown South                                                      ", 75], ["Battery Park City-Lower Manhattan                                          ", 75], ["Battery Park City-Lower Manhattan                                          ", 75], ["Battery Park City-Lower Manhattan                                          ", 75], ["Battery Park City-Lower Manhattan                                          ", 75]], "longest_values": [["Midtown-Midtown South                                                      ", 75], ["Battery Park City-Lower Manhattan                                          ", 75], ["Battery Park City-Lower Manhattan                                          ", 75], ["Battery Park City-Lower Manhattan                                          ", 75], ["Battery Park City-Lower Manhattan                                          ", 75]], "average_length": 75.0}]}, {"column_name": "Postcode", "number_non_empty_cells": 47, "number_empty_cells": 4, "number_distinct_values": 22, "frequent_values": [10017, 10036, 10022, 10016, 10019], "dataTypes": [{"type": "INTEGER (LONG)", "count": 47, "max_value": 10281, "min_value": 10003, "mean": 10038.40425531915, "stddev": 62.668210942577524}]}, {"column_name": "Council District", "number_non_empty_cells": 47, "number_empty_cells": 4, "number_distinct_values": 6, "frequent_values": [4, 1, 3, 2, 6], "dataTypes": [{"type": "INTEGER (LONG)", "count": 47, "max_value": 6, "min_value": 1, "mean": 2.808510638297872, "stddev": 1.282256950920797}]}]}