{"dataset_name": "/user/hm74/NYCOpenData/38ib-pjw5.tsv.gz", "columns": [{"column_name": "Cohort Year", "number_non_empty_cells": 46, "number_empty_cells": 0, "number_distinct_values": 7, "frequent_values": [2006, 2004, 2005, 2001, 2003], "dataTypes": [{"type": "INTEGER (LONG)", "count": 46, "max_value": 2007, "min_value": 2001, "mean": 2003.9999999999995, "stddev": 1.8650096164807421}]}, {"column_name": "Cohort Category", "number_non_empty_cells": 46, "number_empty_cells": 0, "number_distinct_values": 6, "frequent_values": ["4 Year  June", "5 Year", "6 Year", "4 Year August", "5 Year August"], "dataTypes": [{"type": "TEXT", "count": 46, "shortest_values": [["5 Year", 6], ["6 Year", 6], ["5 Year", 6], ["6 Year", 6], ["5 Year", 6]], "longest_values": [["4 Year August", 13], ["4 Year August", 13], ["4 Year August", 13], ["5 Year August", 13], ["4 Year August", 13]], "average_length": 9.608695652173912}]}, {"column_name": "Demographic", "number_non_empty_cells": 46, "number_empty_cells": 0, "number_distinct_values": 2, "frequent_values": ["English Language Learner", "English Language Proficient"], "dataTypes": [{"type": "TEXT", "count": 46, "shortest_values": [["English Language Learner", 24], ["English Language Learner", 24], ["English Language Learner", 24], ["English Language Learner", 24], ["English Language Learner", 24]], "longest_values": [["English Language Proficient", 27], ["English Language Proficient", 27], ["English Language Proficient", 27], ["English Language Proficient", 27], ["English Language Proficient", 27]], "average_length": 25.500000000000004}]}, {"column_name": "Total Cohort Num", "number_non_empty_cells": 46, "number_empty_cells": 0, "number_distinct_values": 26, "frequent_values": ["67,057", "10,540", "7,454", "63,603", "70,032"], "dataTypes": [{"type": "DATE/TIME", "count": 20, "max_value": "2056-09-06T00:00:00", "min_value": "0158-09-06T00:00:00"}, {"type": "TEXT", "count": 26, "shortest_values": [["10,540", 6], ["10,540", 6], ["10,540", 6], ["63,603", 6], ["63,603", 6]], "longest_values": [["10,540", 6], ["10,540", 6], ["10,540", 6], ["63,603", 6], ["63,603", 6]], "average_length": 6.0}]}, {"column_name": "Total Grads Num", "number_non_empty_cells": 46, "number_empty_cells": 0, "number_distinct_values": 46, "frequent_values": ["47,985", "4,065", "3,899", "3,755", "41,481"], "dataTypes": [{"type": "DATE/TIME", "count": 23, "max_value": "2065-04-06T00:00:00", "min_value": "0105-03-06T00:00:00"}, {"type": "TEXT", "count": 23, "shortest_values": [["31,712", 6], ["37,397", 6], ["39,055", 6], ["34,861", 6], ["41,481", 6]], "longest_values": [["31,712", 6], ["37,397", 6], ["39,055", 6], ["34,861", 6], ["41,481", 6]], "average_length": 6.0}]}, {"column_name": "Total Grads Pct of cohort", "number_non_empty_cells": 46, "number_empty_cells": 0, "number_distinct_values": 44, "frequent_values": ["61.40%", "52.00%", "35.80%", "42.20%", "67.60%"], "dataTypes": [{"type": "TEXT", "count": 46, "shortest_values": [["26.50%", 6], ["37.20%", 6], ["40.80%", 6], ["22.70%", 6], ["31.60%", 6]], "longest_values": [["26.50%", 6], ["37.20%", 6], ["40.80%", 6], ["22.70%", 6], ["31.60%", 6]], "average_length": 6.0}]}, {"column_name": "Total Regents Num", "number_non_empty_cells": 46, "number_empty_cells": 0, "number_distinct_values": 46, "frequent_values": ["32,358", "2,573", "1,216", "24,459", "23,047"], "dataTypes": [{"type": "INTEGER (LONG)", "count": 5, "max_value": 992, "min_value": 639, "mean": 838.0, "stddev": 118.8427532498301}, {"type": "DATE/TIME", "count": 18, "max_value": "2019-03-13T00:00:00", "min_value": "0159-01-06T00:00:00"}, {"type": "TEXT", "count": 23, "shortest_values": [["21,205", 6], ["22,692", 6], ["23,047", 6], ["24,459", 6], ["26,684", 6]], "longest_values": [["21,205", 6], ["22,692", 6], ["23,047", 6], ["24,459", 6], ["26,684", 6]], "average_length": 6.0}]}, {"column_name": "Total Regents Pct of cohort", "number_non_empty_cells": 46, "number_empty_cells": 0, "number_distinct_values": 45, "frequent_values": ["40.40%", "45.70%", "30.70%", "36.50%", "10.70%"], "dataTypes": [{"type": "TEXT", "count": 46, "shortest_values": [["9.00%", 5], ["8.60%", 5], ["11.70%", 6], ["12.20%", 6], ["10.70%", 6]], "longest_values": [["11.70%", 6], ["12.20%", 6], ["10.70%", 6], ["11.50%", 6], ["11.10%", 6]], "average_length": 5.956521739130434}]}, {"column_name": "Total Regents Pct of grads", "number_non_empty_cells": 46, "number_empty_cells": 0, "number_distinct_values": 45, "frequent_values": ["44.30%", "61.60%", "31.50%", "30.10%", "49.50%"], "dataTypes": [{"type": "TEXT", "count": 46, "shortest_values": [["35.50%", 6], ["31.50%", 6], ["30.10%", 6], ["37.80%", 6], ["33.70%", 6]], "longest_values": [["35.50%", 6], ["31.50%", 6], ["30.10%", 6], ["37.80%", 6], ["33.70%", 6]], "average_length": 6.0}]}, {"column_name": "Advanced Regents Num", "number_non_empty_cells": 46, "number_empty_cells": 0, "number_distinct_values": 43, "frequent_values": ["12,442", "633", " n/a ", "9,093", "12,105"], "dataTypes": [{"type": "INTEGER (LONG)", "count": 22, "max_value": 647, "min_value": 132, "mean": 466.04545454545456, "stddev": 164.23029209915939}, {"type": "DATE/TIME", "count": 6, "max_value": "1993-09-06T00:00:00", "min_value": "0303-09-06T00:00:00"}, {"type": "TEXT", "count": 18, "shortest_values": [[" n/a ", 5], [" n/a ", 5], ["11,066", 6], ["11,236", 6], ["11,244", 6]], "longest_values": [["11,066", 6], ["11,236", 6], ["11,244", 6], ["12,105", 6], ["12,283", 6]], "average_length": 5.888888888888889}]}, {"column_name": "Advanced Regents Pct of cohort", "number_non_empty_cells": 46, "number_empty_cells": 0, "number_distinct_values": 31, "frequent_values": ["14.30%", "17.50%", "18.20%", "6.80%", "17.80%"], "dataTypes": [{"type": "TEXT", "count": 46, "shortest_values": [["3.00%", 5], ["3.50%", 5], ["3.60%", 5], ["1.80%", 5], ["2.40%", 5]], "longest_values": [["14.00%", 6], ["14.30%", 6], ["14.30%", 6], ["13.90%", 6], ["14.30%", 6]], "average_length": 5.478260869565216}]}, {"column_name": "Advanced Regents Pct of grads", "number_non_empty_cells": 46, "number_empty_cells": 0, "number_distinct_values": 43, "frequent_values": ["13.30%", "14.10%", " n/a ", "13.00%", "10.70%"], "dataTypes": [{"type": "TEXT", "count": 46, "shortest_values": [["9.50%", 5], ["8.80%", 5], ["7.80%", 5], ["7.50%", 5], ["6.80%", 5]], "longest_values": [["11.30%", 6], ["14.10%", 6], ["11.50%", 6], ["10.70%", 6], ["16.00%", 6]], "average_length": 5.847826086956522}]}, {"column_name": "Regents w/o Advanced Num", "number_non_empty_cells": 46, "number_empty_cells": 0, "number_distinct_values": 45, "frequent_values": [" n/a ", "15,470", "13,954", "1,421", "862"], "dataTypes": [{"type": "INTEGER (LONG)", "count": 9, "max_value": 911, "min_value": 507, "mean": 724.3333333333334, "stddev": 129.5076145337494}, {"type": "DATE/TIME", "count": 13, "max_value": "2019-01-17T00:00:00", "min_value": "0150-02-06T00:00:00"}, {"type": "TEXT", "count": 24, "shortest_values": [[" n/a ", 5], [" n/a ", 5], ["12,271", 6], ["13,614", 6], ["13,954", 6]], "longest_values": [["12,271", 6], ["13,614", 6], ["13,954", 6], ["15,156", 6], ["17,115", 6]], "average_length": 5.916666666666667}]}, {"column_name": "Regents w/o Advanced Pct of cohort", "number_non_empty_cells": 46, "number_empty_cells": 0, "number_distinct_values": 42, "frequent_values": [" n/a ", "38.50%", "23.50%", "34.40%", "6.40%"], "dataTypes": [{"type": "TEXT", "count": 46, "shortest_values": [["6.40%", 5], ["8.20%", 5], ["8.60%", 5], ["6.80%", 5], ["8.30%", 5]], "longest_values": [["10.60%", 6], ["12.00%", 6], ["14.90%", 6], ["15.70%", 6], ["15.10%", 6]], "average_length": 5.782608695652172}]}, {"column_name": "Regents w/o Advanced Pct of grads", "number_non_empty_cells": 46, "number_empty_cells": 0, "number_distinct_values": 44, "frequent_values": ["36.40%", " n/a ", "53.00%", "38.10%", "39.90%"], "dataTypes": [{"type": "TEXT", "count": 46, "shortest_values": [[" n/a ", 5], [" n/a ", 5], ["24.30%", 6], ["22.00%", 6], ["21.20%", 6]], "longest_values": [["24.30%", 6], ["22.00%", 6], ["21.20%", 6], ["30.00%", 6], ["26.30%", 6]], "average_length": 5.956521739130435}]}, {"column_name": "Local Num", "number_non_empty_cells": 46, "number_empty_cells": 0, "number_distinct_values": 46, "frequent_values": ["10,530", "6,603", "2,066", "15,925", "13,063"], "dataTypes": [{"type": "INTEGER (LONG)", "count": 1, "max_value": 955, "min_value": 955, "mean": 955.0, "stddev": 0.0}, {"type": "DATE/TIME", "count": 27, "max_value": "2066-02-06T00:00:00", "min_value": "0143-01-06T00:00:00"}, {"type": "TEXT", "count": 18, "shortest_values": [["10,530", 6], ["14,764", 6], ["16,152", 6], ["10,427", 6], ["15,047", 6]], "longest_values": [["10,530", 6], ["14,764", 6], ["16,152", 6], ["10,427", 6], ["15,047", 6]], "average_length": 6.0}]}, {"column_name": "Local Pct of cohort", "number_non_empty_cells": 46, "number_empty_cells": 0, "number_distinct_values": 43, "frequent_values": ["15.80%", "23.20%", "25.40%", "14.20%", "13.40%"], "dataTypes": [{"type": "TEXT", "count": 46, "shortest_values": [["7.60%", 5], ["9.40%", 5], ["17.10%", 6], ["25.60%", 6], ["28.70%", 6]], "longest_values": [["17.10%", 6], ["25.60%", 6], ["28.70%", 6], ["14.20%", 6], ["21.20%", 6]], "average_length": 5.956521739130435}]}, {"column_name": "Local Pct of grads", "number_non_empty_cells": 46, "number_empty_cells": 0, "number_distinct_values": 45, "frequent_values": ["55.70%", "11.90%", "50.50%", "64.60%", "38.10%"], "dataTypes": [{"type": "TEXT", "count": 46, "shortest_values": [["64.60%", 6], ["68.90%", 6], ["70.50%", 6], ["62.80%", 6], ["67.00%", 6]], "longest_values": [["64.60%", 6], ["68.90%", 6], ["70.50%", 6], ["62.80%", 6], ["67.00%", 6]], "average_length": 6.0}]}, {"column_name": "Still Enrolled Num", "number_non_empty_cells": 46, "number_empty_cells": 0, "number_distinct_values": 46, "frequent_values": ["17,556", "7,470", "6,819", "3,241", "17,199"], "dataTypes": [{"type": "INTEGER (LONG)", "count": 5, "max_value": 697, "min_value": 454, "mean": 599.0, "stddev": 83.6731737177454}, {"type": "DATE/TIME", "count": 30, "max_value": "2062-03-06T00:00:00", "min_value": "0133-05-06T00:00:00"}, {"type": "TEXT", "count": 11, "shortest_values": [["17,199", 6], ["18,659", 6], ["17,993", 6], ["17,556", 6], ["14,746", 6]], "longest_values": [["17,199", 6], ["18,659", 6], ["17,993", 6], ["17,556", 6], ["14,746", 6]], "average_length": 6.0}]}, {"column_name": "Still Enrolled Pct of cohort", "number_non_empty_cells": 46, "number_empty_cells": 0, "number_distinct_values": 44, "frequent_values": ["22.20%", "17.90%", "11.00%", "10.90%", "10.70%"], "dataTypes": [{"type": "TEXT", "count": 46, "shortest_values": [["6.20%", 5], ["9.40%", 5], ["7.10%", 5], ["7.50%", 5], ["5.20%", 5]], "longest_values": [["37.00%", 6], ["14.40%", 6], ["41.10%", 6], ["19.50%", 6], ["41.20%", 6]], "average_length": 5.695652173913046}]}, {"column_name": "Dropped Out Num", "number_non_empty_cells": 46, "number_empty_cells": 0, "number_distinct_values": 44, "frequent_values": ["1,700", "1,840", "4,598", "16,784", "9,310"], "dataTypes": [{"type": "DATE/TIME", "count": 32, "max_value": "2041-03-06T00:00:00", "min_value": "0111-03-06T00:00:00"}, {"type": "TEXT", "count": 14, "shortest_values": [["13,117", 6], ["17,189", 6], ["18,940", 6], ["11,428", 6], ["15,393", 6]], "longest_values": [["13,117", 6], ["17,189", 6], ["18,940", 6], ["11,428", 6], ["15,393", 6]], "average_length": 6.0}]}, {"column_name": "Dropped Out Pct of cohort", "number_non_empty_cells": 46, "number_empty_cells": 0, "number_distinct_values": 37, "frequent_values": ["19.80%", "10.90%", "21.70%", "11.10%", "31.30%"], "dataTypes": [{"type": "TEXT", "count": 46, "shortest_values": [["30.60%", 6], ["39.80%", 6], ["43.60%", 6], ["31.30%", 6], ["40.80%", 6]], "longest_values": [["30.60%", 6], ["39.80%", 6], ["43.60%", 6], ["31.30%", 6], ["40.80%", 6]], "average_length": 6.0}]}]}