{"dataset_name": "/user/hm74/NYCOpenData/3955-c36a.tsv.gz", "columns": [{"column_name": "Service", "number_non_empty_cells": 42, "number_empty_cells": 0, "number_distinct_values": 6, "frequent_values": ["Clinic or emergency room visit for children or pregnant women", "Ambulatory Surgery and MRI testing for adults and children", "Hospital Stays, if your savings are less than $8,000.", "Prescription Drugs or Pharmacy co-pays per prescription", "Patient co-pays and deductibles"], "dataTypes": [{"type": "TEXT", "count": 42, "shortest_values": [["Patient co-pays and deductibles", 31], ["Patient co-pays and deductibles", 31], ["Patient co-pays and deductibles", 31], ["Patient co-pays and deductibles", 31], ["Patient co-pays and deductibles", 31]], "longest_values": [["Clinic or emergency room visit for children or pregnant women", 61], ["Clinic or emergency room visit for children or pregnant women", 61], ["Clinic or emergency room visit for children or pregnant women", 61], ["Clinic or emergency room visit for children or pregnant women", 61], ["Clinic or emergency room visit for children or pregnant women", 61]], "average_length": 49.833333333333336}]}, {"column_name": "HHC Options Reduced Fee Level", "number_non_empty_cells": 42, "number_empty_cells": 0, "number_distinct_values": 7, "frequent_values": [1, 6, 3, 5, 4], "dataTypes": [{"type": "INTEGER (LONG)", "count": 42, "max_value": 7, "min_value": 1, "mean": 4.0, "stddev": 2.0}]}, {"column_name": "Fee", "number_non_empty_cells": 36, "number_empty_cells": 6, "number_distinct_values": 26, "frequent_values": [0.0, 15.0, 20.0, 18.0, 10.0], "dataTypes": [{"type": "REAL", "count": 36, "max_value": 5000.0, "min_value": 0.0, "mean": 384.91666666666663, "stddev": 969.0544754495945}]}]}