{"dataset_name": "/user/hm74/NYCOpenData/395v-hkhg.tsv.gz", "columns": [{"column_name": "Category", "number_non_empty_cells": 30, "number_empty_cells": 0, "number_distinct_values": 30, "frequent_values": ["Salary History", "Unemployment Status", "Race", "Conviction Record", "Retaliation"], "dataTypes": [{"type": "TEXT", "count": 30, "shortest_values": [["Age", 3], ["Race", 4], ["Color", 5], ["Creed", 5], ["Gender", 6]], "longest_values": [["Interference with Protected Rights", 34], ["Victims of Domestic Violence", 28], ["Domestic Partnership Status", 27], ["Protected Class Not Stated", 26], ["Uniformed Services Member", 25]], "average_length": 15.866666666666667}]}, {"column_name": "Bias-Based Profiling", "number_non_empty_cells": 8, "number_empty_cells": 22, "number_distinct_values": 6, "frequent_values": [1, 15, 3, 6, 2], "dataTypes": [{"type": "INTEGER (LONG)", "count": 8, "max_value": 15, "min_value": 1, "mean": 3.75, "stddev": 4.548351349665063}]}, {"column_name": "Discriminatory Harassment", "number_non_empty_cells": 12, "number_empty_cells": 18, "number_distinct_values": 10, "frequent_values": [2, 6, 17, 1, 5], "dataTypes": [{"type": "INTEGER (LONG)", "count": 12, "max_value": 64, "min_value": 1, "mean": 10.666666666666668, "stddev": 16.659998666133063}]}, {"column_name": "Employment", "number_non_empty_cells": 25, "number_empty_cells": 5, "number_distinct_values": 23, "frequent_values": [23, 4, 2, 1616, 108], "dataTypes": [{"type": "INTEGER (LONG)", "count": 25, "max_value": 1616, "min_value": 2, "mean": 129.28, "stddev": 314.01853703244973}]}, {"column_name": "Housing", "number_non_empty_cells": 21, "number_empty_cells": 9, "number_distinct_values": 21, "frequent_values": [2, 20, 22, 53, 1], "dataTypes": [{"type": "INTEGER (LONG)", "count": 21, "max_value": 1346, "min_value": 1, "mean": 128.1904761904762, "stddev": 294.68879776527757}]}, {"column_name": "Lending Practices", "number_non_empty_cells": 2, "number_empty_cells": 28, "number_distinct_values": 2, "frequent_values": [1, null], "dataTypes": [{"type": "INTEGER (LONG)", "count": 2, "max_value": 1, "min_value": 1, "mean": 1.0, "stddev": 0.0}]}, {"column_name": "Public Accommodations", "number_non_empty_cells": 17, "number_empty_cells": 13, "number_distinct_values": 14, "frequent_values": [3, 5, 1, 2, 31], "dataTypes": [{"type": "INTEGER (LONG)", "count": 17, "max_value": 629, "min_value": 1, "mean": 74.0, "stddev": 149.54086594718947}]}, {"column_name": "Grand Total", "number_non_empty_cells": 30, "number_empty_cells": 0, "number_distinct_values": 25, "frequent_values": [23, 4, 39, 5, 2], "dataTypes": [{"type": "INTEGER (LONG)", "count": 30, "max_value": 10372, "min_value": 2, "mean": 691.4666666666667, "stddev": 2158.274847084021}]}]}