{"dataset_name": "/user/hm74/NYCOpenData/39g5-gbp3.tsv.gz", "columns": [{"column_name": "Publication_Date", "number_non_empty_cells": 6954, "number_empty_cells": 0, "number_distinct_values": 11, "frequent_values": [20190619, 20190207, 20180614, 20190425, 20180426], "dataTypes": [{"type": "INTEGER (LONG)", "count": ["6954"], "mean": ["2.0176860303422492E7"], "stddev": ["10664.968400033486"], "min_value": ["20160426"], "max_value": ["20190619"]}]}, {"column_name": "Fiscal_Year", "number_non_empty_cells": 6954, "number_empty_cells": 0, "number_distinct_values": 4, "frequent_values": [2020, 2019, 2018, 2017], "dataTypes": [{"type": "INTEGER (LONG)", "count": ["6954"], "mean": ["2018.6433707218866"], "stddev": ["1.0687269949139528"], "min_value": ["2017"], "max_value": ["2020"]}]}, {"column_name": "Agency_Number", "number_non_empty_cells": 6954, "number_empty_cells": 0, "number_distinct_values": 140, "frequent_values": ["102", "040", "126", "002", "816"], "dataTypes": [{"type": "INTEGER (LONG)", "count": "6941", "mean": "358.2662440570523", "stddev": "314.6812595279935", "min_value": "2", "max_value": "945"}, {"type": "TEXT", "count": "13", "shortest_values": [["99S", 3], ["99P", 3], ["99C", 3], ["99C", 3], ["99S", 3]], "longest_values": [["99S", 3], ["99P", 3], ["99C", 3], ["99C", 3], ["99S", 3]], "average_length": "3.0"}]}, {"column_name": "Agency_Name", "number_non_empty_cells": 6954, "number_empty_cells": 0, "number_distinct_values": 280, "frequent_values": ["CITY COUNCIL", "DEPARTMENT OF EDUCATION", "DEPARTMENT OF CULTURAL AFFAIRS", "MAYORALTY", "DEPARTMENT OF HEALTH AND MENTAL HYGIENE"], "dataTypes": [{"type": "TEXT", "count": "6954", "shortest_values": [["MAYORALTY", 9], ["MAYORALTY", 9], ["MAYORALTY", 9], ["MAYORALTY", 9], ["MAYORALTY", 9]], "longest_values": [["MAYORALTY                               ", 40], ["MAYORALTY                               ", 40], ["MAYORALTY                               ", 40], ["MAYORALTY                               ", 40], ["MAYORALTY                               ", 40]], "average_length": "26.227782571182054"}]}, {"column_name": "Unit_Appropriation_Number", "number_non_empty_cells": 6954, "number_empty_cells": 0, "number_distinct_values": 201, "frequent_values": [1, 2, 3, 4, 6], "dataTypes": [{"type": "INTEGER (LONG)", "count": ["6954"], "mean": ["146.91386252516537"], "stddev": ["262.98600517703954"], "min_value": ["1"], "max_value": ["890"]}]}, {"column_name": "Unit_Appropriation_Name", "number_non_empty_cells": 6954, "number_empty_cells": 0, "number_distinct_values": 673, "frequent_values": ["OTHER THAN PERSONAL SERVICES", "PERSONAL SERVICES", "RENT AND ENERGY", "RENT", "OTHER THAN PERSONAL SERVICES            "], "dataTypes": [{"type": "TEXT", "count": "6954", "shortest_values": [["RENT", 4], ["RENT", 4], ["RENT", 4], ["RENT", 4], ["RENT", 4]], "longest_values": [["FAMILY & CHILD HLTH AND HLTH EQUITY - PS", 40], ["COMMITTEE ON SANITATION & SOLIDWASTE MGT", 40], ["CITY ASSISTANCE TO NYC HOUSING AUTHORITY", 40], ["MAYOR'S OFFICE OF CONTRACT SERVICES - PS", 40], ["MEN HLTH, RET, ALC,DRUG ABUSE & DIS SVCS", 40]], "average_length": "24.137474834627554"}]}, {"column_name": "Personal_Service/Other_Than_Personal_Service_Indicator", "number_non_empty_cells": 6954, "number_empty_cells": 0, "number_distinct_values": 2, "frequent_values": ["O", "P"], "dataTypes": [{"type": "TEXT", "count": "6954", "shortest_values": [["P", 1], ["P", 1], ["O", 1], ["O", 1], ["O", 1]], "longest_values": [["P", 1], ["P", 1], ["O", 1], ["O", 1], ["O", 1]], "average_length": "1.0"}]}, {"column_name": "Total_Financial_Plan_Amount", "number_non_empty_cells": 6954, "number_empty_cells": 0, "number_distinct_values": 3656, "frequent_values": [1, 0, 7502, 35000000, 1362128], "dataTypes": [{"type": "INTEGER (LONG)", "count": ["6954"], "mean": ["1.413895408441185E8"], "stddev": ["6.722345586831697E8"], "min_value": ["-49843265"], "max_value": ["9859181354"]}]}, {"column_name": "Total_Adopted_Budget_Amount", "number_non_empty_cells": 6954, "number_empty_cells": 0, "number_distinct_values": 1960, "frequent_values": [1, 0, 45002, 35000000, 1362128], "dataTypes": [{"type": "INTEGER (LONG)", "count": ["6954"], "mean": ["1.360863977167098E8"], "stddev": ["6.489037803147355E8"], "min_value": ["0"], "max_value": ["9755614739"]}]}, {"column_name": "Total_Current_Budget_Amount", "number_non_empty_cells": 6954, "number_empty_cells": 0, "number_distinct_values": 4720, "frequent_values": [1, 0, 7502, 45002, 1362128], "dataTypes": [{"type": "INTEGER (LONG)", "count": ["6954"], "mean": ["1.416355000609721E8"], "stddev": ["6.539275551854472E8"], "min_value": ["0"], "max_value": ["9854672069"]}]}, {"column_name": "Federal_Funds_Financial_Plan_Amount", "number_non_empty_cells": 6954, "number_empty_cells": 0, "number_distinct_values": 490, "frequent_values": [0, 3540158, 6867510, 31252556, 429348102], "dataTypes": [{"type": "INTEGER (LONG)", "count": ["6954"], "mean": ["1.0696615558239862E7"], "stddev": ["6.5050453721467145E7"], "min_value": ["0"], "max_value": ["868238704"]}]}, {"column_name": "Federal_Funds_Adopted_Budget_Amount", "number_non_empty_cells": 6954, "number_empty_cells": 0, "number_distinct_values": 351, "frequent_values": [0, 735862, 12020000, 5000000, 31252556], "dataTypes": [{"type": "INTEGER (LONG)", "count": ["6954"], "mean": ["1.0478592772073627E7"], "stddev": ["6.484122801595572E7"], "min_value": ["0"], "max_value": ["868238704"]}]}, {"column_name": "Federal_Funds_Current_Budget_Amount", "number_non_empty_cells": 6954, "number_empty_cells": 0, "number_distinct_values": 955, "frequent_values": [0, 5000000, 6867510, 31252556, 3191944], "dataTypes": [{"type": "INTEGER (LONG)", "count": ["6954"], "mean": ["1.1626579665084843E7"], "stddev": ["6.76970705768877E7"], "min_value": ["0"], "max_value": ["920581424"]}]}, {"column_name": "State__Funds_Financial_Plan_Amount", "number_non_empty_cells": 6954, "number_empty_cells": 0, "number_distinct_values": 553, "frequent_values": [0, 35000000, 32025000, 71945318, 1127000], "dataTypes": [{"type": "INTEGER (LONG)", "count": ["6954"], "mean": ["2.3251229211820535E7"], "stddev": ["1.6307138910416487E8"], "min_value": ["0"], "max_value": ["3295805638"]}]}, {"column_name": "State_Funds_Adopted_Budget_Amount", "number_non_empty_cells": 6954, "number_empty_cells": 0, "number_distinct_values": 380, "frequent_values": [0, 247614, 71945318, 32025000, 35000000], "dataTypes": [{"type": "INTEGER (LONG)", "count": ["6954"], "mean": ["2.231235941486914E7"], "stddev": ["1.5887316102708447E8"], "min_value": ["0"], "max_value": ["3259911489"]}]}, {"column_name": "State_Funds_Current_Budget_Amount_", "number_non_empty_cells": 6954, "number_empty_cells": 0, "number_distinct_values": 960, "frequent_values": [0, 75000, 1127000, 35000000, 32025000], "dataTypes": [{"type": "INTEGER (LONG)", "count": ["6954"], "mean": ["2.308721502430256E7"], "stddev": ["1.604330216444055E8"], "min_value": ["0"], "max_value": ["3302625581"]}]}, {"column_name": "Inter-Fund_Agreement_Funds_Financial_Plan_Amount", "number_non_empty_cells": 6954, "number_empty_cells": 0, "number_distinct_values": 206, "frequent_values": [0, 250000, 370025, 778485, 91364], "dataTypes": [{"type": "INTEGER (LONG)", "count": ["6954"], "mean": ["1071623.26215128"], "stddev": ["8452316.527407976"], "min_value": ["0"], "max_value": ["124885449"]}]}, {"column_name": "Inter-Fund_Agreement_Funds_Adopted_Budget_Amount", "number_non_empty_cells": 6954, "number_empty_cells": 0, "number_distinct_values": 155, "frequent_values": [0, 250000, 370025, 70250, 752000], "dataTypes": [{"type": "INTEGER (LONG)", "count": ["6954"], "mean": ["1027290.8584987058"], "stddev": ["8050473.561833155"], "min_value": ["0"], "max_value": ["115177569"]}]}, {"column_name": "Inter-Fund_Agreement_Funds_Current_Budget_Amount_", "number_non_empty_cells": 6954, "number_empty_cells": 0, "number_distinct_values": 307, "frequent_values": [0, 250000, 370025, 124000, 70250], "dataTypes": [{"type": "INTEGER (LONG)", "count": ["6954"], "mean": ["1024976.8471383377"], "stddev": ["8022763.022054236"], "min_value": ["0"], "max_value": ["118328581"]}]}, {"column_name": "Intra-City_Sales_Funds_Financial_Plan_Amount", "number_non_empty_cells": 6954, "number_empty_cells": 0, "number_distinct_values": 322, "frequent_values": [0, 7500, 20000, 675000, 12000], "dataTypes": [{"type": "INTEGER (LONG)", "count": ["6954"], "mean": ["2844811.238999137"], "stddev": ["2.888088081711709E7"], "min_value": ["0"], "max_value": ["633940338"]}]}, {"column_name": "Intra-City_Sales_Funds_Adopted_Budget_Amount", "number_non_empty_cells": 6954, "number_empty_cells": 0, "number_distinct_values": 265, "frequent_values": [0, 7500, 20000, 400000, 12000], "dataTypes": [{"type": "INTEGER (LONG)", "count": ["6954"], "mean": ["2840254.908973253"], "stddev": ["2.9241867723953635E7"], "min_value": ["0"], "max_value": ["718900524"]}]}, {"column_name": "Intra-City_Sales_Funds_Current_Budget_Amount_", "number_non_empty_cells": 6954, "number_empty_cells": 0, "number_distinct_values": 850, "frequent_values": [0, 20000, 95000, 212854, 9855], "dataTypes": [{"type": "INTEGER (LONG)", "count": ["6954"], "mean": ["3361830.246764452"], "stddev": ["2.999155239500381E7"], "min_value": ["0"], "max_value": ["721060688"]}]}, {"column_name": "Other_Categorical_Funds_Financial_Plan_Amount", "number_non_empty_cells": 6954, "number_empty_cells": 0, "number_distinct_values": 163, "frequent_values": [0, 300000, 1000000, 3000, 30021440], "dataTypes": [{"type": "INTEGER (LONG)", "count": ["6954"], "mean": ["1399449.0532067874"], "stddev": ["1.3352681559887264E7"], "min_value": ["0"], "max_value": ["222357762"]}]}, {"column_name": "Other_Categorical_Funds_Adopted_Budget_Amount", "number_non_empty_cells": 6954, "number_empty_cells": 0, "number_distinct_values": 134, "frequent_values": [0, 300000, 1000000, 3000, 30021440], "dataTypes": [{"type": "INTEGER (LONG)", "count": ["6954"], "mean": ["1373735.0532067874"], "stddev": ["1.300690859005522E7"], "min_value": ["0"], "max_value": ["202370569"]}]}, {"column_name": "Other_Categorical_Funds_Current_Budget_Amount_", "number_non_empty_cells": 6954, "number_empty_cells": 0, "number_distinct_values": 676, "frequent_values": [0, 150000, 300000, 22500, 5000], "dataTypes": [{"type": "INTEGER (LONG)", "count": ["6954"], "mean": ["1595942.4905090595"], "stddev": ["1.3874862340435488E7"], "min_value": ["0"], "max_value": ["288320600"]}]}, {"column_name": "Community_Development_Funds_Financial_Plan_Amount_", "number_non_empty_cells": 6954, "number_empty_cells": 0, "number_distinct_values": 245, "frequent_values": [0, 5507000, 122900, 2097238, 105810], "dataTypes": [{"type": "INTEGER (LONG)", "count": ["6954"], "mean": ["1105484.0730514813"], "stddev": ["1.3122114415294707E7"], "min_value": ["0"], "max_value": ["436693946"]}]}, {"column_name": "Community_Development_Funds_Adopted_Budget_Amount_", "number_non_empty_cells": 6954, "number_empty_cells": 0, "number_distinct_values": 180, "frequent_values": [0, 5507000, 2097238, 122900, 105810], "dataTypes": [{"type": "INTEGER (LONG)", "count": ["6954"], "mean": ["1531555.4568593616"], "stddev": ["1.7462463703932885E7"], "min_value": ["0"], "max_value": ["436693946"]}]}, {"column_name": "Community_Development_Funds_Current_Budget_Amount_", "number_non_empty_cells": 6954, "number_empty_cells": 0, "number_distinct_values": 338, "frequent_values": [0, 1936000, 3246015, 5507000, 2963000], "dataTypes": [{"type": "INTEGER (LONG)", "count": ["6954"], "mean": ["2107373.4263733104"], "stddev": ["2.3102879103418775E7"], "min_value": ["0"], "max_value": ["553581843"]}]}, {"column_name": "City_Funds_Financial_Plan_Amount", "number_non_empty_cells": 6954, "number_empty_cells": 0, "number_distinct_values": 3577, "frequent_values": [1, 0, 130916, 1362128, 45002], "dataTypes": [{"type": "INTEGER (LONG)", "count": ["6954"], "mean": ["1.0102032844664942E8"], "stddev": ["5.741858372830008E8"], "min_value": ["-49843265"], "max_value": ["9714902382"]}]}, {"column_name": "City_Funds_Adopted_Budget_Amount", "number_non_empty_cells": 6954, "number_empty_cells": 0, "number_distinct_values": 1925, "frequent_values": [1, 0, 7502, 1585906, 1362128], "dataTypes": [{"type": "INTEGER (LONG)", "count": ["6954"], "mean": ["9.652260925222893E7"], "stddev": ["5.550496047457681E8"], "min_value": ["0"], "max_value": ["9611335767"]}]}, {"column_name": "City_Funds_Current_Budget_Amount", "number_non_empty_cells": 6954, "number_empty_cells": 0, "number_distinct_values": 4540, "frequent_values": [1, 0, 7502, 45002, 1362128], "dataTypes": [{"type": "INTEGER (LONG)", "count": ["6954"], "mean": ["9.883158236079954E7"], "stddev": ["5.584965797923912E8"], "min_value": ["0"], "max_value": ["9710393097"]}]}]}