{"dataset_name": "/user/hm74/NYCOpenData/39qw-754y.tsv.gz", "columns": [{"column_name": "Contact_ID", "number_non_empty_cells": 1274, "number_empty_cells": 0, "number_distinct_values": 985, "frequent_values": [102, 103, 561, 463, 155], "dataTypes": [{"type": "INTEGER (LONG)", "count": 1274, "max_value": 2860, "min_value": 2, "mean": 797.1624803767659, "stddev": 733.4883179251206}]}, {"column_name": "City", "number_non_empty_cells": 1045, "number_empty_cells": 229, "number_distinct_values": 36, "frequent_values": ["New York", "NY", "BX", "Bronx", "QN"], "dataTypes": [{"type": "TEXT", "count": 1045, "shortest_values": [["NY", 2], ["NY", 2], ["NY", 2], ["NY", 2], ["NY", 2]], "longest_values": [["Fredewrick Miller. Meryland", 27], ["Queens viallage NY", 18], ["Jackson Heights", 15], ["Staten Island", 13], ["New York City", 13]], "average_length": 5.057416267942579}]}, {"column_name": "State", "number_non_empty_cells": 1253, "number_empty_cells": 21, "number_distinct_values": 4, "frequent_values": ["NY", "NJ", "CT", null], "dataTypes": [{"type": "TEXT", "count": 1253, "shortest_values": [["NY", 2], ["NY", 2], ["NY", 2], ["NY", 2], ["NY", 2]], "longest_values": [["NY", 2], ["NY", 2], ["NY", 2], ["NY", 2], ["NY", 2]], "average_length": 2.0}]}, {"column_name": "Postal_Code", "number_non_empty_cells": 1033, "number_empty_cells": 241, "number_distinct_values": 94, "frequent_values": [10027, 10025, 10024, 10031, 10029], "dataTypes": [{"type": "INTEGER (LONG)", "count": 1033, "max_value": 18452, "min_value": 6901, "mean": 10087.961277831548, "stddev": 410.927506662621}]}, {"column_name": "Council_Member", "number_non_empty_cells": 921, "number_empty_cells": 353, "number_distinct_values": 13, "frequent_values": ["Bill Perkins [9]", "Mark Levine [7]", "Helen Rosenthal [6]", "Melissa Mark-Viverito [8]", "Ydanis Rodriguez [10]"], "dataTypes": [{"type": "TEXT", "count": 921, "shortest_values": [["Andrew Cohen", 12], ["Ben Kallos [5]", 14], ["Ben Kallos [5]", 14], ["Ben Kallos [5]", 14], ["Ben Kallos [5]", 14]], "longest_values": [["Melissa Mark-Viverito [8]", 25], ["Melissa Mark-Viverito [8]", 25], ["Melissa Mark-Viverito [8]", 25], ["Melissa Mark-Viverito [8]", 25], ["Melissa Mark-Viverito [8]", 25]], "average_length": 17.42453854505973}]}, {"column_name": "Community_Board", "number_non_empty_cells": 950, "number_empty_cells": 324, "number_distinct_values": 14, "frequent_values": [9, 10, 7, 11, 12], "dataTypes": [{"type": "INTEGER (LONG)", "count": 950, "max_value": 24, "min_value": 1, "mean": 8.493684210526336, "stddev": 2.5046193334597135}]}, {"column_name": "Case_ID", "number_non_empty_cells": 1274, "number_empty_cells": 0, "number_distinct_values": 1274, "frequent_values": [148, 463, 471, 496, 833], "dataTypes": [{"type": "INTEGER (LONG)", "count": 1274, "max_value": 1520, "min_value": 3, "mean": 696.1868131868135, "stddev": 412.9797125354042}]}, {"column_name": "Case_Type", "number_non_empty_cells": 1274, "number_empty_cells": 0, "number_distinct_values": 27, "frequent_values": ["Housing", "NYCHA", "Other", "Social Services", "Quality of Life"], "dataTypes": [{"type": "TEXT", "count": 1274, "shortest_values": [["MTA", 3], ["MTA", 3], ["MTA", 3], ["MTA", 3], ["MTA", 3]], "longest_values": [["Dept Consumer Affairs (DCA)", 27], ["Dept Consumer Affairs (DCA)", 27], ["Dept Consumer Affairs (DCA)", 27], ["Dept Consumer Affairs (DCA)", 27], ["Dept Transportation (DOT)", 25]], "average_length": 7.918367346938775}]}, {"column_name": "Sub-Types", "number_non_empty_cells": 907, "number_empty_cells": 367, "number_distinct_values": 126, "frequent_values": ["None", "Repairs", "Eviction", "Application", "Lease"], "dataTypes": [{"type": "REAL", "count": 1, "max_value": 911.0, "min_value": 911.0, "mean": 911.0, "stddev": 0.0}, {"type": "TEXT", "count": 922, "shortest_values": [["PA", 2], ["CB", 2], ["PA", 2], ["ID", 2], ["DHS", 3]], "longest_values": [["Enviro Protection Dept (DEP)", 28], ["Enviro Protection Dept (DEP)", 28], ["Enviro Protection Dept (DEP)", 28], ["Human Rescources Adm (HRA)", 26], ["Human Rescources Adm (HRA)", 26]], "average_length": 7.696312364425162}]}, {"column_name": "Case_Subject", "number_non_empty_cells": 1253, "number_empty_cells": 21, "number_distinct_values": 502, "frequent_values": ["Housing", "Repairs", "NYCHA:Repairs", "NYCHA", "Other"], "dataTypes": [{"type": "TEXT", "count": 1274, "shortest_values": [["DV", 2], ["CB", 2], ["ID", 2], ["DEP", 3], ["SSD", 3]], "longest_values": [["Sale & Relocation of College Station Post Office", 48], ["CHANGE OF TRAFFIC REGULATIONS AT 10 PARK AVENUE ", 48], ["application for SCRIE at our SCRIE event ", 41], ["Neighbors impacting her quality of life", 39], ["concern about pending rent increase", 35]], "average_length": 10.273155416012566}]}, {"column_name": "Case_Start_Date", "number_non_empty_cells": 1274, "number_empty_cells": 0, "number_distinct_values": 248, "frequent_values": ["05/24/2017", "12/07/2017", "08/16/2017", "01/20/2017", "02/16/2017"], "dataTypes": [{"type": "DATE/TIME", "count": 1274, "max_value": "2018-05-17T00:00:00", "min_value": "1969-12-31T00:00:00"}]}, {"column_name": "Case_End_Date", "number_non_empty_cells": 414, "number_empty_cells": 860, "number_distinct_values": 80, "frequent_values": ["12/18/2017", "12/16/2017", "12/19/2017", "11/16/2017", "12/15/2017"], "dataTypes": [{"type": "DATE/TIME", "count": 414, "max_value": "2017-12-20T00:00:00", "min_value": "2017-06-27T00:00:00"}]}, {"column_name": "Case_Status", "number_non_empty_cells": 1200, "number_empty_cells": 74, "number_distinct_values": 4, "frequent_values": ["Closed", "Pending", "Urgent", null], "dataTypes": [{"type": "TEXT", "count": 1200, "shortest_values": [["Closed", 6], ["Closed", 6], ["Closed", 6], ["Closed", 6], ["Closed", 6]], "longest_values": [["Pending", 7], ["Pending", 7], ["Pending", 7], ["Pending", 7], ["Pending", 7]], "average_length": 6.344166666666656}]}]}