{"dataset_name": "/user/hm74/NYCOpenData/3aka-ggej.tsv.gz", "columns": [{"column_name": "BOROUGH", "number_non_empty_cells": 2366, "number_empty_cells": 0, "number_distinct_values": 8, "frequent_values": ["K", "X", "Q", "M", "R"], "dataTypes": [{"type": "TEXT", "count": 2366, "shortest_values": [["K", 1], ["K", 1], ["K", 1], ["K", 1], ["K", 1]], "longest_values": [["(0K-08* ONLY)\"", 14], ["(MS CORE and ", 13], ["09-12 ONLY)\"", 12], ["K", 1], ["K", 1]], "average_length": 1.0152155536770953}]}, {"column_name": "GRADE_LEVEL", "number_non_empty_cells": 2365, "number_empty_cells": 1, "number_distinct_values": 15, "frequent_values": ["09-12", "MS Core", "0K-09", "06", "04"], "dataTypes": [{"type": "INTEGER (LONG)", "count": 815, "max_value": 8, "min_value": 1, "mean": 4.515337423312886, "stddev": 2.2791555540418336}, {"type": "DATE/TIME", "count": 674, "max_value": "2019-09-12T00:00:00", "min_value": "2019-09-12T00:00:00"}, {"type": "TEXT", "count": 876, "shortest_values": [["0K", 2], ["0K", 2], ["0K", 2], ["0K", 2], ["0K", 2]], "longest_values": [["SERVICE CATEGORY", 16], ["CLASS SIZE", 10], ["MS Core", 7], ["MS Core", 7], ["MS Core", 7]], "average_length": 6.22488584474886}]}, {"column_name": "PROGRAM_TYPE", "number_non_empty_cells": 2364, "number_empty_cells": 2, "number_distinct_values": 5, "frequent_values": ["GEN ED / ICT / G&T", "GEN ED / ICT", "SPEC ED", "NUMBER OF CLASSES", null], "dataTypes": [{"type": "TEXT", "count": 2364, "shortest_values": [["SPEC ED", 7], ["SPEC ED", 7], ["SPEC ED", 7], ["SPEC ED", 7], ["SPEC ED", 7]], "longest_values": [["GEN ED / ICT / G&T", 18], ["GEN ED / ICT / G&T", 18], ["GEN ED / ICT / G&T", 18], ["GEN ED / ICT / G&T", 18], ["GEN ED / ICT / G&T", 18]], "average_length": 13.029187817258858}]}, {"column_name": "CORE_SUBJECT_", "number_non_empty_cells": 2364, "number_empty_cells": 2, "number_distinct_values": 7, "frequent_values": ["-", "English", "Math", "Social Studies", "Science"], "dataTypes": [{"type": "TEXT", "count": 2364, "shortest_values": [["-", 1], ["-", 1], ["-", 1], ["-", 1], ["-", 1]], "longest_values": [["NUMBER OF STUDENTS", 18], ["Social Studies", 14], ["Social Studies", 14], ["Social Studies", 14], ["Social Studies", 14]], "average_length": 4.934010152284281}]}]}