{"dataset_name": "/user/hm74/NYCOpenData/3av7-txd8.tsv.gz", "columns": [{"column_name": "Region", "number_non_empty_cells": 65, "number_empty_cells": 0, "number_distinct_values": 5, "frequent_values": ["Queens", "Brooklyn", "Staten Island", "Manhattan", "Bronx"], "dataTypes": [{"type": "TEXT", "count": 65, "shortest_values": [["Bronx", 5], ["Bronx", 5], ["Bronx", 5], ["Bronx", 5], ["Bronx", 5]], "longest_values": [["Staten Island", 13], ["Staten Island", 13], ["Staten Island", 13], ["Staten Island", 13], ["Staten Island", 13]], "average_length": 8.199999999999998}]}, {"column_name": "Calendar Year", "number_non_empty_cells": 65, "number_empty_cells": 0, "number_distinct_values": 13, "frequent_values": [2007, 2018, 2015, 2006, 2013], "dataTypes": [{"type": "INTEGER (LONG)", "count": 65, "max_value": 2018, "min_value": 2006, "mean": 2012.0000000000007, "stddev": 3.7416573867743543}]}, {"column_name": "Passthrough Count", "number_non_empty_cells": 65, "number_empty_cells": 0, "number_distinct_values": 65, "frequent_values": [1496, 9366, 8608, 8962, 9935], "dataTypes": [{"type": "INTEGER (LONG)", "count": 65, "max_value": 10764, "min_value": 1462, "mean": 6391.584615384616, "stddev": 2645.5749463370703}]}]}