{"dataset_name": "/user/hm74/NYCOpenData/3c9q-94ad.tsv.gz", "columns": [{"column_name": "Borough", "number_non_empty_cells": 2593, "number_empty_cells": 0, "number_distinct_values": 5, "frequent_values": ["Brooklyn", "Queens", "Bronx", "Manhattan", "Staten Is"], "dataTypes": [{"type": "TEXT", "count": 2593, "shortest_values": [["Bronx", 5], ["Bronx", 5], ["Bronx", 5], ["Bronx", 5], ["Bronx", 5]], "longest_values": [["Manhattan", 9], ["Manhattan", 9], ["Manhattan", 9], ["Manhattan", 9], ["Manhattan", 9]], "average_length": 7.336290011569619}]}, {"column_name": "Grade_Level", "number_non_empty_cells": 2593, "number_empty_cells": 0, "number_distinct_values": 2, "frequent_values": ["MS Core", "HS Core"], "dataTypes": [{"type": "TEXT", "count": 2593, "shortest_values": [["HS Core", 7], ["HS Core", 7], ["HS Core", 7], ["HS Core", 7], ["HS Core", 7]], "longest_values": [["HS Core", 7], ["HS Core", 7], ["HS Core", 7], ["HS Core", 7], ["HS Core", 7]], "average_length": 7.0}]}, {"column_name": "Program_Type", "number_non_empty_cells": 2593, "number_empty_cells": 0, "number_distinct_values": 2, "frequent_values": ["Gen Ed/ICT/Acc", "SC"], "dataTypes": [{"type": "TEXT", "count": 2593, "shortest_values": [["SC", 2], ["SC", 2], ["SC", 2], ["SC", 2], ["SC", 2]], "longest_values": [["Gen Ed/ICT/Acc", 14], ["Gen Ed/ICT/Acc", 14], ["Gen Ed/ICT/Acc", 14], ["Gen Ed/ICT/Acc", 14], ["Gen Ed/ICT/Acc", 14]], "average_length": 11.871191669880433}]}, {"column_name": "Department", "number_non_empty_cells": 2593, "number_empty_cells": 0, "number_distinct_values": 4, "frequent_values": ["Math", "Science", "Social Studies", "English"], "dataTypes": [{"type": "TEXT", "count": 2593, "shortest_values": [["Math", 4], ["Math", 4], ["Math", 4], ["Math", 4], ["Math", 4]], "longest_values": [["Social Studies", 14], ["Social Studies", 14], ["Social Studies", 14], ["Social Studies", 14], ["Social Studies", 14]], "average_length": 7.90898573081374}]}, {"column_name": "Class_Size", "number_non_empty_cells": 2593, "number_empty_cells": 0, "number_distinct_values": 33, "frequent_values": ["30", "27", "29", "32", "25"], "dataTypes": [{"type": "INTEGER (LONG)", "count": 2334, "max_value": 34, "min_value": 6, "mean": 22.614824335904018, "stddev": 7.536507180318771}, {"type": "TEXT", "count": 259, "shortest_values": [["<15", 3], [">34", 3], ["<15", 3], [">34", 3], ["<15", 3]], "longest_values": [["<15", 3], [">34", 3], ["<15", 3], [">34", 3], ["<15", 3]], "average_length": 3.0}]}, {"column_name": "Number_of_Students", "number_non_empty_cells": 2593, "number_empty_cells": 0, "number_distinct_values": 944, "frequent_values": [72, 30, 48, 96, 54], "dataTypes": [{"type": "INTEGER (LONG)", "count": 2593, "max_value": 15572, "min_value": 4, "mean": 839.9267258002293, "stddev": 1409.34757357382}]}, {"column_name": "Number_of_Classes", "number_non_empty_cells": 2593, "number_empty_cells": 0, "number_distinct_values": 193, "frequent_values": [1, 2, 4, 3, 5], "dataTypes": [{"type": "INTEGER (LONG)", "count": 2593, "max_value": 475, "min_value": 1, "mean": 33.102969533359065, "stddev": 47.76154578062404}]}, {"column_name": "%_of_Students_within_Grade", "number_non_empty_cells": 2593, "number_empty_cells": 0, "number_distinct_values": 255, "frequent_values": [0.9, 1.0, 0.6, 0.3, 1.4], "dataTypes": [{"type": "REAL", "count": 2593, "max_value": 100.0, "min_value": 0.1, "mean": 6.053490165831087, "stddev": 6.35040107973546}]}]}