{"dataset_name": "/user/hm74/NYCOpenData/3dnj-u3x8.tsv.gz", "columns": [{"column_name": "ISP Name (DBA Name)", "number_non_empty_cells": 25, "number_empty_cells": 0, "number_distinct_values": 25, "frequent_values": ["InterGlobe", "Lightower", "PAETEC Communications, Inc.", "Spectrotel", "Cogent Communications"], "dataTypes": [{"type": "TEXT", "count": 25, "shortest_values": [["MCI", 3], ["RGSI", 4], ["Comcast", 7], ["Tierzero", 8], ["Lightower", 9]], "longest_values": [["McLeodUSA Telecommunications Services, L.L.C.", 45], ["Orange Business Services U.S., Inc.", 35], ["Charter Communications Inc.", 27], ["Level 3 Communications, LLC", 27], ["PAETEC Communications, Inc.", 27]], "average_length": 16.439999999999998}]}, {"column_name": "Technology Type", "number_non_empty_cells": 25, "number_empty_cells": 0, "number_distinct_values": 2, "frequent_values": ["Optical Carrier / Fiber to the end user", "Cable Modem-DOCSIS 3.0"], "dataTypes": [{"type": "TEXT", "count": 25, "shortest_values": [["Cable Modem-DOCSIS 3.0", 22], ["Optical Carrier / Fiber to the end user", 39], ["Optical Carrier / Fiber to the end user", 39], ["Optical Carrier / Fiber to the end user", 39], ["Optical Carrier / Fiber to the end user", 39]], "longest_values": [["Optical Carrier / Fiber to the end user", 39], ["Optical Carrier / Fiber to the end user", 39], ["Optical Carrier / Fiber to the end user", 39], ["Optical Carrier / Fiber to the end user", 39], ["Optical Carrier / Fiber to the end user", 39]], "average_length": 38.32000000000001}]}, {"column_name": "Number of Census Blocks Served", "number_non_empty_cells": 25, "number_empty_cells": 0, "number_distinct_values": 17, "frequent_values": [2, 1, 3, 87, 22], "dataTypes": [{"type": "INTEGER (LONG)", "count": 25, "max_value": 6955, "min_value": 1, "mean": 408.32, "stddev": 1358.6195264311493}]}]}