{"dataset_name": "/user/hm74/NYCOpenData/3f5y-5web.tsv.gz", "columns": [{"column_name": "Borough", "number_non_empty_cells": 60, "number_empty_cells": 0, "number_distinct_values": 5, "frequent_values": ["Queens", "Brooklyn", "Staten Island", "Manhattan", "Bronx"], "dataTypes": [{"type": "TEXT", "count": 60, "shortest_values": [["Bronx", 5], ["Bronx", 5], ["Bronx", 5], ["Bronx", 5], ["Bronx", 5]], "longest_values": [["Staten Island", 13], ["Staten Island", 13], ["Staten Island", 13], ["Staten Island", 13], ["Staten Island", 13]], "average_length": 8.199999999999998}]}, {"column_name": "Fiscal Year (ending in June)", "number_non_empty_cells": 60, "number_empty_cells": 0, "number_distinct_values": 12, "frequent_values": [2007, 2015, 2006, 2013, 2014], "dataTypes": [{"type": "INTEGER (LONG)", "count": 60, "max_value": 2019, "min_value": 2006, "mean": 2011.7499999999998, "stddev": 3.854110359949084}]}, {"column_name": "Passthrough Count", "number_non_empty_cells": 60, "number_empty_cells": 0, "number_distinct_values": 58, "frequent_values": [362, 1218, 496, 897, 1507], "dataTypes": [{"type": "INTEGER (LONG)", "count": 60, "max_value": 1813, "min_value": 95, "mean": 914.8666666666664, "stddev": 484.8764264107802}]}]}