{"dataset_name": "/user/hm74/NYCOpenData/3fes-huds.tsv.gz", "columns": [{"column_name": "Request Type", "number_non_empty_cells": 38, "number_empty_cells": 0, "number_distinct_values": 38, "frequent_values": ["Questionable Occupancy", "Storm Water Drainage", "Ponding", "Highway Issues", "Illegal Dumping"], "dataTypes": [{"type": "TEXT", "count": 38, "shortest_values": [["Mold", 4], ["Other", 5], ["Weeds", 5], ["Litter", 6], ["Pothole", 7]], "longest_values": [["Staten Island Ferry Complaints", 30], ["Private Bus Company Complaint", 29], ["Unsafe Building Conditions", 26], ["Unauthorized Construction", 25], ["Garbage/Recycling Pickup", 24]], "average_length": 15.105263157894735}]}, {"column_name": "Number of Complaints FY 18 (7/1/2017-6/30/2018)", "number_non_empty_cells": 38, "number_empty_cells": 0, "number_distinct_values": 23, "frequent_values": [1, 5, 9, 2, 6], "dataTypes": [{"type": "INTEGER (LONG)", "count": 38, "max_value": 116, "min_value": 0, "mean": 16.28947368421052, "stddev": 24.444252251685757}]}, {"column_name": "Number of Complaints FY 19 (7/1/2018-6/30/2019)", "number_non_empty_cells": 38, "number_empty_cells": 0, "number_distinct_values": 25, "frequent_values": [10, 7, 9, 3, 11], "dataTypes": [{"type": "INTEGER (LONG)", "count": 38, "max_value": 185, "min_value": 0, "mean": 22.868421052631582, "stddev": 31.92109602114464}]}]}