{"dataset_name": "/user/hm74/NYCOpenData/3gkd-ddzn.tsv.gz", "columns": [{"column_name": "Community Board", "number_non_empty_cells": 15, "number_empty_cells": 0, "number_distinct_values": 15, "frequent_values": ["7", "11", "3", "8", "5"], "dataTypes": [{"type": "INTEGER (LONG)", "count": 12, "max_value": 12, "min_value": 1, "mean": 6.5, "stddev": 3.452052529534664}, {"type": "TEXT", "count": 3, "shortest_values": [[" New York, NY 10012\"", 20], [" New York, NY 10022\"", 20], [" New York, NY 10036\"", 20]], "longest_values": [[" New York, NY 10012\"", 20], [" New York, NY 10022\"", 20], [" New York, NY 10036\"", 20]], "average_length": 20.0}]}, {"column_name": "Chair", "number_non_empty_cells": 15, "number_empty_cells": 0, "number_distinct_values": 15, "frequent_values": ["Gigi Li", "#1A", "Vikki Babero", "Henrietta Lyle", "Diane Collier"], "dataTypes": [{"type": "TEXT", "count": 15, "shortest_values": [["#1A", 3], ["Gigi Li", 7], ["Suite 620", 9], ["Terri Cude", 10], ["Suite 2618", 10]], "longest_values": [["Shahabudeen (Shah) Ally", 23], ["Anthony Notaro, Jr.", 19], ["Elizabeth R. Caputo", 19], ["Richard Eggers", 14], ["Henrietta Lyle", 14]], "average_length": 12.666666666666668}]}, {"column_name": "District Manager", "number_non_empty_cells": 15, "number_empty_cells": 0, "number_distinct_values": 15, "frequent_values": ["212-979-2272", "Noah Pfefferblit", "Ebenezer Smith", "Wally Rubin", "Angel D. Mescain"], "dataTypes": [{"type": "TEXT", "count": 15, "shortest_values": [["Penny Ryan", 10], ["Jesus Perez", 11], ["Bob Gormley", 11], ["Wally Rubin", 11], ["212-979-2272", 12]], "longest_values": [["Noah Pfefferblit", 16], ["Angel D. Mescain", 16], ["Andrew Lassalle", 15], ["Eutha R. Prince", 15], ["Latha Thompson", 14]], "average_length": 12.933333333333332}]}, {"column_name": "Board Meeting/Cabinet Meeting", "number_non_empty_cells": 15, "number_empty_cells": 0, "number_distinct_values": 15, "frequent_values": ["Second Thursday, 6:00pm", "Third Thursday, 6:30pm", "10012", "Fourth Tuesday, 6:30pm", "Third Wednesday, 6:30pm"], "dataTypes": [{"type": "INTEGER (LONG)", "count": 3, "max_value": 10036, "min_value": 10012, "mean": 10023.333333333334, "stddev": 9.84321537348874}, {"type": "TEXT", "count": 12, "shortest_values": [["Third Tuesday, 6:30pm", 21], ["First Tuesday, 6:30pm", 21], ["Fourth Tuesday, 6:00pm", 22], ["Fourth Tuesday, 6:30pm", 22], ["Fourth Tuesday, 7:00pm", 22]], "longest_values": [["Second to last Thursday, 6:30pm", 31], ["Second Wednesday, 7:00pm", 24], ["First Wednesday, 6:00pm", 23], ["Third Wednesday, 6:30pm", 23], ["First Wednesday, 6:30pm", 23]], "average_length": 23.083333333333332}]}, {"column_name": "Address 1", "number_non_empty_cells": 15, "number_empty_cells": 0, "number_distinct_values": 13, "frequent_values": ["MANHATTAN", "1664 Park Avenue, New York, NY 10035", "250 W. 87th Street, New York, NY 10024", "16-18 Old Broadway, New York, NY 10027", "450 7th Avenue, New York, NY 10123"], "dataTypes": [{"type": "TEXT", "count": 15, "shortest_values": [["MANHATTAN", 9], ["MANHATTAN", 9], ["MANHATTAN", 9], ["505 Park Avenue, ", 17], ["330 West 42nd Street,", 21]], "longest_values": [["215 West 125th Street, New York, NY 10027", 41], ["530 West 166th Street, New York, NY 10032", 41], ["P.O. Box 1672, New York, NY 10159-1672", 38], ["250 W. 87th Street, New York, NY 10024", 38], ["59 East 4th Street, New York, NY 10003", 38]], "average_length": 28.866666666666667}]}, {"column_name": "Address 2", "number_non_empty_cells": 8, "number_empty_cells": 7, "number_distinct_values": 9, "frequent_values": ["40.757661", "40.727881", "6th Floor", "4th Floor", "40.763117"], "dataTypes": [{"type": "REAL", "count": 3, "max_value": 40.763117, "min_value": 40.727881, "mean": 40.749553, "stddev": 0.015485448481292796}, {"type": "TEXT", "count": 5, "shortest_values": [["4th Floor", 9], ["6th Floor", 9], ["Room 2109", 9], ["Room 2202-N", 11], ["Ground Floor", 12]], "longest_values": [["Ground Floor", 12], ["Room 2202-N", 11], ["4th Floor", 9], ["6th Floor", 9], ["Room 2109", 9]], "average_length": 10.0}]}, {"column_name": "Phone Number", "number_non_empty_cells": 12, "number_empty_cells": 3, "number_distinct_values": 13, "frequent_values": ["212-831-8929", "212-669-7970", "212-362-4008", "212-864-6200", "212-465-0907"], "dataTypes": [{"type": "REAL", "count": 3, "max_value": -73.969641, "min_value": -73.998557, "mean": -73.98634333333334, "stddev": 0.012224152604126012}, {"type": "TEXT", "count": 9, "shortest_values": [["212-669-7970", 12], ["212-319-3750", 12], ["212-831-8929", 12], ["212-362-4008", 12], ["212-749-3105", 12]], "longest_values": [["212-669-7970", 12], ["212-319-3750", 12], ["212-831-8929", 12], ["212-362-4008", 12], ["212-749-3105", 12]], "average_length": 12.0}]}, {"column_name": "Postcode", "number_non_empty_cells": 11, "number_empty_cells": 4, "number_distinct_values": 11, "frequent_values": [10027, 10035, 10007, 10032, 1], "dataTypes": [{"type": "INTEGER (LONG)", "count": 11, "max_value": 10123, "min_value": 1, "mean": 7298.727272727272, "stddev": 4468.006248284658}]}, {"column_name": "Borough", "number_non_empty_cells": 11, "number_empty_cells": 4, "number_distinct_values": 5, "frequent_values": ["MANHATTAN", "5501", "115", "11402", null], "dataTypes": [{"type": "INTEGER (LONG)", "count": 3, "max_value": 11402, "min_value": 115, "mean": 5672.666666666666, "stddev": 4609.497032094596}, {"type": "TEXT", "count": 8, "shortest_values": [["MANHATTAN", 9], ["MANHATTAN", 9], ["MANHATTAN", 9], ["MANHATTAN", 9], ["MANHATTAN", 9]], "longest_values": [["MANHATTAN", 9], ["MANHATTAN", 9], ["MANHATTAN", 9], ["MANHATTAN", 9], ["MANHATTAN", 9]], "average_length": 9.0}]}, {"column_name": "Latitude", "number_non_empty_cells": 11, "number_empty_cells": 4, "number_distinct_values": 12, "frequent_values": [40.751359, 40.809259, 1041900.0, 40.800223, 40.815433], "dataTypes": [{"type": "REAL", "count": 11, "max_value": 1077835.0, "min_value": 40.713001, "mean": 285907.9313150909, "stddev": 466961.2032675464}]}, {"column_name": "Longitude", "number_non_empty_cells": 11, "number_empty_cells": 4, "number_distinct_values": 12, "frequent_values": [1013940001.0, -73.957204, -73.976245, -73.990367, -73.939339], "dataTypes": [{"type": "REAL", "count": 11, "max_value": 1013940001.0, "min_value": -74.004181, "mean": 275417223.4773013, "stddev": 449758341.0780326}]}, {"column_name": "Council District", "number_non_empty_cells": 11, "number_empty_cells": 4, "number_distinct_values": 11, "frequent_values": ["9", "6", "7", "3", "Clinton                                                                    "], "dataTypes": [{"type": "INTEGER (LONG)", "count": 8, "max_value": 10, "min_value": 1, "mean": 5.875, "stddev": 3.2572035551988456}, {"type": "TEXT", "count": 3, "shortest_values": [["West Village                                                               ", 75], ["Upper East Side-Carnegie Hill                                              ", 75], ["Clinton                                                                    ", 75]], "longest_values": [["West Village                                                               ", 75], ["Upper East Side-Carnegie Hill                                              ", 75], ["Clinton                                                                    ", 75]], "average_length": 75.0}]}, {"column_name": "Census Tract", "number_non_empty_cells": 11, "number_empty_cells": 4, "number_distinct_values": 12, "frequent_values": ["219", "29", "251", "184", "(40.727881, -73.998557)"], "dataTypes": [{"type": "INTEGER (LONG)", "count": 8, "max_value": 251, "min_value": 29, "mean": 153.37499999999997, "stddev": 79.6098886759679}, {"type": "TEXT", "count": 3, "shortest_values": [["(40.727881, -73.998557)", 23], ["(40.763117, -73.969641)", 23], ["(40.757661, -73.990832)", 23]], "longest_values": [["(40.727881, -73.998557)", 23], ["(40.763117, -73.969641)", 23], ["(40.757661, -73.990832)", 23]], "average_length": 23.0}]}, {"column_name": "BIN", "number_non_empty_cells": 8, "number_empty_cells": 7, "number_distinct_values": 9, "frequent_values": [1082642, 1062988, 1058659, 1059714, 1076251], "dataTypes": [{"type": "INTEGER (LONG)", "count": 8, "max_value": 1082642, "min_value": 1001394, "mean": 1050968.0, "stddev": 26733.242971065072}]}, {"column_name": "BBL", "number_non_empty_cells": 8, "number_empty_cells": 7, "number_distinct_values": 9, "frequent_values": [1019820067, 1012347501, 1004600056, 1007840041, 1019310021], "dataTypes": [{"type": "INTEGER (LONG)", "count": 8, "max_value": 1021240001, "min_value": 1001210001, "mean": 1012824715.375, "stddev": 7080154.406313148}]}, {"column_name": "NTA", "number_non_empty_cells": 8, "number_empty_cells": 7, "number_distinct_values": 9, "frequent_values": ["East Village                                                               ", "Upper West Side                                                            ", "Chinatown                                                                  ", "East Harlem North                                                          ", "Manhattanville                                                             "], "dataTypes": [{"type": "TEXT", "count": 8, "shortest_values": [["Chinatown                                                                  ", 75], ["East Harlem North                                                          ", 75], ["Upper West Side                                                            ", 75], ["Central Harlem South                                                       ", 75], ["East Village                                                               ", 75]], "longest_values": [["Chinatown                                                                  ", 75], ["East Harlem North                                                          ", 75], ["Upper West Side                                                            ", 75], ["Central Harlem South                                                       ", 75], ["East Village                                                               ", 75]], "average_length": 75.0}]}, {"column_name": "Location 1", "number_non_empty_cells": 8, "number_empty_cells": 7, "number_distinct_values": 9, "frequent_values": ["(40.815433, -73.957204)", "(40.713001, -74.004181)", "(40.789078, -73.976245)", "(40.726785, -73.990807)", "(40.839328, -73.939339)"], "dataTypes": [{"type": "TEXT", "count": 8, "shortest_values": [["(40.713001, -74.004181)", 23], ["(40.800223, -73.942564)", 23], ["(40.789078, -73.976245)", 23], ["(40.809259, -73.948979)", 23], ["(40.726785, -73.990807)", 23]], "longest_values": [["(40.713001, -74.004181)", 23], ["(40.800223, -73.942564)", 23], ["(40.789078, -73.976245)", 23], ["(40.809259, -73.948979)", 23], ["(40.726785, -73.990807)", 23]], "average_length": 23.0}]}]}