{"dataset_name": "/user/hm74/NYCOpenData/3kav-a6u5.tsv.gz", "columns": [{"column_name": "DBN", "number_non_empty_cells": 3591, "number_empty_cells": 0, "number_distinct_values": 185, "frequent_values": ["84K702", "84K356", "84X717", "84X255", "84Q705"], "dataTypes": [{"type": "TEXT", "count": 3591, "shortest_values": [["84K037", 6], ["84K037", 6], ["84K037", 6], ["84K037", 6], ["84K037", 6]], "longest_values": [["84K037", 6], ["84K037", 6], ["84K037", 6], ["84K037", 6], ["84K037", 6]], "average_length": 6.0}]}, {"column_name": "School_Name", "number_non_empty_cells": 3466, "number_empty_cells": 125, "number_distinct_values": 185, "frequent_values": ["BROOKLYN EXCELSIOR CHARTER SCHOOL", "BRONX LIGHTHOUSE CHARTER SCHOOL", "ACHIEVEMENT FIRST EAST NEW YORK CHARTER SCHOOL", "EXCELLENCE BOYS CHARTER SCHOOL", "ICAHN CHARTER SCHOOL"], "dataTypes": [{"type": "TEXT", "count": 3591, "shortest_values": [["DREAM CHARTER SCHOOL", 20], ["DREAM CHARTER SCHOOL", 20], ["DREAM CHARTER SCHOOL", 20], ["DREAM CHARTER SCHOOL", 20], ["DREAM CHARTER SCHOOL", 20]], "longest_values": [["SOUTH BRONX CHARTER SCHOOL FOR INTERNATIONAL CULTURES AND THE ARTS", 66], ["SOUTH BRONX CHARTER SCHOOL FOR INTERNATIONAL CULTURES AND THE ARTS", 66], ["SOUTH BRONX CHARTER SCHOOL FOR INTERNATIONAL CULTURES AND THE ARTS", 66], ["SOUTH BRONX CHARTER SCHOOL FOR INTERNATIONAL CULTURES AND THE ARTS", 66], ["SOUTH BRONX CHARTER SCHOOL FOR INTERNATIONAL CULTURES AND THE ARTS", 66]], "average_length": 36.130604288499114}]}, {"column_name": "Grade", "number_non_empty_cells": 3591, "number_empty_cells": 0, "number_distinct_values": 7, "frequent_values": ["All Grades", "3", "5", "4", "6"], "dataTypes": [{"type": "INTEGER (LONG)", "count": 2837, "max_value": 8, "min_value": 3, "mean": 5.2661261896369504, "stddev": 1.663016476825743}, {"type": "TEXT", "count": 754, "shortest_values": [["All Grades", 10], ["All Grades", 10], ["All Grades", 10], ["All Grades", 10], ["All Grades", 10]], "longest_values": [["All Grades", 10], ["All Grades", 10], ["All Grades", 10], ["All Grades", 10], ["All Grades", 10]], "average_length": 10.0}]}, {"column_name": "Year", "number_non_empty_cells": 3591, "number_empty_cells": 0, "number_distinct_values": 5, "frequent_values": [2017, 2016, 2015, 2014, 2013], "dataTypes": [{"type": "INTEGER (LONG)", "count": 3591, "max_value": 2017, "min_value": 2013, "mean": 2015.2344750765794, "stddev": 1.3928420251895692}]}, {"column_name": "Category", "number_non_empty_cells": 3591, "number_empty_cells": 0, "number_distinct_values": 1, "frequent_values": ["All Students"], "dataTypes": [{"type": "TEXT", "count": 3591, "shortest_values": [["All Students", 12], ["All Students", 12], ["All Students", 12], ["All Students", 12], ["All Students", 12]], "longest_values": [["All Students", 12], ["All Students", 12], ["All Students", 12], ["All Students", 12], ["All Students", 12]], "average_length": 12.0}]}, {"column_name": "Number_Tested", "number_non_empty_cells": 3591, "number_empty_cells": 0, "number_distinct_values": 420, "frequent_values": [52, 49, 51, 78, 77], "dataTypes": [{"type": "INTEGER (LONG)", "count": 3591, "max_value": 755, "min_value": 1, "mean": 108.79866332497886, "stddev": 102.01469449520566}]}, {"column_name": "Mean_Scale_Score", "number_non_empty_cells": 3591, "number_empty_cells": 0, "number_distinct_values": 92, "frequent_values": ["301", "307", "304", "310", "303"], "dataTypes": [{"type": "INTEGER (LONG)", "count": 3589, "max_value": 355, "min_value": 264, "mean": 305.6118696015609, "stddev": 14.779802307293467}, {"type": "TEXT", "count": 2, "shortest_values": [["s", 1], ["s", 1]], "longest_values": [["s", 1], ["s", 1]], "average_length": 1.0}]}, {"column_name": "Level1_N", "number_non_empty_cells": 3591, "number_empty_cells": 0, "number_distinct_values": 168, "frequent_values": ["0", "7", "1", "12", "2"], "dataTypes": [{"type": "INTEGER (LONG)", "count": 3589, "max_value": 281, "min_value": 0, "mean": 25.136249651713552, "stddev": 29.701104007221474}, {"type": "TEXT", "count": 2, "shortest_values": [["s", 1], ["s", 1]], "longest_values": [["s", 1], ["s", 1]], "average_length": 1.0}]}, {"column_name": "Level1_%", "number_non_empty_cells": 3591, "number_empty_cells": 0, "number_distinct_values": 607, "frequent_values": ["0.0", "25.0", "33.3", "16.7", "40.0"], "dataTypes": [{"type": "REAL", "count": 3589, "max_value": 82.4, "min_value": 0.0, "mean": 23.05809417665094, "stddev": 15.686554444792769}, {"type": "TEXT", "count": 2, "shortest_values": [["s", 1], ["s", 1]], "longest_values": [["s", 1], ["s", 1]], "average_length": 1.0}]}, {"column_name": "Level2_N", "number_non_empty_cells": 3591, "number_empty_cells": 0, "number_distinct_values": 231, "frequent_values": ["27", "22", "20", "17", "25"], "dataTypes": [{"type": "INTEGER (LONG)", "count": 3589, "max_value": 268, "min_value": 0, "mean": 44.0172750069657, "stddev": 43.25657101413887}, {"type": "TEXT", "count": 2, "shortest_values": [["s", 1], ["s", 1]], "longest_values": [["s", 1], ["s", 1]], "average_length": 1.0}]}, {"column_name": "Level2_%", "number_non_empty_cells": 3591, "number_empty_cells": 0, "number_distinct_values": 559, "frequent_values": ["50.0", "33.3", "40.0", "42.9", "36.7"], "dataTypes": [{"type": "REAL", "count": 3589, "max_value": 80.0, "min_value": 0.0, "mean": 40.36088046809696, "stddev": 11.602181840736318}, {"type": "TEXT", "count": 2, "shortest_values": [["s", 1], ["s", 1]], "longest_values": [["s", 1], ["s", 1]], "average_length": 1.0}]}, {"column_name": "Level3_N", "number_non_empty_cells": 3591, "number_empty_cells": 0, "number_distinct_values": 191, "frequent_values": ["11", "10", "12", "8", "13"], "dataTypes": [{"type": "INTEGER (LONG)", "count": 3589, "max_value": 392, "min_value": 0, "mean": 30.202842017274936, "stddev": 34.73775627562551}, {"type": "TEXT", "count": 2, "shortest_values": [["s", 1], ["s", 1]], "longest_values": [["s", 1], ["s", 1]], "average_length": 1.0}]}, {"column_name": "Level3_%", "number_non_empty_cells": 3591, "number_empty_cells": 0, "number_distinct_values": 616, "frequent_values": ["33.3", "25.0", "20.0", "16.7", "14.3"], "dataTypes": [{"type": "REAL", "count": 3589, "max_value": 86.2, "min_value": 0.0, "mean": 27.883031485093365, "stddev": 14.581892539376916}, {"type": "TEXT", "count": 2, "shortest_values": [["s", 1], ["s", 1]], "longest_values": [["s", 1], ["s", 1]], "average_length": 1.0}]}, {"column_name": "Level4_N", "number_non_empty_cells": 3591, "number_empty_cells": 0, "number_distinct_values": 108, "frequent_values": ["1", "0", "2", "3", "4"], "dataTypes": [{"type": "INTEGER (LONG)", "count": 3589, "max_value": 188, "min_value": 0, "mean": 9.502368347729176, "stddev": 15.47843150006348}, {"type": "TEXT", "count": 2, "shortest_values": [["s", 1], ["s", 1]], "longest_values": [["s", 1], ["s", 1]], "average_length": 1.0}]}, {"column_name": "Level4_%", "number_non_empty_cells": 3591, "number_empty_cells": 0, "number_distinct_values": 383, "frequent_values": ["0.0", "1.9", "2.0", "1.4", "3.8"], "dataTypes": [{"type": "REAL", "count": 3589, "max_value": 72.2, "min_value": 0.0, "mean": 8.701588186124269, "stddev": 9.678463493742408}, {"type": "TEXT", "count": 2, "shortest_values": [["s", 1], ["s", 1]], "longest_values": [["s", 1], ["s", 1]], "average_length": 1.0}]}, {"column_name": "Level3+4_N", "number_non_empty_cells": 3591, "number_empty_cells": 0, "number_distinct_values": 239, "frequent_values": ["13", "11", "8", "15", "12"], "dataTypes": [{"type": "INTEGER (LONG)", "count": 3589, "max_value": 580, "min_value": 0, "mean": 39.70521036500403, "stddev": 48.3836775027999}, {"type": "TEXT", "count": 2, "shortest_values": [["s", 1], ["s", 1]], "longest_values": [["s", 1], ["s", 1]], "average_length": 1.0}]}, {"column_name": "Level3+4_%", "number_non_empty_cells": 3591, "number_empty_cells": 0, "number_distinct_values": 803, "frequent_values": ["33.3", "50.0", "25.0", "16.7", "20.0"], "dataTypes": [{"type": "REAL", "count": 3589, "max_value": 100.0, "min_value": 0.0, "mean": 36.582139871830705, "stddev": 20.914206159249844}, {"type": "TEXT", "count": 2, "shortest_values": [["s", 1], ["s", 1]], "longest_values": [["s", 1], ["s", 1]], "average_length": 1.0}]}]}