{"dataset_name": "/user/hm74/NYCOpenData/3kcn-nsb5.tsv.gz", "columns": [{"column_name": "Grade", "number_non_empty_cells": 168, "number_empty_cells": 0, "number_distinct_values": 7, "frequent_values": ["7", "3", "8", "5", "6"], "dataTypes": [{"type": "INTEGER (LONG)", "count": 144, "max_value": 8, "min_value": 3, "mean": 5.499999999999998, "stddev": 1.7078251276599332}, {"type": "TEXT", "count": 24, "shortest_values": [["All Grades", 10], ["All Grades", 10], ["All Grades", 10], ["All Grades", 10], ["All Grades", 10]], "longest_values": [["All Grades", 10], ["All Grades", 10], ["All Grades", 10], ["All Grades", 10], ["All Grades", 10]], "average_length": 10.0}]}, {"column_name": "Year", "number_non_empty_cells": 168, "number_empty_cells": 0, "number_distinct_values": 6, "frequent_values": [2007, 2006, 2009, 2010, 2011], "dataTypes": [{"type": "INTEGER (LONG)", "count": 168, "max_value": 2011, "min_value": 2006, "mean": 2008.5000000000002, "stddev": 1.7078251276599243}]}, {"column_name": "Category", "number_non_empty_cells": 168, "number_empty_cells": 0, "number_distinct_values": 4, "frequent_values": ["White", "Black", "Hispanic", "Asian"], "dataTypes": [{"type": "TEXT", "count": 168, "shortest_values": [["Asian", 5], ["Asian", 5], ["Asian", 5], ["Asian", 5], ["Asian", 5]], "longest_values": [["Hispanic", 8], ["Hispanic", 8], ["Hispanic", 8], ["Hispanic", 8], ["Hispanic", 8]], "average_length": 5.7500000000000036}]}, {"column_name": "Number Tested", "number_non_empty_cells": 168, "number_empty_cells": 0, "number_distinct_values": 165, "frequent_values": [10089, 28068, 9972, 7661, 27255], "dataTypes": [{"type": "INTEGER (LONG)", "count": 168, "max_value": 169531, "min_value": 7661, "mean": 29564.90476190477, "stddev": 35600.76266141307}]}, {"column_name": "Mean Scale Score", "number_non_empty_cells": 168, "number_empty_cells": 0, "number_distinct_values": 47, "frequent_values": [656, 676, 655, 674, 675], "dataTypes": [{"type": "INTEGER (LONG)", "count": 168, "max_value": 684, "min_value": 630, "mean": 661.2916666666666, "stddev": 13.0499745332112}]}, {"column_name": "Level 1 #", "number_non_empty_cells": 168, "number_empty_cells": 0, "number_distinct_values": 166, "frequent_values": [14, 215, 4519, 251, 451], "dataTypes": [{"type": "INTEGER (LONG)", "count": 168, "max_value": 31151, "min_value": 14, "mean": 2847.5714285714294, "stddev": 4842.7712409855785}]}, {"column_name": "Level 1 %", "number_non_empty_cells": 168, "number_empty_cells": 0, "number_distinct_values": 115, "frequent_values": [1.3, 3.1, 3.8, 3.6, 8.0], "dataTypes": [{"type": "REAL", "count": 168, "max_value": 23.0, "min_value": 0.1, "mean": 8.039285714285713, "stddev": 5.9012814963632865}]}, {"column_name": "Level 2 #", "number_non_empty_cells": 168, "number_empty_cells": 0, "number_distinct_values": 168, "frequent_values": [1270, 1352, 15634, 56512, 2003], "dataTypes": [{"type": "INTEGER (LONG)", "count": 168, "max_value": 81649, "min_value": 980, "mean": 11236.345238095244, "stddev": 15961.464679848425}]}, {"column_name": "Level 2 %", "number_non_empty_cells": 168, "number_empty_cells": 0, "number_distinct_values": 143, "frequent_values": [47.2, 29.7, 30.0, 14.9, 26.4], "dataTypes": [{"type": "REAL", "count": 168, "max_value": 60.8, "min_value": 11.4, "mean": 33.37261904761905, "stddev": 13.058643836741824}]}, {"column_name": "Level 3 #", "number_non_empty_cells": 168, "number_empty_cells": 0, "number_distinct_values": 167, "frequent_values": [6661, 6500, 10462, 7168, 6962], "dataTypes": [{"type": "INTEGER (LONG)", "count": 168, "max_value": 97303, "min_value": 4161, "mean": 13984.857142857141, "stddev": 15985.765525738125}]}, {"column_name": "Level 3 %", "number_non_empty_cells": 168, "number_empty_cells": 0, "number_distinct_values": 135, "frequent_values": [29.8, 59.3, 53.9, 44.5, 57.4], "dataTypes": [{"type": "REAL", "count": 168, "max_value": 77.1, "min_value": 25.5, "mean": 51.57738095238094, "stddev": 13.988144224838237}]}, {"column_name": "Level 4 #", "number_non_empty_cells": 168, "number_empty_cells": 0, "number_distinct_values": 165, "frequent_values": [547, 1208, 414, 2392, 858], "dataTypes": [{"type": "INTEGER (LONG)", "count": 168, "max_value": 9474, "min_value": 77, "mean": 1496.130952380953, "stddev": 1813.3890842692067}]}, {"column_name": "Level 4 %", "number_non_empty_cells": 168, "number_empty_cells": 0, "number_distinct_values": 107, "frequent_values": [2.2, 1.1, 3.1, 2.8, 2.1], "dataTypes": [{"type": "REAL", "count": 168, "max_value": 25.0, "min_value": 0.3, "mean": 7.011309523809521, "stddev": 5.7706711831636195}]}, {"column_name": "Level 3+4 #", "number_non_empty_cells": 168, "number_empty_cells": 0, "number_distinct_values": 167, "frequent_values": [7553, 7880, 8638, 67782, 8389], "dataTypes": [{"type": "INTEGER (LONG)", "count": 168, "max_value": 102358, "min_value": 5167, "mean": 15480.988095238095, "stddev": 17203.812862957668}]}, {"column_name": "Level 3+4 %", "number_non_empty_cells": 168, "number_empty_cells": 0, "number_distinct_values": 142, "frequent_values": [69.3, 62.9, 36.2, 76.4, 84.9], "dataTypes": [{"type": "REAL", "count": 168, "max_value": 88.1, "min_value": 25.8, "mean": 58.59404761904761, "stddev": 17.56170652293598}]}]}