{"dataset_name": "/user/hm74/NYCOpenData/3miu-myq2.tsv.gz", "columns": [{"column_name": "BRONX_\u2013_COOPERATIVES_COMPARABLE_PROPERTIES_\u2013_Boro-Block-Lot", "number_non_empty_cells": 2961, "number_empty_cells": 0, "number_distinct_values": 1232, "frequent_values": ["Bronx, NY", "(40.825576999979, -73.918448999722)\"", "(40.890261642548, -73.911362719053)\"", "(40.888932645311, -73.911592854676)\"", "(40.859362051632, -73.868536757872)\""], "dataTypes": [{"type": "TEXT", "count": 2961, "shortest_values": [["Bronx, NY", 9], ["Bronx, NY", 9], ["Bronx, NY", 9], ["Bronx, NY", 9], ["Bronx, NY", 9]], "longest_values": [["(40.852425524595, -73.864920113098)\"", 36], ["(40.853699684387, -73.869138050698)\"", 36], ["(40.854141610891, -73.864860937708)\"", 36], ["(40.825576999979, -73.918448999722)\"", 36], ["(40.829390426893, -73.919467948212)\"", 36]], "average_length": 20.862884160756455}]}, {"column_name": "BRONX_\u2013_COOPERATIVES_COMPARABLE_PROPERTIES_\u2013_Address", "number_non_empty_cells": 1688, "number_empty_cells": 1273, "number_distinct_values": 468, "frequent_values": ["2", "RIVERDALE", "BEDFORD PARK/NORWOOD", "MELROSE/CONCOURSE", "PELHAM PARKWAY SOUTH"], "dataTypes": [{"type": "INTEGER (LONG)", "count": 435, "max_value": 2, "min_value": 2, "mean": 2.0, "stddev": 0.0}, {"type": "TEXT", "count": 1263, "shortest_values": [["BELMONT", 7], ["BELMONT", 7], ["BELMONT", 7], ["FORDHAM", 7], ["1380 DR", 7]], "longest_values": [["3750 HUDSON MANOR TERRACE", 25], ["3725 HENRY HUDSON PARKWAY", 25], ["HIGHBRIDGE/MORRIS HEIGHTS", 25], ["HIGHBRIDGE/MORRIS HEIGHTS", 25], ["HIGHBRIDGE/MORRIS HEIGHTS", 25]], "average_length": 16.461599366587517}]}, {"column_name": "Borough", "number_non_empty_cells": 1166, "number_empty_cells": 1795, "number_distinct_values": 33, "frequent_values": ["D1-ELEVATOR", "C1-WALK-UP", "10463", "D3-ELEVATOR", "C7-WALK-UP"], "dataTypes": [{"type": "INTEGER (LONG)", "count": 338, "max_value": 10475, "min_value": 10451, "mean": 10462.526627218938, "stddev": 5.764680347766158}, {"type": "TEXT", "count": 828, "shortest_values": [[" ", 1], ["C7-WALK-UP", 10], ["C7-WALK-UP", 10], ["C1-WALK-UP", 10], ["C1-WALK-UP", 10]], "longest_values": [["D1-ELEVATOR", 11], ["D7-ELEVATOR", 11], ["D7-ELEVATOR", 11], ["D1-ELEVATOR", 11], ["D1-ELEVATOR", 11]], "average_length": 10.666666666666655}]}, {"column_name": "Postcode", "number_non_empty_cells": 1166, "number_empty_cells": 1795, "number_distinct_values": 481, "frequent_values": [73.0, 55.0, 42.0, 78.0, 20.0], "dataTypes": [{"type": "REAL", "count": 1166, "max_value": 1654.0, "min_value": 11.0, "mean": 72.700981584048, "stddev": 96.60964744082206}]}, {"column_name": "Latitude", "number_non_empty_cells": 1166, "number_empty_cells": 1795, "number_distinct_values": 403, "frequent_values": [1928.0, 1927.0, 1960.0, 1965.0, 1931.0], "dataTypes": [{"type": "REAL", "count": 1166, "max_value": 2005.0, "min_value": -73.929941, "mean": 1356.6182866963968, "stddev": 914.1499193460936}]}, {"column_name": "Longitude", "number_non_empty_cells": 1166, "number_empty_cells": 1795, "number_distinct_values": 481, "frequent_values": [8, 7, 11, 6, 2], "dataTypes": [{"type": "INTEGER (LONG)", "count": 1166, "max_value": 1597950, "min_value": 2, "mean": 63382.57204116635, "stddev": 108229.91362257062}]}, {"column_name": "Community_Board", "number_non_empty_cells": 1166, "number_empty_cells": 1795, "number_distinct_values": 502, "frequent_values": [11, 15, 17, 14, 13], "dataTypes": [{"type": "INTEGER (LONG)", "count": 1166, "max_value": 18381707, "min_value": 8, "mean": 716272.5085763296, "stddev": 1373095.1725759727}]}, {"column_name": "Council_District_", "number_non_empty_cells": 1166, "number_empty_cells": 1795, "number_distinct_values": 488, "frequent_values": [11.68, 12.02, 11.7, 11.32, 14.89], "dataTypes": [{"type": "REAL", "count": 1166, "max_value": 46202.0, "min_value": 1.96, "mean": 2594.2192109777043, "stddev": 8533.207890545136}]}, {"column_name": "Census_Tract", "number_non_empty_cells": 1152, "number_empty_cells": 1809, "number_distinct_values": 698, "frequent_values": [9830000, 2270000, 4540000, 2550000, 10300000], "dataTypes": [{"type": "INTEGER (LONG)", "count": 1152, "max_value": 61200000, "min_value": 163000, "mean": 2862557.5043402743, "stddev": 4407039.428846465}]}, {"column_name": "BIN", "number_non_empty_cells": 1152, "number_empty_cells": 1809, "number_distinct_values": 622, "frequent_values": [40.4, 40.3, 41.5, 54.0, 33.7], "dataTypes": [{"type": "REAL", "count": 1152, "max_value": 2059530545.0, "min_value": 4.59, "mean": 573939149.4819969, "stddev": 917529831.8522406}]}, {"column_name": "BBL", "number_non_empty_cells": 1166, "number_empty_cells": 1795, "number_distinct_values": 130, "frequent_values": ["0.2", "Spuyten Duyvil-Kingsbridge                                                 ", "North Riverdale-Fieldston-Riverdale                                        ", "0.1", "0.15"], "dataTypes": [{"type": "INTEGER (LONG)", "count": 59, "max_value": 7, "min_value": 0, "mean": 0.5593220338983053, "stddev": 1.1537879610249158}, {"type": "REAL", "count": 769, "max_value": 7.1, "min_value": 0.03, "mean": 1.1295448634590382, "stddev": 1.2837307164193577}, {"type": "TEXT", "count": 338, "shortest_values": [["Pelham Parkway                                                             ", 75], ["North Riverdale-Fieldston-Riverdale                                        ", 75], ["Bedford Park-Fordham North                                                 ", 75], ["North Riverdale-Fieldston-Riverdale                                        ", 75], ["Spuyten Duyvil-Kingsbridge                                                 ", 75]], "longest_values": [["Pelham Parkway                                                             ", 75], ["North Riverdale-Fieldston-Riverdale                                        ", 75], ["Bedford Park-Fordham North                                                 ", 75], ["North Riverdale-Fieldston-Riverdale                                        ", 75], ["Spuyten Duyvil-Kingsbridge                                                 ", 75]], "average_length": 75.0}]}, {"column_name": "NTA", "number_non_empty_cells": 393, "number_empty_cells": 2568, "number_distinct_values": 262, "frequent_values": ["2-05907-0348", "2-03297-0001", "2-05787-0137", "2-05909-0163", "2-05864-0516"], "dataTypes": [{"type": "TEXT", "count": 393, "shortest_values": [["2-04291-0024", 12], ["2-02438-0080", 12], ["2-04222-0093", 12], ["2-02472-0023", 12], ["2-05864-0516", 12]], "longest_values": [["2-04291-0024", 12], ["2-02438-0080", 12], ["2-04222-0093", 12], ["2-02472-0023", 12], ["2-05864-0516", 12]], "average_length": 12.0}]}, {"column_name": "BRONX_\u2013_COOPERATIVES_COMPARABLE_PROPERTIES_\u2013_Neighborhood", "number_non_empty_cells": 388, "number_empty_cells": 2573, "number_distinct_values": 262, "frequent_values": ["3725 BLACKSTONE AVENUE", "2929 BAINBRIDGE AVENUE", "3220 NETHERLAND AVENUE", "3950 BLACKSTONE AVENUE", "6555 BROADWAY"], "dataTypes": [{"type": "TEXT", "count": 393, "shortest_values": [["1615 DR", 7], ["2260 DR", 7], ["1592 DR", 7], ["2230 DR", 7], ["1344 DR", 7]], "longest_values": [["3801 HUDSON MANOR TERRACE", 25], ["3611 HENRY HUDSON PARKWAY", 25], ["2675 HENRY HUDSON PARKWAY", 25], ["3611 HENRY HUDSON PARKWAY", 25], ["2675 HENRY HUDSON PARKWAY", 25]], "average_length": 17.969465648854953}]}, {"column_name": "BRONX_\u2013_COOPERATIVES_COMPARABLE_PROPERTIES_\u2013_Building_Classification", "number_non_empty_cells": 435, "number_empty_cells": 2526, "number_distinct_values": 163, "frequent_values": [20, 73, 42, 54, 16], "dataTypes": [{"type": "INTEGER (LONG)", "count": 435, "max_value": 10948, "min_value": 11, "mean": 125.16091954022987, "stddev": 572.5051999676151}]}, {"column_name": "BRONX_\u2013_COOPERATIVES_COMPARABLE_PROPERTIES_\u2013_Total_Units", "number_non_empty_cells": 435, "number_empty_cells": 2526, "number_distinct_values": 68, "frequent_values": [1931, 1954, 1927, 1928, 1963], "dataTypes": [{"type": "INTEGER (LONG)", "count": 435, "max_value": 1993, "min_value": 1904, "mean": 1941.586206896551, "stddev": 19.510416742715567}]}, {"column_name": "BRONX_\u2013_COOPERATIVES_COMPARABLE_PROPERTIES_\u2013_Year_Built", "number_non_empty_cells": 435, "number_empty_cells": 2526, "number_distinct_values": 407, "frequent_values": [127000, 43000, 30000, 55800, 29600], "dataTypes": [{"type": "INTEGER (LONG)", "count": 435, "max_value": 13540113, "min_value": 6480, "mean": 139715.99080459768, "stddev": 704206.0214295115}]}, {"column_name": "BRONX_\u2013_COOPERATIVES_COMPARABLE_PROPERTIES_\u2013_Gross_SqFt", "number_non_empty_cells": 435, "number_empty_cells": 2526, "number_distinct_values": 426, "frequent_values": [424000, 2849258, 168831, 260295, 357102], "dataTypes": [{"type": "INTEGER (LONG)", "count": 435, "max_value": 140952576, "min_value": 91018, "mean": 1510250.5356321833, "stddev": 7347165.011551841}]}, {"column_name": "BRONX_\u2013_COOPERATIVES_COMPARABLE_PROPERTIES_\u2013_Est_Gross_Income", "number_non_empty_cells": 435, "number_empty_cells": 2526, "number_distinct_values": 207, "frequent_values": [11.5, 9.75, 12.0, 12.5, 11.38], "dataTypes": [{"type": "REAL", "count": 435, "max_value": 16.7, "min_value": 6.05, "mean": 10.759563218390804, "stddev": 1.573134521588961}]}, {"column_name": "BRONX_\u2013_COOPERATIVES_COMPARABLE_PROPERTIES_\u2013_Gross_Income_per_SqFt", "number_non_empty_cells": 435, "number_empty_cells": 2526, "number_distinct_values": 360, "frequent_values": [1580000, 1030000, 2770000, 2060000, 1110000], "dataTypes": [{"type": "INTEGER (LONG)", "count": 435, "max_value": 330000000, "min_value": 213000, "mean": 4204193.103448278, "stddev": 17360587.123247314}]}, {"column_name": "BRONX_\u2013_COOPERATIVES_COMPARABLE_PROPERTIES_\u2013_Full_Market_Value", "number_non_empty_cells": 435, "number_empty_cells": 2526, "number_distinct_values": 242, "frequent_values": [39.7, 39.6, 27.8, 43.1, 28.8], "dataTypes": [{"type": "REAL", "count": 435, "max_value": 65.0, "min_value": 14.16, "mean": 30.810919540229868, "stddev": 9.007354368384988}]}, {"column_name": "BRONX_\u2013_COOPERATIVES_COMPARABLE_PROPERTIES_\u2013_Market_Value_per_SqFt", "number_non_empty_cells": 435, "number_empty_cells": 2526, "number_distinct_values": 294, "frequent_values": ["2-05793-0467", "2-05909-0163", "2-04342-0010", "2-03308-0051", "2-05746-0567"], "dataTypes": [{"type": "TEXT", "count": 435, "shortest_values": [["2-04286-0022", 12], ["2-02461-0130", 12], ["2-05909-0163", 12], ["2-02407-0016", 12], ["2-03297-0001", 12]], "longest_values": [["2-04286-0022", 12], ["2-02461-0130", 12], ["2-05909-0163", 12], ["2-02407-0016", 12], ["2-03297-0001", 12]], "average_length": 12.0}]}, {"column_name": "COMPARABLE_RENTAL_\u2013_1_\u2013Boro-Block-Lot", "number_non_empty_cells": 432, "number_empty_cells": 2529, "number_distinct_values": 294, "frequent_values": ["3555 OXFORD AVENUE", "3950 BLACKSTONE AVENUE", "2280 OLINVILLE AVENUE", "253 202 STREET", "3555 BRUCKNER BOULEVARD"], "dataTypes": [{"type": "TEXT", "count": 435, "shortest_values": [["1600 DR", 7], ["1350 DR", 7], ["2260 DR", 7], ["2170 DR", 7], ["1592 DR", 7]], "longest_values": [["2675 HENRY HUDSON PARKWAY", 25], ["3900 HENRY HUDSON PARKWAY", 25], ["2728 HENRY HUDSON PARKWAY", 25], ["2675 HENRY HUDSON PARKWAY", 25], ["3801 HUDSON MANOR TERRACE", 25]], "average_length": 17.979310344827596}]}, {"column_name": "COMPARABLE_RENTAL_\u2013_1_\u2013Address", "number_non_empty_cells": 0, "number_empty_cells": 2961, "number_distinct_values": 1, "frequent_values": [null], "dataTypes": []}, {"column_name": "COMPARABLE_RENTAL_\u2013_1_\u2013Neighborhood", "number_non_empty_cells": 0, "number_empty_cells": 2961, "number_distinct_values": 1, "frequent_values": [null], "dataTypes": []}, {"column_name": "COMPARABLE_RENTAL_\u2013_1_\u2013Building_Classification", "number_non_empty_cells": 0, "number_empty_cells": 2961, "number_distinct_values": 1, "frequent_values": [null], "dataTypes": []}, {"column_name": "COMPARABLE_RENTAL_\u2013_1_\u2013Total_Units", "number_non_empty_cells": 0, "number_empty_cells": 2961, "number_distinct_values": 1, "frequent_values": [null], "dataTypes": []}, {"column_name": "COMPARABLE_RENTAL_\u2013_1_\u2013Year_Built", "number_non_empty_cells": 0, "number_empty_cells": 2961, "number_distinct_values": 1, "frequent_values": [null], "dataTypes": []}, {"column_name": "COMPARABLE_RENTAL_\u2013_1_\u2013Gross_SqFt", "number_non_empty_cells": 0, "number_empty_cells": 2961, "number_distinct_values": 1, "frequent_values": [null], "dataTypes": []}, {"column_name": "COMPARABLE_RENTAL_\u2013_1_\u2013Est_Gross_Income", "number_non_empty_cells": 0, "number_empty_cells": 2961, "number_distinct_values": 1, "frequent_values": [null], "dataTypes": []}, {"column_name": "COMPARABLE_RENTAL_\u2013_1_\u2013Gross_Income_per_SqFt", "number_non_empty_cells": 0, "number_empty_cells": 2961, "number_distinct_values": 1, "frequent_values": [null], "dataTypes": []}, {"column_name": "COMPARABLE_RENTAL_\u2013_1_\u2013Full_Market_Value", "number_non_empty_cells": 0, "number_empty_cells": 2961, "number_distinct_values": 1, "frequent_values": [null], "dataTypes": []}, {"column_name": "COMPARABLE_RENTAL_\u2013_1_\u2013Market_Value_per_SqFt", "number_non_empty_cells": 0, "number_empty_cells": 2961, "number_distinct_values": 1, "frequent_values": [null], "dataTypes": []}, {"column_name": "COMPARABLE_RENTAL_\u2013_1_\u2013Dist_from_Coop_in_miles", "number_non_empty_cells": 0, "number_empty_cells": 2961, "number_distinct_values": 1, "frequent_values": [null], "dataTypes": []}, {"column_name": "COMPARABLE_RENTAL_\u2013_2_\u2013Boro-Block-Lot", "number_non_empty_cells": 0, "number_empty_cells": 2961, "number_distinct_values": 1, "frequent_values": [null], "dataTypes": []}, {"column_name": "COMPARABLE_RENTAL_\u2013_2_\u2013Address", "number_non_empty_cells": 0, "number_empty_cells": 2961, "number_distinct_values": 1, "frequent_values": [null], "dataTypes": []}, {"column_name": "COMPARABLE_RENTAL_\u2013_2_\u2013Neighborhood", "number_non_empty_cells": 0, "number_empty_cells": 2961, "number_distinct_values": 1, "frequent_values": [null], "dataTypes": []}, {"column_name": "COMPARABLE_RENTAL_\u2013_2_\u2013Building_Classification", "number_non_empty_cells": 0, "number_empty_cells": 2961, "number_distinct_values": 1, "frequent_values": [null], "dataTypes": []}, {"column_name": "COMPARABLE_RENTAL_\u2013_2_\u2013Total_Units", "number_non_empty_cells": 0, "number_empty_cells": 2961, "number_distinct_values": 1, "frequent_values": [null], "dataTypes": []}, {"column_name": "COMPARABLE_RENTAL_\u2013_2_\u2013Year_Built", "number_non_empty_cells": 0, "number_empty_cells": 2961, "number_distinct_values": 1, "frequent_values": [null], "dataTypes": []}, {"column_name": "COMPARABLE_RENTAL_\u2013_2_\u2013Gross_SqFt", "number_non_empty_cells": 0, "number_empty_cells": 2961, "number_distinct_values": 1, "frequent_values": [null], "dataTypes": []}, {"column_name": "COMPARABLE_RENTAL_\u2013_2_\u2013Est_Gross_Income", "number_non_empty_cells": 0, "number_empty_cells": 2961, "number_distinct_values": 1, "frequent_values": [null], "dataTypes": []}, {"column_name": "COMPARABLE_RENTAL_\u2013_2_\u2013Gross_Income_per_SqFt", "number_non_empty_cells": 0, "number_empty_cells": 2961, "number_distinct_values": 1, "frequent_values": [null], "dataTypes": []}, {"column_name": "COMPARABLE_RENTAL_\u2013_2_\u2013Full_Market_Value", "number_non_empty_cells": 0, "number_empty_cells": 2961, "number_distinct_values": 1, "frequent_values": [null], "dataTypes": []}, {"column_name": "COMPARABLE_RENTAL_\u2013_2_\u2013Market_Value_per_SqFt", "number_non_empty_cells": 0, "number_empty_cells": 2961, "number_distinct_values": 1, "frequent_values": [null], "dataTypes": []}, {"column_name": "COMPARABLE_RENTAL_\u2013_2_\u2013Dist_from_Coop_in_miles", "number_non_empty_cells": 0, "number_empty_cells": 2961, "number_distinct_values": 1, "frequent_values": [null], "dataTypes": []}]}