{"dataset_name": "/user/hm74/NYCOpenData/3nja-bsch.tsv.gz", "columns": [{"column_name": "Boro/Central Library", "number_non_empty_cells": 43, "number_empty_cells": 0, "number_distinct_values": 1, "frequent_values": ["Manhattan"], "dataTypes": [{"type": "TEXT", "count": 43, "shortest_values": [["Manhattan", 9], ["Manhattan", 9], ["Manhattan", 9], ["Manhattan", 9], ["Manhattan", 9]], "longest_values": [["Manhattan", 9], ["Manhattan", 9], ["Manhattan", 9], ["Manhattan", 9], ["Manhattan", 9]], "average_length": 9.0}]}, {"column_name": "Network", "number_non_empty_cells": 42, "number_empty_cells": 1, "number_distinct_values": 4, "frequent_values": ["Seward Park Network", "Countee Cullen Network", "Special Unit", null], "dataTypes": [{"type": "TEXT", "count": 42, "shortest_values": [["Special Unit", 12], ["Special Unit", 12], ["Seward Park Network", 19], ["Seward Park Network", 19], ["Seward Park Network", 19]], "longest_values": [["Countee Cullen Network", 22], ["Countee Cullen Network", 22], ["Countee Cullen Network", 22], ["Countee Cullen Network", 22], ["Countee Cullen Network", 22]], "average_length": 20.09523809523809}]}, {"column_name": "Branch", "number_non_empty_cells": 43, "number_empty_cells": 0, "number_distinct_values": 41, "frequent_values": ["Subtotal:", "58th Street", "Seward Park Network", "Aguilar", "MANHATTAN TOTAL:"], "dataTypes": [{"type": "TEXT", "count": 43, "shortest_values": [["Inwood", 6], ["Aguilar", 7], ["Harlem ", 7], ["Webster", 7], ["Epiphany", 8]], "longest_values": [["Washington Heights*   * Closed for major renovation - effective 4/15/10", 71], ["Manhattan Borough Office", 24], ["Morningside Heights", 19], ["Seward Park Network", 19], ["Hamilton Fish Park ", 19]], "average_length": 13.790697674418604}]}, {"column_name": "ADULT Program", "number_non_empty_cells": 42, "number_empty_cells": 1, "number_distinct_values": 37, "frequent_values": [0, 116, 97, 56, 13], "dataTypes": [{"type": "INTEGER (LONG)", "count": 42, "max_value": 3753, "min_value": 0, "mean": 268.07142857142856, "stddev": 666.842324222263}]}, {"column_name": "ADULT Attendance", "number_non_empty_cells": 42, "number_empty_cells": 1, "number_distinct_values": 41, "frequent_values": [0, 6095, 1139, 1198, 530], "dataTypes": [{"type": "INTEGER (LONG)", "count": 42, "max_value": 50080, "min_value": 0, "mean": 3577.1428571428564, "stddev": 8915.6107089153}]}, {"column_name": "YOUNG ADULT Program", "number_non_empty_cells": 42, "number_empty_cells": 1, "number_distinct_values": 35, "frequent_values": [0, 30, 5, 94, 28], "dataTypes": [{"type": "INTEGER (LONG)", "count": 42, "max_value": 3021, "min_value": 0, "mean": 215.78571428571422, "stddev": 537.5943565336886}]}, {"column_name": "YOUNG ADULT Attendance", "number_non_empty_cells": 42, "number_empty_cells": 1, "number_distinct_values": 39, "frequent_values": [0, 530, 663, 3284, 44], "dataTypes": [{"type": "INTEGER (LONG)", "count": 42, "max_value": 37994, "min_value": 0, "mean": 2713.857142857143, "stddev": 6775.382307159004}]}, {"column_name": "JUVENILE Program", "number_non_empty_cells": 42, "number_empty_cells": 1, "number_distinct_values": 39, "frequent_values": [0, 228, 142, 115, 211], "dataTypes": [{"type": "INTEGER (LONG)", "count": 42, "max_value": 8541, "min_value": 0, "mean": 610.0714285714284, "stddev": 1514.839664513599}]}, {"column_name": "JUVENILE Attendance", "number_non_empty_cells": 42, "number_empty_cells": 1, "number_distinct_values": 41, "frequent_values": [0, 5647, 8249, 10626, 2355], "dataTypes": [{"type": "INTEGER (LONG)", "count": 42, "max_value": 220687, "min_value": 0, "mean": 15763.357142857145, "stddev": 39162.70835995302}]}, {"column_name": "OUTREACH SERVICES Program", "number_non_empty_cells": 42, "number_empty_cells": 1, "number_distinct_values": 35, "frequent_values": [20, 12, 42, 10, 30], "dataTypes": [{"type": "INTEGER (LONG)", "count": 42, "max_value": 2121, "min_value": 0, "mean": 151.5, "stddev": 379.73751899612625}]}, {"column_name": "OUTREACH SERVICES Attendance", "number_non_empty_cells": 42, "number_empty_cells": 1, "number_distinct_values": 42, "frequent_values": [0, 3132, 743, 20344, 476], "dataTypes": [{"type": "INTEGER (LONG)", "count": 42, "max_value": 45309, "min_value": 0, "mean": 3236.3571428571427, "stddev": 8085.63100232643}]}, {"column_name": " TOTAL Program", "number_non_empty_cells": 42, "number_empty_cells": 1, "number_distinct_values": 41, "frequent_values": [0, 701, 321, 236, 384], "dataTypes": [{"type": "INTEGER (LONG)", "count": 42, "max_value": 17436, "min_value": 0, "mean": 1245.4285714285716, "stddev": 3088.7825706429194}]}, {"column_name": " TOTAL Attendance", "number_non_empty_cells": 42, "number_empty_cells": 1, "number_distinct_values": 42, "frequent_values": [0, 8067, 12322, 10267, 3679], "dataTypes": [{"type": "INTEGER (LONG)", "count": 42, "max_value": 354070, "min_value": 0, "mean": 25290.714285714283, "stddev": 62745.444738959304}]}, {"column_name": " REFERENCE TRANSACTIONS Adult", "number_non_empty_cells": 42, "number_empty_cells": 1, "number_distinct_values": 41, "frequent_values": [0, 123500, 1126801, 31122, 21164], "dataTypes": [{"type": "INTEGER (LONG)", "count": 42, "max_value": 1992978, "min_value": 0, "mean": 142355.57142857142, "stddev": 357267.5205416899}]}, {"column_name": " REFERENCE TRANSACTIONS Young Adult", "number_non_empty_cells": 42, "number_empty_cells": 1, "number_distinct_values": 40, "frequent_values": [0, 256360, 9113, 418405, 26], "dataTypes": [{"type": "INTEGER (LONG)", "count": 42, "max_value": 556673, "min_value": 0, "mean": 39762.357142857145, "stddev": 110009.29643483198}]}, {"column_name": " REFERENCE TRANSACTIONS Juvenile", "number_non_empty_cells": 42, "number_empty_cells": 1, "number_distinct_values": 39, "frequent_values": [0, 3978, 2366, 7020, 78], "dataTypes": [{"type": "INTEGER (LONG)", "count": 42, "max_value": 711477, "min_value": 0, "mean": 50819.785714285725, "stddev": 135427.01971463233}]}, {"column_name": " REFERENCE TRANSACTIONS", "number_non_empty_cells": 42, "number_empty_cells": 1, "number_distinct_values": 41, "frequent_values": [0, 66651, 76401, 37778, 52091], "dataTypes": [{"type": "INTEGER (LONG)", "count": 42, "max_value": 3261128, "min_value": 0, "mean": 232937.7142857143, "stddev": 596756.869419208}]}, {"column_name": "CIRCULATION Adult", "number_non_empty_cells": 42, "number_empty_cells": 1, "number_distinct_values": 42, "frequent_values": [0, 152390, 201905, 92228, 830], "dataTypes": [{"type": "INTEGER (LONG)", "count": 42, "max_value": 6165607, "min_value": 0, "mean": 440400.50000000006, "stddev": 1096326.9216487487}]}, {"column_name": "CIRCULATION Young Adult", "number_non_empty_cells": 42, "number_empty_cells": 1, "number_distinct_values": 42, "frequent_values": [0, 33683, 21545, 13994, 26945], "dataTypes": [{"type": "INTEGER (LONG)", "count": 42, "max_value": 983510, "min_value": 0, "mean": 70250.71428571429, "stddev": 175273.6204844525}]}, {"column_name": "CIRCULATION Juvenile", "number_non_empty_cells": 42, "number_empty_cells": 1, "number_distinct_values": 42, "frequent_values": [0, 40587, 86007, 42107, 176853], "dataTypes": [{"type": "INTEGER (LONG)", "count": 42, "max_value": 2900222, "min_value": 0, "mean": 207158.71428571426, "stddev": 515229.5379368623}]}, {"column_name": "CIRCULATION", "number_non_empty_cells": 42, "number_empty_cells": 1, "number_distinct_values": 42, "frequent_values": [0, 373231, 10049339, 219460, 306114], "dataTypes": [{"type": "INTEGER (LONG)", "count": 42, "max_value": 10049339, "min_value": 0, "mean": 717809.9285714286, "stddev": 1782808.4313283486}]}, {"column_name": "Weekly Hours of Public Service", "number_non_empty_cells": 42, "number_empty_cells": 1, "number_distinct_values": 13, "frequent_values": [42, 44, 50, 46, 0], "dataTypes": [{"type": "INTEGER (LONG)", "count": 42, "max_value": 1604, "min_value": 0, "mean": 114.57142857142856, "stddev": 283.6729457245692}]}]}