{"dataset_name": "/user/hm74/NYCOpenData/3nw7-5vkw.tsv.gz", "columns": [{"column_name": "Grade", "number_non_empty_cells": 140, "number_empty_cells": 0, "number_distinct_values": 7, "frequent_values": ["7", "3", "8", "5", "6"], "dataTypes": [{"type": "INTEGER (LONG)", "count": 120, "max_value": 8, "min_value": 3, "mean": 5.500000000000001, "stddev": 1.707825127659933}, {"type": "TEXT", "count": 20, "shortest_values": [["All Grades", 10], ["All Grades", 10], ["All Grades", 10], ["All Grades", 10], ["All Grades", 10]], "longest_values": [["All Grades", 10], ["All Grades", 10], ["All Grades", 10], ["All Grades", 10], ["All Grades", 10]], "average_length": 10.0}]}, {"column_name": "Year", "number_non_empty_cells": 140, "number_empty_cells": 0, "number_distinct_values": 5, "frequent_values": [2015, 2013, 2014, 2016, 2017], "dataTypes": [{"type": "INTEGER (LONG)", "count": 140, "max_value": 2017, "min_value": 2013, "mean": 2015.0000000000005, "stddev": 1.41421356237309}]}, {"column_name": "Category", "number_non_empty_cells": 140, "number_empty_cells": 0, "number_distinct_values": 4, "frequent_values": ["White", "Black", "Hispanic", "Asian"], "dataTypes": [{"type": "TEXT", "count": 140, "shortest_values": [["Asian", 5], ["Asian", 5], ["Asian", 5], ["Asian", 5], ["Asian", 5]], "longest_values": [["Hispanic", 8], ["Hispanic", 8], ["Hispanic", 8], ["Hispanic", 8], ["Hispanic", 8]], "average_length": 5.750000000000001}]}, {"column_name": "Number Tested", "number_non_empty_cells": 140, "number_empty_cells": 0, "number_distinct_values": 140, "frequent_values": [18467, 10462, 26893, 27144, 17972], "dataTypes": [{"type": "INTEGER (LONG)", "count": 140, "max_value": 167743, "min_value": 9576, "mean": 28545.71428571429, "stddev": 33545.12293107932}]}, {"column_name": "Mean Scale Score", "number_non_empty_cells": 140, "number_empty_cells": 0, "number_distinct_values": 34, "frequent_values": [289, 290, 288, 312, 313], "dataTypes": [{"type": "INTEGER (LONG)", "count": 140, "max_value": 326, "min_value": 284, "mean": 304.1285714285714, "stddev": 13.562997381080008}]}, {"column_name": "Level1_N", "number_non_empty_cells": 140, "number_empty_cells": 0, "number_distinct_values": 140, "frequent_values": [1522, 32560, 12139, 1884, 6597], "dataTypes": [{"type": "INTEGER (LONG)", "count": 140, "max_value": 74870, "min_value": 953, "mean": 9047.114285714284, "stddev": 13349.218515428272}]}, {"column_name": "Level1_%", "number_non_empty_cells": 140, "number_empty_cells": 0, "number_distinct_values": 120, "frequent_values": [45.6, 17.2, 15.2, 49.0, 16.1], "dataTypes": [{"type": "REAL", "count": 140, "max_value": 49.0, "min_value": 9.2, "mean": 27.69714285714285, "stddev": 12.86989256730131}]}, {"column_name": "Level2_N", "number_non_empty_cells": 140, "number_empty_cells": 0, "number_distinct_values": 140, "frequent_values": [4158, 2821, 7387, 3488, 2833], "dataTypes": [{"type": "INTEGER (LONG)", "count": 140, "max_value": 65230, "min_value": 2305, "mean": 10212.74285714286, "stddev": 12760.32632048672}]}, {"column_name": "Level2_%", "number_non_empty_cells": 140, "number_empty_cells": 0, "number_distinct_values": 93, "frequent_values": [32.8, 38.2, 38.4, 31.5, 31.8], "dataTypes": [{"type": "REAL", "count": 140, "max_value": 46.6, "min_value": 22.6, "mean": 34.48071428571429, "stddev": 5.484105558385091}]}, {"column_name": "Level3_N", "number_non_empty_cells": 140, "number_empty_cells": 0, "number_distinct_values": 138, "frequent_values": [3219, 2639, 2924, 6176, 3834], "dataTypes": [{"type": "INTEGER (LONG)", "count": 140, "max_value": 36018, "min_value": 1658, "mean": 6308.899999999999, "stddev": 6829.640514802267}]}, {"column_name": "Level3_%", "number_non_empty_cells": 140, "number_empty_cells": 0, "number_distinct_values": 110, "frequent_values": [14.7, 14.4, 18.1, 27.1, 28.6], "dataTypes": [{"type": "REAL", "count": 140, "max_value": 47.1, "min_value": 9.0, "mean": 24.560000000000006, "stddev": 9.14944026390998}]}, {"column_name": "Level4_N", "number_non_empty_cells": 140, "number_empty_cells": 0, "number_distinct_values": 136, "frequent_values": [2735, 1778, 1475, 2182, 3761], "dataTypes": [{"type": "INTEGER (LONG)", "count": 140, "max_value": 20399, "min_value": 221, "mean": 2976.9571428571426, "stddev": 3673.678866265937}]}, {"column_name": "Level4_%", "number_non_empty_cells": 140, "number_empty_cells": 0, "number_distinct_values": 110, "frequent_values": [3.7, 2.2, 3.8, 4.2, 24.7], "dataTypes": [{"type": "REAL", "count": 140, "max_value": 34.1, "min_value": 1.2, "mean": 13.26571428571429, "stddev": 9.709529718113993}]}, {"column_name": "Level3+4_N", "number_non_empty_cells": 140, "number_empty_cells": 0, "number_distinct_values": 140, "frequent_values": [4101, 7109, 5670, 6082, 31873], "dataTypes": [{"type": "INTEGER (LONG)", "count": 140, "max_value": 48550, "min_value": 2584, "mean": 9285.857142857143, "stddev": 10080.097856364171}]}, {"column_name": "Level3+4_%", "number_non_empty_cells": 140, "number_empty_cells": 0, "number_distinct_values": 114, "frequent_values": [49.5, 18.4, 30.6, 46.8, 18.3], "dataTypes": [{"type": "REAL", "count": 140, "max_value": 67.8, "min_value": 13.7, "mean": 37.82714285714287, "stddev": 16.868592298186854}]}]}