{"dataset_name": "/user/hm74/NYCOpenData/3pge-73vq.tsv.gz", "columns": [{"column_name": "district", "number_non_empty_cells": 2240, "number_empty_cells": 0, "number_distinct_values": 32, "frequent_values": [31, 28, 26, 27, 12], "dataTypes": [{"type": "INTEGER (LONG)", "count": 2240, "max_value": 32, "min_value": 1, "mean": 16.50000000000001, "stddev": 9.233092656309685}]}, {"column_name": "Grade", "number_non_empty_cells": 2240, "number_empty_cells": 0, "number_distinct_values": 7, "frequent_values": ["7", "3", "8", "5", "6"], "dataTypes": [{"type": "INTEGER (LONG)", "count": 1920, "max_value": 8, "min_value": 3, "mean": 5.500000000000006, "stddev": 1.7078251276599343}, {"type": "TEXT", "count": 320, "shortest_values": [["All Grades", 10], ["All Grades", 10], ["All Grades", 10], ["All Grades", 10], ["All Grades", 10]], "longest_values": [["All Grades", 10], ["All Grades", 10], ["All Grades", 10], ["All Grades", 10], ["All Grades", 10]], "average_length": 10.0}]}, {"column_name": "Year", "number_non_empty_cells": 2240, "number_empty_cells": 0, "number_distinct_values": 5, "frequent_values": [2015, 2013, 2014, 2016, 2017], "dataTypes": [{"type": "INTEGER (LONG)", "count": 2240, "max_value": 2017, "min_value": 2013, "mean": 2014.9999999999993, "stddev": 1.4142135623730956}]}, {"column_name": "Category", "number_non_empty_cells": 2240, "number_empty_cells": 0, "number_distinct_values": 2, "frequent_values": ["Econ Disadv", "Not Econ Disadv"], "dataTypes": [{"type": "TEXT", "count": 2240, "shortest_values": [["Econ Disadv", 11], ["Econ Disadv", 11], ["Econ Disadv", 11], ["Econ Disadv", 11], ["Econ Disadv", 11]], "longest_values": [["Not Econ Disadv", 15], ["Not Econ Disadv", 15], ["Not Econ Disadv", 15], ["Not Econ Disadv", 15], ["Not Econ Disadv", 15]], "average_length": 12.999999999999995}]}, {"column_name": "Number_Tested", "number_non_empty_cells": 2240, "number_empty_cells": 0, "number_distinct_values": 1558, "frequent_values": [87, 612, 182, 103, 860], "dataTypes": [{"type": "INTEGER (LONG)", "count": 2240, "max_value": 23419, "min_value": 21, "mean": 1810.825892857141, "stddev": 2816.6221263638504}]}, {"column_name": "Mean_Scale_Score", "number_non_empty_cells": 2240, "number_empty_cells": 0, "number_distinct_values": 73, "frequent_values": [297, 295, 293, 292, 298], "dataTypes": [{"type": "INTEGER (LONG)", "count": 2240, "max_value": 343, "min_value": 271, "mean": 301.3205357142853, "stddev": 14.612431341601217}]}, {"column_name": "Level1_N", "number_non_empty_cells": 2240, "number_empty_cells": 0, "number_distinct_values": 974, "frequent_values": [25, 55, 33, 52, 112], "dataTypes": [{"type": "INTEGER (LONG)", "count": 2240, "max_value": 10465, "min_value": 8, "mean": 571.9482142857145, "stddev": 1034.5025827646887}]}, {"column_name": "Level1_%", "number_non_empty_cells": 2240, "number_empty_cells": 0, "number_distinct_values": 548, "frequent_values": [29.6, 50.0, 35.7, 25.0, 23.1], "dataTypes": [{"type": "REAL", "count": 2240, "max_value": 67.2, "min_value": 2.3, "mean": 30.459419642857085, "stddev": 13.782164672359821}]}, {"column_name": "Level2_N", "number_non_empty_cells": 2240, "number_empty_cells": 0, "number_distinct_values": 1043, "frequent_values": [52, 26, 35, 37, 222], "dataTypes": [{"type": "INTEGER (LONG)", "count": 2240, "max_value": 9386, "min_value": 7, "mean": 646.9624999999997, "stddev": 1052.9761874194126}]}, {"column_name": "Level2_%", "number_non_empty_cells": 2240, "number_empty_cells": 0, "number_distinct_values": 333, "frequent_values": [36.8, 33.3, 39.3, 37.2, 35.5], "dataTypes": [{"type": "REAL", "count": 2240, "max_value": 55.1, "min_value": 11.4, "mean": 34.77598214285719, "stddev": 6.676193975588262}]}, {"column_name": "Level3_N", "number_non_empty_cells": 2240, "number_empty_cells": 0, "number_distinct_values": 829, "frequent_values": [11, 12, 57, 14, 65], "dataTypes": [{"type": "INTEGER (LONG)", "count": 2240, "max_value": 4849, "min_value": 1, "mean": 401.34821428571445, "stddev": 626.340304436092}]}, {"column_name": "Level3_%", "number_non_empty_cells": 2240, "number_empty_cells": 0, "number_distinct_values": 408, "frequent_values": [23.0, 20.7, 19.3, 20.1, 18.9], "dataTypes": [{"type": "REAL", "count": 2240, "max_value": 60.7, "min_value": 3.2, "mean": 22.949776785714278, "stddev": 9.32902775634989}]}, {"column_name": "Level4_N", "number_non_empty_cells": 2240, "number_empty_cells": 0, "number_distinct_values": 563, "frequent_values": [2, 0, 3, 6, 7], "dataTypes": [{"type": "INTEGER (LONG)", "count": 2240, "max_value": 4255, "min_value": 0, "mean": 190.56696428571448, "stddev": 340.0259404202004}]}, {"column_name": "Level4_%", "number_non_empty_cells": 2240, "number_empty_cells": 0, "number_distinct_values": 403, "frequent_values": [0.0, 2.9, 5.3, 3.1, 2.6], "dataTypes": [{"type": "REAL", "count": 2240, "max_value": 59.9, "min_value": 0.0, "mean": 11.815446428571434, "stddev": 10.479925656462804}]}, {"column_name": "Level3+4_N", "number_non_empty_cells": 2240, "number_empty_cells": 0, "number_distinct_values": 1016, "frequent_values": [13, 21, 130, 7, 17], "dataTypes": [{"type": "INTEGER (LONG)", "count": 2240, "max_value": 7887, "min_value": 3, "mean": 591.9151785714281, "stddev": 937.308778565929}]}, {"column_name": "Level3+4_%", "number_non_empty_cells": 2240, "number_empty_cells": 0, "number_distinct_values": 646, "frequent_values": [19.3, 13.9, 28.1, 26.1, 26.7], "dataTypes": [{"type": "REAL", "count": 2240, "max_value": 85.8, "min_value": 5.0, "mean": 34.765178571428564, "stddev": 17.478521052491757}]}]}