{"dataset_name": "/user/hm74/NYCOpenData/3pzk-fyqp.tsv.gz", "columns": [{"column_name": "City Council District", "number_non_empty_cells": 51, "number_empty_cells": 0, "number_distinct_values": 51, "frequent_values": [31, 34, 28, 26, 27], "dataTypes": [{"type": "INTEGER (LONG)", "count": 51, "max_value": 51, "min_value": 1, "mean": 26.0, "stddev": 14.719601443879744}]}, {"column_name": "# of teachers assigned to teach health", "number_non_empty_cells": 51, "number_empty_cells": 0, "number_distinct_values": 49, "frequent_values": [353, 341, 155, 300, 412], "dataTypes": [{"type": "INTEGER (LONG)", "count": 51, "max_value": 612, "min_value": 97, "mean": 301.9019607843138, "stddev": 104.76982332002031}]}]}