{"dataset_name": "/user/hm74/NYCOpenData/3qem-6v3v.tsv.gz", "columns": [{"column_name": "Report Date", "number_non_empty_cells": 624, "number_empty_cells": 0, "number_distinct_values": 12, "frequent_values": ["07/31/2018", "10/31/2018", "04/30/2019", "11/30/2018", "05/31/2019"], "dataTypes": [{"type": "DATE/TIME", "count": 624, "max_value": "2019-08-31T00:00:00", "min_value": "2018-07-31T00:00:00"}]}, {"column_name": "Borough", "number_non_empty_cells": 624, "number_empty_cells": 0, "number_distinct_values": 5, "frequent_values": ["Brooklyn", "Queens", "Bronx", "Manhattan", "Staten Island"], "dataTypes": [{"type": "TEXT", "count": 624, "shortest_values": [["Bronx", 5], ["Bronx", 5], ["Bronx", 5], ["Bronx", 5], ["Bronx", 5]], "longest_values": [["Staten Island", 13], ["Staten Island", 13], ["Staten Island", 13], ["Staten Island", 13], ["Staten Island", 13]], "average_length": 7.153846153846151}]}, {"column_name": "Community District", "number_non_empty_cells": 624, "number_empty_cells": 0, "number_distinct_values": 52, "frequent_values": [108, 211, 101, 210, 412], "dataTypes": [{"type": "INTEGER (LONG)", "count": 624, "max_value": 501, "min_value": 101, "mean": 269.09615384615387, "stddev": 111.49167951283056}]}, {"column_name": "Adult Family Comm Hotel", "number_non_empty_cells": 12, "number_empty_cells": 612, "number_distinct_values": 2, "frequent_values": [2, null], "dataTypes": [{"type": "INTEGER (LONG)", "count": 12, "max_value": 2, "min_value": 2, "mean": 2.0, "stddev": 0.0}]}, {"column_name": "Adult Family Shelter", "number_non_empty_cells": 216, "number_empty_cells": 408, "number_distinct_values": 4, "frequent_values": [1, 2, 3, null], "dataTypes": [{"type": "INTEGER (LONG)", "count": 216, "max_value": 3, "min_value": 1, "mean": 1.1712962962962967, "stddev": 0.4547182534122448}]}, {"column_name": "Adult Shelter", "number_non_empty_cells": 366, "number_empty_cells": 258, "number_distinct_values": 10, "frequent_values": [1, 3, 2, 5, 4], "dataTypes": [{"type": "INTEGER (LONG)", "count": 366, "max_value": 10, "min_value": 1, "mean": 3.2896174863387992, "stddev": 2.4379179879516832}]}, {"column_name": "Adult Shelter Comm Hotel", "number_non_empty_cells": 187, "number_empty_cells": 437, "number_distinct_values": 8, "frequent_values": [1, 2, 3, 6, 5], "dataTypes": [{"type": "INTEGER (LONG)", "count": 187, "max_value": 7, "min_value": 1, "mean": 1.898395721925135, "stddev": 1.5253114325929673}]}, {"column_name": "FWC Cluster", "number_non_empty_cells": 198, "number_empty_cells": 426, "number_distinct_values": 13, "frequent_values": [1, 5, 3, 4, 2], "dataTypes": [{"type": "INTEGER (LONG)", "count": 198, "max_value": 18, "min_value": 1, "mean": 4.565656565656566, "stddev": 4.08535600160263}]}, {"column_name": "FWC Comm Hotel", "number_non_empty_cells": 284, "number_empty_cells": 340, "number_distinct_values": 8, "frequent_values": [1, 2, 3, 4, 5], "dataTypes": [{"type": "INTEGER (LONG)", "count": 284, "max_value": 8, "min_value": 1, "mean": 2.390845070422536, "stddev": 1.7817701646561483}]}, {"column_name": "FWC Shelter", "number_non_empty_cells": 465, "number_empty_cells": 159, "number_distinct_values": 15, "frequent_values": [1, 3, 2, 6, 5], "dataTypes": [{"type": "INTEGER (LONG)", "count": 465, "max_value": 19, "min_value": 1, "mean": 4.518279569892476, "stddev": 4.404810328421368}]}]}