{"dataset_name": "/user/hm74/NYCOpenData/3qfc-4tta.tsv.gz", "columns": [{"column_name": "BRONX_\u00e2\u0080\u0093_CONDOMINIUMS_COMPARABLE_PROPERTIES_\u00e2\u0080\u0093_Boro-Block-Lot", "number_non_empty_cells": 69, "number_empty_cells": 0, "number_distinct_values": 61, "frequent_values": ["2-03432-7501", "2-03929-7501", "2-02742-7501", "2-02516-7501", "2-05944-7501"], "dataTypes": [{"type": "TEXT", "count": 69, "shortest_values": [["2-02315-7501", 12], ["2-02364-7501", 12], ["2-02369-7502", 12], ["2-02378-7501", 12], ["2-02381-7501", 12]], "longest_values": [["2-02315-7501", 12], ["2-02364-7501", 12], ["2-02369-7502", 12], ["2-02378-7501", 12], ["2-02381-7501", 12]], "average_length": 12.0}]}, {"column_name": "BRONX_\u00e2\u0080\u0093_CONDOMINIUMS_COMPARABLE_PROPERTIES_\u00e2\u0080\u0093_Condo_Section", "number_non_empty_cells": 69, "number_empty_cells": 0, "number_distinct_values": 69, "frequent_values": ["0033-R6", "0033-R4", "0033-R2", "0066-R1", "0033-R3"], "dataTypes": [{"type": "TEXT", "count": 69, "shortest_values": [["0093-R1", 7], ["0099-R1", 7], ["0122-R1", 7], ["0126-R1", 7], ["0115-R1", 7]], "longest_values": [["0093-R1", 7], ["0099-R1", 7], ["0122-R1", 7], ["0126-R1", 7], ["0115-R1", 7]], "average_length": 7.0}]}, {"column_name": "BRONX_\u00e2\u0080\u0093_CONDOMINIUMS_COMPARABLE_PROPERTIES_\u00e2\u0080\u0093_Address", "number_non_empty_cells": 67, "number_empty_cells": 2, "number_distinct_values": 69, "frequent_values": ["2040 WHITE PLAINS ROAD", "3240 NETHERLAND AVENUE", "2135 CROTONA AVENUE", "837 WASHINGTON AVENUE", "2792 SEDGWICK AVENUE"], "dataTypes": [{"type": "TEXT", "count": 69, "shortest_values": [["3044 3 AVENUE", 13], ["3055 3 AVENUE", 13], ["951 HOE AVENUE", 14], ["101 FLEET COURT", 15], ["232 FLEET COURT", 15]], "longest_values": [["189 WEST KINGSBRIDGE ROAD", 25], ["2600 HENRY HUDSON PARKWAY", 25], ["4961 HENRY HUDSON PARKWAY", 25], ["1308 SOUTHERN BOULEVARD", 23], ["57 WEST BURNSIDE AVENUE", 23]], "average_length": 19.02898550724638}]}, {"column_name": "Borough", "number_non_empty_cells": 69, "number_empty_cells": 0, "number_distinct_values": 1, "frequent_values": [2], "dataTypes": [{"type": "INTEGER (LONG)", "count": 69, "max_value": 2, "min_value": 2, "mean": 2.0, "stddev": 0.0}]}, {"column_name": "Postcode", "number_non_empty_cells": 69, "number_empty_cells": 0, "number_distinct_values": 19, "frequent_values": [10463, 10459, 10473, 10451, 10462], "dataTypes": [{"type": "INTEGER (LONG)", "count": 69, "max_value": 10473, "min_value": 10451, "mean": 10462.130434782606, "stddev": 5.870370315155637}]}, {"column_name": "Latitude", "number_non_empty_cells": 69, "number_empty_cells": 0, "number_distinct_values": 69, "frequent_values": [40.806696, 40.820431, 40.811694, 40.823282, 40.841516], "dataTypes": [{"type": "REAL", "count": 69, "max_value": 40.905496, "min_value": 40.806696, "mean": 40.85052031884057, "stddev": 0.02996851434639804}]}, {"column_name": "Longitude", "number_non_empty_cells": 69, "number_empty_cells": 0, "number_distinct_values": 69, "frequent_values": [-73.85214, -73.861448, -73.91905, -73.912409, -73.902331], "dataTypes": [{"type": "REAL", "count": 69, "max_value": -73.784647, "min_value": -73.92534, "mean": -73.8867204637681, "stddev": 0.03103602802660944}]}, {"column_name": "Community_Board", "number_non_empty_cells": 69, "number_empty_cells": 0, "number_distinct_values": 12, "frequent_values": [8, 9, 3, 2, 10], "dataTypes": [{"type": "INTEGER (LONG)", "count": 69, "max_value": 12, "min_value": 1, "mean": 6.985507246376812, "stddev": 3.06685295727423}]}, {"column_name": "Council_District", "number_non_empty_cells": 69, "number_empty_cells": 0, "number_distinct_values": 9, "frequent_values": [11, 17, 18, 15, 13], "dataTypes": [{"type": "INTEGER (LONG)", "count": 69, "max_value": 18, "min_value": 8, "mean": 14.304347826086959, "stddev": 2.778302827924756}]}, {"column_name": "Census_Tract", "number_non_empty_cells": 69, "number_empty_cells": 0, "number_distinct_values": 47, "frequent_values": [4, 295, 297, 30701, 141], "dataTypes": [{"type": "INTEGER (LONG)", "count": 69, "max_value": 40303, "min_value": 4, "mean": 6396.72463768116, "stddev": 11758.585553905852}]}, {"column_name": "BIN", "number_non_empty_cells": 68, "number_empty_cells": 1, "number_distinct_values": 69, "frequent_values": [2124419, 2009711, 2083983, 2006083, 2113740], "dataTypes": [{"type": "INTEGER (LONG)", "count": 68, "max_value": 2124419, "min_value": 2000747, "mean": 2092148.882352941, "stddev": 31244.90474203914}]}, {"column_name": "BBL", "number_non_empty_cells": 68, "number_empty_cells": 1, "number_distinct_values": 63, "frequent_values": [2034327501, 2039377501, 2057897502, 2027037501, 2042847501], "dataTypes": [{"type": "INTEGER (LONG)", "count": 68, "max_value": 2059447501, "min_value": 2023157501, "mean": 2041157110.5147057, "stddev": 13114578.317904206}]}, {"column_name": "NTA", "number_non_empty_cells": 69, "number_empty_cells": 0, "number_distinct_values": 22, "frequent_values": ["Spuyten Duyvil-Kingsbridge                                                 ", "Morrisania-Melrose                                                         ", "North Riverdale-Fieldston-Riverdale                                        ", "Soundview-Castle Hill-Clason Point-Harding Park                            ", "Van Cortlandt Village                                                      "], "dataTypes": [{"type": "TEXT", "count": 69, "shortest_values": [["Mott Haven-Port Morris                                                     ", 75], ["Melrose South-Mott Haven North                                             ", 75], ["Morrisania-Melrose                                                         ", 75], ["Melrose South-Mott Haven North                                             ", 75], ["Morrisania-Melrose                                                         ", 75]], "longest_values": [["Mott Haven-Port Morris                                                     ", 75], ["Melrose South-Mott Haven North                                             ", 75], ["Morrisania-Melrose                                                         ", 75], ["Melrose South-Mott Haven North                                             ", 75], ["Morrisania-Melrose                                                         ", 75]], "average_length": 75.0}]}, {"column_name": "BRONX_\u00e2\u0080\u0093_CONDOMINIUMS_COMPARABLE_PROPERTIES_\u00e2\u0080\u0093_Neighborhood", "number_non_empty_cells": 69, "number_empty_cells": 0, "number_distinct_values": 19, "frequent_values": ["RIVERDALE", "MORRISANIA/LONGWOOD", "SOUNDVIEW", "KINGSBRIDGE/JEROME PARK", "BRONXDALE"], "dataTypes": [{"type": "TEXT", "count": 69, "shortest_values": [["BELMONT", 7], ["SOUNDVIEW", 9], ["SOUNDVIEW", 9], ["SOUNDVIEW", 9], ["SOUNDVIEW", 9]], "longest_values": [["HIGHBRIDGE/MORRIS HEIGHTS", 25], ["KINGSBRIDGE HTS/UNIV HTS", 24], ["SCHUYLERVILLE/PELHAM BAY", 24], ["KINGSBRIDGE/JEROME PARK", 23], ["KINGSBRIDGE/JEROME PARK", 23]], "average_length": 14.362318840579709}]}, {"column_name": "BRONX_\u00e2\u0080\u0093_CONDOMINIUMS_COMPARABLE_PROPERTIES_\u00e2\u0080\u0093_Building_Classification", "number_non_empty_cells": 69, "number_empty_cells": 0, "number_distinct_values": 4, "frequent_values": ["R4-CONDOMINIUM", "R2-CONDOMINIUM", "R9-CONDOMINIUM", "RR-CONDOMINIUM"], "dataTypes": [{"type": "TEXT", "count": 69, "shortest_values": [["R2-CONDOMINIUM", 14], ["R4-CONDOMINIUM", 14], ["R4-CONDOMINIUM", 14], ["R4-CONDOMINIUM", 14], ["R4-CONDOMINIUM", 14]], "longest_values": [["R2-CONDOMINIUM", 14], ["R4-CONDOMINIUM", 14], ["R4-CONDOMINIUM", 14], ["R4-CONDOMINIUM", 14], ["R4-CONDOMINIUM", 14]], "average_length": 14.0}]}, {"column_name": "BRONX_\u00e2\u0080\u0093_CONDOMINIUMS_COMPARABLE_PROPERTIES_\u00e2\u0080\u0093_Total_Units", "number_non_empty_cells": 69, "number_empty_cells": 0, "number_distinct_values": 47, "frequent_values": [12, 16, 15, 40, 24], "dataTypes": [{"type": "INTEGER (LONG)", "count": 69, "max_value": 3378, "min_value": 8, "mean": 168.3768115942029, "stddev": 556.5931853293314}]}, {"column_name": "BRONX_\u00e2\u0080\u0093_CONDOMINIUMS_COMPARABLE_PROPERTIES_\u00e2\u0080\u0093_Year_Built", "number_non_empty_cells": 69, "number_empty_cells": 0, "number_distinct_values": 29, "frequent_values": [2005, 2006, 1989, 2007, 2004], "dataTypes": [{"type": "INTEGER (LONG)", "count": 69, "max_value": 2008, "min_value": 1897, "mean": 1983.8405797101452, "stddev": 31.344103848104307}]}, {"column_name": "BRONX_\u00e2\u0080\u0093_CONDOMINIUMS_COMPARABLE_PROPERTIES_\u00e2\u0080\u0093_Gross_SqFt", "number_non_empty_cells": 69, "number_empty_cells": 0, "number_distinct_values": 69, "frequent_values": [105300, 1867373, 56512, 19603, 16605], "dataTypes": [{"type": "INTEGER (LONG)", "count": 69, "max_value": 3364977, "min_value": 7745, "mean": 172666.31884057968, "stddev": 546608.5906869182}]}, {"column_name": "BRONX_\u00e2\u0080\u0093_CONDOMINIUMS_COMPARABLE_PROPERTIES_\u00e2\u0080\u0093_Estimated_Gross_Income", "number_non_empty_cells": 69, "number_empty_cells": 0, "number_distinct_values": 69, "frequent_values": [1271264, 257533, 1076400, 275879, 1718670], "dataTypes": [{"type": "INTEGER (LONG)", "count": 69, "max_value": 37553143, "min_value": 102931, "mean": 2110718.0869565224, "stddev": 6277891.305313103}]}, {"column_name": "BRONX_\u00e2\u0080\u0093_CONDOMINIUMS_COMPARABLE_PROPERTIES_\u00e2\u0080\u0093_Gross_Income_per_SqFt", "number_non_empty_cells": 69, "number_empty_cells": 0, "number_distinct_values": 54, "frequent_values": [13.09, 8.01, 12.81, 12.28, 12.5], "dataTypes": [{"type": "REAL", "count": 69, "max_value": 21.25, "min_value": 8.01, "mean": 14.050289855072467, "stddev": 2.9528895065212253}]}, {"column_name": "BRONX_\u00e2\u0080\u0093_CONDOMINIUMS_COMPARABLE_PROPERTIES_\u00e2\u0080\u0093_Estimated_Expense", "number_non_empty_cells": 69, "number_empty_cells": 0, "number_distinct_values": 69, "frequent_values": [95789, 151733, 54215, 2268791, 800710], "dataTypes": [{"type": "INTEGER (LONG)", "count": 69, "max_value": 21771401, "min_value": 54215, "mean": 1137623.985507247, "stddev": 3600354.7868607943}]}, {"column_name": "BRONX_\u00e2\u0080\u0093_CONDOMINIUMS_COMPARABLE_PROPERTIES_\u00e2\u0080\u0093_Expense_per_SqFt", "number_non_empty_cells": 69, "number_empty_cells": 0, "number_distinct_values": 55, "frequent_values": [5.97, 3.45, 7.68, 7.0, 5.35], "dataTypes": [{"type": "REAL", "count": 69, "max_value": 10.99, "min_value": 3.45, "mean": 6.825362318840582, "stddev": 1.4300010942634354}]}, {"column_name": "BRONX_\u00e2\u0080\u0093_CONDOMINIUMS_COMPARABLE_PROPERTIES_\u00e2\u0080\u0093_Net_Operating_Income", "number_non_empty_cells": 69, "number_empty_cells": 0, "number_distinct_values": 69, "frequent_values": [308366, 158057, 1068960, 8757980, 283758], "dataTypes": [{"type": "INTEGER (LONG)", "count": 69, "max_value": 15781742, "min_value": 48716, "mean": 973094.1014492754, "stddev": 2682366.31919644}]}, {"column_name": "BRONX_\u00e2\u0080\u0093_CONDOMINIUMS_COMPARABLE_PROPERTIES_\u00e2\u0080\u0093_Full_Market_Value", "number_non_empty_cells": 69, "number_empty_cells": 0, "number_distinct_values": 69, "frequent_values": [552000, 2349991, 2827000, 2908000, 19449005], "dataTypes": [{"type": "INTEGER (LONG)", "count": 69, "max_value": 101759123, "min_value": 324000, "mean": 6330082.115942028, "stddev": 17226357.17115947}]}, {"column_name": "BRONX_\u00e2\u0080\u0093_CONDOMINIUMS_COMPARABLE_PROPERTIES_\u00e2\u0080\u0093_Market_Value_per_SqFt", "number_non_empty_cells": 69, "number_empty_cells": 0, "number_distinct_values": 61, "frequent_values": [39.0, 26.9, 47.37, 30.24, 68.9], "dataTypes": [{"type": "REAL", "count": 69, "max_value": 84.8, "min_value": 23.86, "mean": 47.9323188405797, "stddev": 14.966940007018906}]}, {"column_name": "COMPARABLE_RENTAL_\u00e2\u0080\u0093_1_\u00e2\u0080\u0093_Boro-Block-Lot", "number_non_empty_cells": 69, "number_empty_cells": 0, "number_distinct_values": 56, "frequent_values": ["2-03121-0038", "2-02282-0045", "2-03936-0001", "2-03715-0030", "2-03801-0001"], "dataTypes": [{"type": "TEXT", "count": 69, "shortest_values": [["2-02287-0133", 12], ["2-02707-0030", 12], ["2-02751-0022", 12], ["2-02690-0173", 12], ["2-02647-0005", 12]], "longest_values": [["2-02287-0133", 12], ["2-02707-0030", 12], ["2-02751-0022", 12], ["2-02690-0173", 12], ["2-02647-0005", 12]], "average_length": 12.0}]}, {"column_name": "COMPARABLE_RENTAL_\u00e2\u0080\u0093_1_\u00e2\u0080\u0093_Address", "number_non_empty_cells": 69, "number_empty_cells": 0, "number_distinct_values": 56, "frequent_values": ["1056 BOYNTON AVENUE", "211 BROWN PLACE", "1366 WHITE PLAINS ROAD", "906 EAST 178 STREET", "1107 BRYANT AVENUE"], "dataTypes": [{"type": "TEXT", "count": 69, "shortest_values": [["715 FOX STREET", 14], ["900 FOX STREET", 14], ["211 BROWN PLACE", 15], ["211 BROWN PLACE", 15], ["211 BROWN PLACE", 15]], "longest_values": [["3479 FT INDEPENDENCE STRE", 25], ["2675 HENRY HUDSON PARKWAY", 25], ["2700 HENRY HUDSON PARKWAY", 25], ["2675 HENRY HUDSON PARKWAY", 25], ["3240 HENRY HUDSON PARKWAY", 25]], "average_length": 19.52173913043478}]}, {"column_name": "COMPARABLE_RENTAL_\u00e2\u0080\u0093_1_\u00e2\u0080\u0093_Neighborhood", "number_non_empty_cells": 69, "number_empty_cells": 0, "number_distinct_values": 20, "frequent_values": ["RIVERDALE", "MORRISANIA/LONGWOOD", "MOTT HAVEN/PORT MORRIS", "BRONXDALE", "BEDFORD PARK/NORWOOD"], "dataTypes": [{"type": "TEXT", "count": 69, "shortest_values": [["BRONXDALE", 9], ["SOUNDVIEW", 9], ["SOUNDVIEW", 9], ["SOUNDVIEW", 9], ["BRONXDALE", 9]], "longest_values": [["HIGHBRIDGE/MORRIS HEIGHTS", 25], ["HIGHBRIDGE/MORRIS HEIGHTS", 25], ["KINGSBRIDGE HTS/UNIV HTS", 24], ["SCHUYLERVILLE/PELHAM BAY", 24], ["KINGSBRIDGE/JEROME PARK", 23]], "average_length": 15.33333333333333}]}, {"column_name": "COMPARABLE_RENTAL_\u00e2\u0080\u0093_1_\u00e2\u0080\u0093_Building_Classification", "number_non_empty_cells": 69, "number_empty_cells": 0, "number_distinct_values": 7, "frequent_values": ["D1-ELEVATOR", "D7-ELEVATOR", "C9-WALK-UP", "C1-WALK-UP", "C7-WALK-UP"], "dataTypes": [{"type": "TEXT", "count": 69, "shortest_values": [["C1-WALK-UP", 10], ["C1-WALK-UP", 10], ["C7-WALK-UP", 10], ["C7-WALK-UP", 10], ["C7-WALK-UP", 10]], "longest_values": [["D1-ELEVATOR", 11], ["D1-ELEVATOR", 11], ["D5-ELEVATOR", 11], ["D1-ELEVATOR", 11], ["D1-ELEVATOR", 11]], "average_length": 10.768115942028986}]}, {"column_name": "COMPARABLE_RENTAL_\u00e2\u0080\u0093_1_\u00e2\u0080\u0093_Total_Units", "number_non_empty_cells": 69, "number_empty_cells": 0, "number_distinct_values": 46, "frequent_values": [61, 79, 20, 78, 108], "dataTypes": [{"type": "INTEGER (LONG)", "count": 69, "max_value": 132, "min_value": 12, "mean": 60.362318840579704, "stddev": 29.66135973433526}]}, {"column_name": "COMPARABLE_RENTAL_\u00e2\u0080\u0093_1_\u00e2\u0080\u0093_Year_Built", "number_non_empty_cells": 69, "number_empty_cells": 0, "number_distinct_values": 40, "frequent_values": [1929, 1954, 2008, 1927, 1939], "dataTypes": [{"type": "INTEGER (LONG)", "count": 69, "max_value": 2008, "min_value": 1904, "mean": 1949.768115942029, "stddev": 29.17073425592907}]}, {"column_name": "COMPARABLE_RENTAL_\u00e2\u0080\u0093_1_\u00e2\u0080\u0093_Gross_SqFt", "number_non_empty_cells": 69, "number_empty_cells": 0, "number_distinct_values": 56, "frequent_values": [56178, 36596, 70500, 21318, 88463], "dataTypes": [{"type": "INTEGER (LONG)", "count": 69, "max_value": 163197, "min_value": 7550, "mean": 60815.76811594203, "stddev": 36446.869716343856}]}, {"column_name": "COMPARABLE_RENTAL_\u00e2\u0080\u0093_1_\u00e2\u0080\u0093_Estimated_Gross_Income", "number_non_empty_cells": 69, "number_empty_cells": 0, "number_distinct_values": 56, "frequent_values": [998079, 659820, 776066, 369578, 1123523], "dataTypes": [{"type": "INTEGER (LONG)", "count": 69, "max_value": 2431079, "min_value": 118520, "mean": 827216.724637681, "stddev": 463601.57848541735}]}, {"column_name": "COMPARABLE_RENTAL_\u00e2\u0080\u0093_1_\u00e2\u0080\u0093_Gross_Income_per_SqFt", "number_non_empty_cells": 69, "number_empty_cells": 0, "number_distinct_values": 56, "frequent_values": [14.16, 17.34, 21.21, 11.75, 16.28], "dataTypes": [{"type": "REAL", "count": 69, "max_value": 23.11, "min_value": 8.18, "mean": 14.33985507246377, "stddev": 3.3796220064575633}]}, {"column_name": "COMPARABLE_RENTAL_\u00e2\u0080\u0093_1_\u00e2\u0080\u0093_Estimated_Expense", "number_non_empty_cells": 69, "number_empty_cells": 0, "number_distinct_values": 56, "frequent_values": [286553, 401055, 203253, 430956, 224771], "dataTypes": [{"type": "INTEGER (LONG)", "count": 69, "max_value": 1080504, "min_value": 73868, "mean": 406030.8115942029, "stddev": 226422.79208750968}]}, {"column_name": "COMPARABLE_RENTAL_\u00e2\u0080\u0093_1_\u00e2\u0080\u0093_Expense_per_SqFt", "number_non_empty_cells": 69, "number_empty_cells": 0, "number_distinct_values": 54, "frequent_values": [11.78, 5.1, 5.69, 9.53, 5.4], "dataTypes": [{"type": "REAL", "count": 69, "max_value": 11.78, "min_value": 4.77, "mean": 7.145507246376813, "stddev": 1.868536229579678}]}, {"column_name": "COMPARABLE_RENTAL_\u00e2\u0080\u0093_1_\u00e2\u0080\u0093_Net_Operating_Income", "number_non_empty_cells": 69, "number_empty_cells": 0, "number_distinct_values": 56, "frequent_values": [373267, 166325, 597024, 345110, 679100], "dataTypes": [{"type": "INTEGER (LONG)", "count": 69, "max_value": 1399390, "min_value": 43151, "mean": 421185.9130434783, "stddev": 255929.05331064938}]}, {"column_name": "COMPARABLE_RENTAL_\u00e2\u0080\u0093_1_\u00e2\u0080\u0093_Full_Market_Value", "number_non_empty_cells": 69, "number_empty_cells": 0, "number_distinct_values": 55, "frequent_values": [1661000, 2280000, 4141000, 1074000, 2838000], "dataTypes": [{"type": "INTEGER (LONG)", "count": 69, "max_value": 8778000, "min_value": 298000, "mean": 2561492.7536231875, "stddev": 1678171.4049644168}]}, {"column_name": "COMPARABLE_RENTAL_\u00e2\u0080\u0093_1_\u00e2\u0080\u0093_Market_Value_per_SqFt", "number_non_empty_cells": 69, "number_empty_cells": 0, "number_distinct_values": 56, "frequent_values": [58.74, 50.38, 62.3, 29.57, 39.01], "dataTypes": [{"type": "REAL", "count": 69, "max_value": 85.17, "min_value": 16.37, "mean": 43.874782608695654, "stddev": 16.598116062878915}]}, {"column_name": "COMPARABLE_RENTAL_\u00e2\u0080\u0093_1_\u00e2\u0080\u0093_Distance_from_Condo_in_miles", "number_non_empty_cells": 69, "number_empty_cells": 0, "number_distinct_values": 51, "frequent_values": [0.14, 1.73, 0.09, 0.2, 0.06], "dataTypes": [{"type": "REAL", "count": 69, "max_value": 7.48, "min_value": 0.06, "mean": 1.198695652173913, "stddev": 1.66072789440548}]}, {"column_name": "COMPARABLE_RENTAL_\u00e2\u0080\u0093_2_\u00e2\u0080\u0093_Boro-Block-Lot", "number_non_empty_cells": 69, "number_empty_cells": 0, "number_distinct_values": 52, "frequent_values": ["2-03801-0001", "2-05798-0101", "2-02674-0051", "2-03925-0018", "2-02690-0105"], "dataTypes": [{"type": "TEXT", "count": 69, "shortest_values": [["2-02287-0046", 12], ["2-02688-0036", 12], ["2-02674-0051", 12], ["2-02688-0036", 12], ["2-02370-0049", 12]], "longest_values": [["2-02287-0046", 12], ["2-02688-0036", 12], ["2-02674-0051", 12], ["2-02688-0036", 12], ["2-02370-0049", 12]], "average_length": 12.0}]}, {"column_name": "COMPARABLE_RENTAL_\u00e2\u0080\u0093_2_\u00e2\u0080\u0093_Address", "number_non_empty_cells": 69, "number_empty_cells": 0, "number_distinct_values": 52, "frequent_values": ["2010 POWELL AVENUE", "3615 OXFORD AVENUE", "954 PROSPECT AVENUE", "883 EAST 180 STREET", "501 EAST 165 STREET"], "dataTypes": [{"type": "TEXT", "count": 69, "shortest_values": [["853 MACY PLACE", 14], ["853 MACY PLACE", 14], ["784 FOX STREET", 14], ["120 MARCY PLACE", 15], ["620 REISS PLACE", 15]], "longest_values": [["1805 DR M L KING JR BOULE", 25], ["1135 PELHAM PARKWAY NORTH", 25], ["2675 HENRY HUDSON PARKWAY", 25], ["2700 HENRY HUDSON PARKWAY", 25], ["3801 HUDSON MANOR TERRACE", 25]], "average_length": 19.231884057971023}]}, {"column_name": "COMPARABLE_RENTAL_\u00e2\u0080\u0093_2_\u00e2\u0080\u0093_Neighborhood", "number_non_empty_cells": 69, "number_empty_cells": 0, "number_distinct_values": 22, "frequent_values": ["RIVERDALE", "MORRISANIA/LONGWOOD", "CASTLE HILL/UNIONPORT", "BRONXDALE", "SCHUYLERVILLE/PELHAM BAY"], "dataTypes": [{"type": "TEXT", "count": 69, "shortest_values": [["FORDHAM", 7], ["BELMONT", 7], ["SOUNDVIEW", 9], ["BRONXDALE", 9], ["BRONXDALE", 9]], "longest_values": [["HIGHBRIDGE/MORRIS HEIGHTS", 25], ["HIGHBRIDGE/MORRIS HEIGHTS", 25], ["SCHUYLERVILLE/PELHAM BAY", 24], ["SCHUYLERVILLE/PELHAM BAY", 24], ["SCHUYLERVILLE/PELHAM BAY", 24]], "average_length": 15.246376811594201}]}, {"column_name": "COMPARABLE_RENTAL_\u00e2\u0080\u0093_2_\u00e2\u0080\u0093_Building_Classification", "number_non_empty_cells": 69, "number_empty_cells": 0, "number_distinct_values": 9, "frequent_values": ["D1-ELEVATOR", "C1-WALK-UP", "D7-ELEVATOR", "C9-WALK-UP", "C4-WALK-UP"], "dataTypes": [{"type": "TEXT", "count": 69, "shortest_values": [["C1-WALK-UP", 10], ["C1-WALK-UP", 10], ["C1-WALK-UP", 10], ["C7-WALK-UP", 10], ["C4-WALK-UP", 10]], "longest_values": [["D3-ELEVATOR", 11], ["D1-ELEVATOR", 11], ["D1-ELEVATOR", 11], ["D1-ELEVATOR", 11], ["D1-ELEVATOR", 11]], "average_length": 10.710144927536227}]}, {"column_name": "COMPARABLE_RENTAL_\u00e2\u0080\u0093_2_\u00e2\u0080\u0093_Total_Units", "number_non_empty_cells": 69, "number_empty_cells": 0, "number_distinct_values": 41, "frequent_values": [15, 91, 12, 85, 196], "dataTypes": [{"type": "INTEGER (LONG)", "count": 69, "max_value": 196, "min_value": 12, "mean": 69.94202898550725, "stddev": 47.344523291910875}]}, {"column_name": "COMPARABLE_RENTAL_\u00e2\u0080\u0093_2_\u00e2\u0080\u0093_Year_Built", "number_non_empty_cells": 69, "number_empty_cells": 0, "number_distinct_values": 37, "frequent_values": [1929, 1928, 2006, 1959, 1985], "dataTypes": [{"type": "INTEGER (LONG)", "count": 69, "max_value": 2009, "min_value": 1904, "mean": 1952.6521739130437, "stddev": 29.397242346739677}]}, {"column_name": "COMPARABLE_RENTAL_\u00e2\u0080\u0093_2_\u00e2\u0080\u0093_Gross_SqFt", "number_non_empty_cells": 69, "number_empty_cells": 0, "number_distinct_values": 51, "frequent_values": [74890, 7550, 181093, 76000, 38212], "dataTypes": [{"type": "INTEGER (LONG)", "count": 69, "max_value": 237000, "min_value": 6260, "mean": 68868.85507246379, "stddev": 52229.17869429353}]}, {"column_name": "COMPARABLE_RENTAL_\u00e2\u0080\u0093_2_\u00e2\u0080\u0093_Estimated_Gross_Income", "number_non_empty_cells": 69, "number_empty_cells": 0, "number_distinct_values": 52, "frequent_values": [980263, 174490, 1590276, 3092924, 3145885], "dataTypes": [{"type": "INTEGER (LONG)", "count": 69, "max_value": 3145885, "min_value": 113056, "mean": 925633.9275362322, "stddev": 738429.1762676652}]}, {"column_name": "COMPARABLE_RENTAL_\u00e2\u0080\u0093_2_\u00e2\u0080\u0093_Gross_Income_per_SqFt", "number_non_empty_cells": 69, "number_empty_cells": 0, "number_distinct_values": 51, "frequent_values": [13.09, 23.11, 12.5, 13.05, 11.26], "dataTypes": [{"type": "REAL", "count": 69, "max_value": 23.11, "min_value": 8.41, "mean": 14.109710144927535, "stddev": 3.1157286681248966}]}, {"column_name": "COMPARABLE_RENTAL_\u00e2\u0080\u0093_2_\u00e2\u0080\u0093_Estimated_Expense", "number_non_empty_cells": 69, "number_empty_cells": 0, "number_distinct_values": 52, "frequent_values": [447288, 78802, 1437121, 339705, 103718], "dataTypes": [{"type": "INTEGER (LONG)", "count": 69, "max_value": 1477491, "min_value": 40659, "mean": 451285.5217391304, "stddev": 339014.6357600581}]}, {"column_name": "COMPARABLE_RENTAL_\u00e2\u0080\u0093_2_\u00e2\u0080\u0093_Expense_per_SqFt", "number_non_empty_cells": 69, "number_empty_cells": 0, "number_distinct_values": 48, "frequent_values": [7.35, 5.97, 10.44, 3.65, 6.23], "dataTypes": [{"type": "REAL", "count": 69, "max_value": 10.44, "min_value": 3.65, "mean": 7.016666666666666, "stddev": 1.5944829398305354}]}, {"column_name": "COMPARABLE_RENTAL_\u00e2\u0080\u0093_2_\u00e2\u0080\u0093_Net_Operating_Income", "number_non_empty_cells": 69, "number_empty_cells": 0, "number_distinct_values": 52, "frequent_values": [532975, 95688, 415380, 265681, 84819], "dataTypes": [{"type": "INTEGER (LONG)", "count": 69, "max_value": 1708764, "min_value": 56119, "mean": 474348.4057971015, "stddev": 412649.7237219556}]}, {"column_name": "COMPARABLE_RENTAL_\u00e2\u0080\u0093_2_\u00e2\u0080\u0093_Full_Market_Value", "number_non_empty_cells": 69, "number_empty_cells": 0, "number_distinct_values": 51, "frequent_values": [2805000, 643000, 9702000, 4004000, 393000], "dataTypes": [{"type": "INTEGER (LONG)", "count": 69, "max_value": 10760000, "min_value": 263000, "mean": 2765623.1884057964, "stddev": 2479674.9266932136}]}, {"column_name": "COMPARABLE_RENTAL_\u00e2\u0080\u0093_2_\u00e2\u0080\u0093_Market_Value_per_SqFt", "number_non_empty_cells": 69, "number_empty_cells": 0, "number_distinct_values": 52, "frequent_values": [37.45, 85.17, 45.4, 27.61, 30.68], "dataTypes": [{"type": "REAL", "count": 69, "max_value": 85.17, "min_value": 15.64, "mean": 41.99347826086955, "stddev": 17.04917081804452}]}, {"column_name": "COMPARABLE_RENTAL_\u00e2\u0080\u0093_2_\u00e2\u0080\u0093_Distance_from_Condo_in_miles", "number_non_empty_cells": 69, "number_empty_cells": 0, "number_distinct_values": 52, "frequent_values": [1.58, 0.0, 0.14, 0.28, 0.12], "dataTypes": [{"type": "REAL", "count": 69, "max_value": 6.68, "min_value": 0.0, "mean": 0.9218840579710145, "stddev": 1.1695499882276275}]}, {"column_name": "COMPARABLE_RENTAL_\u00e2\u0080\u0093_3_\u00e2\u0080\u0093_Boro-Block-Lot", "number_non_empty_cells": 33, "number_empty_cells": 36, "number_distinct_values": 28, "frequent_values": ["2-03716-0036", "2-04337-0064", "2-05789-0024", "2-03925-0025", "2-03091-0005"], "dataTypes": [{"type": "TEXT", "count": 33, "shortest_values": [["2-02432-0005", 12], ["2-02398-0027", 12], ["2-02861-0050", 12], ["2-02735-0005", 12], ["2-03125-0001", 12]], "longest_values": [["2-02432-0005", 12], ["2-02398-0027", 12], ["2-02861-0050", 12], ["2-02735-0005", 12], ["2-03125-0001", 12]], "average_length": 12.0}]}, {"column_name": "COMPARABLE_RENTAL_\u00e2\u0080\u0093_3_\u00e2\u0080\u0093_Address", "number_non_empty_cells": 69, "number_empty_cells": 0, "number_distinct_values": 28, "frequent_values": [" ", "1065 MANOR AVENUE", "620 REISS PLACE", "1564 TAYLOR AVENUE", "3240 HENRY HUDSON PARKWAY"], "dataTypes": [{"type": "TEXT", "count": 69, "shortest_values": [[" ", 1], [" ", 1], [" ", 1], [" ", 1], [" ", 1]], "longest_values": [["3240 HENRY HUDSON PARKWAY", 25], ["3240 HENRY HUDSON PARKWAY", 25], ["3555 BRUCKNER BOULEVARD", 23], ["3104 KINGSBRIDGE AVENUE", 23], ["916 SOUTHERN BOULEVARD", 22]], "average_length": 9.666666666666666}]}, {"column_name": "COMPARABLE_RENTAL_\u00e2\u0080\u0093_3_\u00e2\u0080\u0093_Neighborhood", "number_non_empty_cells": 69, "number_empty_cells": 0, "number_distinct_values": 15, "frequent_values": [" ", "RIVERDALE", "BRONXDALE", "SOUNDVIEW", "PARKCHESTER"], "dataTypes": [{"type": "TEXT", "count": 69, "shortest_values": [[" ", 1], [" ", 1], [" ", 1], [" ", 1], [" ", 1]], "longest_values": [["HIGHBRIDGE/MORRIS HEIGHTS", 25], ["SCHUYLERVILLE/PELHAM BAY", 24], ["SCHUYLERVILLE/PELHAM BAY", 24], ["KINGSBRIDGE/JEROME PARK", 23], ["KINGSBRIDGE/JEROME PARK", 23]], "average_length": 7.26086956521739}]}, {"column_name": "COMPARABLE_RENTAL_\u00e2\u0080\u0093_3_\u00e2\u0080\u0093_Building_Classification", "number_non_empty_cells": 69, "number_empty_cells": 0, "number_distinct_values": 8, "frequent_values": [" ", "D1-ELEVATOR", "D7-ELEVATOR", "C1-WALK-UP", "D3-ELEVATOR"], "dataTypes": [{"type": "TEXT", "count": 69, "shortest_values": [[" ", 1], [" ", 1], [" ", 1], [" ", 1], [" ", 1]], "longest_values": [["D1-ELEVATOR", 11], ["D7-ELEVATOR", 11], ["D7-ELEVATOR", 11], ["D7-ELEVATOR", 11], ["D1-ELEVATOR", 11]], "average_length": 5.710144927536231}]}, {"column_name": "COMPARABLE_RENTAL_\u00e2\u0080\u0093_3_\u00e2\u0080\u0093_Total_Units", "number_non_empty_cells": 69, "number_empty_cells": 0, "number_distinct_values": 26, "frequent_values": [" ", "44", "108", "35", "54"], "dataTypes": [{"type": "INTEGER (LONG)", "count": 33, "max_value": 355, "min_value": 14, "mean": 73.27272727272728, "stddev": 68.59599455011612}, {"type": "TEXT", "count": 36, "shortest_values": [[" ", 1], [" ", 1], [" ", 1], [" ", 1], [" ", 1]], "longest_values": [[" ", 1], [" ", 1], [" ", 1], [" ", 1], [" ", 1]], "average_length": 1.0}]}, {"column_name": "COMPARABLE_RENTAL_\u00e2\u0080\u0093_3_\u00e2\u0080\u0093_Year_Built", "number_non_empty_cells": 69, "number_empty_cells": 0, "number_distinct_values": 20, "frequent_values": [" ", "1930", "1959", "1929", "1938"], "dataTypes": [{"type": "INTEGER (LONG)", "count": 33, "max_value": 2008, "min_value": 1911, "mean": 1946.424242424242, "stddev": 26.034976826674498}, {"type": "TEXT", "count": 36, "shortest_values": [[" ", 1], [" ", 1], [" ", 1], [" ", 1], [" ", 1]], "longest_values": [[" ", 1], [" ", 1], [" ", 1], [" ", 1], [" ", 1]], "average_length": 1.0}]}, {"column_name": "COMPARABLE_RENTAL_\u00e2\u0080\u0093_3_\u00e2\u0080\u0093_Gross_SqFt", "number_non_empty_cells": 69, "number_empty_cells": 0, "number_distinct_values": 28, "frequent_values": [" ", "48,000", "163,197", "86,527", "54,000"], "dataTypes": [{"type": "DATE/TIME", "count": 6, "max_value": "0421-12-07T00:00:00", "min_value": "0112-12-07T00:00:00"}, {"type": "TEXT", "count": 63, "shortest_values": [[" ", 1], [" ", 1], [" ", 1], [" ", 1], [" ", 1]], "longest_values": [["34,125", 6], ["36,360", 6], ["22,500", 6], ["50,030", 6], ["73,824", 6]], "average_length": 3.1428571428571432}]}, {"column_name": "COMPARABLE_RENTAL_\u00e2\u0080\u0093_3_\u00e2\u0080\u0093_Estimated_Gross_Income", "number_non_empty_cells": 69, "number_empty_cells": 0, "number_distinct_values": 28, "frequent_values": [" ", "544,690", "2,199,230", "282,652", "727,680"], "dataTypes": [{"type": "DATE/TIME", "count": 33, "max_value": "2060-03-07T00:00:00", "min_value": "0123-01-07T00:00:00"}, {"type": "TEXT", "count": 36, "shortest_values": [[" ", 1], [" ", 1], [" ", 1], [" ", 1], [" ", 1]], "longest_values": [[" ", 1], [" ", 1], [" ", 1], [" ", 1], [" ", 1]], "average_length": 1.0}]}, {"column_name": "COMPARABLE_RENTAL_\u00e2\u0080\u0093_3_\u00e2\u0080\u0093_Gross_Income_per_SqFt", "number_non_empty_cells": 69, "number_empty_cells": 0, "number_distinct_values": 28, "frequent_values": [" ", "11.35", "10.68", "8.41", "13.48"], "dataTypes": [{"type": "INTEGER (LONG)", "count": 1, "max_value": 13, "min_value": 13, "mean": 13.0, "stddev": 0.0}, {"type": "REAL", "count": 32, "max_value": 21.26, "min_value": 8.18, "mean": 13.548125, "stddev": 3.4377340261246214}, {"type": "TEXT", "count": 36, "shortest_values": [[" ", 1], [" ", 1], [" ", 1], [" ", 1], [" ", 1]], "longest_values": [[" ", 1], [" ", 1], [" ", 1], [" ", 1], [" ", 1]], "average_length": 1.0}]}, {"column_name": "COMPARABLE_RENTAL_\u00e2\u0080\u0093_3_\u00e2\u0080\u0093_Estimated_Expense", "number_non_empty_cells": 69, "number_empty_cells": 0, "number_distinct_values": 28, "frequent_values": [" ", "275,408", "373,925", "397,257", "130,025"], "dataTypes": [{"type": "DATE/TIME", "count": 32, "max_value": "1980-01-07T00:00:00", "min_value": "0130-12-07T00:00:00"}, {"type": "TEXT", "count": 37, "shortest_values": [[" ", 1], [" ", 1], [" ", 1], [" ", 1], [" ", 1]], "longest_values": [["40,659", 6], [" ", 1], [" ", 1], [" ", 1], [" ", 1]], "average_length": 1.1351351351351353}]}, {"column_name": "COMPARABLE_RENTAL_\u00e2\u0080\u0093_3_\u00e2\u0080\u0093_Expense_per_SqFt", "number_non_empty_cells": 69, "number_empty_cells": 0, "number_distinct_values": 27, "frequent_values": [" ", "5.74", "6.62", "6.92", "4.59"], "dataTypes": [{"type": "REAL", "count": 33, "max_value": 11.78, "min_value": 3.65, "mean": 7.031515151515151, "stddev": 1.7311235118866575}, {"type": "TEXT", "count": 36, "shortest_values": [[" ", 1], [" ", 1], [" ", 1], [" ", 1], [" ", 1]], "longest_values": [[" ", 1], [" ", 1], [" ", 1], [" ", 1], [" ", 1]], "average_length": 1.0}]}, {"column_name": "COMPARABLE_RENTAL_\u00e2\u0080\u0093_3_\u00e2\u0080\u0093_Net_Operating_Income", "number_non_empty_cells": 69, "number_empty_cells": 0, "number_distinct_values": 28, "frequent_values": [" ", "269,282", "1,118,726", "330,423", "202,882"], "dataTypes": [{"type": "DATE/TIME", "count": 32, "max_value": "0837-12-07T00:00:00", "min_value": "0118-01-07T00:00:00"}, {"type": "TEXT", "count": 37, "shortest_values": [[" ", 1], [" ", 1], [" ", 1], [" ", 1], [" ", 1]], "longest_values": [["84,819", 6], [" ", 1], [" ", 1], [" ", 1], [" ", 1]], "average_length": 1.1351351351351353}]}, {"column_name": "COMPARABLE_RENTAL_\u00e2\u0080\u0093_3_\u00e2\u0080\u0093_Full_Market_Value", "number_non_empty_cells": 69, "number_empty_cells": 0, "number_distinct_values": 28, "frequent_values": [" ", "1,551,000", "7,409,000", "540,000", "1,258,000"], "dataTypes": [{"type": "DATE/TIME", "count": 32, "max_value": "2056-01-07T00:00:00", "min_value": "0137-01-07T00:00:00"}, {"type": "TEXT", "count": 37, "shortest_values": [[" ", 1], [" ", 1], [" ", 1], [" ", 1], [" ", 1]], "longest_values": [["15,895,000", 10], [" ", 1], [" ", 1], [" ", 1], [" ", 1]], "average_length": 1.2432432432432436}]}, {"column_name": "COMPARABLE_RENTAL_\u00e2\u0080\u0093_3_\u00e2\u0080\u0093_Market_Value_per_SqFt", "number_non_empty_cells": 69, "number_empty_cells": 0, "number_distinct_values": 28, "frequent_values": [" ", "32.31", "23.3", "45.4", "40.62"], "dataTypes": [{"type": "REAL", "count": 33, "max_value": 74.85, "min_value": 16.37, "mean": 36.84212121212121, "stddev": 13.193767067818543}, {"type": "TEXT", "count": 36, "shortest_values": [[" ", 1], [" ", 1], [" ", 1], [" ", 1], [" ", 1]], "longest_values": [[" ", 1], [" ", 1], [" ", 1], [" ", 1], [" ", 1]], "average_length": 1.0}]}, {"column_name": "COMPARABLE_RENTAL_\u00e2\u0080\u0093_3_\u00e2\u0080\u0093_Distance_from_Condo_in_miles", "number_non_empty_cells": 69, "number_empty_cells": 0, "number_distinct_values": 28, "frequent_values": [" ", "0.16", "1.7", "0.28", "0.24"], "dataTypes": [{"type": "REAL", "count": 33, "max_value": 3.22, "min_value": 0.05, "mean": 0.7827272727272728, "stddev": 0.8747407329387714}, {"type": "TEXT", "count": 36, "shortest_values": [[" ", 1], [" ", 1], [" ", 1], [" ", 1], [" ", 1]], "longest_values": [[" ", 1], [" ", 1], [" ", 1], [" ", 1], [" ", 1]], "average_length": 1.0}]}]}