{"dataset_name": "/user/hm74/NYCOpenData/3qty-g4aq.tsv.gz", "columns": [{"column_name": "Survey", "number_non_empty_cells": 24, "number_empty_cells": 0, "number_distinct_values": 1, "frequent_values": ["YRBS"], "dataTypes": [{"type": "TEXT", "count": 24, "shortest_values": [["YRBS", 4], ["YRBS", 4], ["YRBS", 4], ["YRBS", 4], ["YRBS", 4]], "longest_values": [["YRBS", 4], ["YRBS", 4], ["YRBS", 4], ["YRBS", 4], ["YRBS", 4]], "average_length": 4.0}]}, {"column_name": "Question", "number_non_empty_cells": 24, "number_empty_cells": 0, "number_distinct_values": 6, "frequent_values": ["Got help from a counselor in past 12 months", "Smoked at least once past 30 days", "Drinks 1 or more sodas per day in past 7 days", "Physically active 60 minutes per day", "Drank five or more alcoholic drinks in a row in past 30 days"], "dataTypes": [{"type": "TEXT", "count": 24, "shortest_values": [["Adolescent obesity", 18], ["Adolescent obesity", 18], ["Adolescent obesity", 18], ["Adolescent obesity", 18], ["Smoked at least once past 30 days", 33]], "longest_values": [["Drank five or more alcoholic drinks in a row in past 30 days", 60], ["Drank five or more alcoholic drinks in a row in past 30 days", 60], ["Drank five or more alcoholic drinks in a row in past 30 days", 60], ["Drank five or more alcoholic drinks in a row in past 30 days", 60], ["Drinks 1 or more sodas per day in past 7 days", 45]], "average_length": 39.16666666666666}]}, {"column_name": "Year", "number_non_empty_cells": 24, "number_empty_cells": 0, "number_distinct_values": 2, "frequent_values": [2013, 2011], "dataTypes": [{"type": "INTEGER (LONG)", "count": 24, "max_value": 2013, "min_value": 2011, "mean": 2011.9999999999998, "stddev": 1.0000000000001203}]}, {"column_name": "Prevalence", "number_non_empty_cells": 24, "number_empty_cells": 0, "number_distinct_values": 12, "frequent_values": ["8.5", "8.2", "15.7", "10.8", "20.3"], "dataTypes": [{"type": "REAL", "count": 22, "max_value": 20.9, "min_value": 8.2, "mean": 14.281818181818181, "stddev": 4.40078880983402}, {"type": "TEXT", "count": 2, "shortest_values": [["n/a", 3], ["n/a", 3]], "longest_values": [["n/a", 3], ["n/a", 3]], "average_length": 3.0}]}, {"column_name": "Lower95%CI", "number_non_empty_cells": 24, "number_empty_cells": 0, "number_distinct_values": 11, "frequent_values": ["10.6", "9.8", "7.5", "19.0", "n/a"], "dataTypes": [{"type": "REAL", "count": 22, "max_value": 19.1, "min_value": 6.9, "mean": 13.036363636363635, "stddev": 4.2182014106128065}, {"type": "TEXT", "count": 2, "shortest_values": [["n/a", 3], ["n/a", 3]], "longest_values": [["n/a", 3], ["n/a", 3]], "average_length": 3.0}]}, {"column_name": "Upper95%CI", "number_non_empty_cells": 24, "number_empty_cells": 0, "number_distinct_values": 12, "frequent_values": ["20.5", "12.8", "16.9", "9.6", "19.4"], "dataTypes": [{"type": "REAL", "count": 22, "max_value": 23.1, "min_value": 9.6, "mean": 15.681818181818182, "stddev": 4.612792130550588}, {"type": "TEXT", "count": 2, "shortest_values": [["n/a", 3], ["n/a", 3]], "longest_values": [["n/a", 3], ["n/a", 3]], "average_length": 3.0}]}]}