{"dataset_name": "/user/hm74/NYCOpenData/3spy-rjpw.tsv.gz", "columns": [{"column_name": "JUR_DIST", "number_non_empty_cells": 334, "number_empty_cells": 0, "number_distinct_values": 23, "frequent_values": [78, 27, 28, 11, 24], "dataTypes": [{"type": "INTEGER (LONG)", "count": 334, "max_value": 78, "min_value": 3, "mean": 31.532934131736546, "stddev": 23.044420637729125}]}, {"column_name": "BLDG_ID", "number_non_empty_cells": 334, "number_empty_cells": 0, "number_distinct_values": 123, "frequent_values": ["R816", "Q959", "X933", "Q766", "Q727"], "dataTypes": [{"type": "TEXT", "count": 334, "shortest_values": [["X997", 4], ["X946", 4], ["X945", 4], ["X942", 4], ["X916", 4]], "longest_values": [["X963 **", 7], ["X960 **", 7], ["R814 **", 7], ["Q969 **", 7], ["Q944 **", 7]], "average_length": 4.224550898203594}]}, {"column_name": "BUILDING_NAME", "number_non_empty_cells": 330, "number_empty_cells": 4, "number_distinct_values": 123, "frequent_values": ["P.S. 119 TRANSPORTABLE - X", "P.S. 108 TRANSPORTABLE - X", "P.S. 71 TRANSPORTABLE - X", "P.S. 14 TRANSPORTABLE - X", "P.S. 160 TRANSPORTABLE - Q"], "dataTypes": [{"type": "TEXT", "count": 334, "shortest_values": [["I.S. 349 - MANHATTAN", 20], ["P.S. 69 PORTABLE - Q", 20], ["I.S. 349 - MANHATTAN", 20], ["P.S. 69 PORTABLE - Q", 20], ["I.S. 349 - MANHATTAN", 20]], "longest_values": [["PRE-K CENTER @ 80-55 CORNISH AVENUE - QUEENS", 44], ["PRE-K CENTER @ 80-55 CORNISH AVENUE - QUEENS", 44], ["PRE-K CENTER @ 80-55 CORNISH AVENUE - QUEENS", 44], ["PRE-K CENTER @ 5-14/16 49TH AVENUE - QUEENS", 43], ["PRE-K CENTER @ 5-14/16 49TH AVENUE - QUEENS", 43]], "average_length": 27.125748502994025}]}, {"column_name": "BUILDING_ADDRESS", "number_non_empty_cells": 334, "number_empty_cells": 0, "number_distinct_values": 130, "frequent_values": ["4550 CARPENTER AVENUE", "900 TINTON AVENUE", "1166 NEILL AVENUE", "180 BEACH 35 STREET", "345 VAN SICKLEN STREET"], "dataTypes": [{"type": "TEXT", "count": 334, "shortest_values": [["202 AVENUE C", 12], ["202 AVENUE C", 12], ["202 AVENUE C", 12], ["202 AVENUE C", 12], ["6302 AVENUE U", 13]], "longest_values": [["32-24 CORP. KENNEDY STREET", 26], ["121-10 ROCKAWAY BOULEVARD", 25], ["109-20 UNION HALL STREET", 24], ["109-20 UNION HALL STREET", 24], ["1000 EAST TREMONT AVENUE", 24]], "average_length": 18.143712574850298}]}, {"column_name": "NO_OF_TCUS", "number_non_empty_cells": 187, "number_empty_cells": 147, "number_distinct_values": 11, "frequent_values": [2, 1, 3, 4, 6], "dataTypes": [{"type": "INTEGER (LONG)", "count": 187, "max_value": 15, "min_value": 1, "mean": 2.8235294117647056, "stddev": 2.145978044587485}]}, {"column_name": "ENROLLMENT", "number_non_empty_cells": 300, "number_empty_cells": 34, "number_distinct_values": 79, "frequent_values": [0, 100, 36, 60, 54], "dataTypes": [{"type": "INTEGER (LONG)", "count": 300, "max_value": 2252, "min_value": 0, "mean": 75.40333333333332, "stddev": 148.86096641572038}]}, {"column_name": "COUNCIL_DIST", "number_non_empty_cells": 334, "number_empty_cells": 0, "number_distinct_values": 36, "frequent_values": [28, 17, 19, 13, 32], "dataTypes": [{"type": "INTEGER (LONG)", "count": 334, "max_value": 51, "min_value": 7, "mean": 27.242514970059904, "stddev": 11.758721605458904}]}, {"column_name": "Borough", "number_non_empty_cells": 332, "number_empty_cells": 2, "number_distinct_values": 14, "frequent_values": ["QUEENS   ", "BRONX    ", "BROOKLYN ", "QUEENS", "4"], "dataTypes": [{"type": "INTEGER (LONG)", "count": 62, "max_value": 5, "min_value": 1, "mean": 3.2580645161290325, "stddev": 1.0149763046807916}, {"type": "TEXT", "count": 270, "shortest_values": [["BRONX", 5], ["BRONX", 5], ["BRONX", 5], ["BRONX", 5], ["BRONX", 5]], "longest_values": [["MANHATTAN", 9], ["STATEN IS", 9], ["STATEN IS", 9], ["STATEN IS", 9], ["STATEN IS", 9]], "average_length": 8.23333333333333}]}, {"column_name": "Postcode", "number_non_empty_cells": 331, "number_empty_cells": 3, "number_distinct_values": 71, "frequent_values": [11208, 10461, 10460, 11368, 11432], "dataTypes": [{"type": "INTEGER (LONG)", "count": 331, "max_value": 11691, "min_value": 10025, "mean": 11019.821752265865, "stddev": 465.1892590952571}]}, {"column_name": "Latitude", "number_non_empty_cells": 331, "number_empty_cells": 3, "number_distinct_values": 117, "frequent_values": [40.902205, 40.689697, 40.854726, 40.840096, 40.694125], "dataTypes": [{"type": "REAL", "count": 331, "max_value": 40.902205, "min_value": 40.539795, "mean": 40.730492770392765, "stddev": 0.0906522763910728}]}, {"column_name": "Longitude", "number_non_empty_cells": 331, "number_empty_cells": 3, "number_distinct_values": 117, "frequent_values": [-73.854829, -73.76174, -73.783423, -73.782302, -73.794683], "dataTypes": [{"type": "REAL", "count": 331, "max_value": -73.734043, "min_value": -74.237549, "mean": -73.88036154380666, "stddev": 0.09426466295582515}]}, {"column_name": "Community_Board", "number_non_empty_cells": 331, "number_empty_cells": 3, "number_distinct_values": 18, "frequent_values": [12, 10, 5, 6, 11], "dataTypes": [{"type": "INTEGER (LONG)", "count": 331, "max_value": 18, "min_value": 1, "mean": 8.075528700906345, "stddev": 4.217325716711703}]}, {"column_name": "Census_Tract", "number_non_empty_cells": 331, "number_empty_cells": 3, "number_distinct_values": 109, "frequent_values": [414, 71, 14605, 1097, 133], "dataTypes": [{"type": "INTEGER (LONG)", "count": 331, "max_value": 138501, "min_value": 7, "mean": 8336.74622356496, "stddev": 25048.8956430941}]}, {"column_name": "BIN", "number_non_empty_cells": 331, "number_empty_cells": 3, "number_distinct_values": 114, "frequent_values": [2070894, 2115801, 5006175, 2048608, 4118954], "dataTypes": [{"type": "INTEGER (LONG)", "count": 331, "max_value": 5106483, "min_value": 1055908, "mean": 3440182.075528703, "stddev": 1073568.4366669864}]}, {"column_name": "BBL", "number_non_empty_cells": 331, "number_empty_cells": 3, "number_distinct_values": 114, "frequent_values": [2050760031, 4052560001, 5037320006, 2023590240, 3042160001], "dataTypes": [{"type": "INTEGER (LONG)", "count": 331, "max_value": 5073150007, "min_value": 1018520099, "mean": 3349985292.0664635, "stddev": 1027213843.117843}]}, {"column_name": "NTA", "number_non_empty_cells": 331, "number_empty_cells": 3, "number_distinct_values": 125, "frequent_values": ["East New York                                                              ", "South Ozone Park                                                           ", "Woodlawn-Wakefield                                                         ", "South Jamaica                                                              ", "East Tremont                                                               "], "dataTypes": [{"type": "TEXT", "count": 331, "shortest_values": [["Corona", 6], ["Jamaica", 7], ["Jamaica", 7], ["Steinway", 8], ["Laurelton", 9]], "longest_values": [["Queens Village                                                             ", 75], ["Briarwood-Jamaica Hills                                                    ", 75], ["Jamaica                                                                    ", 75], ["South Jamaica                                                              ", 75], ["Springfield Gardens North                                                  ", 75]], "average_length": 61.951661631419945}]}, {"column_name": "Data_As_Of", "number_non_empty_cells": 334, "number_empty_cells": 0, "number_distinct_values": 4, "frequent_values": ["02/26/2015", "01/08/2018", "03/13/2019", "09/12/2017"], "dataTypes": [{"type": "DATE/TIME", "count": 334, "max_value": "2019-03-13T00:00:00", "min_value": "2015-02-26T00:00:00"}]}]}