{"dataset_name": "/user/hm74/NYCOpenData/3ups-txji.tsv.gz", "columns": [{"column_name": "Acronym", "number_non_empty_cells": 345, "number_empty_cells": 3, "number_distinct_values": 55, "frequent_values": ["DOT", "NYPD", "DOHMH", "ACS", "DOC"], "dataTypes": [{"type": "TEXT", "count": 348, "shortest_values": [["ACS", 3], ["ACS", 3], ["ACS", 3], ["ACS", 3], ["ACS", 3]], "longest_values": [["DOT/SIGNALS & STR.LIGHTING\"", 27], ["@ ACS Administrative Site\"", 26], ["MAINT.& REPAIR for DOT/FM\"", 26], ["ACCESSORIES for  DOT/SI\"", 24], ["Finish Hardware @ elcs\"", 23]], "average_length": 4.678160919540234}]}, {"column_name": "VendorName", "number_non_empty_cells": 319, "number_empty_cells": 29, "number_distinct_values": 279, "frequent_values": ["PINA M. INC", "FINESSE CREATIONS INC", "EASTERN HORIZON CORP", "QUALITY AND ASSURANCE TECHNOLOGY CORP", "MOOR METALS INC"], "dataTypes": [{"type": "DATE/TIME", "count": 25, "max_value": "2015-12-21T00:00:00", "min_value": "2015-10-05T00:00:00"}, {"type": "TEXT", "count": 323, "shortest_values": [["BYR INC", 7], ["CRA INC", 7], ["MIDI INC", 8], ["AZA, Inc.", 9], ["MAGDAD INC", 10]], "longest_values": [["RAZAK ASSOCIATES ARCHITECTURE, ENGINEERING & LAND SURVEYING", 59], ["TIME WARNER ENTERTAINMENT LP TIME WARNER CABLE OF NYC", 53], ["THE SABAN ENGINEERING GROUP INC A THE SABAN GROUP INC", 53], ["GREAT PERFORMANCES/ ARTISTS AS WAITRESSES INC.", 46], ["J FIRE PROTECTION INC STAR FIRE PROTECTION CO", 45]], "average_length": 24.29102167182661}]}, {"column_name": "ContractID", "number_non_empty_cells": 348, "number_empty_cells": 0, "number_distinct_values": 340, "frequent_values": ["80000", "25000", "75000", "CT178120161410441", "CT183620161411570"], "dataTypes": [{"type": "INTEGER (LONG)", "count": 25, "max_value": 100000, "min_value": 21800, "mean": 59087.319999999985, "stddev": 27736.475562291613}, {"type": "TEXT", "count": 323, "shortest_values": [["CT106820161408178", 17], ["CT106820161406301", 17], ["CT106820161410297", 17], ["CT106820161406201", 17], ["CT106820161405747", 17]], "longest_values": [["CT106820161408178", 17], ["CT106820161406301", 17], ["CT106820161410297", 17], ["CT106820161406201", 17], ["CT106820161405747", 17]], "average_length": 17.0}]}, {"column_name": "Description", "number_non_empty_cells": 327, "number_empty_cells": 21, "number_distinct_values": 325, "frequent_values": ["SUPPLIES/MATERIALS/EQUIPMENT", "WORK/LABOR", "POLICE OFFICER TATICAL EQUIPMENT", "Expert System Software", "CONSULTANT"], "dataTypes": [{"type": "TEXT", "count": 348, "shortest_values": [["SIM AP4C", 8], ["SPIRETTES", 9], ["HAND SETS", 9], ["WORK/LABOR", 10], ["WORK/LABOR", 10]], "longest_values": [["Workshop Facilitator, Rental Space and Costuming for the DYCD Giving Back Performance Festival", 94], ["To provide architectural drawings for fire alarm systems at various recreation centers ", 87], ["Purchase of Dell\u00a0PowerEdge\u00a0R430 Server & Microsoft Remote Desktop Service License", 81], ["on-call repair and replacement of electronic security system", 60], ["On-call Painting Work @ ACS site in the five Boroughs in NYC", 60]], "average_length": 36.84770114942534}]}, {"column_name": "Date", "number_non_empty_cells": 323, "number_empty_cells": 25, "number_distinct_values": 64, "frequent_values": ["SM PURCH GOODS SERVICES 100K", "29-Oct-15", "27-Oct-15", "22-Oct-15", "09-Nov-15"], "dataTypes": [{"type": "DATE/TIME", "count": 298, "max_value": "2015-12-31T00:00:00", "min_value": "2015-10-01T00:00:00"}, {"type": "TEXT", "count": 25, "shortest_values": [["SMALL PURCHASE - WRITTEN", 24], ["SMALL PURCHASE - WRITTEN", 24], ["SMALL PURCHASE - WRITTEN", 24], ["SMALL PURCHASE - WRITTEN", 24], ["SMALL PURCHASE - WRITTEN", 24]], "longest_values": [["SMALL PURCHASE - ORAL SOLICITA", 30], ["SM PURCH GOODS SERVICES 100K", 28], ["SM PURCH GOODS SERVICES 100K", 28], ["SM PURCH GOODS SERVICES 100K", 28], ["SM PURCH GOODS SERVICES 100K", 28]], "average_length": 27.119999999999997}]}, {"column_name": "Amount", "number_non_empty_cells": 298, "number_empty_cells": 50, "number_distinct_values": 187, "frequent_values": [100000, 25000, 50000, 99000, 80000], "dataTypes": [{"type": "INTEGER (LONG)", "count": 298, "max_value": 109104, "min_value": 20275, "mean": 62842.94966442953, "stddev": 30219.98209040577}]}, {"column_name": "CTTYP_NM", "number_non_empty_cells": 297, "number_empty_cells": 51, "number_distinct_values": 11, "frequent_values": ["SUPPLIES/MATERIALS/EQUIPMENT", "WORK/LABOR", "CONSULTANT", "REQUIREMENTS-SERVICES", "CONSTRUCTION"], "dataTypes": [{"type": "TEXT", "count": 298, "shortest_values": [["OTHERS", 6], ["OTHERS", 6], ["OTHERS", 6], ["OTHERS", 6], ["OTHERS", 6]], "longest_values": [["SUPPLIES/MATERIALS/EQUIPMENT", 28], ["SUPPLIES/MATERIALS/EQUIPMENT", 28], ["SUPPLIES/MATERIALS/EQUIPMENT", 28], ["SUPPLIES/MATERIALS/EQUIPMENT", 28], ["SUPPLIES/MATERIALS/EQUIPMENT", 28]], "average_length": 20.265100671140946}]}, {"column_name": "AWD_METH_NM", "number_non_empty_cells": 298, "number_empty_cells": 50, "number_distinct_values": 6, "frequent_values": ["SM PURCH GOODS SERVICES 100K", "SMALL PURCHASE - WRITTEN", "SM PURCH CONSTR - 50K TO 100K", "SMALL PURCHASE - ORAL SOLICITA", "SMALL PURCH - IT- 25 K TO 100K"], "dataTypes": [{"type": "TEXT", "count": 298, "shortest_values": [["SMALL PURCHASE - WRITTEN", 24], ["SMALL PURCHASE - WRITTEN", 24], ["SMALL PURCHASE - WRITTEN", 24], ["SMALL PURCHASE - WRITTEN", 24], ["SMALL PURCHASE - WRITTEN", 24]], "longest_values": [["SMALL PURCH - IT- 25 K TO 100K", 30], ["SMALL PURCHASE - ORAL SOLICITA", 30], ["SMALL PURCHASE - ORAL SOLICITA", 30], ["SMALL PURCHASE - ORAL SOLICITA", 30], ["SMALL PURCHASE - ORAL SOLICITA", 30]], "average_length": 27.32214765100671}]}]}