{"dataset_name": "/user/hm74/NYCOpenData/3vvi-fwjs.tsv.gz", "columns": [{"column_name": "Income Group", "number_non_empty_cells": 11, "number_empty_cells": 0, "number_distinct_values": 11, "frequent_values": ["Total", "1st Decile", "4th Decile", "5th Decile", "2nd Decile"], "dataTypes": [{"type": "TEXT", "count": 11, "shortest_values": [["Total", 5], ["1st Decile", 10], ["2nd Decile", 10], ["3rd Decile", 10], ["4th Decile", 10]], "longest_values": [["10th Decile", 11], ["1st Decile", 10], ["2nd Decile", 10], ["3rd Decile", 10], ["4th Decile", 10]], "average_length": 9.636363636363637}]}, {"column_name": "Total NYC PIT Liability", "number_non_empty_cells": 11, "number_empty_cells": 0, "number_distinct_values": 11, "frequent_values": [78.4, -27.0, -2.1, 481.7, 320.4], "dataTypes": [{"type": "REAL", "count": 11, "max_value": 6044.3, "min_value": -39.6, "mean": 1098.9454545454546, "stddev": 1971.761733883334}]}, {"column_name": "Avg PIT Liability", "number_non_empty_cells": 11, "number_empty_cells": 0, "number_distinct_values": 11, "frequent_values": [-78, 2227, -114, 925, -107], "dataTypes": [{"type": "INTEGER (LONG)", "count": 11, "max_value": 12441, "min_value": -114, "mean": 1746.2727272727273, "stddev": 3469.707247040489}]}, {"column_name": "Number of tax Payers", "number_non_empty_cells": 11, "number_empty_cells": 0, "number_distinct_values": 11, "frequent_values": [338188, 175647, 342856, 2282001, 104979], "dataTypes": [{"type": "INTEGER (LONG)", "count": 11, "max_value": 2282001, "min_value": 9, "mean": 414909.2727272727, "stddev": 604973.2939945052}]}]}