{"dataset_name": "/user/hm74/NYCOpenData/3w89-mz4u.tsv.gz", "columns": [{"column_name": "Borough", "number_non_empty_cells": 152, "number_empty_cells": 0, "number_distinct_values": 5, "frequent_values": ["Manhattan", "Brooklyn", "Bronx", "Queens", "Staten Is"], "dataTypes": [{"type": "TEXT", "count": 152, "shortest_values": [["Bronx", 5], ["Bronx", 5], ["Bronx", 5], ["Bronx", 5], ["Bronx", 5]], "longest_values": [["Manhattan", 9], ["Manhattan", 9], ["Manhattan", 9], ["Manhattan", 9], ["Manhattan", 9]], "average_length": 7.42763157894737}]}, {"column_name": "Grade Level", "number_non_empty_cells": 152, "number_empty_cells": 0, "number_distinct_values": 10, "frequent_values": ["K-8 SC", "3", "4", "2", "K"], "dataTypes": [{"type": "INTEGER (LONG)", "count": 115, "max_value": 8, "min_value": 1, "mean": 4.05217391304348, "stddev": 2.158274182770836}, {"type": "TEXT", "count": 37, "shortest_values": [["K", 1], ["K", 1], ["K", 1], ["K", 1], ["K", 1]], "longest_values": [["K-8 SC", 6], ["K-8 SC", 6], ["K-8 SC", 6], ["K-8 SC", 6], ["K-8 SC", 6]], "average_length": 3.8378378378378377}]}, {"column_name": "Program Type", "number_non_empty_cells": 152, "number_empty_cells": 0, "number_distinct_values": 9, "frequent_values": ["ICT", "Gen Ed", "G&T", "ICT & G&T", "SC 12:1"], "dataTypes": [{"type": "TEXT", "count": 152, "shortest_values": [["G&T", 3], ["ICT", 3], ["G&T", 3], ["ICT", 3], ["G&T", 3]], "longest_values": [["ICT & G&T", 9], ["ICT & G&T", 9], ["ICT & G&T", 9], ["ICT & G&T", 9], ["ICT & G&T", 9]], "average_length": 4.99342105263158}]}, {"column_name": "Number of Students", "number_non_empty_cells": 152, "number_empty_cells": 0, "number_distinct_values": 149, "frequent_values": [112, 3138, 82, 137, 7910], "dataTypes": [{"type": "INTEGER (LONG)", "count": 152, "max_value": 14886, "min_value": 2, "mean": 4083.822368421053, "stddev": 4267.620918494675}]}, {"column_name": "Number of Classes", "number_non_empty_cells": 152, "number_empty_cells": 0, "number_distinct_values": 109, "frequent_values": [1, 6, 28, 5, 218], "dataTypes": [{"type": "INTEGER (LONG)", "count": 152, "max_value": 809, "min_value": 1, "mean": 175.86842105263162, "stddev": 185.27144680918883}]}, {"column_name": "Average Class Size", "number_non_empty_cells": 152, "number_empty_cells": 0, "number_distinct_values": 81, "frequent_values": [26.7, 25.4, 26.4, 27.3, 25.0], "dataTypes": [{"type": "REAL", "count": 152, "max_value": 32.0, "min_value": 2.0, "mean": 23.228289473684203, "stddev": 6.712737477551223}]}]}