{"dataset_name": "/user/hm74/NYCOpenData/3wfy-sn5g.tsv.gz", "columns": [{"column_name": "BN", "number_non_empty_cells": 8519, "number_empty_cells": 0, "number_distinct_values": 1752, "frequent_values": ["X440", "K298", "M409", "X405", "X438"], "dataTypes": [{"type": "DATE/TIME", "count": 192, "max_value": "2019-12-08T00:00:59", "min_value": "2019-12-08T00:00:01"}, {"type": "TEXT", "count": 8327, "shortest_values": [["M307", 4], ["M459", 4], ["M560", 4], ["M294", 4], ["M299", 4]], "longest_values": [["M307", 4], ["M459", 4], ["M560", 4], ["M294", 4], ["M299", 4]], "average_length": 4.0}]}, {"column_name": "School_Year", "number_non_empty_cells": 4829, "number_empty_cells": 3690, "number_distinct_values": 8, "frequent_values": ["08/01/2007 12:00:00 AM", "07/01/2006 12:00:00 AM", "11/01/2010 12:00:00 AM", "09/01/2008 12:00:00 AM", "12/01/2011 12:00:00 AM"], "dataTypes": [{"type": "DATE/TIME", "count": 4829, "max_value": "2011-12-01T00:00:00", "min_value": "2005-06-01T00:00:00"}]}, {"column_name": "Start_Date", "number_non_empty_cells": 8519, "number_empty_cells": 0, "number_distinct_values": 1230, "frequent_values": ["05/29/2008 12:00:00 AM", "03/10/2008 12:00:00 AM", "03/12/2007 12:00:00 AM", "05/19/2008 12:00:00 AM", "01/14/2015 12:00:00 AM"], "dataTypes": [{"type": "DATE/TIME", "count": 8519, "max_value": "2018-06-05T00:00:00", "min_value": "2006-04-03T00:00:00"}]}, {"column_name": "Overall_Rating", "number_non_empty_cells": 8519, "number_empty_cells": 0, "number_distinct_values": 10, "frequent_values": ["P", "No Data", "WD", "D", "U"], "dataTypes": [{"type": "TEXT", "count": 8519, "shortest_values": [["P", 1], ["P", 1], ["P", 1], ["P", 1], ["P", 1]], "longest_values": [["No Data", 7], ["No Data", 7], ["No Data", 7], ["No Data", 7], ["No Data", 7]], "average_length": 3.144852682239704}]}, {"column_name": "Indicator_11", "number_non_empty_cells": 8519, "number_empty_cells": 0, "number_distinct_values": 8, "frequent_values": ["P", "WD", "D", "U", "O"], "dataTypes": [{"type": "TEXT", "count": 8519, "shortest_values": [["P", 1], ["P", 1], ["P", 1], ["P", 1], ["P", 1]], "longest_values": [["No Data", 7], ["No Data", 7], ["No Data", 7], ["No Data", 7], ["No Data", 7]], "average_length": 1.4093203427632401}]}, {"column_name": "Indicator_12", "number_non_empty_cells": 8519, "number_empty_cells": 0, "number_distinct_values": 9, "frequent_values": ["P", "WD", "D", "UPF", "U"], "dataTypes": [{"type": "INTEGER (LONG)", "count": 16, "max_value": 0, "min_value": 0, "mean": 0.0, "stddev": 0.0}, {"type": "TEXT", "count": 8503, "shortest_values": [["P", 1], ["P", 1], ["P", 1], ["P", 1], ["P", 1]], "longest_values": [["No Data", 7], ["No Data", 7], ["No Data", 7], ["No Data", 7], ["No Data", 7]], "average_length": 1.3475244031518265}]}, {"column_name": "Indicator_13", "number_non_empty_cells": 8519, "number_empty_cells": 0, "number_distinct_values": 9, "frequent_values": ["P", "WD", "No Data", "D", "U"], "dataTypes": [{"type": "INTEGER (LONG)", "count": 21, "max_value": 0, "min_value": 0, "mean": 0.0, "stddev": 0.0}, {"type": "TEXT", "count": 8498, "shortest_values": [["P", 1], ["P", 1], ["P", 1], ["P", 1], ["P", 1]], "longest_values": [["No Data", 7], ["No Data", 7], ["No Data", 7], ["No Data", 7], ["No Data", 7]], "average_length": 2.569898799717583}]}, {"column_name": "Indicator_14", "number_non_empty_cells": 8519, "number_empty_cells": 0, "number_distinct_values": 8, "frequent_values": ["P", "WD", "No Data", "D", "U"], "dataTypes": [{"type": "TEXT", "count": 8519, "shortest_values": [["P", 1], ["P", 1], ["P", 1], ["P", 1], ["P", 1]], "longest_values": [["No Data", 7], ["No Data", 7], ["No Data", 7], ["No Data", 7], ["No Data", 7]], "average_length": 2.6041788942364135}]}, {"column_name": "Indicator_15", "number_non_empty_cells": 8519, "number_empty_cells": 0, "number_distinct_values": 6, "frequent_values": ["No Data", "WD", "P", "O", "UPF"], "dataTypes": [{"type": "TEXT", "count": 8519, "shortest_values": [["P", 1], ["P", 1], ["P", 1], ["O", 1], ["P", 1]], "longest_values": [["No Data", 7], ["No Data", 7], ["No Data", 7], ["No Data", 7], ["No Data", 7]], "average_length": 6.1445005282310206}]}, {"column_name": "Indicator_16", "number_non_empty_cells": 8519, "number_empty_cells": 0, "number_distinct_values": 6, "frequent_values": ["No Data", "WD", "P", "UPF", "O"], "dataTypes": [{"type": "TEXT", "count": 8519, "shortest_values": [["P", 1], ["P", 1], ["P", 1], ["P", 1], ["P", 1]], "longest_values": [["No Data", 7], ["No Data", 7], ["No Data", 7], ["No Data", 7], ["No Data", 7]], "average_length": 6.139922526118057}]}, {"column_name": "Indicator_17", "number_non_empty_cells": 8519, "number_empty_cells": 0, "number_distinct_values": 6, "frequent_values": ["No Data", "WD", "P", "O", "UPF"], "dataTypes": [{"type": "TEXT", "count": 8519, "shortest_values": [["P", 1], ["P", 1], ["P", 1], ["P", 1], ["P", 1]], "longest_values": [["No Data", 7], ["No Data", 7], ["No Data", 7], ["No Data", 7], ["No Data", 7]], "average_length": 6.129475290527073}]}, {"column_name": "IndicatorOverall_1", "number_non_empty_cells": 8519, "number_empty_cells": 0, "number_distinct_values": 6, "frequent_values": ["No Data", "P", "WD", "U", "UPF"], "dataTypes": [{"type": "TEXT", "count": 8519, "shortest_values": [["P", 1], ["P", 1], ["P", 1], ["P", 1], ["P", 1]], "longest_values": [["No Data", 7], ["No Data", 7], ["No Data", 7], ["No Data", 7], ["No Data", 7]], "average_length": 4.560746566498401}]}, {"column_name": "Indicator_21", "number_non_empty_cells": 8519, "number_empty_cells": 0, "number_distinct_values": 8, "frequent_values": ["No Data", "P", "WD", "UPF", "U"], "dataTypes": [{"type": "TEXT", "count": 8519, "shortest_values": [["P", 1], ["P", 1], ["P", 1], ["P", 1], ["P", 1]], "longest_values": [["No Data", 7], ["No Data", 7], ["No Data", 7], ["No Data", 7], ["No Data", 7]], "average_length": 3.878154712994478}]}, {"column_name": "Indicator_22", "number_non_empty_cells": 8519, "number_empty_cells": 0, "number_distinct_values": 8, "frequent_values": ["P", "WD", "D", "U", "UPF"], "dataTypes": [{"type": "TEXT", "count": 8519, "shortest_values": [["P", 1], ["P", 1], ["P", 1], ["P", 1], ["P", 1]], "longest_values": [["No Data", 7], ["No Data", 7], ["No Data", 7], ["No Data", 7], ["No Data", 7]], "average_length": 1.3406503110693784}]}, {"column_name": "Indicator_23", "number_non_empty_cells": 8519, "number_empty_cells": 0, "number_distinct_values": 8, "frequent_values": ["No Data", "WD", "P", "D", "UPF"], "dataTypes": [{"type": "TEXT", "count": 8519, "shortest_values": [["P", 1], ["P", 1], ["P", 1], ["P", 1], ["P", 1]], "longest_values": [["No Data", 7], ["No Data", 7], ["No Data", 7], ["No Data", 7], ["No Data", 7]], "average_length": 3.9063270336894003}]}, {"column_name": "Indicator_24", "number_non_empty_cells": 8519, "number_empty_cells": 0, "number_distinct_values": 8, "frequent_values": ["No Data", "P", "WD", "D", "UPF"], "dataTypes": [{"type": "TEXT", "count": 8519, "shortest_values": [["P", 1], ["P", 1], ["P", 1], ["P", 1], ["P", 1]], "longest_values": [["No Data", 7], ["No Data", 7], ["No Data", 7], ["No Data", 7], ["No Data", 7]], "average_length": 3.896818875454857}]}, {"column_name": "Indicator_25", "number_non_empty_cells": 8519, "number_empty_cells": 0, "number_distinct_values": 6, "frequent_values": ["No Data", "WD", "P", "U", "O"], "dataTypes": [{"type": "TEXT", "count": 8519, "shortest_values": [["P", 1], ["P", 1], ["P", 1], ["P", 1], ["P", 1]], "longest_values": [["No Data", 7], ["No Data", 7], ["No Data", 7], ["No Data", 7], ["No Data", 7]], "average_length": 5.2019016316468925}]}, {"column_name": "Indicator_26", "number_non_empty_cells": 8519, "number_empty_cells": 0, "number_distinct_values": 6, "frequent_values": ["No Data", "WD", "P", "O", "UPF"], "dataTypes": [{"type": "TEXT", "count": 8519, "shortest_values": [["P", 1], ["P", 1], ["P", 1], ["P", 1], ["P", 1]], "longest_values": [["No Data", 7], ["No Data", 7], ["No Data", 7], ["No Data", 7], ["No Data", 7]], "average_length": 6.13710529404862}]}, {"column_name": "Indicator_27", "number_non_empty_cells": 8519, "number_empty_cells": 0, "number_distinct_values": 6, "frequent_values": ["No Data", "WD", "P", "O", "UPF"], "dataTypes": [{"type": "TEXT", "count": 8519, "shortest_values": [["P", 1], ["P", 1], ["P", 1], ["O", 1], ["P", 1]], "longest_values": [["No Data", 7], ["No Data", 7], ["No Data", 7], ["No Data", 7], ["No Data", 7]], "average_length": 6.136400986031202}]}, {"column_name": "IndicatorOverall_2", "number_non_empty_cells": 8519, "number_empty_cells": 0, "number_distinct_values": 6, "frequent_values": ["No Data", "P", "WD", "U", "UPF"], "dataTypes": [{"type": "TEXT", "count": 8519, "shortest_values": [["P", 1], ["P", 1], ["P", 1], ["P", 1], ["P", 1]], "longest_values": [["No Data", 7], ["No Data", 7], ["No Data", 7], ["No Data", 7], ["No Data", 7]], "average_length": 4.555464256368115}]}, {"column_name": "Indicator_31", "number_non_empty_cells": 8519, "number_empty_cells": 0, "number_distinct_values": 9, "frequent_values": ["P", "WD", "No Data", "D", "UPF"], "dataTypes": [{"type": "TEXT", "count": 8519, "shortest_values": [["P", 1], ["P", 1], ["P", 1], ["P", 1], ["P", 1]], "longest_values": [["No Data", 7], ["No Data", 7], ["No Data", 7], ["No Data", 7], ["No Data", 7]], "average_length": 2.5257659349688923}]}, {"column_name": "Indicator_32", "number_non_empty_cells": 8519, "number_empty_cells": 0, "number_distinct_values": 7, "frequent_values": ["No Data", "P", "WD", "UPF", "D"], "dataTypes": [{"type": "TEXT", "count": 8519, "shortest_values": [["P", 1], ["P", 1], ["P", 1], ["P", 1], ["P", 1]], "longest_values": [["No Data", 7], ["No Data", 7], ["No Data", 7], ["No Data", 7], ["No Data", 7]], "average_length": 3.8817936377509077}]}, {"column_name": "Indicator_33", "number_non_empty_cells": 8519, "number_empty_cells": 0, "number_distinct_values": 7, "frequent_values": ["No Data", "P", "WD", "D", "UPF"], "dataTypes": [{"type": "TEXT", "count": 8519, "shortest_values": [["P", 1], ["P", 1], ["P", 1], ["P", 1], ["P", 1]], "longest_values": [["No Data", 7], ["No Data", 7], ["No Data", 7], ["No Data", 7], ["No Data", 7]], "average_length": 3.8961145674374915}]}, {"column_name": "Indicator_34", "number_non_empty_cells": 8519, "number_empty_cells": 0, "number_distinct_values": 8, "frequent_values": ["P", "WD", "D", "UPF", "U"], "dataTypes": [{"type": "TEXT", "count": 8519, "shortest_values": [["P", 1], ["P", 1], ["P", 1], ["P", 1], ["P", 1]], "longest_values": [["No Data", 7], ["No Data", 7], ["No Data", 7], ["No Data", 7], ["No Data", 7]], "average_length": 1.4701256015964257}]}, {"column_name": "Indicator_35", "number_non_empty_cells": 8519, "number_empty_cells": 0, "number_distinct_values": 6, "frequent_values": ["No Data", "WD", "P", "O", "U"], "dataTypes": [{"type": "TEXT", "count": 8519, "shortest_values": [["P", 1], ["P", 1], ["P", 1], ["P", 1], ["P", 1]], "longest_values": [["No Data", 7], ["No Data", 7], ["No Data", 7], ["No Data", 7], ["No Data", 7]], "average_length": 5.230073952341809}]}, {"column_name": "Indicator_36", "number_non_empty_cells": 8519, "number_empty_cells": 0, "number_distinct_values": 6, "frequent_values": ["No Data", "WD", "P", "O", "U"], "dataTypes": [{"type": "TEXT", "count": 8519, "shortest_values": [["P", 1], ["P", 1], ["P", 1], ["P", 1], ["P", 1]], "longest_values": [["No Data", 7], ["No Data", 7], ["No Data", 7], ["No Data", 7], ["No Data", 7]], "average_length": 5.210470712524939}]}, {"column_name": "Indicator_37", "number_non_empty_cells": 8519, "number_empty_cells": 0, "number_distinct_values": 6, "frequent_values": ["No Data", "WD", "P", "O", "UPF"], "dataTypes": [{"type": "TEXT", "count": 8519, "shortest_values": [["P", 1], ["P", 1], ["P", 1], ["P", 1], ["P", 1]], "longest_values": [["No Data", 7], ["No Data", 7], ["No Data", 7], ["No Data", 7], ["No Data", 7]], "average_length": 5.252846578236892}]}, {"column_name": "Indicator_38", "number_non_empty_cells": 8519, "number_empty_cells": 0, "number_distinct_values": 4, "frequent_values": ["No Data", "WD", "P", "U"], "dataTypes": [{"type": "TEXT", "count": 8519, "shortest_values": [["P", 1], ["P", 1], ["P", 1], ["P", 1], ["P", 1]], "longest_values": [["No Data", 7], ["No Data", 7], ["No Data", 7], ["No Data", 7], ["No Data", 7]], "average_length": 6.088390656180308}]}, {"column_name": "IndicatorOverall_3", "number_non_empty_cells": 8519, "number_empty_cells": 0, "number_distinct_values": 6, "frequent_values": ["No Data", "WD", "P", "UPF", "U"], "dataTypes": [{"type": "TEXT", "count": 8519, "shortest_values": [["P", 1], ["P", 1], ["P", 1], ["P", 1], ["P", 1]], "longest_values": [["No Data", 7], ["No Data", 7], ["No Data", 7], ["No Data", 7], ["No Data", 7]], "average_length": 4.57330672614157}]}, {"column_name": "Indicator_41", "number_non_empty_cells": 8519, "number_empty_cells": 0, "number_distinct_values": 9, "frequent_values": ["P", "WD", "No Data", "D", "UPF"], "dataTypes": [{"type": "TEXT", "count": 8519, "shortest_values": [["P", 1], ["P", 1], ["P", 1], ["P", 1], ["U", 1]], "longest_values": [["No Data", 7], ["No Data", 7], ["No Data", 7], ["No Data", 7], ["No Data", 7]], "average_length": 2.5783542669327377}]}, {"column_name": "Indicator_42", "number_non_empty_cells": 8519, "number_empty_cells": 0, "number_distinct_values": 9, "frequent_values": ["P", "WD", "D", "UPF", "O"], "dataTypes": [{"type": "TEXT", "count": 8519, "shortest_values": [["P", 1], ["P", 1], ["P", 1], ["P", 1], ["U", 1]], "longest_values": [["No Data", 7], ["No Data", 7], ["No Data", 7], ["No Data", 7], ["No Data", 7]], "average_length": 1.4257541965019431}]}, {"column_name": "Indicator_43", "number_non_empty_cells": 8519, "number_empty_cells": 0, "number_distinct_values": 7, "frequent_values": ["No Data", "WD", "P", "D", "UPF"], "dataTypes": [{"type": "TEXT", "count": 8519, "shortest_values": [["P", 1], ["P", 1], ["P", 1], ["P", 1], ["U", 1]], "longest_values": [["No Data", 7], ["No Data", 7], ["No Data", 7], ["No Data", 7], ["No Data", 7]], "average_length": 3.895645028759254}]}, {"column_name": "Indicator_44", "number_non_empty_cells": 8519, "number_empty_cells": 0, "number_distinct_values": 7, "frequent_values": ["No Data", "WD", "P", "U", "O"], "dataTypes": [{"type": "TEXT", "count": 8519, "shortest_values": [["P", 1], ["P", 1], ["P", 1], ["P", 1], ["U", 1]], "longest_values": [["No Data", 7], ["No Data", 7], ["No Data", 7], ["No Data", 7], ["No Data", 7]], "average_length": 3.9232304261063415}]}, {"column_name": "Indicator_45", "number_non_empty_cells": 8519, "number_empty_cells": 0, "number_distinct_values": 6, "frequent_values": ["No Data", "WD", "P", "O", "UPF"], "dataTypes": [{"type": "TEXT", "count": 8519, "shortest_values": [["P", 1], ["P", 1], ["P", 1], ["P", 1], ["U", 1]], "longest_values": [["No Data", 7], ["No Data", 7], ["No Data", 7], ["No Data", 7], ["No Data", 7]], "average_length": 5.273975818758066}]}, {"column_name": "Indicator_46", "number_non_empty_cells": 8519, "number_empty_cells": 0, "number_distinct_values": 6, "frequent_values": ["No Data", "WD", "P", "O", "U"], "dataTypes": [{"type": "TEXT", "count": 8519, "shortest_values": [["P", 1], ["P", 1], ["P", 1], ["P", 1], ["U", 1]], "longest_values": [["No Data", 7], ["No Data", 7], ["No Data", 7], ["No Data", 7], ["No Data", 7]], "average_length": 5.25484211761944}]}, {"column_name": "Indicator_47", "number_non_empty_cells": 8519, "number_empty_cells": 0, "number_distinct_values": 6, "frequent_values": ["No Data", "WD", "P", "O", "U"], "dataTypes": [{"type": "TEXT", "count": 8519, "shortest_values": [["P", 1], ["P", 1], ["P", 1], ["P", 1], ["U", 1]], "longest_values": [["No Data", 7], ["No Data", 7], ["No Data", 7], ["No Data", 7], ["No Data", 7]], "average_length": 5.2367648785068655}]}, {"column_name": "IndicatorOverall_4", "number_non_empty_cells": 8519, "number_empty_cells": 0, "number_distinct_values": 6, "frequent_values": ["No Data", "WD", "P", "O", "UPF"], "dataTypes": [{"type": "TEXT", "count": 8519, "shortest_values": [["P", 1], ["P", 1], ["P", 1], ["P", 1], ["U", 1]], "longest_values": [["No Data", 7], ["No Data", 7], ["No Data", 7], ["No Data", 7], ["No Data", 7]], "average_length": 4.596431506045317}]}, {"column_name": "Indicator_51", "number_non_empty_cells": 8519, "number_empty_cells": 0, "number_distinct_values": 9, "frequent_values": ["P", "No Data", "WD", "D", "U"], "dataTypes": [{"type": "TEXT", "count": 8519, "shortest_values": [["P", 1], ["P", 1], ["P", 1], ["P", 1], ["P", 1]], "longest_values": [["No Data", 7], ["No Data", 7], ["No Data", 7], ["No Data", 7], ["No Data", 7]], "average_length": 2.481159760535273}]}, {"column_name": "Indicator_52", "number_non_empty_cells": 8519, "number_empty_cells": 0, "number_distinct_values": 8, "frequent_values": ["No Data", "P", "WD", "D", "UPF"], "dataTypes": [{"type": "TEXT", "count": 8519, "shortest_values": [["P", 1], ["P", 1], ["P", 1], ["P", 1], ["P", 1]], "longest_values": [["No Data", 7], ["No Data", 7], ["No Data", 7], ["No Data", 7], ["No Data", 7]], "average_length": 3.847047775560508}]}, {"column_name": "Indicator_53", "number_non_empty_cells": 8519, "number_empty_cells": 0, "number_distinct_values": 7, "frequent_values": ["No Data", "P", "WD", "D", "U"], "dataTypes": [{"type": "TEXT", "count": 8519, "shortest_values": [["P", 1], ["P", 1], ["P", 1], ["P", 1], ["P", 1]], "longest_values": [["No Data", 7], ["No Data", 7], ["No Data", 7], ["No Data", 7], ["No Data", 7]], "average_length": 3.865242399342651}]}, {"column_name": "Indicator_54", "number_non_empty_cells": 8519, "number_empty_cells": 0, "number_distinct_values": 7, "frequent_values": ["No Data", "P", "WD", "D", "U"], "dataTypes": [{"type": "TEXT", "count": 8519, "shortest_values": [["P", 1], ["P", 1], ["P", 1], ["P", 1], ["P", 1]], "longest_values": [["No Data", 7], ["No Data", 7], ["No Data", 7], ["No Data", 7], ["No Data", 7]], "average_length": 3.8579645498297945}]}, {"column_name": "Indicator_55", "number_non_empty_cells": 8519, "number_empty_cells": 0, "number_distinct_values": 6, "frequent_values": ["No Data", "WD", "P", "O", "UPF"], "dataTypes": [{"type": "TEXT", "count": 8519, "shortest_values": [["P", 1], ["P", 1], ["O", 1], ["P", 1], ["P", 1]], "longest_values": [["No Data", 7], ["No Data", 7], ["No Data", 7], ["No Data", 7], ["No Data", 7]], "average_length": 6.137457448057282}]}, {"column_name": "Indicator_56", "number_non_empty_cells": 8519, "number_empty_cells": 0, "number_distinct_values": 6, "frequent_values": ["No Data", "WD", "P", "UPF", "O"], "dataTypes": [{"type": "TEXT", "count": 8519, "shortest_values": [["P", 1], ["P", 1], ["P", 1], ["O", 1], ["P", 1]], "longest_values": [["No Data", 7], ["No Data", 7], ["No Data", 7], ["No Data", 7], ["No Data", 7]], "average_length": 6.1358140626833855}]}, {"column_name": "Indicator_57", "number_non_empty_cells": 8519, "number_empty_cells": 0, "number_distinct_values": 6, "frequent_values": ["No Data", "WD", "P", "O", "UPF"], "dataTypes": [{"type": "TEXT", "count": 8519, "shortest_values": [["P", 1], ["P", 1], ["P", 1], ["O", 1], ["P", 1]], "longest_values": [["No Data", 7], ["No Data", 7], ["No Data", 7], ["No Data", 7], ["No Data", 7]], "average_length": 6.139922526118057}]}, {"column_name": "IndicatorOverall_5", "number_non_empty_cells": 8519, "number_empty_cells": 0, "number_distinct_values": 6, "frequent_values": ["No Data", "P", "WD", "U", "UPF"], "dataTypes": [{"type": "TEXT", "count": 8519, "shortest_values": [["P", 1], ["P", 1], ["P", 1], ["P", 1], ["P", 1]], "longest_values": [["No Data", 7], ["No Data", 7], ["No Data", 7], ["No Data", 7], ["No Data", 7]], "average_length": 4.539617325977223}]}]}