{"dataset_name": "/user/hm74/NYCOpenData/3wxk-qa8q.tsv.gz", "columns": [{"column_name": "KIT_ID_Number", "number_non_empty_cells": 5469, "number_empty_cells": 0, "number_distinct_values": 5469, "frequent_values": [1410058, 16129361, 16129450, 16129636, 17141886], "dataTypes": [{"type": "INTEGER (LONG)", "count": 5469, "max_value": 18356280, "min_value": 151365, "mean": 16894498.54763212, "stddev": 3683232.8277296214}]}, {"column_name": "Borough", "number_non_empty_cells": 5454, "number_empty_cells": 15, "number_distinct_values": 48, "frequent_values": ["BROOKLYN", "NEW YORK", "STATEN ISLAND", "BRONX", "RIDGEWOOD"], "dataTypes": [{"type": "TEXT", "count": 5469, "shortest_values": [["BRONX", 5], ["BRONX", 5], ["BRONX", 5], ["BRONX", 5], ["BRONX", 5]], "longest_values": [["SOUTH RICHMOND HILL", 19], ["SOUTH RICHMOND HILL", 19], ["SOUTH RICHMOND HILL", 19], ["SOUTH RICHMOND HILL", 19], ["SOUTH RICHMOND HILL", 19]], "average_length": 9.078442128359857}]}, {"column_name": "Zipcode", "number_non_empty_cells": 5469, "number_empty_cells": 0, "number_distinct_values": 178, "frequent_values": [11215, 11385, 10309, 10314, 10306], "dataTypes": [{"type": "INTEGER (LONG)", "count": 5469, "max_value": 11694, "min_value": 10001, "mean": 10835.349058328735, "stddev": 549.4961425921481}]}, {"column_name": "Date_Collected", "number_non_empty_cells": 5469, "number_empty_cells": 0, "number_distinct_values": 635, "frequent_values": ["06/08/2017", "06/07/2017", "10/04/2018", "06/07/2016", "10/01/2018"], "dataTypes": [{"type": "DATE/TIME", "count": 5469, "max_value": "2018-12-31T00:00:00", "min_value": "2014-06-07T00:00:00"}]}, {"column_name": "Received_Date", "number_non_empty_cells": 5469, "number_empty_cells": 0, "number_distinct_values": 408, "frequent_values": ["06/09/2016", "10/02/2018", "06/09/2015", "10/09/2018", "10/04/2018"], "dataTypes": [{"type": "DATE/TIME", "count": 5469, "max_value": "2019-01-11T00:00:00", "min_value": "2014-06-11T00:00:00"}]}, {"column_name": "First_Draw_at-the-tap_Lead_level_(\u00b5g/l)", "number_non_empty_cells": 5469, "number_empty_cells": 0, "number_distinct_values": 149, "frequent_values": [0.0, 0.001, 0.002, 2.0, 0.003], "dataTypes": [{"type": "REAL", "count": 5469, "max_value": 4960.0, "min_value": 0.0, "mean": 3.345689339915875, "stddev": 93.03851047822691}]}, {"column_name": "First_Draw_at-the-tap_copper_level_(mg/l)", "number_non_empty_cells": 5469, "number_empty_cells": 0, "number_distinct_values": 474, "frequent_values": [0.115, 0.122, 0.116, 0.124, 0.125], "dataTypes": [{"type": "REAL", "count": 5469, "max_value": 18.17, "min_value": 0.0, "mean": 0.15513969647101908, "stddev": 0.2871624276917819}]}]}