{"dataset_name": "/user/hm74/NYCOpenData/3ydk-du45.tsv.gz", "columns": [{"column_name": "Year", "number_non_empty_cells": 5, "number_empty_cells": 0, "number_distinct_values": 5, "frequent_values": ["2016-17", "2015-16", "2014-15", "2018-19", "2017-18"], "dataTypes": [{"type": "TEXT", "count": 5, "shortest_values": [["2014-15", 7], ["2015-16", 7], ["2016-17", 7], ["2017-18", 7], ["2018-19", 7]], "longest_values": [["2014-15", 7], ["2015-16", 7], ["2016-17", 7], ["2017-18", 7], ["2018-19", 7]], "average_length": 7.0}]}, {"column_name": "Total Enrollment", "number_non_empty_cells": 5, "number_empty_cells": 0, "number_distinct_values": 5, "frequent_values": [1133963, 1126501, 1135334, 1141232, 1122783], "dataTypes": [{"type": "INTEGER (LONG)", "count": 5, "max_value": 1141232, "min_value": 1122783, "mean": 1131962.6, "stddev": 6563.289498414676}]}, {"column_name": "Grade PK (Half Day & Full Day)", "number_non_empty_cells": 5, "number_empty_cells": 0, "number_distinct_values": 5, "frequent_values": [71528, 72553, 73904, 71847, 66403], "dataTypes": [{"type": "INTEGER (LONG)", "count": 5, "max_value": 73904, "min_value": 66403, "mean": 71247.0, "stddev": 2556.1135342546886}]}, {"column_name": "Grade K", "number_non_empty_cells": 5, "number_empty_cells": 0, "number_distinct_values": 5, "frequent_values": [82517, 81588, 78627, 84386, 85775], "dataTypes": [{"type": "INTEGER (LONG)", "count": 5, "max_value": 85775, "min_value": 78627, "mean": 82578.6, "stddev": 2452.9122772736914}]}, {"column_name": "Grade 1", "number_non_empty_cells": 5, "number_empty_cells": 0, "number_distinct_values": 5, "frequent_values": [88704, 86008, 81908, 83578, 87804], "dataTypes": [{"type": "INTEGER (LONG)", "count": 5, "max_value": 88704, "min_value": 81908, "mean": 85600.4, "stddev": 2544.7295809181746}]}, {"column_name": "Grade 2", "number_non_empty_cells": 5, "number_empty_cells": 0, "number_distinct_values": 5, "frequent_values": [86279, 81205, 86930, 83978, 87410], "dataTypes": [{"type": "INTEGER (LONG)", "count": 5, "max_value": 87410, "min_value": 81205, "mean": 85160.4, "stddev": 2301.5954987790524}]}, {"column_name": "Grade 3", "number_non_empty_cells": 5, "number_empty_cells": 0, "number_distinct_values": 5, "frequent_values": [85309, 82532, 81706, 84363, 85050], "dataTypes": [{"type": "INTEGER (LONG)", "count": 5, "max_value": 85309, "min_value": 81706, "mean": 83792.0, "stddev": 1424.702776020318}]}, {"column_name": "Grade 4", "number_non_empty_cells": 5, "number_empty_cells": 0, "number_distinct_values": 5, "frequent_values": [81287, 84185, 83367, 80229, 82510], "dataTypes": [{"type": "INTEGER (LONG)", "count": 5, "max_value": 84185, "min_value": 80229, "mean": 82315.6, "stddev": 1417.7310887470883}]}, {"column_name": "Grade 5", "number_non_empty_cells": 5, "number_empty_cells": 0, "number_distinct_values": 5, "frequent_values": [79581, 77505, 83277, 80563, 82044], "dataTypes": [{"type": "INTEGER (LONG)", "count": 5, "max_value": 83277, "min_value": 77505, "mean": 80594.0, "stddev": 1993.491409562631}]}, {"column_name": "Grade 6", "number_non_empty_cells": 5, "number_empty_cells": 0, "number_distinct_values": 5, "frequent_values": [78985, 75931, 81289, 79114, 76798], "dataTypes": [{"type": "INTEGER (LONG)", "count": 5, "max_value": 81289, "min_value": 75931, "mean": 78423.4, "stddev": 1889.8660904942458}]}, {"column_name": "Grade 7", "number_non_empty_cells": 5, "number_empty_cells": 0, "number_distinct_values": 5, "frequent_values": [75347, 76778, 78451, 78125, 75802], "dataTypes": [{"type": "INTEGER (LONG)", "count": 5, "max_value": 78451, "min_value": 75347, "mean": 76900.6, "stddev": 1227.8860859216522}]}, {"column_name": "Grade 8", "number_non_empty_cells": 5, "number_empty_cells": 0, "number_distinct_values": 5, "frequent_values": [76283, 74793, 76816, 77748, 75405], "dataTypes": [{"type": "INTEGER (LONG)", "count": 5, "max_value": 77748, "min_value": 74793, "mean": 76209.0, "stddev": 1038.6450789369765}]}, {"column_name": "Grade 9", "number_non_empty_cells": 5, "number_empty_cells": 0, "number_distinct_values": 5, "frequent_values": [93678, 91796, 91723, 88773, 90062], "dataTypes": [{"type": "INTEGER (LONG)", "count": 5, "max_value": 93678, "min_value": 88773, "mean": 91206.4, "stddev": 1670.5925415851696}]}, {"column_name": "Grade 10", "number_non_empty_cells": 5, "number_empty_cells": 0, "number_distinct_values": 5, "frequent_values": [90854, 88074, 90614, 89424, 89909], "dataTypes": [{"type": "INTEGER (LONG)", "count": 5, "max_value": 90854, "min_value": 88074, "mean": 89775.0, "stddev": 990.2242170336979}]}, {"column_name": "Grade 11", "number_non_empty_cells": 5, "number_empty_cells": 0, "number_distinct_values": 5, "frequent_values": [74251, 71239, 73716, 71502, 73517], "dataTypes": [{"type": "INTEGER (LONG)", "count": 5, "max_value": 74251, "min_value": 71239, "mean": 72845.0, "stddev": 1230.442684565192}]}, {"column_name": "Grade 12", "number_non_empty_cells": 5, "number_empty_cells": 0, "number_distinct_values": 5, "frequent_values": [75370, 76745, 74735, 76398, 73328], "dataTypes": [{"type": "INTEGER (LONG)", "count": 5, "max_value": 76745, "min_value": 73328, "mean": 75315.2, "stddev": 1225.184296340758}]}, {"column_name": "# Female", "number_non_empty_cells": 5, "number_empty_cells": 0, "number_distinct_values": 5, "frequent_values": [545903, 547203, 551727, 553978, 551015], "dataTypes": [{"type": "INTEGER (LONG)", "count": 5, "max_value": 553978, "min_value": 545903, "mean": 549965.2, "stddev": 2981.2682133615585}]}, {"column_name": "% Female", "number_non_empty_cells": 5, "number_empty_cells": 0, "number_distinct_values": 2, "frequent_values": [0.486, 0.485], "dataTypes": [{"type": "REAL", "count": 5, "max_value": 0.486, "min_value": 0.485, "mean": 0.48579999999999995, "stddev": 0.0004000000000000027}]}, {"column_name": "# Male", "number_non_empty_cells": 5, "number_empty_cells": 0, "number_distinct_values": 5, "frequent_values": [576880, 582948, 587248, 583542, 579296], "dataTypes": [{"type": "INTEGER (LONG)", "count": 5, "max_value": 587248, "min_value": 576880, "mean": 581982.8, "stddev": 3587.269401648013}]}, {"column_name": "% Male", "number_non_empty_cells": 5, "number_empty_cells": 0, "number_distinct_values": 2, "frequent_values": [0.514, 0.515], "dataTypes": [{"type": "REAL", "count": 5, "max_value": 0.515, "min_value": 0.514, "mean": 0.5142, "stddev": 0.00040000000000000224}]}, {"column_name": "# Asian", "number_non_empty_cells": 5, "number_empty_cells": 0, "number_distinct_values": 5, "frequent_values": [182282, 180825, 172268, 182776, 175648], "dataTypes": [{"type": "INTEGER (LONG)", "count": 5, "max_value": 182776, "min_value": 172268, "mean": 178759.8, "stddev": 4114.063023338365}]}, {"column_name": "% Asian", "number_non_empty_cells": 5, "number_empty_cells": 0, "number_distinct_values": 5, "frequent_values": [0.155, 0.153, 0.158, 0.162, 0.161], "dataTypes": [{"type": "REAL", "count": 5, "max_value": 0.162, "min_value": 0.153, "mean": 0.1578, "stddev": 0.0034292856398964555}]}, {"column_name": "# Black", "number_non_empty_cells": 5, "number_empty_cells": 0, "number_distinct_values": 5, "frequent_values": [302335, 286775, 307734, 311966, 294678], "dataTypes": [{"type": "INTEGER (LONG)", "count": 5, "max_value": 311966, "min_value": 286775, "mean": 300697.6, "stddev": 9047.024010137251}]}, {"column_name": "% Black", "number_non_empty_cells": 5, "number_empty_cells": 0, "number_distinct_values": 5, "frequent_values": [0.278, 0.265, 0.271, 0.26, 0.255], "dataTypes": [{"type": "REAL", "count": 5, "max_value": 0.278, "min_value": 0.255, "mean": 0.26580000000000004, "stddev": 0.00808455317256311}]}, {"column_name": "# Hispanic", "number_non_empty_cells": 5, "number_empty_cells": 0, "number_distinct_values": 5, "frequent_values": [459402, 456980, 459567, 461492, 453172], "dataTypes": [{"type": "INTEGER (LONG)", "count": 5, "max_value": 461492, "min_value": 453172, "mean": 458122.6, "stddev": 2859.7198184437566}]}, {"column_name": "% Hispanic", "number_non_empty_cells": 5, "number_empty_cells": 0, "number_distinct_values": 3, "frequent_values": [0.405, 0.404, 0.406], "dataTypes": [{"type": "REAL", "count": 5, "max_value": 0.406, "min_value": 0.404, "mean": 0.40480000000000005, "stddev": 0.0007483314773547845}]}, {"column_name": "# Multiple Race Categories Not Represented", "number_non_empty_cells": 5, "number_empty_cells": 0, "number_distinct_values": 5, "frequent_values": [20787, 28390, 26777, 23714, 30387], "dataTypes": [{"type": "INTEGER (LONG)", "count": 5, "max_value": 30387, "min_value": 20787, "mean": 26011.0, "stddev": 3404.7660125183347}]}, {"column_name": "% Multiple Race Categories Not Represented", "number_non_empty_cells": 5, "number_empty_cells": 0, "number_distinct_values": 5, "frequent_values": [0.021, 0.025, 0.023, 0.019, 0.027], "dataTypes": [{"type": "REAL", "count": 5, "max_value": 0.027, "min_value": 0.019, "mean": 0.023000000000000003, "stddev": 0.002828427124746189}]}, {"column_name": "# White", "number_non_empty_cells": 5, "number_empty_cells": 0, "number_distinct_values": 5, "frequent_values": [164590, 169583, 170417, 169803, 167465], "dataTypes": [{"type": "INTEGER (LONG)", "count": 5, "max_value": 170417, "min_value": 164590, "mean": 168371.6, "stddev": 2136.4680760544957}]}, {"column_name": "% White", "number_non_empty_cells": 5, "number_empty_cells": 0, "number_distinct_values": 5, "frequent_values": [0.151, 0.148, 0.149, 0.147, 0.15], "dataTypes": [{"type": "REAL", "count": 5, "max_value": 0.151, "min_value": 0.147, "mean": 0.149, "stddev": 0.0014142135623730963}]}, {"column_name": "# Students with Disabilities", "number_non_empty_cells": 5, "number_empty_cells": 0, "number_distinct_values": 5, "frequent_values": [231910, 227898, 222496, 228347, 212792], "dataTypes": [{"type": "INTEGER (LONG)", "count": 5, "max_value": 231910, "min_value": 212792, "mean": 224688.6, "stddev": 6665.873434141998}]}, {"column_name": "% Students with Disabilities", "number_non_empty_cells": 5, "number_empty_cells": 0, "number_distinct_values": 5, "frequent_values": [0.204, 0.2, 0.196, 0.19, 0.202], "dataTypes": [{"type": "REAL", "count": 5, "max_value": 0.204, "min_value": 0.19, "mean": 0.19840000000000002, "stddev": 0.00496386945839634}]}, {"column_name": "# English Language Learners", "number_non_empty_cells": 5, "number_empty_cells": 0, "number_distinct_values": 5, "frequent_values": [153466, 146742, 148783, 142506, 153661], "dataTypes": [{"type": "INTEGER (LONG)", "count": 5, "max_value": 153661, "min_value": 142506, "mean": 149031.6, "stddev": 4218.596287866377}]}, {"column_name": "% English Language Learners", "number_non_empty_cells": 5, "number_empty_cells": 0, "number_distinct_values": 5, "frequent_values": [0.134, 0.131, 0.126, 0.132, 0.135], "dataTypes": [{"type": "REAL", "count": 5, "max_value": 0.135, "min_value": 0.126, "mean": 0.1316, "stddev": 0.00313687742827163}]}, {"column_name": "# Poverty", "number_non_empty_cells": 5, "number_empty_cells": 0, "number_distinct_values": 5, "frequent_values": [819644, 810688, 800985, 856483, 801696], "dataTypes": [{"type": "INTEGER (LONG)", "count": 5, "max_value": 856483, "min_value": 800985, "mean": 817899.2, "stddev": 20456.730954871546}]}, {"column_name": "% Poverty", "number_non_empty_cells": 5, "number_empty_cells": 0, "number_distinct_values": 5, "frequent_values": [0.702, 0.707, 0.728, 0.754, 0.722], "dataTypes": [{"type": "REAL", "count": 5, "max_value": 0.754, "min_value": 0.702, "mean": 0.7225999999999999, "stddev": 0.018347751905887565}]}, {"column_name": "Economic Need Index", "number_non_empty_cells": 5, "number_empty_cells": 0, "number_distinct_values": 5, "frequent_values": [0.61, 0.699, 0.621, 0.636, 0.719], "dataTypes": [{"type": "REAL", "count": 5, "max_value": 0.719, "min_value": 0.61, "mean": 0.657, "stddev": 0.0437126983838792}]}]}