{"dataset_name": "/user/hm74/NYCOpenData/42et-jh9v.tsv.gz", "columns": [{"column_name": "DBN", "number_non_empty_cells": 422, "number_empty_cells": 0, "number_distinct_values": 422, "frequent_values": ["02M529", "01M539", "02M427", "07X527", "29Q265"], "dataTypes": [{"type": "DATE/TIME", "count": 1, "max_value": "2019-12-07T00:02:47", "min_value": "2019-12-07T00:02:47"}, {"type": "TEXT", "count": 421, "shortest_values": [["01M292", 6], ["01M448", 6], ["01M450", 6], ["01M509", 6], ["01M539", 6]], "longest_values": [["01M292", 6], ["01M448", 6], ["01M450", 6], ["01M509", 6], ["01M539", 6]], "average_length": 6.0}]}, {"column_name": "Quality_Review_Year", "number_non_empty_cells": 368, "number_empty_cells": 54, "number_distinct_values": 6, "frequent_values": [2010, 2012, 2011, 2008, 2009], "dataTypes": [{"type": "INTEGER (LONG)", "count": 368, "max_value": 2012, "min_value": 2008, "mean": 2010.3233695652175, "stddev": 1.379704424217087}]}, {"column_name": "Quality_Review_Score", "number_non_empty_cells": 422, "number_empty_cells": 0, "number_distinct_values": 7, "frequent_values": ["Proficient", "Well Developed", "Developing", "N/A", "Underdeveloped"], "dataTypes": [{"type": "TEXT", "count": 422, "shortest_values": [["N/A", 3], ["N/A", 3], ["N/A", 3], ["N/A", 3], ["N/A", 3]], "longest_values": [["Underdeveloped with Proficient Features (only an option in 2007-8, 2008-9 and 2009-10)", 86], ["Outstanding (only an option in 2007-8)", 38], ["Outstanding (only an option in 2007-8)", 38], ["Outstanding (only an option in 2007-8)", 38], ["Well Developed", 14]], "average_length": 10.56398104265403}]}, {"column_name": "Progress_Rpt_10-11", "number_non_empty_cells": 422, "number_empty_cells": 0, "number_distinct_values": 6, "frequent_values": ["N/A", "A", "B", "C", "D"], "dataTypes": [{"type": "TEXT", "count": 422, "shortest_values": [["C", 1], ["C", 1], ["A", 1], ["C", 1], ["A", 1]], "longest_values": [["N/A", 3], ["N/A", 3], ["N/A", 3], ["N/A", 3], ["N/A", 3]], "average_length": 1.5308056872037907}]}, {"column_name": "Student_Progress_10-11", "number_non_empty_cells": 422, "number_empty_cells": 0, "number_distinct_values": 6, "frequent_values": ["N/A", "C", "B", "A", "D"], "dataTypes": [{"type": "TEXT", "count": 422, "shortest_values": [["C", 1], ["B", 1], ["B", 1], ["C", 1], ["A", 1]], "longest_values": [["N/A", 3], ["N/A", 3], ["N/A", 3], ["N/A", 3], ["N/A", 3]], "average_length": 1.5308056872037907}]}, {"column_name": "Student_Perf_10-11", "number_non_empty_cells": 422, "number_empty_cells": 0, "number_distinct_values": 6, "frequent_values": ["A", "N/A", "B", "C", "D"], "dataTypes": [{"type": "TEXT", "count": 422, "shortest_values": [["C", 1], ["C", 1], ["A", 1], ["B", 1], ["A", 1]], "longest_values": [["N/A", 3], ["N/A", 3], ["N/A", 3], ["N/A", 3], ["N/A", 3]], "average_length": 1.5308056872037907}]}, {"column_name": "Envi_10-11", "number_non_empty_cells": 422, "number_empty_cells": 0, "number_distinct_values": 6, "frequent_values": ["N/A", "B", "C", "A", "F"], "dataTypes": [{"type": "TEXT", "count": 422, "shortest_values": [["D", 1], ["D", 1], ["A", 1], ["D", 1], ["C", 1]], "longest_values": [["N/A", 3], ["N/A", 3], ["N/A", 3], ["N/A", 3], ["N/A", 3]], "average_length": 1.5308056872037907}]}, {"column_name": "College_Ready_10-11", "number_non_empty_cells": 422, "number_empty_cells": 0, "number_distinct_values": 1, "frequent_values": ["N/A"], "dataTypes": [{"type": "TEXT", "count": 422, "shortest_values": [["N/A", 3], ["N/A", 3], ["N/A", 3], ["N/A", 3], ["N/A", 3]], "longest_values": [["N/A", 3], ["N/A", 3], ["N/A", 3], ["N/A", 3], ["N/A", 3]], "average_length": 3.0}]}, {"column_name": "graduation_2010-11", "number_non_empty_cells": 422, "number_empty_cells": 0, "number_distinct_values": 227, "frequent_values": ["N/A", "100.00%", "66.30%", "59.00%", "67.10%"], "dataTypes": [{"type": "TEXT", "count": 422, "shortest_values": [["N/A", 3], ["N/A", 3], ["N/A", 3], ["N/A", 3], ["N/A", 3]], "longest_values": [["100.00%", 7], ["100.00%", 7], ["100.00%", 7], ["100.00%", 7], ["100.00%", 7]], "average_length": 5.2274881516587675}]}, {"column_name": "college_enroll_2010-11", "number_non_empty_cells": 422, "number_empty_cells": 0, "number_distinct_values": 241, "frequent_values": ["N/A", "50.00%", "39.10%", "47.50%", "52.30%"], "dataTypes": [{"type": "TEXT", "count": 422, "shortest_values": [["N/A", 3], ["N/A", 3], ["N/A", 3], ["N/A", 3], ["N/A", 3]], "longest_values": [["100.00%", 7], ["51.90%", 6], ["36.30%", 6], ["69.20%", 6], ["47.70%", 6]], "average_length": 5.0710900473933656}]}, {"column_name": "Progress_Rpt_11-12", "number_non_empty_cells": 422, "number_empty_cells": 0, "number_distinct_values": 6, "frequent_values": ["B", "A", "N/A", "C", "D"], "dataTypes": [{"type": "TEXT", "count": 422, "shortest_values": [["C", 1], ["B", 1], ["A", 1], ["C", 1], ["A", 1]], "longest_values": [["N/A", 3], ["N/A", 3], ["N/A", 3], ["N/A", 3], ["N/A", 3]], "average_length": 1.4028436018957342}]}, {"column_name": "Student_Progress_11-12", "number_non_empty_cells": 422, "number_empty_cells": 0, "number_distinct_values": 6, "frequent_values": ["B", "C", "N/A", "A", "D"], "dataTypes": [{"type": "TEXT", "count": 422, "shortest_values": [["C", 1], ["B", 1], ["B", 1], ["F", 1], ["A", 1]], "longest_values": [["N/A", 3], ["N/A", 3], ["N/A", 3], ["N/A", 3], ["N/A", 3]], "average_length": 1.4028436018957342}]}, {"column_name": "Student_Perf_11-12", "number_non_empty_cells": 422, "number_empty_cells": 0, "number_distinct_values": 6, "frequent_values": ["A", "B", "N/A", "C", "F"], "dataTypes": [{"type": "TEXT", "count": 422, "shortest_values": [["F", 1], ["B", 1], ["A", 1], ["B", 1], ["A", 1]], "longest_values": [["N/A", 3], ["N/A", 3], ["N/A", 3], ["N/A", 3], ["N/A", 3]], "average_length": 1.4028436018957342}]}, {"column_name": "Envi_11-12", "number_non_empty_cells": 422, "number_empty_cells": 0, "number_distinct_values": 6, "frequent_values": ["B", "A", "N/A", "C", "F"], "dataTypes": [{"type": "TEXT", "count": 422, "shortest_values": [["C", 1], ["B", 1], ["A", 1], ["F", 1], ["C", 1]], "longest_values": [["N/A", 3], ["N/A", 3], ["N/A", 3], ["N/A", 3], ["N/A", 3]], "average_length": 1.4028436018957342}]}, {"column_name": "College_Ready_11-12", "number_non_empty_cells": 422, "number_empty_cells": 0, "number_distinct_values": 6, "frequent_values": ["A", "N/A", "C", "B", "D"], "dataTypes": [{"type": "TEXT", "count": 422, "shortest_values": [["D", 1], ["A", 1], ["A", 1], ["A", 1], ["A", 1]], "longest_values": [["N/A", 3], ["N/A", 3], ["N/A", 3], ["N/A", 3], ["N/A", 3]], "average_length": 1.4028436018957342}]}, {"column_name": "graduation_2011-12", "number_non_empty_cells": 422, "number_empty_cells": 0, "number_distinct_values": 237, "frequent_values": ["N/A", "100.00%", "73.80%", "69.90%", "64.80%"], "dataTypes": [{"type": "TEXT", "count": 422, "shortest_values": [["N/A", 3], ["N/A", 3], ["N/A", 3], ["N/A", 3], ["N/A", 3]], "longest_values": [["100.00%", 7], ["100.00%", 7], ["100.00%", 7], ["100.00%", 7], ["100.00%", 7]], "average_length": 5.414691943127956}]}, {"column_name": "college_enroll_2011-12", "number_non_empty_cells": 422, "number_empty_cells": 0, "number_distinct_values": 232, "frequent_values": ["N/A", "43.20%", "56.50%", "50.00%", "63.20%"], "dataTypes": [{"type": "TEXT", "count": 422, "shortest_values": [["N/A", 3], ["N/A", 3], ["N/A", 3], ["N/A", 3], ["N/A", 3]], "longest_values": [["100.00%", 7], ["100.00%", 7], ["40.00%", 6], ["67.30%", 6], ["55.70%", 6]], "average_length": 5.234597156398106}]}]}