{"dataset_name": "/user/hm74/NYCOpenData/43ab-v68i.tsv.gz", "columns": [{"column_name": "BID_Name", "number_non_empty_cells": 72, "number_empty_cells": 0, "number_distinct_values": 72, "frequent_values": ["Downtown Flushing Transit Hub", "Bayside Village", "180th Street", "47th Street", "Grand Street"], "dataTypes": [{"type": "TEXT", "count": 72, "shortest_values": [["Belmont", 7], ["NoHo NY", 7], ["Chinatown", 9], ["MetroTech", 9], ["Woodhaven", 9]], "longest_values": [["Hudson Yards/Hell\u0092s Kitchen Alliance", 36], ["Fulton Area Business (FAB) Alliance", 35], ["Fulton Mall Improvement Association", 35], ["Flatiron/23rd Street Partnership", 32], ["Court-Livingston-Schermerhorn", 29]], "average_length": 17.33333333333333}]}, {"column_name": "Block_faces", "number_non_empty_cells": 72, "number_empty_cells": 0, "number_distinct_values": 52, "frequent_values": [26.0, 15.0, 32.0, 12.0, 29.0], "dataTypes": [{"type": "REAL", "count": 72, "max_value": 458.0, "min_value": 2.0, "mean": 57.059027777777786, "stddev": 69.98356073154534}]}, {"column_name": "Full-time_staff", "number_non_empty_cells": 70, "number_empty_cells": 2, "number_distinct_values": 17, "frequent_values": [1, 2, 3, 0, 5], "dataTypes": [{"type": "INTEGER (LONG)", "count": 70, "max_value": 161, "min_value": 0, "mean": 11.128571428571428, "stddev": 31.19565969287185}]}, {"column_name": "Part-time_staff", "number_non_empty_cells": 71, "number_empty_cells": 1, "number_distinct_values": 11, "frequent_values": [0, 1, 2, 4, 3], "dataTypes": [{"type": "INTEGER (LONG)", "count": 71, "max_value": 15, "min_value": 0, "mean": 1.4788732394366197, "stddev": 2.710746245830449}]}, {"column_name": "Ground_floor_storefront_businesses", "number_non_empty_cells": 72, "number_empty_cells": 0, "number_distinct_values": 66, "frequent_values": [143, 220, 130, 175, 150], "dataTypes": [{"type": "INTEGER (LONG)", "count": 72, "max_value": 1800, "min_value": 40, "mean": 322.0, "stddev": 336.85844372838733}]}, {"column_name": "BID_provides_supplemental_sanitation_services", "number_non_empty_cells": 72, "number_empty_cells": 0, "number_distinct_values": 2, "frequent_values": ["Yes", "No"], "dataTypes": [{"type": "TEXT", "count": 72, "shortest_values": [["No", 2], ["No", 2], ["Yes", 3], ["Yes", 3], ["Yes", 3]], "longest_values": [["Yes", 3], ["Yes", 3], ["Yes", 3], ["Yes", 3], ["Yes", 3]], "average_length": 2.9722222222222223}]}, {"column_name": "Type_of_sanitation_services", "number_non_empty_cells": 70, "number_empty_cells": 2, "number_distinct_values": 4, "frequent_values": ["Contracted", "In-house", "Both", null], "dataTypes": [{"type": "TEXT", "count": 70, "shortest_values": [["Both", 4], ["Both", 4], ["Both", 4], ["In-house", 8], ["In-house", 8]], "longest_values": [["Contracted", 10], ["Contracted", 10], ["Contracted", 10], ["Contracted", 10], ["Contracted", 10]], "average_length": 9.571428571428573}]}, {"column_name": "Types_of_duties_assigned_to_sanitation_workers", "number_non_empty_cells": 70, "number_empty_cells": 2, "number_distinct_values": 12, "frequent_values": ["Street Sweeping and Bagging; Power Washing; Snow and Ice Removal; Graffiti Removal; Gum Removal", "Street Sweeping and Bagging; Snow and Ice Removal; Graffiti Removal", "Street Sweeping and Bagging; Power Washing; Snow and Ice Removal; Graffiti Removal", "Street Sweeping and Bagging; Snow and Ice Removal; Graffiti Removal; Gum Removal", "Street Sweeping and Bagging; Snow and Ice Removal"], "dataTypes": [{"type": "TEXT", "count": 70, "shortest_values": [["Street Sweeping and Bagging", 27], ["Street Sweeping and Bagging", 27], ["Street Sweeping and Bagging", 27], ["Street Sweeping and Bagging", 27], ["Street Sweeping and Bagging; Gum Removal", 40]], "longest_values": [["Street Sweeping and Bagging; Power Washing; Snow and Ice Removal; Graffiti Removal; Gum Removal", 95], ["Street Sweeping and Bagging; Power Washing; Snow and Ice Removal; Graffiti Removal; Gum Removal", 95], ["Street Sweeping and Bagging; Power Washing; Snow and Ice Removal; Graffiti Removal; Gum Removal", 95], ["Street Sweeping and Bagging; Power Washing; Snow and Ice Removal; Graffiti Removal; Gum Removal", 95], ["Street Sweeping and Bagging; Power Washing; Snow and Ice Removal; Graffiti Removal; Gum Removal", 95]], "average_length": 75.24285714285715}]}, {"column_name": "Sanitation_workers_employed", "number_non_empty_cells": 70, "number_empty_cells": 2, "number_distinct_values": 22, "frequent_values": [2, 3, 4, 1, 6], "dataTypes": [{"type": "INTEGER (LONG)", "count": 70, "max_value": 70, "min_value": 1, "mean": 10.52857142857143, "stddev": 15.852644149497973}]}, {"column_name": "Hours_logged_by_sanitation_workers", "number_non_empty_cells": 70, "number_empty_cells": 2, "number_distinct_values": 68, "frequent_values": [2080.0, 3640.0, 4160.0, 0.0, 12609.0], "dataTypes": [{"type": "REAL", "count": 70, "max_value": 145600.0, "min_value": 0.0, "mean": 19585.585714285706, "stddev": 31864.93680038693}]}, {"column_name": "Incidents_of_graffiti_removed", "number_non_empty_cells": 69, "number_empty_cells": 3, "number_distinct_values": 63, "frequent_values": [12, 0, 720, 189, 450], "dataTypes": [{"type": "INTEGER (LONG)", "count": 69, "max_value": 22110, "min_value": 0, "mean": 1446.1739130434785, "stddev": 3373.6231542876208}]}, {"column_name": "Trash_bags_collected", "number_non_empty_cells": 70, "number_empty_cells": 2, "number_distinct_values": 67, "frequent_values": [78000, 38000, 28000, 76000, 54404], "dataTypes": [{"type": "INTEGER (LONG)", "count": 70, "max_value": 246375, "min_value": 160, "mean": 56314.41428571429, "stddev": 53167.592915903435}]}, {"column_name": "Trash_and_recycling_receptacles_serviced", "number_non_empty_cells": 70, "number_empty_cells": 2, "number_distinct_values": 58, "frequent_values": [64, 20, 48, 65, 37], "dataTypes": [{"type": "INTEGER (LONG)", "count": 70, "max_value": 407, "min_value": 0, "mean": 84.65714285714286, "stddev": 83.13446693061027}]}, {"column_name": "BID_provides_supplemental_public_safety_services", "number_non_empty_cells": 72, "number_empty_cells": 0, "number_distinct_values": 2, "frequent_values": ["Yes", "No"], "dataTypes": [{"type": "TEXT", "count": 72, "shortest_values": [["No", 2], ["No", 2], ["No", 2], ["No", 2], ["No", 2]], "longest_values": [["Yes", 3], ["Yes", 3], ["Yes", 3], ["Yes", 3], ["Yes", 3]], "average_length": 2.513888888888889}]}, {"column_name": "Type_of_public_safety_services", "number_non_empty_cells": 37, "number_empty_cells": 35, "number_distinct_values": 5, "frequent_values": ["Contracted", "In-house", "Both", "Other", null], "dataTypes": [{"type": "TEXT", "count": 37, "shortest_values": [["Both", 4], ["Both", 4], ["Both", 4], ["Other", 5], ["Other", 5]], "longest_values": [["Contracted", 10], ["Contracted", 10], ["Contracted", 10], ["Contracted", 10], ["Contracted", 10]], "average_length": 8.567567567567567}]}, {"column_name": "Duties_assigned_to_public_safety_personnel", "number_non_empty_cells": 33, "number_empty_cells": 39, "number_distinct_values": 9, "frequent_values": ["Street patrol", "Monitoring security cameras; Street patrol", "Street patrol; Traffic mitigation", "Monitoring security cameras", "Crime prevention workshops; Street patrol"], "dataTypes": [{"type": "TEXT", "count": 33, "shortest_values": [["Street patrol", 13], ["Street patrol", 13], ["Street patrol", 13], ["Street patrol", 13], ["Street patrol", 13]], "longest_values": [["Monitoring security cameras; Crime prevention workshops; Street patrol; Traffic mitigation", 90], ["Monitoring security cameras; Crime prevention workshops; Street patrol", 70], ["Crime prevention workshops; Street patrol; Traffic mitigation", 61], ["Monitoring security cameras; Street patrol", 42], ["Monitoring security cameras; Street patrol", 42]], "average_length": 27.696969696969692}]}, {"column_name": "Public_safety_officers_employed", "number_non_empty_cells": 37, "number_empty_cells": 35, "number_distinct_values": 18, "frequent_values": [1, 2, 0, 6, 3], "dataTypes": [{"type": "INTEGER (LONG)", "count": 37, "max_value": 56, "min_value": 0, "mean": 9.108108108108109, "stddev": 12.807902509428128}]}, {"column_name": "Hours_logged_by_public_safety_officers", "number_non_empty_cells": 36, "number_empty_cells": 36, "number_distinct_values": 34, "frequent_values": [0, 48440, 20800, 2200, 2090], "dataTypes": [{"type": "INTEGER (LONG)", "count": 36, "max_value": 108954, "min_value": 0, "mean": 18008.694444444445, "stddev": 27995.533158404083}]}, {"column_name": "Interactions_with_public_safety_officers", "number_non_empty_cells": 30, "number_empty_cells": 42, "number_distinct_values": 24, "frequent_values": [0, 250, 20, 52, 472], "dataTypes": [{"type": "INTEGER (LONG)", "count": 30, "max_value": 899854, "min_value": 0, "mean": 69985.86666666667, "stddev": 182103.13427647407}]}, {"column_name": "BID_provides_supplemental_streetscape_and_beautification_services", "number_non_empty_cells": 72, "number_empty_cells": 0, "number_distinct_values": 2, "frequent_values": ["Yes", "No"], "dataTypes": [{"type": "TEXT", "count": 72, "shortest_values": [["No", 2], ["No", 2], ["No", 2], ["No", 2], ["No", 2]], "longest_values": [["Yes", 3], ["Yes", 3], ["Yes", 3], ["Yes", 3], ["Yes", 3]], "average_length": 2.8750000000000004}]}, {"column_name": "Public_spaces_maintained", "number_non_empty_cells": 56, "number_empty_cells": 16, "number_distinct_values": 9, "frequent_values": [0, 1, 3, 5, 4], "dataTypes": [{"type": "INTEGER (LONG)", "count": 56, "max_value": 13, "min_value": 0, "mean": 2.2500000000000004, "stddev": 2.923122107805771}]}, {"column_name": "Planters_maintained", "number_non_empty_cells": 57, "number_empty_cells": 15, "number_distinct_values": 38, "frequent_values": [0, 60, 12, 16, 76], "dataTypes": [{"type": "INTEGER (LONG)", "count": 57, "max_value": 585, "min_value": 0, "mean": 56.63157894736844, "stddev": 110.93709796332546}]}, {"column_name": "Tree_pits_maintained", "number_non_empty_cells": 60, "number_empty_cells": 12, "number_distinct_values": 42, "frequent_values": [0, 200, 50, 10, 48], "dataTypes": [{"type": "INTEGER (LONG)", "count": 60, "max_value": 385, "min_value": 0, "mean": 85.93333333333334, "stddev": 92.58957224703485}]}, {"column_name": "Banners_maintained", "number_non_empty_cells": 61, "number_empty_cells": 11, "number_distinct_values": 42, "frequent_values": [0, 30, 20, 50, 19], "dataTypes": [{"type": "INTEGER (LONG)", "count": 61, "max_value": 262, "min_value": 0, "mean": 53.75409836065574, "stddev": 52.944033468604864}]}, {"column_name": "Pieces_of_street_furniture_maintained", "number_non_empty_cells": 60, "number_empty_cells": 12, "number_distinct_values": 44, "frequent_values": [0, 100, 1, 20, 148], "dataTypes": [{"type": "INTEGER (LONG)", "count": 60, "max_value": 2674, "min_value": 0, "mean": 259.1833333333333, "stddev": 552.9828656678453}]}, {"column_name": "Public_art_installations_sponsored", "number_non_empty_cells": 51, "number_empty_cells": 21, "number_distinct_values": 11, "frequent_values": [0, 1, 2, 5, 3], "dataTypes": [{"type": "INTEGER (LONG)", "count": 51, "max_value": 101, "min_value": 0, "mean": 4.019607843137256, "stddev": 14.682910162042303}]}, {"column_name": "BID_has_holiday_lighting_program", "number_non_empty_cells": 72, "number_empty_cells": 0, "number_distinct_values": 2, "frequent_values": ["Yes", "No"], "dataTypes": [{"type": "TEXT", "count": 72, "shortest_values": [["No", 2], ["No", 2], ["No", 2], ["No", 2], ["No", 2]], "longest_values": [["Yes", 3], ["Yes", 3], ["Yes", 3], ["Yes", 3], ["Yes", 3]], "average_length": 2.8333333333333335}]}, {"column_name": "Communication_channels_used", "number_non_empty_cells": 72, "number_empty_cells": 0, "number_distinct_values": 22, "frequent_values": ["Paid Advertising; Direct mailings; Door-to-door visits; Fliers; Email bulletins; Website; Social media", "Paid Advertising; Door-to-door visits; Fliers; Email bulletins; Website; Social media", "Direct mailings; Door-to-door visits; Fliers; Email bulletins; Website; Social media", "Paid Advertising; Direct mailings; Fliers; Email bulletins; Website; Social media", "Door-to-door visits; Fliers; Email bulletins; Website; Social media"], "dataTypes": [{"type": "TEXT", "count": 72, "shortest_values": [["Fliers; Website", 15], ["Email bulletins; Website", 24], ["Paid Advertising; Website", 25], ["Email bulletins; Website; Social media", 38], ["Fliers; Email bulletins; Website; Social media", 46]], "longest_values": [["Paid Advertising; Direct mailings; Door-to-door visits; Fliers; Email bulletins; Website; Social media", 102], ["Paid Advertising; Direct mailings; Door-to-door visits; Fliers; Email bulletins; Website; Social media", 102], ["Paid Advertising; Direct mailings; Door-to-door visits; Fliers; Email bulletins; Website; Social media", 102], ["Paid Advertising; Direct mailings; Door-to-door visits; Fliers; Email bulletins; Website; Social media", 102], ["Paid Advertising; Direct mailings; Door-to-door visits; Fliers; Email bulletins; Website; Social media", 102]], "average_length": 82.875}]}, {"column_name": "Marketing_materials_distributed", "number_non_empty_cells": 72, "number_empty_cells": 0, "number_distinct_values": 67, "frequent_values": [35000, 1205, 1000, 6000, 4000], "dataTypes": [{"type": "INTEGER (LONG)", "count": 72, "max_value": 1014948, "min_value": 0, "mean": 52656.638888888876, "stddev": 145973.69584014345}]}, {"column_name": "Public_events_coordinated", "number_non_empty_cells": 72, "number_empty_cells": 0, "number_distinct_values": 30, "frequent_values": [3, 5, 7, 2, 12], "dataTypes": [{"type": "INTEGER (LONG)", "count": 72, "max_value": 2673, "min_value": 0, "mean": 60.05555555555555, "stddev": 314.8768228692721}]}, {"column_name": "Estimated_attendees_to_public_events_coordinated", "number_non_empty_cells": 72, "number_empty_cells": 0, "number_distinct_values": 50, "frequent_values": [3000, 1500, 0, 10000, 5000], "dataTypes": [{"type": "INTEGER (LONG)", "count": 72, "max_value": 8549951, "min_value": 0, "mean": 145308.75000000003, "stddev": 999913.2410576895}]}, {"column_name": "Allocates_staff_salaries", "number_non_empty_cells": 72, "number_empty_cells": 0, "number_distinct_values": 2, "frequent_values": ["Yes", "No"], "dataTypes": [{"type": "TEXT", "count": 72, "shortest_values": [["No", 2], ["No", 2], ["No", 2], ["No", 2], ["No", 2]], "longest_values": [["Yes", 3], ["Yes", 3], ["Yes", 3], ["Yes", 3], ["Yes", 3]], "average_length": 2.5138888888888884}]}, {"column_name": "Assessment_revenue", "number_non_empty_cells": 72, "number_empty_cells": 0, "number_distinct_values": 66, "frequent_values": [240000.0, 290000.0, 320000.0, 300000.0, 200000.0], "dataTypes": [{"type": "REAL", "count": 72, "max_value": 15898622.0, "min_value": 60000.0, "mean": 1470072.7919444442, "stddev": 3034194.177151147}]}, {"column_name": "Contract_revenue", "number_non_empty_cells": 65, "number_empty_cells": 7, "number_distinct_values": 11, "frequent_values": [0.0, 754709.0, 3616.0, 100000.0, 5064688.0], "dataTypes": [{"type": "REAL", "count": 65, "max_value": 5064688.0, "min_value": 0.0, "mean": 125317.39507692304, "stddev": 651826.6789313498}]}, {"column_name": "Contributions", "number_non_empty_cells": 69, "number_empty_cells": 3, "number_distinct_values": 29, "frequent_values": [0, 12500, 1198, 717259, 53486], "dataTypes": [{"type": "INTEGER (LONG)", "count": 69, "max_value": 717259, "min_value": 0, "mean": 39607.710144927536, "stddev": 115335.72738385259}]}, {"column_name": "_Fundraising_and_special_event_revenue", "number_non_empty_cells": 68, "number_empty_cells": 4, "number_distinct_values": 29, "frequent_values": [0, 201000, 4000, 82220, 11250], "dataTypes": [{"type": "INTEGER (LONG)", "count": 68, "max_value": 4873393, "min_value": 0, "mean": 126568.26470588236, "stddev": 669215.9023595016}]}, {"column_name": "Government_grants", "number_non_empty_cells": 71, "number_empty_cells": 1, "number_distinct_values": 32, "frequent_values": [0, 5000, 25000, 10000, 12000], "dataTypes": [{"type": "INTEGER (LONG)", "count": 71, "max_value": 228923, "min_value": 0, "mean": 20764.746478873236, "stddev": 39073.9684533871}]}, {"column_name": "Program_service_revenue", "number_non_empty_cells": 70, "number_empty_cells": 2, "number_distinct_values": 30, "frequent_values": [0, 3000, 4900, 11500, 9879], "dataTypes": [{"type": "INTEGER (LONG)", "count": 70, "max_value": 2521820, "min_value": 0, "mean": 82551.24285714285, "stddev": 328871.33133245877}]}, {"column_name": "Interest_income", "number_non_empty_cells": 48, "number_empty_cells": 24, "number_distinct_values": 46, "frequent_values": [0.0, 550.0, 3118.88, 351299.0, 30771.0], "dataTypes": [{"type": "REAL", "count": 48, "max_value": 351299.0, "min_value": 0.0, "mean": 9889.111041666669, "stddev": 50202.38775260617}]}, {"column_name": "Miscellaneous_income", "number_non_empty_cells": 69, "number_empty_cells": 3, "number_distinct_values": 24, "frequent_values": [0.0, 152145.0, 202.65, 12097.58, 2555.0], "dataTypes": [{"type": "REAL", "count": 69, "max_value": 418132.0, "min_value": 0.0, "mean": 11903.297101449274, "stddev": 53244.33504276235}]}, {"column_name": "Total_support_and_revenue", "number_non_empty_cells": 72, "number_empty_cells": 0, "number_distinct_values": 72, "frequent_values": [763309.0, 1022870.0, 110000.0, 378074.0, 157400.0], "dataTypes": [{"type": "REAL", "count": 72, "max_value": 18415934.0, "min_value": 60000.0, "mean": 1859435.215, "stddev": 3838636.740566436}]}, {"column_name": "Sanitation_expenses", "number_non_empty_cells": 69, "number_empty_cells": 3, "number_distinct_values": 70, "frequent_values": [2301431, 221057, 4937387, 106178, 3195461], "dataTypes": [{"type": "INTEGER (LONG)", "count": 69, "max_value": 5092033, "min_value": 24000, "mean": 488590.0144927535, "stddev": 1006671.9852510785}]}, {"column_name": "Public_safety_expenses", "number_non_empty_cells": 40, "number_empty_cells": 32, "number_distinct_values": 41, "frequent_values": [105979, 1460256, 1112976, 12731, 1471970], "dataTypes": [{"type": "INTEGER (LONG)", "count": 40, "max_value": 4146986, "min_value": 890, "mean": 556330.3749999999, "stddev": 1019218.6050637931}]}, {"column_name": "Marketing_and_special_event_expenses", "number_non_empty_cells": 72, "number_empty_cells": 0, "number_distinct_values": 69, "frequent_values": [0, 9027, 439359, 68573, 96243], "dataTypes": [{"type": "INTEGER (LONG)", "count": 72, "max_value": 4680735, "min_value": 0, "mean": 252994.95833333334, "stddev": 691841.7694480725}]}, {"column_name": "Holiday_lighting_expenses", "number_non_empty_cells": 58, "number_empty_cells": 14, "number_distinct_values": 57, "frequent_values": [25000, 18000, 18800, 56350, 11800], "dataTypes": [{"type": "INTEGER (LONG)", "count": 58, "max_value": 101910, "min_value": 0, "mean": 26760.206896551725, "stddev": 18272.337706695842}]}, {"column_name": "Beautification_and_horticulture_expenses", "number_non_empty_cells": 39, "number_empty_cells": 33, "number_distinct_values": 40, "frequent_values": [370501, 19180, 3685, 65519, 46925], "dataTypes": [{"type": "INTEGER (LONG)", "count": 39, "max_value": 778504, "min_value": 150, "mean": 133637.87179487184, "stddev": 205380.01832852335}]}, {"column_name": "Streetscape_and_repairs_expenses", "number_non_empty_cells": 30, "number_empty_cells": 42, "number_distinct_values": 31, "frequent_values": [139170, 1745, 5880, 189010, 15950], "dataTypes": [{"type": "INTEGER (LONG)", "count": 30, "max_value": 1458786, "min_value": 1745, "mean": 190534.03333333333, "stddev": 354180.4377702118}]}, {"column_name": "Other_program_expenses", "number_non_empty_cells": 72, "number_empty_cells": 0, "number_distinct_values": 46, "frequent_values": [0, 976, 69741, 197980, 33726], "dataTypes": [{"type": "INTEGER (LONG)", "count": 72, "max_value": 4970575, "min_value": 0, "mean": 219146.6944444444, "stddev": 854858.3206514015}]}, {"column_name": "Salaries", "number_non_empty_cells": 69, "number_empty_cells": 3, "number_distinct_values": 70, "frequent_values": [78000, 17378, 194603, 40658, 58876], "dataTypes": [{"type": "INTEGER (LONG)", "count": 69, "max_value": 1745892, "min_value": 0, "mean": 208233.18840579712, "stddev": 299177.3783045226}]}, {"column_name": "Outside_contractor_expenses", "number_non_empty_cells": 64, "number_empty_cells": 8, "number_distinct_values": 58, "frequent_values": [0, 84436, 4000, 5929, 88342], "dataTypes": [{"type": "INTEGER (LONG)", "count": 64, "max_value": 794499, "min_value": 0, "mean": 42960.95312499999, "stddev": 101253.00021965857}]}, {"column_name": "Insurance_costs", "number_non_empty_cells": 69, "number_empty_cells": 3, "number_distinct_values": 69, "frequent_values": [4500, 89189, 53175, 16774, 988], "dataTypes": [{"type": "INTEGER (LONG)", "count": 69, "max_value": 166678, "min_value": 361, "mean": 17478.8695652174, "stddev": 26453.211998563762}]}, {"column_name": "Rent_and_utilities", "number_non_empty_cells": 67, "number_empty_cells": 5, "number_distinct_values": 63, "frequent_values": [0, 6184, 4500, 435400, 11550], "dataTypes": [{"type": "INTEGER (LONG)", "count": 67, "max_value": 437904, "min_value": 0, "mean": 49559.83582089553, "stddev": 86374.94048529769}]}, {"column_name": "Supplies_and_equipment_costs", "number_non_empty_cells": 64, "number_empty_cells": 8, "number_distinct_values": 62, "frequent_values": [0, 2000, 18759, 6933, 772], "dataTypes": [{"type": "INTEGER (LONG)", "count": 64, "max_value": 274899, "min_value": 0, "mean": 14742.15625, "stddev": 35715.943671130066}]}, {"column_name": "Other_expenses", "number_non_empty_cells": 61, "number_empty_cells": 11, "number_distinct_values": 57, "frequent_values": [0, 83918, 1212, 170586, 3661], "dataTypes": [{"type": "INTEGER (LONG)", "count": 61, "max_value": 570243, "min_value": 0, "mean": 35336.16393442622, "stddev": 82396.4162204469}]}, {"column_name": "Capital_improvement_expenses", "number_non_empty_cells": 68, "number_empty_cells": 4, "number_distinct_values": 13, "frequent_values": [0, 20000, 38680, 535468, 197939], "dataTypes": [{"type": "INTEGER (LONG)", "count": 68, "max_value": 1721157, "min_value": 0, "mean": 72372.88235294117, "stddev": 291133.4501234447}]}, {"column_name": "Debt_service_expenses", "number_non_empty_cells": 66, "number_empty_cells": 6, "number_distinct_values": 7, "frequent_values": [0, 16847, 1707200, 298094, 542966], "dataTypes": [{"type": "INTEGER (LONG)", "count": 66, "max_value": 1707200, "min_value": 0, "mean": 39403.166666666686, "stddev": 220099.0112441536}]}, {"column_name": "Total_expenses", "number_non_empty_cells": 72, "number_empty_cells": 0, "number_distinct_values": 72, "frequent_values": [1353435, 322006, 1041522, 323741, 1343866], "dataTypes": [{"type": "INTEGER (LONG)", "count": 72, "max_value": 20036725, "min_value": 10331, "mean": 1870905.8611111115, "stddev": 3977839.446326934}]}]}