{"dataset_name": "/user/hm74/NYCOpenData/43qc-8vv8.tsv.gz", "columns": [{"column_name": "DBN", "number_non_empty_cells": 1835, "number_empty_cells": 0, "number_distinct_values": 105, "frequent_values": ["84M861", "84M704", "84K703", "84Q706", "84X706"], "dataTypes": [{"type": "TEXT", "count": 1835, "shortest_values": [["84K355", 6], ["84K355", 6], ["84K355", 6], ["84K355", 6], ["84K355", 6]], "longest_values": [["84K355", 6], ["84K355", 6], ["84K355", 6], ["84K355", 6], ["84K355", 6]], "average_length": 6.0}]}, {"column_name": "Grade", "number_non_empty_cells": 1835, "number_empty_cells": 0, "number_distinct_values": 7, "frequent_values": ["All Grades", "5", "3", "6", "4"], "dataTypes": [{"type": "INTEGER (LONG)", "count": 1407, "max_value": 8, "min_value": 3, "mean": 5.184790334044067, "stddev": 1.6211893186134845}, {"type": "TEXT", "count": 428, "shortest_values": [["All Grades", 10], ["All Grades", 10], ["All Grades", 10], ["All Grades", 10], ["All Grades", 10]], "longest_values": [["All Grades", 10], ["All Grades", 10], ["All Grades", 10], ["All Grades", 10], ["All Grades", 10]], "average_length": 10.0}]}, {"column_name": "Year", "number_non_empty_cells": 1835, "number_empty_cells": 0, "number_distinct_values": 7, "frequent_values": [2012, 2011, 2010, 2009, 2008], "dataTypes": [{"type": "INTEGER (LONG)", "count": 1835, "max_value": 2012, "min_value": 2006, "mean": 2009.8376021798401, "stddev": 1.8854968410614028}]}, {"column_name": "Demographic", "number_non_empty_cells": 1835, "number_empty_cells": 0, "number_distinct_values": 1, "frequent_values": ["All Students"], "dataTypes": [{"type": "TEXT", "count": 1835, "shortest_values": [["All Students", 12], ["All Students", 12], ["All Students", 12], ["All Students", 12], ["All Students", 12]], "longest_values": [["All Students", 12], ["All Students", 12], ["All Students", 12], ["All Students", 12], ["All Students", 12]], "average_length": 12.0}]}, {"column_name": "Number_Tested", "number_non_empty_cells": 1835, "number_empty_cells": 0, "number_distinct_values": 299, "frequent_values": [50, 49, 51, 52, 47], "dataTypes": [{"type": "INTEGER (LONG)", "count": 1835, "max_value": 531, "min_value": 1, "mean": 88.95803814713919, "stddev": 80.22382778439349}]}, {"column_name": "Mean_Scale_Score", "number_non_empty_cells": 1602, "number_empty_cells": 233, "number_distinct_values": 108, "frequent_values": ["688", "692", "694", "690", "683"], "dataTypes": [{"type": "INTEGER (LONG)", "count": 1601, "max_value": 732, "min_value": 592, "mean": 683.2336039975008, "stddev": 16.768822236253992}, {"type": "TEXT", "count": 1, "shortest_values": [["s", 1]], "longest_values": [["s", 1]], "average_length": 1.0}]}, {"column_name": "Num_Level_1", "number_non_empty_cells": 1835, "number_empty_cells": 0, "number_distinct_values": 47, "frequent_values": ["0", "1", "2", "3", "4"], "dataTypes": [{"type": "INTEGER (LONG)", "count": 1834, "max_value": 97, "min_value": 0, "mean": 3.2186477644492935, "stddev": 6.470271006345822}, {"type": "TEXT", "count": 1, "shortest_values": [["s", 1]], "longest_values": [["s", 1]], "average_length": 1.0}]}, {"column_name": "Pct_Level_1", "number_non_empty_cells": 1835, "number_empty_cells": 0, "number_distinct_values": 204, "frequent_values": ["0", "1.3", "1.9", "1.4", "2.3"], "dataTypes": [{"type": "INTEGER (LONG)", "count": 856, "max_value": 50, "min_value": 0, "mean": 0.9205607476635502, "stddev": 3.4094765766439195}, {"type": "REAL", "count": 978, "max_value": 78.2, "min_value": 0.2, "mean": 6.089775051124742, "stddev": 7.43861159660761}, {"type": "TEXT", "count": 1, "shortest_values": [["s", 1]], "longest_values": [["s", 1]], "average_length": 1.0}]}, {"column_name": "Num_Level_2", "number_non_empty_cells": 1835, "number_empty_cells": 0, "number_distinct_values": 132, "frequent_values": ["0", "1", "2", "3", "9"], "dataTypes": [{"type": "INTEGER (LONG)", "count": 1834, "max_value": 267, "min_value": 0, "mean": 20.745910577971607, "stddev": 26.35331198396459}, {"type": "TEXT", "count": 1, "shortest_values": [["s", 1]], "longest_values": [["s", 1]], "average_length": 1.0}]}, {"column_name": "Pct_Level_2", "number_non_empty_cells": 1835, "number_empty_cells": 0, "number_distinct_values": 521, "frequent_values": ["0", "25", "33.3", "14.3", "16.7"], "dataTypes": [{"type": "INTEGER (LONG)", "count": 367, "max_value": 75, "min_value": 0, "mean": 16.201634877384187, "stddev": 17.142222759662463}, {"type": "REAL", "count": 1467, "max_value": 77.3, "min_value": 0.5, "mean": 24.466257668711638, "stddev": 16.03428585691002}, {"type": "TEXT", "count": 1, "shortest_values": [["s", 1]], "longest_values": [["s", 1]], "average_length": 1.0}]}, {"column_name": "Num_Level_3", "number_non_empty_cells": 1835, "number_empty_cells": 0, "number_distinct_values": 191, "frequent_values": ["23", "17", "25", "18", "24"], "dataTypes": [{"type": "INTEGER (LONG)", "count": 1834, "max_value": 325, "min_value": 0, "mean": 44.9531079607416, "stddev": 41.964906973282375}, {"type": "TEXT", "count": 1, "shortest_values": [["s", 1]], "longest_values": [["s", 1]], "average_length": 1.0}]}, {"column_name": "Pct_Level_3", "number_non_empty_cells": 1835, "number_empty_cells": 0, "number_distinct_values": 565, "frequent_values": ["50", "40", "48.1", "52", "33.3"], "dataTypes": [{"type": "INTEGER (LONG)", "count": 252, "max_value": 95, "min_value": 0, "mean": 51.9325396825397, "stddev": 15.725806963749864}, {"type": "REAL", "count": 1582, "max_value": 93.4, "min_value": 3.3, "mean": 51.052907711757264, "stddev": 15.233248900880799}, {"type": "TEXT", "count": 1, "shortest_values": [["s", 1]], "longest_values": [["s", 1]], "average_length": 1.0}]}, {"column_name": "Num_Level_4", "number_non_empty_cells": 1835, "number_empty_cells": 0, "number_distinct_values": 127, "frequent_values": ["6", "7", "1", "5", "4"], "dataTypes": [{"type": "INTEGER (LONG)", "count": 1834, "max_value": 251, "min_value": 0, "mean": 20.088331515812442, "stddev": 25.28314780372519}, {"type": "TEXT", "count": 1, "shortest_values": [["s", 1]], "longest_values": [["s", 1]], "average_length": 1.0}]}, {"column_name": "Pct_Level_4", "number_non_empty_cells": 1835, "number_empty_cells": 0, "number_distinct_values": 530, "frequent_values": ["0", "33.3", "25", "16.7", "10"], "dataTypes": [{"type": "INTEGER (LONG)", "count": 310, "max_value": 85, "min_value": 0, "mean": 18.319354838709675, "stddev": 17.39330459530498}, {"type": "REAL", "count": 1524, "max_value": 88.5, "min_value": 1.1, "mean": 23.153280839894993, "stddev": 16.88269613742533}, {"type": "TEXT", "count": 1, "shortest_values": [["s", 1]], "longest_values": [["s", 1]], "average_length": 1.0}]}, {"column_name": "Num_Level_3_and_4", "number_non_empty_cells": 1835, "number_empty_cells": 0, "number_distinct_values": 246, "frequent_values": ["34", "35", "29", "30", "38"], "dataTypes": [{"type": "INTEGER (LONG)", "count": 1834, "max_value": 461, "min_value": 0, "mean": 65.0414394765539, "stddev": 61.98922080023049}, {"type": "TEXT", "count": 1, "shortest_values": [["s", 1]], "longest_values": [["s", 1]], "average_length": 1.0}]}, {"column_name": "Pct_Level_3_and_4", "number_non_empty_cells": 1835, "number_empty_cells": 0, "number_distinct_values": 604, "frequent_values": ["100", "66.7", "50", "80", "88.9"], "dataTypes": [{"type": "INTEGER (LONG)", "count": 360, "max_value": 100, "min_value": 0, "mean": 80.80833333333324, "stddev": 21.329802767749896}, {"type": "REAL", "count": 1474, "max_value": 99.5, "min_value": 3.3, "mean": 71.73005427408417, "stddev": 20.220736407595048}, {"type": "TEXT", "count": 1, "shortest_values": [["s", 1]], "longest_values": [["s", 1]], "average_length": 1.0}]}]}