{"dataset_name": "/user/hm74/NYCOpenData/43qn-d6r8.tsv.gz", "columns": [{"column_name": "Grade Level", "number_non_empty_cells": 100, "number_empty_cells": 0, "number_distinct_values": 2, "frequent_values": ["HS Core", "MS Core"], "dataTypes": [{"type": "TEXT", "count": 100, "shortest_values": [["HS Core", 7], ["HS Core", 7], ["HS Core", 7], ["HS Core", 7], ["HS Core", 7]], "longest_values": [["HS Core", 7], ["HS Core", 7], ["HS Core", 7], ["HS Core", 7], ["HS Core", 7]], "average_length": 7.0}]}, {"column_name": "Program Type", "number_non_empty_cells": 100, "number_empty_cells": 0, "number_distinct_values": 5, "frequent_values": ["Gen Ed", "SC", "ICT", "Accelerated", "ICT & Acc"], "dataTypes": [{"type": "TEXT", "count": 100, "shortest_values": [["SC", 2], ["SC", 2], ["SC", 2], ["SC", 2], ["SC", 2]], "longest_values": [["Accelerated", 11], ["Accelerated", 11], ["Accelerated", 11], ["Accelerated", 11], ["Accelerated", 11]], "average_length": 4.2700000000000005}]}, {"column_name": "Department", "number_non_empty_cells": 100, "number_empty_cells": 0, "number_distinct_values": 4, "frequent_values": ["Math", "Science", "English", "Social Studies"], "dataTypes": [{"type": "TEXT", "count": 100, "shortest_values": [["Math", 4], ["Math", 4], ["Math", 4], ["Math", 4], ["Math", 4]], "longest_values": [["Social Studies", 14], ["Social Studies", 14], ["Social Studies", 14], ["Social Studies", 14], ["Social Studies", 14]], "average_length": 7.469999999999998}]}, {"column_name": "Subject", "number_non_empty_cells": 100, "number_empty_cells": 0, "number_distinct_values": 31, "frequent_values": ["MS English Core", "MS Science Other", "MS Social Studies Other", "MS Math Other", "MS Integrated Algebra"], "dataTypes": [{"type": "TEXT", "count": 100, "shortest_values": [["HS Physics", 10], ["HS Physics", 10], ["HS Physics", 10], ["HS Geometry", 11], ["HS Geometry", 11]], "longest_values": [["HS Social Studies Other", 23], ["HS Social Studies Other", 23], ["HS Social Studies Other", 23], ["MS Social Studies Other", 23], ["MS Social Studies Other", 23]], "average_length": 15.670000000000003}]}, {"column_name": "Number of Students", "number_non_empty_cells": 100, "number_empty_cells": 0, "number_distinct_values": 100, "frequent_values": [5803, 1322, 46274, 113364, 133], "dataTypes": [{"type": "INTEGER (LONG)", "count": 100, "max_value": 124970, "min_value": 29, "mean": 21838.109999999997, "stddev": 29004.726670973818}]}, {"column_name": "Number of Classes", "number_non_empty_cells": 100, "number_empty_cells": 0, "number_distinct_values": 91, "frequent_values": [6, 5, 13, 101, 9], "dataTypes": [{"type": "INTEGER (LONG)", "count": 100, "max_value": 4548, "min_value": 2, "mean": 871.9000000000001, "stddev": 1083.7298694785522}]}, {"column_name": "Average Class Size", "number_non_empty_cells": 100, "number_empty_cells": 0, "number_distinct_values": 59, "frequent_values": [26.9, 27.4, 9.9, 27.5, 27.6], "dataTypes": [{"type": "REAL", "count": 100, "max_value": 28.9, "min_value": 8.6, "mean": 21.640999999999988, "stddev": 7.458647263411776}]}]}