{"dataset_name": "/user/hm74/NYCOpenData/446w-773i.tsv.gz", "columns": [{"column_name": "Site_ID", "number_non_empty_cells": 1796, "number_empty_cells": 188, "number_distinct_values": 1800, "frequent_values": ["02M042", "08X093", "Z063", "MAYL", "QANV"], "dataTypes": [{"type": "DATE/TIME", "count": 27, "max_value": "2019-12-08T00:06:48", "min_value": "2019-12-08T00:01:15"}, {"type": "TEXT", "count": 1772, "shortest_values": [["Z031", 4], ["Z032", 4], ["Z033", 4], ["Z034", 4], ["Z015", 4]], "longest_values": [["SiteID", 6], ["01M063", 6], ["01M064", 6], ["01M110", 6], ["01M134", 6]], "average_length": 4.6873589164785585}]}, {"column_name": "Program_Code", "number_non_empty_cells": 1980, "number_empty_cells": 4, "number_distinct_values": 1981, "frequent_values": ["24Z105", "24Z104", "24Z106", "18KBPI", "14KBCA"], "dataTypes": [{"type": "DATE/TIME", "count": 27, "max_value": "2019-12-08T00:06:48", "min_value": "2019-12-08T00:01:15"}, {"type": "TEXT", "count": 1957, "shortest_values": [["01M063", 6], ["01M064", 6], ["01M110", 6], ["01M134", 6], ["01M140", 6]], "longest_values": [["program_code", 12], ["01M063", 6], ["01M064", 6], ["01M110", 6], ["01M134", 6]], "average_length": 6.0030659172202405}]}, {"column_name": "Program_Name", "number_non_empty_cells": 1973, "number_empty_cells": 11, "number_distinct_values": 1924, "frequent_values": ["Trabajamos Community Head Start", "Mi Nuevo Mundo", "Jewish Community Center Of Staten Island", "Brooklyn Chinese American Association", "Immaculate Conception School"], "dataTypes": [{"type": "TEXT", "count": 1984, "shortest_values": [["Name", 4], ["ICCD", 4], ["ICCD", 4], ["FOCH", 4], ["HIDEC", 5]], "longest_values": [["Roman Catholic Church of Our Lady of the Snows d/b/a Our Lady of the Snows School", 81], ["P.S. 80 The Thurgood Marshall Magnet School of Multimedia and Communication", 75], ["P.S./I.S. 210 - Twenty-First Century Academy for Community Leadership", 69], ["Bethel Mission Station Church / Bethel Mission Loving Day CAre Center", 69], ["Garden of Learning and Discovery Pre-K Center at 1434 Ogden Avenue", 66]], "average_length": 26.959173387096758}]}, {"column_name": "Address_1", "number_non_empty_cells": 1984, "number_empty_cells": 0, "number_distinct_values": 1927, "frequent_values": ["1827 Archer Street", "76 Lorraine Street", "80-55 Cornish Avenue", "468 East 140th Street", "610 East 12th Street"], "dataTypes": [{"type": "TEXT", "count": 1984, "shortest_values": [["4 NY Plaza", 10], ["1 Peck Slip", 11], ["49 Avenue W", 11], ["49 Avenue T", 11], ["34 Avenue D", 11]], "longest_values": [["1780 Dr. Martin Luther King Jr. Boulevard", 41], ["95-15 Horace Harding Expressway Corona", 38], ["4140 Hutchinson River Parkway East", 34], ["250 Bedford Park Boulevard West\u00c3\u201a\u00c2", 34], ["2672 Frederick Douglass Boulevard", 33]], "average_length": 18.69556451612905}]}, {"column_name": "Address_2", "number_non_empty_cells": 1977, "number_empty_cells": 7, "number_distinct_values": 258, "frequent_values": ["New York, NY 10029", "Brooklyn, NY 11221", "Bronx, NY 10457", "Brooklyn, NY 11203", "Brooklyn, NY 11207"], "dataTypes": [{"type": "TEXT", "count": 1984, "shortest_values": [["City_State_Zip", 14], ["Bronx, NY 10451", 15], ["Bronx, NY 10455", 15], ["Bronx, NY 10451", 15], ["Bronx, NY 10455", 15]], "longest_values": [["SOUTH RICHMOND HILL, NY 11419", 29], ["SOUTH RICHMOND HILL, NY 11419", 29], ["SOUTH RICHMOND HILL, NY 11419", 29], ["SPRINGFIELD GARDENS, NY 11413", 29], ["SPRINGFIELD GARDENS, NY 11413", 29]], "average_length": 17.740927419354872}]}, {"column_name": "Program_Type", "number_non_empty_cells": 1984, "number_empty_cells": 0, "number_distinct_values": 5, "frequent_values": ["NYCEEC", "District School", "Pre-K Center", "Charter School", "program_type"], "dataTypes": [{"type": "TEXT", "count": 1984, "shortest_values": [["NYCEEC", 6], ["NYCEEC", 6], ["NYCEEC", 6], ["NYCEEC", 6], ["NYCEEC", 6]], "longest_values": [["District School", 15], ["District School", 15], ["District School", 15], ["District School", 15], ["District School", 15]], "average_length": 9.116431451612893}]}, {"column_name": "Enrollment", "number_non_empty_cells": 1882, "number_empty_cells": 102, "number_distinct_values": 134, "frequent_values": ["36", "18", "20", "35", "54"], "dataTypes": [{"type": "INTEGER (LONG)", "count": 1881, "max_value": 395, "min_value": 0, "mean": 38.2115895800106, "stddev": 25.86387079534741}, {"type": "TEXT", "count": 1, "shortest_values": [["Enrollment", 10]], "longest_values": [["Enrollment", 10]], "average_length": 10.0}]}, {"column_name": "Daily_Start_Time", "number_non_empty_cells": 1984, "number_empty_cells": 0, "number_distinct_values": 46, "frequent_values": ["1899-12-31T08:00:00.000", "N/A", "1899-12-31T08:30:00.000", "1899-12-31T08:20:00.000", "1899-12-31T09:00:00.000"], "dataTypes": [{"type": "DATE/TIME", "count": 1608, "max_value": "2019-12-08T09:30:00", "min_value": "1899-12-31T07:00:00"}, {"type": "TEXT", "count": 376, "shortest_values": [["N/A", 3], ["N/A", 3], ["N/A", 3], ["N/A", 3], ["N/A", 3]], "longest_values": [["Contact program", 15], ["Contact program", 15], ["Contact program", 15], ["Contact program", 15], ["Contact program", 15]], "average_length": 4.952127659574472}]}, {"column_name": "Length_of_Pre-K_Day", "number_non_empty_cells": 1984, "number_empty_cells": 0, "number_distinct_values": 7, "frequent_values": ["Full day", "N/A", "Half day", "Both half day and full day", "5-Hour"], "dataTypes": [{"type": "TEXT", "count": 1984, "shortest_values": [["N/A", 3], ["N/A", 3], ["N/A", 3], ["N/A", 3], ["N/A", 3]], "longest_values": [["Both half day and full day", 26], ["Both half day and full day", 26], ["Both half day and full day", 26], ["Both half day and full day", 26], ["Both half day and full day", 26]], "average_length": 7.708165322580645}]}, {"column_name": "Early_Drop-Off_Available", "number_non_empty_cells": 1984, "number_empty_cells": 0, "number_distinct_values": 4, "frequent_values": ["No", "Yes", "N/A", "EARLY_DROP"], "dataTypes": [{"type": "TEXT", "count": 1984, "shortest_values": [["No", 2], ["No", 2], ["No", 2], ["No", 2], ["No", 2]], "longest_values": [["EARLY_DROP", 10], ["Yes", 3], ["Yes", 3], ["Yes", 3], ["Yes", 3]], "average_length": 2.478830645161286}]}, {"column_name": "Late_Pick-Up_Available", "number_non_empty_cells": 1984, "number_empty_cells": 0, "number_distinct_values": 4, "frequent_values": ["No", "Yes", "N/A", "LATE_PICKUP"], "dataTypes": [{"type": "TEXT", "count": 1984, "shortest_values": [["No", 2], ["No", 2], ["No", 2], ["No", 2], ["No", 2]], "longest_values": [["LATE_PICKUP", 11], ["Yes", 3], ["Yes", 3], ["Yes", 3], ["Yes", 3]], "average_length": 2.514112903225805}]}, {"column_name": "Meals", "number_non_empty_cells": 1984, "number_empty_cells": 0, "number_distinct_values": 12, "frequent_values": ["Breakfast/Lunch/Snack(s)", "Breakfast/Lunch", "N/A", "Contact program directly for details", "Lunch/Snack(s)"], "dataTypes": [{"type": "TEXT", "count": 1984, "shortest_values": [["N/A", 3], ["N/A", 3], ["N/A", 3], ["N/A", 3], ["N/A", 3]], "longest_values": [["Contact program directly for details", 36], ["Contact program directly for details", 36], ["Contact program directly for details", 36], ["Contact program directly for details", 36], ["Contact program directly for details", 36]], "average_length": 19.00050403225805}]}, {"column_name": "Playspace", "number_non_empty_cells": 1984, "number_empty_cells": 0, "number_distinct_values": 10, "frequent_values": ["Indoor/Outdoor (onsite) playspace", "Outdoor (onsite) playspace", "Please contact site for more information", "N/A", "Outdoor (offsite) playspace"], "dataTypes": [{"type": "TEXT", "count": 1984, "shortest_values": [["N/A", 3], ["N/A", 3], ["N/A", 3], ["N/A", 3], ["N/A", 3]], "longest_values": [["Indoor/Outdoor (onsite) playspace/Outdoor (offsite) playspace", 61], ["Indoor/Outdoor (onsite) playspace/Outdoor (offsite) playspace", 61], ["Indoor/Outdoor (onsite) playspace/Outdoor (offsite) playspace", 61], ["Indoor/Outdoor (onsite) playspace/Outdoor (offsite) playspace", 61], ["Indoor/Outdoor (onsite) playspace/Outdoor (offsite) playspace", 61]], "average_length": 29.34828629032254}]}, {"column_name": "Dual_Language", "number_non_empty_cells": 57, "number_empty_cells": 1927, "number_distinct_values": 8, "frequent_values": ["Dual Language (Spanish)", "Dual Language (Spanish/Chinese)", "Dual Language (Italian)", "DualLanguage", "Dual Language (Spanish/Russian)"], "dataTypes": [{"type": "TEXT", "count": 57, "shortest_values": [["DualLanguage", 12], ["Dual Language (Spanish)", 23], ["Dual Language (Chinese)", 23], ["Dual Language (Spanish)", 23], ["Dual Language (Spanish)", 23]], "longest_values": [["Dual Language (Spanish/Chinese)", 31], ["Dual Language (Spanish/Russian)", 31], ["Dual Language (Spanish/Chinese)", 31], ["Dual Language (Spanish)", 23], ["Dual Language (Chinese)", 23]], "average_length": 23.2280701754386}]}, {"column_name": "Collaborative_Teachers_-_Survey_Percent_Positive", "number_non_empty_cells": 638, "number_empty_cells": 1346, "number_distinct_values": 46, "frequent_values": ["91%", "92%", "88%", "89%", "94%"], "dataTypes": [{"type": "TEXT", "count": 638, "shortest_values": [["97%", 3], ["91%", 3], ["77%", 3], ["71%", 3], ["88%", 3]], "longest_values": [["Survey_pp_CT", 12], ["100%", 4], ["100%", 4], ["100%", 4], ["100%", 4]], "average_length": 3.0282131661442038}]}, {"column_name": "Supportive_Environment_-_Survey_Percent_Positive", "number_non_empty_cells": 1603, "number_empty_cells": 381, "number_distinct_values": 29, "frequent_values": ["100%", "98%", "97%", "96%", "99%"], "dataTypes": [{"type": "TEXT", "count": 1603, "shortest_values": [["96%", 3], ["96%", 3], ["98%", 3], ["93%", 3], ["87%", 3]], "longest_values": [["Site_Supportive_Environ", 23], ["100%", 4], ["100%", 4], ["100%", 4], ["100%", 4]], "average_length": 3.482220835932631}]}, {"column_name": "Effective_School_Leadership_-_Survey_Percent_Positive", "number_non_empty_cells": 1598, "number_empty_cells": 386, "number_distinct_values": 45, "frequent_values": ["100%", "98%", "97%", "96%", "99%"], "dataTypes": [{"type": "TEXT", "count": 1598, "shortest_values": [["94%", 3], ["88%", 3], ["94%", 3], ["86%", 3], ["84%", 3]], "longest_values": [["Site_Effective_Leadership", 25], ["100%", 4], ["100%", 4], ["100%", 4], ["100%", 4]], "average_length": 3.323529411764706}]}, {"column_name": "Strong_Family-Community_Ties_-_Survey_Percent_Positive", "number_non_empty_cells": 1605, "number_empty_cells": 379, "number_distinct_values": 34, "frequent_values": ["96%", "95%", "97%", "94%", "98%"], "dataTypes": [{"type": "TEXT", "count": 1605, "shortest_values": [["92%", 3], ["92%", 3], ["95%", 3], ["94%", 3], ["87%", 3]], "longest_values": [["Site_Strong_Ties", 16], ["100%", 4], ["100%", 4], ["100%", 4], ["100%", 4]], "average_length": 3.0479750778816177}]}, {"column_name": "Trust_-_Survey_Percent_Positive", "number_non_empty_cells": 1603, "number_empty_cells": 381, "number_distinct_values": 34, "frequent_values": ["100%", "99%", "98%", "97%", "96%"], "dataTypes": [{"type": "TEXT", "count": 1603, "shortest_values": [["91%", 3], ["91%", 3], ["97%", 3], ["89%", 3], ["88%", 3]], "longest_values": [["Site_Trust", 10], ["100%", 4], ["100%", 4], ["100%", 4], ["100%", 4]], "average_length": 3.318153462258263}]}, {"column_name": "Survey_-_Number_of_Guardian_Responses", "number_non_empty_cells": 1650, "number_empty_cells": 334, "number_distinct_values": 92, "frequent_values": ["10", "8", "15", "6", "13"], "dataTypes": [{"type": "INTEGER (LONG)", "count": 1649, "max_value": 208, "min_value": 0, "mean": 20.19708914493635, "stddev": 17.499180367670483}, {"type": "TEXT", "count": 1, "shortest_values": [["GuardianRec", 11]], "longest_values": [["GuardianRec", 11]], "average_length": 11.0}]}, {"column_name": "Survey_-_Guardian_Response_Rate", "number_non_empty_cells": 1650, "number_empty_cells": 334, "number_distinct_values": 99, "frequent_values": ["100%", "50%", "33%", "44%", "29%"], "dataTypes": [{"type": "TEXT", "count": 1650, "shortest_values": [["5%", 2], ["0%", 2], ["0%", 2], ["0%", 2], ["6%", 2]], "longest_values": [["GuardianRR", 10], ["100%", 4], ["100%", 4], ["100%", 4], ["100%", 4]], "average_length": 3.030909090909088}]}, {"column_name": "CLASS_Most_Recent_Assessment_Year", "number_non_empty_cells": 1984, "number_empty_cells": 0, "number_distinct_values": 5, "frequent_values": ["2016-17 School Year", "2015-16 School Year", "2014-15 School Year", "N/A", "CLASSAssessmentYear"], "dataTypes": [{"type": "TEXT", "count": 1984, "shortest_values": [["N/A", 3], ["N/A", 3], ["N/A", 3], ["N/A", 3], ["N/A", 3]], "longest_values": [["CLASSAssessmentYear", 19], ["2016-17 School Year", 19], ["2016-17 School Year", 19], ["2016-17 School Year", 19], ["2016-17 School Year", 19]], "average_length": 16.572580645161292}]}, {"column_name": "CLASS_Emotional_Support_Score", "number_non_empty_cells": 1683, "number_empty_cells": 301, "number_distinct_values": 35, "frequent_values": ["6.8", "6.9", "6.6", "6.3", "6.7"], "dataTypes": [{"type": "REAL", "count": 1682, "max_value": 7.0, "min_value": 1.9, "mean": 6.387098692033287, "stddev": 0.5125940890500844}, {"type": "TEXT", "count": 1, "shortest_values": [["CLASS_EmotionalSupport", 22]], "longest_values": [["CLASS_EmotionalSupport", 22]], "average_length": 22.0}]}, {"column_name": "CLASS_Emotional_Support_Rating", "number_non_empty_cells": 1683, "number_empty_cells": 301, "number_distinct_values": 6, "frequent_values": ["4", "3", "2", "1", "CLASS_ES_Score_Bar"], "dataTypes": [{"type": "INTEGER (LONG)", "count": 1682, "max_value": 4, "min_value": 1, "mean": 3.8127229488703898, "stddev": 0.4361814963943032}, {"type": "TEXT", "count": 1, "shortest_values": [["CLASS_ES_Score_Bar", 18]], "longest_values": [["CLASS_ES_Score_Bar", 18]], "average_length": 18.0}]}, {"column_name": "CLASS_Classroom_Organization_Score", "number_non_empty_cells": 1683, "number_empty_cells": 301, "number_distinct_values": 39, "frequent_values": ["6.3", "6.7", "6.5", "6.8", "6.6"], "dataTypes": [{"type": "REAL", "count": 1682, "max_value": 7.0, "min_value": 2.4, "mean": 6.204458977407839, "stddev": 0.6054138224018317}, {"type": "TEXT", "count": 1, "shortest_values": [["CLASS_ClassroomOrganization", 27]], "longest_values": [["CLASS_ClassroomOrganization", 27]], "average_length": 27.0}]}, {"column_name": "CLASS_Classroom_Organization_Rating", "number_non_empty_cells": 1683, "number_empty_cells": 301, "number_distinct_values": 6, "frequent_values": ["4", "3", "2", "1", "CLASS_CO_Score_Bar"], "dataTypes": [{"type": "INTEGER (LONG)", "count": 1682, "max_value": 4, "min_value": 1, "mean": 3.677170035671821, "stddev": 0.5622399408719126}, {"type": "TEXT", "count": 1, "shortest_values": [["CLASS_CO_Score_Bar", 18]], "longest_values": [["CLASS_CO_Score_Bar", 18]], "average_length": 18.0}]}, {"column_name": "CLASS_Instructional_Support_Score", "number_non_empty_cells": 1683, "number_empty_cells": 301, "number_distinct_values": 56, "frequent_values": ["3.3", "2.3", "3.1", "2.5", "2.9"], "dataTypes": [{"type": "INTEGER (LONG)", "count": 142, "max_value": 6, "min_value": 1, "mean": 3.119718309859156, "stddev": 0.8839921799268312}, {"type": "REAL", "count": 1540, "max_value": 6.8, "min_value": 1.1, "mean": 3.1362337662337674, "stddev": 0.8677101361735289}, {"type": "TEXT", "count": 1, "shortest_values": [["CLASS_InstructionalSupport", 26]], "longest_values": [["CLASS_InstructionalSupport", 26]], "average_length": 26.0}]}, {"column_name": "CLASS_Instructional_Support_Rating", "number_non_empty_cells": 1683, "number_empty_cells": 301, "number_distinct_values": 6, "frequent_values": ["2", "3", "1", "4", "CLASS_IS_Score_Bar"], "dataTypes": [{"type": "INTEGER (LONG)", "count": 1682, "max_value": 4, "min_value": 1, "mean": 2.392390011890604, "stddev": 0.6655362656527807}, {"type": "TEXT", "count": 1, "shortest_values": [["CLASS_IS_Score_Bar", 18]], "longest_values": [["CLASS_IS_Score_Bar", 18]], "average_length": 18.0}]}, {"column_name": "ECERS_Most_Recent_Assessment_Year", "number_non_empty_cells": 1984, "number_empty_cells": 0, "number_distinct_values": 5, "frequent_values": ["2015-16 School Year", "2016-17 School Year", "2014-15 School Year", "N/A", "ECERSRAssessmentYear"], "dataTypes": [{"type": "TEXT", "count": 1984, "shortest_values": [["N/A", 3], ["N/A", 3], ["N/A", 3], ["N/A", 3], ["N/A", 3]], "longest_values": [["ECERSRAssessmentYear", 20], ["2015-16 School Year", 19], ["2015-16 School Year", 19], ["2015-16 School Year", 19], ["2016-17 School Year", 19]], "average_length": 18.5730846774194}]}, {"column_name": "ECERS_Observation_Average_Score", "number_non_empty_cells": 1931, "number_empty_cells": 53, "number_distinct_values": 48, "frequent_values": ["4.1", "4.2", "4.6", "3.9", "4.3"], "dataTypes": [{"type": "INTEGER (LONG)", "count": 173, "max_value": 6, "min_value": 2, "mean": 4.202312138728325, "stddev": 0.7750408348164617}, {"type": "REAL", "count": 1757, "max_value": 6.4, "min_value": 1.9, "mean": 4.224985771200906, "stddev": 0.7270969418190824}, {"type": "TEXT", "count": 1, "shortest_values": [["ECERSROBSERVATIONSCOREAVERAGE", 29]], "longest_values": [["ECERSROBSERVATIONSCOREAVERAGE", 29]], "average_length": 29.0}]}, {"column_name": "ECERS_Observation_Average_Rating", "number_non_empty_cells": 1931, "number_empty_cells": 53, "number_distinct_values": 6, "frequent_values": ["3", "4", "2", "1", "ECERS_Avg_Score_Bar"], "dataTypes": [{"type": "INTEGER (LONG)", "count": 1930, "max_value": 4, "min_value": 1, "mean": 2.9917098445595864, "stddev": 0.6429640549155493}, {"type": "TEXT", "count": 1, "shortest_values": [["ECERS_Avg_Score_Bar", 19]], "longest_values": [["ECERS_Avg_Score_Bar", 19]], "average_length": 19.0}]}, {"column_name": "ECERS_Language_Reasoning_Score", "number_non_empty_cells": 1931, "number_empty_cells": 53, "number_distinct_values": 26, "frequent_values": ["5.5", "6.3", "5.3", "4.8", "6"], "dataTypes": [{"type": "INTEGER (LONG)", "count": 430, "max_value": 7, "min_value": 2, "mean": 5.5674418604651175, "stddev": 1.1629395253593584}, {"type": "REAL", "count": 1500, "max_value": 6.8, "min_value": 1.3, "mean": 5.171399999999995, "stddev": 0.9601954870407016}, {"type": "TEXT", "count": 1, "shortest_values": [["LanguageReasoning", 17]], "longest_values": [["LanguageReasoning", 17]], "average_length": 17.0}]}, {"column_name": "ECERS_Language_Reasoning_Rating", "number_non_empty_cells": 1931, "number_empty_cells": 53, "number_distinct_values": 6, "frequent_values": ["4", "3", "1", "2", "LanguageReasoning_Bar"], "dataTypes": [{"type": "INTEGER (LONG)", "count": 1930, "max_value": 4, "min_value": 1, "mean": 3.5844559585492233, "stddev": 0.670910632704456}, {"type": "TEXT", "count": 1, "shortest_values": [["LanguageReasoning_Bar", 21]], "longest_values": [["LanguageReasoning_Bar", 21]], "average_length": 21.0}]}, {"column_name": "ECERS_Interaction_Score", "number_non_empty_cells": 1931, "number_empty_cells": 53, "number_distinct_values": 34, "frequent_values": ["5.8", "6.4", "5.4", "5.2", "6"], "dataTypes": [{"type": "INTEGER (LONG)", "count": 377, "max_value": 7, "min_value": 1, "mean": 5.363395225464193, "stddev": 1.4523509288235599}, {"type": "REAL", "count": 1553, "max_value": 6.8, "min_value": 1.2, "mean": 5.150096587250472, "stddev": 1.2342667256211182}, {"type": "TEXT", "count": 1, "shortest_values": [["Interaction", 11]], "longest_values": [["Interaction", 11]], "average_length": 11.0}]}, {"column_name": "ECERS_Interaction_Rating", "number_non_empty_cells": 1931, "number_empty_cells": 53, "number_distinct_values": 6, "frequent_values": ["4", "3", "1", "2", "Interaction_Bar"], "dataTypes": [{"type": "INTEGER (LONG)", "count": 1930, "max_value": 4, "min_value": 1, "mean": 3.4896373056994836, "stddev": 0.8469062093999562}, {"type": "TEXT", "count": 1, "shortest_values": [["Interaction_Bar", 15]], "longest_values": [["Interaction_Bar", 15]], "average_length": 15.0}]}, {"column_name": "ECERS_Activities_Score", "number_non_empty_cells": 1931, "number_empty_cells": 53, "number_distinct_values": 54, "frequent_values": ["4.3", "4.2", "4", "4.6", "4.4"], "dataTypes": [{"type": "INTEGER (LONG)", "count": 214, "max_value": 7, "min_value": 2, "mean": 4.546728971962621, "stddev": 0.9448154403180702}, {"type": "REAL", "count": 1716, "max_value": 6.9, "min_value": 1.9, "mean": 4.580652680652684, "stddev": 0.974708631676824}, {"type": "TEXT", "count": 1, "shortest_values": [["Activities", 10]], "longest_values": [["Activities", 10]], "average_length": 10.0}]}, {"column_name": "ECERS_Activities_Rating", "number_non_empty_cells": 1931, "number_empty_cells": 53, "number_distinct_values": 6, "frequent_values": ["3", "4", "1", "2", "Activities_Bar"], "dataTypes": [{"type": "INTEGER (LONG)", "count": 1930, "max_value": 4, "min_value": 1, "mean": 3.182383419689124, "stddev": 0.7818541255980752}, {"type": "TEXT", "count": 1, "shortest_values": [["Activities_Bar", 14]], "longest_values": [["Activities_Bar", 14]], "average_length": 14.0}]}, {"column_name": "ECERS_Personal_Care_Routines_Score", "number_non_empty_cells": 1931, "number_empty_cells": 53, "number_distinct_values": 44, "frequent_values": ["2.5", "2.7", "2.8", "2.3", "3"], "dataTypes": [{"type": "INTEGER (LONG)", "count": 287, "max_value": 6, "min_value": 1, "mean": 2.797909407665506, "stddev": 0.8099527788631578}, {"type": "REAL", "count": 1643, "max_value": 6.8, "min_value": 1.2, "mean": 2.7331101643335347, "stddev": 0.8339563207348714}, {"type": "TEXT", "count": 1, "shortest_values": [["PersonalCareRoutines", 20]], "longest_values": [["PersonalCareRoutines", 20]], "average_length": 20.0}]}, {"column_name": "ECERS_Personal_Care_Routines_Rating", "number_non_empty_cells": 1931, "number_empty_cells": 53, "number_distinct_values": 6, "frequent_values": ["3", "2", "4", "1", "PersonalCareRoutines_Bar"], "dataTypes": [{"type": "INTEGER (LONG)", "count": 1930, "max_value": 4, "min_value": 1, "mean": 2.817616580310884, "stddev": 0.627438677006646}, {"type": "TEXT", "count": 1, "shortest_values": [["PersonalCareRoutines_Bar", 24]], "longest_values": [["PersonalCareRoutines_Bar", 24]], "average_length": 24.0}]}, {"column_name": "ECERS_Space_and_Furnishings_Score", "number_non_empty_cells": 1931, "number_empty_cells": 53, "number_distinct_values": 38, "frequent_values": ["3.6", "3.5", "3.3", "4.1", "4.3"], "dataTypes": [{"type": "INTEGER (LONG)", "count": 222, "max_value": 6, "min_value": 3, "mean": 3.891891891891892, "stddev": 0.7455737418450661}, {"type": "REAL", "count": 1708, "max_value": 6.5, "min_value": 1.9, "mean": 3.9016978922716574, "stddev": 0.7524453017662649}, {"type": "TEXT", "count": 1, "shortest_values": [["SpaceandFurnishings", 19]], "longest_values": [["SpaceandFurnishings", 19]], "average_length": 19.0}]}, {"column_name": "ECERS_Space_and_Furnishings_Rating", "number_non_empty_cells": 1931, "number_empty_cells": 53, "number_distinct_values": 6, "frequent_values": ["3", "2", "1", "4", "SpaceandFurnishings_Bar"], "dataTypes": [{"type": "INTEGER (LONG)", "count": 1930, "max_value": 4, "min_value": 1, "mean": 2.7575129533678755, "stddev": 0.7426726913763207}, {"type": "TEXT", "count": 1, "shortest_values": [["SpaceandFurnishings_Bar", 23]], "longest_values": [["SpaceandFurnishings_Bar", 23]], "average_length": 23.0}]}, {"column_name": "ECERS_Program_Structure_Score", "number_non_empty_cells": 1931, "number_empty_cells": 53, "number_distinct_values": 33, "frequent_values": ["1.7", "3.7", "4.3", "3.3", "4.5"], "dataTypes": [{"type": "INTEGER (LONG)", "count": 419, "max_value": 7, "min_value": 1, "mean": 4.527446300715993, "stddev": 1.4495776420030575}, {"type": "REAL", "count": 1511, "max_value": 6.8, "min_value": 1.3, "mean": 3.750694904037063, "stddev": 1.3624725378930564}, {"type": "TEXT", "count": 1, "shortest_values": [["ProgramStructure", 16]], "longest_values": [["ProgramStructure", 16]], "average_length": 16.0}]}, {"column_name": "ECERS_Program_Structure_Rating", "number_non_empty_cells": 1931, "number_empty_cells": 53, "number_distinct_values": 6, "frequent_values": ["3", "1", "4", "2", "ProgramStructure_Bar"], "dataTypes": [{"type": "INTEGER (LONG)", "count": 1930, "max_value": 4, "min_value": 1, "mean": 2.6088082901554435, "stddev": 1.0996113913342291}, {"type": "TEXT", "count": 1, "shortest_values": [["ProgramStructure_Bar", 20]], "longest_values": [["ProgramStructure_Bar", 20]], "average_length": 20.0}]}, {"column_name": "Quality_Review_-_Date_of_Review", "number_non_empty_cells": 1984, "number_empty_cells": 0, "number_distinct_values": 182, "frequent_values": ["N/A", "January 01, 2017", "March 01, 2017", "February 01, 2017", "November 01, 2016"], "dataTypes": [{"type": "DATE/TIME", "count": 623, "max_value": "2017-05-01T00:00:00", "min_value": "2014-04-29T00:00:00"}, {"type": "TEXT", "count": 1361, "shortest_values": [["N/A", 3], ["N/A", 3], ["N/A", 3], ["N/A", 3], ["N/A", 3]], "longest_values": [["Dates_of_Review", 15], ["N/A", 3], ["N/A", 3], ["N/A", 3], ["N/A", 3]], "average_length": 3.008817046289493}]}, {"column_name": "Quality_Review_-_How_well_do_teachers_work_with_each_other?", "number_non_empty_cells": 621, "number_empty_cells": 1363, "number_distinct_values": 6, "frequent_values": ["3", "4", "2", "1", "Rating_4_2"], "dataTypes": [{"type": "INTEGER (LONG)", "count": 620, "max_value": 4, "min_value": 1, "mean": 3.32258064516129, "stddev": 0.592267200716657}, {"type": "TEXT", "count": 1, "shortest_values": [["Rating_4_2", 10]], "longest_values": [["Rating_4_2", 10]], "average_length": 10.0}]}]}