{"dataset_name": "/user/hm74/NYCOpenData/44t3-dj6x.tsv.gz", "columns": [{"column_name": "ID", "number_non_empty_cells": 2069, "number_empty_cells": 1, "number_distinct_values": 2070, "frequent_values": [148, 463, 471, 496, 833], "dataTypes": [{"type": "INTEGER (LONG)", "count": 2069, "max_value": 2069, "min_value": 1, "mean": 1035.0, "stddev": 597.268783714669}]}, {"column_name": "Building_Code", "number_non_empty_cells": 2069, "number_empty_cells": 1, "number_distinct_values": 1191, "frequent_values": ["X450", "X425", "X475", "X405", "X410"], "dataTypes": [{"type": "DATE/TIME", "count": 77, "max_value": "2019-12-08T00:00:58", "min_value": "2019-12-08T00:00:01"}, {"type": "TEXT", "count": 1992, "shortest_values": [["K001", 4], ["K002", 4], ["K002", 4], ["K002", 4], ["K002", 4]], "longest_values": [["K001", 4], ["K002", 4], ["K002", 4], ["K002", 4], ["K002", 4]], "average_length": 4.0}]}, {"column_name": "DBN", "number_non_empty_cells": 1745, "number_empty_cells": 325, "number_distinct_values": 1735, "frequent_values": ["10X056", "75R025", "75M501", "75X017", "75K077"], "dataTypes": [{"type": "DATE/TIME", "count": 35, "max_value": "2019-12-08T00:06:52", "min_value": "2019-12-08T00:01:15"}, {"type": "TEXT", "count": 1710, "shortest_values": [["15K001", 6], ["17K002", 6], ["84K704", 6], ["75K141", 6], ["13K003", 6]], "longest_values": [["15K001", 6], ["17K002", 6], ["84K704", 6], ["75K141", 6], ["13K003", 6]], "average_length": 6.0}]}, {"column_name": "Location_Name", "number_non_empty_cells": 2060, "number_empty_cells": 10, "number_distinct_values": 2066, "frequent_values": ["P.S. 253", "P.S. 212", "New Visions Charter High School for the Humanities", "P.S. 056 Norwood Heights", "COMMUNITY PARTNERSHIP CHARTER SCHOOL(BN)"], "dataTypes": [{"type": "TEXT", "count": 2069, "shortest_values": [["Kappa", 5], ["PS 354", 6], ["PS 536", 6], ["P.S. 66", 7], ["Kappa V", 7]], "longest_values": [["Bedford Stuyvesant Collegiate -Uncommon Collegiate Charter High School", 70], ["TEACHING FIRMS OF AMERICA PROFESSIONAL PREPARATORY CHARTER SCHOOL(BN)", 69], ["New Visions Charter High School for the Advanced Math and Science II", 68], ["SUCCESS ACADEMY CHARTER SCHOOL - CROWN HEIGHTS - BROOKLYN 7(BS)", 63], ["THE URBAN ASSEMBLY SCHOOL FOR THE PERFORMING ARTS (MANHATTAN)", 61]], "average_length": 30.492025132914453}]}, {"column_name": "Location_Code", "number_non_empty_cells": 1744, "number_empty_cells": 326, "number_distinct_values": 1734, "frequent_values": ["X056", "K648", "K403", "K077", "R025"], "dataTypes": [{"type": "DATE/TIME", "count": 36, "max_value": "2019-12-08T00:00:59", "min_value": "2019-12-08T00:00:01"}, {"type": "TEXT", "count": 1708, "shortest_values": [["K001", 4], ["K002", 4], ["K704", 4], ["K141", 4], ["K003", 4]], "longest_values": [["K001", 4], ["K002", 4], ["K704", 4], ["K141", 4], ["K003", 4]], "average_length": 4.0}]}, {"column_name": "Address", "number_non_empty_cells": 2039, "number_empty_cells": 31, "number_distinct_values": 1199, "frequent_values": ["1980 LAFAYETTE AVENUE", "3000 EAST TREMONT AVENUE", "800 EAST GUN HILL ROAD", "99 TERRACE VIEW AVENUE", "40 IRVING PLACE"], "dataTypes": [{"type": "TEXT", "count": 2067, "shortest_values": [["99 AVENUE P", 11], ["99 AVENUE P", 11], ["99 AVENUE P", 11], ["50 AVENUE P", 11], ["50 AVENUE P", 11]], "longest_values": [["1780 DR. MARTIN LUTHER KING JR. BLVD", 36], ["4140 HUTCHINSON RIVER PKWAY EA", 30], ["100 WEST MOSHOLU PARKWAY SOUTH", 30], ["100 WEST MOSHOLU PARKWAY SOUTH", 30], ["100 WEST MOSHOLU PARKWAY SOUTH", 30]], "average_length": 18.420416061925476}]}, {"column_name": "Borough", "number_non_empty_cells": 2067, "number_empty_cells": 3, "number_distinct_values": 7, "frequent_values": ["K", "X", "M", "Q", "R"], "dataTypes": [{"type": "TEXT", "count": 2067, "shortest_values": [["K", 1], ["K", 1], ["K", 1], ["K", 1], ["K", 1]], "longest_values": [["K", 1], ["K", 1], ["K", 1], ["K", 1], ["K", 1]], "average_length": 1.0}]}, {"column_name": "Geographical_District_Code", "number_non_empty_cells": 2066, "number_empty_cells": 4, "number_distinct_values": 34, "frequent_values": [2, 10, 9, 31, 11], "dataTypes": [{"type": "INTEGER (LONG)", "count": 2066, "max_value": 32, "min_value": 0, "mean": 15.374636979670838, "stddev": 9.196100413541672}]}, {"column_name": "Register", "number_non_empty_cells": 2067, "number_empty_cells": 3, "number_distinct_values": 1039, "frequent_values": ["N/A", "425", "476", "495", "521"], "dataTypes": [{"type": "INTEGER (LONG)", "count": 2030, "max_value": 5534, "min_value": 25, "mean": 683.9019704433498, "stddev": 543.4753797733276}, {"type": "TEXT", "count": 37, "shortest_values": [["N/A", 3], ["N/A", 3], ["N/A", 3], ["N/A", 3], ["N/A", 3]], "longest_values": [["ERROR: #N/A", 11], ["N/A", 3], ["N/A", 3], ["N/A", 3], ["N/A", 3]], "average_length": 3.216216216216216}]}, {"column_name": "Building_Name", "number_non_empty_cells": 1183, "number_empty_cells": 887, "number_distinct_values": 329, "frequent_values": ["1980 LAFAYETTE AVENUE CONSOLIDATED LOCATION", "99 TERRACE VIEW AVENUE CONSOLIDATED LOCATION", "800 EAST GUN HILL ROAD CONSOLIDATED LOCATION", "240 EAST 172 STREET CONSOLIDATED LOCATION", "40 IRVING PLACE CONSOLIDATED LOCATION"], "dataTypes": [{"type": "TEXT", "count": 1208, "shortest_values": [["99 AVENUE P CONSOLIDATED LOCATION", 33], ["99 AVENUE P CONSOLIDATED LOCATION", 33], ["99 AVENUE P CONSOLIDATED LOCATION", 33], ["50 AVENUE P CONSOLIDATED LOCATION", 33], ["50 AVENUE P CONSOLIDATED LOCATION", 33]], "longest_values": [["P.S. 179 |  Young Leaders Elementary School |  468 EAST 140 STREET CONSOLIDATED LOCATION", 88], ["P.S. 179 |  Young Leaders Elementary School |  468 EAST 140 STREET CONSOLIDATED LOCATION", 88], ["P.S. 179 |  Young Leaders Elementary School |  468 EAST 140 STREET CONSOLIDATED LOCATION", 88], ["301 VERMONT STREET|300 WYONA STREET|CONSOLIDATED LOCATION", 57], ["301 VERMONT STREET|300 WYONA STREET|CONSOLIDATED LOCATION", 57]], "average_length": 40.97102649006622}]}, {"column_name": "#_Schools", "number_non_empty_cells": 2069, "number_empty_cells": 1, "number_distinct_values": 9, "frequent_values": [1, 2, 3, 4, 5], "dataTypes": [{"type": "INTEGER (LONG)", "count": 2069, "max_value": 8, "min_value": 1, "mean": 2.211213146447564, "stddev": 1.4788177084710536}]}, {"column_name": "Schools_in_Building", "number_non_empty_cells": 2041, "number_empty_cells": 29, "number_distinct_values": 1214, "frequent_values": ["Gramercy Arts High School|THE HIGH SCHOOL FOR LANGUAGE AND DIPLOMACY|International High School at Union Square|Washington Irving Yabc|Union Square Academy for Health Sciences|Academy for Software Engineering|Success Academy Union Square (Manhattan 1)|40 IRVING PLACE CONSOLIDATED LOCATION", "Bronx Collegiate Academy |DreamYard Preparatory School |New Directions Secondary School |Bronx High School of Business |Bronx High School for Medical Science |Jonathan Levin High School for Media and Communica |Claremont International HS |240 EAST 172 STREET CONSOLIDATED LOCATION", "Bronx High School for Writing and Communication Ar |  Bronx Lab School |  High School of Computers and Technology |  Bronx Academy of Health Careers |  High School for Contemporary Arts |  Bronx Aerospace High School | EVANDER CHILDS EVENING H.S.  |800 EAST GUN HILL ROAD CONSOLIDATED LOCATION", "Pablo Neruda Academy|Millennium Art Academy|Antonia Pantoja Preparatory Academy: A College Boa|Bronx Community High School|BRONX BRIDGES HIGH SCHOOL|Bronx Guild|Stevenson Yabc|Bronx Compass High School|1980 LAFAYETTE AVENUE CONSOLIDATED LOCATION", "Renaissance High School for Musical Theater & Tech |  Pelham Lab High School |  Schuylerville Preparatory High School |  Bronx River High School |  Herbert H. Lehman High School. |  Herbert H. Lehman Yabc |  Westchester Square Academy |  3000 EAST TREMONT AVENUE CONSOLIDATED LOCATION"], "dataTypes": [{"type": "TEXT", "count": 2069, "shortest_values": [["PS 354", 6], ["P.S. 66", 7], ["P.S. 36", 7], ["P.S. 006", 8], ["P.S. 024", 8]], "longest_values": [["Bronx Engineering and Technology Academy|Bronx School of Law and Finance|English Language Learners and International Suppor|Marble Hill High School for International Studies|Kennedy Yabc|Bronx Theatre High School|THE NEW VISIONS CHARTER HS FOR THE HUMANITIES(XW)|THE NEW VISIONS CHARTER HS FOR ADVANCED MATH AND SCIENCE(XW)|99 TERRACE VIEW AVENUE CONSOLIDATED LOCATION", 368], ["Bronx Engineering and Technology Academy|Bronx School of Law and Finance|English Language Learners and International Suppor|Marble Hill High School for International Studies|Kennedy Yabc|Bronx Theatre High School|THE NEW VISIONS CHARTER HS FOR THE HUMANITIES(XW)|THE NEW VISIONS CHARTER HS FOR ADVANCED MATH AND SCIENCE(XW)|99 TERRACE VIEW AVENUE CONSOLIDATED LOCATION", 368], ["Bronx Engineering and Technology Academy|Bronx School of Law and Finance|English Language Learners and International Suppor|Marble Hill High School for International Studies|Kennedy Yabc|Bronx Theatre High School|THE NEW VISIONS CHARTER HS FOR THE HUMANITIES(XW)|THE NEW VISIONS CHARTER HS FOR ADVANCED MATH AND SCIENCE(XW)|99 TERRACE VIEW AVENUE CONSOLIDATED LOCATION", 368], ["Bronx Engineering and Technology Academy|Bronx School of Law and Finance|English Language Learners and International Suppor|Marble Hill High School for International Studies|Kennedy Yabc|Bronx Theatre High School|THE NEW VISIONS CHARTER HS FOR THE HUMANITIES(XW)|THE NEW VISIONS CHARTER HS FOR ADVANCED MATH AND SCIENCE(XW)|99 TERRACE VIEW AVENUE CONSOLIDATED LOCATION", 368], ["Bronx Engineering and Technology Academy|Bronx School of Law and Finance|English Language Learners and International Suppor|Marble Hill High School for International Studies|Kennedy Yabc|Bronx Theatre High School|THE NEW VISIONS CHARTER HS FOR THE HUMANITIES(XW)|THE NEW VISIONS CHARTER HS FOR ADVANCED MATH AND SCIENCE(XW)|99 TERRACE VIEW AVENUE CONSOLIDATED LOCATION", 368]], "average_length": 97.02223296278393}]}, {"column_name": "Major_N", "number_non_empty_cells": 2068, "number_empty_cells": 2, "number_distinct_values": 9, "frequent_values": ["N/A", "0", "1", "2", "3"], "dataTypes": [{"type": "INTEGER (LONG)", "count": 1190, "max_value": 6, "min_value": 0, "mean": 0.439495798319328, "stddev": 0.8769425963021962}, {"type": "TEXT", "count": 878, "shortest_values": [["N/A", 3], ["N/A", 3], ["N/A", 3], ["N/A", 3], ["N/A", 3]], "longest_values": [["N/A", 3], ["N/A", 3], ["N/A", 3], ["N/A", 3], ["N/A", 3]], "average_length": 3.0}]}, {"column_name": "Oth_N", "number_non_empty_cells": 2068, "number_empty_cells": 2, "number_distinct_values": 22, "frequent_values": ["N/A", "0", "1", "2", "3"], "dataTypes": [{"type": "INTEGER (LONG)", "count": 1190, "max_value": 25, "min_value": 0, "mean": 1.8453781512605039, "stddev": 2.954209299980971}, {"type": "TEXT", "count": 878, "shortest_values": [["N/A", 3], ["N/A", 3], ["N/A", 3], ["N/A", 3], ["N/A", 3]], "longest_values": [["N/A", 3], ["N/A", 3], ["N/A", 3], ["N/A", 3], ["N/A", 3]], "average_length": 3.0}]}, {"column_name": "NoCrim_N", "number_non_empty_cells": 2068, "number_empty_cells": 2, "number_distinct_values": 41, "frequent_values": ["N/A", "0", "1", "2", "3"], "dataTypes": [{"type": "INTEGER (LONG)", "count": 1190, "max_value": 84, "min_value": 0, "mean": 3.4067226890756284, "stddev": 6.972764918149106}, {"type": "TEXT", "count": 878, "shortest_values": [["N/A", 3], ["N/A", 3], ["N/A", 3], ["N/A", 3], ["N/A", 3]], "longest_values": [["N/A", 3], ["N/A", 3], ["N/A", 3], ["N/A", 3], ["N/A", 3]], "average_length": 3.0}]}, {"column_name": "Prop_N", "number_non_empty_cells": 2068, "number_empty_cells": 2, "number_distinct_values": 15, "frequent_values": ["N/A", "0", "1", "2", "3"], "dataTypes": [{"type": "INTEGER (LONG)", "count": 1190, "max_value": 13, "min_value": 0, "mean": 1.1210084033613426, "stddev": 1.8030261187246663}, {"type": "TEXT", "count": 878, "shortest_values": [["N/A", 3], ["N/A", 3], ["N/A", 3], ["N/A", 3], ["N/A", 3]], "longest_values": [["N/A", 3], ["N/A", 3], ["N/A", 3], ["N/A", 3], ["N/A", 3]], "average_length": 3.0}]}, {"column_name": "Vio_N", "number_non_empty_cells": 2068, "number_empty_cells": 2, "number_distinct_values": 15, "frequent_values": ["N/A", "0", "1", "2", "3"], "dataTypes": [{"type": "INTEGER (LONG)", "count": 1190, "max_value": 13, "min_value": 0, "mean": 0.8890756302521017, "stddev": 1.676670866914773}, {"type": "TEXT", "count": 878, "shortest_values": [["N/A", 3], ["N/A", 3], ["N/A", 3], ["N/A", 3], ["N/A", 3]], "longest_values": [["N/A", 3], ["N/A", 3], ["N/A", 3], ["N/A", 3], ["N/A", 3]], "average_length": 3.0}]}, {"column_name": "ENGroupA", "number_non_empty_cells": 2069, "number_empty_cells": 1, "number_distinct_values": 14, "frequent_values": ["3C", "4C", "2C", "5C", "6C"], "dataTypes": [{"type": "TEXT", "count": 2069, "shortest_values": [["7C", 2], ["3C", 2], ["4C", 2], ["3C", 2], ["5C", 2]], "longest_values": [["N/A", 3], ["12C", 3], ["10C", 3], ["10C", 3], ["12C", 3]], "average_length": 2.0367327211213166}]}, {"column_name": "RangeA", "number_non_empty_cells": 2069, "number_empty_cells": 1, "number_distinct_values": 15, "frequent_values": ["251-500", "501-750", "1-250", "751-1000", "1001-1250"], "dataTypes": [{"type": "DATE/TIME", "count": 277, "max_value": "0250-01-08T00:00:00", "min_value": "0250-01-08T00:00:00"}, {"type": "TEXT", "count": 1792, "shortest_values": [["N/A", 3], ["N/A", 3], ["N/A", 3], ["N/A", 3], ["N/A", 3]], "longest_values": [["1251-1500", 9], ["1251-1500", 9], ["1251-1500", 9], ["1001-1250", 9], ["1001-1250", 9]], "average_length": 7.50669642857143}]}, {"column_name": "AvgOfMajor_N", "number_non_empty_cells": 2070, "number_empty_cells": 0, "number_distinct_values": 16, "frequent_values": ["N/A", "0.28", "0.27", "0.38", "0.57"], "dataTypes": [{"type": "REAL", "count": 1192, "max_value": 3.14, "min_value": 0.24, "mean": 0.43687080536912765, "stddev": 0.34049710514299647}, {"type": "TEXT", "count": 878, "shortest_values": [["N/A", 3], ["N/A", 3], ["N/A", 3], ["N/A", 3], ["N/A", 3]], "longest_values": [["N/A", 3], ["N/A", 3], ["N/A", 3], ["N/A", 3], ["N/A", 3]], "average_length": 3.0}]}, {"column_name": "AvgOfOth_N", "number_non_empty_cells": 2070, "number_empty_cells": 0, "number_distinct_values": 16, "frequent_values": ["N/A", "1.11", "0.90", "1.71", "2.12"], "dataTypes": [{"type": "REAL", "count": 1192, "max_value": 13.0, "min_value": 0.71, "mean": 1.8159144295301999, "stddev": 1.635673004375096}, {"type": "TEXT", "count": 878, "shortest_values": [["N/A", 3], ["N/A", 3], ["N/A", 3], ["N/A", 3], ["N/A", 3]], "longest_values": [["N/A", 3], ["N/A", 3], ["N/A", 3], ["N/A", 3], ["N/A", 3]], "average_length": 3.0}]}, {"column_name": "AvgOfNoCrim_N", "number_non_empty_cells": 2069, "number_empty_cells": 1, "number_distinct_values": 16, "frequent_values": ["N/A", "1.74", "1.67", "2.38", "3.64"], "dataTypes": [{"type": "REAL", "count": 1191, "max_value": 34.86, "min_value": 1.67, "mean": 3.326968933669187, "stddev": 3.9225650201629554}, {"type": "TEXT", "count": 878, "shortest_values": [["N/A", 3], ["N/A", 3], ["N/A", 3], ["N/A", 3], ["N/A", 3]], "longest_values": [["N/A", 3], ["N/A", 3], ["N/A", 3], ["N/A", 3], ["N/A", 3]], "average_length": 3.0}]}, {"column_name": "AvgOfProp_N", "number_non_empty_cells": 2069, "number_empty_cells": 1, "number_distinct_values": 16, "frequent_values": ["N/A", "0.75", "0.63", "0.98", "1.39"], "dataTypes": [{"type": "REAL", "count": 1191, "max_value": 8.29, "min_value": 0.51, "mean": 1.108052057094879, "stddev": 0.8705244569818682}, {"type": "TEXT", "count": 878, "shortest_values": [["N/A", 3], ["N/A", 3], ["N/A", 3], ["N/A", 3], ["N/A", 3]], "longest_values": [["N/A", 3], ["N/A", 3], ["N/A", 3], ["N/A", 3], ["N/A", 3]], "average_length": 3.0}]}, {"column_name": "AvgOfVio_N", "number_non_empty_cells": 2070, "number_empty_cells": 0, "number_distinct_values": 16, "frequent_values": ["N/A", "0.53", "0.44", "0.82", "1.05"], "dataTypes": [{"type": "REAL", "count": 1192, "max_value": 5.29, "min_value": 0.32, "mean": 0.8719630872483222, "stddev": 0.7518526370900039}, {"type": "TEXT", "count": 878, "shortest_values": [["N/A", 3], ["N/A", 3], ["N/A", 3], ["N/A", 3], ["N/A", 3]], "longest_values": [["N/A", 3], ["N/A", 3], ["N/A", 3], ["N/A", 3], ["N/A", 3]], "average_length": 3.0}]}]}