{"dataset_name": "/user/hm74/NYCOpenData/45nu-yrf2.tsv.gz", "columns": [{"column_name": "DBN", "number_non_empty_cells": 1665, "number_empty_cells": 0, "number_distinct_values": 1665, "frequent_values": ["02M042", "02M529", "08X093", "01M064", "01M539"], "dataTypes": [{"type": "DATE/TIME", "count": 34, "max_value": "2019-12-07T00:06:52", "min_value": "2019-12-07T00:01:15"}, {"type": "TEXT", "count": 1631, "shortest_values": [["01M063", 6], ["01M064", 6], ["01M110", 6], ["01M134", 6], ["01M140", 6]], "longest_values": [["CITYWIDE", 8], ["01M063", 6], ["01M064", 6], ["01M110", 6], ["01M134", 6]], "average_length": 6.001226241569589}]}, {"column_name": "LOCATION_NAME", "number_non_empty_cells": 1664, "number_empty_cells": 1, "number_distinct_values": 1662, "frequent_values": ["P.S. 360", "P.S. 253", "P.S. 212", "P.S. 152 Gwendoline N. Alleyne School", "P.S. 185 Walter Kassenbrock"], "dataTypes": [{"type": "TEXT", "count": 1664, "shortest_values": [["LYFE", 4], ["Kappa", 5], ["P.S. 89", 7], ["Muscota", 7], ["P.S. 66", 7]], "longest_values": [["New Explorations into Science, Technology and Math", 50], ["47 The American Sign Language and English Secondar", 50], ["The Urban Assembly School for Emergency Management", 50], ["Stephen T. Mather Building Arts & Craftsmanship Hi", 50], ["James Baldwin School, The: A School for Expedition", 50]], "average_length": 27.96754807692304}]}, {"column_name": "LOCATION_CATEGORY", "number_non_empty_cells": 1664, "number_empty_cells": 1, "number_distinct_values": 11, "frequent_values": ["Elementary", "High school", "Junior High-Intermediate-Middle", "K-8", "Secondary School"], "dataTypes": [{"type": "TEXT", "count": 1664, "shortest_values": [["K-8", 3], ["K-8", 3], ["K-8", 3], ["K-8", 3], ["K-8", 3]], "longest_values": [["Junior High-Intermediate-Middle", 31], ["Junior High-Intermediate-Middle", 31], ["Junior High-Intermediate-Middle", 31], ["Junior High-Intermediate-Middle", 31], ["Junior High-Intermediate-Middle", 31]], "average_length": 13.541466346153824}]}, {"column_name": "ADMINISTRATIVE_DISTRICT", "number_non_empty_cells": 1664, "number_empty_cells": 1, "number_distinct_values": 35, "frequent_values": [2, 10, 31, 9, 11], "dataTypes": [{"type": "INTEGER (LONG)", "count": 1664, "max_value": 79, "min_value": 1, "mean": 18.318509615384638, "stddev": 14.822977670141803}]}, {"column_name": "5_REMOVALS", "number_non_empty_cells": 1665, "number_empty_cells": 0, "number_distinct_values": 9, "frequent_values": ["R", "6", "7", "11", "9"], "dataTypes": [{"type": "INTEGER (LONG)", "count": 20, "max_value": 381, "min_value": 6, "mean": 27.450000000000003, "stddev": 81.21851697734944}, {"type": "TEXT", "count": 1645, "shortest_values": [["R", 1], ["R", 1], ["R", 1], ["R", 1], ["R", 1]], "longest_values": [["R", 1], ["R", 1], ["R", 1], ["R", 1], ["R", 1]], "average_length": 1.0}]}, {"column_name": "5_PRINCIPAL", "number_non_empty_cells": 1665, "number_empty_cells": 0, "number_distinct_values": 3, "frequent_values": ["R", "46", "10"], "dataTypes": [{"type": "INTEGER (LONG)", "count": 2, "max_value": 46, "min_value": 10, "mean": 28.0, "stddev": 18.0}, {"type": "TEXT", "count": 1663, "shortest_values": [["R", 1], ["R", 1], ["R", 1], ["R", 1], ["R", 1]], "longest_values": [["R", 1], ["R", 1], ["R", 1], ["R", 1], ["R", 1]], "average_length": 1.0}]}, {"column_name": "5_SUPERINTENDENT", "number_non_empty_cells": 1665, "number_empty_cells": 0, "number_distinct_values": 2, "frequent_values": ["R", "9"], "dataTypes": [{"type": "INTEGER (LONG)", "count": 1, "max_value": 9, "min_value": 9, "mean": 9.0, "stddev": 0.0}, {"type": "TEXT", "count": 1664, "shortest_values": [["R", 1], ["R", 1], ["R", 1], ["R", 1], ["R", 1]], "longest_values": [["R", 1], ["R", 1], ["R", 1], ["R", 1], ["R", 1]], "average_length": 1.0}]}, {"column_name": "5_EXPULSIONS", "number_non_empty_cells": 1665, "number_empty_cells": 0, "number_distinct_values": 1, "frequent_values": ["R"], "dataTypes": [{"type": "TEXT", "count": 1665, "shortest_values": [["R", 1], ["R", 1], ["R", 1], ["R", 1], ["R", 1]], "longest_values": [["R", 1], ["R", 1], ["R", 1], ["R", 1], ["R", 1]], "average_length": 1.0}]}, {"column_name": "6_REMOVALS", "number_non_empty_cells": 1665, "number_empty_cells": 0, "number_distinct_values": 13, "frequent_values": ["R", "9", "7", "6", "10"], "dataTypes": [{"type": "INTEGER (LONG)", "count": 26, "max_value": 568, "min_value": 6, "mean": 31.384615384615387, "stddev": 107.39326612719933}, {"type": "TEXT", "count": 1639, "shortest_values": [["R", 1], ["R", 1], ["R", 1], ["R", 1], ["R", 1]], "longest_values": [["R", 1], ["R", 1], ["R", 1], ["R", 1], ["R", 1]], "average_length": 1.0}]}, {"column_name": "6_PRINCIPAL", "number_non_empty_cells": 1665, "number_empty_cells": 0, "number_distinct_values": 3, "frequent_values": ["R", "8", "60"], "dataTypes": [{"type": "INTEGER (LONG)", "count": 2, "max_value": 60, "min_value": 8, "mean": 34.0, "stddev": 26.0}, {"type": "TEXT", "count": 1663, "shortest_values": [["R", 1], ["R", 1], ["R", 1], ["R", 1], ["R", 1]], "longest_values": [["R", 1], ["R", 1], ["R", 1], ["R", 1], ["R", 1]], "average_length": 1.0}]}, {"column_name": "6_SUPERINTENDENT", "number_non_empty_cells": 1665, "number_empty_cells": 0, "number_distinct_values": 2, "frequent_values": ["R", "18"], "dataTypes": [{"type": "INTEGER (LONG)", "count": 1, "max_value": 18, "min_value": 18, "mean": 18.0, "stddev": 0.0}, {"type": "TEXT", "count": 1664, "shortest_values": [["R", 1], ["R", 1], ["R", 1], ["R", 1], ["R", 1]], "longest_values": [["R", 1], ["R", 1], ["R", 1], ["R", 1], ["R", 1]], "average_length": 1.0}]}, {"column_name": "6_EXPULSIONS", "number_non_empty_cells": 1665, "number_empty_cells": 0, "number_distinct_values": 1, "frequent_values": ["R"], "dataTypes": [{"type": "TEXT", "count": 1665, "shortest_values": [["R", 1], ["R", 1], ["R", 1], ["R", 1], ["R", 1]], "longest_values": [["R", 1], ["R", 1], ["R", 1], ["R", 1], ["R", 1]], "average_length": 1.0}]}, {"column_name": "7_REMOVALS", "number_non_empty_cells": 1665, "number_empty_cells": 0, "number_distinct_values": 14, "frequent_values": ["R", "6", "8", "7", "9"], "dataTypes": [{"type": "INTEGER (LONG)", "count": 35, "max_value": 798, "min_value": 6, "mean": 33.6, "stddev": 131.4654109859863}, {"type": "TEXT", "count": 1630, "shortest_values": [["R", 1], ["R", 1], ["R", 1], ["R", 1], ["R", 1]], "longest_values": [["R", 1], ["R", 1], ["R", 1], ["R", 1], ["R", 1]], "average_length": 1.0}]}, {"column_name": "7_PRINCIPAL", "number_non_empty_cells": 1665, "number_empty_cells": 0, "number_distinct_values": 2, "frequent_values": ["R", "110"], "dataTypes": [{"type": "INTEGER (LONG)", "count": 1, "max_value": 110, "min_value": 110, "mean": 110.0, "stddev": 0.0}, {"type": "TEXT", "count": 1664, "shortest_values": [["R", 1], ["R", 1], ["R", 1], ["R", 1], ["R", 1]], "longest_values": [["R", 1], ["R", 1], ["R", 1], ["R", 1], ["R", 1]], "average_length": 1.0}]}, {"column_name": "7_SUPERINTENDENT", "number_non_empty_cells": 1665, "number_empty_cells": 0, "number_distinct_values": 2, "frequent_values": ["R", "42"], "dataTypes": [{"type": "INTEGER (LONG)", "count": 1, "max_value": 42, "min_value": 42, "mean": 42.0, "stddev": 0.0}, {"type": "TEXT", "count": 1664, "shortest_values": [["R", 1], ["R", 1], ["R", 1], ["R", 1], ["R", 1]], "longest_values": [["R", 1], ["R", 1], ["R", 1], ["R", 1], ["R", 1]], "average_length": 1.0}]}, {"column_name": "7_EXPULSIONS", "number_non_empty_cells": 1665, "number_empty_cells": 0, "number_distinct_values": 1, "frequent_values": ["R"], "dataTypes": [{"type": "TEXT", "count": 1665, "shortest_values": [["R", 1], ["R", 1], ["R", 1], ["R", 1], ["R", 1]], "longest_values": [["R", 1], ["R", 1], ["R", 1], ["R", 1], ["R", 1]], "average_length": 1.0}]}, {"column_name": "8_REMOVALS", "number_non_empty_cells": 1665, "number_empty_cells": 0, "number_distinct_values": 15, "frequent_values": ["R", "6", "9", "7", "8"], "dataTypes": [{"type": "INTEGER (LONG)", "count": 54, "max_value": 999, "min_value": 6, "mean": 28.888888888888886, "stddev": 133.46932879277944}, {"type": "TEXT", "count": 1611, "shortest_values": [["R", 1], ["R", 1], ["R", 1], ["R", 1], ["R", 1]], "longest_values": [["R", 1], ["R", 1], ["R", 1], ["R", 1], ["R", 1]], "average_length": 1.0}]}, {"column_name": "8_PRINCIPAL", "number_non_empty_cells": 1665, "number_empty_cells": 0, "number_distinct_values": 4, "frequent_values": ["R", "7", "8", "223"], "dataTypes": [{"type": "INTEGER (LONG)", "count": 3, "max_value": 223, "min_value": 7, "mean": 79.33333333333333, "stddev": 101.58849453664635}, {"type": "TEXT", "count": 1662, "shortest_values": [["R", 1], ["R", 1], ["R", 1], ["R", 1], ["R", 1]], "longest_values": [["R", 1], ["R", 1], ["R", 1], ["R", 1], ["R", 1]], "average_length": 1.0}]}, {"column_name": "8_SUPERINTENDENT", "number_non_empty_cells": 1665, "number_empty_cells": 0, "number_distinct_values": 2, "frequent_values": ["R", "92"], "dataTypes": [{"type": "INTEGER (LONG)", "count": 1, "max_value": 92, "min_value": 92, "mean": 92.0, "stddev": 0.0}, {"type": "TEXT", "count": 1664, "shortest_values": [["R", 1], ["R", 1], ["R", 1], ["R", 1], ["R", 1]], "longest_values": [["R", 1], ["R", 1], ["R", 1], ["R", 1], ["R", 1]], "average_length": 1.0}]}, {"column_name": "8_EXPULSIONS", "number_non_empty_cells": 1665, "number_empty_cells": 0, "number_distinct_values": 1, "frequent_values": ["R"], "dataTypes": [{"type": "TEXT", "count": 1665, "shortest_values": [["R", 1], ["R", 1], ["R", 1], ["R", 1], ["R", 1]], "longest_values": [["R", 1], ["R", 1], ["R", 1], ["R", 1], ["R", 1]], "average_length": 1.0}]}, {"column_name": "9_REMOVALS", "number_non_empty_cells": 1665, "number_empty_cells": 0, "number_distinct_values": 15, "frequent_values": ["R", "6", "7", "8", "10"], "dataTypes": [{"type": "INTEGER (LONG)", "count": 41, "max_value": 859, "min_value": 6, "mean": 30.853658536585364, "stddev": 131.06069362491706}, {"type": "TEXT", "count": 1624, "shortest_values": [["R", 1], ["R", 1], ["R", 1], ["R", 1], ["R", 1]], "longest_values": [["R", 1], ["R", 1], ["R", 1], ["R", 1], ["R", 1]], "average_length": 1.0}]}, {"column_name": "9_PRINCIPAL", "number_non_empty_cells": 1665, "number_empty_cells": 0, "number_distinct_values": 7, "frequent_values": ["R", "6", "7", "9", "8"], "dataTypes": [{"type": "INTEGER (LONG)", "count": 13, "max_value": 507, "min_value": 6, "mean": 45.769230769230774, "stddev": 133.15413500390835}, {"type": "TEXT", "count": 1652, "shortest_values": [["R", 1], ["R", 1], ["R", 1], ["R", 1], ["R", 1]], "longest_values": [["R", 1], ["R", 1], ["R", 1], ["R", 1], ["R", 1]], "average_length": 1.0}]}, {"column_name": "9_SUPERINTENDENT", "number_non_empty_cells": 1665, "number_empty_cells": 0, "number_distinct_values": 2, "frequent_values": ["R", "205"], "dataTypes": [{"type": "INTEGER (LONG)", "count": 1, "max_value": 205, "min_value": 205, "mean": 205.0, "stddev": 0.0}, {"type": "TEXT", "count": 1664, "shortest_values": [["R", 1], ["R", 1], ["R", 1], ["R", 1], ["R", 1]], "longest_values": [["R", 1], ["R", 1], ["R", 1], ["R", 1], ["R", 1]], "average_length": 1.0}]}, {"column_name": "9_EXPULSIONS", "number_non_empty_cells": 1665, "number_empty_cells": 0, "number_distinct_values": 1, "frequent_values": ["R"], "dataTypes": [{"type": "TEXT", "count": 1665, "shortest_values": [["R", 1], ["R", 1], ["R", 1], ["R", 1], ["R", 1]], "longest_values": [["R", 1], ["R", 1], ["R", 1], ["R", 1], ["R", 1]], "average_length": 1.0}]}, {"column_name": "10_REMOVALS", "number_non_empty_cells": 1665, "number_empty_cells": 0, "number_distinct_values": 19, "frequent_values": ["R", "6", "8", "7", "9"], "dataTypes": [{"type": "INTEGER (LONG)", "count": 52, "max_value": 1068, "min_value": 5, "mean": 31.48076923076923, "stddev": 145.2989610827138}, {"type": "TEXT", "count": 1613, "shortest_values": [["R", 1], ["R", 1], ["R", 1], ["R", 1], ["R", 1]], "longest_values": [["R", 1], ["R", 1], ["R", 1], ["R", 1], ["R", 1]], "average_length": 1.0}]}, {"column_name": "10_PRINCIPAL", "number_non_empty_cells": 1665, "number_empty_cells": 0, "number_distinct_values": 10, "frequent_values": ["R", "6", "7", "11", "15"], "dataTypes": [{"type": "INTEGER (LONG)", "count": 18, "max_value": 718, "min_value": 6, "mean": 48.27777777777778, "stddev": 162.47830814383792}, {"type": "TEXT", "count": 1647, "shortest_values": [["R", 1], ["R", 1], ["R", 1], ["R", 1], ["R", 1]], "longest_values": [["R", 1], ["R", 1], ["R", 1], ["R", 1], ["R", 1]], "average_length": 1.0}]}, {"column_name": "10_SUPERINTENDENT", "number_non_empty_cells": 1665, "number_empty_cells": 0, "number_distinct_values": 2, "frequent_values": ["R", "344"], "dataTypes": [{"type": "INTEGER (LONG)", "count": 1, "max_value": 344, "min_value": 344, "mean": 344.0, "stddev": 0.0}, {"type": "TEXT", "count": 1664, "shortest_values": [["R", 1], ["R", 1], ["R", 1], ["R", 1], ["R", 1]], "longest_values": [["R", 1], ["R", 1], ["R", 1], ["R", 1], ["R", 1]], "average_length": 1.0}]}, {"column_name": "10_EXPULSIONS", "number_non_empty_cells": 1665, "number_empty_cells": 0, "number_distinct_values": 1, "frequent_values": ["R"], "dataTypes": [{"type": "TEXT", "count": 1665, "shortest_values": [["R", 1], ["R", 1], ["R", 1], ["R", 1], ["R", 1]], "longest_values": [["R", 1], ["R", 1], ["R", 1], ["R", 1], ["R", 1]], "average_length": 1.0}]}, {"column_name": "11_REMOVALS", "number_non_empty_cells": 1665, "number_empty_cells": 0, "number_distinct_values": 19, "frequent_values": ["R", "7", "8", "6", "15"], "dataTypes": [{"type": "INTEGER (LONG)", "count": 56, "max_value": 1163, "min_value": 6, "mean": 32.482142857142854, "stddev": 152.6035937452968}, {"type": "TEXT", "count": 1609, "shortest_values": [["R", 1], ["R", 1], ["R", 1], ["R", 1], ["R", 1]], "longest_values": [["R", 1], ["R", 1], ["R", 1], ["R", 1], ["R", 1]], "average_length": 1.0}]}, {"column_name": "11_PRINCIPAL", "number_non_empty_cells": 1665, "number_empty_cells": 0, "number_distinct_values": 24, "frequent_values": ["R", "7", "6", "9", "11"], "dataTypes": [{"type": "INTEGER (LONG)", "count": 73, "max_value": 1756, "min_value": 6, "mean": 37.65753424657534, "stddev": 202.86078762433092}, {"type": "TEXT", "count": 1592, "shortest_values": [["R", 1], ["R", 1], ["R", 1], ["R", 1], ["R", 1]], "longest_values": [["R", 1], ["R", 1], ["R", 1], ["R", 1], ["R", 1]], "average_length": 1.0}]}, {"column_name": "11_SUPERINTENDENT", "number_non_empty_cells": 1665, "number_empty_cells": 0, "number_distinct_values": 8, "frequent_values": ["R", "6", "7", "9", "8"], "dataTypes": [{"type": "INTEGER (LONG)", "count": 13, "max_value": 565, "min_value": 6, "mean": 50.61538461538461, "stddev": 148.5025451538113}, {"type": "TEXT", "count": 1652, "shortest_values": [["R", 1], ["R", 1], ["R", 1], ["R", 1], ["R", 1]], "longest_values": [["R", 1], ["R", 1], ["R", 1], ["R", 1], ["R", 1]], "average_length": 1.0}]}, {"column_name": "11_EXPULSIONS", "number_non_empty_cells": 1665, "number_empty_cells": 0, "number_distinct_values": 1, "frequent_values": ["R"], "dataTypes": [{"type": "TEXT", "count": 1665, "shortest_values": [["R", 1], ["R", 1], ["R", 1], ["R", 1], ["R", 1]], "longest_values": [["R", 1], ["R", 1], ["R", 1], ["R", 1], ["R", 1]], "average_length": 1.0}]}, {"column_name": "12_REMOVALS", "number_non_empty_cells": 1665, "number_empty_cells": 0, "number_distinct_values": 26, "frequent_values": ["R", "6", "7", "8", "9"], "dataTypes": [{"type": "INTEGER (LONG)", "count": 77, "max_value": 1427, "min_value": 6, "mean": 31.987012987012992, "stddev": 160.28776828724745}, {"type": "TEXT", "count": 1588, "shortest_values": [["R", 1], ["R", 1], ["R", 1], ["R", 1], ["R", 1]], "longest_values": [["R", 1], ["R", 1], ["R", 1], ["R", 1], ["R", 1]], "average_length": 1.0}]}, {"column_name": "12_PRINCIPAL", "number_non_empty_cells": 1665, "number_empty_cells": 0, "number_distinct_values": 32, "frequent_values": ["R", "7", "6", "10", "8"], "dataTypes": [{"type": "INTEGER (LONG)", "count": 120, "max_value": 2582, "min_value": 6, "mean": 37.225, "stddev": 233.59664176025018}, {"type": "TEXT", "count": 1545, "shortest_values": [["R", 1], ["R", 1], ["R", 1], ["R", 1], ["R", 1]], "longest_values": [["R", 1], ["R", 1], ["R", 1], ["R", 1], ["R", 1]], "average_length": 1.0}]}, {"column_name": "12_SUPERINTENDENT", "number_non_empty_cells": 1665, "number_empty_cells": 0, "number_distinct_values": 15, "frequent_values": ["R", "6", "7", "10", "11"], "dataTypes": [{"type": "INTEGER (LONG)", "count": 50, "max_value": 1114, "min_value": 6, "mean": 31.380000000000003, "stddev": 154.70887369507932}, {"type": "TEXT", "count": 1615, "shortest_values": [["R", 1], ["R", 1], ["R", 1], ["R", 1], ["R", 1]], "longest_values": [["R", 1], ["R", 1], ["R", 1], ["R", 1], ["R", 1]], "average_length": 1.0}]}, {"column_name": "12_EXPULSIONS", "number_non_empty_cells": 1665, "number_empty_cells": 0, "number_distinct_values": 1, "frequent_values": ["R"], "dataTypes": [{"type": "TEXT", "count": 1665, "shortest_values": [["R", 1], ["R", 1], ["R", 1], ["R", 1], ["R", 1]], "longest_values": [["R", 1], ["R", 1], ["R", 1], ["R", 1], ["R", 1]], "average_length": 1.0}]}, {"column_name": "13_REMOVALS", "number_non_empty_cells": 1665, "number_empty_cells": 0, "number_distinct_values": 27, "frequent_values": ["R", "8", "7", "9", "6"], "dataTypes": [{"type": "INTEGER (LONG)", "count": 79, "max_value": 1564, "min_value": 6, "mean": 34.0126582278481, "stddev": 173.57561323715768}, {"type": "TEXT", "count": 1586, "shortest_values": [["R", 1], ["R", 1], ["R", 1], ["R", 1], ["R", 1]], "longest_values": [["R", 1], ["R", 1], ["R", 1], ["R", 1], ["R", 1]], "average_length": 1.0}]}, {"column_name": "13_PRINCIPAL", "number_non_empty_cells": 1665, "number_empty_cells": 0, "number_distinct_values": 37, "frequent_values": ["R", "6", "9", "7", "10"], "dataTypes": [{"type": "INTEGER (LONG)", "count": 136, "max_value": 2907, "min_value": 6, "mean": 37.294117647058826, "stddev": 247.34538003411635}, {"type": "TEXT", "count": 1529, "shortest_values": [["R", 1], ["R", 1], ["R", 1], ["R", 1], ["R", 1]], "longest_values": [["R", 1], ["R", 1], ["R", 1], ["R", 1], ["R", 1]], "average_length": 1.0}]}, {"column_name": "13_SUPERINTENDENT", "number_non_empty_cells": 1665, "number_empty_cells": 0, "number_distinct_values": 16, "frequent_values": ["R", "7", "6", "10", "8"], "dataTypes": [{"type": "INTEGER (LONG)", "count": 77, "max_value": 1546, "min_value": 6, "mean": 30.155844155844157, "stddev": 173.94491327847513}, {"type": "TEXT", "count": 1588, "shortest_values": [["R", 1], ["R", 1], ["R", 1], ["R", 1], ["R", 1]], "longest_values": [["R", 1], ["R", 1], ["R", 1], ["R", 1], ["R", 1]], "average_length": 1.0}]}, {"column_name": "13_EXPULSIONS", "number_non_empty_cells": 1665, "number_empty_cells": 0, "number_distinct_values": 1, "frequent_values": ["R"], "dataTypes": [{"type": "TEXT", "count": 1665, "shortest_values": [["R", 1], ["R", 1], ["R", 1], ["R", 1], ["R", 1]], "longest_values": [["R", 1], ["R", 1], ["R", 1], ["R", 1], ["R", 1]], "average_length": 1.0}]}, {"column_name": "14_REMOVALS", "number_non_empty_cells": 1665, "number_empty_cells": 0, "number_distinct_values": 19, "frequent_values": ["R", "6", "8", "7", "15"], "dataTypes": [{"type": "INTEGER (LONG)", "count": 42, "max_value": 958, "min_value": 6, "mean": 34.57142857142857, "stddev": 144.43669611173428}, {"type": "TEXT", "count": 1623, "shortest_values": [["R", 1], ["R", 1], ["R", 1], ["R", 1], ["R", 1]], "longest_values": [["R", 1], ["R", 1], ["R", 1], ["R", 1], ["R", 1]], "average_length": 1.0}]}, {"column_name": "14_PRINCIPAL", "number_non_empty_cells": 1665, "number_empty_cells": 0, "number_distinct_values": 30, "frequent_values": ["R", "7", "6", "9", "8"], "dataTypes": [{"type": "INTEGER (LONG)", "count": 179, "max_value": 3472, "min_value": 6, "mean": 32.815642458100555, "stddev": 257.9588217560973}, {"type": "TEXT", "count": 1486, "shortest_values": [["R", 1], ["R", 1], ["R", 1], ["R", 1], ["R", 1]], "longest_values": [["R", 1], ["R", 1], ["R", 1], ["R", 1], ["R", 1]], "average_length": 1.0}]}, {"column_name": "14_SUPERINTENDENT", "number_non_empty_cells": 1665, "number_empty_cells": 0, "number_distinct_values": 15, "frequent_values": ["R", "6", "7", "9", "8"], "dataTypes": [{"type": "INTEGER (LONG)", "count": 63, "max_value": 1431, "min_value": 6, "mean": 30.888888888888886, "stddev": 177.84227996516992}, {"type": "TEXT", "count": 1602, "shortest_values": [["R", 1], ["R", 1], ["R", 1], ["R", 1], ["R", 1]], "longest_values": [["R", 1], ["R", 1], ["R", 1], ["R", 1], ["R", 1]], "average_length": 1.0}]}, {"column_name": "14_EXPULSIONS", "number_non_empty_cells": 1665, "number_empty_cells": 0, "number_distinct_values": 1, "frequent_values": ["R"], "dataTypes": [{"type": "TEXT", "count": 1665, "shortest_values": [["R", 1], ["R", 1], ["R", 1], ["R", 1], ["R", 1]], "longest_values": [["R", 1], ["R", 1], ["R", 1], ["R", 1], ["R", 1]], "average_length": 1.0}]}, {"column_name": "15_REMOVALS", "number_non_empty_cells": 1665, "number_empty_cells": 0, "number_distinct_values": 14, "frequent_values": ["R", "6", "11", "7", "8"], "dataTypes": [{"type": "INTEGER (LONG)", "count": 28, "max_value": 611, "min_value": 6, "mean": 31.964285714285715, "stddev": 111.61364552485031}, {"type": "TEXT", "count": 1637, "shortest_values": [["R", 1], ["R", 1], ["R", 1], ["R", 1], ["R", 1]], "longest_values": [["R", 1], ["R", 1], ["R", 1], ["R", 1], ["R", 1]], "average_length": 1.0}]}, {"column_name": "15_PRINCIPAL", "number_non_empty_cells": 1665, "number_empty_cells": 0, "number_distinct_values": 43, "frequent_values": ["R", "6", "8", "7", "9"], "dataTypes": [{"type": "INTEGER (LONG)", "count": 236, "max_value": 4396, "min_value": 6, "mean": 34.74152542372882, "stddev": 284.7731570698046}, {"type": "TEXT", "count": 1429, "shortest_values": [["R", 1], ["R", 1], ["R", 1], ["R", 1], ["R", 1]], "longest_values": [["R", 1], ["R", 1], ["R", 1], ["R", 1], ["R", 1]], "average_length": 1.0}]}, {"column_name": "15_SUPERINTENDENT", "number_non_empty_cells": 1665, "number_empty_cells": 0, "number_distinct_values": 13, "frequent_values": ["R", "6", "7", "8", "9"], "dataTypes": [{"type": "INTEGER (LONG)", "count": 42, "max_value": 1283, "min_value": 6, "mean": 39.11904761904762, "stddev": 194.29851877740336}, {"type": "TEXT", "count": 1623, "shortest_values": [["R", 1], ["R", 1], ["R", 1], ["R", 1], ["R", 1]], "longest_values": [["R", 1], ["R", 1], ["R", 1], ["R", 1], ["R", 1]], "average_length": 1.0}]}, {"column_name": "15_EXPULSIONS", "number_non_empty_cells": 1665, "number_empty_cells": 0, "number_distinct_values": 1, "frequent_values": ["R"], "dataTypes": [{"type": "TEXT", "count": 1665, "shortest_values": [["R", 1], ["R", 1], ["R", 1], ["R", 1], ["R", 1]], "longest_values": [["R", 1], ["R", 1], ["R", 1], ["R", 1], ["R", 1]], "average_length": 1.0}]}, {"column_name": "16_REMOVALS", "number_non_empty_cells": 1665, "number_empty_cells": 0, "number_distinct_values": 13, "frequent_values": ["R", "6", "8", "12", "9"], "dataTypes": [{"type": "INTEGER (LONG)", "count": 24, "max_value": 499, "min_value": 6, "mean": 31.041666666666664, "stddev": 97.73325908080399}, {"type": "TEXT", "count": 1641, "shortest_values": [["R", 1], ["R", 1], ["R", 1], ["R", 1], ["R", 1]], "longest_values": [["R", 1], ["R", 1], ["R", 1], ["R", 1], ["R", 1]], "average_length": 1.0}]}, {"column_name": "16_PRINCIPAL", "number_non_empty_cells": 1665, "number_empty_cells": 0, "number_distinct_values": 36, "frequent_values": ["R", "8", "6", "7", "13"], "dataTypes": [{"type": "INTEGER (LONG)", "count": 229, "max_value": 4272, "min_value": 6, "mean": 34.99126637554585, "stddev": 280.841079107236}, {"type": "TEXT", "count": 1436, "shortest_values": [["R", 1], ["R", 1], ["R", 1], ["R", 1], ["R", 1]], "longest_values": [["R", 1], ["R", 1], ["R", 1], ["R", 1], ["R", 1]], "average_length": 1.0}]}, {"column_name": "16_SUPERINTENDENT", "number_non_empty_cells": 1665, "number_empty_cells": 0, "number_distinct_values": 13, "frequent_values": ["R", "6", "8", "10", "9"], "dataTypes": [{"type": "INTEGER (LONG)", "count": 47, "max_value": 1340, "min_value": 6, "mean": 37.21276595744681, "stddev": 192.1041313554678}, {"type": "TEXT", "count": 1618, "shortest_values": [["R", 1], ["R", 1], ["R", 1], ["R", 1], ["R", 1]], "longest_values": [["R", 1], ["R", 1], ["R", 1], ["R", 1], ["R", 1]], "average_length": 1.0}]}, {"column_name": "16_EXPULSIONS", "number_non_empty_cells": 1665, "number_empty_cells": 0, "number_distinct_values": 1, "frequent_values": ["R"], "dataTypes": [{"type": "TEXT", "count": 1665, "shortest_values": [["R", 1], ["R", 1], ["R", 1], ["R", 1], ["R", 1]], "longest_values": [["R", 1], ["R", 1], ["R", 1], ["R", 1], ["R", 1]], "average_length": 1.0}]}, {"column_name": "17_REMOVALS", "number_non_empty_cells": 1665, "number_empty_cells": 0, "number_distinct_values": 9, "frequent_values": ["R", "10", "7", "9", "286"], "dataTypes": [{"type": "INTEGER (LONG)", "count": 12, "max_value": 286, "min_value": 6, "mean": 33.666666666666664, "stddev": 76.18107084804961}, {"type": "TEXT", "count": 1653, "shortest_values": [["R", 1], ["R", 1], ["R", 1], ["R", 1], ["R", 1]], "longest_values": [["R", 1], ["R", 1], ["R", 1], ["R", 1], ["R", 1]], "average_length": 1.0}]}, {"column_name": "17_PRINCIPAL", "number_non_empty_cells": 1665, "number_empty_cells": 0, "number_distinct_values": 33, "frequent_values": ["R", "6", "8", "7", "9"], "dataTypes": [{"type": "INTEGER (LONG)", "count": 198, "max_value": 3205, "min_value": 6, "mean": 29.520202020202024, "stddev": 226.42522144189172}, {"type": "TEXT", "count": 1467, "shortest_values": [["R", 1], ["R", 1], ["R", 1], ["R", 1], ["R", 1]], "longest_values": [["R", 1], ["R", 1], ["R", 1], ["R", 1], ["R", 1]], "average_length": 1.0}]}, {"column_name": "17_SUPERINTENDENT", "number_non_empty_cells": 1665, "number_empty_cells": 0, "number_distinct_values": 10, "frequent_values": ["R", "6", "8", "7", "9"], "dataTypes": [{"type": "INTEGER (LONG)", "count": 33, "max_value": 1035, "min_value": 6, "mean": 39.0, "stddev": 176.07969958533155}, {"type": "TEXT", "count": 1632, "shortest_values": [["R", 1], ["R", 1], ["R", 1], ["R", 1], ["R", 1]], "longest_values": [["R", 1], ["R", 1], ["R", 1], ["R", 1], ["R", 1]], "average_length": 1.0}]}, {"column_name": "17_EXPULSIONS", "number_non_empty_cells": 1665, "number_empty_cells": 0, "number_distinct_values": 1, "frequent_values": ["R"], "dataTypes": [{"type": "TEXT", "count": 1665, "shortest_values": [["R", 1], ["R", 1], ["R", 1], ["R", 1], ["R", 1]], "longest_values": [["R", 1], ["R", 1], ["R", 1], ["R", 1], ["R", 1]], "average_length": 1.0}]}, {"column_name": "18_REMOVALS", "number_non_empty_cells": 1665, "number_empty_cells": 0, "number_distinct_values": 4, "frequent_values": ["R", "8", "118", "9"], "dataTypes": [{"type": "INTEGER (LONG)", "count": 3, "max_value": 118, "min_value": 8, "mean": 45.0, "stddev": 51.62040940041707}, {"type": "TEXT", "count": 1662, "shortest_values": [["R", 1], ["R", 1], ["R", 1], ["R", 1], ["R", 1]], "longest_values": [["R", 1], ["R", 1], ["R", 1], ["R", 1], ["R", 1]], "average_length": 1.0}]}, {"column_name": "18_PRINCIPAL", "number_non_empty_cells": 1665, "number_empty_cells": 0, "number_distinct_values": 15, "frequent_values": ["R", "6", "7", "8", "9"], "dataTypes": [{"type": "INTEGER (LONG)", "count": 51, "max_value": 1094, "min_value": 6, "mean": 30.411764705882348, "stddev": 150.4568437206364}, {"type": "TEXT", "count": 1614, "shortest_values": [["R", 1], ["R", 1], ["R", 1], ["R", 1], ["R", 1]], "longest_values": [["R", 1], ["R", 1], ["R", 1], ["R", 1], ["R", 1]], "average_length": 1.0}]}, {"column_name": "18_SUPERINTENDENT", "number_non_empty_cells": 1665, "number_empty_cells": 0, "number_distinct_values": 3, "frequent_values": ["R", "6", "371"], "dataTypes": [{"type": "INTEGER (LONG)", "count": 2, "max_value": 371, "min_value": 6, "mean": 188.5, "stddev": 182.5}, {"type": "TEXT", "count": 1663, "shortest_values": [["R", 1], ["R", 1], ["R", 1], ["R", 1], ["R", 1]], "longest_values": [["R", 1], ["R", 1], ["R", 1], ["R", 1], ["R", 1]], "average_length": 1.0}]}, {"column_name": "18_EXPULSIONS", "number_non_empty_cells": 1665, "number_empty_cells": 0, "number_distinct_values": 1, "frequent_values": ["R"], "dataTypes": [{"type": "TEXT", "count": 1665, "shortest_values": [["R", 1], ["R", 1], ["R", 1], ["R", 1], ["R", 1]], "longest_values": [["R", 1], ["R", 1], ["R", 1], ["R", 1], ["R", 1]], "average_length": 1.0}]}, {"column_name": "19_REMOVALS", "number_non_empty_cells": 1665, "number_empty_cells": 0, "number_distinct_values": 2, "frequent_values": ["R", "28"], "dataTypes": [{"type": "INTEGER (LONG)", "count": 1, "max_value": 28, "min_value": 28, "mean": 28.0, "stddev": 0.0}, {"type": "TEXT", "count": 1664, "shortest_values": [["R", 1], ["R", 1], ["R", 1], ["R", 1], ["R", 1]], "longest_values": [["R", 1], ["R", 1], ["R", 1], ["R", 1], ["R", 1]], "average_length": 1.0}]}, {"column_name": "19_PRINCIPAL", "number_non_empty_cells": 1665, "number_empty_cells": 0, "number_distinct_values": 6, "frequent_values": ["R", "7", "11", "268", "17"], "dataTypes": [{"type": "INTEGER (LONG)", "count": 7, "max_value": 268, "min_value": 7, "mean": 46.71428571428572, "stddev": 90.4002438140111}, {"type": "TEXT", "count": 1658, "shortest_values": [["R", 1], ["R", 1], ["R", 1], ["R", 1], ["R", 1]], "longest_values": [["R", 1], ["R", 1], ["R", 1], ["R", 1], ["R", 1]], "average_length": 1.0}]}, {"column_name": "19_SUPERINTENDENT", "number_non_empty_cells": 1665, "number_empty_cells": 0, "number_distinct_values": 2, "frequent_values": ["R", "108"], "dataTypes": [{"type": "INTEGER (LONG)", "count": 1, "max_value": 108, "min_value": 108, "mean": 108.0, "stddev": 0.0}, {"type": "TEXT", "count": 1664, "shortest_values": [["R", 1], ["R", 1], ["R", 1], ["R", 1], ["R", 1]], "longest_values": [["R", 1], ["R", 1], ["R", 1], ["R", 1], ["R", 1]], "average_length": 1.0}]}, {"column_name": "19_EXPULSIONS", "number_non_empty_cells": 1665, "number_empty_cells": 0, "number_distinct_values": 1, "frequent_values": ["R"], "dataTypes": [{"type": "TEXT", "count": 1665, "shortest_values": [["R", 1], ["R", 1], ["R", 1], ["R", 1], ["R", 1]], "longest_values": [["R", 1], ["R", 1], ["R", 1], ["R", 1], ["R", 1]], "average_length": 1.0}]}, {"column_name": "20_REMOVALS", "number_non_empty_cells": 1665, "number_empty_cells": 0, "number_distinct_values": 2, "frequent_values": ["R", "9"], "dataTypes": [{"type": "INTEGER (LONG)", "count": 1, "max_value": 9, "min_value": 9, "mean": 9.0, "stddev": 0.0}, {"type": "TEXT", "count": 1664, "shortest_values": [["R", 1], ["R", 1], ["R", 1], ["R", 1], ["R", 1]], "longest_values": [["R", 1], ["R", 1], ["R", 1], ["R", 1], ["R", 1]], "average_length": 1.0}]}, {"column_name": "20_PRINCIPAL", "number_non_empty_cells": 1665, "number_empty_cells": 0, "number_distinct_values": 4, "frequent_values": ["R", "7", "6", "72"], "dataTypes": [{"type": "INTEGER (LONG)", "count": 3, "max_value": 72, "min_value": 6, "mean": 28.333333333333332, "stddev": 30.879694874715902}, {"type": "TEXT", "count": 1662, "shortest_values": [["R", 1], ["R", 1], ["R", 1], ["R", 1], ["R", 1]], "longest_values": [["R", 1], ["R", 1], ["R", 1], ["R", 1], ["R", 1]], "average_length": 1.0}]}, {"column_name": "20_SUPERINTENDENT", "number_non_empty_cells": 1665, "number_empty_cells": 0, "number_distinct_values": 2, "frequent_values": ["R", "32"], "dataTypes": [{"type": "INTEGER (LONG)", "count": 1, "max_value": 32, "min_value": 32, "mean": 32.0, "stddev": 0.0}, {"type": "TEXT", "count": 1664, "shortest_values": [["R", 1], ["R", 1], ["R", 1], ["R", 1], ["R", 1]], "longest_values": [["R", 1], ["R", 1], ["R", 1], ["R", 1], ["R", 1]], "average_length": 1.0}]}, {"column_name": "20_EXPULSIONS", "number_non_empty_cells": 1665, "number_empty_cells": 0, "number_distinct_values": 1, "frequent_values": ["R"], "dataTypes": [{"type": "TEXT", "count": 1665, "shortest_values": [["R", 1], ["R", 1], ["R", 1], ["R", 1], ["R", 1]], "longest_values": [["R", 1], ["R", 1], ["R", 1], ["R", 1], ["R", 1]], "average_length": 1.0}]}, {"column_name": "21_REMOVALS", "number_non_empty_cells": 1665, "number_empty_cells": 0, "number_distinct_values": 1, "frequent_values": ["R"], "dataTypes": [{"type": "TEXT", "count": 1665, "shortest_values": [["R", 1], ["R", 1], ["R", 1], ["R", 1], ["R", 1]], "longest_values": [["R", 1], ["R", 1], ["R", 1], ["R", 1], ["R", 1]], "average_length": 1.0}]}, {"column_name": "21_PRINCIPAL", "number_non_empty_cells": 1665, "number_empty_cells": 0, "number_distinct_values": 1, "frequent_values": ["R"], "dataTypes": [{"type": "TEXT", "count": 1665, "shortest_values": [["R", 1], ["R", 1], ["R", 1], ["R", 1], ["R", 1]], "longest_values": [["R", 1], ["R", 1], ["R", 1], ["R", 1], ["R", 1]], "average_length": 1.0}]}, {"column_name": "21_SUPERINTENDENT", "number_non_empty_cells": 1665, "number_empty_cells": 0, "number_distinct_values": 1, "frequent_values": ["R"], "dataTypes": [{"type": "TEXT", "count": 1665, "shortest_values": [["R", 1], ["R", 1], ["R", 1], ["R", 1], ["R", 1]], "longest_values": [["R", 1], ["R", 1], ["R", 1], ["R", 1], ["R", 1]], "average_length": 1.0}]}, {"column_name": "21_EXPULSIONS", "number_non_empty_cells": 1665, "number_empty_cells": 0, "number_distinct_values": 1, "frequent_values": ["R"], "dataTypes": [{"type": "TEXT", "count": 1665, "shortest_values": [["R", 1], ["R", 1], ["R", 1], ["R", 1], ["R", 1]], "longest_values": [["R", 1], ["R", 1], ["R", 1], ["R", 1], ["R", 1]], "average_length": 1.0}]}, {"column_name": "22_REMOVALS", "number_non_empty_cells": 1665, "number_empty_cells": 0, "number_distinct_values": 1, "frequent_values": ["R"], "dataTypes": [{"type": "TEXT", "count": 1665, "shortest_values": [["R", 1], ["R", 1], ["R", 1], ["R", 1], ["R", 1]], "longest_values": [["R", 1], ["R", 1], ["R", 1], ["R", 1], ["R", 1]], "average_length": 1.0}]}, {"column_name": "22_PRINCIPAL", "number_non_empty_cells": 1665, "number_empty_cells": 0, "number_distinct_values": 1, "frequent_values": ["R"], "dataTypes": [{"type": "TEXT", "count": 1665, "shortest_values": [["R", 1], ["R", 1], ["R", 1], ["R", 1], ["R", 1]], "longest_values": [["R", 1], ["R", 1], ["R", 1], ["R", 1], ["R", 1]], "average_length": 1.0}]}, {"column_name": "22_SUPERINTENDENT", "number_non_empty_cells": 1665, "number_empty_cells": 0, "number_distinct_values": 1, "frequent_values": ["R"], "dataTypes": [{"type": "TEXT", "count": 1665, "shortest_values": [["R", 1], ["R", 1], ["R", 1], ["R", 1], ["R", 1]], "longest_values": [["R", 1], ["R", 1], ["R", 1], ["R", 1], ["R", 1]], "average_length": 1.0}]}, {"column_name": "22_EXPULSIONS", "number_non_empty_cells": 1665, "number_empty_cells": 0, "number_distinct_values": 1, "frequent_values": ["R"], "dataTypes": [{"type": "TEXT", "count": 1665, "shortest_values": [["R", 1], ["R", 1], ["R", 1], ["R", 1], ["R", 1]], "longest_values": [["R", 1], ["R", 1], ["R", 1], ["R", 1], ["R", 1]], "average_length": 1.0}]}, {"column_name": "SY1617_TOTAL_REMOVALS/SUSPENSIONS", "number_non_empty_cells": 1665, "number_empty_cells": 0, "number_distinct_values": 159, "frequent_values": ["R", "0", "6", "11", "12"], "dataTypes": [{"type": "INTEGER (LONG)", "count": 1327, "max_value": 46571, "min_value": 0, "mean": 69.50263752825924, "stddev": 1277.772767246973}, {"type": "TEXT", "count": 338, "shortest_values": [["R", 1], ["R", 1], ["R", 1], ["R", 1], ["R", 1]], "longest_values": [["R", 1], ["R", 1], ["R", 1], ["R", 1], ["R", 1]], "average_length": 1.0}]}]}