{"dataset_name": "/user/hm74/NYCOpenData/46m8-77gv.tsv.gz", "columns": [{"column_name": "Published_Date", "number_non_empty_cells": 3890, "number_empty_cells": 0, "number_distinct_values": 6, "frequent_values": [20190709, 20180713, 20190425, 20180426, 20180201], "dataTypes": [{"type": "INTEGER (LONG)", "count": 3890, "max_value": 20190709, "min_value": 20180201, "mean": 20185543.510282792, "stddev": 5006.460315828114}]}, {"column_name": "Project_Type", "number_non_empty_cells": 3890, "number_empty_cells": 0, "number_distinct_values": 47, "frequent_values": ["PV", "HW", "HB", "P", "SE"], "dataTypes": [{"type": "TEXT", "count": 3890, "shortest_values": [["W", 1], ["W", 1], ["W", 1], ["W", 1], ["W", 1]], "longest_values": [["PV", 2], ["WP", 2], ["WP", 2], ["WP", 2], ["WP", 2]], "average_length": 1.8892030848329073}]}, {"column_name": "Project_Type_Name", "number_non_empty_cells": 3853, "number_empty_cells": 37, "number_distinct_values": 39, "frequent_values": ["CULTURAL INSTITUTIONS", "PARKS", "HIGHWAYS", "HIGHWAY BRIDGES", "SEWERS"], "dataTypes": [{"type": "TEXT", "count": 3890, "shortest_values": [["FIRE", 4], ["FIRE", 4], ["FIRE", 4], ["FIRE", 4], ["FIRE", 4]], "longest_values": [["WATER MAINS, SOURCES AND TREATMENT", 34], ["WATER MAINS, SOURCES AND TREATMENT", 34], ["WATER MAINS, SOURCES AND TREATMENT", 34], ["WATER MAINS, SOURCES AND TREATMENT", 34], ["WATER MAINS, SOURCES AND TREATMENT", 34]], "average_length": 14.326735218509008}]}, {"column_name": "Budget_Line", "number_non_empty_cells": 3890, "number_empty_cells": 0, "number_distinct_values": 1219, "frequent_values": ["HW 0001K", "HR 0110", "CS 0003", "FA 0026", "HW 0200"], "dataTypes": [{"type": "DATE/TIME", "count": 22, "max_value": "2019-12-08T07:00:00", "min_value": "0131-12-08T00:00:00"}, {"type": "TEXT", "count": 3868, "shortest_values": [["W 0015", 6], ["W 0014", 6], ["W 0013", 6], ["W 0010", 6], ["W 0005", 6]], "longest_values": [["SE D200Q", 8], ["SE 0200X", 8], ["SE 0200R", 8], ["SE 0200R", 8], ["SE 0200R", 8]], "average_length": 7.222337125129266}]}, {"column_name": "Budget_Line_Title", "number_non_empty_cells": 3650, "number_empty_cells": 240, "number_distinct_values": 863, "frequent_values": ["CONSTRUCTION & RECONSTRUCTION OF HIGHWAYS, ETC., BROOKLYN", "CONSTRUCTION & RECONSTRUCTION OF HIGHWAYS, ETC., QUEENS", "IMPROVEMENTS OF STRUCTURES FOR  ACS, CITYWIDE", "COMPUTER EQUIPMENT", "SIDEWALK CONSTRUCTION"], "dataTypes": [{"type": "TEXT", "count": 3888, "shortest_values": [["FIT", 3], ["FIT", 3], ["FIT", 3], ["FIT", 3], ["FIT", 3]], "longest_values": [["INSTALLATION OF STREET-SURFACE MARKINGS AND TRAFFIC SIGNALS, ALL BOROS", 70], ["INSTALLATION OF STREET-SURFACE MARKINGS AND TRAFFIC SIGNALS, ALL BOROS", 70], ["INSTALLATION OF STREET-SURFACE MARKINGS AND TRAFFIC SIGNALS, ALL BOROS", 70], ["92ND STREET YOUNG MEN'S AND YOUNG WOMEN'S HEBREW ASSOCIATION (YM&YWHA)", 70], ["AMERICAN MUSEUM OF NATURAL HISTORY, IMPROVEMENTS & ADDITIONS, MANHATTA", 70]], "average_length": 44.19598765432106}]}, {"column_name": "Funding_Type", "number_non_empty_cells": 3890, "number_empty_cells": 0, "number_distinct_values": 5, "frequent_values": ["C", "F", "E", "S", "P"], "dataTypes": [{"type": "TEXT", "count": 3890, "shortest_values": [["C", 1], ["E", 1], ["E", 1], ["F", 1], ["E", 1]], "longest_values": [["C", 1], ["E", 1], ["E", 1], ["F", 1], ["E", 1]], "average_length": 1.0}]}, {"column_name": "First_Fiscal_Year", "number_non_empty_cells": 3890, "number_empty_cells": 0, "number_distinct_values": 2, "frequent_values": [2020, 2019], "dataTypes": [{"type": "INTEGER (LONG)", "count": 3890, "max_value": 2020, "min_value": 2019, "mean": 2019.5051413881783, "stddev": 0.49997356543102073}]}, {"column_name": "Fiscal_Year_1_Amount", "number_non_empty_cells": 3890, "number_empty_cells": 0, "number_distinct_values": 1371, "frequent_values": [0, 100000, 500000, 1000000, 200000], "dataTypes": [{"type": "INTEGER (LONG)", "count": 3890, "max_value": 4000972787, "min_value": 0, "mean": 17223583.855784025, "stddev": 141296159.2240225}]}, {"column_name": "Fiscal_Year_2_Amount", "number_non_empty_cells": 3890, "number_empty_cells": 0, "number_distinct_values": 814, "frequent_values": [0, 1000000, 4000000, 500000, 35000000], "dataTypes": [{"type": "INTEGER (LONG)", "count": 3890, "max_value": 2552820000, "min_value": 0, "mean": 20459865.47429303, "stddev": 109297695.8650517}]}, {"column_name": "Fiscal_Year_3_Amount", "number_non_empty_cells": 3890, "number_empty_cells": 0, "number_distinct_values": 837, "frequent_values": [0, 4000000, 1000000, 10000000, 800000], "dataTypes": [{"type": "INTEGER (LONG)", "count": 3890, "max_value": 3431320000, "min_value": 0, "mean": 22403791.90385604, "stddev": 120314334.61149052}]}, {"column_name": "Fiscal_Year_4_Amount", "number_non_empty_cells": 3890, "number_empty_cells": 0, "number_distinct_values": 625, "frequent_values": [0, 1000000, 4000000, 25000000, 10000000], "dataTypes": [{"type": "INTEGER (LONG)", "count": 3890, "max_value": 3414380000, "min_value": 0, "mean": 21020239.81670949, "stddev": 135856450.53315797}]}]}