{"dataset_name": "/user/hm74/NYCOpenData/478a-yykk.tsv.gz", "columns": [{"column_name": "NODEID", "number_non_empty_cells": 17365, "number_empty_cells": 0, "number_distinct_values": 9146, "frequent_values": [41780, 15228, 15229, 20630, 20631], "dataTypes": [{"type": "INTEGER (LONG)", "count": 17365, "max_value": 9046950, "min_value": 352, "mean": 128140.62792974383, "stddev": 890732.1996458735}]}, {"column_name": "ONSTREETNAME", "number_non_empty_cells": 17234, "number_empty_cells": 131, "number_distinct_values": 2092, "frequent_values": ["BROADWAY", "5 AVENUE", "8 AVENUE", "34 AVENUE", "AVENUE S"], "dataTypes": [{"type": "TEXT", "count": 17365, "shortest_values": [["BEND", 4], ["BEND", 4], ["BEND", 4], ["BEND", 4], ["BEND", 4]], "longest_values": [["VAN WYCK EXPWY NB EN LIBERTY AVE", 32], ["HARLEM RVR DR SB EN AMSTERDAM AV", 32], ["BRUCKNER EXPRESSWAY EXIT   48 WB", 32], ["GRAND CENTRAL PARKWAY ET   18 EB", 32], ["GRAND CENTRAL PARKWAY ET   18 EB", 32]], "average_length": 11.557443132738248}]}, {"column_name": "FROMSTREETNAME", "number_non_empty_cells": 17193, "number_empty_cells": 172, "number_distinct_values": 2153, "frequent_values": ["LEXINGTON AVENUE", "FRANCIS LEWIS BOULEVARD", "PARK AVENUE", "BROADWAY", "LINDEN BOULEVARD"], "dataTypes": [{"type": "TEXT", "count": 17365, "shortest_values": [["BEND", 4], ["BEND", 4], ["BEND", 4], ["BEND", 4], ["BEND", 4]], "longest_values": [["BKLYN QNS EXPRESSWAY ENTRANCE SB", 32], ["BKLYN QNS EXPRESSWAY ENTRANCE SB", 32], ["BROOKLYN QUEENS EXPRESSWAY EN SB", 32], ["BROOKLYN BATTERY TUNNEL APPROACH", 32], ["HARLEM RIVER DRV NB EN E  126 ST", 32]], "average_length": 13.527613014684704}]}, {"column_name": "BOROUGH_CODE", "number_non_empty_cells": 17365, "number_empty_cells": 0, "number_distinct_values": 5, "frequent_values": ["Q", "B", "X", "M", "S"], "dataTypes": [{"type": "TEXT", "count": 17365, "shortest_values": [["B", 1], ["B", 1], ["M", 1], ["Q", 1], ["B", 1]], "longest_values": [["B", 1], ["B", 1], ["M", 1], ["Q", 1], ["B", 1]], "average_length": 1.0}]}, {"column_name": "WORK_START_DATE", "number_non_empty_cells": 17365, "number_empty_cells": 0, "number_distinct_values": 7661, "frequent_values": ["03/19/2018 00:00:00", "08/01/2018 00:00:00", "06/25/2018 00:00:00", "09/18/2017 00:00:00", "05/01/2018 00:00:00"], "dataTypes": [{"type": "DATE/TIME", "count": 17365, "max_value": "2019-10-19T00:00:00", "min_value": "2017-05-08T08:32:20"}]}, {"column_name": "WORK_END_DATE", "number_non_empty_cells": 17365, "number_empty_cells": 0, "number_distinct_values": 697, "frequent_values": ["09/13/2019 23:59:59", "10/31/2017 23:59:59", "09/27/2019 23:59:59", "06/28/2019 23:59:59", "12/14/2018 23:59:59"], "dataTypes": [{"type": "DATE/TIME", "count": 17365, "max_value": "2019-12-20T23:58:59", "min_value": "2017-08-02T23:59:59"}]}, {"column_name": "PURPOSE", "number_non_empty_cells": 17349, "number_empty_cells": 16, "number_distinct_values": 46, "frequent_values": ["DOT IN-HOUSE PAVING", "DOT IN-HOUSE MILLING", "CONTRACT ROADWAY MILLING", "DEP CONTRACTOR MAJOR INSTALLATION SEWER", "OCCUPANCY OF ROADWAY AS STIPULATED"], "dataTypes": [{"type": "TEXT", "count": 17365, "shortest_values": [["REPAIR GAS", 10], ["REPAIR GAS", 10], ["REPAIR GAS", 10], ["REPAIR STEAM", 12], ["REPAIR WATER", 12]], "longest_values": [["DDC CONTRACTOR MAJOR RECONSTRUCTION-PROT", 40], ["DDC CONTRACTOR MAJOR RECONSTRUCTION-PROT", 40], ["DDC CONTRACTOR MAJOR RECONSTRUCTION-PROT", 40], ["DDC CONTRACTOR MAJOR RECONSTRUCTION-PROT", 40], ["DDC CONTRACTOR MAJOR RECONSTRUCTION-PROT", 40]], "average_length": 21.081888856896104}]}]}