{"dataset_name": "/user/hm74/NYCOpenData/47g8-ngxw.tsv.gz", "columns": [{"column_name": "DBN", "number_non_empty_cells": 12377, "number_empty_cells": 0, "number_distinct_values": 1133, "frequent_values": ["21K099", "24Q119", "20K229", "21K095", "13K282"], "dataTypes": [{"type": "DATE/TIME", "count": 393, "max_value": "2019-12-08T00:06:52", "min_value": "2019-12-08T00:01:15"}, {"type": "TEXT", "count": 11984, "shortest_values": [["01M063", 6], ["01M063", 6], ["01M063", 6], ["01M063", 6], ["01M063", 6]], "longest_values": [["01M063", 6], ["01M063", 6], ["01M063", 6], ["01M063", 6], ["01M063", 6]], "average_length": 6.0}]}, {"column_name": "School_Name", "number_non_empty_cells": 11886, "number_empty_cells": 491, "number_distinct_values": 1129, "frequent_values": ["PS 253", "PS 095 THE GRAVESEND", "IS 119 THE GLENDALE", "PS 099 ISAAC ASIMOV", "PS 229 DYKER"], "dataTypes": [{"type": "TEXT", "count": 12377, "shortest_values": [["PS 89", 5], ["PS 89", 5], ["PS 89", 5], ["PS 89", 5], ["PS 89", 5]], "longest_values": [["ACADEMY FOR COLLEGE PREPARATION AND CAREER EXPLORATION: A COLLEGE BOARD SCHOOL", 78], ["ACADEMY FOR COLLEGE PREPARATION AND CAREER EXPLORATION: A COLLEGE BOARD SCHOOL", 78], ["ACADEMY FOR COLLEGE PREPARATION AND CAREER EXPLORATION: A COLLEGE BOARD SCHOOL", 78], ["ACADEMY FOR COLLEGE PREPARATION AND CAREER EXPLORATION: A COLLEGE BOARD SCHOOL", 78], ["ACADEMY FOR COLLEGE PREPARATION AND CAREER EXPLORATION: A COLLEGE BOARD SCHOOL", 78]], "average_length": 23.45738062535339}]}, {"column_name": "Grade_Level", "number_non_empty_cells": 12377, "number_empty_cells": 0, "number_distinct_values": 10, "frequent_values": ["K", "1", "2", "3", "4"], "dataTypes": [{"type": "INTEGER (LONG)", "count": 9765, "max_value": 8, "min_value": 1, "mean": 4.036251920122869, "stddev": 2.182628591840762}, {"type": "TEXT", "count": 2612, "shortest_values": [["K", 1], ["K", 1], ["K", 1], ["K", 1], ["K", 1]], "longest_values": [["K-8 SC", 6], ["K-8 SC", 6], ["K-8 SC", 6], ["K-8 SC", 6], ["K-8 SC", 6]], "average_length": 3.1956355283307776}]}, {"column_name": "Program_Type", "number_non_empty_cells": 12377, "number_empty_cells": 0, "number_distinct_values": 10, "frequent_values": ["Gen Ed", "ICT", "SC 12:1:1", "G&T", "SC 12:1"], "dataTypes": [{"type": "TEXT", "count": 12377, "shortest_values": [["ICT", 3], ["G&T", 3], ["ICT", 3], ["G&T", 3], ["ICT", 3]], "longest_values": [["ICT & G&T", 9], ["ICT & G&T", 9], ["ICT & G&T", 9], ["ICT & G&T", 9], ["ICT & G&T", 9]], "average_length": 4.854811343621237}]}, {"column_name": "Number_of_Students", "number_non_empty_cells": 12377, "number_empty_cells": 0, "number_distinct_values": 332, "frequent_values": [25, 24, 27, 26, 22], "dataTypes": [{"type": "INTEGER (LONG)", "count": 12377, "max_value": 558, "min_value": 2, "mean": 49.159408580431496, "stddev": 45.88345702510699}]}, {"column_name": "Number_of_Classes", "number_non_empty_cells": 12377, "number_empty_cells": 0, "number_distinct_values": 18, "frequent_values": [1, 2, 3, 4, 5], "dataTypes": [{"type": "INTEGER (LONG)", "count": 12377, "max_value": 20, "min_value": 1, "mean": 2.1186878888260514, "stddev": 1.7358169007078368}]}, {"column_name": "Average_Class_Size", "number_non_empty_cells": 12377, "number_empty_cells": 0, "number_distinct_values": 266, "frequent_values": [25.0, 24.0, 27.0, 23.0, 26.0], "dataTypes": [{"type": "REAL", "count": 12377, "max_value": 58.0, "min_value": 2.0, "mean": 23.44034095499722, "stddev": 6.314537218425209}]}, {"column_name": "Minimum_Class_Size", "number_non_empty_cells": 12377, "number_empty_cells": 0, "number_distinct_values": 34, "frequent_values": ["25", "24", "27", "23", "26"], "dataTypes": [{"type": "INTEGER (LONG)", "count": 11696, "max_value": 50, "min_value": 6, "mean": 23.265475376197067, "stddev": 5.982837822139988}, {"type": "TEXT", "count": 681, "shortest_values": [["<6", 2], ["<6", 2], ["<6", 2], ["<6", 2], ["<6", 2]], "longest_values": [["<15", 3], ["<15", 3], ["<15", 3], ["<15", 3], ["<15", 3]], "average_length": 2.716593245227603}]}, {"column_name": "Maximum_Class_Size", "number_non_empty_cells": 12377, "number_empty_cells": 0, "number_distinct_values": 37, "frequent_values": ["25", "30", "24", "27", "26"], "dataTypes": [{"type": "INTEGER (LONG)", "count": 12050, "max_value": 55, "min_value": 6, "mean": 24.469875518672172, "stddev": 5.957369750263186}, {"type": "TEXT", "count": 327, "shortest_values": [["<6", 2], ["<6", 2], ["<6", 2], ["<6", 2], ["<6", 2]], "longest_values": [["<15", 3], ["<15", 3], ["<15", 3], ["<15", 3], ["<15", 3]], "average_length": 2.8715596330275215}]}]}