{"dataset_name": "/user/hm74/NYCOpenData/483x-fy9e.tsv.gz", "columns": [{"column_name": "City", "number_non_empty_cells": 8, "number_empty_cells": 0, "number_distinct_values": 8, "frequent_values": ["Seattle, WA", "Boston, MA", "San Francisco, CA", "Los Angeles, CA", "Chicago, IL"], "dataTypes": [{"type": "TEXT", "count": 8, "shortest_values": [["Miami, FL", 9], ["Boston, MA", 10], ["Seattle, WA", 11], ["Chicago, IL", 11], ["New York City", 13]], "longest_values": [["San Francisco, CA", 17], ["Los Angeles, CA", 15], ["Washington, DC", 14], ["New York City", 13], ["Seattle, WA", 11]], "average_length": 12.499999999999998}]}, {"column_name": "Street Homeless Estimate", "number_non_empty_cells": 8, "number_empty_cells": 0, "number_distinct_values": 8, "frequent_values": [305, 1722, 182, 3262, 1898], "dataTypes": [{"type": "INTEGER (LONG)", "count": 8, "max_value": 12977, "min_value": 182, "mean": 2992.375, "stddev": 3936.796760613253}]}, {"column_name": "General Population", "number_non_empty_cells": 8, "number_empty_cells": 0, "number_distinct_values": 8, "frequent_values": [8175133, 805235, 617594, 601723, 608660], "dataTypes": [{"type": "INTEGER (LONG)", "count": 8, "max_value": 8175133, "min_value": 399457, "mean": 2212002.625, "stddev": 2531336.27023648}]}, {"column_name": "Ratio", "number_non_empty_cells": 8, "number_empty_cells": 0, "number_distinct_values": 8, "frequent_values": ["1 in 320 ", "1 in 259 ", "1 in 292 ", "1 in 2,506 ", "1 in 3,393 "], "dataTypes": [{"type": "TEXT", "count": 8, "shortest_values": [["1 in 259 ", 9], ["1 in 292 ", 9], ["1 in 320 ", 9], ["1 in 820 ", 9], ["1 in 2,506 ", 11]], "longest_values": [["1 in 2,506 ", 11], ["1 in 1,973 ", 11], ["1 in 1,565 ", 11], ["1 in 3,393 ", 11], ["1 in 259 ", 9]], "average_length": 10.0}]}]}