{"dataset_name": "/user/hm74/NYCOpenData/48ka-f6z6.tsv.gz", "columns": [{"column_name": "Borough", "number_non_empty_cells": 350, "number_empty_cells": 0, "number_distinct_values": 5, "frequent_values": ["QUEENS", "BROOKLYN", "BRONX", "MANHATTAN", "STATEN ISLAND"], "dataTypes": [{"type": "TEXT", "count": 350, "shortest_values": [["BRONX", 5], ["BRONX", 5], ["BRONX", 5], ["BRONX", 5], ["BRONX", 5]], "longest_values": [["STATEN ISLAND", 13], ["STATEN ISLAND", 13], ["STATEN ISLAND", 13], ["STATEN ISLAND", 13], ["STATEN ISLAND", 13]], "average_length": 8.200000000000001}]}, {"column_name": "Grade", "number_non_empty_cells": 350, "number_empty_cells": 0, "number_distinct_values": 7, "frequent_values": ["7", "3", "8", "5", "6"], "dataTypes": [{"type": "INTEGER (LONG)", "count": 300, "max_value": 8, "min_value": 3, "mean": 5.499999999999999, "stddev": 1.707825127659933}, {"type": "TEXT", "count": 50, "shortest_values": [["All Grades", 10], ["All Grades", 10], ["All Grades", 10], ["All Grades", 10], ["All Grades", 10]], "longest_values": [["All Grades", 10], ["All Grades", 10], ["All Grades", 10], ["All Grades", 10], ["All Grades", 10]], "average_length": 10.0}]}, {"column_name": "Year", "number_non_empty_cells": 350, "number_empty_cells": 0, "number_distinct_values": 5, "frequent_values": [2015, 2013, 2014, 2016, 2017], "dataTypes": [{"type": "INTEGER (LONG)", "count": 350, "max_value": 2017, "min_value": 2013, "mean": 2015.0000000000011, "stddev": 1.4142135623730876}]}, {"column_name": "Category", "number_non_empty_cells": 350, "number_empty_cells": 0, "number_distinct_values": 2, "frequent_values": ["Female", "Male"], "dataTypes": [{"type": "TEXT", "count": 350, "shortest_values": [["Male", 4], ["Male", 4], ["Male", 4], ["Male", 4], ["Male", 4]], "longest_values": [["Female", 6], ["Female", 6], ["Female", 6], ["Female", 6], ["Female", 6]], "average_length": 5.0}]}, {"column_name": "Number_Tested", "number_non_empty_cells": 350, "number_empty_cells": 0, "number_distinct_values": 342, "frequent_values": [2205, 2219, 4157, 6774, 7462], "dataTypes": [{"type": "INTEGER (LONG)", "count": 350, "max_value": 64960, "min_value": 1467, "mean": 11457.045714285718, "stddev": 14010.320664349912}]}, {"column_name": "Mean_Scale_Score", "number_non_empty_cells": 350, "number_empty_cells": 0, "number_distinct_values": 39, "frequent_values": [307, 304, 310, 309, 308], "dataTypes": [{"type": "INTEGER (LONG)", "count": 350, "max_value": 317, "min_value": 275, "mean": 301.8971428571429, "stddev": 8.933132092362287}]}, {"column_name": "Level1_N", "number_non_empty_cells": 350, "number_empty_cells": 0, "number_distinct_values": 337, "frequent_values": [3004, 688, 2907, 1156, 530], "dataTypes": [{"type": "INTEGER (LONG)", "count": 350, "max_value": 25313, "min_value": 448, "mean": 3861.9142857142842, "stddev": 4885.09103802538}]}, {"column_name": "Level1_%", "number_non_empty_cells": 350, "number_empty_cells": 0, "number_distinct_values": 207, "frequent_values": [30.4, 28.6, 27.0, 29.5, 28.7], "dataTypes": [{"type": "REAL", "count": 350, "max_value": 61.7, "min_value": 19.5, "mean": 33.282, "stddev": 8.898130879171037}]}, {"column_name": "Level2_N", "number_non_empty_cells": 350, "number_empty_cells": 0, "number_distinct_values": 335, "frequent_values": [736, 2755, 1005, 696, 3834], "dataTypes": [{"type": "INTEGER (LONG)", "count": 350, "max_value": 21653, "min_value": 590, "mean": 3609.1542857142867, "stddev": 4459.284160896735}]}, {"column_name": "Level2_%", "number_non_empty_cells": 350, "number_empty_cells": 0, "number_distinct_values": 145, "frequent_values": [31.8, 31.9, 26.1, 31.7, 32.3], "dataTypes": [{"type": "REAL", "count": 350, "max_value": 43.9, "min_value": 20.0, "mean": 31.583142857142853, "stddev": 4.168744429975169}]}, {"column_name": "Level3_N", "number_non_empty_cells": 350, "number_empty_cells": 0, "number_distinct_values": 330, "frequent_values": [1902, 593, 623, 539, 2666], "dataTypes": [{"type": "INTEGER (LONG)", "count": 350, "max_value": 14181, "min_value": 273, "mean": 2239.8971428571394, "stddev": 2838.161851972478}]}, {"column_name": "Level3_%", "number_non_empty_cells": 350, "number_empty_cells": 0, "number_distinct_values": 147, "frequent_values": [20.2, 21.2, 21.4, 23.8, 19.2], "dataTypes": [{"type": "REAL", "count": 350, "max_value": 29.6, "min_value": 8.7, "mean": 19.812571428571427, "stddev": 4.4208159187818605}]}, {"column_name": "Level4_N", "number_non_empty_cells": 350, "number_empty_cells": 0, "number_distinct_values": 331, "frequent_values": [425, 1047, 1804, 386, 762], "dataTypes": [{"type": "INTEGER (LONG)", "count": 350, "max_value": 13069, "min_value": 109, "mean": 1746.0799999999995, "stddev": 2395.9427466090606}]}, {"column_name": "Level4_%", "number_non_empty_cells": 350, "number_empty_cells": 0, "number_distinct_values": 192, "frequent_values": [17.7, 21.1, 15.7, 6.1, 7.0], "dataTypes": [{"type": "REAL", "count": 350, "max_value": 32.7, "min_value": 1.9, "mean": 15.325428571428578, "stddev": 6.965343532849782}]}, {"column_name": "Level3+4_N", "number_non_empty_cells": 350, "number_empty_cells": 0, "number_distinct_values": 336, "frequent_values": [1020, 795, 779, 1451, 1048], "dataTypes": [{"type": "INTEGER (LONG)", "count": 350, "max_value": 26672, "min_value": 409, "mean": 3985.977142857141, "stddev": 5176.4620178587875}]}, {"column_name": "Level3+4_%", "number_non_empty_cells": 350, "number_empty_cells": 0, "number_distinct_values": 221, "frequent_values": [39.5, 41.0, 42.6, 29.0, 34.8], "dataTypes": [{"type": "REAL", "count": 350, "max_value": 55.2, "min_value": 11.2, "mean": 35.13971428571428, "stddev": 10.195396436127233}]}]}