{"dataset_name": "/user/hm74/NYCOpenData/48pb-zy2g.tsv.gz", "columns": [{"column_name": "Cable Provider Name", "number_non_empty_cells": 6, "number_empty_cells": 0, "number_distinct_values": 6, "frequent_values": ["Charter/Spectrum (Citywide)", "RCN Telecom Services of New York", "Charter/Spectrum (Brooklyn and Queens)", "Charter/Spectrum (Staten Island)", "Verizon New York Inc."], "dataTypes": [{"type": "TEXT", "count": 6, "shortest_values": [["Altice USA/Optimum", 18], ["Verizon New York Inc.", 21], ["Charter/Spectrum (Citywide)", 27], ["RCN Telecom Services of New York", 32], ["Charter/Spectrum (Staten Island)", 32]], "longest_values": [["Charter/Spectrum (Brooklyn and Queens)", 38], ["RCN Telecom Services of New York", 32], ["Charter/Spectrum (Staten Island)", 32], ["Charter/Spectrum (Citywide)", 27], ["Verizon New York Inc.", 21]], "average_length": 28.0}]}, {"column_name": "Street Address", "number_non_empty_cells": 5, "number_empty_cells": 1, "number_distinct_values": 6, "frequent_values": ["46 East 23rd Street", "4161 Kissena Boulevard", "6 Corporate Center Drive", "100 Baltimore Drive", "100 Cable Way"], "dataTypes": [{"type": "TEXT", "count": 5, "shortest_values": [["100 Cable Way", 13], ["100 Baltimore Drive", 19], ["46 East 23rd Street", 19], ["4161 Kissena Boulevard", 22], ["6 Corporate Center Drive", 24]], "longest_values": [["6 Corporate Center Drive", 24], ["4161 Kissena Boulevard", 22], ["100 Baltimore Drive", 19], ["46 East 23rd Street", 19], ["100 Cable Way", 13]], "average_length": 19.4}]}, {"column_name": "City, State, Zip", "number_non_empty_cells": 5, "number_empty_cells": 1, "number_distinct_values": 6, "frequent_values": ["Wilkes-Barre, PA 18702", "Flushing, NY 11355", "Staten Island, NY 10303", "New York, NY 10010", "Melville, NY 11747"], "dataTypes": [{"type": "TEXT", "count": 5, "shortest_values": [["New York, NY 10010", 18], ["Flushing, NY 11355", 18], ["Melville, NY 11747", 18], ["Wilkes-Barre, PA 18702", 22], ["Staten Island, NY 10303", 23]], "longest_values": [["Staten Island, NY 10303", 23], ["Wilkes-Barre, PA 18702", 22], ["New York, NY 10010", 18], ["Flushing, NY 11355", 18], ["Melville, NY 11747", 18]], "average_length": 19.8}]}, {"column_name": "Phone", "number_non_empty_cells": 6, "number_empty_cells": 0, "number_distinct_values": 6, "frequent_values": ["(212) 358-0900", "(718) 816-8686", "800-RING-RCN (800-746-4726)", "1-800-VERIZON (1-800-837-4966)", "(718) 617-3500"], "dataTypes": [{"type": "TEXT", "count": 6, "shortest_values": [["(212) 358-0900", 14], ["(718) 358-0900", 14], ["(718) 816-8686", 14], ["(718) 617-3500", 14], ["800-RING-RCN (800-746-4726)", 27]], "longest_values": [["1-800-VERIZON (1-800-837-4966)", 30], ["800-RING-RCN (800-746-4726)", 27], ["(212) 358-0900", 14], ["(718) 358-0900", 14], ["(718) 816-8686", 14]], "average_length": 18.833333333333336}]}, {"column_name": "Fax", "number_non_empty_cells": 1, "number_empty_cells": 5, "number_distinct_values": 2, "frequent_values": ["Fax: (718) 447-2638", null], "dataTypes": [{"type": "TEXT", "count": 1, "shortest_values": [["Fax: (718) 447-2638", 19]], "longest_values": [["Fax: (718) 447-2638", 19]], "average_length": 19.0}]}, {"column_name": "Web Site", "number_non_empty_cells": 6, "number_empty_cells": 0, "number_distinct_values": 4, "frequent_values": ["http://www.timewarnercable.com", "http://www.rcn.com", "http://www.verizon.com/fiostv", "http://www.optimum.com"], "dataTypes": [{"type": "TEXT", "count": 6, "shortest_values": [["http://www.rcn.com", 18], ["http://www.optimum.com", 22], ["http://www.verizon.com/fiostv", 29], ["http://www.timewarnercable.com", 30], ["http://www.timewarnercable.com", 30]], "longest_values": [["http://www.timewarnercable.com", 30], ["http://www.timewarnercable.com", 30], ["http://www.timewarnercable.com", 30], ["http://www.verizon.com/fiostv", 29], ["http://www.optimum.com", 22]], "average_length": 26.5}]}, {"column_name": "Comments", "number_non_empty_cells": 1, "number_empty_cells": 5, "number_distinct_values": 2, "frequent_values": ["To order Verizon FiOS cable service, for technical support, billing inquiries and customer care Call the Phone Number provided", null], "dataTypes": [{"type": "TEXT", "count": 1, "shortest_values": [["To order Verizon FiOS cable service, for technical support, billing inquiries and customer care Call the Phone Number provided", 126]], "longest_values": [["To order Verizon FiOS cable service, for technical support, billing inquiries and customer care Call the Phone Number provided", 126]], "average_length": 126.0}]}, {"column_name": "Borough", "number_non_empty_cells": 3, "number_empty_cells": 3, "number_distinct_values": 4, "frequent_values": ["QUEENS   ", "STATEN IS", "MANHATTAN", null], "dataTypes": [{"type": "TEXT", "count": 3, "shortest_values": [["MANHATTAN", 9], ["QUEENS   ", 9], ["STATEN IS", 9]], "longest_values": [["MANHATTAN", 9], ["QUEENS   ", 9], ["STATEN IS", 9]], "average_length": 9.0}]}, {"column_name": "Postcode", "number_non_empty_cells": 3, "number_empty_cells": 3, "number_distinct_values": 4, "frequent_values": [10010, 10303, 11355, null], "dataTypes": [{"type": "INTEGER (LONG)", "count": 3, "max_value": 11355, "min_value": 10010, "mean": 10556.0, "stddev": 577.502092348302}]}, {"column_name": "Latitude", "number_non_empty_cells": 3, "number_empty_cells": 3, "number_distinct_values": 4, "frequent_values": [40.74061, 40.757519, 40.630095, null], "dataTypes": [{"type": "REAL", "count": 3, "max_value": 40.757519, "min_value": 40.630095, "mean": 40.709408, "stddev": 0.05650600290824926}]}, {"column_name": "Longitude", "number_non_empty_cells": 3, "number_empty_cells": 3, "number_distinct_values": 4, "frequent_values": [-73.827755, -74.166714, -73.987388, null], "dataTypes": [{"type": "REAL", "count": 3, "max_value": -73.827755, "min_value": -74.166714, "mean": -73.99395233333333, "stddev": 0.1384572588065464}]}, {"column_name": "Community Board", "number_non_empty_cells": 3, "number_empty_cells": 3, "number_distinct_values": 4, "frequent_values": [1, 5, 7, null], "dataTypes": [{"type": "INTEGER (LONG)", "count": 3, "max_value": 7, "min_value": 1, "mean": 4.333333333333333, "stddev": 2.494438257849294}]}, {"column_name": "Council District", "number_non_empty_cells": 3, "number_empty_cells": 3, "number_distinct_values": 4, "frequent_values": [20, 49, 2, null], "dataTypes": [{"type": "INTEGER (LONG)", "count": 3, "max_value": 49, "min_value": 2, "mean": 23.666666666666664, "stddev": 19.362047641943477}]}, {"column_name": "Census Tract", "number_non_empty_cells": 3, "number_empty_cells": 3, "number_distinct_values": 4, "frequent_values": [853, 323, 56, null], "dataTypes": [{"type": "INTEGER (LONG)", "count": 3, "max_value": 853, "min_value": 56, "mean": 410.6666666666667, "stddev": 331.22634087416554}]}, {"column_name": "BIN", "number_non_empty_cells": 3, "number_empty_cells": 3, "number_distinct_values": 4, "frequent_values": [1016287, 5028501, 4114293, null], "dataTypes": [{"type": "INTEGER (LONG)", "count": 3, "max_value": 5028501, "min_value": 1016287, "mean": 3386360.3333333335, "stddev": 1716950.7410618654}]}, {"column_name": "BBL", "number_non_empty_cells": 3, "number_empty_cells": 3, "number_distinct_values": 4, "frequent_values": [5012680278, 1008510041, 4050450001, null], "dataTypes": [{"type": "INTEGER (LONG)", "count": 3, "max_value": 5012680278, "min_value": 1008510041, "mean": 3357213440.0, "stddev": 1706610191.5492182}]}, {"column_name": "NTA", "number_non_empty_cells": 3, "number_empty_cells": 3, "number_distinct_values": 4, "frequent_values": ["Mariner's Harbor-Arlington-Port Ivory-Graniteville                         ", "Flushing                                                                   ", "Hudson Yards-Chelsea-Flatiron-Union Square                                 ", null], "dataTypes": [{"type": "TEXT", "count": 3, "shortest_values": [["Hudson Yards-Chelsea-Flatiron-Union Square                                 ", 75], ["Flushing                                                                   ", 75], ["Mariner's Harbor-Arlington-Port Ivory-Graniteville                         ", 75]], "longest_values": [["Hudson Yards-Chelsea-Flatiron-Union Square                                 ", 75], ["Flushing                                                                   ", 75], ["Mariner's Harbor-Arlington-Port Ivory-Graniteville                         ", 75]], "average_length": 75.0}]}]}