{"dataset_name": "/user/hm74/NYCOpenData/49kg-8sce.tsv.gz", "columns": [{"column_name": "District", "number_non_empty_cells": 3136, "number_empty_cells": 0, "number_distinct_values": 32, "frequent_values": [31, 28, 26, 27, 12], "dataTypes": [{"type": "INTEGER (LONG)", "count": 3136, "max_value": 32, "min_value": 1, "mean": 16.499999999999996, "stddev": 9.233092656309697}]}, {"column_name": "Grade", "number_non_empty_cells": 3136, "number_empty_cells": 0, "number_distinct_values": 7, "frequent_values": ["7", "3", "8", "5", "6"], "dataTypes": [{"type": "INTEGER (LONG)", "count": 2688, "max_value": 8, "min_value": 3, "mean": 5.500000000000007, "stddev": 1.7078251276599314}, {"type": "TEXT", "count": 448, "shortest_values": [["All Grades", 10], ["All Grades", 10], ["All Grades", 10], ["All Grades", 10], ["All Grades", 10]], "longest_values": [["All Grades", 10], ["All Grades", 10], ["All Grades", 10], ["All Grades", 10], ["All Grades", 10]], "average_length": 10.0}]}, {"column_name": "Year", "number_non_empty_cells": 3136, "number_empty_cells": 0, "number_distinct_values": 7, "frequent_values": [2007, 2006, 2012, 2009, 2010], "dataTypes": [{"type": "INTEGER (LONG)", "count": 3136, "max_value": 2012, "min_value": 2006, "mean": 2008.9999999999977, "stddev": 2.0000000000000018}]}, {"column_name": "Demographic", "number_non_empty_cells": 3136, "number_empty_cells": 0, "number_distinct_values": 2, "frequent_values": ["Female", "Male"], "dataTypes": [{"type": "TEXT", "count": 3136, "shortest_values": [["Male", 4], ["Male", 4], ["Male", 4], ["Male", 4], ["Male", 4]], "longest_values": [["Female", 6], ["Female", 6], ["Female", 6], ["Female", 6], ["Female", 6]], "average_length": 5.0}]}, {"column_name": "Number_Tested", "number_non_empty_cells": 3136, "number_empty_cells": 0, "number_distinct_values": 1738, "frequent_values": [635, 663, 649, 1107, 633], "dataTypes": [{"type": "INTEGER (LONG)", "count": 3136, "max_value": 13735, "min_value": 291, "mean": 1834.5676020408184, "stddev": 2178.568292274407}]}, {"column_name": "Mean_Scale_Score", "number_non_empty_cells": 3136, "number_empty_cells": 0, "number_distinct_values": 77, "frequent_values": [661, 653, 654, 663, 659], "dataTypes": [{"type": "INTEGER (LONG)", "count": 3136, "max_value": 696, "min_value": 616, "mean": 657.1100127551017, "stddev": 12.122817571307062}]}, {"column_name": "Num_Level_1", "number_non_empty_cells": 3136, "number_empty_cells": 0, "number_distinct_values": 611, "frequent_values": [1, 6, 48, 119, 0], "dataTypes": [{"type": "INTEGER (LONG)", "count": 3136, "max_value": 2765, "min_value": 0, "mean": 180.5178571428569, "stddev": 270.895096633553}]}, {"column_name": "Pct_Level_1", "number_non_empty_cells": 3136, "number_empty_cells": 0, "number_distinct_values": 315, "frequent_values": [0.2, 0.0, 11.4, 0.6, 6.7], "dataTypes": [{"type": "REAL", "count": 3136, "max_value": 36.2, "min_value": 0.0, "mean": 10.14454719387754, "stddev": 7.087395995822392}]}, {"column_name": "Num_Level_2", "number_non_empty_cells": 3136, "number_empty_cells": 0, "number_distinct_values": 1208, "frequent_values": [391, 247, 214, 324, 321], "dataTypes": [{"type": "INTEGER (LONG)", "count": 3136, "max_value": 5896, "min_value": 32, "mean": 701.5542091836725, "stddev": 862.2692953031487}]}, {"column_name": "Pct_Level_2", "number_non_empty_cells": 3136, "number_empty_cells": 0, "number_distinct_values": 546, "frequent_values": [46.5, 39.5, 36.0, 41.0, 37.5], "dataTypes": [{"type": "REAL", "count": 3136, "max_value": 69.8, "min_value": 4.2, "mean": 38.944993622449, "stddev": 11.930184629473537}]}, {"column_name": "Num_Level_3", "number_non_empty_cells": 3136, "number_empty_cells": 0, "number_distinct_values": 1334, "frequent_values": [185, 631, 157, 573, 250], "dataTypes": [{"type": "INTEGER (LONG)", "count": 3136, "max_value": 8825, "min_value": 44, "mean": 863.4674744897952, "stddev": 1104.8397500562414}]}, {"column_name": "Pct_Level_3", "number_non_empty_cells": 3136, "number_empty_cells": 0, "number_distinct_values": 602, "frequent_values": [45.4, 52.1, 44.1, 46.3, 51.2], "dataTypes": [{"type": "REAL", "count": 3136, "max_value": 79.5, "min_value": 10.4, "mean": 46.18922193877541, "stddev": 14.144471585585555}]}, {"column_name": "Num_Level_4", "number_non_empty_cells": 3136, "number_empty_cells": 0, "number_distinct_values": 423, "frequent_values": [5, 2, 1, 10, 4], "dataTypes": [{"type": "INTEGER (LONG)", "count": 3136, "max_value": 1376, "min_value": 0, "mean": 89.0280612244895, "stddev": 148.25874067675565}]}, {"column_name": "Pct_Level_4", "number_non_empty_cells": 3136, "number_empty_cells": 0, "number_distinct_values": 224, "frequent_values": [0.7, 0.6, 0.3, 1.5, 1.6], "dataTypes": [{"type": "REAL", "count": 3136, "max_value": 34.0, "min_value": 0.0, "mean": 4.72267219387754, "stddev": 4.612610888793977}]}, {"column_name": "Num_Level_3_and_4", "number_non_empty_cells": 3136, "number_empty_cells": 0, "number_distinct_values": 1414, "frequent_values": [244, 321, 240, 182, 724], "dataTypes": [{"type": "INTEGER (LONG)", "count": 3136, "max_value": 9951, "min_value": 45, "mean": 952.4955357142858, "stddev": 1226.0792996212201}]}, {"column_name": "Pct_Level_3_and_4", "number_non_empty_cells": 3136, "number_empty_cells": 0, "number_distinct_values": 707, "frequent_values": [40.4, 47.7, 42.6, 49.1, 59.0], "dataTypes": [{"type": "REAL", "count": 3136, "max_value": 95.6, "min_value": 10.4, "mean": 50.91170280612253, "stddev": 16.78631515363589}]}]}