{"dataset_name": "/user/hm74/NYCOpenData/4axi-di9c.tsv.gz", "columns": [{"column_name": "district", "number_non_empty_cells": 2688, "number_empty_cells": 0, "number_distinct_values": 32, "frequent_values": [31, 28, 26, 27, 12], "dataTypes": [{"type": "INTEGER (LONG)", "count": 2688, "max_value": 32, "min_value": 1, "mean": 16.49999999999996, "stddev": 9.233092656309688}]}, {"column_name": "Grade", "number_non_empty_cells": 2688, "number_empty_cells": 0, "number_distinct_values": 7, "frequent_values": ["7", "3", "8", "5", "6"], "dataTypes": [{"type": "INTEGER (LONG)", "count": 2304, "max_value": 8, "min_value": 3, "mean": 5.49999999999999, "stddev": 1.7078251276599317}, {"type": "TEXT", "count": 384, "shortest_values": [["All Grades", 10], ["All Grades", 10], ["All Grades", 10], ["All Grades", 10], ["All Grades", 10]], "longest_values": [["All Grades", 10], ["All Grades", 10], ["All Grades", 10], ["All Grades", 10], ["All Grades", 10]], "average_length": 10.0}]}, {"column_name": "Year", "number_non_empty_cells": 2688, "number_empty_cells": 0, "number_distinct_values": 4, "frequent_values": [2015, 2014, 2016, 2017], "dataTypes": [{"type": "INTEGER (LONG)", "count": 2688, "max_value": 2017, "min_value": 2014, "mean": 2015.4999999999993, "stddev": 1.1180339887498925}]}, {"column_name": "Category", "number_non_empty_cells": 2688, "number_empty_cells": 0, "number_distinct_values": 3, "frequent_values": ["Never ELL", "Current ELL", "Ever ELL"], "dataTypes": [{"type": "TEXT", "count": 2688, "shortest_values": [["Ever ELL", 8], ["Ever ELL", 8], ["Ever ELL", 8], ["Ever ELL", 8], ["Ever ELL", 8]], "longest_values": [["Current ELL", 11], ["Current ELL", 11], ["Current ELL", 11], ["Current ELL", 11], ["Current ELL", 11]], "average_length": 9.3333333333333}]}, {"column_name": "Number_Tested", "number_non_empty_cells": 2688, "number_empty_cells": 0, "number_distinct_values": 1449, "frequent_values": [41, 100, 43, 202, 176], "dataTypes": [{"type": "INTEGER (LONG)", "count": 2688, "max_value": 23012, "min_value": 10, "mean": 1200.1480654761922, "stddev": 2221.451052504164}]}, {"column_name": "Mean_Scale_Score", "number_non_empty_cells": 2688, "number_empty_cells": 0, "number_distinct_values": 94, "frequent_values": [305, 301, 307, 308, 304], "dataTypes": [{"type": "INTEGER (LONG)", "count": 2688, "max_value": 336, "min_value": 241, "mean": 292.21168154761887, "stddev": 21.01930583316475}]}, {"column_name": "Level1_N", "number_non_empty_cells": 2688, "number_empty_cells": 0, "number_distinct_values": 862, "frequent_values": [42, 33, 5, 34, 23], "dataTypes": [{"type": "INTEGER (LONG)", "count": 2688, "max_value": 6182, "min_value": 0, "mean": 364.19419642857116, "stddev": 650.8626997719366}]}, {"column_name": "Level1_%", "number_non_empty_cells": 2688, "number_empty_cells": 0, "number_distinct_values": 798, "frequent_values": [24.0, 22.2, 20.8, 30.7, 25.0], "dataTypes": [{"type": "REAL", "count": 2688, "max_value": 97.8, "min_value": 0.0, "mean": 39.68009672619047, "stddev": 24.891407943810027}]}, {"column_name": "Level2_N", "number_non_empty_cells": 2688, "number_empty_cells": 0, "number_distinct_values": 933, "frequent_values": [10, 15, 7, 36, 22], "dataTypes": [{"type": "INTEGER (LONG)", "count": 2688, "max_value": 8891, "min_value": 1, "mean": 424.2120535714288, "stddev": 801.8016383343595}]}, {"column_name": "Level2_%", "number_non_empty_cells": 2688, "number_empty_cells": 0, "number_distinct_values": 488, "frequent_values": [38.4, 39.3, 36.5, 35.4, 35.3], "dataTypes": [{"type": "REAL", "count": 2688, "max_value": 68.3, "min_value": 2.2, "mean": 34.91450892857147, "stddev": 10.77596763539528}]}, {"column_name": "Level3_N", "number_non_empty_cells": 2688, "number_empty_cells": 0, "number_distinct_values": 761, "frequent_values": [1, 0, 2, 3, 5], "dataTypes": [{"type": "INTEGER (LONG)", "count": 2688, "max_value": 6913, "min_value": 0, "mean": 275.88095238095264, "stddev": 604.3391885979951}]}, {"column_name": "Level3_%", "number_non_empty_cells": 2688, "number_empty_cells": 0, "number_distinct_values": 468, "frequent_values": [0.0, 1.6, 1.2, 2.3, 1.0], "dataTypes": [{"type": "REAL", "count": 2688, "max_value": 59.2, "min_value": 0.0, "mean": 18.007366071428596, "stddev": 12.737614989547456}]}, {"column_name": "Level4_N", "number_non_empty_cells": 2688, "number_empty_cells": 0, "number_distinct_values": 532, "frequent_values": [0, 1, 2, 3, 4], "dataTypes": [{"type": "INTEGER (LONG)", "count": 2688, "max_value": 4763, "min_value": 0, "mean": 135.86086309523802, "stddev": 358.92002357000536}]}, {"column_name": "Level4_%", "number_non_empty_cells": 2688, "number_empty_cells": 0, "number_distinct_values": 332, "frequent_values": [0.0, 0.4, 0.2, 0.5, 0.3], "dataTypes": [{"type": "REAL", "count": 2688, "max_value": 47.0, "min_value": 0.0, "mean": 7.399441964285714, "stddev": 8.439614575479371}]}, {"column_name": "Level3+4_N", "number_non_empty_cells": 2688, "number_empty_cells": 0, "number_distinct_values": 886, "frequent_values": [0, 1, 2, 4, 3], "dataTypes": [{"type": "INTEGER (LONG)", "count": 2688, "max_value": 10990, "min_value": 0, "mean": 411.74181547619105, "stddev": 945.7319866814374}]}, {"column_name": "Level3+4_%", "number_non_empty_cells": 2688, "number_empty_cells": 0, "number_distinct_values": 649, "frequent_values": [0.0, 1.2, 2.2, 2.3, 2.0], "dataTypes": [{"type": "REAL", "count": 2688, "max_value": 78.4, "min_value": 0.0, "mean": 25.406547619047636, "stddev": 19.476095359748538}]}]}