{"dataset_name": "/user/hm74/NYCOpenData/4c8i-cnte.tsv.gz", "columns": [{"column_name": "Year", "number_non_empty_cells": 10, "number_empty_cells": 0, "number_distinct_values": 10, "frequent_values": [2015, 2013, 2014, 2012, 2009], "dataTypes": [{"type": "INTEGER (LONG)", "count": 10, "max_value": 2017, "min_value": 2008, "mean": 2012.5, "stddev": 2.8722813232690143}]}, {"column_name": "NYC", "number_non_empty_cells": 10, "number_empty_cells": 0, "number_distinct_values": 10, "frequent_values": ["84.2%", "80.0%", "77.3%", "85.9%", "84.8%"], "dataTypes": [{"type": "TEXT", "count": 10, "shortest_values": [["66.0%", 5], ["77.3%", 5], ["84.9%", 5], ["84.2%", 5], ["83.7%", 5]], "longest_values": [["66.0%", 5], ["77.3%", 5], ["84.9%", 5], ["84.2%", 5], ["83.7%", 5]], "average_length": 5.0}]}, {"column_name": "US", "number_non_empty_cells": 10, "number_empty_cells": 0, "number_distinct_values": 10, "frequent_values": ["69.0%", "75.0%", "62.9%", "75.6%", "72.0%"], "dataTypes": [{"type": "TEXT", "count": 10, "shortest_values": [["56.6%", 5], ["62.9%", 5], ["69.0%", 5], ["72.0%", 5], ["74.2%", 5]], "longest_values": [["56.6%", 5], ["62.9%", 5], ["69.0%", 5], ["72.0%", 5], ["74.2%", 5]], "average_length": 5.0}]}]}