{"dataset_name": "/user/hm74/NYCOpenData/4cga-5i5v.tsv.gz", "columns": [{"column_name": "Day", "number_non_empty_cells": 830, "number_empty_cells": 0, "number_distinct_values": 45, "frequent_values": ["08/06/2018", "07/25/2018", "07/31/2018", "08/20/2018", "08/03/2018"], "dataTypes": [{"type": "DATE/TIME", "count": 830, "max_value": "3018-07-31T00:00:00", "min_value": "2018-07-05T00:00:00"}]}, {"column_name": "Borough", "number_non_empty_cells": 830, "number_empty_cells": 0, "number_distinct_values": 5, "frequent_values": ["Manhattan", "Brooklyn", "Bronx", "Staten Island", "Queens"], "dataTypes": [{"type": "TEXT", "count": 830, "shortest_values": [["Bronx", 5], ["Bronx", 5], ["Bronx", 5], ["Bronx", 5], ["Bronx", 5]], "longest_values": [["Staten Island", 13], ["Staten Island", 13], ["Staten Island", 13], ["Staten Island", 13], ["Staten Island", 13]], "average_length": 8.349397590361436}]}, {"column_name": "Swimming_Pool", "number_non_empty_cells": 830, "number_empty_cells": 0, "number_distinct_values": 15, "frequent_values": ["Hamilton Fish", "Asser Levy", "Lasker", "Tony Dapolito", "John Jay"], "dataTypes": [{"type": "TEXT", "count": 830, "shortest_values": [["Lyons", 5], ["Lyons", 5], ["Lyons", 5], ["Lyons", 5], ["Lyons", 5]], "longest_values": [["Thomas Jefferson", 16], ["Thomas Jefferson", 16], ["Thomas Jefferson", 16], ["Thomas Jefferson", 16], ["Thomas Jefferson", 16]], "average_length": 9.454216867469869}]}, {"column_name": "Program_Type", "number_non_empty_cells": 830, "number_empty_cells": 0, "number_distinct_values": 2, "frequent_values": ["Early Bird", "Night Owl"], "dataTypes": [{"type": "TEXT", "count": 830, "shortest_values": [["Night Owl", 9], ["Night Owl", 9], ["Night Owl", 9], ["Night Owl", 9], ["Night Owl", 9]], "longest_values": [["Early Bird", 10], ["Early Bird", 10], ["Early Bird", 10], ["Early Bird", 10], ["Early Bird", 10]], "average_length": 9.519277108433728}]}, {"column_name": "Male_Registration", "number_non_empty_cells": 830, "number_empty_cells": 0, "number_distinct_values": 28, "frequent_values": [0, 1, 2, 3, 4], "dataTypes": [{"type": "INTEGER (LONG)", "count": 830, "max_value": 57, "min_value": 0, "mean": 2.675903614457832, "stddev": 4.719329397977369}]}, {"column_name": "Female_Registration", "number_non_empty_cells": 830, "number_empty_cells": 0, "number_distinct_values": 31, "frequent_values": [0, 1, 2, 3, 4], "dataTypes": [{"type": "INTEGER (LONG)", "count": 830, "max_value": 47, "min_value": 0, "mean": 3.3795180722891582, "stddev": 5.435210042075709}]}, {"column_name": "Total_Registration", "number_non_empty_cells": 830, "number_empty_cells": 0, "number_distinct_values": 48, "frequent_values": [0, 1, 2, 3, 4], "dataTypes": [{"type": "INTEGER (LONG)", "count": 830, "max_value": 103, "min_value": 0, "mean": 6.05542168674699, "stddev": 9.793620409521429}]}, {"column_name": "Male_Attendance", "number_non_empty_cells": 830, "number_empty_cells": 0, "number_distinct_values": 79, "frequent_values": [0, 6, 5, 10, 13], "dataTypes": [{"type": "INTEGER (LONG)", "count": 830, "max_value": 93, "min_value": 0, "mean": 20.827710843373517, "stddev": 18.17910765138723}]}, {"column_name": "Female_Attendance", "number_non_empty_cells": 830, "number_empty_cells": 0, "number_distinct_values": 80, "frequent_values": [0, 15, 13, 14, 12], "dataTypes": [{"type": "INTEGER (LONG)", "count": 830, "max_value": 157, "min_value": 0, "mean": 23.363855421686733, "stddev": 18.53651933322828}]}, {"column_name": "Total_Attendance", "number_non_empty_cells": 830, "number_empty_cells": 0, "number_distinct_values": 140, "frequent_values": [0, 21, 20, 9, 22], "dataTypes": [{"type": "INTEGER (LONG)", "count": 830, "max_value": 195, "min_value": 0, "mean": 44.19156626506022, "stddev": 35.33244082504417}]}]}