{"dataset_name": "/user/hm74/NYCOpenData/4e8h-wu86.tsv.gz", "columns": [{"column_name": "Borough", "number_non_empty_cells": 195, "number_empty_cells": 0, "number_distinct_values": 5, "frequent_values": ["Queens", "Brooklyn", "Staten Island", "Manhattan", "Bronx"], "dataTypes": [{"type": "TEXT", "count": 195, "shortest_values": [["Bronx", 5], ["Bronx", 5], ["Bronx", 5], ["Bronx", 5], ["Bronx", 5]], "longest_values": [["Staten Island", 13], ["Staten Island", 13], ["Staten Island", 13], ["Staten Island", 13], ["Staten Island", 13]], "average_length": 8.200000000000003}]}, {"column_name": "Fiscal Year (ending in June)", "number_non_empty_cells": 195, "number_empty_cells": 0, "number_distinct_values": 13, "frequent_values": [2007, 2015, 2006, 2013, 2014], "dataTypes": [{"type": "INTEGER (LONG)", "count": 195, "max_value": 2019, "min_value": 2006, "mean": 2012.0769230769235, "stddev": 3.8722193688163307}]}, {"column_name": "Early Discharge Request Status", "number_non_empty_cells": 195, "number_empty_cells": 0, "number_distinct_values": 3, "frequent_values": ["Requests Disapproved", "New Requests", "Requests Approved"], "dataTypes": [{"type": "TEXT", "count": 195, "shortest_values": [["New Requests", 12], ["New Requests", 12], ["New Requests", 12], ["New Requests", 12], ["New Requests", 12]], "longest_values": [["Requests Disapproved", 20], ["Requests Disapproved", 20], ["Requests Disapproved", 20], ["Requests Disapproved", 20], ["Requests Disapproved", 20]], "average_length": 16.333333333333325}]}, {"column_name": "Early Discharge Count", "number_non_empty_cells": 195, "number_empty_cells": 0, "number_distinct_values": 140, "frequent_values": [5, 23, 63, 0, 64], "dataTypes": [{"type": "INTEGER (LONG)", "count": 195, "max_value": 1023, "min_value": 0, "mean": 149.34871794871822, "stddev": 178.76080978150935}]}]}