{"dataset_name": "/user/hm74/NYCOpenData/4edb-7rb7.tsv.gz", "columns": [{"column_name": "DBN", "number_non_empty_cells": 12090, "number_empty_cells": 0, "number_distinct_values": 1162, "frequent_values": ["21K099", "21K095", "03M165", "13K282", "30Q122"], "dataTypes": [{"type": "DATE/TIME", "count": 412, "max_value": "2019-12-08T00:06:52", "min_value": "2019-12-08T00:01:15"}, {"type": "TEXT", "count": 11678, "shortest_values": [["01M063", 6], ["01M063", 6], ["01M063", 6], ["01M063", 6], ["01M063", 6]], "longest_values": [["01M063", 6], ["01M063", 6], ["01M063", 6], ["01M063", 6], ["01M063", 6]], "average_length": 6.0}]}, {"column_name": "School_Name", "number_non_empty_cells": 11613, "number_empty_cells": 477, "number_distinct_values": 1159, "frequent_values": ["P.S. 253", "P.S. 212", "P.S. 099 ISAAC ASIMOV", "P.S. 095 THE GRAVESEND", "P.S. 282 PARK SLOPE"], "dataTypes": [{"type": "TEXT", "count": 12090, "shortest_values": [["KAPPA", 5], ["KAPPA", 5], ["KAPPA", 5], ["KAPPA", 5], ["PS 78", 5]], "longest_values": [["ACADEMY FOR COLLEGE PREPARATION AND CAREER EXPLORATION: A COLLEGE BOARD SCHOOL", 78], ["ACADEMY FOR COLLEGE PREPARATION AND CAREER EXPLORATION: A COLLEGE BOARD SCHOOL", 78], ["ACADEMY FOR COLLEGE PREPARATION AND CAREER EXPLORATION: A COLLEGE BOARD SCHOOL", 78], ["PS 80 THE THURGOOD MARSHALL MAGNET SCHOOL OF MULTIMEDIA AND COMMUNICATION", 73], ["PS 80 THE THURGOOD MARSHALL MAGNET SCHOOL OF MULTIMEDIA AND COMMUNICATION", 73]], "average_length": 25.477336641852723}]}, {"column_name": "Grade_Level", "number_non_empty_cells": 12090, "number_empty_cells": 0, "number_distinct_values": 10, "frequent_values": ["K", "1", "2", "3", "4"], "dataTypes": [{"type": "INTEGER (LONG)", "count": 9444, "max_value": 8, "min_value": 1, "mean": 4.090216010165174, "stddev": 2.202361366983489}, {"type": "TEXT", "count": 2646, "shortest_values": [["K", 1], ["K", 1], ["K", 1], ["K", 1], ["K", 1]], "longest_values": [["K-8 SC", 6], ["K-8 SC", 6], ["K-8 SC", 6], ["K-8 SC", 6], ["K-8 SC", 6]], "average_length": 3.292139077853357}]}, {"column_name": "Program_Type", "number_non_empty_cells": 12090, "number_empty_cells": 0, "number_distinct_values": 9, "frequent_values": ["Gen Ed", "ICT", "SC 12:01:01", "G&T", "SC 12:01"], "dataTypes": [{"type": "TEXT", "count": 12090, "shortest_values": [["G&T", 3], ["ICT", 3], ["G&T", 3], ["ICT", 3], ["G&T", 3]], "longest_values": [["SC 12:01:01", 11], ["SC 12:01:01", 11], ["SC 12:01:01", 11], ["SC 12:01:01", 11], ["SC 12:01:01", 11]], "average_length": 5.11083540115798}]}, {"column_name": "Number_of_Students", "number_non_empty_cells": 12090, "number_empty_cells": 0, "number_distinct_values": 347, "frequent_values": [25, 24, 27, 23, 28], "dataTypes": [{"type": "INTEGER (LONG)", "count": 12090, "max_value": 580, "min_value": 2, "mean": 52.51546732837049, "stddev": 48.99210585083803}]}, {"column_name": "Number_of_Classes", "number_non_empty_cells": 12090, "number_empty_cells": 0, "number_distinct_values": 21, "frequent_values": [1, 2, 3, 4, 5], "dataTypes": [{"type": "INTEGER (LONG)", "count": 12090, "max_value": 21, "min_value": 1, "mean": 2.2217535153019, "stddev": 1.789189086398636}]}, {"column_name": "Average_Class_Size", "number_non_empty_cells": 12090, "number_empty_cells": 0, "number_distinct_values": 477, "frequent_values": [25.0, 24.0, 27.0, 26.0, 28.0], "dataTypes": [{"type": "REAL", "count": 12090, "max_value": 48.0, "min_value": 2.0, "mean": 23.659562862448293, "stddev": 6.256921093165792}]}, {"column_name": "Minimum_Class_Size", "number_non_empty_cells": 12090, "number_empty_cells": 0, "number_distinct_values": 40, "frequent_values": [25, 24, 27, 26, 23], "dataTypes": [{"type": "INTEGER (LONG)", "count": 12090, "max_value": 48, "min_value": 2, "mean": 22.798180314309402, "stddev": 6.545151192517469}]}, {"column_name": "Maximum_Class_Size", "number_non_empty_cells": 12090, "number_empty_cells": 0, "number_distinct_values": 43, "frequent_values": [25, 30, 27, 28, 26], "dataTypes": [{"type": "INTEGER (LONG)", "count": 12090, "max_value": 49, "min_value": 2, "mean": 24.438709677419393, "stddev": 6.254666306820442}]}]}