{"dataset_name": "/user/hm74/NYCOpenData/4epu-t832.tsv.gz", "columns": [{"column_name": "Borough", "number_non_empty_cells": 65, "number_empty_cells": 0, "number_distinct_values": 5, "frequent_values": ["Queens", "Brooklyn", "Staten Island", "Manhattan", "Bronx"], "dataTypes": [{"type": "TEXT", "count": 65, "shortest_values": [["Bronx", 5], ["Bronx", 5], ["Bronx", 5], ["Bronx", 5], ["Bronx", 5]], "longest_values": [["Staten Island", 13], ["Staten Island", 13], ["Staten Island", 13], ["Staten Island", 13], ["Staten Island", 13]], "average_length": 8.200000000000001}]}, {"column_name": "Fiscal Year (ending in June)", "number_non_empty_cells": 65, "number_empty_cells": 0, "number_distinct_values": 13, "frequent_values": [2007, 2015, 2006, 2013, 2014], "dataTypes": [{"type": "INTEGER (LONG)", "count": 65, "max_value": 2019, "min_value": 2006, "mean": 2012.0769230769233, "stddev": 3.8722193688163755}]}, {"column_name": "Supervision Caseload  Count", "number_non_empty_cells": 65, "number_empty_cells": 0, "number_distinct_values": 64, "frequent_values": [743, 626, 368, 183, 596], "dataTypes": [{"type": "INTEGER (LONG)", "count": 65, "max_value": 943, "min_value": 35, "mean": 423.2153846153846, "stddev": 251.92388913550806}]}]}