{"dataset_name": "/user/hm74/NYCOpenData/4f2g-zrdv.tsv.gz", "columns": [{"column_name": "ProviderType", "number_non_empty_cells": 8, "number_empty_cells": 0, "number_distinct_values": 1, "frequent_values": ["HOME DELIVERED MEAL SERVICE CONTRACTS"], "dataTypes": [{"type": "TEXT", "count": 8, "shortest_values": [["HOME DELIVERED MEAL SERVICE CONTRACTS", 37], ["HOME DELIVERED MEAL SERVICE CONTRACTS", 37], ["HOME DELIVERED MEAL SERVICE CONTRACTS", 37], ["HOME DELIVERED MEAL SERVICE CONTRACTS", 37], ["HOME DELIVERED MEAL SERVICE CONTRACTS", 37]], "longest_values": [["HOME DELIVERED MEAL SERVICE CONTRACTS", 37], ["HOME DELIVERED MEAL SERVICE CONTRACTS", 37], ["HOME DELIVERED MEAL SERVICE CONTRACTS", 37], ["HOME DELIVERED MEAL SERVICE CONTRACTS", 37], ["HOME DELIVERED MEAL SERVICE CONTRACTS", 37]], "average_length": 37.0}]}, {"column_name": "DFTA ID", "number_non_empty_cells": 8, "number_empty_cells": 0, "number_distinct_values": 8, "frequent_values": ["36J01", "15Y01", "46P01", "29E01", "46J01"], "dataTypes": [{"type": "REAL", "count": 1, "max_value": 290.0, "min_value": 290.0, "mean": 290.0, "stddev": 0.0}, {"type": "TEXT", "count": 7, "shortest_values": [["29G01", 5], ["29D01", 5], ["46P01", 5], ["15Y01", 5], ["15X01", 5]], "longest_values": [["29G01", 5], ["29D01", 5], ["46P01", 5], ["15Y01", 5], ["15X01", 5]], "average_length": 5.0}]}, {"column_name": "ContractYear", "number_non_empty_cells": 8, "number_empty_cells": 0, "number_distinct_values": 1, "frequent_values": [2020], "dataTypes": [{"type": "INTEGER (LONG)", "count": 8, "max_value": 2020, "min_value": 2020, "mean": 2020.0, "stddev": 0.0}]}, {"column_name": "SponsorName", "number_non_empty_cells": 7, "number_empty_cells": 1, "number_distinct_values": 7, "frequent_values": ["THE JEWISH ASSOCIATION FOR SERVICES FOR THE AGED", "SERVICES NOW FOR ADULT PERSONS INC", "PETER CARDELLA SENIOR CITIZEN CENTER INC", "WAYSIDE OUT-REACH DEVELOPMENT INC", "CHARLES A WALBURG MULTI SERVICE ORGANIZATION INC"], "dataTypes": [{"type": "TEXT", "count": 8, "shortest_values": [["WAYSIDE OUT-REACH DEVELOPMENT INC", 33], ["REGIONAL AID FOR INTERIM NEEDS INC", 34], ["SERVICES NOW FOR ADULT PERSONS INC", 34], ["MID BRONX SENIOR CITIZENS COUNCIL INC", 37], ["PETER CARDELLA SENIOR CITIZEN CENTER INC", 40]], "longest_values": [["THE JEWISH ASSOCIATION FOR SERVICES FOR THE AGED", 48], ["CHARLES A WALBURG MULTI SERVICE ORGANIZATION INC", 48], ["THE JEWISH ASSOCIATION FOR SERVICES FOR THE AGED", 48], ["PETER CARDELLA SENIOR CITIZEN CENTER INC", 40], ["MID BRONX SENIOR CITIZENS COUNCIL INC", 37]], "average_length": 40.25}]}, {"column_name": "ProgramName", "number_non_empty_cells": 7, "number_empty_cells": 1, "number_distinct_values": 7, "frequent_values": ["JASA HOME DELIVERED MEALS", "RAIN HOME DELIVERED MEALS", "SNAP HOME DELIVERED MEALS", "CHARLES WALBURG HOME DELIVERED MEALS", "MID BRONX HOME DELIVERED MEALS"], "dataTypes": [{"type": "TEXT", "count": 8, "shortest_values": [["JASA HOME DELIVERED MEALS", 25], ["RAIN HOME DELIVERED MEALS", 25], ["SNAP HOME DELIVERED MEALS", 25], ["JASA HOME DELIVERED MEALS", 25], ["WAYSIDE HOME DELIVERED MEALS", 28]], "longest_values": [["CHARLES WALBURG HOME DELIVERED MEALS", 36], ["PETER CARDELLA HOME DELIVERED MEALS", 35], ["MID BRONX HOME DELIVERED MEALS", 30], ["WAYSIDE HOME DELIVERED MEALS", 28], ["JASA HOME DELIVERED MEALS", 25]], "average_length": 28.625}]}, {"column_name": "ServiceID", "number_non_empty_cells": 8, "number_empty_cells": 0, "number_distinct_values": 1, "frequent_values": ["HDAM"], "dataTypes": [{"type": "TEXT", "count": 8, "shortest_values": [["HDAM", 4], ["HDAM", 4], ["HDAM", 4], ["HDAM", 4], ["HDAM", 4]], "longest_values": [["HDAM", 4], ["HDAM", 4], ["HDAM", 4], ["HDAM", 4], ["HDAM", 4]], "average_length": 4.0}]}, {"column_name": "ServiceName", "number_non_empty_cells": 8, "number_empty_cells": 0, "number_distinct_values": 1, "frequent_values": ["HOME DELIVERED ALT MEALS"], "dataTypes": [{"type": "TEXT", "count": 8, "shortest_values": [["HOME DELIVERED ALT MEALS", 24], ["HOME DELIVERED ALT MEALS", 24], ["HOME DELIVERED ALT MEALS", 24], ["HOME DELIVERED ALT MEALS", 24], ["HOME DELIVERED ALT MEALS", 24]], "longest_values": [["HOME DELIVERED ALT MEALS", 24], ["HOME DELIVERED ALT MEALS", 24], ["HOME DELIVERED ALT MEALS", 24], ["HOME DELIVERED ALT MEALS", 24], ["HOME DELIVERED ALT MEALS", 24]], "average_length": 24.0}]}, {"column_name": "ReportedMonth", "number_non_empty_cells": 8, "number_empty_cells": 0, "number_distinct_values": 1, "frequent_values": ["Jul 2019"], "dataTypes": [{"type": "DATE/TIME", "count": 8, "max_value": "2019-07-05T00:00:00", "min_value": "2019-07-05T00:00:00"}]}, {"column_name": "ReportedUnits", "number_non_empty_cells": 8, "number_empty_cells": 0, "number_distinct_values": 8, "frequent_values": [20651, 16316, 22876, 7292, 18538], "dataTypes": [{"type": "INTEGER (LONG)", "count": 8, "max_value": 22876, "min_value": 7292, "mean": 16165.25, "stddev": 5090.132924344904}]}]}