{"dataset_name": "/user/hm74/NYCOpenData/4fnu-iufz.tsv.gz", "columns": [{"column_name": "Agency", "number_non_empty_cells": 23748, "number_empty_cells": 0, "number_distinct_values": 47, "frequent_values": ["NYPD", "DSNY", "DOE", "FDNY", "HRA"], "dataTypes": [{"type": "INTEGER (LONG)", "count": "100", "mean": "311.0", "stddev": "0.0", "min_value": "311", "max_value": "311"}, {"type": "TEXT", "count": "23648", "shortest_values": [["HRA", 3], ["HRA", 3], ["HRA", 3], ["HRA", 3], ["HRA", 3]], "longest_values": [["NYCHA", 5], ["NYCHA", 5], ["NYCHA", 5], ["NYCHA", 5], ["NYCHA", 5]], "average_length": "3.581486806495264"}]}, {"column_name": "Indicator_ID", "number_non_empty_cells": 23748, "number_empty_cells": 0, "number_distinct_values": 5385, "frequent_values": ["1-1-03KKXTU", "1-1-033SHG8", "1-1-03KKXU4", "1-1-034YZLS", "6613"], "dataTypes": [{"type": "INTEGER (LONG)", "count": "22443", "mean": "5066.914583611817", "stddev": "2932.0847059553294", "min_value": "96", "max_value": "10350"}, {"type": "DATE/TIME", "count": 15, "min_value": "9999-01-09T00:00:00", "max_value": "2035-01-09T00:00:00"}, {"type": "TEXT", "count": "1290", "shortest_values": [["1-6SAH", 6], ["1-6RR1", 6], ["1-6SAH", 6], ["1-E6VP", 6], ["1-6S7P", 6]], "longest_values": [["1-1-00BHDK4", 11], ["1-1-0A2CE35", 11], ["1-1-00BHDK4", 11], ["1-1-0BLJSH5", 11], ["1-1-0A2CE35", 11]], "average_length": "9.13953488372093"}]}, {"column_name": "Indicator_Name", "number_non_empty_cells": 23748, "number_empty_cells": 0, "number_distinct_values": 1959, "frequent_values": ["Major felony crime", "Felonious assault *", "Crime related to domestic violence - Murder *", "Burglary", "Grand larceny"], "dataTypes": [{"type": "TEXT", "count": "23748", "shortest_values": [["NYCStat", 7], ["NYCStat", 7], ["LifeNet", 7], ["NYCStat", 7], ["LifeNet", 7]], "longest_values": [["Youth who are out-of-school, attend a DYCD-funded training or employment program, and are placed in post-secondary education, employment, or advanced training in the 1st quarter after exiting the program (%)", 207], ["Youth who are out-of-school, attend a DYCD-funded training or employment program, and are placed in post-secondary education, employment, or advanced training in the 1st quarter after exiting the program (%)", 207], ["Youth who are out-of-school, attend a DYCD-funded training or employment program, and are placed in post-secondary education, employment, or advanced training in the 1st quarter after exiting the program (%)", 207], ["Youth who are out-of-school, attend a DYCD-funded training or employment program, and are placed in post-secondary education, employment, or advanced training in the 1st quarter after exiting the program (%)", 207], ["Youth who are out-of-school, attend a DYCD-funded training or employment program, and are placed in post-secondary education, employment, or advanced training in the 1st quarter after exiting the program (%)", 207]], "average_length": "45.07857503789793"}]}, {"column_name": "Indicator_Sequence", "number_non_empty_cells": 23748, "number_empty_cells": 0, "number_distinct_values": 110, "frequent_values": [0, 9, 3, 1, 6], "dataTypes": [{"type": "INTEGER (LONG)", "count": ["23748"], "mean": ["13.677530739430688"], "stddev": ["19.708584093192968"], "min_value": ["0"], "max_value": ["109"]}]}, {"column_name": "Sub-Indicator", "number_non_empty_cells": 22443, "number_empty_cells": 1305, "number_distinct_values": 5132, "frequent_values": ["Wireless sessions", "Computer sessions (000)", "Active library cards (000)", "New library card registrations", "Circulation (000)"], "dataTypes": [{"type": "TEXT", "count": "22443", "shortest_values": [["Escapes", 7], ["Escapes", 7], ["Escapes", 7], ["Escapes", 7], ["Escapes", 7]], "longest_values": [["Youth who are out-of-school, attend a DYCD-funded training or employment program, and are placed in post-secondary education, employment, or advanced training in the 1st quarter after exiting the prog", 200], ["Youth who are out-of-school, attend a DYCD-funded training or employment program, and are placed in post-secondary education, employment, or advanced training in the 1st quarter after exiting the prog", 200], ["Youth who are out-of-school, attend a DYCD-funded training or employment program, and are placed in post-secondary education, employment, or advanced training in the 1st quarter after exiting the prog", 200], ["Youth who are out-of-school, attend a DYCD-funded training or employment program, and are placed in post-secondary education, employment, or advanced training in the 1st quarter after exiting the prog", 200], ["Youth who are out-of-school, attend a DYCD-funded training or employment program, and are placed in post-secondary education, employment, or advanced training in the 1st quarter after exiting the prog", 200]], "average_length": "51.95824978835272"}]}, {"column_name": "Subindicator_Sequence", "number_non_empty_cells": 23748, "number_empty_cells": 0, "number_distinct_values": 152, "frequent_values": [0, 5, 1, 28, 22], "dataTypes": [{"type": "INTEGER (LONG)", "count": ["23748"], "mean": ["58.52867609903992"], "stddev": ["114.31633785649873"], "min_value": ["0"], "max_value": ["503"]}]}, {"column_name": "Record_Type", "number_non_empty_cells": 23748, "number_empty_cells": 0, "number_distinct_values": 2, "frequent_values": ["IND", "INQ"], "dataTypes": [{"type": "TEXT", "count": "23748", "shortest_values": [["INQ", 3], ["INQ", 3], ["INQ", 3], ["INQ", 3], ["INQ", 3]], "longest_values": [["INQ", 3], ["INQ", 3], ["INQ", 3], ["INQ", 3], ["INQ", 3]], "average_length": "3.0"}]}, {"column_name": "Desired_Direction", "number_non_empty_cells": 23748, "number_empty_cells": 0, "number_distinct_values": 4, "frequent_values": ["Down", "Up", "Neutral", "NA"], "dataTypes": [{"type": "TEXT", "count": "23748", "shortest_values": [["NA", 2], ["NA", 2], ["NA", 2], ["NA", 2], ["NA", 2]], "longest_values": [["Neutral", 7], ["Neutral", 7], ["Neutral", 7], ["Neutral", 7], ["Neutral", 7]], "average_length": "4.153865588681152"}]}, {"column_name": "Critical_Flag", "number_non_empty_cells": 23748, "number_empty_cells": 0, "number_distinct_values": 3, "frequent_values": ["N", "Y", "NA"], "dataTypes": [{"type": "TEXT", "count": "23748", "shortest_values": [["N", 1], ["N", 1], ["N", 1], ["N", 1], ["N", 1]], "longest_values": [["NA", 2], ["NA", 2], ["NA", 2], ["NA", 2], ["NA", 2]], "average_length": "1.0549519959575544"}]}, {"column_name": "Geography", "number_non_empty_cells": 23748, "number_empty_cells": 0, "number_distinct_values": 174, "frequent_values": ["Citywide", "NA", "Community Board Brooklyn 10", "Community Board Queens 07", "Community Board Bronx 02"], "dataTypes": [{"type": "TEXT", "count": "23748", "shortest_values": [["NA", 2], ["NA", 2], ["NA", 2], ["NA", 2], ["NA", 2]], "longest_values": [["Community Board Staten Island 01", 32], ["Community Board Staten Island 02", 32], ["Community Board Staten Island 01", 32], ["Community Board Staten Island 01", 32], ["Community Board Staten Island 02", 32]], "average_length": "14.03132895401718"}]}, {"column_name": "Measure_Type", "number_non_empty_cells": 8289, "number_empty_cells": 15459, "number_distinct_values": 6, "frequent_values": ["PMMR", "Target", "% of Inquiries", "Total", "Rank"], "dataTypes": [{"type": "TEXT", "count": "8289", "shortest_values": [["Rank", 4], ["Rank", 4], ["Rank", 4], ["Rank", 4], ["Rank", 4]], "longest_values": [["% of Inquiries", 14], ["% of Inquiries", 14], ["% of Inquiries", 14], ["% of Inquiries", 14], ["% of Inquiries", 14]], "average_length": "5.419833514296055"}]}, {"column_name": "Fiscal_Year", "number_non_empty_cells": 23748, "number_empty_cells": 0, "number_distinct_values": 5, "frequent_values": [2012, 2010, 2011, 2013, 2014], "dataTypes": [{"type": "INTEGER (LONG)", "count": ["23748"], "mean": ["2011.6706670035371"], "stddev": ["1.2021668550467266"], "min_value": ["2010"], "max_value": ["2014"]}]}, {"column_name": "Conditional_Format", "number_non_empty_cells": 0, "number_empty_cells": 23748, "number_distinct_values": 1, "frequent_values": [null], "dataTypes": []}, {"column_name": "Raw_Value", "number_non_empty_cells": 17669, "number_empty_cells": 6079, "number_distinct_values": 7675, "frequent_values": [0.0, 1.0, 2.0, 3.0, 4.0], "dataTypes": [{"type": "REAL", "count": ["17669"], "mean": ["331409.30418887275"], "stddev": ["1.2796171871707099E7"], "min_value": ["0.0"], "max_value": ["1.046711744E9"]}]}, {"column_name": "Format_Type", "number_non_empty_cells": 23748, "number_empty_cells": 0, "number_distinct_values": 5, "frequent_values": ["N", "P", "C", "T", "R"], "dataTypes": [{"type": "TEXT", "count": "23748", "shortest_values": [["N", 1], ["N", 1], ["N", 1], ["N", 1], ["N", 1]], "longest_values": [["N", 1], ["N", 1], ["N", 1], ["N", 1], ["N", 1]], "average_length": "1.0"}]}, {"column_name": "Value_Percent", "number_non_empty_cells": 4243, "number_empty_cells": 19505, "number_distinct_values": 818, "frequent_values": [100.0, 0.0, 1.0, 0.8, 0.1], "dataTypes": [{"type": "REAL", "count": ["4243"], "mean": ["58.198107471128935"], "stddev": ["37.84764932502705"], "min_value": ["0.0"], "max_value": ["169.4"]}]}, {"column_name": "Value_Number", "number_non_empty_cells": 12917, "number_empty_cells": 10831, "number_distinct_values": 4931, "frequent_values": [0.0, 1.0, 2.0, 3.0, 4.0], "dataTypes": [{"type": "REAL", "count": ["12917"], "mean": ["35978.02497561353"], "stddev": ["518098.7866339762"], "min_value": ["0.0"], "max_value": ["2.2178E7"]}]}, {"column_name": "Value_Currency", "number_non_empty_cells": 369, "number_empty_cells": 23379, "number_distinct_values": 354, "frequent_values": [0.0, 6.7, 858.0, 6.6, 737.0], "dataTypes": [{"type": "REAL", "count": ["369"], "mean": ["1.1261344022059627E7"], "stddev": ["5.956139498560698E7"], "min_value": ["0.0"], "max_value": ["5.23355872E8"]}]}, {"column_name": "Value_Time", "number_non_empty_cells": 135, "number_empty_cells": 23613, "number_distinct_values": 104, "frequent_values": ["4:20", "1:00", "4:08", "4:24", "4:11"], "dataTypes": [{"type": "INTEGER (LONG)", "count": "6", "mean": "20.833333333333332", "stddev": "25.6001302080022", "min_value": "5", "max_value": "72"}, {"type": "DATE/TIME", "count": 117, "min_value": "2019-12-09T07:24:00", "max_value": "2019-12-09T00:15:00"}, {"type": "TEXT", "count": "12", "shortest_values": [["N/A", 3], ["N/A", 3], ["30:21", 5], ["30:40", 5], ["31:04", 5]], "longest_values": [["30:21", 5], ["30:40", 5], ["31:04", 5], ["30:37", 5], ["30:42", 5]], "average_length": "4.666666666666667"}]}, {"column_name": "Value_Ratio", "number_non_empty_cells": 7, "number_empty_cells": 23741, "number_distinct_values": 2, "frequent_values": ["3:1", null], "dataTypes": [{"type": "DATE/TIME", "count": 7, "min_value": "2019-12-09T03:01:00", "max_value": "2019-12-09T03:01:00"}]}]}