{"dataset_name": "/user/hm74/NYCOpenData/4g4r-7dfb.tsv.gz", "columns": [{"column_name": "BOROUGH", "number_non_empty_cells": 502, "number_empty_cells": 0, "number_distinct_values": 10, "frequent_values": ["(42.433188999772, -78.748646000413)\"", "BROOKLYN, NY", "QUEENS, NY", "(40.749436300045, -73.797299799846)\"", "MANHATTAN, NY"], "dataTypes": [{"type": "TEXT", "count": 502, "shortest_values": [["BRONX, NY", 9], ["BRONX, NY", 9], ["BRONX, NY", 9], ["BRONX, NY", 9], ["BRONX, NY", 9]], "longest_values": [["(42.433188999772, -78.748646000413)\"", 36], ["(40.749436300045, -73.797299799846)\"", 36], ["(42.433188999772, -78.748646000413)\"", 36], ["(42.433188999772, -78.748646000413)\"", 36], ["(40.606674000105, -74.162401000006)\"", 36]], "average_length": 24.03784860557769}]}, {"column_name": "PROGRAM", "number_non_empty_cells": 251, "number_empty_cells": 251, "number_distinct_values": 7, "frequent_values": ["GENERAL EDUCATION", "GENERAL EDUCATION ", "COLLABORATIVE TEAM TEACHING    ", "SPECIAL CLASS - High School", "GIFTED & TALENTED    "], "dataTypes": [{"type": "TEXT", "count": 251, "shortest_values": [["GENERAL EDUCATION", 17], ["GENERAL EDUCATION", 17], ["GENERAL EDUCATION", 17], ["GENERAL EDUCATION", 17], ["GENERAL EDUCATION", 17]], "longest_values": [["COLLABORATIVE TEAM TEACHING    ", 31], ["COLLABORATIVE TEAM TEACHING    ", 31], ["COLLABORATIVE TEAM TEACHING    ", 31], ["COLLABORATIVE TEAM TEACHING    ", 31], ["COLLABORATIVE TEAM TEACHING    ", 31]], "average_length": 22.11155378486056}]}, {"column_name": "GRADE OR SERVICE CATEGORY##", "number_non_empty_cells": 251, "number_empty_cells": 251, "number_distinct_values": 19, "frequent_values": ["Mainstream", "Self-Contained", "9", "11", "10"], "dataTypes": [{"type": "INTEGER (LONG)", "count": 186, "max_value": 12, "min_value": 1, "mean": 7.1021505376344045, "stddev": 3.4973562517324375}, {"type": "DATE/TIME", "count": 10, "max_value": "2019-12-06T12:01:01", "min_value": "2019-12-06T12:01:00"}, {"type": "TEXT", "count": 55, "shortest_values": [["Mainstream", 10], ["Mainstream", 10], ["Mainstream", 10], ["Mainstream", 10], ["Mainstream", 10]], "longest_values": [["Kindergarten             ", 25], ["Kindergarten             ", 25], ["Kindergarten             ", 25], ["Kindergarten             ", 25], ["Kindergarten             ", 25]], "average_length": 15.145454545454545}]}, {"column_name": "CORE COURSE(High Schools only)", "number_non_empty_cells": 120, "number_empty_cells": 382, "number_distinct_values": 5, "frequent_values": ["SOCIAL STUDIES", "MATH   ", "ENGLISH", "SCIENCE", null], "dataTypes": [{"type": "TEXT", "count": 120, "shortest_values": [["SCIENCE", 7], ["ENGLISH", 7], ["MATH   ", 7], ["MATH   ", 7], ["ENGLISH", 7]], "longest_values": [["SOCIAL STUDIES", 14], ["SOCIAL STUDIES", 14], ["SOCIAL STUDIES", 14], ["SOCIAL STUDIES", 14], ["SOCIAL STUDIES", 14]], "average_length": 8.749999999999996}]}, {"column_name": "AVERAGE CLASS SIZE", "number_non_empty_cells": 251, "number_empty_cells": 251, "number_distinct_values": 123, "frequent_values": [28.2, 29.8, 26.6, 25.2, 29.9], "dataTypes": [{"type": "REAL", "count": 251, "max_value": 30.9, "min_value": 9.5, "mean": 24.047410358565738, "stddev": 5.302959339454585}]}]}