{"dataset_name": "/user/hm74/NYCOpenData/4ggh-um8t.tsv.gz", "columns": [{"column_name": "Month", "number_non_empty_cells": 59, "number_empty_cells": 0, "number_distinct_values": 1, "frequent_values": ["10/01/2017"], "dataTypes": [{"type": "DATE/TIME", "count": 59, "max_value": "2017-10-01T00:00:00", "min_value": "2017-10-01T00:00:00"}]}, {"column_name": "Boro", "number_non_empty_cells": 59, "number_empty_cells": 0, "number_distinct_values": 5, "frequent_values": ["BROOKLYN", "QUEENS", "BRONX", "MANHATTAN", "STATEN ISLAND"], "dataTypes": [{"type": "TEXT", "count": 59, "shortest_values": [["BRONX", 5], ["BRONX", 5], ["BRONX", 5], ["BRONX", 5], ["BRONX", 5]], "longest_values": [["STATEN ISLAND", 13], ["STATEN ISLAND", 13], ["STATEN ISLAND", 13], ["MANHATTAN", 9], ["MANHATTAN", 9]], "average_length": 7.372881355932202}]}, {"column_name": "CD", "number_non_empty_cells": 59, "number_empty_cells": 0, "number_distinct_values": 59, "frequent_values": ["K18", "B05", "Q14", "B01", "K03"], "dataTypes": [{"type": "DATE/TIME", "count": 12, "max_value": "2019-12-06T00:00:12", "min_value": "2019-12-06T00:00:01"}, {"type": "TEXT", "count": 47, "shortest_values": [["K01", 3], ["K02", 3], ["K03", 3], ["K04", 3], ["K05", 3]], "longest_values": [["K01", 3], ["K02", 3], ["K03", 3], ["K04", 3], ["K05", 3]], "average_length": 3.0}]}, {"column_name": "DRS_SNAP_Recipients", "number_non_empty_cells": 59, "number_empty_cells": 0, "number_distinct_values": 59, "frequent_values": [58305, 22990, 2259, 22469, 62727], "dataTypes": [{"type": "INTEGER (LONG)", "count": 59, "max_value": 62817, "min_value": 2259, "mean": 27735.86440677966, "stddev": 15748.97580899983}]}, {"column_name": "DRS_SNAP_Households", "number_non_empty_cells": 59, "number_empty_cells": 0, "number_distinct_values": 59, "frequent_values": [18866, 4291, 20827, 13399, 12170], "dataTypes": [{"type": "INTEGER (LONG)", "count": 59, "max_value": 34852, "min_value": 1758, "mean": 15765.932203389832, "stddev": 8029.934473980505}]}]}