{"dataset_name": "/user/hm74/NYCOpenData/4hiy-398i.tsv.gz", "columns": [{"column_name": "CSD", "number_non_empty_cells": 3115, "number_empty_cells": 0, "number_distinct_values": 35, "frequent_values": ["2", "24", "28", "10", "22"], "dataTypes": [{"type": "INTEGER (LONG)", "count": 3110, "max_value": 32, "min_value": 1, "mean": 16.530868167202605, "stddev": 9.22969722265299}, {"type": "TEXT", "count": 5, "shortest_values": [["09-12 ONLY)\"", 12], ["09-12 ONLY)\"", 12], ["(MS CORE and ", 13], ["(MS CORE and ", 13], ["(0K-08 ONLY)\"", 13]], "longest_values": [["(MS CORE and ", 13], ["(MS CORE and ", 13], ["(0K-08 ONLY)\"", 13], ["09-12 ONLY)\"", 12], ["09-12 ONLY)\"", 12]], "average_length": 12.6}]}, {"column_name": "BORO", "number_non_empty_cells": 3113, "number_empty_cells": 2, "number_distinct_values": 9, "frequent_values": ["K", "Q", "X", "M", "R"], "dataTypes": [{"type": "TEXT", "count": 3113, "shortest_values": [["M", 1], ["M", 1], ["M", 1], ["M", 1], ["M", 1]], "longest_values": [["NUMBER OF STUDENTS / SEATS FILLED", 33], ["SERVICE CATEGORY", 16], ["CORE COURSE ", 12], ["M", 1], ["M", 1]], "average_length": 1.0186315451333126}]}, {"column_name": "GRADE_LEVEL", "number_non_empty_cells": 3111, "number_empty_cells": 4, "number_distinct_values": 14, "frequent_values": ["09-12", "MS Core", "02", "03", "05"], "dataTypes": [{"type": "INTEGER (LONG)", "count": 645, "max_value": 8, "min_value": 1, "mean": 4.193798449612409, "stddev": 2.2213813684695487}, {"type": "DATE/TIME", "count": 1667, "max_value": "2019-09-12T00:00:00", "min_value": "2019-09-12T00:00:00"}, {"type": "TEXT", "count": 799, "shortest_values": [["0K", 2], ["0K", 2], ["0K", 2], ["0K", 2], ["0K", 2]], "longest_values": [["NUMBER OF SECTIONS", 18], ["MS Core", 7], ["MS Core", 7], ["MS Core", 7], ["MS Core", 7]], "average_length": 6.2540675844805955}]}, {"column_name": "PROGRAM_TYPE", "number_non_empty_cells": 3111, "number_empty_cells": 4, "number_distinct_values": 7, "frequent_values": ["GEN ED", "CTT", "SPEC ED", "G&T", "G&T&ICT"], "dataTypes": [{"type": "TEXT", "count": 3111, "shortest_values": [["CTT", 3], ["G&T", 3], ["CTT", 3], ["G&T", 3], ["CTT", 3]], "longest_values": [["AVERAGE CLASS SIZE", 18], ["SPEC ED", 7], ["SPEC ED", 7], ["SPEC ED", 7], ["SPEC ED", 7]], "average_length": 4.944712311153953}]}, {"column_name": "CORE_SUBJECT_", "number_non_empty_cells": 3110, "number_empty_cells": 5, "number_distinct_values": 6, "frequent_values": ["-", "English", "Social Studies", "Science", "Math"], "dataTypes": [{"type": "TEXT", "count": 3110, "shortest_values": [["-", 1], ["-", 1], ["-", 1], ["-", 1], ["-", 1]], "longest_values": [["Social Studies", 14], ["Social Studies", 14], ["Social Studies", 14], ["Social Studies", 14], ["Social Studies", 14]], "average_length": 6.186173633440518}]}]}