{"dataset_name": "/user/hm74/NYCOpenData/4jus-39vu.tsv.gz", "columns": [{"column_name": "District", "number_non_empty_cells": 848, "number_empty_cells": 0, "number_distinct_values": 32, "frequent_values": [13, 1, 31, 22, 15], "dataTypes": [{"type": "INTEGER (LONG)", "count": 848, "max_value": 32, "min_value": 1, "mean": 16.720518867924522, "stddev": 9.28497740391184}]}, {"column_name": "Grade_Level", "number_non_empty_cells": 848, "number_empty_cells": 0, "number_distinct_values": 10, "frequent_values": ["4", "3", "2", "5", "1"], "dataTypes": [{"type": "INTEGER (LONG)", "count": 676, "max_value": 8, "min_value": 1, "mean": 4.1479289940828314, "stddev": 2.19574868301949}, {"type": "TEXT", "count": 172, "shortest_values": [["K", 1], ["K", 1], ["K", 1], ["K", 1], ["K", 1]], "longest_values": [["K-8 SC", 6], ["K-8 SC", 6], ["K-8 SC", 6], ["K-8 SC", 6], ["K-8 SC", 6]], "average_length": 3.4709302325581395}]}, {"column_name": "Program_Type", "number_non_empty_cells": 848, "number_empty_cells": 0, "number_distinct_values": 10, "frequent_values": ["Gen Ed", "ICT", "G&T", "ICT & G&T", "SC 12:1"], "dataTypes": [{"type": "TEXT", "count": 848, "shortest_values": [["G&T", 3], ["ICT", 3], ["G&T", 3], ["ICT", 3], ["G&T", 3]], "longest_values": [["ICT & G&T", 9], ["ICT & G&T", 9], ["ICT & G&T", 9], ["ICT & G&T", 9], ["ICT & G&T", 9]], "average_length": 4.799528301886794}]}, {"column_name": "Number_of_Students", "number_non_empty_cells": 848, "number_empty_cells": 0, "number_distinct_values": 645, "frequent_values": [26, 25, 28, 27, 32], "dataTypes": [{"type": "INTEGER (LONG)", "count": 848, "max_value": 3228, "min_value": 3, "mean": 717.5070754716984, "stddev": 689.0951853541274}]}, {"column_name": "Number_of_Classes", "number_non_empty_cells": 848, "number_empty_cells": 0, "number_distinct_values": 114, "frequent_values": [1, 6, 2, 17, 28], "dataTypes": [{"type": "INTEGER (LONG)", "count": 848, "max_value": 207, "min_value": 1, "mean": 30.923349056603747, "stddev": 29.875567762992848}]}, {"column_name": "Average_Class_Size", "number_non_empty_cells": 848, "number_empty_cells": 0, "number_distinct_values": 197, "frequent_values": [27.0, 25.0, 25.3, 26.6, 25.8], "dataTypes": [{"type": "REAL", "count": 848, "max_value": 34.0, "min_value": 3.0, "mean": 23.313271073113228, "stddev": 5.857889307682497}]}]}