{"dataset_name": "/user/hm74/NYCOpenData/4k4u-823g.tsv.gz", "columns": [{"column_name": "BOROUGH", "number_non_empty_cells": 19782, "number_empty_cells": 0, "number_distinct_values": 5, "frequent_values": [3, 4, 5, 1, 2], "dataTypes": [{"type": "INTEGER (LONG)", "count": 19782, "max_value": 5, "min_value": 1, "mean": 3.179051663128093, "stddev": 1.1923448878043097}]}, {"column_name": "Borough_Name", "number_non_empty_cells": 19782, "number_empty_cells": 0, "number_distinct_values": 11, "frequent_values": ["BROOKLYN", "QUEENS", "STATEN ISLAND", "NEW YORK", "BRONX"], "dataTypes": [{"type": "TEXT", "count": 19782, "shortest_values": [["BRONX", 5], ["BRONX", 5], ["BRONX", 5], ["BRONX", 5], ["BRONX", 5]], "longest_values": [["NEW YORK        9", 17], ["NEW YORK        9", 17], ["BROOKLYN        9", 17], ["BROOKLYN        9", 17], ["QUEENS          1", 17]], "average_length": 7.935041957334948}]}, {"column_name": "BLOCK", "number_non_empty_cells": 19676, "number_empty_cells": 106, "number_distinct_values": 4274, "frequent_values": [99999, 4452, 54, 1116, 9998], "dataTypes": [{"type": "INTEGER (LONG)", "count": 19676, "max_value": 99999, "min_value": 1, "mean": 5048.684692010565, "stddev": 10419.613634171632}]}, {"column_name": "LOT", "number_non_empty_cells": 19782, "number_empty_cells": 0, "number_distinct_values": 501, "frequent_values": [1, 21, 12, 6, 25], "dataTypes": [{"type": "INTEGER (LONG)", "count": 19782, "max_value": 9999, "min_value": 1, "mean": 219.29400465069193, "stddev": 1206.3130639152196}]}, {"column_name": "ZIP", "number_non_empty_cells": 19782, "number_empty_cells": 0, "number_distinct_values": 331, "frequent_values": [112380000, 103060000, 111010000, 112110000, 103120000], "dataTypes": [{"type": "INTEGER (LONG)", "count": 19782, "max_value": 116941444, "min_value": 100010000, "mean": 108961535.96077266, "stddev": 5208385.167004983}]}, {"column_name": "SERV_ORDER_TYPE", "number_non_empty_cells": 19782, "number_empty_cells": 0, "number_distinct_values": 5, "frequent_values": ["POTAP", "POSIN", "POSPL", "POSCA", "POSPR"], "dataTypes": [{"type": "TEXT", "count": 19782, "shortest_values": [["POTAP", 5], ["POTAP", 5], ["POSIN", 5], ["POSIN", 5], ["POTAP", 5]], "longest_values": [["POTAP", 5], ["POTAP", 5], ["POSIN", 5], ["POSIN", 5], ["POTAP", 5]], "average_length": 5.0}]}, {"column_name": "Permit_Description", "number_non_empty_cells": 19782, "number_empty_cells": 0, "number_distinct_values": 6, "frequent_values": ["PERMIT-TAP", "SEWER PERMIT-INSTALL", "SEWER PERMIT-PLUG", "SEWER PERMIT-CTCH BASIN/MAN", "SEWER PERMIT-PRIVATE"], "dataTypes": [{"type": "TEXT", "count": 19782, "shortest_values": [["PERMIT-TAP", 10], ["PERMIT-TAP", 10], ["PERMIT-TAP", 10], ["PERMIT-TAP", 10], ["PERMIT-TAP", 10]], "longest_values": [["SEWER PERMIT-CTCH BASIN/MAN", 27], ["SEWER PERMIT-CTCH BASIN/MAN", 27], ["SEWER PERMIT-CTCH BASIN/MAN", 27], ["SEWER PERMIT-CTCH BASIN/MAN", 27], ["SEWER PERMIT-CTCH BASIN/MAN", 27]], "average_length": 13.75538368213525}]}, {"column_name": "PERMIT_NO", "number_non_empty_cells": 19775, "number_empty_cells": 7, "number_distinct_values": 19776, "frequent_values": [826229, 826620, 826808, 827039, 828366], "dataTypes": [{"type": "INTEGER (LONG)", "count": 19775, "max_value": 884725, "min_value": 825911, "mean": 855253.642730721, "stddev": 16766.27683870567}]}, {"column_name": "DATEISSUED", "number_non_empty_cells": 19782, "number_empty_cells": 0, "number_distinct_values": 419, "frequent_values": ["02/09/2018", "07/17/2018", "02/14/2019", "03/18/2019", "02/22/2018"], "dataTypes": [{"type": "DATE/TIME", "count": 19782, "max_value": "2019-08-30T00:00:00", "min_value": "2018-01-02T00:00:00"}]}]}