{"dataset_name": "/user/hm74/NYCOpenData/4kkh-qhtc.tsv.gz", "columns": [{"column_name": "Borough", "number_non_empty_cells": 5, "number_empty_cells": 0, "number_distinct_values": 5, "frequent_values": ["Queens", "Brooklyn", "Staten Island", "Manhattan", "Bronx"], "dataTypes": [{"type": "TEXT", "count": 5, "shortest_values": [["Bronx", 5], ["Queens", 6], ["Brooklyn", 8], ["Manhattan", 9], ["Staten Island", 13]], "longest_values": [["Staten Island", 13], ["Manhattan", 9], ["Brooklyn", 8], ["Queens", 6], ["Bronx", 5]], "average_length": 8.2}]}, {"column_name": "Applied for the program", "number_non_empty_cells": 0, "number_empty_cells": 5, "number_distinct_values": 1, "frequent_values": ["NA"], "dataTypes": [{"type": "TEXT", "count": 5, "shortest_values": [["NA", 2], ["NA", 2], ["NA", 2], ["NA", 2], ["NA", 2]], "longest_values": [["NA", 2], ["NA", 2], ["NA", 2], ["NA", 2], ["NA", 2]], "average_length": 2.0}]}, {"column_name": "Were accepted and enrolled", "number_non_empty_cells": 5, "number_empty_cells": 0, "number_distinct_values": 5, "frequent_values": [412, 236, 822, 1052, 814], "dataTypes": [{"type": "INTEGER (LONG)", "count": 5, "max_value": 1052, "min_value": 236, "mean": 667.2, "stddev": 298.20959072437626}]}, {"column_name": "Were placed into full-time or part-time jobs", "number_non_empty_cells": 5, "number_empty_cells": 0, "number_distinct_values": 5, "frequent_values": [392, 108, 224, 325, 178], "dataTypes": [{"type": "INTEGER (LONG)", "count": 5, "max_value": 392, "min_value": 108, "mean": 245.4, "stddev": 101.69287093990415}]}, {"column_name": "Average wage of such residents", "number_non_empty_cells": 5, "number_empty_cells": 0, "number_distinct_values": 5, "frequent_values": [13.18, 13.46, 12.99, 13.6, 13.19], "dataTypes": [{"type": "REAL", "count": 5, "max_value": 13.6, "min_value": 12.99, "mean": 13.283999999999999, "stddev": 0.2176786622524131}]}, {"column_name": "Received a referral for social services through the program", "number_non_empty_cells": 0, "number_empty_cells": 5, "number_distinct_values": 1, "frequent_values": ["NA"], "dataTypes": [{"type": "TEXT", "count": 5, "shortest_values": [["NA", 2], ["NA", 2], ["NA", 2], ["NA", 2], ["NA", 2]], "longest_values": [["NA", 2], ["NA", 2], ["NA", 2], ["NA", 2], ["NA", 2]], "average_length": 2.0}]}, {"column_name": "Enrolled in financial counseling services through the program", "number_non_empty_cells": 5, "number_empty_cells": 0, "number_distinct_values": 4, "frequent_values": [66, 137, 58, 67], "dataTypes": [{"type": "INTEGER (LONG)", "count": 5, "max_value": 137, "min_value": 58, "mean": 78.8, "stddev": 29.280710373896326}]}, {"column_name": "Enrolled in vocational training programs through the program", "number_non_empty_cells": 5, "number_empty_cells": 0, "number_distinct_values": 5, "frequent_values": [47, 185, 54, 162, 7], "dataTypes": [{"type": "INTEGER (LONG)", "count": 5, "max_value": 185, "min_value": 7, "mean": 91.0, "stddev": 69.62470825791661}]}, {"column_name": "Enrolled in prep courses for English as a Second Language (ESOL) or the Test Assessing Secondary Completion (TASC) through the program", "number_non_empty_cells": 5, "number_empty_cells": 0, "number_distinct_values": 2, "frequent_values": ["< 5", "14"], "dataTypes": [{"type": "INTEGER (LONG)", "count": 1, "max_value": 14, "min_value": 14, "mean": 14.0, "stddev": 0.0}, {"type": "TEXT", "count": 4, "shortest_values": [["< 5", 3], ["< 5", 3], ["< 5", 3], ["< 5", 3]], "longest_values": [["< 5", 3], ["< 5", 3], ["< 5", 3], ["< 5", 3]], "average_length": 3.0}]}, {"column_name": "Enrolled in college-readiness courses or participated in college-readiness activities through the program", "number_non_empty_cells": 0, "number_empty_cells": 5, "number_distinct_values": 1, "frequent_values": ["NA"], "dataTypes": [{"type": "TEXT", "count": 5, "shortest_values": [["NA", 2], ["NA", 2], ["NA", 2], ["NA", 2], ["NA", 2]], "longest_values": [["NA", 2], ["NA", 2], ["NA", 2], ["NA", 2], ["NA", 2]], "average_length": 2.0}]}]}