{"dataset_name": "/user/hm74/NYCOpenData/4kse-vfnd.tsv.gz", "columns": [{"column_name": "Borough", "number_non_empty_cells": 210, "number_empty_cells": 0, "number_distinct_values": 5, "frequent_values": ["QUEENS", "BROOKLYN", "BRONX", "MANHATTAN", "STATEN ISLAND"], "dataTypes": [{"type": "TEXT", "count": 210, "shortest_values": [["BRONX", 5], ["BRONX", 5], ["BRONX", 5], ["BRONX", 5], ["BRONX", 5]], "longest_values": [["STATEN ISLAND", 13], ["STATEN ISLAND", 13], ["STATEN ISLAND", 13], ["STATEN ISLAND", 13], ["STATEN ISLAND", 13]], "average_length": 8.2}]}, {"column_name": "Grade", "number_non_empty_cells": 210, "number_empty_cells": 0, "number_distinct_values": 7, "frequent_values": ["7", "3", "8", "5", "6"], "dataTypes": [{"type": "INTEGER (LONG)", "count": 180, "max_value": 8, "min_value": 3, "mean": 5.499999999999998, "stddev": 1.7078251276599334}, {"type": "TEXT", "count": 30, "shortest_values": [["All Grades", 10], ["All Grades", 10], ["All Grades", 10], ["All Grades", 10], ["All Grades", 10]], "longest_values": [["All Grades", 10], ["All Grades", 10], ["All Grades", 10], ["All Grades", 10], ["All Grades", 10]], "average_length": 10.0}]}, {"column_name": "Year", "number_non_empty_cells": 210, "number_empty_cells": 0, "number_distinct_values": 6, "frequent_values": [2007, 2006, 2009, 2010, 2011], "dataTypes": [{"type": "INTEGER (LONG)", "count": 210, "max_value": 2011, "min_value": 2006, "mean": 2008.5, "stddev": 1.7078251276599277}]}, {"column_name": "Category", "number_non_empty_cells": 210, "number_empty_cells": 0, "number_distinct_values": 1, "frequent_values": ["All Students"], "dataTypes": [{"type": "TEXT", "count": 210, "shortest_values": [["All Students", 12], ["All Students", 12], ["All Students", 12], ["All Students", 12], ["All Students", 12]], "longest_values": [["All Students", 12], ["All Students", 12], ["All Students", 12], ["All Students", 12], ["All Students", 12]], "average_length": 12.0}]}, {"column_name": "Number_Tested", "number_non_empty_cells": 210, "number_empty_cells": 0, "number_distinct_values": 207, "frequent_values": [15434, 4297, 8841, 18825, 8779], "dataTypes": [{"type": "INTEGER (LONG)", "count": 210, "max_value": 135447, "min_value": 3992, "mean": 23740.82857142857, "stddev": 28908.784551365676}]}, {"column_name": "Mean_Scale_Score", "number_non_empty_cells": 210, "number_empty_cells": 0, "number_distinct_values": 38, "frequent_values": [661, 653, 662, 660, 665], "dataTypes": [{"type": "INTEGER (LONG)", "count": 210, "max_value": 674, "min_value": 630, "mean": 657.4333333333335, "stddev": 9.046853351058274}]}, {"column_name": "Level_1_#", "number_non_empty_cells": 210, "number_empty_cells": 0, "number_distinct_values": 204, "frequent_values": [398, 262, 1270, 1718, 2563], "dataTypes": [{"type": "INTEGER (LONG)", "count": 210, "max_value": 19913, "min_value": 11, "mean": 2261.066666666666, "stddev": 3311.9743105360585}]}, {"column_name": "Level_1_%", "number_non_empty_cells": 210, "number_empty_cells": 0, "number_distinct_values": 123, "frequent_values": [4.0, 13.5, 2.5, 11.1, 12.2], "dataTypes": [{"type": "REAL", "count": 210, "max_value": 24.9, "min_value": 0.1, "mean": 9.273809523809527, "stddev": 5.460902573393872}]}, {"column_name": "Level_2_#", "number_non_empty_cells": 210, "number_empty_cells": 0, "number_distinct_values": 208, "frequent_values": [1035, 7249, 7530, 8534, 11482], "dataTypes": [{"type": "INTEGER (LONG)", "count": 210, "max_value": 55337, "min_value": 745, "mean": 9027.371428571434, "stddev": 11344.638551405716}]}, {"column_name": "Level_2_%", "number_non_empty_cells": 210, "number_empty_cells": 0, "number_distinct_values": 161, "frequent_values": [39.1, 27.9, 37.0, 35.6, 33.1], "dataTypes": [{"type": "REAL", "count": 210, "max_value": 61.8, "min_value": 17.2, "mean": 37.219523809523814, "stddev": 9.546500219447397}]}, {"column_name": "Level_3_#", "number_non_empty_cells": 210, "number_empty_cells": 0, "number_distinct_values": 209, "frequent_values": [5180, 11713, 7417, 2387, 27466], "dataTypes": [{"type": "INTEGER (LONG)", "count": 210, "max_value": 80814, "min_value": 1598, "mean": 11248.552380952378, "stddev": 14291.642084653107}]}, {"column_name": "Level_3_%", "number_non_empty_cells": 210, "number_empty_cells": 0, "number_distinct_values": 171, "frequent_values": [40.7, 43.1, 48.8, 55.7, 35.7], "dataTypes": [{"type": "REAL", "count": 210, "max_value": 73.8, "min_value": 21.6, "mean": 48.16809523809526, "stddev": 11.904432195434248}]}, {"column_name": "Level_4_#", "number_non_empty_cells": 210, "number_empty_cells": 0, "number_distinct_values": 198, "frequent_values": [257, 368, 297, 683, 425], "dataTypes": [{"type": "INTEGER (LONG)", "count": 210, "max_value": 11039, "min_value": 36, "mean": 1203.838095238095, "stddev": 1702.7755444389109}]}, {"column_name": "Level_4_%", "number_non_empty_cells": 210, "number_empty_cells": 0, "number_distinct_values": 95, "frequent_values": [5.7, 4.2, 6.2, 2.7, 2.4], "dataTypes": [{"type": "REAL", "count": 210, "max_value": 16.8, "min_value": 0.2, "mean": 5.336190476190477, "stddev": 3.283961713410708}]}, {"column_name": "Level_3+4_#", "number_non_empty_cells": 210, "number_empty_cells": 0, "number_distinct_values": 210, "frequent_values": [53630, 12626, 4219, 6622, 15162], "dataTypes": [{"type": "INTEGER (LONG)", "count": 210, "max_value": 88262, "min_value": 1797, "mean": 12452.390476190478, "stddev": 15778.354272317709}]}, {"column_name": "Level_3+4_%", "number_non_empty_cells": 210, "number_empty_cells": 0, "number_distinct_values": 169, "frequent_values": [49.9, 59.5, 50.9, 52.5, 69.0], "dataTypes": [{"type": "REAL", "count": 210, "max_value": 82.4, "min_value": 22.0, "mean": 53.505238095238106, "stddev": 13.125708005955198}]}]}