{"dataset_name": "/user/hm74/NYCOpenData/4n2j-ut8i.tsv.gz", "columns": [{"column_name": "DBN", "number_non_empty_cells": 1677, "number_empty_cells": 0, "number_distinct_values": 1582, "frequent_values": ["32K554", "12X245", "01M450", "01M539", "12X271"], "dataTypes": [{"type": "DATE/TIME", "count": 38, "max_value": "2019-12-08T00:06:52", "min_value": "2019-12-08T00:01:15"}, {"type": "TEXT", "count": 1639, "shortest_values": [["01M063", 6], ["01M064", 6], ["01M110", 6], ["01M134", 6], ["01M137", 6]], "longest_values": [["01M063", 6], ["01M064", 6], ["01M110", 6], ["01M134", 6], ["01M137", 6]], "average_length": 6.0}]}, {"column_name": "DISTRICT", "number_non_empty_cells": 1677, "number_empty_cells": 0, "number_distinct_values": 35, "frequent_values": [2, 84, 10, 9, 31], "dataTypes": [{"type": "INTEGER (LONG)", "count": 1677, "max_value": 84, "min_value": 1, "mean": 20.37030411449017, "stddev": 19.44561152241197}]}, {"column_name": "SCHOOL", "number_non_empty_cells": 1677, "number_empty_cells": 0, "number_distinct_values": 1581, "frequent_values": ["Riverdale / Kingsbridge Academy (Middle School / High School 141)", "Bronx Academy of Letters", "Secondary School for Law", "Frederick Douglass Academy", "East Bronx Academy for the Future"], "dataTypes": [{"type": "TEXT", "count": 1677, "shortest_values": [["X723", 4], ["Kappa", 5], ["P.S. 89", 7], ["Muscota", 7], ["P.S. 66", 7]], "longest_values": [["NYC CHARTER HIGH SCHOOL FOR ARCHITECTURE, ENGINEERING AND CONSTRUCTION INDUSTRIES", 81], ["English Language Learners and International Support Preparatory Academy (ELLIS)", 79], ["Academy for College Preparation and Career Exploration: A College Board School", 78], ["Academy for College Preparation and Career Exploration: A College Board School", 78], ["Knowledge and Power Preparatory Academy International High School (Kappa)", 73]], "average_length": 29.099582587954696}]}, {"column_name": "PRINCIPAL", "number_non_empty_cells": 1676, "number_empty_cells": 1, "number_distinct_values": 1580, "frequent_values": ["Jeaninne Wallace", "John Pettinato", "Wilper Morales", "Michael Alexander", "Bernadette Drysdale"], "dataTypes": [{"type": "TEXT", "count": 1676, "shortest_values": [["Li Yan", 6], ["Amy Hom", 7], ["Lee Pan", 7], ["Jane Hsu", 8], ["Lily Woo", 8]], "longest_values": [["Jabali Sawicki And Tim Saintsing", 32], ["Steven Evangelista/Margaret Ryan", 32], ["Kelly Demonaco And Kiri Soares", 30], ["Kelly Demonaco And Kiri Soares", 30], ["Rosemarie Barbiere Nicoletti", 28]], "average_length": 14.579355608591877}]}, {"column_name": "PROGRESS_REPORT_TYPE", "number_non_empty_cells": 1677, "number_empty_cells": 0, "number_distinct_values": 6, "frequent_values": ["EMS", "HS", "HST", "EC", "D75"], "dataTypes": [{"type": "TEXT", "count": 1677, "shortest_values": [["HS", 2], ["HS", 2], ["HS", 2], ["HS", 2], ["HS", 2]], "longest_values": [["YABC", 4], ["YABC", 4], ["YABC", 4], ["YABC", 4], ["YABC", 4]], "average_length": 2.7441860465116252}]}, {"column_name": "SCHOOL_LEVEL*", "number_non_empty_cells": 1677, "number_empty_cells": 0, "number_distinct_values": 8, "frequent_values": ["Elementary", "High School", "Middle", "K-8", "High School Transfer"], "dataTypes": [{"type": "TEXT", "count": 1677, "shortest_values": [["K-8", 3], ["K-8", 3], ["K-8", 3], ["K-8", 3], ["K-8", 3]], "longest_values": [["High School Transfer", 20], ["High School Transfer", 20], ["High School Transfer", 20], ["High School Transfer", 20], ["High School Transfer", 20]], "average_length": 8.717948717948719}]}, {"column_name": "PEER_INDEX*", "number_non_empty_cells": 1595, "number_empty_cells": 82, "number_distinct_values": 912, "frequent_values": [2.38, 2.2, 2.36, 2.45, 2.43], "dataTypes": [{"type": "REAL", "count": 1595, "max_value": 74.03, "min_value": 1.24, "mean": 25.16363636363639, "stddev": 25.670863254991698}]}, {"column_name": "2009-2010_OVERALL_GRADE", "number_non_empty_cells": 1534, "number_empty_cells": 143, "number_distinct_values": 6, "frequent_values": ["B", "C", "A", "D", "F"], "dataTypes": [{"type": "TEXT", "count": 1534, "shortest_values": [["C", 1], ["C", 1], ["A", 1], ["B", 1], ["B", 1]], "longest_values": [["C", 1], ["C", 1], ["A", 1], ["B", 1], ["B", 1]], "average_length": 1.0}]}, {"column_name": "2009-2010_OVERALL_SCORE", "number_non_empty_cells": 1534, "number_empty_cells": 143, "number_distinct_values": 660, "frequent_values": [36.1, 62.6, 56.0, 31.2, 50.3], "dataTypes": [{"type": "REAL", "count": 1534, "max_value": 106.3, "min_value": 0.1, "mean": 51.55710560625818, "stddev": 18.55179221775629}]}, {"column_name": "2009-2010_ENVIRONMENT_CATEGORY_SCORE", "number_non_empty_cells": 1534, "number_empty_cells": 143, "number_distinct_values": 141, "frequent_values": [8.6, 6.8, 8.3, 6.4, 8.1], "dataTypes": [{"type": "REAL", "count": 1534, "max_value": 15.0, "min_value": 0.0, "mean": 8.096219035202097, "stddev": 2.795176287131727}]}, {"column_name": "2009-2010_ENVIRONMENT_GRADE", "number_non_empty_cells": 1534, "number_empty_cells": 143, "number_distinct_values": 6, "frequent_values": ["A", "B", "C", "D", "F"], "dataTypes": [{"type": "TEXT", "count": 1534, "shortest_values": [["B", 1], ["B", 1], ["A", 1], ["B", 1], ["B", 1]], "longest_values": [["B", 1], ["B", 1], ["A", 1], ["B", 1], ["B", 1]], "average_length": 1.0}]}, {"column_name": "2009-2010_PERFORMANCE_CATEGORY_SCORE", "number_non_empty_cells": 1534, "number_empty_cells": 143, "number_distinct_values": 238, "frequent_values": [0.0, 9.4, 8.0, 4.1, 6.7], "dataTypes": [{"type": "REAL", "count": 1534, "max_value": 25.0, "min_value": 0.0, "mean": 9.740221642764018, "stddev": 5.736314041043398}]}, {"column_name": "2009-2010_PERFORMANCE_GRADE", "number_non_empty_cells": 1534, "number_empty_cells": 143, "number_distinct_values": 6, "frequent_values": ["C", "D", "B", "A", "F"], "dataTypes": [{"type": "TEXT", "count": 1534, "shortest_values": [["D", 1], ["D", 1], ["C", 1], ["C", 1], ["C", 1]], "longest_values": [["D", 1], ["D", 1], ["C", 1], ["C", 1], ["C", 1]], "average_length": 1.0}]}, {"column_name": "2009-2010_PROGRESS_CATEGORY_SCORE", "number_non_empty_cells": 1534, "number_empty_cells": 143, "number_distinct_values": 466, "frequent_values": [36.7, 31.9, 0.0, 34.2, 31.4], "dataTypes": [{"type": "REAL", "count": 1534, "max_value": 60.0, "min_value": 0.0, "mean": 30.498565840938763, "stddev": 11.568081362860655}]}, {"column_name": "2009-2010_PROGRESS_GRADE", "number_non_empty_cells": 1534, "number_empty_cells": 143, "number_distinct_values": 6, "frequent_values": ["B", "A", "C", "D", "F"], "dataTypes": [{"type": "TEXT", "count": 1534, "shortest_values": [["B", 1], ["B", 1], ["A", 1], ["B", 1], ["A", 1]], "longest_values": [["B", 1], ["B", 1], ["A", 1], ["B", 1], ["A", 1]], "average_length": 1.0}]}, {"column_name": "2009-2010_ADDITIONAL_CREDIT", "number_non_empty_cells": 1534, "number_empty_cells": 143, "number_distinct_values": 53, "frequent_values": [0.0, 3.0, 1.5, 4.5, 0.8], "dataTypes": [{"type": "REAL", "count": 1534, "max_value": 15.0, "min_value": 0.0, "mean": 3.2230769230769223, "stddev": 2.940891300398265}]}, {"column_name": "2008-09_PROGRESS_REPORT_GRADE", "number_non_empty_cells": 1400, "number_empty_cells": 277, "number_distinct_values": 6, "frequent_values": ["A", "B", "C", "D", "F"], "dataTypes": [{"type": "TEXT", "count": 1400, "shortest_values": [["B", 1], ["A", 1], ["A", 1], ["A", 1], ["B", 1]], "longest_values": [["B", 1], ["A", 1], ["A", 1], ["A", 1], ["B", 1]], "average_length": 1.0}]}]}