{"dataset_name": "/user/hm74/NYCOpenData/4nft-bihw.tsv.gz", "columns": [{"column_name": "Borough_Code", "number_non_empty_cells": 12321, "number_empty_cells": 0, "number_distinct_values": 5, "frequent_values": [1, 4, 3, 2, 5], "dataTypes": [{"type": "INTEGER (LONG)", "count": 12321, "max_value": 5, "min_value": 1, "mean": 2.287152016881746, "stddev": 1.3036025502984934}]}, {"column_name": "Block_Number", "number_non_empty_cells": 12321, "number_empty_cells": 0, "number_distinct_values": 3989, "frequent_values": [944, 4452, 4591, 809, 839], "dataTypes": [{"type": "INTEGER (LONG)", "count": 12321, "max_value": 82532, "min_value": 7, "mean": 3220.7253469685775, "stddev": 6063.362334384604}]}, {"column_name": "Lot_Number", "number_non_empty_cells": 12321, "number_empty_cells": 0, "number_distinct_values": 585, "frequent_values": [1, 1001, 6, 5, 1002], "dataTypes": [{"type": "INTEGER (LONG)", "count": 12321, "max_value": 9060, "min_value": 1, "mean": 216.96761626491272, "stddev": 526.9193611499633}]}, {"column_name": "Tax_Year", "number_non_empty_cells": 12321, "number_empty_cells": 0, "number_distinct_values": 2, "frequent_values": [2018, 2017], "dataTypes": [{"type": "INTEGER (LONG)", "count": 12321, "max_value": 2018, "min_value": 2017, "mean": 2017.8165733300814, "stddev": 0.38701592561254333}]}, {"column_name": "Remission_Code", "number_non_empty_cells": 0, "number_empty_cells": 12321, "number_distinct_values": 1, "frequent_values": [null], "dataTypes": []}, {"column_name": "Owner_Name", "number_non_empty_cells": 11688, "number_empty_cells": 633, "number_distinct_values": 8437, "frequent_values": ["LE HAVRE OWNERS CORP.", "JPMORGAN CHASE BANK N", "PARK SLOPE NORTH HDFC", "THE TRUSTEES OF COLUM", "BP AMERICA, INC."], "dataTypes": [{"type": "TEXT", "count": 12321, "shortest_values": [["KAMCO", 5], ["KAMCO", 5], ["PASCAL", 6], ["OM LLC", 6], ["313 LLC", 7]], "longest_values": [["\"MAX BINIK Z\"\"L CORP.\"", 22], ["SOCIETY OF EPIROTES \"\"", 22], ["SOCIETY OF EPIROTES \"\"", 22], ["SONS OF THE REVOLUTIO", 21], ["SONS OF THE REVOLUTIO", 21]], "average_length": 18.91632172713252}]}, {"column_name": "Property_Address", "number_non_empty_cells": 12096, "number_empty_cells": 225, "number_distinct_values": 9707, "frequent_values": ["300 WEST 53 STREET", "308 EAST 72 STREET", "420 5 AVENUE", "100 UNITED NATIONS PL", "62 WEST 47 STREET"], "dataTypes": [{"type": "TEXT", "count": 12246, "shortest_values": [["31 ROAD", 7], ["31 ROAD", 7], ["12 ROAD", 7], ["8 BOWERY", 8], ["4 AVENUE", 8]], "longest_values": [["9 SOUTH WILLIAM STREE", 21], ["21 SOUTH WILLIAM STRE", 21], ["21 SOUTH WILLIAM STRE", 21], ["123 WASHINGTON STREET", 21], ["140 WASHINGTON STREET", 21]], "average_length": 17.31316348195324}]}, {"column_name": "Granted_Reduction_Amount", "number_non_empty_cells": 12319, "number_empty_cells": 2, "number_distinct_values": 8403, "frequent_values": [0, 66940, 10666, 52650, 100000], "dataTypes": [{"type": "INTEGER (LONG)", "count": 12319, "max_value": 98502400, "min_value": 0, "mean": 548472.954460586, "stddev": 2192940.80846433}]}, {"column_name": "Tax_Class_Code", "number_non_empty_cells": 12321, "number_empty_cells": 0, "number_distinct_values": 9, "frequent_values": ["4", "2", "2A", "2B", "2C"], "dataTypes": [{"type": "INTEGER (LONG)", "count": 11763, "max_value": 4, "min_value": 1, "mean": 3.1569327552495103, "stddev": 1.004804497414853}, {"type": "DATE/TIME", "count": 206, "max_value": "2019-12-09T02:00:00", "min_value": "2019-12-09T01:00:00"}, {"type": "TEXT", "count": 352, "shortest_values": [["2C", 2], ["2C", 2], ["2C", 2], ["2B", 2], ["2C", 2]], "longest_values": [["2C", 2], ["2C", 2], ["2C", 2], ["2B", 2], ["2C", 2]], "average_length": 2.0}]}]}