{"dataset_name": "/user/hm74/NYCOpenData/4qii-5cz9.tsv.gz", "columns": [{"column_name": "BOROUGH", "number_non_empty_cells": 2350, "number_empty_cells": 0, "number_distinct_values": 8, "frequent_values": ["Q", "X", "K", "M", "R"], "dataTypes": [{"type": "TEXT", "count": 2350, "shortest_values": [["K", 1], ["K", 1], ["K", 1], ["K", 1], ["K", 1]], "longest_values": [["(0K-08* ONLY)\"", 14], ["(MS CORE and ", 13], ["09-12 ONLY)\"", 12], ["K", 1], ["K", 1]], "average_length": 1.0153191489361735}]}, {"column_name": "GRADE_LEVEL", "number_non_empty_cells": 2349, "number_empty_cells": 1, "number_distinct_values": 15, "frequent_values": ["09-12", "MS Core", "0K-09", "08", "07"], "dataTypes": [{"type": "INTEGER (LONG)", "count": 813, "max_value": 8, "min_value": 1, "mean": 4.530135301353008, "stddev": 2.2956485080940547}, {"type": "DATE/TIME", "count": 673, "max_value": "2019-09-12T00:00:00", "min_value": "2019-09-12T00:00:00"}, {"type": "TEXT", "count": 863, "shortest_values": [["0K", 2], ["0K", 2], ["0K", 2], ["0K", 2], ["0K", 2]], "longest_values": [["SERVICE CATEGORY", 16], ["CLASS SIZE", 10], ["MS Core", 7], ["MS Core", 7], ["MS Core", 7]], "average_length": 6.234067207415986}]}, {"column_name": "PROGRAM_TYPE", "number_non_empty_cells": 2348, "number_empty_cells": 2, "number_distinct_values": 5, "frequent_values": ["GEN ED / CTT / G&T", "GEN ED / CTT", "SPEC ED", "NUMBER OF CLASSES", null], "dataTypes": [{"type": "TEXT", "count": 2348, "shortest_values": [["SPEC ED", 7], ["SPEC ED", 7], ["SPEC ED", 7], ["SPEC ED", 7], ["SPEC ED", 7]], "longest_values": [["GEN ED / CTT / G&T", 18], ["GEN ED / CTT / G&T", 18], ["GEN ED / CTT / G&T", 18], ["GEN ED / CTT / G&T", 18], ["GEN ED / CTT / G&T", 18]], "average_length": 13.072402044293032}]}, {"column_name": "CORE_SUBJECT_", "number_non_empty_cells": 2348, "number_empty_cells": 2, "number_distinct_values": 7, "frequent_values": ["-", "Science", "Math", "Social Studies", "English"], "dataTypes": [{"type": "TEXT", "count": 2348, "shortest_values": [["-", 1], ["-", 1], ["-", 1], ["-", 1], ["-", 1]], "longest_values": [["NUMBER OF STUDENTS", 18], ["Social Studies", 14], ["Social Studies", 14], ["Social Studies", 14], ["Social Studies", 14]], "average_length": 4.955706984667794}]}]}