{"dataset_name": "/user/hm74/NYCOpenData/4s7y-vm5x.tsv.gz", "columns": [{"column_name": "GRADE LEVEL", "number_non_empty_cells": 513, "number_empty_cells": 0, "number_distinct_values": 13, "frequent_values": ["09-12", "MS Core", "0K-09", "07", "01"], "dataTypes": [{"type": "INTEGER (LONG)", "count": 195, "max_value": 9, "min_value": 1, "mean": 5.0051282051282024, "stddev": 2.573030610394091}, {"type": "DATE/TIME", "count": 136, "max_value": "2019-09-12T00:00:00", "min_value": "2019-09-12T00:00:00"}, {"type": "TEXT", "count": 182, "shortest_values": [["0K", 2], ["0K", 2], ["0K", 2], ["0K", 2], ["0K", 2]], "longest_values": [["MS Core", 7], ["MS Core", 7], ["MS Core", 7], ["MS Core", 7], ["MS Core", 7]], "average_length": 6.164835164835159}]}, {"column_name": "PROGRAM TYPE", "number_non_empty_cells": 513, "number_empty_cells": 0, "number_distinct_values": 3, "frequent_values": ["GEN ED / CTT / G&T", "GEN ED / CTT", "SPEC ED"], "dataTypes": [{"type": "TEXT", "count": 513, "shortest_values": [["SPEC ED", 7], ["SPEC ED", 7], ["SPEC ED", 7], ["SPEC ED", 7], ["SPEC ED", 7]], "longest_values": [["GEN ED / CTT / G&T", 18], ["GEN ED / CTT / G&T", 18], ["GEN ED / CTT / G&T", 18], ["GEN ED / CTT / G&T", 18], ["GEN ED / CTT / G&T", 18]], "average_length": 13.282651072124747}]}, {"column_name": "CORE SUBJECT", "number_non_empty_cells": 513, "number_empty_cells": 0, "number_distinct_values": 5, "frequent_values": ["-", "SOCIAL STUDIES", "MATH", "ENGLISH", "SCIENCE"], "dataTypes": [{"type": "TEXT", "count": 513, "shortest_values": [["-", 1], ["-", 1], ["-", 1], ["-", 1], ["-", 1]], "longest_values": [["SOCIAL STUDIES", 14], ["SOCIAL STUDIES", 14], ["SOCIAL STUDIES", 14], ["SOCIAL STUDIES", 14], ["SOCIAL STUDIES", 14]], "average_length": 4.682261208577002}]}, {"column_name": "SERVICE CATEGORY", "number_non_empty_cells": 513, "number_empty_cells": 0, "number_distinct_values": 6, "frequent_values": ["-", "12:1:1", "12:1", "8:1:1", "15:1"], "dataTypes": [{"type": "DATE/TIME", "count": 31, "max_value": "2019-12-06T15:01:00", "min_value": "2019-12-06T06:01:01"}, {"type": "TEXT", "count": 482, "shortest_values": [["-", 1], ["-", 1], ["-", 1], ["-", 1], ["-", 1]], "longest_values": [["-", 1], ["-", 1], ["-", 1], ["-", 1], ["-", 1]], "average_length": 1.0}]}, {"column_name": "CLASS SIZE", "number_non_empty_cells": 457, "number_empty_cells": 56, "number_distinct_values": 30, "frequent_values": [15, 16, 27, 28, 26], "dataTypes": [{"type": "INTEGER (LONG)", "count": 457, "max_value": 34, "min_value": 6, "mean": 21.210065645514213, "stddev": 7.879263105481769}]}, {"column_name": "NUMBER OF CLASSES", "number_non_empty_cells": 513, "number_empty_cells": 0, "number_distinct_values": 313, "frequent_values": [1, 2, 3, 4, 35], "dataTypes": [{"type": "INTEGER (LONG)", "count": 513, "max_value": 1783, "min_value": 1, "mean": 218.13840155945425, "stddev": 254.19515293723094}]}, {"column_name": "NUMBER OF STUDENTS", "number_non_empty_cells": 513, "number_empty_cells": 0, "number_distinct_values": 459, "frequent_values": [70, 84, 50, 15, 95], "dataTypes": [{"type": "INTEGER (LONG)", "count": 513, "max_value": 60622, "min_value": 4, "mean": 5405.818713450296, "stddev": 7731.98317944453}]}, {"column_name": "PERCENT OF STUDENTS IN PROGRAM / GRADE / SUBJECT", "number_non_empty_cells": 513, "number_empty_cells": 0, "number_distinct_values": 32, "frequent_values": [1, 2, 3, 5, 4], "dataTypes": [{"type": "INTEGER (LONG)", "count": 513, "max_value": 75, "min_value": 0, "mean": 6.037037037037042, "stddev": 7.5662501233076345}]}]}