{"dataset_name": "/user/hm74/NYCOpenData/4se9-mk53.tsv.gz", "columns": [{"column_name": "Division Name", "number_non_empty_cells": 20, "number_empty_cells": 0, "number_distinct_values": 2, "frequent_values": ["Legal Division", "Support Division"], "dataTypes": []}, {"column_name": "Department Name", "number_non_empty_cells": 20, "number_empty_cells": 0, "number_distinct_values": 20, "frequent_values": ["Contracts and Real Estate", "Administrative Law", "Legal Counsel", "Tax and Bankruptcy", "Tort"], "dataTypes": []}]}