{"dataset_name": "/user/hm74/NYCOpenData/4snd-in5m.tsv.gz", "columns": [{"column_name": "DBN", "number_non_empty_cells": 1811, "number_empty_cells": 0, "number_distinct_values": 1811, "frequent_values": ["02M042", "02M529", "08X093", "01M064", "01M539"], "dataTypes": [{"type": "DATE/TIME", "count": 34, "max_value": "2019-12-07T00:06:52", "min_value": "2019-12-07T00:01:15"}, {"type": "TEXT", "count": 1777, "shortest_values": [["01M063", 6], ["01M064", 6], ["01M110", 6], ["01M134", 6], ["01M137", 6]], "longest_values": [["01M063", 6], ["01M064", 6], ["01M110", 6], ["01M134", 6], ["01M137", 6]], "average_length": 6.0}]}, {"column_name": "LOCATION_NAME", "number_non_empty_cells": 1810, "number_empty_cells": 1, "number_distinct_values": 1743, "frequent_values": ["Home Schooling", "Universal Pre-K C.B.O.", "P.S. 360", "P.S. 253", "P.S. 212"], "dataTypes": [{"type": "TEXT", "count": 1811, "shortest_values": [["LYFE", 4], ["Kappa", 5], ["P.S. 89", 7], ["Muscota", 7], ["P.S. 66", 7]], "longest_values": [["Collaborative Academy of Science, Technology, & La", 50], ["New Explorations into Science, Technology and Math", 50], ["47 The American Sign Language and English Secondar", 50], ["The Urban Assembly School for Emergency Management", 50], ["Stephen T. Mather Building Arts & Craftsmanship Hi", 50]], "average_length": 27.38873550524574}]}, {"column_name": "LOCATION_CATEGORY", "number_non_empty_cells": 1811, "number_empty_cells": 0, "number_distinct_values": 14, "frequent_values": ["Elementary", "High school", "Junior High-Intermediate-Middle", "K-8", "Secondary School"], "dataTypes": [{"type": "TEXT", "count": 1811, "shortest_values": [["K-8", 3], ["K-8", 3], ["K-8", 3], ["K-8", 3], ["K-8", 3]], "longest_values": [["Junior High-Intermediate-Middle", 31], ["Junior High-Intermediate-Middle", 31], ["Junior High-Intermediate-Middle", 31], ["Junior High-Intermediate-Middle", 31], ["Junior High-Intermediate-Middle", 31]], "average_length": 13.646604086140249}]}, {"column_name": "ADMINISTRATIVE_DISTRICT", "number_non_empty_cells": 1811, "number_empty_cells": 0, "number_distinct_values": 36, "frequent_values": [2, 10, 31, 9, 75], "dataTypes": [{"type": "INTEGER (LONG)", "count": 1811, "max_value": 97, "min_value": 1, "mean": 20.075648812810595, "stddev": 18.247283499596804}]}, {"column_name": "2014", "number_non_empty_cells": 1811, "number_empty_cells": 0, "number_distinct_values": 1, "frequent_values": ["*"], "dataTypes": [{"type": "TEXT", "count": 1811, "shortest_values": [["*", 1], ["*", 1], ["*", 1], ["*", 1], ["*", 1]], "longest_values": [["*", 1], ["*", 1], ["*", 1], ["*", 1], ["*", 1]], "average_length": 1.0}]}, {"column_name": "2013", "number_non_empty_cells": 1811, "number_empty_cells": 0, "number_distinct_values": 1, "frequent_values": ["*"], "dataTypes": [{"type": "TEXT", "count": 1811, "shortest_values": [["*", 1], ["*", 1], ["*", 1], ["*", 1], ["*", 1]], "longest_values": [["*", 1], ["*", 1], ["*", 1], ["*", 1], ["*", 1]], "average_length": 1.0}]}, {"column_name": "2012", "number_non_empty_cells": 1811, "number_empty_cells": 0, "number_distinct_values": 1, "frequent_values": ["*"], "dataTypes": [{"type": "TEXT", "count": 1811, "shortest_values": [["*", 1], ["*", 1], ["*", 1], ["*", 1], ["*", 1]], "longest_values": [["*", 1], ["*", 1], ["*", 1], ["*", 1], ["*", 1]], "average_length": 1.0}]}, {"column_name": "2011", "number_non_empty_cells": 1811, "number_empty_cells": 0, "number_distinct_values": 2, "frequent_values": ["*", "6"], "dataTypes": [{"type": "INTEGER (LONG)", "count": 1, "max_value": 6, "min_value": 6, "mean": 6.0, "stddev": 0.0}, {"type": "TEXT", "count": 1810, "shortest_values": [["*", 1], ["*", 1], ["*", 1], ["*", 1], ["*", 1]], "longest_values": [["*", 1], ["*", 1], ["*", 1], ["*", 1], ["*", 1]], "average_length": 1.0}]}, {"column_name": "2010", "number_non_empty_cells": 1811, "number_empty_cells": 0, "number_distinct_values": 2, "frequent_values": ["*", "6"], "dataTypes": [{"type": "INTEGER (LONG)", "count": 2, "max_value": 6, "min_value": 6, "mean": 6.0, "stddev": 0.0}, {"type": "TEXT", "count": 1809, "shortest_values": [["*", 1], ["*", 1], ["*", 1], ["*", 1], ["*", 1]], "longest_values": [["*", 1], ["*", 1], ["*", 1], ["*", 1], ["*", 1]], "average_length": 1.0}]}, {"column_name": "2009", "number_non_empty_cells": 1811, "number_empty_cells": 0, "number_distinct_values": 3, "frequent_values": ["*", "6", "10"], "dataTypes": [{"type": "INTEGER (LONG)", "count": 5, "max_value": 10, "min_value": 6, "mean": 6.8, "stddev": 1.6}, {"type": "TEXT", "count": 1806, "shortest_values": [["*", 1], ["*", 1], ["*", 1], ["*", 1], ["*", 1]], "longest_values": [["*", 1], ["*", 1], ["*", 1], ["*", 1], ["*", 1]], "average_length": 1.0}]}, {"column_name": "2008", "number_non_empty_cells": 1811, "number_empty_cells": 0, "number_distinct_values": 3, "frequent_values": ["*", "7", "6"], "dataTypes": [{"type": "INTEGER (LONG)", "count": 2, "max_value": 7, "min_value": 6, "mean": 6.5, "stddev": 0.5}, {"type": "TEXT", "count": 1809, "shortest_values": [["*", 1], ["*", 1], ["*", 1], ["*", 1], ["*", 1]], "longest_values": [["*", 1], ["*", 1], ["*", 1], ["*", 1], ["*", 1]], "average_length": 1.0}]}, {"column_name": "2007", "number_non_empty_cells": 1811, "number_empty_cells": 0, "number_distinct_values": 5, "frequent_values": ["*", "8", "7", "6", "10"], "dataTypes": [{"type": "INTEGER (LONG)", "count": 5, "max_value": 10, "min_value": 6, "mean": 7.8, "stddev": 1.32664991614216}, {"type": "TEXT", "count": 1806, "shortest_values": [["*", 1], ["*", 1], ["*", 1], ["*", 1], ["*", 1]], "longest_values": [["*", 1], ["*", 1], ["*", 1], ["*", 1], ["*", 1]], "average_length": 1.0}]}, {"column_name": "2006", "number_non_empty_cells": 1811, "number_empty_cells": 0, "number_distinct_values": 4, "frequent_values": ["*", "7", "11", "10"], "dataTypes": [{"type": "INTEGER (LONG)", "count": 6, "max_value": 11, "min_value": 7, "mean": 8.166666666666666, "stddev": 1.6749792701868151}, {"type": "TEXT", "count": 1805, "shortest_values": [["*", 1], ["*", 1], ["*", 1], ["*", 1], ["*", 1]], "longest_values": [["*", 1], ["*", 1], ["*", 1], ["*", 1], ["*", 1]], "average_length": 1.0}]}, {"column_name": "2005", "number_non_empty_cells": 1811, "number_empty_cells": 0, "number_distinct_values": 5, "frequent_values": ["*", "6", "7", "11", "9"], "dataTypes": [{"type": "INTEGER (LONG)", "count": 8, "max_value": 11, "min_value": 6, "mean": 7.125, "stddev": 1.7633419974582356}, {"type": "TEXT", "count": 1803, "shortest_values": [["*", 1], ["*", 1], ["*", 1], ["*", 1], ["*", 1]], "longest_values": [["*", 1], ["*", 1], ["*", 1], ["*", 1], ["*", 1]], "average_length": 1.0}]}, {"column_name": "2004", "number_non_empty_cells": 1811, "number_empty_cells": 0, "number_distinct_values": 7, "frequent_values": ["*", "7", "8", "6", "18"], "dataTypes": [{"type": "INTEGER (LONG)", "count": 9, "max_value": 18, "min_value": 6, "mean": 8.777777777777779, "stddev": 3.4889596595794625}, {"type": "TEXT", "count": 1802, "shortest_values": [["*", 1], ["*", 1], ["*", 1], ["*", 1], ["*", 1]], "longest_values": [["*", 1], ["*", 1], ["*", 1], ["*", 1], ["*", 1]], "average_length": 1.0}]}, {"column_name": "2003", "number_non_empty_cells": 1811, "number_empty_cells": 0, "number_distinct_values": 9, "frequent_values": ["*", "6", "7", "11", "10"], "dataTypes": [{"type": "INTEGER (LONG)", "count": 26, "max_value": 23, "min_value": 6, "mean": 8.846153846153847, "stddev": 4.266977922571896}, {"type": "TEXT", "count": 1785, "shortest_values": [["*", 1], ["*", 1], ["*", 1], ["*", 1], ["*", 1]], "longest_values": [["*", 1], ["*", 1], ["*", 1], ["*", 1], ["*", 1]], "average_length": 1.0}]}, {"column_name": "2002", "number_non_empty_cells": 1811, "number_empty_cells": 0, "number_distinct_values": 8, "frequent_values": ["*", "6", "8", "9", "7"], "dataTypes": [{"type": "INTEGER (LONG)", "count": 25, "max_value": 13, "min_value": 6, "mean": 7.84, "stddev": 1.8478095139921755}, {"type": "TEXT", "count": 1786, "shortest_values": [["*", 1], ["*", 1], ["*", 1], ["*", 1], ["*", 1]], "longest_values": [["*", 1], ["*", 1], ["*", 1], ["*", 1], ["*", 1]], "average_length": 1.0}]}, {"column_name": "2001", "number_non_empty_cells": 1811, "number_empty_cells": 0, "number_distinct_values": 9, "frequent_values": ["*", "6", "7", "8", "9"], "dataTypes": [{"type": "INTEGER (LONG)", "count": 29, "max_value": 14, "min_value": 6, "mean": 7.862068965517241, "stddev": 2.2085123395318504}, {"type": "TEXT", "count": 1782, "shortest_values": [["*", 1], ["*", 1], ["*", 1], ["*", 1], ["*", 1]], "longest_values": [["*", 1], ["*", 1], ["*", 1], ["*", 1], ["*", 1]], "average_length": 1.0}]}, {"column_name": "2000", "number_non_empty_cells": 1811, "number_empty_cells": 0, "number_distinct_values": 10, "frequent_values": ["*", "6", "7", "9", "8"], "dataTypes": [{"type": "INTEGER (LONG)", "count": 35, "max_value": 14, "min_value": 6, "mean": 8.17142857142857, "stddev": 2.27389802869389}, {"type": "TEXT", "count": 1776, "shortest_values": [["*", 1], ["*", 1], ["*", 1], ["*", 1], ["*", 1]], "longest_values": [["*", 1], ["*", 1], ["*", 1], ["*", 1], ["*", 1]], "average_length": 1.0}]}, {"column_name": "1999", "number_non_empty_cells": 1811, "number_empty_cells": 0, "number_distinct_values": 10, "frequent_values": ["*", "6", "7", "8", "10"], "dataTypes": [{"type": "INTEGER (LONG)", "count": 41, "max_value": 21, "min_value": 6, "mean": 8.756097560975608, "stddev": 3.855819091779415}, {"type": "TEXT", "count": 1770, "shortest_values": [["*", 1], ["*", 1], ["*", 1], ["*", 1], ["*", 1]], "longest_values": [["*", 1], ["*", 1], ["*", 1], ["*", 1], ["*", 1]], "average_length": 1.0}]}, {"column_name": "1998", "number_non_empty_cells": 1811, "number_empty_cells": 0, "number_distinct_values": 9, "frequent_values": ["*", "8", "6", "7", "13"], "dataTypes": [{"type": "INTEGER (LONG)", "count": 33, "max_value": 14, "min_value": 6, "mean": 8.727272727272725, "stddev": 2.6085259656554354}, {"type": "TEXT", "count": 1778, "shortest_values": [["*", 1], ["*", 1], ["*", 1], ["*", 1], ["*", 1]], "longest_values": [["*", 1], ["*", 1], ["*", 1], ["*", 1], ["*", 1]], "average_length": 1.0}]}, {"column_name": "1997", "number_non_empty_cells": 1811, "number_empty_cells": 0, "number_distinct_values": 5, "frequent_values": ["*", "7", "6", "18", "9"], "dataTypes": [{"type": "INTEGER (LONG)", "count": 8, "max_value": 18, "min_value": 6, "mean": 8.375, "stddev": 3.739568825412898}, {"type": "TEXT", "count": 1803, "shortest_values": [["*", 1], ["*", 1], ["*", 1], ["*", 1], ["*", 1]], "longest_values": [["*", 1], ["*", 1], ["*", 1], ["*", 1], ["*", 1]], "average_length": 1.0}]}, {"column_name": "1996", "number_non_empty_cells": 1811, "number_empty_cells": 0, "number_distinct_values": 3, "frequent_values": ["*", "7", "17"], "dataTypes": [{"type": "INTEGER (LONG)", "count": 3, "max_value": 17, "min_value": 7, "mean": 10.333333333333334, "stddev": 4.714045207910317}, {"type": "TEXT", "count": 1808, "shortest_values": [["*", 1], ["*", 1], ["*", 1], ["*", 1], ["*", 1]], "longest_values": [["*", 1], ["*", 1], ["*", 1], ["*", 1], ["*", 1]], "average_length": 1.0}]}, {"column_name": "1995", "number_non_empty_cells": 1811, "number_empty_cells": 0, "number_distinct_values": 2, "frequent_values": ["*", "9"], "dataTypes": [{"type": "INTEGER (LONG)", "count": 1, "max_value": 9, "min_value": 9, "mean": 9.0, "stddev": 0.0}, {"type": "TEXT", "count": 1810, "shortest_values": [["*", 1], ["*", 1], ["*", 1], ["*", 1], ["*", 1]], "longest_values": [["*", 1], ["*", 1], ["*", 1], ["*", 1], ["*", 1]], "average_length": 1.0}]}, {"column_name": "1994", "number_non_empty_cells": 1811, "number_empty_cells": 0, "number_distinct_values": 1, "frequent_values": ["*"], "dataTypes": [{"type": "TEXT", "count": 1811, "shortest_values": [["*", 1], ["*", 1], ["*", 1], ["*", 1], ["*", 1]], "longest_values": [["*", 1], ["*", 1], ["*", 1], ["*", 1], ["*", 1]], "average_length": 1.0}]}, {"column_name": "1993", "number_non_empty_cells": 1811, "number_empty_cells": 0, "number_distinct_values": 1, "frequent_values": ["*"], "dataTypes": [{"type": "TEXT", "count": 1811, "shortest_values": [["*", 1], ["*", 1], ["*", 1], ["*", 1], ["*", 1]], "longest_values": [["*", 1], ["*", 1], ["*", 1], ["*", 1], ["*", 1]], "average_length": 1.0}]}, {"column_name": "TOTAL_EMS_TRANSPORTS", "number_non_empty_cells": 1811, "number_empty_cells": 0, "number_distinct_values": 43, "frequent_values": ["*", "6", "7", "8", "9"], "dataTypes": [{"type": "INTEGER (LONG)", "count": 652, "max_value": 74, "min_value": 6, "mean": 12.527607361963192, "stddev": 8.816161180256675}, {"type": "TEXT", "count": 1159, "shortest_values": [["*", 1], ["*", 1], ["*", 1], ["*", 1], ["*", 1]], "longest_values": [["*", 1], ["*", 1], ["*", 1], ["*", 1], ["*", 1]], "average_length": 1.0}]}]}