{"dataset_name": "/user/hm74/NYCOpenData/4tnw-tspg.tsv.gz", "columns": [{"column_name": "SCHOOL-YEAR", "number_non_empty_cells": 1644, "number_empty_cells": 1, "number_distinct_values": 2, "frequent_values": ["2015-16", null], "dataTypes": [{"type": "TEXT", "count": 1644, "shortest_values": [["2015-16", 7], ["2015-16", 7], ["2015-16", 7], ["2015-16", 7], ["2015-16", 7]], "longest_values": [["2015-16", 7], ["2015-16", 7], ["2015-16", 7], ["2015-16", 7], ["2015-16", 7]], "average_length": 7.0}]}, {"column_name": "DBN", "number_non_empty_cells": 1644, "number_empty_cells": 1, "number_distinct_values": 1645, "frequent_values": ["02M042", "02M529", "08X093", "01M064", "01M539"], "dataTypes": [{"type": "DATE/TIME", "count": 34, "max_value": "2019-12-07T00:06:52", "min_value": "2019-12-07T00:01:15"}, {"type": "TEXT", "count": 1610, "shortest_values": [["01M063", 6], ["01M064", 6], ["01M110", 6], ["01M134", 6], ["01M137", 6]], "longest_values": [["01M063", 6], ["01M064", 6], ["01M110", 6], ["01M134", 6], ["01M137", 6]], "average_length": 6.0}]}, {"column_name": "Location", "number_non_empty_cells": 1540, "number_empty_cells": 105, "number_distinct_values": 1645, "frequent_values": ["02M303 - FACING HISTORY SCHOOL  THE", "17K568 - BROWNSVILLE ACADEMY HIGH SCHOOL", "23K647 - METROPOLITAN DIPLOMA PLUS HIGH SCHOOL", "25Q120 - P.S. 120 QUEENS", "97X012 - P.S. X012 LEWIS AND CLARK SCHOOL"], "dataTypes": [{"type": "TEXT", "count": 1644, "shortest_values": [["09X215 - KAPPA", 14], ["02M089 - P.S. 89", 16], ["06M314 - MUSCOTA", 16], ["18K066 - P.S. 66", 16], ["23K518 - KAPPA V", 16]], "longest_values": [["30Q222 - P.S. Q222 - FIRE FIGHTER CHRISTOPHER A. SANTORA SCHOOL", 63], ["16K636 - YOUNG SCHOLARS' ACADEMY FOR DISCOVERY AND EXPLORATION", 62], ["01M345 - COLLABORATIVE ACADEMY OF SCIENCE  TECHNOLOGY  & LA", 59], ["01M539 - NEW EXPLORATIONS INTO SCIENCE  TECHNOLOGY AND MATH", 59], ["02M047 - 47 THE AMERICAN SIGN LANGUAGE AND ENGLISH SECONDAR", 59]], "average_length": 37.035279805352815}]}, {"column_name": "Location_Type", "number_non_empty_cells": 1644, "number_empty_cells": 1, "number_distinct_values": 10, "frequent_values": ["ELEMENTARY", "HIGH SCHOOL", "JUNIOR HIGH-INTERMEDIATE-MIDDLE", "K-8", "SECONDARY SCHOOL"], "dataTypes": [{"type": "TEXT", "count": 1644, "shortest_values": [["K-8", 3], ["K-8", 3], ["K-8", 3], ["K-8", 3], ["K-8", 3]], "longest_values": [["JUNIOR HIGH-INTERMEDIATE-MIDDLE", 31], ["JUNIOR HIGH-INTERMEDIATE-MIDDLE", 31], ["JUNIOR HIGH-INTERMEDIATE-MIDDLE", 31], ["JUNIOR HIGH-INTERMEDIATE-MIDDLE", 31], ["JUNIOR HIGH-INTERMEDIATE-MIDDLE", 31]], "average_length": 13.76703163017033}]}, {"column_name": "Total_SW_&_GC", "number_non_empty_cells": 1644, "number_empty_cells": 1, "number_distinct_values": 74, "frequent_values": [2.0, 1.0, 3.0, 4.0, 5.0], "dataTypes": [{"type": "REAL", "count": 1644, "max_value": 4043.0, "min_value": 0.0, "mean": 4.917658150851578, "stddev": 99.65912442274394}]}, {"column_name": "Total_SW", "number_non_empty_cells": 923, "number_empty_cells": 722, "number_distinct_values": 33, "frequent_values": [1.0, 2.0, 0.0, 3.0, 4.0], "dataTypes": [{"type": "REAL", "count": 923, "max_value": 1193.0, "min_value": 0.0, "mean": 2.5839978331527633, "stddev": 39.22725794275545}]}, {"column_name": "Full_Time", "number_non_empty_cells": 847, "number_empty_cells": 798, "number_distinct_values": 11, "frequent_values": [1, 2, 3, 4, 26], "dataTypes": [{"type": "INTEGER (LONG)", "count": 847, "max_value": 1170, "min_value": 1, "mean": 2.762691853600945, "stddev": 40.15300284683763}]}, {"column_name": "Part_Time", "number_non_empty_cells": 49, "number_empty_cells": 1596, "number_distinct_values": 13, "frequent_values": [0.2, 0.4, 0.6, 0.5, 1.0], "dataTypes": [{"type": "REAL", "count": 49, "max_value": 23.0, "min_value": 0.09, "mean": 0.9189795918367347, "stddev": 3.1967727635264165}]}, {"column_name": "Bilingual", "number_non_empty_cells": 244, "number_empty_cells": 1401, "number_distinct_values": 9, "frequent_values": [1.0, 2.0, 0.4, 0.09, 0.6], "dataTypes": [{"type": "REAL", "count": 244, "max_value": 252.0, "min_value": 0.09, "mean": 2.0632377049180324, "stddev": 16.03508322477509}]}, {"column_name": "Serving_more_than_one_location", "number_non_empty_cells": 23, "number_empty_cells": 1622, "number_distinct_values": 11, "frequent_values": [0.2, 0.5, 0.4, 0.6, 0.17], "dataTypes": [{"type": "REAL", "count": 23, "max_value": 9.0, "min_value": 0.09, "mean": 0.7578260869565218, "stddev": 1.7671051161414773}]}, {"column_name": "ATR", "number_non_empty_cells": 2, "number_empty_cells": 1643, "number_distinct_values": 2, "frequent_values": [1, null], "dataTypes": [{"type": "INTEGER (LONG)", "count": 2, "max_value": 1, "min_value": 1, "mean": 1.0, "stddev": 0.0}]}]}