{"dataset_name": "/user/hm74/NYCOpenData/4tqt-y424.tsv.gz", "columns": [{"column_name": "School_Year", "number_non_empty_cells": 835, "number_empty_cells": 0, "number_distinct_values": 4, "frequent_values": ["2017-2018", "2016-2017", "2018-2019", "2015-2016"], "dataTypes": [{"type": "TEXT", "count": 835, "shortest_values": [["2018-2019", 9], ["2018-2019", 9], ["2018-2019", 9], ["2018-2019", 9], ["2018-2019", 9]], "longest_values": [["2018-2019", 9], ["2018-2019", 9], ["2018-2019", 9], ["2018-2019", 9], ["2018-2019", 9]], "average_length": 9.0}]}, {"column_name": "Vendor_Name", "number_non_empty_cells": 815, "number_empty_cells": 20, "number_distinct_values": 97, "frequent_values": ["RICHMOND COUNTY AMBULANCE SERV", "ALLIED TRANSIT CORP.", "B & F SKILLED INC.(B2192)", "MUTUAL BUS CORP. (B2321)", "Y & M TRANSIT CORP (B2321)"], "dataTypes": [{"type": "TEXT", "count": 835, "shortest_values": [["MJT BUS", 7], ["MJT BUS", 7], ["MJT BUS", 7], ["SMART PICK", 10], ["SMART PICK", 10]], "longest_values": [["MONTAUK STUDENT TRANS, INC. (B2321)", 35], ["MONTAUK STUDENT TRANS, INC. (B2321)", 35], ["MONTAUK STUDENT TRANS, INC. (B2321)", 35], ["MONTAUK STUDENT TRANS, INC. (B2321)", 35], ["MONTAUK STUDENT TRANS, INC. (B2321)", 35]], "average_length": 23.453892215568835}]}, {"column_name": "Type_of_Service", "number_non_empty_cells": 835, "number_empty_cells": 0, "number_distinct_values": 5, "frequent_values": ["School Age", "Pre-K", "Ambulance", "Coach", "Attendant"], "dataTypes": [{"type": "TEXT", "count": 835, "shortest_values": [["Coach", 5], ["Pre-K", 5], ["Pre-K", 5], ["Pre-K", 5], ["Pre-K", 5]], "longest_values": [["School Age", 10], ["School Age", 10], ["School Age", 10], ["School Age", 10], ["School Age", 10]], "average_length": 8.834730538922166}]}, {"column_name": "Active_Employees", "number_non_empty_cells": 835, "number_empty_cells": 0, "number_distinct_values": 248, "frequent_values": [1, 2, 3, 10, 4], "dataTypes": [{"type": "INTEGER (LONG)", "count": 835, "max_value": 991, "min_value": 1, "mean": 85.00838323353304, "stddev": 148.19706471317724}]}, {"column_name": "Job_Type", "number_non_empty_cells": 835, "number_empty_cells": 0, "number_distinct_values": 7, "frequent_values": ["Driver", "Attendant", "Driver&Attendant", "Paramedic", "EMT"], "dataTypes": [{"type": "TEXT", "count": 835, "shortest_values": [["EMT", 3], ["EMT", 3], ["EMT", 3], ["EMT", 3], ["EMT", 3]], "longest_values": [["Driver&Attendant", 16], ["Driver&Attendant", 16], ["Driver&Attendant", 16], ["Driver&Attendant", 16], ["Driver&Attendant", 16]], "average_length": 9.502994011976046}]}]}