{"dataset_name": "/user/hm74/NYCOpenData/4vfc-wci4.tsv.gz", "columns": [{"column_name": "ProviderType", "number_non_empty_cells": 90, "number_empty_cells": 0, "number_distinct_values": 1, "frequent_values": ["HOME DELIVERED MEAL SERVICE CONTRACTS"], "dataTypes": [{"type": "TEXT", "count": 90, "shortest_values": [["HOME DELIVERED MEAL SERVICE CONTRACTS", 37], ["HOME DELIVERED MEAL SERVICE CONTRACTS", 37], ["HOME DELIVERED MEAL SERVICE CONTRACTS", 37], ["HOME DELIVERED MEAL SERVICE CONTRACTS", 37], ["HOME DELIVERED MEAL SERVICE CONTRACTS", 37]], "longest_values": [["HOME DELIVERED MEAL SERVICE CONTRACTS", 37], ["HOME DELIVERED MEAL SERVICE CONTRACTS", 37], ["HOME DELIVERED MEAL SERVICE CONTRACTS", 37], ["HOME DELIVERED MEAL SERVICE CONTRACTS", 37], ["HOME DELIVERED MEAL SERVICE CONTRACTS", 37]], "average_length": 37.0}]}, {"column_name": "DFTA ID", "number_non_empty_cells": 90, "number_empty_cells": 0, "number_distinct_values": 6, "frequent_values": ["36J01", "15Y01", "46P01", "46J01", "15X01"], "dataTypes": [{"type": "TEXT", "count": 90, "shortest_values": [["46J01", 5], ["29D01", 5], ["29D01", 5], ["36J01", 5], ["46P01", 5]], "longest_values": [["46J01", 5], ["29D01", 5], ["29D01", 5], ["36J01", 5], ["46P01", 5]], "average_length": 5.0}]}, {"column_name": "ContractYear", "number_non_empty_cells": 90, "number_empty_cells": 0, "number_distinct_values": 1, "frequent_values": [2020], "dataTypes": [{"type": "INTEGER (LONG)", "count": 90, "max_value": 2020, "min_value": 2020, "mean": 2020.0, "stddev": 0.0}]}, {"column_name": "SponsorName", "number_non_empty_cells": 75, "number_empty_cells": 15, "number_distinct_values": 6, "frequent_values": ["SERVICES NOW FOR ADULT PERSONS INC", "WAYSIDE OUT-REACH DEVELOPMENT INC", "PETER CARDELLA SENIOR CITIZEN CENTER INC", "CHARLES A WALBURG MULTI SERVICE ORGANIZATION INC", "MID BRONX SENIOR CITIZENS COUNCIL INC"], "dataTypes": [{"type": "TEXT", "count": 90, "shortest_values": [["WAYSIDE OUT-REACH DEVELOPMENT INC", 33], ["WAYSIDE OUT-REACH DEVELOPMENT INC", 33], ["WAYSIDE OUT-REACH DEVELOPMENT INC", 33], ["WAYSIDE OUT-REACH DEVELOPMENT INC", 33], ["WAYSIDE OUT-REACH DEVELOPMENT INC", 33]], "longest_values": [["CHARLES A WALBURG MULTI SERVICE ORGANIZATION INC", 48], ["CHARLES A WALBURG MULTI SERVICE ORGANIZATION INC", 48], ["CHARLES A WALBURG MULTI SERVICE ORGANIZATION INC", 48], ["CHARLES A WALBURG MULTI SERVICE ORGANIZATION INC", 48], ["CHARLES A WALBURG MULTI SERVICE ORGANIZATION INC", 48]], "average_length": 37.66666666666664}]}, {"column_name": "ProgramName", "number_non_empty_cells": 75, "number_empty_cells": 15, "number_distinct_values": 6, "frequent_values": ["PETER CARDELLA HOME DELIVERED MEALS", "SNAP HOME DELIVERED MEALS", "CHARLES WALBURG HOME DELIVERED MEALS", "MID BRONX HOME DELIVERED MEALS", "RAIN HOME DELIVERED MEALS"], "dataTypes": [{"type": "TEXT", "count": 90, "shortest_values": [["SNAP HOME DELIVERED MEALS", 25], ["RAIN HOME DELIVERED MEALS", 25], ["RAIN HOME DELIVERED MEALS", 25], ["SNAP HOME DELIVERED MEALS", 25], ["SNAP HOME DELIVERED MEALS", 25]], "longest_values": [["CHARLES WALBURG HOME DELIVERED MEALS", 36], ["CHARLES WALBURG HOME DELIVERED MEALS", 36], ["CHARLES WALBURG HOME DELIVERED MEALS", 36], ["CHARLES WALBURG HOME DELIVERED MEALS", 36], ["CHARLES WALBURG HOME DELIVERED MEALS", 36]], "average_length": 29.833333333333336}]}, {"column_name": "LineItem", "number_non_empty_cells": 90, "number_empty_cells": 0, "number_distinct_values": 15, "frequent_values": [81, 12, 6, 3, 5], "dataTypes": [{"type": "INTEGER (LONG)", "count": 90, "max_value": 83, "min_value": 3, "mean": 23.53333333333333, "stddev": 29.47511191195417}]}, {"column_name": "LineItemName", "number_non_empty_cells": 90, "number_empty_cells": 0, "number_distinct_values": 15, "frequent_values": ["Vehicles", "Rent", "Personnel", "Travel", "Program Insurance"], "dataTypes": [{"type": "TEXT", "count": 90, "shortest_values": [["Rent", 4], ["Rent", 4], ["Rent", 4], ["Rent", 4], ["Rent", 4]], "longest_values": [["Catered Food/Disposables", 24], ["Catered Food/Disposables", 24], ["Catered Food/Disposables", 24], ["Catered Food/Disposables", 24], ["Catered Food/Disposables", 24]], "average_length": 13.466666666666667}]}, {"column_name": "ReportedMonth", "number_non_empty_cells": 90, "number_empty_cells": 0, "number_distinct_values": 1, "frequent_values": ["Jul 2019"], "dataTypes": [{"type": "DATE/TIME", "count": 90, "max_value": "2019-07-06T00:00:00", "min_value": "2019-07-06T00:00:00"}]}, {"column_name": "ReportedAmount", "number_non_empty_cells": 90, "number_empty_cells": 0, "number_distinct_values": 31, "frequent_values": [0.0, 79254.6, 1887.47, 9913.95, 1287.0], "dataTypes": [{"type": "REAL", "count": 90, "max_value": 93821.5, "min_value": 0.0, "mean": 6465.045444444446, "stddev": 19480.11218915191}]}]}