{"dataset_name": "/user/hm74/NYCOpenData/4wgu-f3yf.tsv.gz", "columns": [{"column_name": "District", "number_non_empty_cells": 12280, "number_empty_cells": 0, "number_distinct_values": 32, "frequent_values": [27, 10, 9, 31, 11], "dataTypes": [{"type": "INTEGER (LONG)", "count": 12280, "max_value": 32, "min_value": 1, "mean": 16.622638436482053, "stddev": 9.204478208854923}]}, {"column_name": "Grade_Level", "number_non_empty_cells": 12280, "number_empty_cells": 0, "number_distinct_values": 2, "frequent_values": ["MS Core", "HS Core"], "dataTypes": [{"type": "TEXT", "count": 12280, "shortest_values": [["HS Core", 7], ["HS Core", 7], ["HS Core", 7], ["HS Core", 7], ["HS Core", 7]], "longest_values": [["HS Core", 7], ["HS Core", 7], ["HS Core", 7], ["HS Core", 7], ["HS Core", 7]], "average_length": 7.0}]}, {"column_name": "Program_Type", "number_non_empty_cells": 12280, "number_empty_cells": 0, "number_distinct_values": 2, "frequent_values": ["Gen Ed/ICT/Acc", "SC"], "dataTypes": [{"type": "TEXT", "count": 12280, "shortest_values": [["SC", 2], ["SC", 2], ["SC", 2], ["SC", 2], ["SC", 2]], "longest_values": [["Gen Ed/ICT/Acc", 14], ["Gen Ed/ICT/Acc", 14], ["Gen Ed/ICT/Acc", 14], ["Gen Ed/ICT/Acc", 14], ["Gen Ed/ICT/Acc", 14]], "average_length": 12.123778501628664}]}, {"column_name": "Department", "number_non_empty_cells": 12280, "number_empty_cells": 0, "number_distinct_values": 4, "frequent_values": ["Math", "Science", "English", "Social Studies"], "dataTypes": [{"type": "TEXT", "count": 12280, "shortest_values": [["Math", 4], ["Math", 4], ["Math", 4], ["Math", 4], ["Math", 4]], "longest_values": [["Social Studies", 14], ["Social Studies", 14], ["Social Studies", 14], ["Social Studies", 14], ["Social Studies", 14]], "average_length": 7.853664495113993}]}, {"column_name": "Class_Size", "number_non_empty_cells": 12280, "number_empty_cells": 0, "number_distinct_values": 33, "frequent_values": ["30", "29", "28", "27", "26"], "dataTypes": [{"type": "INTEGER (LONG)", "count": 11167, "max_value": 34, "min_value": 6, "mean": 23.03805856541592, "stddev": 7.330172248396444}, {"type": "TEXT", "count": 1113, "shortest_values": [["<15", 3], [">34", 3], ["<15", 3], [">34", 3], ["<15", 3]], "longest_values": [["<15", 3], [">34", 3], ["<15", 3], [">34", 3], ["<15", 3]], "average_length": 3.0}]}, {"column_name": "Number_of_Students", "number_non_empty_cells": 12280, "number_empty_cells": 0, "number_distinct_values": 703, "frequent_values": [16, 18, 32, 20, 34], "dataTypes": [{"type": "INTEGER (LONG)", "count": 12280, "max_value": 4930, "min_value": 2, "mean": 177.35586319218265, "stddev": 312.2781415559465}]}, {"column_name": "Number_of_Classes", "number_non_empty_cells": 12280, "number_empty_cells": 0, "number_distinct_values": 109, "frequent_values": [1, 2, 3, 4, 5], "dataTypes": [{"type": "INTEGER (LONG)", "count": 12280, "max_value": 212, "min_value": 1, "mean": 6.9899022801302895, "stddev": 10.363902949915719}]}, {"column_name": "%_of_Students_within_Grade", "number_non_empty_cells": 12280, "number_empty_cells": 0, "number_distinct_values": 467, "frequent_values": [0.7, 2.1, 1.6, 0.6, 2.2], "dataTypes": [{"type": "REAL", "count": 12280, "max_value": 100.0, "min_value": 0.1, "mean": 7.719625407166136, "stddev": 9.45803301215578}]}]}