{"dataset_name": "/user/hm74/NYCOpenData/4y63-yw9e.tsv.gz", "columns": [{"column_name": "BN", "number_non_empty_cells": 1962, "number_empty_cells": 0, "number_distinct_values": 1766, "frequent_values": ["M550", "X231", "X241", "Q309", "M505"], "dataTypes": [{"type": "DATE/TIME", "count": 39, "max_value": "2019-12-07T00:00:59", "min_value": "2019-12-07T00:00:01"}, {"type": "TEXT", "count": 1923, "shortest_values": [["K036", 4], ["K036", 4], ["K053", 4], ["K140", 4], ["K141", 4]], "longest_values": [["REPORT GRADE\"", 13], ["K036", 4], ["K036", 4], ["K053", 4], ["K140", 4]], "average_length": 4.0046801872074855}]}, {"column_name": "SCHOOL_NAME", "number_non_empty_cells": 1956, "number_empty_cells": 6, "number_distinct_values": 1771, "frequent_values": ["Harlem Success Academy 3 Charter School", "Frederick Douglass Academy", "Bronx Academy of Letters", "GRANT AVENUE ELEMENTARY SCHOOL", "Secondary School for Law"], "dataTypes": [{"type": "TEXT", "count": 1962, "shortest_values": [["X723", 4], ["Kappa", 5], ["PS 354", 6], ["PS 536", 6], ["P.S. 36", 7]], "longest_values": [["English Language Learners and International Support Preparatory Academy (ELLIS)", 79], ["The New Visions Charter High School for Advanced Math and Science", 65], ["New Visions Charter High School for Advanced Math and Science II", 64], ["Archimedes Academy for Math, Science and Technology Applications", 64], ["Antonia Pantoja Preparatory Academy, A College Board School", 59]], "average_length": 29.11569826707447}]}, {"column_name": "PROGRESS_REPORT_TYPE", "number_non_empty_cells": 1962, "number_empty_cells": 0, "number_distinct_values": 7, "frequent_values": ["EMS", "HS", "EC", "HST", "D75"], "dataTypes": [{"type": "TEXT", "count": 1962, "shortest_values": [["EC", 2], ["EC", 2], ["EC", 2], ["EC", 2], ["EC", 2]], "longest_values": [["2010-11 PROGRESS REPORT GRADE", 29], ["YABC", 4], ["YABC", 4], ["YABC", 4], ["YABC", 4]], "average_length": 2.714067278287459}]}, {"column_name": "2012-2013_PROGRESS", "number_non_empty_cells": 1962, "number_empty_cells": 0, "number_distinct_values": 7, "frequent_values": ["B", "C", "A", "None", "D"], "dataTypes": [{"type": "TEXT", "count": 1962, "shortest_values": [["B", 1], ["B", 1], ["F", 1], ["C", 1], ["B", 1]], "longest_values": [["2009-10 PROGRESS REPORT GRADE", 29], ["None", 4], ["None", 4], ["None", 4], ["None", 4]], "average_length": 1.5295616717635057}]}]}