{"dataset_name": "/user/hm74/NYCOpenData/4y9q-t4wb.tsv.gz", "columns": [{"column_name": "Street_1", "number_non_empty_cells": 1156, "number_empty_cells": 0, "number_distinct_values": 1, "frequent_values": ["Broadway"], "dataTypes": [{"type": "TEXT", "count": 1156, "shortest_values": [["Broadway", 8], ["Broadway", 8], ["Broadway", 8], ["Broadway", 8], ["Broadway", 8]], "longest_values": [["Broadway", 8], ["Broadway", 8], ["Broadway", 8], ["Broadway", 8], ["Broadway", 8]], "average_length": 8.0}]}, {"column_name": "Street_2", "number_non_empty_cells": 1156, "number_empty_cells": 0, "number_distinct_values": 123, "frequent_values": ["67th ", "91st ", "95th ", "102nd ", "56th "], "dataTypes": [{"type": "DATE/TIME", "count": 1144, "max_value": "2068-12-07T00:00:00", "min_value": "0100-12-07T00:00:00"}, {"type": "TEXT", "count": 12, "shortest_values": [["La Salle", 8], ["La Salle", 8], ["La Salle", 8], ["La Salle", 8], ["La Salle", 8]], "longest_values": [["La Salle", 8], ["La Salle", 8], ["La Salle", 8], ["La Salle", 8], ["La Salle", 8]], "average_length": 8.0}]}, {"column_name": "Curb_Cut", "number_non_empty_cells": 1156, "number_empty_cells": 0, "number_distinct_values": 12, "frequent_values": ["SW2", "NE2", "SE2", "NW1", "SW1"], "dataTypes": [{"type": "DATE/TIME", "count": 260, "max_value": "2019-12-07T00:00:04", "min_value": "2019-12-07T00:00:01"}, {"type": "TEXT", "count": 896, "shortest_values": [["NW1", 3], ["NW2", 3], ["NE1", 3], ["NE2", 3], ["SW1", 3]], "longest_values": [["NW1", 3], ["NW2", 3], ["NE1", 3], ["NE2", 3], ["SW1", 3]], "average_length": 3.0}]}, {"column_name": "Slope_(inch)", "number_non_empty_cells": 818, "number_empty_cells": 338, "number_distinct_values": 76, "frequent_values": ["1", "2", "1.5", "N/A", "3"], "dataTypes": [{"type": "INTEGER (LONG)", "count": 346, "max_value": 6, "min_value": 0, "mean": 1.7485549132947993, "stddev": 0.8416957104261893}, {"type": "REAL", "count": 382, "max_value": 7.9, "min_value": 0.02, "mean": 1.6549005235602103, "stddev": 1.026231453104045}, {"type": "TEXT", "count": 90, "shortest_values": [["?", 1], ["N/A", 3], ["N/A", 3], ["N/A", 3], ["N/A", 3]], "longest_values": [["NO CURB CUT", 11], ["NO CURB CUT", 11], ["NO CURB CUT", 11], ["NO CURB CUT", 11], ["NO CURB CUT", 11]], "average_length": 5.37777777777778}]}, {"column_name": "Ramp_Width", "number_non_empty_cells": 732, "number_empty_cells": 424, "number_distinct_values": 90, "frequent_values": [48.0, 60.0, 36.0, 47.0, 56.0], "dataTypes": [{"type": "REAL", "count": 732, "max_value": 120.0, "min_value": 4.0, "mean": 55.69928278688523, "stddev": 15.201323157846044}]}, {"column_name": "No_Curb_Cut", "number_non_empty_cells": 43, "number_empty_cells": 1113, "number_distinct_values": 7, "frequent_values": ["YES", "X", "Yes", "NONE", "Y"], "dataTypes": [{"type": "TEXT", "count": 43, "shortest_values": [["Y", 1], ["Y", 1], ["Y", 1], ["X", 1], ["X", 1]], "longest_values": [["NONE", 4], ["NONE", 4], ["NONE", 4], ["NONE", 4], ["NONE", 4]], "average_length": 2.4651162790697674}]}, {"column_name": "Center_Cut", "number_non_empty_cells": 34, "number_empty_cells": 1122, "number_distinct_values": 2, "frequent_values": ["YES", null], "dataTypes": [{"type": "TEXT", "count": 34, "shortest_values": [["YES", 3], ["YES", 3], ["YES", 3], ["YES", 3], ["YES", 3]], "longest_values": [["YES", 3], ["YES", 3], ["YES", 3], ["YES", 3], ["YES", 3]], "average_length": 3.0}]}, {"column_name": "Lip/bump_(measurement_in_inches)", "number_non_empty_cells": 351, "number_empty_cells": 805, "number_distinct_values": 35, "frequent_values": ["0.5", "1", "NO", "0.25", "1.5"], "dataTypes": [{"type": "INTEGER (LONG)", "count": 125, "max_value": 7, "min_value": 0, "mean": 1.3279999999999996, "stddev": 1.0258732865222682}, {"type": "REAL", "count": 185, "max_value": 4.5, "min_value": 0.02, "mean": 0.6951891891891886, "stddev": 0.6001928445874186}, {"type": "TEXT", "count": 41, "shortest_values": [["NO", 2], ["NO", 2], ["NO", 2], ["NO", 2], ["NO", 2]], "longest_values": [["NO (1.5)", 8], ["EVEN", 4], ["EVEN", 4], ["EVEN", 4], ["YES", 3]], "average_length": 2.414634146341464}]}, {"column_name": "Crumbling_concrete?", "number_non_empty_cells": 175, "number_empty_cells": 981, "number_distinct_values": 16, "frequent_values": ["YES", "Y", "ASPHALT", "X", "Yes"], "dataTypes": [{"type": "INTEGER (LONG)", "count": 2, "max_value": 2, "min_value": 1, "mean": 1.5, "stddev": 0.5}, {"type": "TEXT", "count": 173, "shortest_values": [["Y", 1], ["Y", 1], ["Y", 1], ["Y", 1], ["Y", 1]], "longest_values": [["CRUMBLING ASPHALT ", 18], ["MISSING TILES ", 14], ["MISSING TILES ", 14], ["CURB STRUTED ", 13], ["ASPHALT ", 8]], "average_length": 3.294797687861271}]}, {"column_name": "Led_to_pot_hole?", "number_non_empty_cells": 32, "number_empty_cells": 1124, "number_distinct_values": 7, "frequent_values": ["YES", "Y", "DRAIN", "34''", "YES "], "dataTypes": [{"type": "DATE/TIME", "count": 2, "max_value": "2034-12-07T00:00:00", "min_value": "2019-12-12T00:00:00"}, {"type": "TEXT", "count": 30, "shortest_values": [["Y", 1], ["Y", 1], ["Y", 1], ["Y", 1], ["Y", 1]], "longest_values": [["DRAIN", 5], ["DRAIN", 5], ["YES ", 4], ["YES", 3], ["YES", 3]], "average_length": 2.833333333333333}]}, {"column_name": "Detectable_warnings_?", "number_non_empty_cells": 619, "number_empty_cells": 537, "number_distinct_values": 25, "frequent_values": ["NO", "YES", "Nogrooves", "STRIPES", "Nobrick"], "dataTypes": [{"type": "TEXT", "count": 619, "shortest_values": [["N", 1], ["N", 1], ["N", 1], ["N", 1], ["N", 1]], "longest_values": [["NOBROKEN DOMES", 14], ["TARNISHED", 9], ["TARNISED ", 9], ["Nogrooves", 9], ["Nogrooves", 9]], "average_length": 4.523424878836838}]}, {"column_name": "Object_barriers_?", "number_non_empty_cells": 120, "number_empty_cells": 1036, "number_distinct_values": 44, "frequent_values": ["NO", "pooling", "TRASH CAN", "LIGHT POLE", "WATER"], "dataTypes": [{"type": "TEXT", "count": 120, "shortest_values": [["NO", 2], ["NO", 2], ["NO", 2], ["NO", 2], ["NO", 2]], "longest_values": [["TEMPORARY BLOCADE DUE TP SIDEWALK CLOSURE", 41], ["Garbage can and lamp post", 25], ["TEMPORARY POLICE BARRIERS", 25], ["TEMPORARY POLICE BARRIERS", 25], ["BROKEN TRUNCATED DOMES ", 23]], "average_length": 8.024999999999999}]}, {"column_name": "Barriers_above?", "number_non_empty_cells": 60, "number_empty_cells": 1096, "number_distinct_values": 19, "frequent_values": ["NO", "SEWER", "NO ", "BROKEN ASPHALT", "DRAINAGE"], "dataTypes": [{"type": "TEXT", "count": 61, "shortest_values": [["NO", 2], ["NO", 2], ["NO", 2], ["NO", 2], ["NO", 2]], "longest_values": [["TRASH CAN, GARBAGE", 18], ["BROKEN METAL EDGE", 17], ["BROKEN ASHPHALT ", 16], ["WATER BUILDUP ", 14], ["BROKEN ASPHALT", 14]], "average_length": 4.524590163934427}]}]}