{"dataset_name": "/user/hm74/NYCOpenData/4ynn-w9fk.tsv.gz", "columns": [{"column_name": "DBN", "number_non_empty_cells": 1743, "number_empty_cells": 0, "number_distinct_values": 1743, "frequent_values": ["02M042", "02M529", "08X093", "01M064", "01M539"], "dataTypes": [{"type": "DATE/TIME", "count": 34, "max_value": "2019-12-07T00:06:52", "min_value": "2019-12-07T00:01:15"}, {"type": "TEXT", "count": 1709, "shortest_values": [["01M063", 6], ["01M064", 6], ["01M110", 6], ["01M134", 6], ["01M137", 6]], "longest_values": [["CITYWIDE", 8], ["01M063", 6], ["01M064", 6], ["01M110", 6], ["01M134", 6]], "average_length": 6.001170275014628}]}, {"column_name": "LOCATION_NAME", "number_non_empty_cells": 1742, "number_empty_cells": 1, "number_distinct_values": 1706, "frequent_values": ["Home Schooling", "P.S. 253", "P.S. 360", "P.S. 212", "P.S. 185 Walter Kassenbrock"], "dataTypes": [{"type": "TEXT", "count": 1742, "shortest_values": [["LYFE", 4], ["Kappa", 5], ["P.S. 89", 7], ["Muscota", 7], ["P.S. 66", 7]], "longest_values": [["Collaborative Academy of Science, Technology, & La", 50], ["New Explorations into Science, Technology and Math", 50], ["47 The American Sign Language and English Secondar", 50], ["The Urban Assembly School for Emergency Management", 50], ["Stephen T. Mather Building Arts & Craftsmanship Hi", 50]], "average_length": 27.66934557979336}]}, {"column_name": "LOCATION_CATEGORY", "number_non_empty_cells": 1742, "number_empty_cells": 1, "number_distinct_values": 11, "frequent_values": ["Elementary", "High school", "Junior High-Intermediate-Middle", "K-8", "Secondary School"], "dataTypes": [{"type": "TEXT", "count": 1742, "shortest_values": [["K-8", 3], ["K-8", 3], ["K-8", 3], ["K-8", 3], ["K-8", 3]], "longest_values": [["Junior High-Intermediate-Middle", 31], ["Junior High-Intermediate-Middle", 31], ["Junior High-Intermediate-Middle", 31], ["Junior High-Intermediate-Middle", 31], ["Junior High-Intermediate-Middle", 31]], "average_length": 13.6894374282434}]}, {"column_name": "ADMINISTRATIVE_DISTRICT", "number_non_empty_cells": 1742, "number_empty_cells": 1, "number_distinct_values": 36, "frequent_values": [2, 10, 31, 9, 75], "dataTypes": [{"type": "INTEGER (LONG)", "count": 1742, "max_value": 97, "min_value": 1, "mean": 18.698622273249125, "stddev": 15.635206685981169}]}, {"column_name": "GEN_ED_STUDENTS_With_2_or_More_Suspensions_or_Removals", "number_non_empty_cells": 1743, "number_empty_cells": 0, "number_distinct_values": 35, "frequent_values": ["*", "8", "7", "9", "10"], "dataTypes": [{"type": "INTEGER (LONG)", "count": 171, "max_value": 5182, "min_value": 6, "mean": 45.25730994152047, "stddev": 394.0596674501112}, {"type": "TEXT", "count": 1572, "shortest_values": [["*", 1], ["*", 1], ["*", 1], ["*", 1], ["*", 1]], "longest_values": [["*", 1], ["*", 1], ["*", 1], ["*", 1], ["*", 1]], "average_length": 1.0}]}, {"column_name": "SWD_STUDENTS_With_2_or_More_Suspensions_or_Removals", "number_non_empty_cells": 1743, "number_empty_cells": 0, "number_distinct_values": 26, "frequent_values": ["*", "7", "6", "9", "8"], "dataTypes": [{"type": "INTEGER (LONG)", "count": 171, "max_value": 3957, "min_value": 6, "mean": 34.538011695906434, "stddev": 300.90293458271736}, {"type": "TEXT", "count": 1572, "shortest_values": [["*", 1], ["*", 1], ["*", 1], ["*", 1], ["*", 1]], "longest_values": [["*", 1], ["*", 1], ["*", 1], ["*", 1], ["*", 1]], "average_length": 1.0}]}, {"column_name": "TOTAL_STUDENTS_With_2_or_More_Suspensions_or_Removals", "number_non_empty_cells": 1743, "number_empty_cells": 0, "number_distinct_values": 53, "frequent_values": ["*", "6", "7", "9", "8"], "dataTypes": [{"type": "INTEGER (LONG)", "count": 493, "max_value": 9139, "min_value": 6, "mean": 33.973630831642986, "stddev": 410.64797817857544}, {"type": "TEXT", "count": 1250, "shortest_values": [["*", 1], ["*", 1], ["*", 1], ["*", 1], ["*", 1]], "longest_values": [["*", 1], ["*", 1], ["*", 1], ["*", 1], ["*", 1]], "average_length": 1.0}]}]}