{"dataset_name": "/user/hm74/NYCOpenData/4ynw-b9aj.tsv.gz", "columns": [{"column_name": "district", "number_non_empty_cells": 2240, "number_empty_cells": 0, "number_distinct_values": 32, "frequent_values": [31, 28, 26, 27, 12], "dataTypes": [{"type": "INTEGER (LONG)", "count": 2240, "max_value": 32, "min_value": 1, "mean": 16.50000000000001, "stddev": 9.233092656309687}]}, {"column_name": "Grade", "number_non_empty_cells": 2240, "number_empty_cells": 0, "number_distinct_values": 7, "frequent_values": ["7", "3", "8", "5", "6"], "dataTypes": [{"type": "INTEGER (LONG)", "count": 1920, "max_value": 8, "min_value": 3, "mean": 5.500000000000005, "stddev": 1.707825127659935}, {"type": "TEXT", "count": 320, "shortest_values": [["All Grades", 10], ["All Grades", 10], ["All Grades", 10], ["All Grades", 10], ["All Grades", 10]], "longest_values": [["All Grades", 10], ["All Grades", 10], ["All Grades", 10], ["All Grades", 10], ["All Grades", 10]], "average_length": 10.0}]}, {"column_name": "Year", "number_non_empty_cells": 2240, "number_empty_cells": 0, "number_distinct_values": 5, "frequent_values": [2015, 2013, 2014, 2016, 2017], "dataTypes": [{"type": "INTEGER (LONG)", "count": 2240, "max_value": 2017, "min_value": 2013, "mean": 2014.9999999999975, "stddev": 1.4142135623730971}]}, {"column_name": "Category", "number_non_empty_cells": 2240, "number_empty_cells": 0, "number_distinct_values": 2, "frequent_values": ["Not SWD", "SWD"], "dataTypes": [{"type": "TEXT", "count": 2240, "shortest_values": [["SWD", 3], ["SWD", 3], ["SWD", 3], ["SWD", 3], ["SWD", 3]], "longest_values": [["Not SWD", 7], ["Not SWD", 7], ["Not SWD", 7], ["Not SWD", 7], ["Not SWD", 7]], "average_length": 5.0000000000000115}]}, {"column_name": "Number_Tested", "number_non_empty_cells": 2240, "number_empty_cells": 0, "number_distinct_values": 1501, "frequent_values": [225, 231, 443, 440, 239], "dataTypes": [{"type": "INTEGER (LONG)", "count": 2240, "max_value": 21801, "min_value": 124, "mean": 1810.82589285714, "stddev": 2839.1538500004567}]}, {"column_name": "Mean_Scale_Score", "number_non_empty_cells": 2240, "number_empty_cells": 0, "number_distinct_values": 89, "frequent_values": [271, 269, 267, 270, 268], "dataTypes": [{"type": "INTEGER (LONG)", "count": 2240, "max_value": 339, "min_value": 251, "mean": 288.6419642857143, "stddev": 20.497679042798524}]}, {"column_name": "Level1_N", "number_non_empty_cells": 2240, "number_empty_cells": 0, "number_distinct_values": 950, "frequent_values": [193, 182, 186, 196, 309], "dataTypes": [{"type": "INTEGER (LONG)", "count": 2240, "max_value": 6879, "min_value": 33, "mean": 571.9482142857148, "stddev": 767.3229303631542}]}, {"column_name": "Level1_%", "number_non_empty_cells": 2240, "number_empty_cells": 0, "number_distinct_values": 748, "frequent_values": [75.8, 21.7, 29.2, 72.2, 62.0], "dataTypes": [{"type": "REAL", "count": 2240, "max_value": 87.0, "min_value": 2.2, "mean": 44.52035714285711, "stddev": 23.270455207982806}]}, {"column_name": "Level2_N", "number_non_empty_cells": 2240, "number_empty_cells": 0, "number_distinct_values": 1027, "frequent_values": [142, 115, 71, 60, 57], "dataTypes": [{"type": "INTEGER (LONG)", "count": 2240, "max_value": 9175, "min_value": 25, "mean": 646.9625000000011, "stddev": 1089.3796340057997}]}, {"column_name": "Level2_%", "number_non_empty_cells": 2240, "number_empty_cells": 0, "number_distinct_values": 386, "frequent_values": [36.5, 42.9, 35.6, 36.1, 33.3], "dataTypes": [{"type": "REAL", "count": 2240, "max_value": 58.3, "min_value": 11.3, "mean": 32.90705357142857, "stddev": 9.105309198718789}]}, {"column_name": "Level3_N", "number_non_empty_cells": 2240, "number_empty_cells": 0, "number_distinct_values": 822, "frequent_values": [17, 8, 7, 10, 9], "dataTypes": [{"type": "INTEGER (LONG)", "count": 2240, "max_value": 6895, "min_value": 1, "mean": 401.34821428571456, "stddev": 819.219048412892}]}, {"column_name": "Level3_%", "number_non_empty_cells": 2240, "number_empty_cells": 0, "number_distinct_values": 421, "frequent_values": [4.2, 2.8, 3.6, 3.5, 3.4], "dataTypes": [{"type": "REAL", "count": 2240, "max_value": 56.1, "min_value": 0.4, "mean": 15.829508928571444, "stddev": 11.502964281386289}]}, {"column_name": "Level4_N", "number_non_empty_cells": 2240, "number_empty_cells": 0, "number_distinct_values": 562, "frequent_values": [0, 1, 2, 3, 4], "dataTypes": [{"type": "INTEGER (LONG)", "count": 2240, "max_value": 5075, "min_value": 0, "mean": 190.56696428571456, "stddev": 467.2140014964834}]}, {"column_name": "Level4_%", "number_non_empty_cells": 2240, "number_empty_cells": 0, "number_distinct_values": 323, "frequent_values": [0.0, 0.4, 0.6, 0.5, 0.8], "dataTypes": [{"type": "REAL", "count": 2240, "max_value": 49.5, "min_value": 0.0, "mean": 6.7428571428571455, "stddev": 8.595394471602148}]}, {"column_name": "Level3+4_N", "number_non_empty_cells": 2240, "number_empty_cells": 0, "number_distinct_values": 923, "frequent_values": [12, 11, 13, 10, 6], "dataTypes": [{"type": "INTEGER (LONG)", "count": 2240, "max_value": 11303, "min_value": 1, "mean": 591.9151785714284, "stddev": 1264.09222755684}]}, {"column_name": "Level3+4_%", "number_non_empty_cells": 2240, "number_empty_cells": 0, "number_distinct_values": 618, "frequent_values": [5.9, 3.6, 6.3, 5.0, 2.7], "dataTypes": [{"type": "REAL", "count": 2240, "max_value": 82.5, "min_value": 0.4, "mean": 22.573526785714314, "stddev": 18.802684555412668}]}]}