{"dataset_name": "/user/hm74/NYCOpenData/4zdr-zwdi.tsv.gz", "columns": [{"column_name": "DISTRICT", "number_non_empty_cells": 2, "number_empty_cells": 0, "number_distinct_values": 2, "frequent_values": [20, 15], "dataTypes": [{"type": "INTEGER (LONG)", "count": 2, "max_value": 20, "min_value": 15, "mean": 17.5, "stddev": 2.5}]}, {"column_name": "SCHOOL", "number_non_empty_cells": 2, "number_empty_cells": 0, "number_distinct_values": 2, "frequent_values": ["PRE-K CENTER @ 168 8TH STREET", "PRE-K CENTER @ 412 63RD AVENUE"], "dataTypes": [{"type": "TEXT", "count": 2, "shortest_values": [["PRE-K CENTER @ 168 8TH STREET", 29], ["PRE-K CENTER @ 412 63RD AVENUE", 30]], "longest_values": [["PRE-K CENTER @ 412 63RD AVENUE", 30], ["PRE-K CENTER @ 168 8TH STREET", 29]], "average_length": 29.5}]}, {"column_name": "BOROUGH", "number_non_empty_cells": 2, "number_empty_cells": 0, "number_distinct_values": 1, "frequent_values": ["Brooklyn"], "dataTypes": [{"type": "TEXT", "count": 2, "shortest_values": [["Brooklyn", 8], ["Brooklyn", 8]], "longest_values": [["Brooklyn", 8], ["Brooklyn", 8]], "average_length": 8.0}]}, {"column_name": "LOCATION", "number_non_empty_cells": 2, "number_empty_cells": 0, "number_distinct_values": 2, "frequent_values": ["412 63RD Street", "168 8TH STREET"], "dataTypes": [{"type": "TEXT", "count": 2, "shortest_values": [["168 8TH STREET", 14], ["412 63RD Street", 15]], "longest_values": [["412 63RD Street", 15], ["168 8TH STREET", 14]], "average_length": 14.5}]}, {"column_name": "Postcode", "number_non_empty_cells": 2, "number_empty_cells": 0, "number_distinct_values": 2, "frequent_values": [11215, 11220], "dataTypes": [{"type": "INTEGER (LONG)", "count": 2, "max_value": 11220, "min_value": 11215, "mean": 11217.5, "stddev": 2.5}]}, {"column_name": "Latitude", "number_non_empty_cells": 2, "number_empty_cells": 0, "number_distinct_values": 2, "frequent_values": [40.671728, 40.638773], "dataTypes": [{"type": "REAL", "count": 2, "max_value": 40.671728, "min_value": 40.638773, "mean": 40.6552505, "stddev": 0.01647750000000059}]}, {"column_name": "Longitude", "number_non_empty_cells": 2, "number_empty_cells": 0, "number_distinct_values": 2, "frequent_values": [-74.019612, -73.989838], "dataTypes": [{"type": "REAL", "count": 2, "max_value": -73.989838, "min_value": -74.019612, "mean": -74.00472500000001, "stddev": 0.01488699999999099}]}, {"column_name": "Community Board", "number_non_empty_cells": 2, "number_empty_cells": 0, "number_distinct_values": 2, "frequent_values": [6, 7], "dataTypes": [{"type": "INTEGER (LONG)", "count": 2, "max_value": 7, "min_value": 6, "mean": 6.5, "stddev": 0.5}]}, {"column_name": "Council District", "number_non_empty_cells": 2, "number_empty_cells": 0, "number_distinct_values": 2, "frequent_values": [39, 38], "dataTypes": [{"type": "INTEGER (LONG)", "count": 2, "max_value": 39, "min_value": 38, "mean": 38.5, "stddev": 0.5}]}, {"column_name": "Census Tract", "number_non_empty_cells": 2, "number_empty_cells": 0, "number_distinct_values": 2, "frequent_values": [122, 121], "dataTypes": [{"type": "INTEGER (LONG)", "count": 2, "max_value": 122, "min_value": 121, "mean": 121.5, "stddev": 0.5}]}, {"column_name": "BIN", "number_non_empty_cells": 2, "number_empty_cells": 0, "number_distinct_values": 2, "frequent_values": [3022044, 3144059], "dataTypes": [{"type": "INTEGER (LONG)", "count": 2, "max_value": 3144059, "min_value": 3022044, "mean": 3083051.5, "stddev": 61007.5}]}, {"column_name": "BBL", "number_non_empty_cells": 2, "number_empty_cells": 0, "number_distinct_values": 2, "frequent_values": [3058090007, 3010030011], "dataTypes": [{"type": "INTEGER (LONG)", "count": 2, "max_value": 3058090007, "min_value": 3010030011, "mean": 3034060009.0, "stddev": 24029998.0}]}, {"column_name": "NTA", "number_non_empty_cells": 2, "number_empty_cells": 0, "number_distinct_values": 2, "frequent_values": ["Sunset Park West", "Park Slope-Gowanus"], "dataTypes": [{"type": "TEXT", "count": 2, "shortest_values": [["Sunset Park West", 16], ["Park Slope-Gowanus", 18]], "longest_values": [["Park Slope-Gowanus", 18], ["Sunset Park West", 16]], "average_length": 17.0}]}]}