{"dataset_name": "/user/hm74/NYCOpenData/4zkm-p9aw.tsv.gz", "columns": [{"column_name": "ProviderType", "number_non_empty_cells": 0, "number_empty_cells": 23, "number_distinct_values": 1, "frequent_values": ["CASE MANAGEMENT SERVICES CONTRACTS"], "dataTypes": [{"type": "TEXT", "count": 23, "shortest_values": [["CASE MANAGEMENT SERVICES CONTRACTS", 34], ["CASE MANAGEMENT SERVICES CONTRACTS", 34], ["CASE MANAGEMENT SERVICES CONTRACTS", 34], ["CASE MANAGEMENT SERVICES CONTRACTS", 34], ["CASE MANAGEMENT SERVICES CONTRACTS", 34]], "longest_values": [["CASE MANAGEMENT SERVICES CONTRACTS", 34], ["CASE MANAGEMENT SERVICES CONTRACTS", 34], ["CASE MANAGEMENT SERVICES CONTRACTS", 34], ["CASE MANAGEMENT SERVICES CONTRACTS", 34], ["CASE MANAGEMENT SERVICES CONTRACTS", 34]], "average_length": 34.0}]}, {"column_name": "DFTA ID", "number_non_empty_cells": 23, "number_empty_cells": 0, "number_distinct_values": 21, "frequent_values": ["2MF01", "2ME01", "2MG01", "4MG01", "3M901"], "dataTypes": [{"type": "TEXT", "count": 23, "shortest_values": [["2MF01", 5], ["3MA01", 5], ["4MD01", 5], ["2ME01", 5], ["5M401", 5]], "longest_values": [["2MF01", 5], ["3MA01", 5], ["4MD01", 5], ["2ME01", 5], ["5M401", 5]], "average_length": 5.0}]}, {"column_name": "ProgramName", "number_non_empty_cells": 4, "number_empty_cells": 19, "number_distinct_values": 21, "frequent_values": ["HEIGHTS AND HILLS CASE MANAGEMENT BK-02", "SPECIAL SVCS. FOR SR. CASE MANG. BK-3", "LENOX HILL CASE MANAGEMENT MN-3", "BENSON RIDGE CASE MANAGEMENT BK-5", "RAIN CASE MANAGEMENT BX-2"], "dataTypes": [{"type": "TEXT", "count": 23, "shortest_values": [["CASC CSMG", 9], ["SELFHELP PROJECT QUEENS", 23], ["JASA CASE MANAGEMENT BK-6", 25], ["SUNNYSIDE CASE MANAGEMENT", 25], ["JASA CASE MANAGEMENT BK-7", 25]], "longest_values": [["QUEENS COMM. HOUSE CASE MANAGEMENT QNS-3", 40], ["NEW YORK FOUNDATION CASE MANAGEMENT MN-1", 40], ["RIDGEWOOD BUSHWICK CASE MANAGEMENT BK-01", 40], ["HEIGHTS AND HILLS CASE MANAGEMENT BK-02", 39], ["NEIGHBORHOOD SHOPP CASE MANAGEMENT BX-1", 39]], "average_length": 30.999999999999996}]}, {"column_name": "SponsorName", "number_non_empty_cells": 22, "number_empty_cells": 1, "number_distinct_values": 15, "frequent_values": ["THE JEWISH ASSOCIATION FOR SERVICES FOR THE AGED", "HEIGHTS AND HILLS INC.", "SELFHELP COMMUNITY SERVICES INC", "RECREATION ROOMS AND SETTLEMENT INC", "CATHOLIC CHARITIES NEIGHBORHOOD SERVICES INC"], "dataTypes": [{"type": "TEXT", "count": 23, "shortest_values": [["HEIGHTS AND HILLS INC.", 22], ["HEIGHTS AND HILLS INC.", 22], ["QUEENS COMMUNITY HOUSE INC.", 27], ["ISABELLA GERIATRIC CENTER INC", 29], ["SELFHELP COMMUNITY SERVICES INC", 31]], "longest_values": [["THE NEIGHBORHOOD SELF-HELP BY OLDER PERSONS PROJECT INC", 55], ["THE JEWISH ASSOCIATION FOR SERVICES FOR THE AGED", 48], ["THE JEWISH ASSOCIATION FOR SERVICES FOR THE AGED", 48], ["THE JEWISH ASSOCIATION FOR SERVICES FOR THE AGED", 48], ["THE JEWISH ASSOCIATION FOR SERVICES FOR THE AGED", 48]], "average_length": 37.60869565217391}]}, {"column_name": "ProgramAddress", "number_non_empty_cells": 22, "number_empty_cells": 1, "number_distinct_values": 21, "frequent_values": ["1304 EAST 57TH STREET", "57 WILLOUGHBY STREET", "161 CORBIN PLACE", "183-16 JAMAICA AVENUE", "6823 FIFTH AVENUE"], "dataTypes": [{"type": "TEXT", "count": 23, "shortest_values": [["56 BAY STREET", 13], ["11 PARK PLACE", 13], ["107-20 71ST ROAD", 16], ["161 CORBIN PLACE", 16], ["43-31 39TH STREET", 17]], "longest_values": [["80-45 WINCHESTER BOULEVARD", 26], ["3161 BRIGHTON 6TH STREET", 24], ["1090 CONEY ISLAND AVENUE", 24], ["3377A WHITE PLAINS ROAD", 23], ["45-25 KISSENA BOULEVARD", 23]], "average_length": 19.608695652173914}]}, {"column_name": "ProgramCity", "number_non_empty_cells": 23, "number_empty_cells": 0, "number_distinct_values": 8, "frequent_values": ["BROOKLYN", "NEW YORK", "BRONX", "FLUSHING", "JAMAICA"], "dataTypes": [{"type": "TEXT", "count": 23, "shortest_values": [["BRONX", 5], ["BRONX", 5], ["BRONX", 5], ["JAMAICA", 7], ["JAMAICA", 7]], "longest_values": [["LONG ISLAND CITY", 16], ["STATEN ISLAND", 13], ["FAR ROCKAWAY", 12], ["BROOKLYN", 8], ["NEW YORK", 8]], "average_length": 8.26086956521739}]}, {"column_name": "ProgramState", "number_non_empty_cells": 23, "number_empty_cells": 0, "number_distinct_values": 1, "frequent_values": ["NY"], "dataTypes": [{"type": "TEXT", "count": 23, "shortest_values": [["NY", 2], ["NY", 2], ["NY", 2], ["NY", 2], ["NY", 2]], "longest_values": [["NY", 2], ["NY", 2], ["NY", 2], ["NY", 2], ["NY", 2]], "average_length": 2.0}]}, {"column_name": "Postcode", "number_non_empty_cells": 23, "number_empty_cells": 0, "number_distinct_values": 20, "frequent_values": [11234, 11201, 11235, 11423, 10018], "dataTypes": [{"type": "INTEGER (LONG)", "count": 23, "max_value": 11691, "min_value": 10007, "mean": 10920.08695652174, "stddev": 535.8608606754001}]}, {"column_name": "Borough", "number_non_empty_cells": 23, "number_empty_cells": 0, "number_distinct_values": 5, "frequent_values": ["BROOKLYN", "QUEENS", "MANHATTAN", "BRONX", "STATEN ISLAND"], "dataTypes": [{"type": "TEXT", "count": 23, "shortest_values": [["BRONX", 5], ["BRONX", 5], ["BRONX", 5], ["QUEENS", 6], ["QUEENS", 6]], "longest_values": [["STATEN ISLAND", 13], ["MANHATTAN", 9], ["MANHATTAN", 9], ["MANHATTAN", 9], ["MANHATTAN", 9]], "average_length": 7.478260869565217}]}, {"column_name": "ProgramPhone", "number_non_empty_cells": 23, "number_empty_cells": 0, "number_distinct_values": 21, "frequent_values": ["718-257-1600", "718-596-8789", "347-505-3050", "212-962-7817", "718-981-6226"], "dataTypes": [{"type": "TEXT", "count": 23, "shortest_values": [["718-257-1600", 12], ["212-218-0506", 12], ["718-896-8511", 12], ["718-596-8789", 12], ["718-981-6226", 12]], "longest_values": [["718-257-1600", 12], ["212-218-0506", 12], ["718-896-8511", 12], ["718-596-8789", 12], ["718-981-6226", 12]], "average_length": 12.0}]}, {"column_name": "DFTA Funded", "number_non_empty_cells": 23, "number_empty_cells": 0, "number_distinct_values": 1, "frequent_values": ["Y"], "dataTypes": [{"type": "TEXT", "count": 23, "shortest_values": [["Y", 1], ["Y", 1], ["Y", 1], ["Y", 1], ["Y", 1]], "longest_values": [["Y", 1], ["Y", 1], ["Y", 1], ["Y", 1], ["Y", 1]], "average_length": 1.0}]}, {"column_name": "MonHourOpen", "number_non_empty_cells": 23, "number_empty_cells": 0, "number_distinct_values": 5, "frequent_values": ["09:00", "9 :00", "9:00", "8 :00", "8 :30"], "dataTypes": [{"type": "DATE/TIME", "count": 13, "max_value": "2019-12-06T09:00:00", "min_value": "2019-12-06T09:00:00"}, {"type": "TEXT", "count": 10, "shortest_values": [["9 :00", 5], ["9 :00", 5], ["9 :00", 5], ["9 :00", 5], ["8 :30", 5]], "longest_values": [["9 :00", 5], ["9 :00", 5], ["9 :00", 5], ["9 :00", 5], ["8 :30", 5]], "average_length": 5.0}]}, {"column_name": "MonHourClose", "number_non_empty_cells": 23, "number_empty_cells": 0, "number_distinct_values": 4, "frequent_values": ["05:00", "5 :00", "4 :00", "4 :30"], "dataTypes": [{"type": "DATE/TIME", "count": 12, "max_value": "2019-12-06T05:00:00", "min_value": "2019-12-06T05:00:00"}, {"type": "TEXT", "count": 11, "shortest_values": [["5 :00", 5], ["5 :00", 5], ["5 :00", 5], ["5 :00", 5], ["5 :00", 5]], "longest_values": [["5 :00", 5], ["5 :00", 5], ["5 :00", 5], ["5 :00", 5], ["5 :00", 5]], "average_length": 5.0}]}, {"column_name": "TueHourOpen", "number_non_empty_cells": 23, "number_empty_cells": 0, "number_distinct_values": 5, "frequent_values": ["09:00", "9 :00", "9:00", "8 :00", "8 :30"], "dataTypes": [{"type": "DATE/TIME", "count": 13, "max_value": "2019-12-06T09:00:00", "min_value": "2019-12-06T09:00:00"}, {"type": "TEXT", "count": 10, "shortest_values": [["9 :00", 5], ["9 :00", 5], ["9 :00", 5], ["9 :00", 5], ["8 :30", 5]], "longest_values": [["9 :00", 5], ["9 :00", 5], ["9 :00", 5], ["9 :00", 5], ["8 :30", 5]], "average_length": 5.0}]}, {"column_name": "TueHourClose", "number_non_empty_cells": 23, "number_empty_cells": 0, "number_distinct_values": 4, "frequent_values": ["05:00", "5 :00", "4 :00", "4 :30"], "dataTypes": [{"type": "DATE/TIME", "count": 12, "max_value": "2019-12-06T05:00:00", "min_value": "2019-12-06T05:00:00"}, {"type": "TEXT", "count": 11, "shortest_values": [["5 :00", 5], ["5 :00", 5], ["5 :00", 5], ["5 :00", 5], ["5 :00", 5]], "longest_values": [["5 :00", 5], ["5 :00", 5], ["5 :00", 5], ["5 :00", 5], ["5 :00", 5]], "average_length": 5.0}]}, {"column_name": "WedHourOpen", "number_non_empty_cells": 23, "number_empty_cells": 0, "number_distinct_values": 5, "frequent_values": ["09:00", "9 :00", "9:00", "8 :00", "8 :30"], "dataTypes": [{"type": "DATE/TIME", "count": 13, "max_value": "2019-12-06T09:00:00", "min_value": "2019-12-06T09:00:00"}, {"type": "TEXT", "count": 10, "shortest_values": [["9 :00", 5], ["9 :00", 5], ["9 :00", 5], ["9 :00", 5], ["8 :30", 5]], "longest_values": [["9 :00", 5], ["9 :00", 5], ["9 :00", 5], ["9 :00", 5], ["8 :30", 5]], "average_length": 5.0}]}, {"column_name": "WedHourClose", "number_non_empty_cells": 23, "number_empty_cells": 0, "number_distinct_values": 5, "frequent_values": ["05:00", "5 :00", "4 :00", "4 :30", "00:"], "dataTypes": [{"type": "DATE/TIME", "count": 12, "max_value": "2019-12-06T05:00:00", "min_value": "2019-12-06T05:00:00"}, {"type": "TEXT", "count": 11, "shortest_values": [["00:", 3], ["5 :00", 5], ["5 :00", 5], ["5 :00", 5], ["5 :00", 5]], "longest_values": [["5 :00", 5], ["5 :00", 5], ["5 :00", 5], ["5 :00", 5], ["5 :00", 5]], "average_length": 4.818181818181818}]}, {"column_name": "ThuHourOpen", "number_non_empty_cells": 23, "number_empty_cells": 0, "number_distinct_values": 5, "frequent_values": ["09:00", "9 :00", "9:00", "8 :00", "8 :.0"], "dataTypes": [{"type": "DATE/TIME", "count": 13, "max_value": "2019-12-06T09:00:00", "min_value": "2019-12-06T09:00:00"}, {"type": "TEXT", "count": 10, "shortest_values": [["9 :00", 5], ["9 :00", 5], ["9 :00", 5], ["9 :00", 5], ["8 :.0", 5]], "longest_values": [["9 :00", 5], ["9 :00", 5], ["9 :00", 5], ["9 :00", 5], ["8 :.0", 5]], "average_length": 5.0}]}, {"column_name": "ThuHourClose", "number_non_empty_cells": 23, "number_empty_cells": 0, "number_distinct_values": 4, "frequent_values": ["05:00", "5 :00", "4 :00", "4 :30"], "dataTypes": [{"type": "DATE/TIME", "count": 12, "max_value": "2019-12-06T05:00:00", "min_value": "2019-12-06T05:00:00"}, {"type": "TEXT", "count": 11, "shortest_values": [["5 :00", 5], ["5 :00", 5], ["5 :00", 5], ["5 :00", 5], ["5 :00", 5]], "longest_values": [["5 :00", 5], ["5 :00", 5], ["5 :00", 5], ["5 :00", 5], ["5 :00", 5]], "average_length": 5.0}]}, {"column_name": "FriHourOpen", "number_non_empty_cells": 23, "number_empty_cells": 0, "number_distinct_values": 4, "frequent_values": ["09:00", "9 :00", "8 :00", "9:00"], "dataTypes": [{"type": "DATE/TIME", "count": 13, "max_value": "2019-12-06T09:00:00", "min_value": "2019-12-06T09:00:00"}, {"type": "TEXT", "count": 10, "shortest_values": [["9 :00", 5], ["9 :00", 5], ["9 :00", 5], ["9 :00", 5], ["8 :00", 5]], "longest_values": [["9 :00", 5], ["9 :00", 5], ["9 :00", 5], ["9 :00", 5], ["8 :00", 5]], "average_length": 5.0}]}, {"column_name": "FriHourClose", "number_non_empty_cells": 23, "number_empty_cells": 0, "number_distinct_values": 4, "frequent_values": ["05:00", "5 :00", "4 :00", "4 :30"], "dataTypes": [{"type": "DATE/TIME", "count": 12, "max_value": "2019-12-06T05:00:00", "min_value": "2019-12-06T05:00:00"}, {"type": "TEXT", "count": 11, "shortest_values": [["5 :00", 5], ["5 :00", 5], ["5 :00", 5], ["5 :00", 5], ["5 :00", 5]], "longest_values": [["5 :00", 5], ["5 :00", 5], ["5 :00", 5], ["5 :00", 5], ["5 :00", 5]], "average_length": 5.0}]}, {"column_name": "SatHourOpen", "number_non_empty_cells": 23, "number_empty_cells": 0, "number_distinct_values": 2, "frequent_values": ["00:00", ":"], "dataTypes": [{"type": "DATE/TIME", "count": 22, "max_value": "2019-12-06T00:00:00", "min_value": "2019-12-06T00:00:00"}, {"type": "TEXT", "count": 1, "shortest_values": [[":", 1]], "longest_values": [[":", 1]], "average_length": 1.0}]}, {"column_name": "SatHourClose", "number_non_empty_cells": 23, "number_empty_cells": 0, "number_distinct_values": 2, "frequent_values": ["00:00", ":"], "dataTypes": [{"type": "DATE/TIME", "count": 22, "max_value": "2019-12-06T00:00:00", "min_value": "2019-12-06T00:00:00"}, {"type": "TEXT", "count": 1, "shortest_values": [[":", 1]], "longest_values": [[":", 1]], "average_length": 1.0}]}, {"column_name": "SunHourOpen", "number_non_empty_cells": 23, "number_empty_cells": 0, "number_distinct_values": 2, "frequent_values": ["00:00", ":"], "dataTypes": [{"type": "DATE/TIME", "count": 22, "max_value": "2019-12-06T00:00:00", "min_value": "2019-12-06T00:00:00"}, {"type": "TEXT", "count": 1, "shortest_values": [[":", 1]], "longest_values": [[":", 1]], "average_length": 1.0}]}, {"column_name": "SunHourClose", "number_non_empty_cells": 23, "number_empty_cells": 0, "number_distinct_values": 2, "frequent_values": ["00:00", ":"], "dataTypes": [{"type": "DATE/TIME", "count": 22, "max_value": "2019-12-06T00:00:00", "min_value": "2019-12-06T00:00:00"}, {"type": "TEXT", "count": 1, "shortest_values": [[":", 1]], "longest_values": [[":", 1]], "average_length": 1.0}]}, {"column_name": "Latitude", "number_non_empty_cells": 18, "number_empty_cells": 5, "number_distinct_values": 19, "frequent_values": [40.575657, 40.578026, 40.834586, 40.708932, 40.640624], "dataTypes": [{"type": "REAL", "count": 18, "max_value": 40.854783, "min_value": 40.575657, "mean": 40.69977711111112, "stddev": 0.08542349423892423}]}, {"column_name": "Longitude", "number_non_empty_cells": 18, "number_empty_cells": 5, "number_distinct_values": 19, "frequent_values": [-73.920355, -73.776983, -73.890157, -74.020799, -73.954127], "dataTypes": [{"type": "REAL", "count": 18, "max_value": -73.753207, "min_value": -74.075704, "mean": -73.92437911111111, "stddev": 0.0837530164457693}]}, {"column_name": "Community Board", "number_non_empty_cells": 23, "number_empty_cells": 0, "number_distinct_values": 21, "frequent_values": [318, 302, 101, 412, 406], "dataTypes": [{"type": "INTEGER (LONG)", "count": 23, "max_value": 501, "min_value": 101, "mean": 295.69565217391306, "stddev": 111.9011344631496}]}, {"column_name": "Council District", "number_non_empty_cells": 23, "number_empty_cells": 0, "number_distinct_values": 20, "frequent_values": [33, 48, 46, 27, 26], "dataTypes": [{"type": "INTEGER (LONG)", "count": 23, "max_value": 49, "min_value": 1, "mean": 27.91304347826087, "stddev": 14.937298060423638}]}, {"column_name": "Census Tract", "number_non_empty_cells": 18, "number_empty_cells": 5, "number_distinct_values": 19, "frequent_values": [737, 155, 126, 460, 444], "dataTypes": [{"type": "INTEGER (LONG)", "count": 18, "max_value": 99802, "min_value": 3, "mean": 12398.666666666668, "stddev": 26542.18320376495}]}, {"column_name": "BIN", "number_non_empty_cells": 23, "number_empty_cells": 0, "number_distinct_values": 21, "frequent_values": [3000338, 3345504, 3076253, 3245130, 4301622], "dataTypes": [{"type": "INTEGER (LONG)", "count": 23, "max_value": 5000035, "min_value": 1001399, "mean": 3054758.0, "stddev": 1218230.1929630826}]}, {"column_name": "BBL", "number_non_empty_cells": 23, "number_empty_cells": 0, "number_distinct_values": 21, "frequent_values": [3001470036, 3078810033, 1007860001, 5000050103, 1021600001], "dataTypes": [{"type": "INTEGER (LONG)", "count": 23, "max_value": 5000050103, "min_value": 1001240004, "mean": 2916459939.478262, "stddev": 1130035007.6399305}]}, {"column_name": "NTA", "number_non_empty_cells": 18, "number_empty_cells": 5, "number_distinct_values": 18, "frequent_values": ["Brighton Beach", "DUMBO-Vinegar Hill-Downtown Brooklyn-Boerum Hill", "Bushwick South", "West New Brighton-New Brighton-St. George", "West Farms-Bronx River"], "dataTypes": [{"type": "TEXT", "count": 18, "shortest_values": [["Jamaica", 7], ["Flatbush", 8], ["Flatlands", 9], ["Bay Ridge", 9], ["Forest Hills", 12]], "longest_values": [["DUMBO-Vinegar Hill-Downtown Brooklyn-Boerum Hill", 48], ["West New Brighton-New Brighton-St. George", 41], ["SoHo-TriBeCa-Civic Center-Little Italy", 38], ["Lenox Hill-Roosevelt Island", 27], ["Washington Heights North", 24]], "average_length": 20.0}]}, {"column_name": "Location", "number_non_empty_cells": 18, "number_empty_cells": 5, "number_distinct_values": 19, "frequent_values": ["(40.593761, -73.753207)", "(40.640624, -74.075704)", "(40.708932, -73.776983)", "(40.633953, -74.020799)", "(40.630999, -73.966444)"], "dataTypes": [{"type": "TEXT", "count": 18, "shortest_values": [["(40.766925, -73.95795)", 22], ["(40.621348, -73.920355)", 23], ["(40.720067, -73.843469)", 23], ["(40.640624, -74.075704)", 23], ["(40.575657, -73.961105)", 23]], "longest_values": [["(40.621348, -73.920355)", 23], ["(40.720067, -73.843469)", 23], ["(40.640624, -74.075704)", 23], ["(40.575657, -73.961105)", 23], ["(40.578026, -73.954127)", 23]], "average_length": 22.944444444444443}]}]}