{"dataset_name": "/user/hm74/NYCOpenData/52b4-grs5.tsv.gz", "columns": [{"column_name": "DBN", "number_non_empty_cells": 1373, "number_empty_cells": 0, "number_distinct_values": 1373, "frequent_values": ["02M529", "05M362_A", "10X342_A", "01M539", "02M177"], "dataTypes": [{"type": "DATE/TIME", "count": 11, "max_value": "2019-12-07T00:06:52", "min_value": "2019-12-07T00:01:34"}, {"type": "TEXT", "count": 1362, "shortest_values": [["dbn", 3], ["01M140", 6], ["01M184", 6], ["01M188", 6], ["01M292", 6]], "longest_values": [["Response Rate\"", 14], ["01M292_A", 8], ["01M292_B", 8], ["01M450_A", 8], ["01M450_B", 8]], "average_length": 6.35462555066079}]}, {"column_name": "School_Name", "number_non_empty_cells": 1370, "number_empty_cells": 3, "number_distinct_values": 1136, "frequent_values": ["Riverdale / Kingsbridge Academy (Middle School / High School 141)", "Harlem Village Academy Leadership Charter School", "Frederick Douglass Academy", "Coney Island Preparatory Public Charter School", "East Bronx Academy for the Future"], "dataTypes": [{"type": "TEXT", "count": 1372, "shortest_values": [["Kappa", 5], ["P.S. 66", 7], ["Kappa V", 7], ["P.S. 36", 7], ["M.S. 131", 8]], "longest_values": [["NYC Charter High School for Architecture, Engineering and Construction Industries (AECI)", 88], ["English Language Learners and International Support Preparatory Academy (ELLIS)", 79], ["Science Skills Center High School for Science, Technology and the Creative Arts", 79], ["Academy for College Preparation and Career Exploration: A College Board School", 78], ["Academy for College Preparation and Career Exploration: A College Board School", 78]], "average_length": 33.08163265306114}]}, {"column_name": "Total_Parent_", "number_non_empty_cells": 1134, "number_empty_cells": 239, "number_distinct_values": 104, "frequent_values": ["31", "19", "28", "25", "34"], "dataTypes": [{"type": "INTEGER (LONG)", "count": 1132, "max_value": 100, "min_value": 0, "mean": 44.52915194346285, "stddev": 24.02490679754293}, {"type": "TEXT", "count": 2, "shortest_values": [["rr_p", 4], ["Total Student Response Rate", 27]], "longest_values": [["Total Student Response Rate", 27], ["rr_p", 4]], "average_length": 15.5}]}]}