{"dataset_name": "/user/hm74/NYCOpenData/53jv-eiur.tsv.gz", "columns": [{"column_name": "DBN", "number_non_empty_cells": 138, "number_empty_cells": 0, "number_distinct_values": 138, "frequent_values": ["08X093", "01M064", "29Q360", "16K081", "27Q273"], "dataTypes": [{"type": "DATE/TIME", "count": 4, "max_value": "2019-12-06T00:06:28", "min_value": "2019-12-06T00:01:15"}, {"type": "TEXT", "count": 134, "shortest_values": [["01M063", 6], ["01M064", 6], ["02M077", 6], ["02M124", 6], ["02M130", 6]], "longest_values": [["01M063", 6], ["01M064", 6], ["02M077", 6], ["02M124", 6], ["02M130", 6]], "average_length": 6.0}]}, {"column_name": "School Name", "number_non_empty_cells": 138, "number_empty_cells": 0, "number_distinct_values": 138, "frequent_values": ["P.S. 748 Brooklyn School for Global Scholars (20K748)", "P.S. 130 Hernando De Soto (02M130)", "P.S. 64 Robert Simon (01M064)", "P.S. 44 Marcus Garvey (13K044)", "P.S. 78 (30Q078)"], "dataTypes": [{"type": "TEXT", "count": 138, "shortest_values": [["P.S. 96 (27Q096)", 16], ["P.S. 95 (29Q095)", 16], ["P.S. 78 (30Q078)", 16], ["P.S. 119 (08X119)", 17], ["P.S. 006 (17K006)", 17]], "longest_values": [["P.S./I.S. 210 - Twenty-first Century Academy for Community Leadership (06M210)", 78], ["P.S./I.S. 218 Rafael Hernandez Dual Language Magnet School (09X218)", 67], ["The Queens College School for Math, Science and Technology (25Q499)", 67], ["P.S. 264 Bay Ridge Elementary School for the Arts (20K264)", 58], ["P.S. 262 El Hajj Malik Shabazz Elementary School (16K262)", 57]], "average_length": 33.50724637681161}]}]}