{"dataset_name": "/user/hm74/NYCOpenData/54k3-2wtq.tsv.gz", "columns": [{"column_name": "Grade", "number_non_empty_cells": 70, "number_empty_cells": 0, "number_distinct_values": 7, "frequent_values": ["7", "3", "8", "5", "6"], "dataTypes": [{"type": "INTEGER (LONG)", "count": 60, "max_value": 8, "min_value": 3, "mean": 5.5, "stddev": 1.707825127659933}, {"type": "TEXT", "count": 10, "shortest_values": [["All Grades", 10], ["All Grades", 10], ["All Grades", 10], ["All Grades", 10], ["All Grades", 10]], "longest_values": [["All Grades", 10], ["All Grades", 10], ["All Grades", 10], ["All Grades", 10], ["All Grades", 10]], "average_length": 10.0}]}, {"column_name": "Year", "number_non_empty_cells": 70, "number_empty_cells": 0, "number_distinct_values": 5, "frequent_values": [2015, 2013, 2014, 2016, 2017], "dataTypes": [{"type": "INTEGER (LONG)", "count": 70, "max_value": 2017, "min_value": 2013, "mean": 2015.0, "stddev": 1.4142135623730943}]}, {"column_name": "Category", "number_non_empty_cells": 70, "number_empty_cells": 0, "number_distinct_values": 2, "frequent_values": ["Econ Disadv", "Not Econ Disadv"], "dataTypes": [{"type": "TEXT", "count": 70, "shortest_values": [["Econ Disadv", 11], ["Econ Disadv", 11], ["Econ Disadv", 11], ["Econ Disadv", 11], ["Econ Disadv", 11]], "longest_values": [["Not Econ Disadv", 15], ["Not Econ Disadv", 15], ["Not Econ Disadv", 15], ["Not Econ Disadv", 15], ["Not Econ Disadv", 15]], "average_length": 13.000000000000002}]}, {"column_name": "Number Tested", "number_non_empty_cells": 70, "number_empty_cells": 0, "number_distinct_values": 70, "frequent_values": [48316, 18895, 50661, 50896, 45284], "dataTypes": [{"type": "INTEGER (LONG)", "count": 70, "max_value": 341563, "min_value": 10812, "mean": 57950.17142857144, "stddev": 73967.23903767345}]}, {"column_name": "Mean Scale Score", "number_non_empty_cells": 70, "number_empty_cells": 0, "number_distinct_values": 32, "frequent_values": [293, 294, 292, 318, 313], "dataTypes": [{"type": "INTEGER (LONG)", "count": 70, "max_value": 323, "min_value": 288, "mean": 305.52857142857135, "stddev": 11.197858760331238}]}, {"column_name": "Level1_N", "number_non_empty_cells": 70, "number_empty_cells": 0, "number_distinct_values": 70, "frequent_values": [2387, 14420, 25628, 21710, 16800], "dataTypes": [{"type": "INTEGER (LONG)", "count": 70, "max_value": 137865, "min_value": 1437, "mean": 18304.942857142858, "stddev": 27632.278807782397}]}, {"column_name": "Level1_%", "number_non_empty_cells": 70, "number_empty_cells": 0, "number_distinct_values": 64, "frequent_values": [38.4, 16.7, 22.7, 40.4, 20.7], "dataTypes": [{"type": "REAL", "count": 70, "max_value": 43.5, "min_value": 12.0, "mean": 26.517142857142854, "stddev": 10.29486656305075}]}, {"column_name": "Level2_N", "number_non_empty_cells": 70, "number_empty_cells": 0, "number_distinct_values": 70, "frequent_values": [5155, 5217, 31039, 3403, 21886], "dataTypes": [{"type": "INTEGER (LONG)", "count": 70, "max_value": 130900, "min_value": 3126, "mean": 20703.628571428577, "stddev": 27929.689187658067}]}, {"column_name": "Level2_%", "number_non_empty_cells": 70, "number_empty_cells": 0, "number_distinct_values": 61, "frequent_values": [32.7, 27.1, 31.1, 40.9, 37.8], "dataTypes": [{"type": "REAL", "count": 70, "max_value": 45.7, "min_value": 22.9, "mean": 33.812857142857126, "stddev": 4.889344724677803}]}, {"column_name": "Level3_N", "number_non_empty_cells": 70, "number_empty_cells": 0, "number_distinct_values": 70, "frequent_values": [2231, 9153, 10530, 8627, 11406], "dataTypes": [{"type": "INTEGER (LONG)", "count": 70, "max_value": 66011, "min_value": 2231, "mean": 12843.399999999998, "stddev": 14707.74175090889}]}, {"column_name": "Level3_%", "number_non_empty_cells": 70, "number_empty_cells": 0, "number_distinct_values": 62, "frequent_values": [33.3, 29.1, 17.9, 31.5, 32.5], "dataTypes": [{"type": "REAL", "count": 70, "max_value": 46.1, "min_value": 11.1, "mean": 25.30571428571428, "stddev": 7.966804086140108}]}, {"column_name": "Level4_N", "number_non_empty_cells": 70, "number_empty_cells": 0, "number_distinct_values": 69, "frequent_values": [4019, 3069, 3220, 1417, 16930], "dataTypes": [{"type": "INTEGER (LONG)", "count": 70, "max_value": 30061, "min_value": 1257, "mean": 6098.199999999998, "stddev": 6676.180468330249}]}, {"column_name": "Level4_%", "number_non_empty_cells": 70, "number_empty_cells": 0, "number_distinct_values": 61, "frequent_values": [26.2, 22.2, 6.6, 7.0, 11.0], "dataTypes": [{"type": "REAL", "count": 70, "max_value": 31.1, "min_value": 2.1, "mean": 14.357142857142856, "stddev": 8.478789863596127}]}, {"column_name": "Level3+4_N", "number_non_empty_cells": 70, "number_empty_cells": 0, "number_distinct_values": 68, "frequent_values": [16995, 12299, 11487, 6933, 13172], "dataTypes": [{"type": "INTEGER (LONG)", "count": 70, "max_value": 95204, "min_value": 5482, "mean": 18941.599999999995, "stddev": 20823.08100875427}]}, {"column_name": "Level3+4_%", "number_non_empty_cells": 70, "number_empty_cells": 0, "number_distinct_values": 67, "frequent_values": [23.8, 50.9, 46.8, 54.2, 58.9], "dataTypes": [{"type": "REAL", "count": 70, "max_value": 61.6, "min_value": 18.1, "mean": 39.67142857142858, "stddev": 13.9680875350835}]}]}