{"dataset_name": "/user/hm74/NYCOpenData/54rr-tdmz.tsv.gz", "columns": [{"column_name": "DBN", "number_non_empty_cells": 1665, "number_empty_cells": 0, "number_distinct_values": 1665, "frequent_values": ["02M042", "02M529", "08X093", "01M064", "01M539"], "dataTypes": [{"type": "DATE/TIME", "count": 34, "max_value": "2019-12-07T00:06:52", "min_value": "2019-12-07T00:01:15"}, {"type": "TEXT", "count": 1631, "shortest_values": [["01M063", 6], ["01M064", 6], ["01M110", 6], ["01M134", 6], ["01M140", 6]], "longest_values": [["CITYWIDE", 8], ["01M063", 6], ["01M064", 6], ["01M110", 6], ["01M134", 6]], "average_length": 6.001226241569589}]}, {"column_name": "LOCATION_NAME", "number_non_empty_cells": 1664, "number_empty_cells": 1, "number_distinct_values": 1662, "frequent_values": ["P.S. 360", "P.S. 253", "P.S. 212", "P.S. 152 Gwendoline N. Alleyne School", "P.S. 185 Walter Kassenbrock"], "dataTypes": [{"type": "TEXT", "count": 1664, "shortest_values": [["LYFE", 4], ["Kappa", 5], ["P.S. 89", 7], ["Muscota", 7], ["P.S. 66", 7]], "longest_values": [["New Explorations into Science, Technology and Math", 50], ["47 The American Sign Language and English Secondar", 50], ["The Urban Assembly School for Emergency Management", 50], ["Stephen T. Mather Building Arts & Craftsmanship Hi", 50], ["James Baldwin School, The: A School for Expedition", 50]], "average_length": 27.967548076923062}]}, {"column_name": "LOCATION_CATEGORY", "number_non_empty_cells": 1664, "number_empty_cells": 1, "number_distinct_values": 11, "frequent_values": ["Elementary", "High school", "Junior High-Intermediate-Middle", "K-8", "Secondary School"], "dataTypes": [{"type": "TEXT", "count": 1664, "shortest_values": [["K-8", 3], ["K-8", 3], ["K-8", 3], ["K-8", 3], ["K-8", 3]], "longest_values": [["Junior High-Intermediate-Middle", 31], ["Junior High-Intermediate-Middle", 31], ["Junior High-Intermediate-Middle", 31], ["Junior High-Intermediate-Middle", 31], ["Junior High-Intermediate-Middle", 31]], "average_length": 13.541466346153829}]}, {"column_name": "ADMINISTRATIVE_DISTRICT", "number_non_empty_cells": 1664, "number_empty_cells": 1, "number_distinct_values": 35, "frequent_values": [2, 10, 31, 9, 11], "dataTypes": [{"type": "INTEGER (LONG)", "count": 1664, "max_value": 79, "min_value": 1, "mean": 18.31850961538462, "stddev": 14.82297767014181}]}, {"column_name": "GEN_ED_REMOVALS", "number_non_empty_cells": 1665, "number_empty_cells": 0, "number_distinct_values": 54, "frequent_values": ["R", "12", "7", "9", "6"], "dataTypes": [{"type": "INTEGER (LONG)", "count": 161, "max_value": 6699, "min_value": 6, "mean": 65.85093167701862, "stddev": 524.7958042550724}, {"type": "TEXT", "count": 1504, "shortest_values": [["R", 1], ["R", 1], ["R", 1], ["R", 1], ["R", 1]], "longest_values": [["R", 1], ["R", 1], ["R", 1], ["R", 1], ["R", 1]], "average_length": 1.0}]}, {"column_name": "GEN_ED_PRINCIPAL", "number_non_empty_cells": 1665, "number_empty_cells": 0, "number_distinct_values": 85, "frequent_values": ["R", "29", "11", "20", "9"], "dataTypes": [{"type": "INTEGER (LONG)", "count": 382, "max_value": 16072, "min_value": 6, "mean": 74.14136125654451, "stddev": 819.9822057296915}, {"type": "TEXT", "count": 1283, "shortest_values": [["R", 1], ["R", 1], ["R", 1], ["R", 1], ["R", 1]], "longest_values": [["R", 1], ["R", 1], ["R", 1], ["R", 1], ["R", 1]], "average_length": 1.0}]}, {"column_name": "GEN_ED_SUPERINTENDENT", "number_non_empty_cells": 1665, "number_empty_cells": 0, "number_distinct_values": 28, "frequent_values": ["R", "6", "15", "9", "7"], "dataTypes": [{"type": "INTEGER (LONG)", "count": 86, "max_value": 5454, "min_value": 6, "mean": 77.27906976744187, "stddev": 583.2276999826411}, {"type": "TEXT", "count": 1579, "shortest_values": [["R", 1], ["R", 1], ["R", 1], ["R", 1], ["R", 1]], "longest_values": [["R", 1], ["R", 1], ["R", 1], ["R", 1], ["R", 1]], "average_length": 1.0}]}, {"column_name": "GEN_ED_EXPULSIONS", "number_non_empty_cells": 1665, "number_empty_cells": 0, "number_distinct_values": 1, "frequent_values": ["R"], "dataTypes": [{"type": "TEXT", "count": 1665, "shortest_values": [["R", 1], ["R", 1], ["R", 1], ["R", 1], ["R", 1]], "longest_values": [["R", 1], ["R", 1], ["R", 1], ["R", 1], ["R", 1]], "average_length": 1.0}]}, {"column_name": "SWD_REMOVALS", "number_non_empty_cells": 1665, "number_empty_cells": 0, "number_distinct_values": 38, "frequent_values": ["R", "10", "6", "11", "7"], "dataTypes": [{"type": "INTEGER (LONG)", "count": 161, "max_value": 4638, "min_value": 6, "mean": 45.621118012422365, "stddev": 363.33658990865746}, {"type": "TEXT", "count": 1504, "shortest_values": [["R", 1], ["R", 1], ["R", 1], ["R", 1], ["R", 1]], "longest_values": [["R", 1], ["R", 1], ["R", 1], ["R", 1], ["R", 1]], "average_length": 1.0}]}, {"column_name": "SWD_PRINCIPAL", "number_non_empty_cells": 1665, "number_empty_cells": 0, "number_distinct_values": 61, "frequent_values": ["R", "6", "8", "7", "10"], "dataTypes": [{"type": "INTEGER (LONG)", "count": 382, "max_value": 9624, "min_value": 6, "mean": 44.853403141361255, "stddev": 491.1441599359642}, {"type": "TEXT", "count": 1283, "shortest_values": [["R", 1], ["R", 1], ["R", 1], ["R", 1], ["R", 1]], "longest_values": [["R", 1], ["R", 1], ["R", 1], ["R", 1], ["R", 1]], "average_length": 1.0}]}, {"column_name": "SWD_SUPERINTENDENT", "number_non_empty_cells": 1665, "number_empty_cells": 0, "number_distinct_values": 24, "frequent_values": ["R", "9", "7", "6", "14"], "dataTypes": [{"type": "INTEGER (LONG)", "count": 86, "max_value": 4084, "min_value": 6, "mean": 59.872093023255815, "stddev": 436.5340178681203}, {"type": "TEXT", "count": 1579, "shortest_values": [["R", 1], ["R", 1], ["R", 1], ["R", 1], ["R", 1]], "longest_values": [["R", 1], ["R", 1], ["R", 1], ["R", 1], ["R", 1]], "average_length": 1.0}]}, {"column_name": "SWD_EXPULSIONS", "number_non_empty_cells": 1665, "number_empty_cells": 0, "number_distinct_values": 1, "frequent_values": ["R"], "dataTypes": [{"type": "TEXT", "count": 1665, "shortest_values": [["R", 1], ["R", 1], ["R", 1], ["R", 1], ["R", 1]], "longest_values": [["R", 1], ["R", 1], ["R", 1], ["R", 1], ["R", 1]], "average_length": 1.0}]}, {"column_name": "SY1617_TOTAL_REMOVALS/SUSPENSIONS", "number_non_empty_cells": 1665, "number_empty_cells": 0, "number_distinct_values": 159, "frequent_values": ["R", "0", "6", "11", "12"], "dataTypes": [{"type": "INTEGER (LONG)", "count": 1327, "max_value": 46571, "min_value": 0, "mean": 69.50263752825927, "stddev": 1277.772767246973}, {"type": "TEXT", "count": 338, "shortest_values": [["R", 1], ["R", 1], ["R", 1], ["R", 1], ["R", 1]], "longest_values": [["R", 1], ["R", 1], ["R", 1], ["R", 1], ["R", 1]], "average_length": 1.0}]}]}