{"dataset_name": "/user/hm74/NYCOpenData/55yj-h64d.tsv.gz", "columns": [{"column_name": "DBN", "number_non_empty_cells": 2873, "number_empty_cells": 0, "number_distinct_values": 483, "frequent_values": ["29Q265", "02M529", "02M427", "27Q314", "07X527"], "dataTypes": [{"type": "DATE/TIME", "count": 6, "max_value": "2019-12-08T00:02:47", "min_value": "2019-12-08T00:02:47"}, {"type": "TEXT", "count": 2867, "shortest_values": [["01M292", 6], ["01M292", 6], ["01M292", 6], ["01M292", 6], ["01M292", 6]], "longest_values": [["01M292", 6], ["01M292", 6], ["01M292", 6], ["01M292", 6], ["01M292", 6]], "average_length": 6.0}]}, {"column_name": "School_Name", "number_non_empty_cells": 2873, "number_empty_cells": 0, "number_distinct_values": 483, "frequent_values": ["The Urban Assembly School for Collaborative Health", "High School of Language and Innovation", "Life Academy High School for Film and Music", "Aspirations Diploma Plus High School", "Epic High School - North"], "dataTypes": [{"type": "TEXT", "count": 2873, "shortest_values": [["NYC iSchool", 11], ["NYC iSchool", 11], ["NYC iSchool", 11], ["NYC iSchool", 11], ["NYC iSchool", 11]], "longest_values": [["New Explorations into Science, Technology and Math", 50], ["New Explorations into Science, Technology and Math", 50], ["New Explorations into Science, Technology and Math", 50], ["New Explorations into Science, Technology and Math", 50], ["New Explorations into Science, Technology and Math", 50]], "average_length": 34.982248520709945}]}, {"column_name": "Category", "number_non_empty_cells": 2873, "number_empty_cells": 0, "number_distinct_values": 6, "frequent_values": ["All Students", "Receive free or reduced price lunch", "Reside in temporary housing", "Students with Disabilities", "Enrolled over the Counter"], "dataTypes": [{"type": "TEXT", "count": 2873, "shortest_values": [["All Students", 12], ["All Students", 12], ["All Students", 12], ["All Students", 12], ["All Students", 12]], "longest_values": [["Receive free or reduced price lunch", 35], ["Receive free or reduced price lunch", 35], ["Receive free or reduced price lunch", 35], ["Receive free or reduced price lunch", 35], ["Receive free or reduced price lunch", 35]], "average_length": 24.999651931778622}]}, {"column_name": "Year", "number_non_empty_cells": 2873, "number_empty_cells": 0, "number_distinct_values": 1, "frequent_values": ["2016-17"], "dataTypes": [{"type": "TEXT", "count": 2873, "shortest_values": [["2016-17", 7], ["2016-17", 7], ["2016-17", 7], ["2016-17", 7], ["2016-17", 7]], "longest_values": [["2016-17", 7], ["2016-17", 7], ["2016-17", 7], ["2016-17", 7], ["2016-17", 7]], "average_length": 7.0}]}, {"column_name": "Total_Enrollment", "number_non_empty_cells": 2873, "number_empty_cells": 0, "number_distinct_values": 656, "frequent_values": ["s", "15", "22", "9", "7"], "dataTypes": [{"type": "INTEGER (LONG)", "count": 2745, "max_value": 5682, "min_value": 6, "mean": 233.35045537340636, "stddev": 437.94486717990867}, {"type": "TEXT", "count": 128, "shortest_values": [["s", 1], ["s", 1], ["s", 1], ["s", 1], ["s", 1]], "longest_values": [["s", 1], ["s", 1], ["s", 1], ["s", 1], ["s", 1]], "average_length": 1.0}]}, {"column_name": "#Grade_9", "number_non_empty_cells": 2740, "number_empty_cells": 133, "number_distinct_values": 313, "frequent_values": ["s", "14", "9", "13", "12"], "dataTypes": [{"type": "INTEGER (LONG)", "count": 2266, "max_value": 1551, "min_value": 6, "mean": 82.77405119152687, "stddev": 136.54262355349402}, {"type": "TEXT", "count": 474, "shortest_values": [["s", 1], ["s", 1], ["s", 1], ["s", 1], ["s", 1]], "longest_values": [["s", 1], ["s", 1], ["s", 1], ["s", 1], ["s", 1]], "average_length": 1.0}]}, {"column_name": "#Grade_10", "number_non_empty_cells": 2786, "number_empty_cells": 87, "number_distinct_values": 287, "frequent_values": ["s", "11", "7", "16", "6"], "dataTypes": [{"type": "INTEGER (LONG)", "count": 2240, "max_value": 1492, "min_value": 6, "mean": 78.25446428571426, "stddev": 127.8983150707128}, {"type": "TEXT", "count": 546, "shortest_values": [["s", 1], ["s", 1], ["s", 1], ["s", 1], ["s", 1]], "longest_values": [["s", 1], ["s", 1], ["s", 1], ["s", 1], ["s", 1]], "average_length": 1.0}]}, {"column_name": "#Grade_11", "number_non_empty_cells": 2707, "number_empty_cells": 166, "number_distinct_values": 267, "frequent_values": ["s", "7", "10", "9", "6"], "dataTypes": [{"type": "INTEGER (LONG)", "count": 1932, "max_value": 1312, "min_value": 6, "mean": 73.054347826087, "stddev": 116.31596793308434}, {"type": "TEXT", "count": 775, "shortest_values": [["s", 1], ["s", 1], ["s", 1], ["s", 1], ["s", 1]], "longest_values": [["s", 1], ["s", 1], ["s", 1], ["s", 1], ["s", 1]], "average_length": 1.0}]}, {"column_name": "#Grade_12", "number_non_empty_cells": 2516, "number_empty_cells": 357, "number_distinct_values": 255, "frequent_values": ["s", "7", "9", "6", "8"], "dataTypes": [{"type": "INTEGER (LONG)", "count": 1781, "max_value": 1327, "min_value": 6, "mean": 70.92419988770364, "stddev": 112.28349249915283}, {"type": "TEXT", "count": 735, "shortest_values": [["s", 1], ["s", 1], ["s", 1], ["s", 1], ["s", 1]], "longest_values": [["s", 1], ["s", 1], ["s", 1], ["s", 1], ["s", 1]], "average_length": 1.0}]}, {"column_name": "#Female", "number_non_empty_cells": 2873, "number_empty_cells": 0, "number_distinct_values": 422, "frequent_values": ["s", "11", "15", "14", "17"], "dataTypes": [{"type": "INTEGER (LONG)", "count": 2392, "max_value": 2343, "min_value": 6, "mean": 124.45735785953163, "stddev": 229.34320177784804}, {"type": "TEXT", "count": 481, "shortest_values": [["s", 1], ["s", 1], ["s", 1], ["s", 1], ["s", 1]], "longest_values": [["s", 1], ["s", 1], ["s", 1], ["s", 1], ["s", 1]], "average_length": 1.0}]}, {"column_name": "%Female", "number_non_empty_cells": 2873, "number_empty_cells": 0, "number_distinct_values": 551, "frequent_values": ["s", "50.0%", "42.9%", "40.0%", "43.8%"], "dataTypes": [{"type": "TEXT", "count": 2873, "shortest_values": [["s", 1], ["s", 1], ["s", 1], ["s", 1], ["s", 1]], "longest_values": [["37.9%", 5], ["31.8%", 5], ["54.5%", 5], ["37.8%", 5], ["47.8%", 5]], "average_length": 4.3278802645318475}]}, {"column_name": "#Male", "number_non_empty_cells": 2873, "number_empty_cells": 0, "number_distinct_values": 442, "frequent_values": ["s", "21", "19", "14", "12"], "dataTypes": [{"type": "INTEGER (LONG)", "count": 2392, "max_value": 3339, "min_value": 6, "mean": 138.3879598662204, "stddev": 243.55395209437205}, {"type": "TEXT", "count": 481, "shortest_values": [["s", 1], ["s", 1], ["s", 1], ["s", 1], ["s", 1]], "longest_values": [["s", 1], ["s", 1], ["s", 1], ["s", 1], ["s", 1]], "average_length": 1.0}]}, {"column_name": "%Male", "number_non_empty_cells": 2873, "number_empty_cells": 0, "number_distinct_values": 551, "frequent_values": ["s", "50.0%", "57.1%", "56.3%", "60.0%"], "dataTypes": [{"type": "TEXT", "count": 2873, "shortest_values": [["s", 1], ["s", 1], ["s", 1], ["s", 1], ["s", 1]], "longest_values": [["62.1%", 5], ["68.2%", 5], ["45.5%", 5], ["62.2%", 5], ["52.2%", 5]], "average_length": 4.329620605638705}]}, {"column_name": "#Asian", "number_non_empty_cells": 2873, "number_empty_cells": 0, "number_distinct_values": 243, "frequent_values": ["s", "6", "8", "9", "11"], "dataTypes": [{"type": "INTEGER (LONG)", "count": 953, "max_value": 3483, "min_value": 6, "mean": 105.6421825813221, "stddev": 274.47720216084304}, {"type": "TEXT", "count": 1920, "shortest_values": [["s", 1], ["s", 1], ["s", 1], ["s", 1], ["s", 1]], "longest_values": [["s", 1], ["s", 1], ["s", 1], ["s", 1], ["s", 1]], "average_length": 1.0}]}, {"column_name": "%Asian", "number_non_empty_cells": 2873, "number_empty_cells": 0, "number_distinct_values": 404, "frequent_values": ["s", "3.0%", "3.3%", "2.6%", "2.8%"], "dataTypes": [{"type": "TEXT", "count": 2873, "shortest_values": [["s", 1], ["s", 1], ["s", 1], ["s", 1], ["s", 1]], "longest_values": [["15.0%", 5], ["40.9%", 5], ["14.2%", 5], ["15.8%", 5], ["30.4%", 5]], "average_length": 2.1837800208840967}]}, {"column_name": "#Black", "number_non_empty_cells": 2873, "number_empty_cells": 0, "number_distinct_values": 337, "frequent_values": ["s", "7", "9", "6", "8"], "dataTypes": [{"type": "INTEGER (LONG)", "count": 2060, "max_value": 1121, "min_value": 6, "mean": 83.44466019417476, "stddev": 116.94356511985937}, {"type": "TEXT", "count": 813, "shortest_values": [["s", 1], ["s", 1], ["s", 1], ["s", 1], ["s", 1]], "longest_values": [["s", 1], ["s", 1], ["s", 1], ["s", 1], ["s", 1]], "average_length": 1.0}]}, {"column_name": "%Black", "number_non_empty_cells": 2873, "number_empty_cells": 0, "number_distinct_values": 722, "frequent_values": ["s", "33.3%", "50.0%", "26.9%", "30.0%"], "dataTypes": [{"type": "TEXT", "count": 2873, "shortest_values": [["s", 1], ["s", 1], ["s", 1], ["s", 1], ["s", 1]], "longest_values": [["100.0%", 6], ["100.0%", 6], ["100.0%", 6], ["100.0%", 6], ["100.0%", 6]], "average_length": 3.824225548207449}]}, {"column_name": "#Hispanic", "number_non_empty_cells": 2873, "number_empty_cells": 0, "number_distinct_values": 430, "frequent_values": ["s", "6", "7", "8", "9"], "dataTypes": [{"type": "INTEGER (LONG)", "count": 2410, "max_value": 1614, "min_value": 6, "mean": 114.86970954356842, "stddev": 168.3805991731944}, {"type": "TEXT", "count": 463, "shortest_values": [["s", 1], ["s", 1], ["s", 1], ["s", 1], ["s", 1]], "longest_values": [["s", 1], ["s", 1], ["s", 1], ["s", 1], ["s", 1]], "average_length": 1.0}]}, {"column_name": "%Hispanic", "number_non_empty_cells": 2873, "number_empty_cells": 0, "number_distinct_values": 825, "frequent_values": ["s", "100.0%", "50.0%", "66.7%", "60.0%"], "dataTypes": [{"type": "TEXT", "count": 2873, "shortest_values": [["s", 1], ["s", 1], ["s", 1], ["s", 1], ["s", 1]], "longest_values": [["100.0%", 6], ["100.0%", 6], ["100.0%", 6], ["100.0%", 6], ["100.0%", 6]], "average_length": 4.3424991298294415}]}, {"column_name": "#Other", "number_non_empty_cells": 2873, "number_empty_cells": 0, "number_distinct_values": 71, "frequent_values": ["s", "8", "6", "7", "10"], "dataTypes": [{"type": "INTEGER (LONG)", "count": 543, "max_value": 278, "min_value": 6, "mean": 20.219152854511997, "stddev": 25.92974361042224}, {"type": "TEXT", "count": 2330, "shortest_values": [["s", 1], ["s", 1], ["s", 1], ["s", 1], ["s", 1]], "longest_values": [["s", 1], ["s", 1], ["s", 1], ["s", 1], ["s", 1]], "average_length": 1.0}]}, {"column_name": "%Other", "number_non_empty_cells": 2873, "number_empty_cells": 0, "number_distinct_values": 97, "frequent_values": ["s", "1.9%", "2.5%", "1.6%", "2.7%"], "dataTypes": [{"type": "TEXT", "count": 2873, "shortest_values": [["s", 1], ["s", 1], ["s", 1], ["s", 1], ["s", 1]], "longest_values": [["13.1%", 5], ["12.8%", 5], ["13.9%", 5], ["13.0%", 5], ["16.2%", 5]], "average_length": 1.5736164288200476}]}, {"column_name": "#White", "number_non_empty_cells": 2873, "number_empty_cells": 0, "number_distinct_values": 198, "frequent_values": ["s", "7", "6", "8", "10"], "dataTypes": [{"type": "INTEGER (LONG)", "count": 872, "max_value": 3104, "min_value": 6, "mean": 74.57110091743124, "stddev": 199.56998953869802}, {"type": "TEXT", "count": 2001, "shortest_values": [["s", 1], ["s", 1], ["s", 1], ["s", 1], ["s", 1]], "longest_values": [["s", 1], ["s", 1], ["s", 1], ["s", 1], ["s", 1]], "average_length": 1.0}]}, {"column_name": "%White", "number_non_empty_cells": 2873, "number_empty_cells": 0, "number_distinct_values": 342, "frequent_values": ["s", "1.7%", "2.8%", "1.9%", "2.1%"], "dataTypes": [{"type": "TEXT", "count": 2873, "shortest_values": [["s", 1], ["s", 1], ["s", 1], ["s", 1], ["s", 1]], "longest_values": [["10.4%", 5], ["31.4%", 5], ["10.3%", 5], ["38.9%", 5], ["11.7%", 5]], "average_length": 2.0522102332057064}]}, {"column_name": "#ELL_Spanish", "number_non_empty_cells": 464, "number_empty_cells": 2409, "number_distinct_values": 133, "frequent_values": ["s", "7", "6", "14", "9"], "dataTypes": [{"type": "INTEGER (LONG)", "count": 352, "max_value": 438, "min_value": 6, "mean": 60.41477272727269, "stddev": 76.00567119954799}, {"type": "TEXT", "count": 112, "shortest_values": [["s", 1], ["s", 1], ["s", 1], ["s", 1], ["s", 1]], "longest_values": [["s", 1], ["s", 1], ["s", 1], ["s", 1], ["s", 1]], "average_length": 1.0}]}, {"column_name": "%ELL_Spanish", "number_non_empty_cells": 464, "number_empty_cells": 2409, "number_distinct_values": 224, "frequent_values": ["s", "100.0%", "66.7%", "50.0%", "71.4%"], "dataTypes": [{"type": "TEXT", "count": 464, "shortest_values": [["s", 1], ["s", 1], ["s", 1], ["s", 1], ["s", 1]], "longest_values": [["100.0%", 6], ["100.0%", 6], ["100.0%", 6], ["100.0%", 6], ["100.0%", 6]], "average_length": 4.06896551724138}]}, {"column_name": "#ELL_Chinese", "number_non_empty_cells": 464, "number_empty_cells": 2409, "number_distinct_values": 36, "frequent_values": ["s", "6", "28", "8", "7"], "dataTypes": [{"type": "INTEGER (LONG)", "count": 46, "max_value": 407, "min_value": 6, "mean": 78.65217391304347, "stddev": 106.92179535230905}, {"type": "TEXT", "count": 418, "shortest_values": [["s", 1], ["s", 1], ["s", 1], ["s", 1], ["s", 1]], "longest_values": [["s", 1], ["s", 1], ["s", 1], ["s", 1], ["s", 1]], "average_length": 1.0}]}, {"column_name": "%ELL_Chinese", "number_non_empty_cells": 464, "number_empty_cells": 2409, "number_distinct_values": 47, "frequent_values": ["s", "8.9%", "2.9%", "14.3%", "40.9%"], "dataTypes": [{"type": "TEXT", "count": 464, "shortest_values": [["s", 1], ["s", 1], ["s", 1], ["s", 1], ["s", 1]], "longest_values": [["40.9%", 5], ["82.4%", 5], ["65.6%", 5], ["50.0%", 5], ["36.4%", 5]], "average_length": 1.362068965517242}]}, {"column_name": "#ELL_Bengali", "number_non_empty_cells": 464, "number_empty_cells": 2409, "number_distinct_values": 33, "frequent_values": ["s", "6", "9", "7", "8"], "dataTypes": [{"type": "INTEGER (LONG)", "count": 62, "max_value": 102, "min_value": 6, "mean": 20.112903225806463, "stddev": 18.55862971053009}, {"type": "TEXT", "count": 402, "shortest_values": [["s", 1], ["s", 1], ["s", 1], ["s", 1], ["s", 1]], "longest_values": [["s", 1], ["s", 1], ["s", 1], ["s", 1], ["s", 1]], "average_length": 1.0}]}, {"column_name": "%ELL_Bengali", "number_non_empty_cells": 464, "number_empty_cells": 2409, "number_distinct_values": 58, "frequent_values": ["s", "3.2%", "6.5%", "7.7%", "4.1%"], "dataTypes": [{"type": "TEXT", "count": 464, "shortest_values": [["s", 1], ["s", 1], ["s", 1], ["s", 1], ["s", 1]], "longest_values": [["19.0%", 5], ["18.8%", 5], ["10.9%", 5], ["14.3%", 5], ["16.7%", 5]], "average_length": 1.4612068965517242}]}, {"column_name": "#ELL_Arabic", "number_non_empty_cells": 464, "number_empty_cells": 2409, "number_distinct_values": 35, "frequent_values": ["s", "7", "6", "20", "18"], "dataTypes": [{"type": "INTEGER (LONG)", "count": 77, "max_value": 157, "min_value": 6, "mean": 21.103896103896105, "stddev": 22.72625600694276}, {"type": "TEXT", "count": 387, "shortest_values": [["s", 1], ["s", 1], ["s", 1], ["s", 1], ["s", 1]], "longest_values": [["s", 1], ["s", 1], ["s", 1], ["s", 1], ["s", 1]], "average_length": 1.0}]}, {"column_name": "%ELL_Arabic", "number_non_empty_cells": 464, "number_empty_cells": 2409, "number_distinct_values": 64, "frequent_values": ["s", "2.3%", "8.3%", "6.2%", "6.5%"], "dataTypes": [{"type": "TEXT", "count": 464, "shortest_values": [["s", 1], ["s", 1], ["s", 1], ["s", 1], ["s", 1]], "longest_values": [["12.1%", 5], ["15.3%", 5], ["15.1%", 5], ["10.1%", 5], ["13.7%", 5]], "average_length": 1.581896551724138}]}, {"column_name": "#ELL_Haitian_Creole", "number_non_empty_cells": 464, "number_empty_cells": 2409, "number_distinct_values": 20, "frequent_values": ["s", "7", "13", "8", "9"], "dataTypes": [{"type": "INTEGER (LONG)", "count": 37, "max_value": 98, "min_value": 6, "mean": 15.567567567567574, "stddev": 17.1850666482529}, {"type": "TEXT", "count": 427, "shortest_values": [["s", 1], ["s", 1], ["s", 1], ["s", 1], ["s", 1]], "longest_values": [["s", 1], ["s", 1], ["s", 1], ["s", 1], ["s", 1]], "average_length": 1.0}]}, {"column_name": "%ELL_Haitian_Creole", "number_non_empty_cells": 464, "number_empty_cells": 2409, "number_distinct_values": 36, "frequent_values": ["s", "1.7%", "28.3%", "29.2%", "4.8%"], "dataTypes": [{"type": "TEXT", "count": 464, "shortest_values": [["s", 1], ["s", 1], ["s", 1], ["s", 1], ["s", 1]], "longest_values": [["66.7%", 5], ["43.3%", 5], ["30.6%", 5], ["53.8%", 5], ["50.0%", 5]], "average_length": 1.2909482758620678}]}, {"column_name": "#ELL_French", "number_non_empty_cells": 464, "number_empty_cells": 2409, "number_distinct_values": 18, "frequent_values": ["s", "6", "7", "20", "8"], "dataTypes": [{"type": "INTEGER (LONG)", "count": 23, "max_value": 56, "min_value": 6, "mean": 18.043478260869566, "stddev": 13.709654677633647}, {"type": "TEXT", "count": 441, "shortest_values": [["s", 1], ["s", 1], ["s", 1], ["s", 1], ["s", 1]], "longest_values": [["s", 1], ["s", 1], ["s", 1], ["s", 1], ["s", 1]], "average_length": 1.0}]}, {"column_name": "%ELL_French", "number_non_empty_cells": 464, "number_empty_cells": 2409, "number_distinct_values": 24, "frequent_values": ["s", "1.5%", "3.8%", "10.7%", "5.1%"], "dataTypes": [{"type": "TEXT", "count": 464, "shortest_values": [["s", 1], ["s", 1], ["s", 1], ["s", 1], ["s", 1]], "longest_values": [["10.4%", 5], ["15.0%", 5], ["10.0%", 5], ["10.7%", 5], ["11.9%", 5]], "average_length": 1.161637931034482}]}, {"column_name": "#ELL_Russian", "number_non_empty_cells": 464, "number_empty_cells": 2409, "number_distinct_values": 15, "frequent_values": ["s", "8", "7", "39", "33"], "dataTypes": [{"type": "INTEGER (LONG)", "count": 20, "max_value": 134, "min_value": 7, "mean": 29.8, "stddev": 30.567302792362952}, {"type": "TEXT", "count": 444, "shortest_values": [["s", 1], ["s", 1], ["s", 1], ["s", 1], ["s", 1]], "longest_values": [["s", 1], ["s", 1], ["s", 1], ["s", 1], ["s", 1]], "average_length": 1.0}]}, {"column_name": "%ELL_Russian", "number_non_empty_cells": 464, "number_empty_cells": 2409, "number_distinct_values": 21, "frequent_values": ["s", "16.3%", "15.1%", "10.0%", "6.5%"], "dataTypes": [{"type": "TEXT", "count": 464, "shortest_values": [["s", 1], ["s", 1], ["s", 1], ["s", 1], ["s", 1]], "longest_values": [["13.0%", 5], ["25.6%", 5], ["16.3%", 5], ["21.4%", 5], ["16.3%", 5]], "average_length": 1.150862068965516}]}, {"column_name": "#ELL_Korean", "number_non_empty_cells": 464, "number_empty_cells": 2409, "number_distinct_values": 5, "frequent_values": ["s", "7", "23", "13", null], "dataTypes": [{"type": "INTEGER (LONG)", "count": 3, "max_value": 23, "min_value": 7, "mean": 14.333333333333334, "stddev": 6.599663291074444}, {"type": "TEXT", "count": 461, "shortest_values": [["s", 1], ["s", 1], ["s", 1], ["s", 1], ["s", 1]], "longest_values": [["s", 1], ["s", 1], ["s", 1], ["s", 1], ["s", 1]], "average_length": 1.0}]}, {"column_name": "%ELL_Korean", "number_non_empty_cells": 464, "number_empty_cells": 2409, "number_distinct_values": 5, "frequent_values": ["s", "3.7%", "6.9%", "4.9%", null], "dataTypes": [{"type": "TEXT", "count": 464, "shortest_values": [["s", 1], ["s", 1], ["s", 1], ["s", 1], ["s", 1]], "longest_values": [["6.9%", 4], ["4.9%", 4], ["3.7%", 4], ["s", 1], ["s", 1]], "average_length": 1.0193965517241375}]}, {"column_name": "#ELL_Urdu", "number_non_empty_cells": 464, "number_empty_cells": 2409, "number_distinct_values": 16, "frequent_values": ["s", "6", "26", "11", "10"], "dataTypes": [{"type": "INTEGER (LONG)", "count": 25, "max_value": 85, "min_value": 6, "mean": 20.04, "stddev": 17.687238337287145}, {"type": "TEXT", "count": 439, "shortest_values": [["s", 1], ["s", 1], ["s", 1], ["s", 1], ["s", 1]], "longest_values": [["s", 1], ["s", 1], ["s", 1], ["s", 1], ["s", 1]], "average_length": 1.0}]}, {"column_name": "%ELL_Urdu", "number_non_empty_cells": 464, "number_empty_cells": 2409, "number_distinct_values": 25, "frequent_values": ["s", "1.9%", "2.8%", "4.6%", "5.5%"], "dataTypes": [{"type": "TEXT", "count": 464, "shortest_values": [["s", 1], ["s", 1], ["s", 1], ["s", 1], ["s", 1]], "longest_values": [["36.6%", 5], ["19.2%", 5], ["14.7%", 5], ["10.7%", 5], ["13.1%", 5]], "average_length": 1.1767241379310338}]}, {"column_name": "#ELL_Other", "number_non_empty_cells": 464, "number_empty_cells": 2409, "number_distinct_values": 41, "frequent_values": ["s", "6", "8", "7", "12"], "dataTypes": [{"type": "INTEGER (LONG)", "count": 90, "max_value": 133, "min_value": 6, "mean": 23.58888888888888, "stddev": 23.820576746653515}, {"type": "TEXT", "count": 374, "shortest_values": [["s", 1], ["s", 1], ["s", 1], ["s", 1], ["s", 1]], "longest_values": [["s", 1], ["s", 1], ["s", 1], ["s", 1], ["s", 1]], "average_length": 1.0}]}, {"column_name": "%ELL_Other", "number_non_empty_cells": 464, "number_empty_cells": 2409, "number_distinct_values": 78, "frequent_values": ["s", "7.2%", "9.0%", "4.8%", "14.3%"], "dataTypes": [{"type": "TEXT", "count": 464, "shortest_values": [["s", 1], ["s", 1], ["s", 1], ["s", 1], ["s", 1]], "longest_values": [["14.3%", 5], ["15.5%", 5], ["13.8%", 5], ["22.6%", 5], ["44.4%", 5]], "average_length": 1.6896551724137943}]}, {"column_name": "ELA_#Test_Takers", "number_non_empty_cells": 2481, "number_empty_cells": 392, "number_distinct_values": 259, "frequent_values": ["s", "6", "7", "10", "8"], "dataTypes": [{"type": "INTEGER (LONG)", "count": 1893, "max_value": 1399, "min_value": 6, "mean": 66.74009508716325, "stddev": 111.01093383512777}, {"type": "TEXT", "count": 588, "shortest_values": [["s", 1], ["s", 1], ["s", 1], ["s", 1], ["s", 1]], "longest_values": [["s", 1], ["s", 1], ["s", 1], ["s", 1], ["s", 1]], "average_length": 1.0}]}, {"column_name": "ELA_#Level_1", "number_non_empty_cells": 2481, "number_empty_cells": 392, "number_distinct_values": 115, "frequent_values": ["s", "6", "7", "8", "10"], "dataTypes": [{"type": "INTEGER (LONG)", "count": 1347, "max_value": 178, "min_value": 6, "mean": 23.824795842613188, "stddev": 22.857660515907412}, {"type": "TEXT", "count": 1134, "shortest_values": [["s", 1], ["s", 1], ["s", 1], ["s", 1], ["s", 1]], "longest_values": [["s", 1], ["s", 1], ["s", 1], ["s", 1], ["s", 1]], "average_length": 1.0}]}, {"column_name": "ELA_%Level_1", "number_non_empty_cells": 2481, "number_empty_cells": 392, "number_distinct_values": 498, "frequent_values": ["s", "100.0%", "66.7%", "50.0%", "40.0%"], "dataTypes": [{"type": "TEXT", "count": 2481, "shortest_values": [["s", 1], ["s", 1], ["s", 1], ["s", 1], ["s", 1]], "longest_values": [["100.0%", 6], ["100.0%", 6], ["100.0%", 6], ["100.0%", 6], ["100.0%", 6]], "average_length": 3.1773478436114466}]}, {"column_name": "ELA_#Level_2", "number_non_empty_cells": 2481, "number_empty_cells": 392, "number_distinct_values": 154, "frequent_values": ["s", "6", "7", "8", "9"], "dataTypes": [{"type": "INTEGER (LONG)", "count": 1204, "max_value": 338, "min_value": 6, "mean": 37.943521594684356, "stddev": 46.640778924613976}, {"type": "TEXT", "count": 1277, "shortest_values": [["s", 1], ["s", 1], ["s", 1], ["s", 1], ["s", 1]], "longest_values": [["s", 1], ["s", 1], ["s", 1], ["s", 1], ["s", 1]], "average_length": 1.0}]}, {"column_name": "ELA_%Level_2", "number_non_empty_cells": 2481, "number_empty_cells": 392, "number_distinct_values": 362, "frequent_values": ["s", "50.0%", "40.0%", "33.3%", "46.2%"], "dataTypes": [{"type": "TEXT", "count": 2481, "shortest_values": [["s", 1], ["s", 1], ["s", 1], ["s", 1], ["s", 1]], "longest_values": [["100.0%", 6], ["100.0%", 6], ["38.7%", 5], ["33.3%", 5], ["43.2%", 5]], "average_length": 2.94115276098348}]}, {"column_name": "ELA_#Level_3", "number_non_empty_cells": 2481, "number_empty_cells": 392, "number_distinct_values": 134, "frequent_values": ["s", "23", "34", "25", "24"], "dataTypes": [{"type": "INTEGER (LONG)", "count": 465, "max_value": 542, "min_value": 6, "mean": 52.07311827956992, "stddev": 60.92186983021505}, {"type": "TEXT", "count": 2016, "shortest_values": [["s", 1], ["s", 1], ["s", 1], ["s", 1], ["s", 1]], "longest_values": [["s", 1], ["s", 1], ["s", 1], ["s", 1], ["s", 1]], "average_length": 1.0}]}, {"column_name": "ELA_%Level_3", "number_non_empty_cells": 2481, "number_empty_cells": 392, "number_distinct_values": 238, "frequent_values": ["s", "25.0%", "30.0%", "33.3%", "50.0%"], "dataTypes": [{"type": "TEXT", "count": 2481, "shortest_values": [["s", 1], ["s", 1], ["s", 1], ["s", 1], ["s", 1]], "longest_values": [["33.3%", 5], ["35.6%", 5], ["35.8%", 5], ["24.4%", 5], ["23.6%", 5]], "average_length": 1.7492946392583641}]}, {"column_name": "ELA_#Level_4", "number_non_empty_cells": 2481, "number_empty_cells": 392, "number_distinct_values": 83, "frequent_values": ["s", "6", "9", "8", "10"], "dataTypes": [{"type": "INTEGER (LONG)", "count": 316, "max_value": 797, "min_value": 6, "mean": 37.76582278481013, "stddev": 78.6203155793169}, {"type": "TEXT", "count": 2165, "shortest_values": [["s", 1], ["s", 1], ["s", 1], ["s", 1], ["s", 1]], "longest_values": [["s", 1], ["s", 1], ["s", 1], ["s", 1], ["s", 1]], "average_length": 1.0}]}, {"column_name": "ELA_%Level_4", "number_non_empty_cells": 2481, "number_empty_cells": 392, "number_distinct_values": 190, "frequent_values": ["s", "6.0%", "5.1%", "7.3%", "9.4%"], "dataTypes": [{"type": "TEXT", "count": 2481, "shortest_values": [["s", 1], ["s", 1], ["s", 1], ["s", 1], ["s", 1]], "longest_values": [["34.0%", 5], ["29.7%", 5], ["51.6%", 5], ["31.6%", 5], ["37.5%", 5]], "average_length": 1.444578798871421}]}, {"column_name": "ELA_#L3+L4", "number_non_empty_cells": 2481, "number_empty_cells": 392, "number_distinct_values": 145, "frequent_values": ["s", "40", "30", "46", "41"], "dataTypes": [{"type": "INTEGER (LONG)", "count": 313, "max_value": 1339, "min_value": 15, "mean": 105.5111821086262, "stddev": 135.59680190351855}, {"type": "TEXT", "count": 2168, "shortest_values": [["s", 1], ["s", 1], ["s", 1], ["s", 1], ["s", 1]], "longest_values": [["s", 1], ["s", 1], ["s", 1], ["s", 1], ["s", 1]], "average_length": 1.0}]}, {"column_name": "ELA_%L3+L4", "number_non_empty_cells": 2481, "number_empty_cells": 392, "number_distinct_values": 237, "frequent_values": ["s", "28.3%", "34.8%", "41.5%", "52.9%"], "dataTypes": [{"type": "TEXT", "count": 2481, "shortest_values": [["s", 1], ["s", 1], ["s", 1], ["s", 1], ["s", 1]], "longest_values": [["43.2%", 5], ["44.0%", 5], ["31.7%", 5], ["72.1%", 5], ["65.6%", 5]], "average_length": 1.5046352277307533}]}, {"column_name": "Math_#Test_Takers", "number_non_empty_cells": 2486, "number_empty_cells": 387, "number_distinct_values": 236, "frequent_values": ["s", "6", "7", "10", "9"], "dataTypes": [{"type": "INTEGER (LONG)", "count": 1892, "max_value": 874, "min_value": 6, "mean": 59.15063424947138, "stddev": 90.79285506751184}, {"type": "TEXT", "count": 594, "shortest_values": [["s", 1], ["s", 1], ["s", 1], ["s", 1], ["s", 1]], "longest_values": [["s", 1], ["s", 1], ["s", 1], ["s", 1], ["s", 1]], "average_length": 1.0}]}, {"column_name": "Math_#Level_1", "number_non_empty_cells": 2486, "number_empty_cells": 387, "number_distinct_values": 139, "frequent_values": ["s", "6", "7", "8", "9"], "dataTypes": [{"type": "INTEGER (LONG)", "count": 1585, "max_value": 260, "min_value": 6, "mean": 31.434069400630914, "stddev": 31.894199706570944}, {"type": "TEXT", "count": 901, "shortest_values": [["s", 1], ["s", 1], ["s", 1], ["s", 1], ["s", 1]], "longest_values": [["s", 1], ["s", 1], ["s", 1], ["s", 1], ["s", 1]], "average_length": 1.0}]}, {"column_name": "Math_%Level_1", "number_non_empty_cells": 2486, "number_empty_cells": 387, "number_distinct_values": 524, "frequent_values": ["s", "100.0%", "75.0%", "66.7%", "50.0%"], "dataTypes": [{"type": "TEXT", "count": 2486, "shortest_values": [["s", 1], ["s", 1], ["s", 1], ["s", 1], ["s", 1]], "longest_values": [["100.0%", 6], ["100.0%", 6], ["100.0%", 6], ["100.0%", 6], ["100.0%", 6]], "average_length": 3.5764279967819856}]}, {"column_name": "Math_#Level_2", "number_non_empty_cells": 2486, "number_empty_cells": 387, "number_distinct_values": 129, "frequent_values": ["s", "6", "7", "8", "9"], "dataTypes": [{"type": "INTEGER (LONG)", "count": 1063, "max_value": 354, "min_value": 6, "mean": 32.84101599247414, "stddev": 40.49642716436555}, {"type": "TEXT", "count": 1423, "shortest_values": [["s", 1], ["s", 1], ["s", 1], ["s", 1], ["s", 1]], "longest_values": [["s", 1], ["s", 1], ["s", 1], ["s", 1], ["s", 1]], "average_length": 1.0}]}, {"column_name": "Math_%Level_2", "number_non_empty_cells": 2486, "number_empty_cells": 387, "number_distinct_values": 346, "frequent_values": ["s", "33.3%", "50.0%", "25.0%", "40.0%"], "dataTypes": [{"type": "TEXT", "count": 2486, "shortest_values": [["s", 1], ["s", 1], ["s", 1], ["s", 1], ["s", 1]], "longest_values": [["41.4%", 5], ["36.4%", 5], ["39.6%", 5], ["41.9%", 5], ["42.9%", 5]], "average_length": 2.71037811745776}]}, {"column_name": "Math_#Level_3", "number_non_empty_cells": 2486, "number_empty_cells": 387, "number_distinct_values": 89, "frequent_values": ["s", "16", "13", "25", "7"], "dataTypes": [{"type": "INTEGER (LONG)", "count": 243, "max_value": 225, "min_value": 6, "mean": 39.238683127571996, "stddev": 40.62567030804268}, {"type": "TEXT", "count": 2243, "shortest_values": [["s", 1], ["s", 1], ["s", 1], ["s", 1], ["s", 1]], "longest_values": [["s", 1], ["s", 1], ["s", 1], ["s", 1], ["s", 1]], "average_length": 1.0}]}, {"column_name": "Math_%Level_3", "number_non_empty_cells": 2486, "number_empty_cells": 387, "number_distinct_values": 155, "frequent_values": ["s", "26.0%", "33.3%", "14.0%", "39.1%"], "dataTypes": [{"type": "TEXT", "count": 2486, "shortest_values": [["s", 1], ["s", 1], ["s", 1], ["s", 1], ["s", 1]], "longest_values": [["27.3%", 5], ["28.0%", 5], ["19.1%", 5], ["23.3%", 5], ["33.3%", 5]], "average_length": 1.381737731295254}]}, {"column_name": "Math_#Level_4", "number_non_empty_cells": 2486, "number_empty_cells": 387, "number_distinct_values": 76, "frequent_values": ["s", "6", "9", "8", "10"], "dataTypes": [{"type": "INTEGER (LONG)", "count": 228, "max_value": 707, "min_value": 6, "mean": 36.28947368421052, "stddev": 71.02139826843522}, {"type": "TEXT", "count": 2258, "shortest_values": [["s", 1], ["s", 1], ["s", 1], ["s", 1], ["s", 1]], "longest_values": [["s", 1], ["s", 1], ["s", 1], ["s", 1], ["s", 1]], "average_length": 1.0}]}, {"column_name": "Math_%Level_4", "number_non_empty_cells": 2486, "number_empty_cells": 387, "number_distinct_values": 170, "frequent_values": ["s", "2.3%", "8.0%", "7.8%", "11.1%"], "dataTypes": [{"type": "TEXT", "count": 2486, "shortest_values": [["s", 1], ["s", 1], ["s", 1], ["s", 1], ["s", 1]], "longest_values": [["100.0%", 6], ["48.5%", 5], ["42.9%", 5], ["61.7%", 5], ["43.6%", 5]], "average_length": 1.3254223652453732}]}, {"column_name": "Math_#L3+L4", "number_non_empty_cells": 2486, "number_empty_cells": 387, "number_distinct_values": 101, "frequent_values": ["s", "26", "44", "19", "31"], "dataTypes": [{"type": "INTEGER (LONG)", "count": 215, "max_value": 836, "min_value": 13, "mean": 78.51627906976742, "stddev": 98.10468288904119}, {"type": "TEXT", "count": 2271, "shortest_values": [["s", 1], ["s", 1], ["s", 1], ["s", 1], ["s", 1]], "longest_values": [["s", 1], ["s", 1], ["s", 1], ["s", 1], ["s", 1]], "average_length": 1.0}]}, {"column_name": "Math_%L3+L4", "number_non_empty_cells": 2486, "number_empty_cells": 387, "number_distinct_values": 171, "frequent_values": ["s", "100.0%", "15.8%", "14.6%", "15.5%"], "dataTypes": [{"type": "TEXT", "count": 2486, "shortest_values": [["s", 1], ["s", 1], ["s", 1], ["s", 1], ["s", 1]], "longest_values": [["100.0%", 6], ["100.0%", 6], ["100.0%", 6], ["100.0%", 6], ["100.0%", 6]], "average_length": 1.3463395012067567}]}]}