{"dataset_name": "/user/hm74/NYCOpenData/5694-9szk.tsv.gz", "columns": [{"column_name": "ID", "number_non_empty_cells": 1877, "number_empty_cells": 0, "number_distinct_values": 1877, "frequent_values": [148, 463, 471, 496, 833], "dataTypes": [{"type": "INTEGER (LONG)", "count": 1877, "max_value": 1877, "min_value": 1, "mean": 938.9999999999991, "stddev": 541.8431507364473}]}, {"column_name": "Name_of_Business", "number_non_empty_cells": 1876, "number_empty_cells": 1, "number_distinct_values": 1842, "frequent_values": ["Manasa Yoga", "The Sensuous Bean", "Furry Fiends", "Harlem Shake", "Bagel Boy"], "dataTypes": [{"type": "TEXT", "count": 1877, "shortest_values": [["9J", 2], ["QED", 3], ["Hom", 3], ["Eet", 3], ["Lido", 4]], "longest_values": [["Julian M. Hill, Mobile Notary Public - Loan Closing and Apostille Services", 74], ["Sirat as-Sayf International MMA & Fitness Center, LLC", 53], ["American Environmental Assessment & Solutions, Inc.", 51], ["Occupational Therapy & Social Work Associates, PLLC", 51], ["Word Up: Community Bookshop - Libreria Comunitaria", 50]], "average_length": 17.25412892914222}]}, {"column_name": "Short_Description", "number_non_empty_cells": 1868, "number_empty_cells": 9, "number_distinct_values": 1486, "frequent_values": ["Restaurant", "Coffee Shop", "Deli", "Pharmacy", "Bar"], "dataTypes": [{"type": "TEXT", "count": 1869, "shortest_values": [["Pub", 3], ["Pub", 3], ["gym", 3], ["Bar", 3], ["Bar", 3]], "longest_values": [["\"\"\"Deli selling authentic Punjabi food & chai. Diverse clients ranging from taxi drivers to hipsters\"\"\"", 103], ["\"\"\"Multilingual, general-interest, nonprofit community bookshop/arts space in Washington Heights NYC\"\"\"", 103], ["\"\"\"Caribbean Buffet, assortment of meats, fish, salad bar, juices, signature Caribbean sides & more\"\"\"", 102], ["\"\"\"Retro fast-food joint & Brooklyn landmark for roast beef sandwiches & cheese fries served late\"\"\"", 100], ["Any Video To DVD or File, All Audio Transfers, Photo restorations and Reprints, Hard Drive Recovery", 99]], "average_length": 30.408239700374533}]}, {"column_name": "Address", "number_non_empty_cells": 1877, "number_empty_cells": 0, "number_distinct_values": 1808, "frequent_values": [" ", "333 Hudson Street", "2880 West 12th Street", "80 Westchester Square", "639 5th Avenue"], "dataTypes": [{"type": "TEXT", "count": 1877, "shortest_values": [[" ", 1], [" ", 1], [" ", 1], [" ", 1], ["40 Bowery", 9]], "longest_values": [["2113 Amsterdam Ave (at the corner of 165th Street)", 50], ["492A Port Richmond Ave Port Richmond Avenue", 43], ["476 Fifth Ave In New York Public Library", 40], ["216-01 Horace Harding Expressway Bayside", 40], ["2031 Adam Clayton Powell Blvd. New York", 39]], "average_length": 18.419286094832213}]}, {"column_name": "City", "number_non_empty_cells": 1877, "number_empty_cells": 0, "number_distinct_values": 56, "frequent_values": ["New York", "Brooklyn", "Bronx", "Staten Island", "Astoria"], "dataTypes": [{"type": "TEXT", "count": 1877, "shortest_values": [["Bronx", 5], ["Bronx", 5], ["Bronx", 5], ["Bronx", 5], ["Bronx", 5]], "longest_values": [["Long Island City", 16], ["Long Island City", 16], ["Long Island City", 16], ["Long Island City", 16], ["Long Island City", 16]], "average_length": 8.24400639318062}]}, {"column_name": "State", "number_non_empty_cells": 1877, "number_empty_cells": 0, "number_distinct_values": 1, "frequent_values": ["NY"], "dataTypes": [{"type": "TEXT", "count": 1877, "shortest_values": [["NY", 2], ["NY", 2], ["NY", 2], ["NY", 2], ["NY", 2]], "longest_values": [["NY", 2], ["NY", 2], ["NY", 2], ["NY", 2], ["NY", 2]], "average_length": 2.0}]}, {"column_name": "Postcode", "number_non_empty_cells": 1859, "number_empty_cells": 18, "number_distinct_values": 171, "frequent_values": ["10461", "10013", "10003", "11215", "11209"], "dataTypes": [{"type": "INTEGER (LONG)", "count": 1856, "max_value": 21038, "min_value": 10001, "mean": 10695.61368534482, "stddev": 624.4011208389619}, {"type": "TEXT", "count": 3, "shortest_values": [["11234-5406", 10], ["11101-5901", 10], ["11418-2930", 10]], "longest_values": [["11234-5406", 10], ["11101-5901", 10], ["11418-2930", 10]], "average_length": 10.0}]}, {"column_name": "Phone_Number", "number_non_empty_cells": 1648, "number_empty_cells": 229, "number_distinct_values": 1602, "frequent_values": ["(646) 780-9642", "(718) 233-2700", "(718) 618-7543", "(212) 529-1900", "(212) 979-6045"], "dataTypes": [{"type": "TEXT", "count": 1648, "shortest_values": [["212-226-9254", 12], ["718.499.5623", 12], ["212-722-7850", 12], ["718-356-8446", 12], ["212-227-0021", 12]], "longest_values": [[" (718) 994 -2999", 16], ["(212) 912-0555 ", 15], [" (212) 274-0477", 15], ["(718) 786-8100 ", 15], [" (718) 787-1104", 15]], "average_length": 13.985436893203868}]}, {"column_name": "Which_type_of_business_is_this?", "number_non_empty_cells": 1877, "number_empty_cells": 0, "number_distinct_values": 8, "frequent_values": ["Food and Beverage", "Service", "Retail", "Other", "Food and Beverage, "], "dataTypes": [{"type": "TEXT", "count": 1877, "shortest_values": [["Other", 5], ["Other", 5], ["Other", 5], ["Other", 5], ["Other", 5]], "longest_values": [["Food and Beverage, ", 19], ["Food and Beverage, ", 19], ["Food and Beverage, ", 19], ["Food and Beverage, ", 19], ["Food and Beverage", 17]], "average_length": 11.377197655833797}]}, {"column_name": "Business_Website_or_Other_URL", "number_non_empty_cells": 1474, "number_empty_cells": 403, "number_distinct_values": 1440, "frequent_values": ["http://amysbread.com", "http://www.pinkolive.com", "http://www.manasayoganyc.com/", "http://applied", "http://thenewyorkshavingcompany.com"], "dataTypes": [{"type": "TEXT", "count": 1474, "shortest_values": [["http://None", 11], ["http://form", 11], ["http://applied", 14], ["http://applied", 14], ["http://applied", 14]], "longest_values": [["http://newfrescotortillasbronx.com/food-delivery-TW/authentic-fresco-tortillas-new-york-city.21734.r?QueryStringValue=mg5FJzga75yx0WYghShyXw==", 142], ["http://brooklynheightsdelibk.com/food-delivery-TW/brooklyn-heights-deli-brooklyn.26487.r?QueryStringValue=naBjkh0MsbYIefUaOVwkAg==", 130], ["http://ordergreengourmetnyc.com/food-delivery-TW/green-gourmet-new-york-city.20950.r?QueryStringValue=ijt38nGOHVMjZD76BmSpYw==", 126], ["https://www.facebook.com/profile.php?id=100010210158451&lst=690533888%3A100010210158451%3A1488217989&sk=about", 109], ["https://www.facebook.com/pg/Cafe-Panino-Mucho-Giusto-149577966436/about/?ref=page_internal", 90]], "average_length": 31.886024423337833}]}, {"column_name": "Borough", "number_non_empty_cells": 1796, "number_empty_cells": 81, "number_distinct_values": 6, "frequent_values": ["MANHATTAN", "BROOKLYN ", "QUEENS   ", "BRONX    ", "STATEN IS"], "dataTypes": [{"type": "TEXT", "count": 1796, "shortest_values": [["MANHATTAN", 9], ["MANHATTAN", 9], ["MANHATTAN", 9], ["MANHATTAN", 9], ["BROOKLYN ", 9]], "longest_values": [["MANHATTAN", 9], ["MANHATTAN", 9], ["MANHATTAN", 9], ["MANHATTAN", 9], ["BROOKLYN ", 9]], "average_length": 9.0}]}, {"column_name": "Latitude", "number_non_empty_cells": 1796, "number_empty_cells": 81, "number_distinct_values": 1699, "frequent_values": [40.869429, 40.73279, 40.662942, 40.72703, 40.577347], "dataTypes": [{"type": "REAL", "count": 1796, "max_value": 40.900348, "min_value": 40.51585, "mean": 40.72529068652564, "stddev": 0.06827119857809014}]}, {"column_name": "Longitude", "number_non_empty_cells": 1796, "number_empty_cells": 81, "number_distinct_values": 1702, "frequent_values": [-73.825737, -73.991753, -73.979625, -74.007378, -73.956074], "dataTypes": [{"type": "REAL", "count": 1796, "max_value": -73.701236, "min_value": -74.239072, "mean": -73.95192701837401, "stddev": 0.06826480506043894}]}, {"column_name": "Community_Board", "number_non_empty_cells": 1796, "number_empty_cells": 81, "number_distinct_values": 20, "frequent_values": [2, 1, 10, 3, 6], "dataTypes": [{"type": "INTEGER (LONG)", "count": 1796, "max_value": 83, "min_value": 1, "mean": 5.706013363028951, "stddev": 4.344490344812482}]}, {"column_name": "Council_District", "number_non_empty_cells": 1796, "number_empty_cells": 81, "number_distinct_values": 52, "frequent_values": [3, 1, 2, 13, 34], "dataTypes": [{"type": "INTEGER (LONG)", "count": 1796, "max_value": 51, "min_value": 1, "mean": 21.696547884187062, "stddev": 15.862079885164563}]}, {"column_name": "Census_Tract", "number_non_empty_cells": 1796, "number_empty_cells": 81, "number_distinct_values": 519, "frequent_values": [200, 37, 38, 71, 41], "dataTypes": [{"type": "INTEGER (LONG)", "count": 1796, "max_value": 157901, "min_value": 1, "mean": 4016.817371937646, "stddev": 16149.623025899837}]}, {"column_name": "BIN", "number_non_empty_cells": 1777, "number_empty_cells": 100, "number_distinct_values": 1642, "frequent_values": [2041967, 2097027, 2044129, 2044077, 4000000], "dataTypes": [{"type": "INTEGER (LONG)", "count": 1777, "max_value": 5165490, "min_value": 1000000, "mean": 2508709.126055153, "stddev": 1281624.5026533399}]}, {"column_name": "BBL", "number_non_empty_cells": 1777, "number_empty_cells": 100, "number_distinct_values": 1638, "frequent_values": [2039880037, 2040730001, 2022940002, 2040770034, 4032550033], "dataTypes": [{"type": "INTEGER (LONG)", "count": 1777, "max_value": 5080080014, "min_value": 1000130005, "mean": 2454309885.6651654, "stddev": 1253820789.6264384}]}, {"column_name": "NTA", "number_non_empty_cells": 1796, "number_empty_cells": 81, "number_distinct_values": 167, "frequent_values": ["SoHo-TriBeCa-Civic Center-Little Italy                                     ", "Van Nest-Morris Park-Westchester Square                                    ", "Park Slope-Gowanus                                                         ", "West Village                                                               ", "East Village                                                               "], "dataTypes": [{"type": "TEXT", "count": 1796, "shortest_values": [["Hudson Yards-Chelsea-Flatiron-Union Square                                 ", 75], ["Chinatown                                                                  ", 75], ["East Village                                                               ", 75], ["SoHo-TriBeCa-Civic Center-Little Italy                                     ", 75], ["Sunset Park East                                                           ", 75]], "longest_values": [["Hudson Yards-Chelsea-Flatiron-Union Square                                 ", 75], ["Chinatown                                                                  ", 75], ["East Village                                                               ", 75], ["SoHo-TriBeCa-Civic Center-Little Italy                                     ", 75], ["Sunset Park East                                                           ", 75]], "average_length": 75.0}]}]}