{"dataset_name": "/user/hm74/NYCOpenData/56e3-rp8d.tsv.gz", "columns": [{"column_name": "License Number", "number_non_empty_cells": 30, "number_empty_cells": 0, "number_distinct_values": 30, "frequent_values": ["MF015", "MM009", "MM004", "MP056", "MF008"], "dataTypes": [{"type": "TEXT", "count": 30, "shortest_values": [["MF001", 5], ["MP016", 5], ["MP037", 5], ["MM009", 5], ["MP029", 5]], "longest_values": [["MF001", 5], ["MP016", 5], ["MP037", 5], ["MM009", 5], ["MP029", 5]], "average_length": 5.0}]}, {"column_name": "Name", "number_non_empty_cells": 21, "number_empty_cells": 9, "number_distinct_values": 27, "frequent_values": ["HYBRID AUTO TECH INC", "CMT METERS,LLC", "ATHENA VISION LLC", "TEAM SYSTEMS CORP", "BORO TAXI METER, INC."], "dataTypes": [{"type": "TEXT", "count": 30, "shortest_values": [["CMT METERS,LLC", 14], ["CMT METERS,LLC", 14], ["ANN SERVICE CORP", 16], ["ATHENA VISION LLC", 17], ["GOTHAM YELLOW LLC", 17]], "longest_values": [["AMERICAN TAXIMETERS & COMMUNICATIONS INC", 40], ["521 WEST 21ST ST. MANAGEMENT CORP.", 34], ["PULSAR TECHNOLOGY SYSTEMS INC", 29], ["OLDEE TAXI INSTRUMENTS CORP.", 28], ["FLATCODE COMMUNICATIONS INC.", 28]], "average_length": 21.566666666666663}]}, {"column_name": "Address", "number_non_empty_cells": 29, "number_empty_cells": 1, "number_distinct_values": 29, "frequent_values": ["11-11   34 AVENUE", "415 WEST  127 STREET", "142 WEST   21 STREET", "21-03   44 AVENUE", "12-04   44 AVENUE"], "dataTypes": [{"type": "TEXT", "count": 30, "shortest_values": [["374    4 AVENUE", 15], ["27-20   42 ROAD", 15], ["21-46   44 DRIVE", 16], ["1437   39 STREET", 16], ["465 UTICA AVENUE", 16]], "longest_values": [["3108 NORTHERN BOULEVARD", 23], ["45-16 VERNON BOULEVARD", 22], ["415 WEST  127 STREET", 20], ["27-34 JACKSON AVENUE", 20], ["142 WEST   21 STREET", 20]], "average_length": 18.03333333333333}]}, {"column_name": "City", "number_non_empty_cells": 30, "number_empty_cells": 0, "number_distinct_values": 10, "frequent_values": ["LIC", "BROOKLYN", "BRONX", "NEW YORK", "NY"], "dataTypes": [{"type": "TEXT", "count": 30, "shortest_values": [["NY", 2], ["NY", 2], ["LIC", 3], ["LIC", 3], ["LIC", 3]], "longest_values": [["LONG ISLAND CIT", 15], ["BROOKLYN", 8], ["WOODSIDE", 8], ["NEW YORK", 8], ["BROOKLYN", 8]], "average_length": 4.933333333333334}]}, {"column_name": "State", "number_non_empty_cells": 30, "number_empty_cells": 0, "number_distinct_values": 1, "frequent_values": ["NY"], "dataTypes": [{"type": "TEXT", "count": 30, "shortest_values": [["NY", 2], ["NY", 2], ["NY", 2], ["NY", 2], ["NY", 2]], "longest_values": [["NY", 2], ["NY", 2], ["NY", 2], ["NY", 2], ["NY", 2]], "average_length": 2.0}]}, {"column_name": "Zip", "number_non_empty_cells": 30, "number_empty_cells": 0, "number_distinct_values": 15, "frequent_values": [11101, 10036, 11106, 11215, 10011], "dataTypes": [{"type": "INTEGER (LONG)", "count": 30, "max_value": 11377, "min_value": 10011, "mean": 10882.133333333335, "stddev": 435.79664472728047}]}, {"column_name": "Phone", "number_non_empty_cells": 30, "number_empty_cells": 0, "number_distinct_values": 28, "frequent_values": ["(718)349-7700", "(718)683-8495", "(718)786-5811", "(718)361-9292", "(347)479-0107"], "dataTypes": [{"type": "TEXT", "count": 30, "shortest_values": [["(718)222-4040", 13], ["(929)268-3184", 13], ["(718)472-1800", 13], ["(718)349-7700", 13], ["(212)665-4900", 13]], "longest_values": [["(718)222-4040", 13], ["(929)268-3184", 13], ["(718)472-1800", 13], ["(718)349-7700", 13], ["(212)665-4900", 13]], "average_length": 13.0}]}, {"column_name": "Type", "number_non_empty_cells": 30, "number_empty_cells": 0, "number_distinct_values": 1, "frequent_values": ["METER SHOP"], "dataTypes": [{"type": "TEXT", "count": 30, "shortest_values": [["METER SHOP", 10], ["METER SHOP", 10], ["METER SHOP", 10], ["METER SHOP", 10], ["METER SHOP", 10]], "longest_values": [["METER SHOP", 10], ["METER SHOP", 10], ["METER SHOP", 10], ["METER SHOP", 10], ["METER SHOP", 10]], "average_length": 10.0}]}, {"column_name": "Status", "number_non_empty_cells": 30, "number_empty_cells": 0, "number_distinct_values": 1, "frequent_values": ["CURRENT"], "dataTypes": [{"type": "TEXT", "count": 30, "shortest_values": [["CURRENT", 7], ["CURRENT", 7], ["CURRENT", 7], ["CURRENT", 7], ["CURRENT", 7]], "longest_values": [["CURRENT", 7], ["CURRENT", 7], ["CURRENT", 7], ["CURRENT", 7], ["CURRENT", 7]], "average_length": 7.0}]}, {"column_name": "Date", "number_non_empty_cells": 30, "number_empty_cells": 0, "number_distinct_values": 1, "frequent_values": ["09/21/2019"], "dataTypes": [{"type": "DATE/TIME", "count": 30, "max_value": "2019-09-21T00:00:00", "min_value": "2019-09-21T00:00:00"}]}, {"column_name": "Time", "number_non_empty_cells": 30, "number_empty_cells": 0, "number_distinct_values": 1, "frequent_values": ["06:00"], "dataTypes": [{"type": "DATE/TIME", "count": 30, "max_value": "2019-12-06T06:00:00", "min_value": "2019-12-06T06:00:00"}]}]}