{"dataset_name": "/user/hm74/NYCOpenData/56u5-n9sa.tsv.gz", "columns": [{"column_name": "Borough Number", "number_non_empty_cells": 55, "number_empty_cells": 0, "number_distinct_values": 5, "frequent_values": [1, 3, 5, 4, 2], "dataTypes": [{"type": "INTEGER (LONG)", "count": 55, "max_value": 5, "min_value": 1, "mean": 2.4909090909090907, "stddev": 1.4755304411107986}]}, {"column_name": "Building Name", "number_non_empty_cells": 55, "number_empty_cells": 0, "number_distinct_values": 55, "frequent_values": ["115 Chrystie", "Brooklyn Appellate Court", "130 Stuyvesant", "Brooklyn Family & Supreme Court", "Bedford Armory"], "dataTypes": [{"type": "TEXT", "count": 55, "shortest_values": [["100 Gold", 8], ["345 Adams", 9], ["City Hall", 9], ["DCAS Shops", 10], ["115 Chrystie", 12]], "longest_values": [["Brooklyn Family & Supreme Court", 31], ["Emigrant Savings Bank Building", 30], ["Bronx Family & Criminal Court", 29], ["Manhattan Municipal Building", 28], ["Staten Island Criminal Court", 28]], "average_length": 20.454545454545457}]}, {"column_name": "Building Address", "number_non_empty_cells": 55, "number_empty_cells": 0, "number_distinct_values": 55, "frequent_values": ["60 Lafayette Street", "1 Centre Street", "10 Richmond Terrace", "150 Navy Street", "111 Canal Street"], "dataTypes": [{"type": "TEXT", "count": 55, "shortest_values": [["253 Broadway", 12], ["280 Broadway", 12], ["346 Broadway", 12], ["330 Jay Street", 14], ["City Hall Park", 14]], "longest_values": [["66-26 Metropolitan Avenue", 25], ["25-10 Court House Square", 24], ["120 Schermerhorn Street", 23], ["120-55 Queens Boulevard", 23], ["125-01 Queens Boulevard", 23]], "average_length": 18.181818181818187}]}, {"column_name": "Borough", "number_non_empty_cells": 55, "number_empty_cells": 0, "number_distinct_values": 5, "frequent_values": ["Manhattan", "Brooklyn", "Staten Island", "Queens", "Bronx"], "dataTypes": [{"type": "TEXT", "count": 55, "shortest_values": [["Bronx", 5], ["Bronx", 5], ["Bronx", 5], ["Bronx", 5], ["Bronx", 5]], "longest_values": [["Staten Island", 13], ["Staten Island", 13], ["Staten Island", 13], ["Staten Island", 13], ["Staten Island", 13]], "average_length": 8.490909090909092}]}, {"column_name": "State", "number_non_empty_cells": 55, "number_empty_cells": 0, "number_distinct_values": 1, "frequent_values": ["New York"], "dataTypes": [{"type": "TEXT", "count": 55, "shortest_values": [["New York", 8], ["New York", 8], ["New York", 8], ["New York", 8], ["New York", 8]], "longest_values": [["New York", 8], ["New York", 8], ["New York", 8], ["New York", 8], ["New York", 8]], "average_length": 8.0}]}, {"column_name": "Postcode", "number_non_empty_cells": 55, "number_empty_cells": 0, "number_distinct_values": 23, "frequent_values": [10007, 11201, 10013, 10301, 10451], "dataTypes": [{"type": "INTEGER (LONG)", "count": 55, "max_value": 11435, "min_value": 10002, "mean": 10522.400000000001, "stddev": 546.4336805804774}]}, {"column_name": "Block", "number_non_empty_cells": 55, "number_empty_cells": 0, "number_distinct_values": 48, "frequent_values": [153, 7, 140, 169, 122], "dataTypes": [{"type": "INTEGER (LONG)", "count": 55, "max_value": 10093, "min_value": 6, "mean": 1459.7999999999995, "stddev": 2572.48499880775}]}, {"column_name": "Lot", "number_non_empty_cells": 55, "number_empty_cells": 0, "number_distinct_values": 26, "frequent_values": [1, 22, 17, 6, 9], "dataTypes": [{"type": "INTEGER (LONG)", "count": 55, "max_value": 7503, "min_value": 1, "mean": 423.38181818181806, "stddev": 1700.3339831382762}]}, {"column_name": "Fuel Oil Usage (MMBTU)", "number_non_empty_cells": 55, "number_empty_cells": 0, "number_distinct_values": 23, "frequent_values": [0.0, 36911.136, 1887.426, 2686.722, 17678.628], "dataTypes": [{"type": "REAL", "count": 55, "max_value": 36911.136, "min_value": 0.0, "mean": 2006.4276727272727, "stddev": 5565.046509264479}]}, {"column_name": "Latitude", "number_non_empty_cells": 54, "number_empty_cells": 1, "number_distinct_values": 55, "frequent_values": [40.695822, 40.643004, 40.826354, 40.715447, 40.710353], "dataTypes": [{"type": "REAL", "count": 54, "max_value": 40.89074, "min_value": 40.625509, "mean": 40.717333962962975, "stddev": 0.0571772274925901}]}, {"column_name": "Longitude", "number_non_empty_cells": 54, "number_empty_cells": 1, "number_distinct_values": 55, "frequent_values": [-73.920529, -73.990487, -74.005429, -73.993586, -74.075772], "dataTypes": [{"type": "REAL", "count": 54, "max_value": -73.803261, "min_value": -74.111712, "mean": -73.97726111111112, "stddev": 0.07214101009408774}]}, {"column_name": "Community Board", "number_non_empty_cells": 54, "number_empty_cells": 1, "number_distinct_values": 10, "frequent_values": [1, 2, 4, 12, 9], "dataTypes": [{"type": "INTEGER (LONG)", "count": 54, "max_value": 12, "min_value": 1, "mean": 3.2222222222222223, "stddev": 3.4246744460938756}]}, {"column_name": "Council District", "number_non_empty_cells": 54, "number_empty_cells": 1, "number_distinct_values": 15, "frequent_values": [1, 33, 49, 16, 35], "dataTypes": [{"type": "INTEGER (LONG)", "count": 54, "max_value": 49, "min_value": 1, "mean": 19.537037037037035, "stddev": 17.705108033562226}]}, {"column_name": "Census Tract", "number_non_empty_cells": 54, "number_empty_cells": 1, "number_distinct_values": 30, "frequent_values": [31, 29, 3, 11, 21], "dataTypes": [{"type": "INTEGER (LONG)", "count": 54, "max_value": 61301, "min_value": 3, "mean": 2938.499999999999, "stddev": 10232.733112600157}]}, {"column_name": "BIN", "number_non_empty_cells": 52, "number_empty_cells": 3, "number_distinct_values": 53, "frequent_values": [1005645, 1085748, 5013729, 1079216, 2002869], "dataTypes": [{"type": "INTEGER (LONG)", "count": 52, "max_value": 5151735, "min_value": 1001289, "mean": 2555461.769230769, "stddev": 1523124.3283520832}]}, {"column_name": "BBL", "number_non_empty_cells": 52, "number_empty_cells": 3, "number_distinct_values": 53, "frequent_values": [3002667501, 5000090022, 1001530001, 1001220001, 1001690010], "dataTypes": [{"type": "INTEGER (LONG)", "count": 52, "max_value": 5005420009, "min_value": 1000940025, "mean": 2495781552.961538, "stddev": 1494276459.0704405}]}, {"column_name": "NTA", "number_non_empty_cells": 54, "number_empty_cells": 1, "number_distinct_values": 21, "frequent_values": ["SoHo-TriBeCa-Civic Center-Little Italy                                     ", "DUMBO-Vinegar Hill-Downtown Brooklyn-Boerum Hill                           ", "Chinatown                                                                  ", "West New Brighton-New Brighton-St. George                                  ", "East Concourse-Concourse Village                                           "], "dataTypes": [{"type": "TEXT", "count": 54, "shortest_values": [["Chinatown                                                                  ", 75], ["West New Brighton-New Brighton-St. George                                  ", 75], ["Chinatown                                                                  ", 75], ["Battery Park City-Lower Manhattan                                          ", 75], ["West New Brighton-New Brighton-St. George                                  ", 75]], "longest_values": [["Chinatown                                                                  ", 75], ["West New Brighton-New Brighton-St. George                                  ", 75], ["Chinatown                                                                  ", 75], ["Battery Park City-Lower Manhattan                                          ", 75], ["West New Brighton-New Brighton-St. George                                  ", 75]], "average_length": 75.0}]}]}