{"dataset_name": "/user/hm74/NYCOpenData/56u9-ryj4.tsv.gz", "columns": [{"column_name": "PROGRAM_TYPE", "number_non_empty_cells": 193, "number_empty_cells": 0, "number_distinct_values": 110, "frequent_values": ["Jobs & Internships", "Brooklyn, NEW YORK 11232", "Brooklyn, NEW YORK 11222", "Brooklyn, NEW YORK 11203", "New York, NEW YORK 10035"], "dataTypes": [{"type": "TEXT", "count": 193, "shortest_values": [["NEW YORK 10304", 14], ["NEW YORK 10301", 14], ["NEW YORK 10310", 14], ["Jobs & Internships", 18], ["Jobs & Internships", 18]], "longest_values": [["(40.728164407262, -73.792268173937)\"", 36], ["(40.641582326676, -74.085356500747)\"", 36], ["(40.724266481648, -73.957683348145)\"", 36], ["(40.622148795416, -74.078376875268)\"", 36], ["(40.831694143639, -73.916041046959)\"", 36]], "average_length": 25.40932642487046}]}, {"column_name": "PROGRAM", "number_non_empty_cells": 129, "number_empty_cells": 64, "number_distinct_values": 66, "frequent_values": ["In-School Youth Employment (ISY)", "3000 E. Tremont Avenue", "136-18 39th Avenue", "244 East 163rd Street", "62-04 Myrtle Avenue"], "dataTypes": [{"type": "TEXT", "count": 129, "shortest_values": [["221 Broadway", 12], ["4271 Broadway", 13], ["309 47 Street", 13], ["121 6th Avenue", 14], ["345 43rd Street", 15]], "longest_values": [["In-School Youth Employment (ISY)", 32], ["In-School Youth Employment (ISY)", 32], ["In-School Youth Employment (ISY)", 32], ["In-School Youth Employment (ISY)", 32], ["In-School Youth Employment (ISY)", 32]], "average_length": 25.434108527131773}]}, {"column_name": "SITE_NAME", "number_non_empty_cells": 128, "number_empty_cells": 65, "number_distinct_values": 113, "frequent_values": ["11203", "11232", "11222", "11385", "Children's Arts & Science Workshops, Inc."], "dataTypes": [{"type": "INTEGER (LONG)", "count": 64, "max_value": 11691, "min_value": 10002, "mean": 10836.734375000002, "stddev": 527.8104608364245}, {"type": "TEXT", "count": 65, "shortest_values": [["P.S. 138", 8], ["Foster-Laurie", 13], ["City As School", 14], ["Beth Chana, Ltd", 15], ["Middle School 2", 15]], "longest_values": [["Italian American Civil Rights League (Italian American Civil", 60], ["Public School 14 - Cornelius Vanderbilt Elementary School", 57], ["Hellenic American Neighborhood Action Committee (HANAC)", 55], ["Intermediate School 72 - Catherine & Count Basie School", 55], ["The International High School @ Prospect Heights (K524)", 55]], "average_length": 38.32307692307694}]}, {"column_name": "BOROUGH", "number_non_empty_cells": 129, "number_empty_cells": 64, "number_distinct_values": 70, "frequent_values": ["Brooklyn", "Queens", "New York", "Bronx", "Staten Island"], "dataTypes": [{"type": "REAL", "count": 64, "max_value": 40.878889, "min_value": 40.573177, "mean": 40.728623296875, "stddev": 0.07820063437216243}, {"type": "TEXT", "count": 65, "shortest_values": [["Bronx", 5], ["Bronx", 5], ["Bronx", 5], ["Bronx", 5], ["Bronx", 5]], "longest_values": [["Staten Island", 13], ["Staten Island", 13], ["Staten Island", 13], ["Brooklyn", 8], ["New York", 8]], "average_length": 7.184615384615384}]}, {"column_name": "AGENCY", "number_non_empty_cells": 128, "number_empty_cells": 65, "number_distinct_values": 105, "frequent_values": ["Police Athletic League, Inc.", "Chinese American Planning Council", "SCO Family of Services", "Research Foundation of CUNY on behalf of Medgar Evers College", "Henkels & McCoy, Inc."], "dataTypes": [{"type": "REAL", "count": 64, "max_value": -73.752262, "min_value": -74.117509, "mean": -73.927272390625, "stddev": 0.07657693187218206}, {"type": "TEXT", "count": 65, "shortest_values": [["New Spirit II, Inc.", 19], ["Henkels & McCoy, Inc.", 21], ["Henkels & McCoy, Inc.", 21], ["Henkels & McCoy, Inc.", 21], ["SCO Family of Services", 22]], "longest_values": [["Research Foundation of CUNY on behalf of Medgar Evers College", 61], ["Research Foundation of CUNY on behalf of Medgar Evers College", 61], ["Research Foundation of CUNY on behalf of Medgar Evers College", 61], ["Italian American Civil Rights League (Italian American Civil", 60], ["Italian American Civil Rights League (Italian American Civil", 60]], "average_length": 36.87692307692308}]}, {"column_name": "Contact_Number", "number_non_empty_cells": 129, "number_empty_cells": 64, "number_distinct_values": 55, "frequent_values": ["1", "7", "12", "5", "2"], "dataTypes": [{"type": "INTEGER (LONG)", "count": 64, "max_value": 17, "min_value": 1, "mean": 6.718750000000002, "stddev": 4.501627309929155}, {"type": "TEXT", "count": 65, "shortest_values": [["718.589.1510", 12], ["718.636.6931", 12], ["800.622.5577", 12], ["718.651.7770", 12], ["212.941.0920", 12]], "longest_values": [["718.589.1510", 12], ["718.636.6931", 12], ["800.622.5577", 12], ["718.651.7770", 12], ["212.941.0920", 12]], "average_length": 12.0}]}, {"column_name": "Grade_Level_/_Age_Group_", "number_non_empty_cells": 129, "number_empty_cells": 64, "number_distinct_values": 36, "frequent_values": ["High School", "38", "26", "28", "16"], "dataTypes": [{"type": "INTEGER (LONG)", "count": 64, "max_value": 50, "min_value": 1, "mean": 26.015625000000004, "stddev": 13.842294999723672}, {"type": "TEXT", "count": 65, "shortest_values": [["High School", 11], ["High School", 11], ["High School", 11], ["High School", 11], ["High School", 11]], "longest_values": [["High School", 11], ["High School", 11], ["High School", 11], ["High School", 11], ["High School", 11]], "average_length": 11.0}]}, {"column_name": "Location_1", "number_non_empty_cells": 128, "number_empty_cells": 65, "number_distinct_values": 123, "frequent_values": ["105804", "16", "179", "856", "82"], "dataTypes": [{"type": "INTEGER (LONG)", "count": 64, "max_value": 105804, "min_value": 9, "mean": 7374.968749999999, "stddev": 22708.348885905893}, {"type": "TEXT", "count": 64, "shortest_values": [["1130 Grand", 10], ["1125 Grand", 10], ["4271 Broadway", 13], ["309 47 Street", 13], ["121 6th Avenue", 14]], "longest_values": [["100 Tompkins Avenue Staten Island", 33], ["715 Ocean Terrace Staten Island", 31], ["133 25 Guy R Brewer Boulevard", 29], ["116 25 Guy R Brewer Boulevard", 29], ["221 Broadway Staten Island", 26]], "average_length": 18.234374999999996}]}, {"column_name": "Number_and_Street_Address", "number_non_empty_cells": 65, "number_empty_cells": 128, "number_distinct_values": 66, "frequent_values": ["4113172", "3387654", "3029686", "2099787", "3011821"], "dataTypes": [{"type": "INTEGER (LONG)", "count": 64, "max_value": 5113169, "min_value": 1003737, "mean": 2943221.46875, "stddev": 1246715.5091198375}, {"type": "TEXT", "count": 1, "shortest_values": [["977 Fox Street, Bronx, NY 10459", 31]], "longest_values": [["977 Fox Street, Bronx, NY 10459", 31]], "average_length": 31.0}]}, {"column_name": "Postcode", "number_non_empty_cells": 65, "number_empty_cells": 128, "number_distinct_values": 66, "frequent_values": [3018620014, 1016470001, 3009230009, 4155590012, 3026130001], "dataTypes": [{"type": "INTEGER (LONG)", "count": 65, "max_value": 5006830001, "min_value": 10459, "mean": 2785590266.0923085, "stddev": 1237739424.2779746}]}, {"column_name": "Latitude", "number_non_empty_cells": 65, "number_empty_cells": 128, "number_distinct_values": 53, "frequent_values": ["Sunset Park West                                                           ", "Marble Hill-Inwood                                                         ", "East Harlem North                                                          ", "Greenpoint                                                                 ", "East Flatbush-Farragut                                                     "], "dataTypes": [{"type": "REAL", "count": 1, "max_value": 40.822443, "min_value": 40.822443, "mean": 40.822443, "stddev": 0.0}, {"type": "TEXT", "count": 64, "shortest_values": [["Crown Heights North                                                        ", 75], ["Marble Hill-Inwood                                                         ", 75], ["Kew Gardens Hills                                                          ", 75], ["Chinatown                                                                  ", 75], ["West New Brighton-New Brighton-St. George                                  ", 75]], "longest_values": [["Crown Heights North                                                        ", 75], ["Marble Hill-Inwood                                                         ", 75], ["Kew Gardens Hills                                                          ", 75], ["Chinatown                                                                  ", 75], ["West New Brighton-New Brighton-St. George                                  ", 75]], "average_length": 75.0}]}, {"column_name": "Longitude", "number_non_empty_cells": 1, "number_empty_cells": 192, "number_distinct_values": 2, "frequent_values": [-73.893902, null], "dataTypes": [{"type": "REAL", "count": 1, "max_value": -73.893902, "min_value": -73.893902, "mean": -73.893902, "stddev": 0.0}]}, {"column_name": "Community_Board", "number_non_empty_cells": 1, "number_empty_cells": 192, "number_distinct_values": 2, "frequent_values": [2, null], "dataTypes": [{"type": "INTEGER (LONG)", "count": 1, "max_value": 2, "min_value": 2, "mean": 2.0, "stddev": 0.0}]}, {"column_name": "Council_District", "number_non_empty_cells": 1, "number_empty_cells": 192, "number_distinct_values": 2, "frequent_values": [17, null], "dataTypes": [{"type": "INTEGER (LONG)", "count": 1, "max_value": 17, "min_value": 17, "mean": 17.0, "stddev": 0.0}]}, {"column_name": "Census_Tract", "number_non_empty_cells": 1, "number_empty_cells": 192, "number_distinct_values": 2, "frequent_values": [159, null], "dataTypes": [{"type": "INTEGER (LONG)", "count": 1, "max_value": 159, "min_value": 159, "mean": 159.0, "stddev": 0.0}]}, {"column_name": "BIN", "number_non_empty_cells": 1, "number_empty_cells": 192, "number_distinct_values": 2, "frequent_values": [2005660, null], "dataTypes": [{"type": "INTEGER (LONG)", "count": 1, "max_value": 2005660, "min_value": 2005660, "mean": 2005660.0, "stddev": 0.0}]}, {"column_name": "BBL", "number_non_empty_cells": 1, "number_empty_cells": 192, "number_distinct_values": 2, "frequent_values": [2027140004, null], "dataTypes": [{"type": "INTEGER (LONG)", "count": 1, "max_value": 2027140004, "min_value": 2027140004, "mean": 2027140004.0, "stddev": 0.0}]}, {"column_name": "NTA", "number_non_empty_cells": 1, "number_empty_cells": 192, "number_distinct_values": 2, "frequent_values": ["Hunts Point                                                                ", null], "dataTypes": [{"type": "TEXT", "count": 1, "shortest_values": [["Hunts Point                                                                ", 75]], "longest_values": [["Hunts Point                                                                ", 75]], "average_length": 75.0}]}]}