{"dataset_name": "/user/hm74/NYCOpenData/5a8g-vpdd.tsv.gz", "columns": [{"column_name": "DBN", "number_non_empty_cells": 1784, "number_empty_cells": 0, "number_distinct_values": 1784, "frequent_values": ["02M042", "02M529", "08X093", "84X538", "01M064"], "dataTypes": [{"type": "DATE/TIME", "count": 35, "max_value": "2019-12-07T00:06:52", "min_value": "2019-12-07T00:01:15"}, {"type": "TEXT", "count": 1749, "shortest_values": [["01M063", 6], ["01M064", 6], ["01M110", 6], ["01M134", 6], ["01M137", 6]], "longest_values": [["01M063", 6], ["01M064", 6], ["01M110", 6], ["01M134", 6], ["01M137", 6]], "average_length": 6.0}]}, {"column_name": "School_Name", "number_non_empty_cells": 1781, "number_empty_cells": 3, "number_distinct_values": 1782, "frequent_values": ["P.S. 253", "P.S. 212", "P.S. 185 Walter Kassenbrock", "M.S. 302 Luisa Dessus Cruz", "P.S. 152 Gwendoline N. Alleyne School"], "dataTypes": [{"type": "TEXT", "count": 1784, "shortest_values": [["Kappa", 5], ["PS 78", 5], ["PS 536", 6], ["PS 110", 6], ["PS 354", 6]], "longest_values": [["NYC Charter High School for Architecture, Engineering and Construction Industries (AECI)", 88], ["English Language Learners and International Support Preparatory Academy (ELLIS)", 79], ["Science Skills Center High School for Science, Technology and the Creative Arts", 79], ["Academy for College Preparation and Career Exploration: A College Board School", 78], ["Knowledge and Power Preparatory Academy International High School (Kappa)", 73]], "average_length": 29.69730941704038}]}, {"column_name": "Total_Parent_Response_Rate", "number_non_empty_cells": 1784, "number_empty_cells": 0, "number_distinct_values": 101, "frequent_values": ["100", "67", "56", "84", "40"], "dataTypes": [{"type": "INTEGER (LONG)", "count": 1781, "max_value": 100, "min_value": 1, "mean": 55.58450308815268, "stddev": 24.790266019620358}, {"type": "TEXT", "count": 3, "shortest_values": [[" ", 1], [" ", 1], [" ", 1]], "longest_values": [[" ", 1], [" ", 1], [" ", 1]], "average_length": 1.0}]}, {"column_name": "Total_Teacher_Response_Rate", "number_non_empty_cells": 1784, "number_empty_cells": 0, "number_distinct_values": 83, "frequent_values": ["100", "97", "89", "96", "93"], "dataTypes": [{"type": "INTEGER (LONG)", "count": 1783, "max_value": 100, "min_value": 4, "mean": 83.3667975322489, "stddev": 16.59210284576952}, {"type": "TEXT", "count": 1, "shortest_values": [[" ", 1]], "longest_values": [[" ", 1]], "average_length": 1.0}]}, {"column_name": "Total_Student_Response_Rate", "number_non_empty_cells": 1783, "number_empty_cells": 1, "number_distinct_values": 82, "frequent_values": [" ", "97", "96", "99", "94"], "dataTypes": [{"type": "INTEGER (LONG)", "count": 1063, "max_value": 100, "min_value": 2, "mean": 83.86453433678265, "stddev": 16.51045146183643}, {"type": "TEXT", "count": 720, "shortest_values": [[" ", 1], [" ", 1], [" ", 1], [" ", 1], [" ", 1]], "longest_values": [[" ", 1], [" ", 1], [" ", 1], [" ", 1], [" ", 1]], "average_length": 1.0}]}, {"column_name": "Percent_Satisfaction:Instructional_Core", "number_non_empty_cells": 1784, "number_empty_cells": 0, "number_distinct_values": 37, "frequent_values": [0.93, 0.95, 0.92, 0.91, 0.96], "dataTypes": [{"type": "REAL", "count": 1784, "max_value": 1.0, "min_value": 0.58, "mean": 0.9010257847533627, "stddev": 0.057005933596348875}]}, {"column_name": "Percent_Satisfaction:Systems_for_Improvement", "number_non_empty_cells": 1784, "number_empty_cells": 0, "number_distinct_values": 40, "frequent_values": [0.88, 0.89, 0.92, 0.91, 0.93], "dataTypes": [{"type": "REAL", "count": 1784, "max_value": 1.0, "min_value": 0.55, "mean": 0.8739517937219736, "stddev": 0.06565741983427135}]}, {"column_name": "Percent_Satisfaction:_School_Culture", "number_non_empty_cells": 1784, "number_empty_cells": 0, "number_distinct_values": 37, "frequent_values": [0.92, 0.95, 0.94, 0.93, 0.88], "dataTypes": [{"type": "REAL", "count": 1784, "max_value": 0.99, "min_value": 0.61, "mean": 0.8855381165919288, "stddev": 0.0599723563377652}]}]}