{"dataset_name": "/user/hm74/NYCOpenData/5brf-q9de.tsv.gz", "columns": [{"column_name": "DBN", "number_non_empty_cells": 1644, "number_empty_cells": 0, "number_distinct_values": 1644, "frequent_values": ["02M042", "02M529", "08X093", "01M064", "01M539"], "dataTypes": [{"type": "DATE/TIME", "count": 34, "max_value": "2019-12-08T00:06:52", "min_value": "2019-12-08T00:01:15"}, {"type": "TEXT", "count": 1610, "shortest_values": [["01M063", 6], ["01M064", 6], ["01M110", 6], ["01M134", 6], ["01M137", 6]], "longest_values": [["01M063", 6], ["01M064", 6], ["01M110", 6], ["01M134", 6], ["01M137", 6]], "average_length": 6.0}]}, {"column_name": "Location_Name", "number_non_empty_cells": 1540, "number_empty_cells": 104, "number_distinct_values": 1644, "frequent_values": ["02M303 - FACING HISTORY SCHOOL  THE", "17K568 - BROWNSVILLE ACADEMY HIGH SCHOOL", "23K647 - METROPOLITAN DIPLOMA PLUS HIGH SCHOOL", "25Q120 - P.S. 120 QUEENS", "97X012 - P.S. X012 LEWIS AND CLARK SCHOOL"], "dataTypes": [{"type": "TEXT", "count": 1644, "shortest_values": [["09X215 - KAPPA", 14], ["02M089 - P.S. 89", 16], ["06M314 - MUSCOTA", 16], ["18K066 - P.S. 66", 16], ["23K518 - KAPPA V", 16]], "longest_values": [["30Q222 - P.S. Q222 - FIRE FIGHTER CHRISTOPHER A. SANTORA SCHOOL", 63], ["16K636 - YOUNG SCHOLARS' ACADEMY FOR DISCOVERY AND EXPLORATION", 62], ["01M345 - COLLABORATIVE ACADEMY OF SCIENCE  TECHNOLOGY  & LA", 59], ["01M539 - NEW EXPLORATIONS INTO SCIENCE  TECHNOLOGY AND MATH", 59], ["02M047 - 47 THE AMERICAN SIGN LANGUAGE AND ENGLISH SECONDAR", 59]], "average_length": 37.03527980535276}]}, {"column_name": "Location_Type", "number_non_empty_cells": 1644, "number_empty_cells": 0, "number_distinct_values": 15, "frequent_values": ["ELEMENTARY                         ", "HIGH SCHOOL                        ", "JUNIOR HIGH-INTERMEDIATE-MIDDLE    ", "K-8                                ", "SECONDARY SCHOOL                   "], "dataTypes": [{"type": "TEXT", "count": 1644, "shortest_values": [["K-8", 3], ["ELEMENTARY", 10], ["ELEMENTARY", 10], ["ELEMENTARY", 10], ["ELEMENTARY", 10]], "longest_values": [["ELEMENTARY                         ", 35], ["ELEMENTARY                         ", 35], ["ELEMENTARY                         ", 35], ["K-8                                ", 35], ["ELEMENTARY                         ", 35]], "average_length": 34.3339416058394}]}, {"column_name": "Total_SW_&_GC", "number_non_empty_cells": 1644, "number_empty_cells": 0, "number_distinct_values": 72, "frequent_values": [2.0, 1.0, 3.0, 4.0, 5.0], "dataTypes": [{"type": "REAL", "count": 1644, "max_value": 58.2, "min_value": 0.0, "mean": 2.4584124087591253, "stddev": 2.711109652014739}]}, {"column_name": "Total_GC", "number_non_empty_cells": 1644, "number_empty_cells": 0, "number_distinct_values": 54, "frequent_values": [1.0, 2.0, 3.0, 0.0, 0.6], "dataTypes": [{"type": "REAL", "count": 1644, "max_value": 38.0, "min_value": 0.0, "mean": 1.7333333333333347, "stddev": 2.1154665256744183}]}, {"column_name": "Full_Time", "number_non_empty_cells": 1644, "number_empty_cells": 0, "number_distinct_values": 20, "frequent_values": ["1", "2", "No Data", "3", "4"], "dataTypes": [{"type": "INTEGER (LONG)", "count": 1374, "max_value": 38, "min_value": 1, "mean": 1.9956331877729259, "stddev": 2.195001234963103}, {"type": "TEXT", "count": 270, "shortest_values": [["No Data", 7], ["No Data", 7], ["No Data", 7], ["No Data", 7], ["No Data", 7]], "longest_values": [["No Data", 7], ["No Data", 7], ["No Data", 7], ["No Data", 7], ["No Data", 7]], "average_length": 7.0}]}, {"column_name": "Part_Time", "number_non_empty_cells": 1644, "number_empty_cells": 0, "number_distinct_values": 20, "frequent_values": ["No Data", "0.4", "0.6", "0.2", "0.8"], "dataTypes": [{"type": "INTEGER (LONG)", "count": 5, "max_value": 1, "min_value": 1, "mean": 1.0, "stddev": 0.0}, {"type": "REAL", "count": 207, "max_value": 0.9, "min_value": 0.1, "mean": 0.4956521739130434, "stddev": 0.16852997492127306}, {"type": "TEXT", "count": 1432, "shortest_values": [["No Data", 7], ["No Data", 7], ["No Data", 7], ["No Data", 7], ["No Data", 7]], "longest_values": [["No Data", 7], ["No Data", 7], ["No Data", 7], ["No Data", 7], ["No Data", 7]], "average_length": 7.0}]}, {"column_name": "Bilingual", "number_non_empty_cells": 1644, "number_empty_cells": 0, "number_distinct_values": 7, "frequent_values": ["No Data", "1", "2", "3", "4"], "dataTypes": [{"type": "INTEGER (LONG)", "count": 261, "max_value": 4, "min_value": 1, "mean": 1.2452107279693485, "stddev": 0.5750446040003256}, {"type": "REAL", "count": 4, "max_value": 0.6, "min_value": 0.4, "mean": 0.5, "stddev": 0.09999999999999998}, {"type": "TEXT", "count": 1379, "shortest_values": [["No Data", 7], ["No Data", 7], ["No Data", 7], ["No Data", 7], ["No Data", 7]], "longest_values": [["No Data", 7], ["No Data", 7], ["No Data", 7], ["No Data", 7], ["No Data", 7]], "average_length": 7.0}]}, {"column_name": "Serving_more_than_one_location", "number_non_empty_cells": 1644, "number_empty_cells": 0, "number_distinct_values": 17, "frequent_values": ["No Data", "0.4", "0.6", "0.2", "0.5"], "dataTypes": [{"type": "REAL", "count": 127, "max_value": 0.9, "min_value": 0.16, "mean": 0.47244094488188976, "stddev": 0.1594958421961129}, {"type": "TEXT", "count": 1517, "shortest_values": [["No Data", 7], ["No Data", 7], ["No Data", 7], ["No Data", 7], ["No Data", 7]], "longest_values": [["No Data", 7], ["No Data", 7], ["No Data", 7], ["No Data", 7], ["No Data", 7]], "average_length": 7.0}]}, {"column_name": "ATR", "number_non_empty_cells": 1644, "number_empty_cells": 0, "number_distinct_values": 3, "frequent_values": ["No Data", "1", "2"], "dataTypes": [{"type": "INTEGER (LONG)", "count": 29, "max_value": 2, "min_value": 1, "mean": 1.0344827586206897, "stddev": 0.18246560765962694}, {"type": "TEXT", "count": 1615, "shortest_values": [["No Data", 7], ["No Data", 7], ["No Data", 7], ["No Data", 7], ["No Data", 7]], "longest_values": [["No Data", 7], ["No Data", 7], ["No Data", 7], ["No Data", 7], ["No Data", 7]], "average_length": 7.0}]}, {"column_name": "SY2014-15_Enrollment", "number_non_empty_cells": 1644, "number_empty_cells": 0, "number_distinct_values": 873, "frequent_values": ["428", "487", "358", "520", "368"], "dataTypes": [{"type": "INTEGER (LONG)", "count": 1638, "max_value": 5447, "min_value": 12, "mean": 603.8424908424907, "stddev": 498.8076058902048}, {"type": "TEXT", "count": 6, "shortest_values": [["No Data", 7], ["No Data", 7], ["No Data", 7], ["No Data", 7], ["No Data", 7]], "longest_values": [["No Data", 7], ["No Data", 7], ["No Data", 7], ["No Data", 7], ["No Data", 7]], "average_length": 7.0}]}, {"column_name": "Ratio_GC_&_SW", "number_non_empty_cells": 1644, "number_empty_cells": 0, "number_distinct_values": 555, "frequent_values": ["No Data", "177", "208", "279", "169"], "dataTypes": [{"type": "INTEGER (LONG)", "count": 1598, "max_value": 1385, "min_value": 0, "mean": 280.1401752190238, "stddev": 173.30010901670215}, {"type": "TEXT", "count": 46, "shortest_values": [["No Data", 7], ["No Data", 7], ["No Data", 7], ["No Data", 7], ["No Data", 7]], "longest_values": [["No Data", 7], ["No Data", 7], ["No Data", 7], ["No Data", 7], ["No Data", 7]], "average_length": 7.0}]}, {"column_name": "Ratio_GC_Only", "number_non_empty_cells": 1644, "number_empty_cells": 0, "number_distinct_values": 676, "frequent_values": ["No Data", "169", "283", "177", "208"], "dataTypes": [{"type": "INTEGER (LONG)", "count": 1514, "max_value": 1409, "min_value": 0, "mean": 387.2113606340821, "stddev": 244.25473196017836}, {"type": "TEXT", "count": 130, "shortest_values": [["No Data", 7], ["No Data", 7], ["No Data", 7], ["No Data", 7], ["No Data", 7]], "longest_values": [["No Data", 7], ["No Data", 7], ["No Data", 7], ["No Data", 7], ["No Data", 7]], "average_length": 7.0}]}]}