{"dataset_name": "/user/hm74/NYCOpenData/5c4s-jwtq.tsv.gz", "columns": [{"column_name": "Month", "number_non_empty_cells": 124, "number_empty_cells": 0, "number_distinct_values": 124, "frequent_values": ["01/01/2017 12:00:00 AM", "11/01/2015 12:00:00 AM", "02/01/2019 12:00:00 AM", "12/01/2018 12:00:00 AM", "12/01/2015 12:00:00 AM"], "dataTypes": [{"type": "DATE/TIME", "count": 124, "max_value": "2019-04-01T00:00:00", "min_value": "2009-01-01T00:00:00"}]}, {"column_name": "Total SNAP Recipients", "number_non_empty_cells": 124, "number_empty_cells": 0, "number_distinct_values": 124, "frequent_values": [1635635, 1682555, 1693156, 1769583, 1815175], "dataTypes": [{"type": "INTEGER (LONG)", "count": 124, "max_value": 1906610, "min_value": 1366942, "mean": 1714469.0564516124, "stddev": 111253.02121169871}]}]}