{"dataset_name": "/user/hm74/NYCOpenData/5c5x-3qz9.tsv.gz", "columns": [{"column_name": "Borough", "number_non_empty_cells": 490, "number_empty_cells": 0, "number_distinct_values": 5, "frequent_values": ["QUEENS", "BROOKLYN", "BRONX", "MANHATTAN", "STATEN ISLAND"], "dataTypes": [{"type": "TEXT", "count": 490, "shortest_values": [["BRONX", 5], ["BRONX", 5], ["BRONX", 5], ["BRONX", 5], ["BRONX", 5]], "longest_values": [["STATEN ISLAND", 13], ["STATEN ISLAND", 13], ["STATEN ISLAND", 13], ["STATEN ISLAND", 13], ["STATEN ISLAND", 13]], "average_length": 8.199999999999998}]}, {"column_name": "Grade", "number_non_empty_cells": 490, "number_empty_cells": 0, "number_distinct_values": 7, "frequent_values": ["7", "3", "8", "5", "6"], "dataTypes": [{"type": "INTEGER (LONG)", "count": 420, "max_value": 8, "min_value": 3, "mean": 5.5, "stddev": 1.707825127659933}, {"type": "TEXT", "count": 70, "shortest_values": [["All Grades", 10], ["All Grades", 10], ["All Grades", 10], ["All Grades", 10], ["All Grades", 10]], "longest_values": [["All Grades", 10], ["All Grades", 10], ["All Grades", 10], ["All Grades", 10], ["All Grades", 10]], "average_length": 10.0}]}, {"column_name": "Year", "number_non_empty_cells": 490, "number_empty_cells": 0, "number_distinct_values": 7, "frequent_values": [2007, 2006, 2012, 2009, 2010], "dataTypes": [{"type": "INTEGER (LONG)", "count": 490, "max_value": 2012, "min_value": 2006, "mean": 2008.9999999999998, "stddev": 2.0000000000000036}]}, {"column_name": "Demographic", "number_non_empty_cells": 490, "number_empty_cells": 0, "number_distinct_values": 2, "frequent_values": ["ELL", "EP"], "dataTypes": [{"type": "TEXT", "count": 490, "shortest_values": [["EP", 2], ["EP", 2], ["EP", 2], ["EP", 2], ["EP", 2]], "longest_values": [["ELL", 3], ["ELL", 3], ["ELL", 3], ["ELL", 3], ["ELL", 3]], "average_length": 2.5}]}, {"column_name": "Number_Tested", "number_non_empty_cells": 490, "number_empty_cells": 0, "number_distinct_values": 478, "frequent_values": [164, 2609, 2455, 1522, 4043], "dataTypes": [{"type": "INTEGER (LONG)", "count": 490, "max_value": 124108, "min_value": 145, "mean": 12245.734693877535, "stddev": 20350.86481798296}]}, {"column_name": "Mean_Scale_Score", "number_non_empty_cells": 490, "number_empty_cells": 0, "number_distinct_values": 84, "frequent_values": [657, 651, 679, 661, 681], "dataTypes": [{"type": "INTEGER (LONG)", "count": 490, "max_value": 700, "min_value": 609, "mean": 665.2265306122439, "stddev": 19.076315858646844}]}, {"column_name": "Num_Level_1", "number_non_empty_cells": 490, "number_empty_cells": 0, "number_distinct_values": 421, "frequent_values": [216, 403, 45, 296, 56], "dataTypes": [{"type": "INTEGER (LONG)", "count": 490, "max_value": 17272, "min_value": 8, "mean": 1139.3102040816339, "stddev": 1850.5228300644544}]}, {"column_name": "Pct_Level_1", "number_non_empty_cells": 490, "number_empty_cells": 0, "number_distinct_values": 254, "frequent_values": [4.6, 5.5, 3.8, 3.4, 6.1], "dataTypes": [{"type": "REAL", "count": 490, "max_value": 50.9, "min_value": 0.7, "mean": 13.781428571428572, "stddev": 9.915677238698366}]}, {"column_name": "Num_Level_2", "number_non_empty_cells": 490, "number_empty_cells": 0, "number_distinct_values": 458, "frequent_values": [85, 649, 947, 879, 78], "dataTypes": [{"type": "INTEGER (LONG)", "count": 490, "max_value": 39622, "min_value": 43, "mean": 3239.8693877551036, "stddev": 5396.128885247808}]}, {"column_name": "Pct_Level_2", "number_non_empty_cells": 490, "number_empty_cells": 0, "number_distinct_values": 290, "frequent_values": [41.8, 31.8, 9.3, 44.1, 32.7], "dataTypes": [{"type": "REAL", "count": 490, "max_value": 55.4, "min_value": 4.2, "mean": 30.695306122448986, "stddev": 11.66866895195723}]}, {"column_name": "Num_Level_3", "number_non_empty_cells": 490, "number_empty_cells": 0, "number_distinct_values": 465, "frequent_values": [2069, 509, 2294, 961, 28], "dataTypes": [{"type": "INTEGER (LONG)", "count": 490, "max_value": 64874, "min_value": 26, "mean": 5275.130612244894, "stddev": 9210.065993209113}]}, {"column_name": "Pct_Level_3", "number_non_empty_cells": 490, "number_empty_cells": 0, "number_distinct_values": 302, "frequent_values": [32.8, 31.6, 52.4, 35.6, 32.3], "dataTypes": [{"type": "REAL", "count": 490, "max_value": 76.7, "min_value": 12.3, "mean": 40.09530612244896, "stddev": 12.830305260185911}]}, {"column_name": "Num_Level_4", "number_non_empty_cells": 490, "number_empty_cells": 0, "number_distinct_values": 430, "frequent_values": [6, 4, 37, 78, 7], "dataTypes": [{"type": "INTEGER (LONG)", "count": 490, "max_value": 36919, "min_value": 0, "mean": 2591.424489795918, "stddev": 5188.192527406926}]}, {"column_name": "Pct_Level_4", "number_non_empty_cells": 490, "number_empty_cells": 0, "number_distinct_values": 261, "frequent_values": [4.0, 4.9, 29.0, 6.5, 8.5], "dataTypes": [{"type": "REAL", "count": 490, "max_value": 45.5, "min_value": 0.0, "mean": 15.426326530612247, "stddev": 11.085877243625092}]}, {"column_name": "Num_Level_3_and_4", "number_non_empty_cells": 490, "number_empty_cells": 0, "number_distinct_values": 470, "frequent_values": [93, 772, 11975, 1352, 2329], "dataTypes": [{"type": "INTEGER (LONG)", "count": 490, "max_value": 96127, "min_value": 33, "mean": 7866.555102040819, "stddev": 14140.230418193923}]}, {"column_name": "Pct_Level_3_and_4", "number_non_empty_cells": 490, "number_empty_cells": 0, "number_distinct_values": 360, "frequent_values": [34.7, 59.4, 65.5, 66.7, 76.5], "dataTypes": [{"type": "REAL", "count": 490, "max_value": 95.1, "min_value": 12.6, "mean": 55.52448979591835, "stddev": 19.93776061169057}]}]}