{"dataset_name": "/user/hm74/NYCOpenData/5c95-uqu5.tsv.gz", "columns": [{"column_name": "Agency", "number_non_empty_cells": 202, "number_empty_cells": 0, "number_distinct_values": 44, "frequent_values": ["DPR", "ACS", "NYPD", "DSNY", "HRA"], "dataTypes": [{"type": "INTEGER (LONG)", "count": 3, "max_value": 311, "min_value": 311, "mean": 311.0, "stddev": 0.0}, {"type": "TEXT", "count": 199, "shortest_values": [["ACS", 3], ["ACS", 3], ["ACS", 3], ["ACS", 3], ["ACS", 3]], "longest_values": [["DOHMH", 5], ["DOHMH", 5], ["DOHMH", 5], ["DOHMH", 5], ["DOHMH", 5]], "average_length": 3.522613065326633}]}, {"column_name": "Resource Indicators", "number_non_empty_cells": 202, "number_empty_cells": 0, "number_distinct_values": 16, "frequent_values": ["Expenditures ($000,000)", "Personnel", "Revenues ($000,000)", "Overtime paid ($000,000)", "Capital commitments ($000,000)"], "dataTypes": [{"type": "TEXT", "count": 202, "shortest_values": [["Personnel", 9], ["Personnel", 9], ["Personnel", 9], ["Personnel", 9], ["Personnel", 9]], "longest_values": [["Capital commitments (capital projects managed for client agencies) ($000,000)", 77], ["    - Parks Opportunity Program (POP) participants", 50], ["Human services contract budget ($000,000)", 41], ["Human services contract budget ($000,000)", 41], ["Human services contract budget ($000,000)", 41]], "average_length": 21.569306930693067}]}, {"column_name": "FY12 Actual", "number_non_empty_cells": 197, "number_empty_cells": 5, "number_distinct_values": 191, "frequent_values": ["NA", "$0", "$8.7", "$5.8", "$22.8"], "dataTypes": [{"type": "INTEGER (LONG)", "count": 21, "max_value": 976, "min_value": 51, "mean": 346.1428571428571, "stddev": 271.38573596833504}, {"type": "DATE/TIME", "count": 24, "max_value": "2067-01-07T00:00:00", "min_value": "0107-01-07T00:00:00"}, {"type": "TEXT", "count": 157, "shortest_values": [["NA", 2], ["NA", 2], ["$0", 2], ["$0", 2], ["NA", 2]], "longest_values": [["$19,283.3", 9], ["$2,854.5", 8], ["$1,568.9", 8], ["$1,091.2", 8], ["$1,199.6", 8]], "average_length": 5.159235668789808}]}, {"column_name": "FY13 Actual", "number_non_empty_cells": 197, "number_empty_cells": 5, "number_distinct_values": 193, "frequent_values": ["NA", "$1.7", "$1", "$67", "$6.1"], "dataTypes": [{"type": "INTEGER (LONG)", "count": 21, "max_value": 952, "min_value": 49, "mean": 344.76190476190476, "stddev": 255.87792937107534}, {"type": "DATE/TIME", "count": 24, "max_value": "2068-02-07T00:00:00", "min_value": "0121-07-07T00:00:00"}, {"type": "TEXT", "count": 157, "shortest_values": [["NA", 2], ["$1", 2], ["NA", 2], ["$0", 2], ["NA", 2]], "longest_values": [["$19,232.4", 9], ["$2,805.0", 8], ["$1,630.0", 8], ["$1,177.6", 8], ["$1,474.0", 8]], "average_length": 5.21656050955414}]}, {"column_name": "FY14 Actual", "number_non_empty_cells": 197, "number_empty_cells": 5, "number_distinct_values": 192, "frequent_values": ["NA", "$62.9", "$3.1", "64", "$0"], "dataTypes": [{"type": "INTEGER (LONG)", "count": 21, "max_value": 960, "min_value": 51, "mean": 345.42857142857144, "stddev": 249.38124789711256}, {"type": "DATE/TIME", "count": 24, "max_value": "2019-02-01T00:00:00", "min_value": "0134-12-07T00:00:00"}, {"type": "TEXT", "count": 157, "shortest_values": [["NA", 2], ["$4", 2], ["NA", 2], ["$0", 2], ["NA", 2]], "longest_values": [["$20,085.3", 9], ["$2,785.5", 8], ["$1,629.5", 8], ["$1,201.7", 8], ["$1,301.3", 8]], "average_length": 5.267515923566878}]}, {"column_name": "FY15 Actual", "number_non_empty_cells": 197, "number_empty_cells": 5, "number_distinct_values": 194, "frequent_values": ["NA", "$41", "$37.4", "$5.8", "$35.0"], "dataTypes": [{"type": "INTEGER (LONG)", "count": 21, "max_value": 945, "min_value": 53, "mean": 362.2380952380953, "stddev": 252.80707961038945}, {"type": "DATE/TIME", "count": 24, "max_value": "2019-03-08T00:00:00", "min_value": "0105-02-07T00:00:00"}, {"type": "TEXT", "count": 157, "shortest_values": [["NA", 2], ["$9", 2], ["NA", 2], ["$0", 2], ["NA", 2]], "longest_values": [["$20,999.4", 9], ["$2,826.7", 8], ["$1,647.8", 8], ["$1,157.8", 8], ["$1,439.2", 8]], "average_length": 5.254777070063693}]}, {"column_name": "FY16 Actual", "number_non_empty_cells": 202, "number_empty_cells": 0, "number_distinct_values": 194, "frequent_values": ["$0", "360", "$50.5", "$109.6", "$3.4"], "dataTypes": [{"type": "INTEGER (LONG)", "count": 26, "max_value": 936, "min_value": 33, "mean": 346.53846153846155, "stddev": 256.2640211202307}, {"type": "DATE/TIME", "count": 23, "max_value": "2043-04-07T00:00:00", "min_value": "0141-12-07T00:00:00"}, {"type": "TEXT", "count": 153, "shortest_values": [["$0", 2], ["$0", 2], ["$0", 2], ["$1", 2], ["$7", 2]], "longest_values": [["$22,242.6", 9], ["$2,965.7", 8], ["$1,743.2", 8], ["$1,072.3", 8], ["$1,140.5", 8]], "average_length": 5.366013071895425}]}, {"column_name": "FY16 Plan (Authorized Budget Level)", "number_non_empty_cells": 202, "number_empty_cells": 0, "number_distinct_values": 191, "frequent_values": ["$0", "*", "$3.4", "$491.5", "$2.1"], "dataTypes": [{"type": "INTEGER (LONG)", "count": 19, "max_value": 800, "min_value": 60, "mean": 377.89473684210526, "stddev": 236.56842667316144}, {"type": "DATE/TIME", "count": 25, "max_value": "2063-01-07T00:00:00", "min_value": "0138-12-07T00:00:00"}, {"type": "TEXT", "count": 158, "shortest_values": [["*", 1], ["*", 1], ["*", 1], ["*", 1], ["*", 1]], "longest_values": [["$21,972.5", 9], ["$2,996.3", 8], ["$1,729.6", 8], ["$1,057.3", 8], ["$1,238.2", 8]], "average_length": 5.291139240506328}]}, {"column_name": "FY17 Plan (Authorized Budget Level)", "number_non_empty_cells": 202, "number_empty_cells": 0, "number_distinct_values": 193, "frequent_values": ["*", "$0", "$3.4", "$23,189.5", "800"], "dataTypes": [{"type": "INTEGER (LONG)", "count": 19, "max_value": 800, "min_value": 56, "mean": 374.00000000000006, "stddev": 236.55020608741813}, {"type": "DATE/TIME", "count": 25, "max_value": "2047-06-07T00:00:00", "min_value": "0140-12-07T00:00:00"}, {"type": "TEXT", "count": 158, "shortest_values": [["*", 1], ["*", 1], ["*", 1], ["*", 1], ["*", 1]], "longest_values": [["$23,189.5", 9], ["$2,977.9", 8], ["$1,746.3", 8], ["$1,055.0", 8], ["$1,180.7", 8]], "average_length": 5.297468354430376}]}, {"column_name": "5 yr trend", "number_non_empty_cells": 197, "number_empty_cells": 5, "number_distinct_values": 4, "frequent_values": ["Up", "Neutral", "Down", "NA"], "dataTypes": [{"type": "TEXT", "count": 202, "shortest_values": [["Up", 2], ["Up", 2], ["NA", 2], ["Up", 2], ["Up", 2]], "longest_values": [["Neutral", 7], ["Neutral", 7], ["Neutral", 7], ["Neutral", 7], ["Neutral", 7]], "average_length": 3.61881188118812}]}, {"column_name": "Includes all Funds", "number_non_empty_cells": 42, "number_empty_cells": 160, "number_distinct_values": 2, "frequent_values": ["Y", null], "dataTypes": [{"type": "TEXT", "count": 42, "shortest_values": [["Y", 1], ["Y", 1], ["Y", 1], ["Y", 1], ["Y", 1]], "longest_values": [["Y", 1], ["Y", 1], ["Y", 1], ["Y", 1], ["Y", 1]], "average_length": 1.0}]}, {"column_name": "Notes", "number_non_empty_cells": 6, "number_empty_cells": 196, "number_distinct_values": 5, "frequent_values": ["This is a subtotal of the Department of Information Technology and Telecommunications total.", "FY16 reflects estimated overtime earned as of June 30, 2016 as reported in the City\u2019s Financial Management System.", "DEP revenues shown here do not include any of the approximately $1.5 billion the City receives annually from the NYC Water Board in reimbursement for operations & maintenance and in rent.", "The Parks Opportunity Program participants, reflected as full-time equivalents, are a subtotal of the Department's total Personnel count reported above.", null], "dataTypes": [{"type": "TEXT", "count": 6, "shortest_values": [["This is a subtotal of the Department of Information Technology and Telecommunications total.", 92], ["This is a subtotal of the Department of Information Technology and Telecommunications total.", 92], ["This is a subtotal of the Department of Information Technology and Telecommunications total.", 92], ["FY16 reflects estimated overtime earned as of June 30, 2016 as reported in the City\u2019s Financial Management System.", 114], ["The Parks Opportunity Program participants, reflected as full-time equivalents, are a subtotal of the Department's total Personnel count reported above.", 152]], "longest_values": [["DEP revenues shown here do not include any of the approximately $1.5 billion the City receives annually from the NYC Water Board in reimbursement for operations & maintenance and in rent.", 187], ["The Parks Opportunity Program participants, reflected as full-time equivalents, are a subtotal of the Department's total Personnel count reported above.", 152], ["FY16 reflects estimated overtime earned as of June 30, 2016 as reported in the City\u2019s Financial Management System.", 114], ["This is a subtotal of the Department of Information Technology and Telecommunications total.", 92], ["This is a subtotal of the Department of Information Technology and Telecommunications total.", 92]], "average_length": 121.5}]}]}