{"dataset_name": "/user/hm74/NYCOpenData/5c9e-33xj.tsv.gz", "columns": [{"column_name": "RECORD TYPE", "number_non_empty_cells": 54, "number_empty_cells": 0, "number_distinct_values": 1, "frequent_values": ["S"], "dataTypes": [{"type": "TEXT", "count": 54, "shortest_values": [["S", 1], ["S", 1], ["S", 1], ["S", 1], ["S", 1]], "longest_values": [["S", 1], ["S", 1], ["S", 1], ["S", 1], ["S", 1]], "average_length": 1.0}]}, {"column_name": "STATE CODE", "number_non_empty_cells": 54, "number_empty_cells": 0, "number_distinct_values": 54, "frequent_values": ["AZ", "SC", "LA", "MN", "AA"], "dataTypes": [{"type": "TEXT", "count": 54, "shortest_values": [["AL", 2], ["AK", 2], ["AZ", 2], ["AR", 2], ["CA", 2]], "longest_values": [["AL", 2], ["AK", 2], ["AZ", 2], ["AR", 2], ["CA", 2]], "average_length": 2.0}]}, {"column_name": "DESCRIPTION", "number_non_empty_cells": 48, "number_empty_cells": 6, "number_distinct_values": 54, "frequent_values": ["NEW JERSEY", "WISCONSIN", "PENNSYLVANIA", "ILLINOIS", "WASHINGTON, D.C."], "dataTypes": [{"type": "TEXT", "count": 54, "shortest_values": [["IOWA", 4], ["OHIO", 4], ["UTAH", 4], ["IDAHO", 5], ["MAINE", 5]], "longest_values": [["ARMED FORCES PACIFIC", 20], ["ARMED FORCES AMERICA", 20], ["ARMED FORCES EUROPE", 19], ["WASHINGTON, D.C.", 16], ["NORTH CAROLINA", 14]], "average_length": 9.203703703703702}]}]}