{"dataset_name": "/user/hm74/NYCOpenData/5cd6-v74i.tsv.gz", "columns": [{"column_name": "School_Year", "number_non_empty_cells": 1626, "number_empty_cells": 0, "number_distinct_values": 2, "frequent_values": ["2014-15", "PK-12\""], "dataTypes": [{"type": "TEXT", "count": 1626, "shortest_values": [["PK-12\"", 6], ["2014-15", 7], ["2014-15", 7], ["2014-15", 7], ["2014-15", 7]], "longest_values": [["2014-15", 7], ["2014-15", 7], ["2014-15", 7], ["2014-15", 7], ["2014-15", 7]], "average_length": 6.999384993849946}]}, {"column_name": "DBN", "number_non_empty_cells": 1626, "number_empty_cells": 0, "number_distinct_values": 1626, "frequent_values": ["02M042", "02M529", "08X093", "01M064", "01M539"], "dataTypes": [{"type": "DATE/TIME", "count": 35, "max_value": "2019-12-08T00:06:52", "min_value": "2019-12-08T00:01:15"}, {"type": "TEXT", "count": 1591, "shortest_values": [["01M063", 6], ["01M064", 6], ["01M110", 6], ["01M134", 6], ["01M137", 6]], "longest_values": [["% Female", 8], ["01M063", 6], ["01M064", 6], ["01M110", 6], ["01M134", 6]], "average_length": 6.001257071024517}]}, {"column_name": "School_Name", "number_non_empty_cells": 1625, "number_empty_cells": 1, "number_distinct_values": 1624, "frequent_values": ["P.S. 253", "P.S. 212", "P.S. 185 Walter Kassenbrock", "East River Academy", "P.S. 152 Gwendoline N. Alleyne School"], "dataTypes": [{"type": "TEXT", "count": 1626, "shortest_values": [["Kappa", 5], ["PS 78", 5], ["% Male", 6], ["PS 536", 6], ["PS 110", 6]], "longest_values": [["English Language Learners and International Support Preparatory Academy (ELLIS)", 79], ["Science Skills Center High School for Science, Technology and the Creative Arts", 79], ["Academy for College Preparation and Career Exploration: A College Board School", 78], ["Knowledge and Power Preparatory Academy International High School (Kappa)", 73], ["City Polytechnic High School of Engineering, Architecture, and Technology", 73]], "average_length": 28.460024600245966}]}, {"column_name": "Total_Enrollment_", "number_non_empty_cells": 1626, "number_empty_cells": 0, "number_distinct_values": 876, "frequent_values": ["312", "328", "343", "223", "451"], "dataTypes": [{"type": "INTEGER (LONG)", "count": 1625, "max_value": 5458, "min_value": 47, "mean": 611.4061538461525, "stddev": 510.5282946658669}, {"type": "TEXT", "count": 1, "shortest_values": [["% Asian", 7]], "longest_values": [["% Asian", 7]], "average_length": 7.0}]}]}