{"dataset_name": "/user/hm74/NYCOpenData/5e7x-8jy6.tsv.gz", "columns": [{"column_name": "DBN", "number_non_empty_cells": 3251, "number_empty_cells": 4, "number_distinct_values": 3255, "frequent_values": ["02M042", "02M529", "08X093", "84X538", "C201"], "dataTypes": [{"type": "DATE/TIME", "count": 34, "max_value": "2019-12-08T00:06:52", "min_value": "2019-12-08T00:01:15"}, {"type": "TEXT", "count": 3221, "shortest_values": [["KBMO", 4], ["C008", 4], ["C009", 4], ["C028", 4], ["C037", 4]], "longest_values": [["Response Rate\"", 14], ["01M063", 6], ["01M064", 6], ["01M110", 6], ["01M134", 6]], "average_length": 5.12573734864949}]}, {"column_name": "School_Name", "number_non_empty_cells": 3255, "number_empty_cells": 0, "number_distinct_values": 3194, "frequent_values": ["Mi Nuevo Mundo", "Jewish Community Center Of Staten Island", "Trabajamos Community Head Start", "Ivy League Early Learning Academy", "New Covenant Christian School"], "dataTypes": [{"type": "TEXT", "count": 3255, "shortest_values": [["Yde", 3], ["Iccd", 4], ["Iccd", 4], ["Foch", 4], ["Kappa", 5]], "longest_values": [["Nyc Charter High School For Architecture, Engineering And Construction Industries (Aeci)", 88], ["Roman Catholic Church Of Our Lady Of The Snows D/B/A Our Lady Of The Snows School", 81], ["Dimitrios & Georgia Kaloidis Parichol School Of Holy Cross Greek Orthodox Church", 80], ["English Language Learners And International Support Preparatory Academy (Ellis)", 79], ["Science Skills Center High School For Science, Technology And The Creative Arts", 79]], "average_length": 29.33947772657454}]}, {"column_name": "Total_Parent_", "number_non_empty_cells": 3255, "number_empty_cells": 0, "number_distinct_values": 103, "frequent_values": ["100.00", "0.00", "33.00", "50.00", "42.00"], "dataTypes": [{"type": "REAL", "count": 3235, "max_value": 100.0, "min_value": 0.0, "mean": 51.610819165378636, "stddev": 26.514741875650405}, {"type": "TEXT", "count": 20, "shortest_values": [["N/A", 3], ["N/A", 3], ["N/A", 3], ["N/A", 3], ["N/A", 3]], "longest_values": [["Total Student Response Rate", 27], ["N/A", 3], ["N/A", 3], ["N/A", 3], ["N/A", 3]], "average_length": 4.200000000000001}]}]}