{"dataset_name": "/user/hm74/NYCOpenData/5e8d-k9md.tsv.gz", "columns": [{"column_name": "DBN", "number_non_empty_cells": 58, "number_empty_cells": 0, "number_distinct_values": 58, "frequent_values": ["03M404", "31R470", "18K578", "25Q540", "03M505"], "dataTypes": [{"type": "TEXT", "count": 58, "shortest_values": [["01M458", 6], ["01M515", 6], ["01M650", 6], ["02M313", 6], ["02M394", 6]], "longest_values": [["01M458", 6], ["01M515", 6], ["01M650", 6], ["02M313", 6], ["02M394", 6]], "average_length": 6.0}]}, {"column_name": "School Name", "number_non_empty_cells": 58, "number_empty_cells": 0, "number_distinct_values": 58, "frequent_values": ["Aspirations Diploma Plus High School", "Satellite Academy High School", "Urban Dove Charter School", "Olympus Academy", "Brooklyn Academy High School"], "dataTypes": [{"type": "TEXT", "count": 58, "shortest_values": [["Olympus Academy", 15], ["Murray Hill Academy", 19], ["VOYAGES Preparatory", 19], ["Concord High School", 19], ["Cascades High School", 20]], "longest_values": [["James Baldwin School, The: A School for Expedition", 50], ["Providing Urban Learners Success In Education High", 50], ["English Language Learners and International Suppor", 50], ["Manhattan Comprehensive Night and Day High School", 49], ["Brooklyn High School for Leadership and Community", 49]], "average_length": 31.637931034482747}]}, {"column_name": "School Type", "number_non_empty_cells": 58, "number_empty_cells": 0, "number_distinct_values": 1, "frequent_values": ["High School Transfer"], "dataTypes": [{"type": "TEXT", "count": 58, "shortest_values": [["High School Transfer", 20], ["High School Transfer", 20], ["High School Transfer", 20], ["High School Transfer", 20], ["High School Transfer", 20]], "longest_values": [["High School Transfer", 20], ["High School Transfer", 20], ["High School Transfer", 20], ["High School Transfer", 20], ["High School Transfer", 20]], "average_length": 20.0}]}, {"column_name": "Enrollment", "number_non_empty_cells": 58, "number_empty_cells": 0, "number_distinct_values": 51, "frequent_values": [190, 207, 209, 210, 229], "dataTypes": [{"type": "INTEGER (LONG)", "count": 58, "max_value": 733, "min_value": 64, "mean": 251.13793103448276, "stddev": 122.99543701598799}]}, {"column_name": "Rigorous Instruction - Percent Positive", "number_non_empty_cells": 58, "number_empty_cells": 0, "number_distinct_values": 22, "frequent_values": [0.86, 0.92, 0.91, 0.87, 0.88], "dataTypes": [{"type": "REAL", "count": 58, "max_value": 0.98, "min_value": 0.58, "mean": 0.8708620689655173, "stddev": 0.07502377744372962}]}, {"column_name": "Collaborative Teachers - Percent Positive", "number_non_empty_cells": 58, "number_empty_cells": 0, "number_distinct_values": 21, "frequent_values": [0.94, 0.96, 0.98, 0.97, 0.91], "dataTypes": [{"type": "REAL", "count": 58, "max_value": 0.99, "min_value": 0.69, "mean": 0.9072413793103448, "stddev": 0.0674867318619582}]}, {"column_name": "Supportive Environment - Percent Positive", "number_non_empty_cells": 58, "number_empty_cells": 0, "number_distinct_values": 21, "frequent_values": [0.91, 0.9, 0.88, 0.92, 0.86], "dataTypes": [{"type": "REAL", "count": 58, "max_value": 0.99, "min_value": 0.73, "mean": 0.8808620689655173, "stddev": 0.05318427570181129}]}, {"column_name": "Effective School Leadership - Percent Positive", "number_non_empty_cells": 58, "number_empty_cells": 0, "number_distinct_values": 27, "frequent_values": [0.96, 0.89, 0.92, 0.84, 0.93], "dataTypes": [{"type": "REAL", "count": 58, "max_value": 0.99, "min_value": 0.56, "mean": 0.8670689655172416, "stddev": 0.0967935702604126}]}, {"column_name": "Strong Family-Community Ties - Percent Positive", "number_non_empty_cells": 58, "number_empty_cells": 0, "number_distinct_values": 24, "frequent_values": [0.79, 0.73, 0.82, 0.77, 0.84], "dataTypes": [{"type": "REAL", "count": 58, "max_value": 0.98, "min_value": 0.65, "mean": 0.7950000000000003, "stddev": 0.06941255973003632}]}, {"column_name": "Trust - Percent Positive", "number_non_empty_cells": 58, "number_empty_cells": 0, "number_distinct_values": 16, "frequent_values": [0.96, 0.97, 0.94, 0.92, 0.95], "dataTypes": [{"type": "REAL", "count": 58, "max_value": 0.99, "min_value": 0.79, "mean": 0.9306896551724135, "stddev": 0.04551854752566924}]}, {"column_name": "Quality Review - How interesting and challenging is the curriculum?", "number_non_empty_cells": 52, "number_empty_cells": 6, "number_distinct_values": 4, "frequent_values": ["Proficient", "Well Developed", "Developing", null], "dataTypes": [{"type": "TEXT", "count": 52, "shortest_values": [["Proficient", 10], ["Developing", 10], ["Proficient", 10], ["Proficient", 10], ["Proficient", 10]], "longest_values": [["Well Developed", 14], ["Well Developed", 14], ["Well Developed", 14], ["Well Developed", 14], ["Well Developed", 14]], "average_length": 10.769230769230768}]}, {"column_name": "Quality Review - How effective is the teaching and learning?", "number_non_empty_cells": 52, "number_empty_cells": 6, "number_distinct_values": 4, "frequent_values": ["Proficient", "Developing", "Well Developed", null], "dataTypes": [{"type": "TEXT", "count": 52, "shortest_values": [["Developing", 10], ["Proficient", 10], ["Developing", 10], ["Proficient", 10], ["Proficient", 10]], "longest_values": [["Well Developed", 14], ["Well Developed", 14], ["Well Developed", 14], ["Well Developed", 14], ["Well Developed", 14]], "average_length": 10.461538461538462}]}, {"column_name": "Quality Review - How well does the school assess what students are learning?", "number_non_empty_cells": 52, "number_empty_cells": 6, "number_distinct_values": 4, "frequent_values": ["Proficient", "Developing", "Well Developed", null], "dataTypes": [{"type": "TEXT", "count": 52, "shortest_values": [["Proficient", 10], ["Proficient", 10], ["Developing", 10], ["Proficient", 10], ["Proficient", 10]], "longest_values": [["Well Developed", 14], ["Well Developed", 14], ["Well Developed", 14], ["Well Developed", 14], ["Well Developed", 14]], "average_length": 10.615384615384615}]}, {"column_name": "Quality Review - How well do teachers work with each other?", "number_non_empty_cells": 52, "number_empty_cells": 6, "number_distinct_values": 3, "frequent_values": ["Proficient", "Well Developed", null], "dataTypes": [{"type": "TEXT", "count": 52, "shortest_values": [["Proficient", 10], ["Proficient", 10], ["Proficient", 10], ["Proficient", 10], ["Proficient", 10]], "longest_values": [["Well Developed", 14], ["Well Developed", 14], ["Well Developed", 14], ["Well Developed", 14], ["Well Developed", 14]], "average_length": 11.923076923076922}]}, {"column_name": "Quality Review - How clearly are high expectations communicated to students and staff?", "number_non_empty_cells": 52, "number_empty_cells": 6, "number_distinct_values": 4, "frequent_values": ["Proficient", "Well Developed", "Developing", null], "dataTypes": [{"type": "TEXT", "count": 52, "shortest_values": [["Proficient", 10], ["Proficient", 10], ["Proficient", 10], ["Proficient", 10], ["Proficient", 10]], "longest_values": [["Well Developed", 14], ["Well Developed", 14], ["Well Developed", 14], ["Well Developed", 14], ["Well Developed", 14]], "average_length": 11.615384615384615}]}, {"column_name": "Quality Review - Dates of Review", "number_non_empty_cells": 52, "number_empty_cells": 6, "number_distinct_values": 50, "frequent_values": ["2015-05-05T00:00:00.000", "2014-12-05T00:00:00.000", "2015-04-15T00:00:00.000", "2015-01-08T00:00:00.000", "2015-04-29T00:00:00.000"], "dataTypes": [{"type": "DATE/TIME", "count": 50, "max_value": "2023-10-22T20:13:00", "min_value": "2004-03-03T20:14:00"}, {"type": "TEXT", "count": 2, "shortest_values": [["April 30-May 1, 2014", 20], ["April 24-April 25, 2014", 23]], "longest_values": [["April 24-April 25, 2014", 23], ["April 30-May 1, 2014", 20]], "average_length": 21.5}]}, {"column_name": "Average Grade 8 English Proficiency", "number_non_empty_cells": 58, "number_empty_cells": 0, "number_distinct_values": 36, "frequent_values": [2.19, 2.23, 2.24, 2.21, 2.02], "dataTypes": [{"type": "REAL", "count": 58, "max_value": 2.78, "min_value": 1.76, "mean": 2.241206896551724, "stddev": 0.16301129203753925}]}, {"column_name": "Average Grade 8 Math Proficiency", "number_non_empty_cells": 58, "number_empty_cells": 0, "number_distinct_values": 34, "frequent_values": [2.04, 2.06, 2.02, 2.09, 2.14], "dataTypes": [{"type": "REAL", "count": 58, "max_value": 2.94, "min_value": 1.85, "mean": 2.089137931034483, "stddev": 0.16485400524098687}]}, {"column_name": "Percent English Language Learners", "number_non_empty_cells": 58, "number_empty_cells": 0, "number_distinct_values": 45, "frequent_values": [0.0, 0.035, 0.053, 0.01, 0.048], "dataTypes": [{"type": "REAL", "count": 58, "max_value": 0.894, "min_value": 0.0, "mean": 0.09958620689655173, "stddev": 0.20174788248111147}]}, {"column_name": "Percent Students with Disabilities", "number_non_empty_cells": 58, "number_empty_cells": 0, "number_distinct_values": 57, "frequent_values": [0.124, 0.223, 0.0, 0.234, 0.099], "dataTypes": [{"type": "REAL", "count": 58, "max_value": 0.441, "min_value": 0.0, "mean": 0.17086206896551723, "stddev": 0.10248119226537705}]}, {"column_name": "Percent Self-Contained", "number_non_empty_cells": 58, "number_empty_cells": 0, "number_distinct_values": 20, "frequent_values": [0.0, 0.005, 0.009, 0.006, 0.011], "dataTypes": [{"type": "REAL", "count": 58, "max_value": 0.152, "min_value": 0.0, "mean": 0.011482758620689655, "stddev": 0.023447844823624418}]}, {"column_name": "Percent Overage/ Undercredit", "number_non_empty_cells": 58, "number_empty_cells": 0, "number_distinct_values": 54, "frequent_values": [0.615, 0.728, 0.671, 0.783, 0.611], "dataTypes": [{"type": "REAL", "count": 58, "max_value": 1.0, "min_value": 0.048, "mean": 0.6574827586206896, "stddev": 0.1856572891461029}]}, {"column_name": "Economic Need Index", "number_non_empty_cells": 58, "number_empty_cells": 0, "number_distinct_values": 52, "frequent_values": [0.739, 0.778, 0.743, 0.67, 0.685], "dataTypes": [{"type": "REAL", "count": 58, "max_value": 0.838, "min_value": 0.446, "mean": 0.6882758620689654, "stddev": 0.0944291000412567}]}, {"column_name": "Percent in Temp Housing", "number_non_empty_cells": 58, "number_empty_cells": 0, "number_distinct_values": 43, "frequent_values": [0.068, 0.1, 0.098, 0.054, 0.144], "dataTypes": [{"type": "REAL", "count": 58, "max_value": 0.233, "min_value": 0.037, "mean": 0.10910344827586209, "stddev": 0.04220503714633109}]}, {"column_name": "Percent HRA Eligible", "number_non_empty_cells": 58, "number_empty_cells": 0, "number_distinct_values": 57, "frequent_values": [0.476, 0.548, 0.607, 0.492, 0.554], "dataTypes": [{"type": "REAL", "count": 58, "max_value": 0.679, "min_value": 0.235, "mean": 0.5048965517241379, "stddev": 0.1112333195019358}]}, {"column_name": "Percent Asian", "number_non_empty_cells": 58, "number_empty_cells": 0, "number_distinct_values": 39, "frequent_values": [0.0, 0.005, 0.008, 0.01, 0.011], "dataTypes": [{"type": "REAL", "count": 58, "max_value": 0.65, "min_value": 0.0, "mean": 0.052844827586206886, "stddev": 0.11862892037403108}]}, {"column_name": "Percent Black", "number_non_empty_cells": 58, "number_empty_cells": 0, "number_distinct_values": 53, "frequent_values": [0.287, 0.469, 0.359, 0.769, 0.333], "dataTypes": [{"type": "REAL", "count": 58, "max_value": 0.893, "min_value": 0.091, "mean": 0.46781034482758643, "stddev": 0.22470881210538252}]}, {"column_name": "Percent Hispanic", "number_non_empty_cells": 58, "number_empty_cells": 0, "number_distinct_values": 54, "frequent_values": [0.643, 0.132, 0.296, 0.545, 0.688], "dataTypes": [{"type": "REAL", "count": 58, "max_value": 0.755, "min_value": 0.081, "mean": 0.4161034482758621, "stddev": 0.19823329078213953}]}, {"column_name": "Percent White", "number_non_empty_cells": 58, "number_empty_cells": 0, "number_distinct_values": 42, "frequent_values": [0.021, 0.005, 0.019, 0.016, 0.009], "dataTypes": [{"type": "REAL", "count": 58, "max_value": 0.253, "min_value": 0.0, "mean": 0.047275862068965516, "stddev": 0.06106858583577138}]}, {"column_name": "Years of principal experience at this school", "number_non_empty_cells": 52, "number_empty_cells": 6, "number_distinct_values": 30, "frequent_values": [5.0, 4.0, 2.0, 7.0, 8.0], "dataTypes": [{"type": "REAL", "count": 52, "max_value": 16.8, "min_value": 0.8, "mean": 5.463461538461536, "stddev": 3.6740267599918335}]}, {"column_name": "Percent of teachers with 3 or more years of experience", "number_non_empty_cells": 52, "number_empty_cells": 6, "number_distinct_values": 36, "frequent_values": [0.75, 0.778, 1.0, 0.875, 0.571], "dataTypes": [{"type": "REAL", "count": 52, "max_value": 1.0, "min_value": 0.333, "mean": 0.7725192307692309, "stddev": 0.1409551879669312}]}, {"column_name": "Average Change in Student Attendance", "number_non_empty_cells": 52, "number_empty_cells": 6, "number_distinct_values": 47, "frequent_values": [-0.034, -0.02, -0.005, -0.03, -0.027], "dataTypes": [{"type": "REAL", "count": 52, "max_value": 0.059, "min_value": -0.128, "mean": -0.040000000000000015, "stddev": 0.041313063681712475}]}, {"column_name": "Teacher Attendance Rate", "number_non_empty_cells": 52, "number_empty_cells": 6, "number_distinct_values": 35, "frequent_values": [0.964, 0.971, 0.981, 0.967, 0.962], "dataTypes": [{"type": "REAL", "count": 52, "max_value": 1.0, "min_value": 0.943, "mean": 0.9680769230769228, "stddev": 0.012766913598839648}]}]}