{"dataset_name": "/user/hm74/NYCOpenData/5e9h-x6ak.tsv.gz", "columns": [{"column_name": "Report_Date", "number_non_empty_cells": 42, "number_empty_cells": 0, "number_distinct_values": 42, "frequent_values": ["03/01/2016", "07/15/2015", "11/15/2015", "03/01/2018", "08/01/2018"], "dataTypes": [{"type": "DATE/TIME", "count": 42, "max_value": "2018-12-01T00:00:00", "min_value": "2015-07-15T00:00:00"}]}, {"column_name": "FWC_Avg_Daily_census_Individual_in_Shelter__Adults", "number_non_empty_cells": 42, "number_empty_cells": 0, "number_distinct_values": 41, "frequent_values": [17477, 17503, 17438, 17074, 17003], "dataTypes": [{"type": "INTEGER (LONG)", "count": 42, "max_value": 18095, "min_value": 16591, "mean": 17242.833333333336, "stddev": 385.92146478801607}]}, {"column_name": "FWC_Avg_Daily_census_Individual_in_Shelter__Children", "number_non_empty_cells": 42, "number_empty_cells": 0, "number_distinct_values": 42, "frequent_values": [22555, 23428, 22918, 23596, 22461], "dataTypes": [{"type": "INTEGER (LONG)", "count": 42, "max_value": 23737, "min_value": 21732, "mean": 22824.261904761912, "stddev": 531.6417097974692}]}, {"column_name": "FWC_Avg_Daily_census_Individual_in_Shelter__Total", "number_non_empty_cells": 42, "number_empty_cells": 0, "number_distinct_values": 42, "frequent_values": [40253, 41832, 40330, 40333, 39546], "dataTypes": [{"type": "INTEGER (LONG)", "count": 42, "max_value": 41832, "min_value": 38368, "mean": 40067.047619047626, "stddev": 829.748870567848}]}, {"column_name": "AF_Avg_Daily_census_Individual_in_Shelter__Adults", "number_non_empty_cells": 42, "number_empty_cells": 0, "number_distinct_values": 40, "frequent_values": [5247, 5288, 4937, 4989, 4446], "dataTypes": [{"type": "INTEGER (LONG)", "count": 42, "max_value": 5379, "min_value": 4446, "mean": 5052.000000000002, "stddev": 287.4645319736968}]}, {"column_name": "SA_Avg_Daily_census_Individual_in_Shelter__Men", "number_non_empty_cells": 42, "number_empty_cells": 0, "number_distinct_values": 42, "frequent_values": [10267, 8755, 9209, 9450, 9446], "dataTypes": [{"type": "INTEGER (LONG)", "count": 42, "max_value": 11674, "min_value": 8624, "mean": 10068.666666666664, "stddev": 861.5425995234674}]}, {"column_name": "SA_Avg_Daily_census_Individual_in_Shelter__Women", "number_non_empty_cells": 42, "number_empty_cells": 0, "number_distinct_values": 41, "frequent_values": [3791, 3587, 4078, 4307, 3346], "dataTypes": [{"type": "INTEGER (LONG)", "count": 42, "max_value": 4437, "min_value": 3346, "mean": 3899.4285714285716, "stddev": 277.34215955997}]}, {"column_name": "SA_Avg_Daily_census_Individual_in_Shelter__Total", "number_non_empty_cells": 42, "number_empty_cells": 0, "number_distinct_values": 42, "frequent_values": [13060, 13795, 15216, 13958, 15452], "dataTypes": [{"type": "INTEGER (LONG)", "count": 42, "max_value": 16111, "min_value": 11970, "mean": 13968.071428571426, "stddev": 1130.8523627452576}]}, {"column_name": "FWC_Unique_Individuals_by_Age__0_thru_5", "number_non_empty_cells": 42, "number_empty_cells": 0, "number_distinct_values": 41, "frequent_values": [11390, 11493, 11059, 11162, 11187], "dataTypes": [{"type": "INTEGER (LONG)", "count": 42, "max_value": 11933, "min_value": 10753, "mean": 11301.714285714288, "stddev": 262.8152787573428}]}, {"column_name": "FWC_Unique_Individuals_by_Age__6_thru_13", "number_non_empty_cells": 42, "number_empty_cells": 0, "number_distinct_values": 42, "frequent_values": [9914, 10013, 10184, 10135, 10285], "dataTypes": [{"type": "INTEGER (LONG)", "count": 42, "max_value": 11093, "min_value": 9914, "mean": 10371.261904761905, "stddev": 277.11395795161616}]}, {"column_name": "FWC_Unique_Individuals_by_Age__14_thru_17", "number_non_empty_cells": 42, "number_empty_cells": 0, "number_distinct_values": 39, "frequent_values": [3409, 3420, 3371, 3216, 3228], "dataTypes": [{"type": "INTEGER (LONG)", "count": 42, "max_value": 3635, "min_value": 3192, "mean": 3394.0238095238096, "stddev": 115.00237846303105}]}, {"column_name": "FWC__Unique_Individuals_by_Age_18_thru_20", "number_non_empty_cells": 42, "number_empty_cells": 0, "number_distinct_values": 36, "frequent_values": [1386, 1557, 1347, 1447, 1366], "dataTypes": [{"type": "INTEGER (LONG)", "count": 42, "max_value": 1575, "min_value": 1320, "mean": 1439.7619047619048, "stddev": 71.6850949254245}]}, {"column_name": "FWC_Unique_Individuals_by_Age__21_thru_29", "number_non_empty_cells": 42, "number_empty_cells": 0, "number_distinct_values": 40, "frequent_values": [7260, 8197, 7892, 7481, 7342], "dataTypes": [{"type": "INTEGER (LONG)", "count": 42, "max_value": 8297, "min_value": 7098, "mean": 7577.857142857142, "stddev": 321.52172195214877}]}, {"column_name": "FWC_Unique_Individuals_by_Age__30_thru_44", "number_non_empty_cells": 42, "number_empty_cells": 0, "number_distinct_values": 40, "frequent_values": [7798, 7715, 7810, 7604, 7647], "dataTypes": [{"type": "INTEGER (LONG)", "count": 42, "max_value": 7940, "min_value": 7298, "mean": 7693.880952380953, "stddev": 153.23685407470347}]}, {"column_name": "FWC_Unique_Individuals_by_Age__45_thru_64", "number_non_empty_cells": 42, "number_empty_cells": 0, "number_distinct_values": 36, "frequent_values": [2156, 2198, 2153, 2206, 2169], "dataTypes": [{"type": "INTEGER (LONG)", "count": 42, "max_value": 2245, "min_value": 2079, "mean": 2163.904761904762, "stddev": 39.57139991976492}]}, {"column_name": "FWC_Unique_Individuals_by_Age__65_and_above", "number_non_empty_cells": 42, "number_empty_cells": 0, "number_distinct_values": 16, "frequent_values": [74, 84, 78, 80, 81], "dataTypes": [{"type": "INTEGER (LONG)", "count": 42, "max_value": 90, "min_value": 72, "mean": 79.88095238095237, "stddev": 5.000963625963369}]}, {"column_name": "FWC_Unique_Individuals_by_Age__Total", "number_non_empty_cells": 42, "number_empty_cells": 0, "number_distinct_values": 42, "frequent_values": [43499, 43156, 44169, 45213, 46243], "dataTypes": [{"type": "INTEGER (LONG)", "count": 42, "max_value": 46243, "min_value": 42315, "mean": 44022.28571428571, "stddev": 921.5521142722888}]}, {"column_name": "AF_Unique_Individuals_by_Age__18_thru_20", "number_non_empty_cells": 42, "number_empty_cells": 0, "number_distinct_values": 36, "frequent_values": [629, 630, 489, 601, 536], "dataTypes": [{"type": "INTEGER (LONG)", "count": 42, "max_value": 636, "min_value": 467, "mean": 573.5714285714286, "stddev": 49.65363021167004}]}, {"column_name": "AF_Unique_Individuals_by_Age__21_thru_29", "number_non_empty_cells": 42, "number_empty_cells": 0, "number_distinct_values": 40, "frequent_values": [1462, 1327, 1507, 1156, 1139], "dataTypes": [{"type": "INTEGER (LONG)", "count": 42, "max_value": 1631, "min_value": 1139, "mean": 1370.8095238095239, "stddev": 134.05582314402022}]}, {"column_name": "AF_Unique_Individuals_by_Age__30_thru_44", "number_non_empty_cells": 42, "number_empty_cells": 0, "number_distinct_values": 40, "frequent_values": [1402, 1392, 1507, 1303, 1270], "dataTypes": [{"type": "INTEGER (LONG)", "count": 42, "max_value": 1529, "min_value": 1127, "mean": 1346.142857142857, "stddev": 109.6680209994325}]}, {"column_name": "AF_Unique_Individuals_by_Age__45_thru_64", "number_non_empty_cells": 42, "number_empty_cells": 0, "number_distinct_values": 38, "frequent_values": [1961, 2153, 1959, 2104, 2027], "dataTypes": [{"type": "INTEGER (LONG)", "count": 42, "max_value": 2165, "min_value": 1954, "mean": 2071.6190476190477, "stddev": 63.783470160846676}]}, {"column_name": "AF_Unique_Individuals_by_Age__65_and_above", "number_non_empty_cells": 42, "number_empty_cells": 0, "number_distinct_values": 35, "frequent_values": [223, 163, 137, 193, 165], "dataTypes": [{"type": "INTEGER (LONG)", "count": 42, "max_value": 268, "min_value": 136, "mean": 197.1428571428571, "stddev": 39.93958021846511}]}, {"column_name": "AF_Unique_Individuals_by_Age__Total", "number_non_empty_cells": 42, "number_empty_cells": 0, "number_distinct_values": 42, "frequent_values": [5300, 5345, 5740, 5934, 5375], "dataTypes": [{"type": "INTEGER (LONG)", "count": 42, "max_value": 6074, "min_value": 4857, "mean": 5559.285714285715, "stddev": 367.83680942416174}]}, {"column_name": "SA_Unique_Individuals_by_Age__18_thru_29", "number_non_empty_cells": 42, "number_empty_cells": 0, "number_distinct_values": 41, "frequent_values": [2839, 2823, 3000, 2924, 3353], "dataTypes": [{"type": "INTEGER (LONG)", "count": 42, "max_value": 3353, "min_value": 2317, "mean": 2910.2380952380954, "stddev": 283.83729490206923}]}, {"column_name": "SA_Unique_Individuals_by_Age__30_thru_44", "number_non_empty_cells": 42, "number_empty_cells": 0, "number_distinct_values": 42, "frequent_values": [4782, 4918, 5401, 5905, 6090], "dataTypes": [{"type": "INTEGER (LONG)", "count": 42, "max_value": 6106, "min_value": 4410, "mean": 5224.642857142857, "stddev": 459.33584670481326}]}, {"column_name": "SA_Unique_Individuals_by_Age__45_thru_64", "number_non_empty_cells": 42, "number_empty_cells": 0, "number_distinct_values": 42, "frequent_values": [8249, 8350, 8116, 8123, 9059], "dataTypes": [{"type": "INTEGER (LONG)", "count": 42, "max_value": 9406, "min_value": 7652, "mean": 8413.095238095237, "stddev": 507.91351014404785}]}, {"column_name": "SA_Unique_Individuals_by_Age__65_and_above", "number_non_empty_cells": 42, "number_empty_cells": 0, "number_distinct_values": 39, "frequent_values": [1066, 1052, 1080, 1332, 1093], "dataTypes": [{"type": "INTEGER (LONG)", "count": 42, "max_value": 1438, "min_value": 957, "mean": 1170.1190476190477, "stddev": 132.22243206789878}]}, {"column_name": "SA_Unique_Individuals_by_Age__Total", "number_non_empty_cells": 42, "number_empty_cells": 0, "number_distinct_values": 41, "frequent_values": [19307, 15961, 17677, 16741, 15503], "dataTypes": [{"type": "INTEGER (LONG)", "count": 42, "max_value": 20230, "min_value": 15503, "mean": 17718.095238095244, "stddev": 1344.3945319720583}]}, {"column_name": "FWC_RaceEthnicity_HoH__AsianPacific_Islander", "number_non_empty_cells": 42, "number_empty_cells": 0, "number_distinct_values": 26, "frequent_values": [104, 107, 108, 78, 115], "dataTypes": [{"type": "INTEGER (LONG)", "count": 42, "max_value": 126, "min_value": 73, "mean": 100.09523809523807, "stddev": 14.766128428021837}]}, {"column_name": "FWC_RaceEthnicity_HoH__Black_nonHispanic", "number_non_empty_cells": 42, "number_empty_cells": 0, "number_distinct_values": 39, "frequent_values": [7772, 7883, 7570, 7611, 7769], "dataTypes": [{"type": "INTEGER (LONG)", "count": 42, "max_value": 8377, "min_value": 7445, "mean": 7827.595238095237, "stddev": 217.9070421646426}]}, {"column_name": "FWC_RaceEthnicity_HoH__Hispanic", "number_non_empty_cells": 42, "number_empty_cells": 0, "number_distinct_values": 39, "frequent_values": [5406, 5462, 4903, 5422, 5375], "dataTypes": [{"type": "INTEGER (LONG)", "count": 42, "max_value": 5563, "min_value": 4837, "mean": 5235.642857142856, "stddev": 219.1728847311201}]}, {"column_name": "FWC_RaceEthnicity_HoH__Native_American", "number_non_empty_cells": 42, "number_empty_cells": 0, "number_distinct_values": 11, "frequent_values": [29, 27, 32, 30, 24], "dataTypes": [{"type": "INTEGER (LONG)", "count": 42, "max_value": 36, "min_value": 24, "mean": 28.83333333333333, "stddev": 2.9674156357941404}]}, {"column_name": "FWC_RaceEthnicity_HoH__White_nonHispanic", "number_non_empty_cells": 42, "number_empty_cells": 0, "number_distinct_values": 29, "frequent_values": [410, 414, 404, 402, 436], "dataTypes": [{"type": "INTEGER (LONG)", "count": 42, "max_value": 472, "min_value": 396, "mean": 423.64285714285705, "stddev": 20.176390526897464}]}, {"column_name": "FWC_RaceEthnicity_HoH__Unknown", "number_non_empty_cells": 42, "number_empty_cells": 0, "number_distinct_values": 33, "frequent_values": [241, 212, 274, 224, 247], "dataTypes": [{"type": "INTEGER (LONG)", "count": 42, "max_value": 281, "min_value": 155, "mean": 216.6428571428571, "stddev": 35.61822796357658}]}, {"column_name": "FWC_RaceEthnicity_HoH__Total_Heads_of_Households", "number_non_empty_cells": 42, "number_empty_cells": 0, "number_distinct_values": 42, "frequent_values": [13288, 13371, 14177, 13038, 13409], "dataTypes": [{"type": "INTEGER (LONG)", "count": 42, "max_value": 14541, "min_value": 13038, "mean": 13832.452380952378, "stddev": 383.448959935066}]}, {"column_name": "AF_RaceEthnicity_HoH__AsianPacific_Islander", "number_non_empty_cells": 42, "number_empty_cells": 0, "number_distinct_values": 14, "frequent_values": [19, 13, 17, 15, 16], "dataTypes": [{"type": "INTEGER (LONG)", "count": 42, "max_value": 22, "min_value": 8, "mean": 15.761904761904761, "stddev": 3.300862252499691}]}, {"column_name": "AF_RaceEthnicity_HoH__Black_nonHispanic", "number_non_empty_cells": 42, "number_empty_cells": 0, "number_distinct_values": 35, "frequent_values": [1512, 1457, 1469, 1510, 1488], "dataTypes": [{"type": "INTEGER (LONG)", "count": 42, "max_value": 1535, "min_value": 1340, "mean": 1449.190476190476, "stddev": 55.87623998634261}]}, {"column_name": "AF_RaceEthnicity_HoH__Hispanic", "number_non_empty_cells": 42, "number_empty_cells": 0, "number_distinct_values": 40, "frequent_values": [845, 934, 857, 842, 744], "dataTypes": [{"type": "INTEGER (LONG)", "count": 42, "max_value": 951, "min_value": 697, "mean": 858.9285714285716, "stddev": 81.82454890019913}]}, {"column_name": "AF_RaceEthnicity_HoH__Native_American", "number_non_empty_cells": 42, "number_empty_cells": 0, "number_distinct_values": 8, "frequent_values": [6, 8, 7, 9, 5], "dataTypes": [{"type": "INTEGER (LONG)", "count": 42, "max_value": 12, "min_value": 5, "mean": 7.380952380952381, "stddev": 1.6176464525202883}]}, {"column_name": "AF_RaceEthnicity_HoH__White_nonHispanic", "number_non_empty_cells": 42, "number_empty_cells": 0, "number_distinct_values": 33, "frequent_values": [238, 240, 205, 251, 203], "dataTypes": [{"type": "INTEGER (LONG)", "count": 42, "max_value": 251, "min_value": 190, "mean": 220.6904761904762, "stddev": 18.63494936586845}]}, {"column_name": "AF_RaceEthnicity_HoH__Unknown", "number_non_empty_cells": 42, "number_empty_cells": 0, "number_distinct_values": 21, "frequent_values": [71, 57, 68, 61, 72], "dataTypes": [{"type": "INTEGER (LONG)", "count": 42, "max_value": 80, "min_value": 56, "mean": 66.57142857142858, "stddev": 6.153368636627522}]}, {"column_name": "AF_RaceEthnicity_HoH__Total_Heads_of_Households", "number_non_empty_cells": 42, "number_empty_cells": 0, "number_distinct_values": 40, "frequent_values": [2623, 2756, 2748, 2625, 2392], "dataTypes": [{"type": "INTEGER (LONG)", "count": 42, "max_value": 2764, "min_value": 2315, "mean": 2618.5238095238096, "stddev": 145.13856074130987}]}, {"column_name": "SA_RaceEthnicity_HoH__AsianPacific_Islander", "number_non_empty_cells": 42, "number_empty_cells": 0, "number_distinct_values": 28, "frequent_values": [117, 114, 126, 91, 111], "dataTypes": [{"type": "INTEGER (LONG)", "count": 42, "max_value": 130, "min_value": 85, "mean": 108.92857142857137, "stddev": 11.754214760070111}]}, {"column_name": "SA_RaceEthnicity_HoH__Black_nonHispanic", "number_non_empty_cells": 42, "number_empty_cells": 0, "number_distinct_values": 42, "frequent_values": [11327, 9641, 9434, 9716, 9734], "dataTypes": [{"type": "INTEGER (LONG)", "count": 42, "max_value": 11893, "min_value": 9141, "mean": 10391.880952380949, "stddev": 788.1117639613884}]}, {"column_name": "SA_RaceEthnicity_HoH__Hispanic", "number_non_empty_cells": 42, "number_empty_cells": 0, "number_distinct_values": 42, "frequent_values": [4935, 4929, 4391, 5178, 5251], "dataTypes": [{"type": "INTEGER (LONG)", "count": 42, "max_value": 5455, "min_value": 4053, "mean": 4750.761904761904, "stddev": 414.2300838402218}]}, {"column_name": "SA_RaceEthnicity_HoH__Native_American", "number_non_empty_cells": 41, "number_empty_cells": 1, "number_distinct_values": 8, "frequent_values": [4, 2, 1, 0, 3], "dataTypes": [{"type": "INTEGER (LONG)", "count": 41, "max_value": 8, "min_value": 0, "mean": 2.4390243902439015, "stddev": 1.9260572704780126}]}, {"column_name": "SA_RaceEthnicity_HoH__White_nonHispanic", "number_non_empty_cells": 42, "number_empty_cells": 0, "number_distinct_values": 37, "frequent_values": [1674, 1789, 1797, 1786, 1719], "dataTypes": [{"type": "INTEGER (LONG)", "count": 42, "max_value": 1966, "min_value": 1560, "mean": 1765.1428571428573, "stddev": 98.02273094702532}]}, {"column_name": "SA_RaceEthnicity_HoH__Unknown", "number_non_empty_cells": 42, "number_empty_cells": 0, "number_distinct_values": 41, "frequent_values": [637, 663, 723, 626, 606], "dataTypes": [{"type": "INTEGER (LONG)", "count": 42, "max_value": 873, "min_value": 605, "mean": 699.5714285714286, "stddev": 78.27519915478395}]}, {"column_name": "SA_RaceEthnicity_HoH__Total_Individuals", "number_non_empty_cells": 42, "number_empty_cells": 0, "number_distinct_values": 41, "frequent_values": [19307, 15961, 17677, 16741, 15503], "dataTypes": [{"type": "INTEGER (LONG)", "count": 42, "max_value": 20230, "min_value": 15503, "mean": 17718.666666666668, "stddev": 1343.8278246197385}]}, {"column_name": "FWC__Number_of_SchoolAged_Children", "number_non_empty_cells": 42, "number_empty_cells": 0, "number_distinct_values": 42, "frequent_values": [17077, 16738, 17588, 17741, 16948], "dataTypes": [{"type": "INTEGER (LONG)", "count": 42, "max_value": 19044, "min_value": 15705, "mean": 17369.45238095238, "stddev": 910.5663910414938}]}, {"column_name": "FWC__Average_School_Attendance_Rate", "number_non_empty_cells": 34, "number_empty_cells": 8, "number_distinct_values": 18, "frequent_values": ["NA", "84%", "83%", "85%", "82%"], "dataTypes": [{"type": "TEXT", "count": 42, "shortest_values": [["NA", 2], ["NA", 2], ["NA", 2], ["NA", 2], ["NA", 2]], "longest_values": [["84.50%", 6], ["85.70%", 6], ["84.50%", 6], ["82.50%", 6], ["81.8%", 5]], "average_length": 3.3809523809523823}]}, {"column_name": "FWC__Percent_of_families_successfully_placed_by_youngest_schoolaged_childs_school_address", "number_non_empty_cells": 42, "number_empty_cells": 0, "number_distinct_values": 14, "frequent_values": [0.5, 0.51, 0.53, 0.52, 0.48], "dataTypes": [{"type": "REAL", "count": 42, "max_value": 0.64, "min_value": 0.37, "mean": 0.505952380952381, "stddev": 0.05164252233749517}]}, {"column_name": "HOMESTAT_clients_placed_into_permanent_housing_transitional_housing_and_other_settings", "number_non_empty_cells": 30, "number_empty_cells": 12, "number_distinct_values": 27, "frequent_values": ["NA", "206", "257", "329", "139"], "dataTypes": [{"type": "INTEGER (LONG)", "count": 30, "max_value": 330, "min_value": 133, "mean": 236.73333333333335, "stddev": 59.00165722719621}, {"type": "TEXT", "count": 12, "shortest_values": [["NA", 2], ["NA", 2], ["NA", 2], ["NA", 2], ["NA", 2]], "longest_values": [["NA", 2], ["NA", 2], ["NA", 2], ["NA", 2], ["NA", 2]], "average_length": 2.0}]}, {"column_name": "Total_Homebase_Enrollments", "number_non_empty_cells": 42, "number_empty_cells": 0, "number_distinct_values": 41, "frequent_values": [1896, 2025, 2484, 2247, 2313], "dataTypes": [{"type": "INTEGER (LONG)", "count": 42, "max_value": 2846, "min_value": 1830, "mean": 2256.619047619048, "stddev": 258.7896693659187}]}]}