{"dataset_name": "/user/hm74/NYCOpenData/5ebm-myj7.tsv.gz", "columns": [{"column_name": "BOROUGH", "number_non_empty_cells": 5381, "number_empty_cells": 0, "number_distinct_values": 5, "frequent_values": ["BROOKLYN", "QUEENS", "STATEN ISLAND", "BRONX", "MANHATTAN"], "dataTypes": [{"type": "TEXT", "count": 5381, "shortest_values": [["BRONX", 5], ["BRONX", 5], ["BRONX", 5], ["BRONX", 5], ["BRONX", 5]], "longest_values": [["STATEN ISLAND", 13], ["STATEN ISLAND", 13], ["STATEN ISLAND", 13], ["STATEN ISLAND", 13], ["STATEN ISLAND", 13]], "average_length": 8.078981601932748}]}, {"column_name": "NEIGHBORHOOD", "number_non_empty_cells": 5240, "number_empty_cells": 141, "number_distinct_values": 250, "frequent_values": ["SUNNYSIDE", "PELHAM PARKWAY NORTH", "CASTLE HILL/UNIONPORT", "FLATBUSH-NORTH", "CYPRESS HILLS"], "dataTypes": [{"type": "TEXT", "count": 5380, "shortest_values": [["SOHO", 4], ["SOHO", 4], ["SOHO", 4], ["SOHO", 4], ["SOHO", 4]], "longest_values": [["GREENWICH VILLAGE-CENTRAL", 25], ["HIGHBRIDGE/MORRIS HEIGHTS", 25], ["HIGHBRIDGE/MORRIS HEIGHTS", 25], ["HIGHBRIDGE/MORRIS HEIGHTS", 25], ["RICHMONDTOWN-LIGHTHS HILL", 25]], "average_length": 12.858921933085503}]}, {"column_name": "TYPE_OF_HOME", "number_non_empty_cells": 5381, "number_empty_cells": 0, "number_distinct_values": 6, "frequent_values": ["01 ONE FAMILY HOMES", "02 TWO FAMILY HOMES", "03 THREE FAMILY HOMES", "01  ONE FAMILY HOMES", "02  TWO FAMILY HOMES"], "dataTypes": [{"type": "TEXT", "count": 5381, "shortest_values": [["01 ONE FAMILY HOMES", 19], ["02 TWO FAMILY HOMES", 19], ["01 ONE FAMILY HOMES", 19], ["02 TWO FAMILY HOMES", 19], ["01 ONE FAMILY HOMES", 19]], "longest_values": [["03  THREE FAMILY HOMES", 22], ["03  THREE FAMILY HOMES", 22], ["03  THREE FAMILY HOMES", 22], ["03  THREE FAMILY HOMES", 22], ["03  THREE FAMILY HOMES", 22]], "average_length": 19.551384501022074}]}, {"column_name": "NUMBER_OF_SALES", "number_non_empty_cells": 5381, "number_empty_cells": 0, "number_distinct_values": 267, "frequent_values": [1, 2, 3, 4, 5], "dataTypes": [{"type": "INTEGER (LONG)", "count": 5381, "max_value": 519, "min_value": 1, "mean": 35.23099795577037, "stddev": 50.45051426331915}]}, {"column_name": "LOWEST_SALE_PRICE", "number_non_empty_cells": 5381, "number_empty_cells": 0, "number_distinct_values": 1456, "frequent_values": [200000, 250000, 300000, 150000, 225000], "dataTypes": [{"type": "INTEGER (LONG)", "count": 5381, "max_value": 26893000, "min_value": 150000, "mean": 692406.8730719212, "stddev": 1458818.548680167}]}, {"column_name": "AVERAGE_SALE_PRICE", "number_non_empty_cells": 5381, "number_empty_cells": 0, "number_distinct_values": 5069, "frequent_values": [700000, 375000, 625000, 750000, 450000], "dataTypes": [{"type": "INTEGER (LONG)", "count": 5381, "max_value": 26893000, "min_value": 167500, "mean": 1169325.8457535787, "stddev": 1937861.9034921182}]}, {"column_name": "MEDIAN_SALE_PRICE", "number_non_empty_cells": 5381, "number_empty_cells": 0, "number_distinct_values": 2231, "frequent_values": [450000, 425000, 550000, 700000, 650000], "dataTypes": [{"type": "INTEGER (LONG)", "count": 5381, "max_value": 26893000, "min_value": 167500, "mean": 1116050.0301059317, "stddev": 1820599.7258295566}]}, {"column_name": "HIGHEST_SALE_PRICE", "number_non_empty_cells": 5381, "number_empty_cells": 0, "number_distinct_values": 1870, "frequent_values": [900000, 1200000, 1150000, 800000, 850000], "dataTypes": [{"type": "INTEGER (LONG)", "count": 5381, "max_value": 51000000, "min_value": 176750, "mean": 1992154.336182865, "stddev": 3473769.337714355}]}, {"column_name": "YEAR", "number_non_empty_cells": 5381, "number_empty_cells": 0, "number_distinct_values": 9, "frequent_values": [2013, 2015, 2014, 2016, 2018], "dataTypes": [{"type": "INTEGER (LONG)", "count": 5381, "max_value": 2018, "min_value": 2010, "mean": 2014.0232298829212, "stddev": 2.5714143509903606}]}]}