{"dataset_name": "/user/hm74/NYCOpenData/5fkx-9rt5.tsv.gz", "columns": [{"column_name": "Category", "number_non_empty_cells": 4, "number_empty_cells": 0, "number_distinct_values": 4, "frequent_values": ["Families with three or more qualifying children", "Families with two qualifying children", "Families with one qualifying child", "Individuals with no qualifying children"], "dataTypes": [{"type": "TEXT", "count": 4, "shortest_values": [["Families with one qualifying child", 34], ["Families with two qualifying children", 37], ["Individuals with no qualifying children", 39], ["Families with three or more qualifying children", 47]], "longest_values": [["Families with three or more qualifying children", 47], ["Individuals with no qualifying children", 39], ["Families with two qualifying children", 37], ["Families with one qualifying child", 34]], "average_length": 39.25}]}, {"column_name": "Maximum City Credit", "number_non_empty_cells": 4, "number_empty_cells": 0, "number_distinct_values": 4, "frequent_values": ["$262", "$158", "$295", "$24"], "dataTypes": [{"type": "TEXT", "count": 4, "shortest_values": [["$24", 3], ["$295", 4], ["$262", 4], ["$158", 4]], "longest_values": [["$295", 4], ["$262", 4], ["$158", 4], ["$24", 3]], "average_length": 3.75}]}, {"column_name": "Maximum State Credit", "number_non_empty_cells": 4, "number_empty_cells": 0, "number_distinct_values": 4, "frequent_values": ["$1,767", "$951", "$1,571", "$143"], "dataTypes": [{"type": "TEXT", "count": 4, "shortest_values": [["$951", 4], ["$143", 4], ["$1,767", 6], ["$1,571", 6]], "longest_values": [["$1,767", 6], ["$1,571", 6], ["$951", 4], ["$143", 4]], "average_length": 5.0}]}, {"column_name": "Maximum Federal Credit", "number_non_empty_cells": 4, "number_empty_cells": 0, "number_distinct_values": 4, "frequent_values": ["$475", "$5,236", "$3,169", "$5,891"], "dataTypes": [{"type": "TEXT", "count": 4, "shortest_values": [["$475", 4], ["$5,891", 6], ["$5,236", 6], ["$3,169", 6]], "longest_values": [["$5,891", 6], ["$5,236", 6], ["$3,169", 6], ["$475", 4]], "average_length": 5.5}]}, {"column_name": "Maximum Combined Credit", "number_non_empty_cells": 4, "number_empty_cells": 0, "number_distinct_values": 4, "frequent_values": ["$7,069", "$7.95", "$4,278", "$642"], "dataTypes": [{"type": "TEXT", "count": 4, "shortest_values": [["$642", 4], ["$7.95", 5], ["$7,069", 6], ["$4,278", 6]], "longest_values": [["$7,069", 6], ["$4,278", 6], ["$7.95", 5], ["$642", 4]], "average_length": 5.25}]}, {"column_name": "Maximum Income", "number_non_empty_cells": 4, "number_empty_cells": 0, "number_distinct_values": 4, "frequent_values": ["$41,952($47,162MFJ)*", "$13,980($19,190 MFJ)*", "$36,920($42,130 MFJ)*", "$45,060($50,270 MFJ)*"], "dataTypes": [{"type": "TEXT", "count": 4, "shortest_values": [["$41,952($47,162MFJ)*", 20], ["$45,060($50,270 MFJ)*", 21], ["$36,920($42,130 MFJ)*", 21], ["$13,980($19,190 MFJ)*", 21]], "longest_values": [["$45,060($50,270 MFJ)*", 21], ["$36,920($42,130 MFJ)*", 21], ["$13,980($19,190 MFJ)*", 21], ["$41,952($47,162MFJ)*", 20]], "average_length": 20.75}]}]}