{"dataset_name": "/user/hm74/NYCOpenData/5fn2-n363.tsv.gz", "columns": [{"column_name": "DBN", "number_non_empty_cells": 2598, "number_empty_cells": 0, "number_distinct_values": 405, "frequent_values": ["28Q470", "10X440", "01M539", "02M529", "12X271"], "dataTypes": [{"type": "DATE/TIME", "count": 8, "max_value": "2019-12-07T00:02:47", "min_value": "2019-12-07T00:02:47"}, {"type": "TEXT", "count": 2590, "shortest_values": [["01M292", 6], ["01M292", 6], ["01M292", 6], ["01M292", 6], ["01M292", 6]], "longest_values": [["01M292", 6], ["01M292", 6], ["01M292", 6], ["01M292", 6], ["01M292", 6]], "average_length": 6.0}]}, {"column_name": "School_Name", "number_non_empty_cells": 2314, "number_empty_cells": 284, "number_distinct_values": 405, "frequent_values": ["EDWARD R MURROW HIGH SCHOOL", "IN TECH ACADEMY (MS/HS 368)", "FIORELLO H LAGUARDIA HIGH SCHOOL OF MUSIC", "SECONDARY SCHOOL FOR RESEARCH", "JACQUELINE KENNEDY-ONASSIS HIGH SCHOOL"], "dataTypes": [{"type": "TEXT", "count": 2598, "shortest_values": [["OLYMPUS ACADEMY", 15], ["OLYMPUS ACADEMY", 15], ["OLYMPUS ACADEMY", 15], ["OLYMPUS ACADEMY", 15], ["OLYMPUS ACADEMY", 15]], "longest_values": [["NEW EXPLORATIONS INTO SCIENCE,TECH AND MATH SCHOOL", 50], ["NEW EXPLORATIONS INTO SCIENCE,TECH AND MATH SCHOOL", 50], ["NEW EXPLORATIONS INTO SCIENCE,TECH AND MATH SCHOOL", 50], ["NEW EXPLORATIONS INTO SCIENCE,TECH AND MATH SCHOOL", 50], ["NEW EXPLORATIONS INTO SCIENCE,TECH AND MATH SCHOOL", 50]], "average_length": 34.35604311008469}]}, {"column_name": "Cohort_Year", "number_non_empty_cells": 2598, "number_empty_cells": 0, "number_distinct_values": 2, "frequent_values": [2007, 2006], "dataTypes": [{"type": "INTEGER (LONG)", "count": 2598, "max_value": 2007, "min_value": 2006, "mean": 2006.5092378752888, "stddev": 0.49991465437628707}]}, {"column_name": "Demographic", "number_non_empty_cells": 2598, "number_empty_cells": 0, "number_distinct_values": 4, "frequent_values": ["Hispanic", "Black", "Asian", "White"], "dataTypes": [{"type": "TEXT", "count": 2598, "shortest_values": [["Asian", 5], ["Asian", 5], ["Black", 5], ["Black", 5], ["White", 5]], "longest_values": [["Hispanic", 8], ["Hispanic", 8], ["Hispanic", 8], ["Hispanic", 8], ["Hispanic", 8]], "average_length": 5.861431870669756}]}, {"column_name": "Total_Cohort_Num", "number_non_empty_cells": 2598, "number_empty_cells": 0, "number_distinct_values": 307, "frequent_values": [1, 2, 3, 4, 5], "dataTypes": [{"type": "INTEGER (LONG)", "count": 2598, "max_value": 870, "min_value": 1, "mean": 55.057351809084004, "stddev": 87.06790032257672}]}, {"column_name": "Total_Grads_Num", "number_non_empty_cells": 2598, "number_empty_cells": 0, "number_distinct_values": 239, "frequent_values": [1, 0, 2, 3, 4], "dataTypes": [{"type": "INTEGER (LONG)", "count": 2598, "max_value": 716, "min_value": 0, "mean": 35.12933025404152, "stddev": 60.70317535742001}]}, {"column_name": "Num_achieving_APM_", "number_non_empty_cells": 2598, "number_empty_cells": 0, "number_distinct_values": 143, "frequent_values": ["s", "4", "2", "1", "3"], "dataTypes": [{"type": "INTEGER (LONG)", "count": 1106, "max_value": 632, "min_value": 0, "mean": 26.53707052441227, "stddev": 54.78619449084665}, {"type": "TEXT", "count": 1492, "shortest_values": [["s", 1], ["s", 1], ["s", 1], ["s", 1], ["s", 1]], "longest_values": [["s", 1], ["s", 1], ["s", 1], ["s", 1], ["s", 1]], "average_length": 1.0}]}, {"column_name": "Pct_of_cohort_achieving_APM", "number_non_empty_cells": 2598, "number_empty_cells": 0, "number_distinct_values": 449, "frequent_values": ["s", "0.00%", "5.00%", "3.40%", "5.10%"], "dataTypes": [{"type": "TEXT", "count": 2598, "shortest_values": [["s", 1], ["s", 1], ["s", 1], ["s", 1], ["s", 1]], "longest_values": [["100.00%", 7], ["100.00%", 7], ["100.00%", 7], ["100.00%", 7], ["100.00%", 7]], "average_length": 2.9399538106235577}]}, {"column_name": "Pct_of_graduates_achieving_APM", "number_non_empty_cells": 2598, "number_empty_cells": 0, "number_distinct_values": 465, "frequent_values": ["s", "0.00%", "33.30%", "14.30%", "100.00%"], "dataTypes": [{"type": "TEXT", "count": 2598, "shortest_values": [["s", 1], ["s", 1], ["s", 1], ["s", 1], ["s", 1]], "longest_values": [["100.00%", 7], ["100.00%", 7], ["100.00%", 7], ["100.00%", 7], ["100.00%", 7]], "average_length": 3.011547344110853}]}]}