{"dataset_name": "/user/hm74/NYCOpenData/5fsg-d8c9.tsv.gz", "columns": [{"column_name": "BN", "number_non_empty_cells": 1795, "number_empty_cells": 0, "number_distinct_values": 1658, "frequent_values": ["M505", "X241", "M550", "Q309", "M635"], "dataTypes": [{"type": "DATE/TIME", "count": 39, "max_value": "2019-12-07T00:00:59", "min_value": "2019-12-07T00:00:01"}, {"type": "TEXT", "count": 1756, "shortest_values": [["K036", 4], ["K053", 4], ["K140", 4], ["K141", 4], ["K231", 4]], "longest_values": [["K036", 4], ["K053", 4], ["K140", 4], ["K141", 4], ["K231", 4]], "average_length": 4.0}]}, {"column_name": "SCHOOL_NAME", "number_non_empty_cells": 1791, "number_empty_cells": 4, "number_distinct_values": 1657, "frequent_values": ["East Bronx Academy for the Future", "Bronx Academy of Letters", "Secondary School for Law", "Frederick Douglass Academy", "West Bronx Academy for the Future"], "dataTypes": [{"type": "TEXT", "count": 1795, "shortest_values": [["X723", 4], ["Kappa", 5], ["P.S. 36", 7], ["P.S. 66", 7], ["Kappa V", 7]], "longest_values": [["ROCKAWAY PARK HIGH SCHOOL FOR ENVIRONMENTAL SUSTAINABILITY", 58], ["Elementary School for Math, Science, and Technology", 51], ["P.S. 28 - The Thomas Emanuel Early Childhood Cente", 50], ["P.S. Q222 - Fire Fighter Christopher A. Santora Sc", 50], ["P.S. 228 Early Childhood Magnet School of the Arts", 50]], "average_length": 28.7526462395543}]}, {"column_name": "PROGRESS_REPORT_TYPE", "number_non_empty_cells": 1795, "number_empty_cells": 0, "number_distinct_values": 6, "frequent_values": ["EMS", "HS", "EC", "HST", "D75"], "dataTypes": [{"type": "TEXT", "count": 1795, "shortest_values": [["EC", 2], ["EC", 2], ["EC", 2], ["EC", 2], ["EC", 2]], "longest_values": [["YABC", 4], ["YABC", 4], ["YABC", 4], ["YABC", 4], ["YABC", 4]], "average_length": 2.7225626740947058}]}, {"column_name": "2010-11_PROGRESS_REPORT_GRADE", "number_non_empty_cells": 1795, "number_empty_cells": 0, "number_distinct_values": 7, "frequent_values": ["B", "C", "A", "None", "D"], "dataTypes": [{"type": "TEXT", "count": 1795, "shortest_values": [["A", 1], ["A", 1], ["F", 1], ["C", 1], ["B", 1]], "longest_values": [["Pending", 7], ["Pending", 7], ["Pending", 7], ["Pending", 7], ["Pending", 7]], "average_length": 1.3910863509749305}]}, {"column_name": "2009-10_PROGRESS_REPORT_GRADE", "number_non_empty_cells": 1795, "number_empty_cells": 0, "number_distinct_values": 6, "frequent_values": ["B", "C", "A", "None", "D"], "dataTypes": [{"type": "TEXT", "count": 1795, "shortest_values": [["C", 1], ["B", 1], ["D", 1], ["B", 1], ["C", 1]], "longest_values": [["None", 4], ["None", 4], ["None", 4], ["None", 4], ["None", 4]], "average_length": 1.4362116991643457}]}, {"column_name": "2008-09_PROGRESS_REPORT_GRADE", "number_non_empty_cells": 1795, "number_empty_cells": 0, "number_distinct_values": 6, "frequent_values": ["A", "None", "B", "C", "D"], "dataTypes": [{"type": "TEXT", "count": 1795, "shortest_values": [["A", 1], ["A", 1], ["A", 1], ["A", 1], ["A", 1]], "longest_values": [["None", 4], ["None", 4], ["None", 4], ["None", 4], ["None", 4]], "average_length": 1.6601671309192196}]}, {"column_name": "2007-08_PROGRESS_REPORT_GRADE", "number_non_empty_cells": 1795, "number_empty_cells": 0, "number_distinct_values": 6, "frequent_values": ["B", "A", "None", "C", "D"], "dataTypes": [{"type": "TEXT", "count": 1795, "shortest_values": [["B", 1], ["A", 1], ["A", 1], ["A", 1], ["A", 1]], "longest_values": [["None", 4], ["None", 4], ["None", 4], ["None", 4], ["None", 4]], "average_length": 1.7387186629526454}]}, {"column_name": "2006-07_PROGRESS_REPORT_GRADE", "number_non_empty_cells": 1795, "number_empty_cells": 0, "number_distinct_values": 6, "frequent_values": ["None", "B", "C", "A", "D"], "dataTypes": [{"type": "TEXT", "count": 1795, "shortest_values": [["B", 1], ["B", 1], ["C", 1], ["F", 1], ["B", 1]], "longest_values": [["None", 4], ["None", 4], ["None", 4], ["None", 4], ["None", 4]], "average_length": 1.8924791086351012}]}]}