{"dataset_name": "/user/hm74/NYCOpenData/5fsv-ze7v.tsv.gz", "columns": [{"column_name": "MEETING_DATE", "number_non_empty_cells": 958, "number_empty_cells": 0, "number_distinct_values": 13, "frequent_values": ["05/22/2017", "06/19/2017", "10/16/2017", "09/18/2017", "04/24/2017"], "dataTypes": [{"type": "DATE/TIME", "count": 957, "max_value": "2017-12-11T00:00:00", "min_value": "2017-01-18T00:00:00"}, {"type": "TEXT", "count": 1, "shortest_values": [["retail buildings and a mixed-use building, the rehabilitation of Building B and the Timber Shed, and adjacent site work, Brooklyn Navy Yard Industrial Park, Navy Street, Flushing Avenue, Brooklyn\"", 196]], "longest_values": [["retail buildings and a mixed-use building, the rehabilitation of Building B and the Timber Shed, and adjacent site work, Brooklyn Navy Yard Industrial Park, Navy Street, Flushing Avenue, Brooklyn\"", 196]], "average_length": 196.0}]}, {"column_name": "PROJECT_ID", "number_non_empty_cells": 958, "number_empty_cells": 0, "number_distinct_values": 712, "frequent_values": ["17035", "16986", "7964", "12125", "16771"], "dataTypes": [{"type": "INTEGER (LONG)", "count": 957, "max_value": 20286, "min_value": 3968, "mean": 15792.848484848477, "stddev": 3180.478218780338}, {"type": "TEXT", "count": 1, "shortest_values": [["Brooklyn", 8]], "longest_values": [["Brooklyn", 8]], "average_length": 8.0}]}, {"column_name": "TITLE", "number_non_empty_cells": 958, "number_empty_cells": 0, "number_distinct_values": 683, "frequent_values": ["Construction of Cary Leeds Tennis Center, including a clubhouse, Crotona Park, Crotona Park South, Crotona Park East, Crotona Park North and Fulton Avenue, Bronx", "Construction of a concrete facility (Ferrara Brothers), 730 3rd Avenue between 24th Street, 25th Street, and the Gowanus Canal, Brooklyn", "Rehabilitation of the ground floor and adjacent site work, Building 77, Brooklyn Navy Yard Industrial Park, 63 Flushing Avenue, Brooklyn", "Construction of a garage, Brooklyn Community District 3, 559 Park Avenue, Brooklyn", "Construction of an executive education center and hotel as part of Phase I of the construction of Cornell University/Technion-Israel Institute of Technology\u2019s applied sciences campus, Roosevelt Island, Manhattan"], "dataTypes": [{"type": "TEXT", "count": 958, "shortest_values": [["BNYDC", 5], ["Times Square bollards", 21], ["520 Park Avenue planters", 24], ["Lyons Square Park comfort station, Bronx", 40], ["Renovation of NYPD Times Square substation", 42]], "longest_values": [["Reconstruction of a playground, including the installation of an artificial turf field and adult fitness equipment and construction of a prototypical comfort station, as Phase II of the reconstruction of Highbridge Park, Edgecombe Avenue, West 163rd to West 168th Street, and West 175th Street to West 176th Street, Manhattan", 325], ["Construction of Admiral\u2019s Row Plaza, including the construction of two retail buildings and a mixed-use building, the rehabilitation of Building B and the Timber Shed, and adjacent site work, Brooklyn Navy Yard Industrial Park, Navy Street, Flushing Avenue, Fourth Street and Gate Street, Brooklyn", 297], ["Construction of Admiral\u2019s Row Plaza, including the construction of two retail buildings and a mixed-use building, the rehabilitation of Building B and the Timber Shed, and adjacent site work, Brooklyn Navy Yard Industrial Park, Navy Street, Flushing Avenue, Fourth Street and Gate Street, Brooklyn", 297], ["Construction of Parachute Way Plaza, including the installation of an artwork by Xenobia Bailey and the relocation of the Jackie Robinson and Pee Wee Reese Memorial (2005) by William Behrends, between Surf Avenue and the boardwalk, as part of the Coney Island Infrastructure Project, Brooklyn", 292], ["Installation of streetscape improvements, Manhattanville/West Harlem, 125th Street between Marginal Street and Old Broadway, Old Broadway between 125th Street and 126th Street, Broadway between 124th Street and 126th Street and St. Claire Place between West 125th Street and Marginal Street", 290]], "average_length": 129.67640918580372}]}, {"column_name": "BOROUGH", "number_non_empty_cells": 956, "number_empty_cells": 2, "number_distinct_values": 9, "frequent_values": ["Manhattan", "Brooklyn", "Queens", "Bronx", "Staten Island"], "dataTypes": [{"type": "TEXT", "count": 956, "shortest_values": [["Bronx", 5], ["Bronx", 5], ["Bronx", 5], ["Bronx", 5], ["Bronx", 5]], "longest_values": [["Manhattan/Brooklyn", 18], ["Manhattan/Brooklyn", 18], ["Staten Island", 13], ["Staten Island", 13], ["Staten Island", 13]], "average_length": 7.825313807531375}]}, {"column_name": "LEAD_AGENCY", "number_non_empty_cells": 957, "number_empty_cells": 1, "number_distinct_values": 27, "frequent_values": ["DPR", "DDC", "DEP", "DOT", "EDC"], "dataTypes": [{"type": "TEXT", "count": 957, "shortest_values": [["QL", 2], ["EM", 2], ["EM", 2], ["QL", 2], ["QL", 2]], "longest_values": [["Public and Private", 18], ["DCLA%", 5], ["BNYDC", 5], ["NYCEM", 5], ["NYCEM", 5]], "average_length": 3.212121212121215}]}, {"column_name": "SECONDARY_AGENCY", "number_non_empty_cells": 267, "number_empty_cells": 691, "number_distinct_values": 50, "frequent_values": ["DOT", "DPR", "PPA", "DEP", "CPC"], "dataTypes": [{"type": "TEXT", "count": 267, "shortest_values": [["MF", 2], ["MF", 2], ["MF", 2], ["QL", 2], ["DOT", 3]], "longest_values": [["DOT/DCAS/DOE", 12], ["Architecture", 12], ["NYRP/ROWNY", 10], ["DPR/DCLA%", 9], ["DCLA/WCS", 8]], "average_length": 3.8277153558052435}]}, {"column_name": "PUBLIC_PRIVATE", "number_non_empty_cells": 957, "number_empty_cells": 1, "number_distinct_values": 5, "frequent_values": ["Public", "Private", "Public and Private", "Construction", null], "dataTypes": [{"type": "TEXT", "count": 957, "shortest_values": [["Public", 6], ["Public", 6], ["Public", 6], ["Public", 6], ["Public", 6]], "longest_values": [["Public and Private", 18], ["Public and Private", 18], ["Public and Private", 18], ["Public and Private", 18], ["Public and Private", 18]], "average_length": 6.919540229885049}]}, {"column_name": "PROJECT_TYPE", "number_non_empty_cells": 957, "number_empty_cells": 1, "number_distinct_values": 10, "frequent_values": ["Landscape architecture", "Architecture", "Building systems & Modifications", "Newsstands", "Streetscape"], "dataTypes": [{"type": "TEXT", "count": 957, "shortest_values": [["Bridge", 6], ["Bridge", 6], ["Bridge", 6], ["Bridge", 6], ["Bridge", 6]], "longest_values": [["Building systems & Modifications", 32], ["Building systems & Modifications", 32], ["Building systems & Modifications", 32], ["Building systems & Modifications", 32], ["Building systems & Modifications", 32]], "average_length": 18.254963427377263}]}, {"column_name": "CONSTRUCTION_TYPE", "number_non_empty_cells": 956, "number_empty_cells": 2, "number_distinct_values": 13, "frequent_values": ["Installation", "Reconstruction", "Construction", "Rehabilitation", "Design"], "dataTypes": [{"type": "TEXT", "count": 956, "shortest_values": [["Design", 6], ["Design", 6], ["Design", 6], ["Design", 6], ["Design", 6]], "longest_values": [["Rehabilitation", 14], ["Reconstruction", 14], ["Reconstruction", 14], ["Rehabilitation", 14], ["Reconstruction", 14]], "average_length": 12.585774058577393}]}, {"column_name": "RESULT", "number_non_empty_cells": 956, "number_empty_cells": 2, "number_distinct_values": 7, "frequent_values": ["Commented", "Approved", "Approved with conditions", "Found incomplete", "Withdrawn"], "dataTypes": [{"type": "TEXT", "count": 956, "shortest_values": [["Approved", 8], ["Approved", 8], ["Approved", 8], ["Approved", 8], ["Approved", 8]], "longest_values": [["Approved with conditions", 24], ["Approved with conditions", 24], ["Approved with conditions", 24], ["Approved with conditions", 24], ["Approved with conditions", 24]], "average_length": 10.770920502092045}]}, {"column_name": "REVIEW_CYCLES", "number_non_empty_cells": 434, "number_empty_cells": 524, "number_distinct_values": 4, "frequent_values": [1, 2, 3, null], "dataTypes": [{"type": "INTEGER (LONG)", "count": 434, "max_value": 3, "min_value": 1, "mean": 1.1958525345622115, "stddev": 0.46626403825424095}]}, {"column_name": "2016_SUBMISSION", "number_non_empty_cells": 58, "number_empty_cells": 900, "number_distinct_values": 2, "frequent_values": ["x", null], "dataTypes": [{"type": "TEXT", "count": 58, "shortest_values": [["x", 1], ["x", 1], ["x", 1], ["x", 1], ["x", 1]], "longest_values": [["x", 1], ["x", 1], ["x", 1], ["x", 1], ["x", 1]], "average_length": 1.0}]}]}