{"dataset_name": "/user/hm74/NYCOpenData/5g59-fxev.tsv.gz", "columns": [{"column_name": "DBN", "number_non_empty_cells": 13887, "number_empty_cells": 0, "number_distinct_values": 45, "frequent_values": ["27Q215", "11X142", "08X295", "03M283", "19K302"], "dataTypes": [{"type": "INTEGER (LONG)", "count": 1, "max_value": 1, "min_value": 1, "mean": 1.0, "stddev": 0.0}, {"type": "DATE/TIME", "count": 770, "max_value": "2019-12-08T00:04:13", "min_value": "2019-12-08T00:04:13"}, {"type": "TEXT", "count": 13116, "shortest_values": [["#", 1], ["GPA", 3], ["DBN", 3], ["02M429", 6], ["02M429", 6]], "longest_values": [["List any additional information in order to provide context to the data for someone not familiar with your agency's operations.", 127], ["What are the idiosyncrasies or limitations of the data to be aware of?", 70], ["What does each record represent?", 32], ["Why is this data collected?", 27], ["How is this data collected?", 27]], "average_length": 6.031030802073801}]}, {"column_name": "SchoolName", "number_non_empty_cells": 13885, "number_empty_cells": 2, "number_distinct_values": 37, "frequent_values": ["Samuel Gompers Career and Technical Education High School", "MS 142 John Philip Sousa", "Gateway School for Environmental Research and Technology", "M.S. 203", "General D. Chappie James Middle School of Science"], "dataTypes": [{"type": "DATE/TIME", "count": 1, "max_value": "2017-05-09T00:00:00", "min_value": "2017-05-09T00:00:00"}, {"type": "TEXT", "count": 13886, "shortest_values": [["No Data", 7], ["No Data", 7], ["No Data", 7], ["No Data", 7], ["No Data", 7]], "longest_values": [["Cells with 0 to 9 cases were suppressed throughout the discharge reporting. In some cases, cells with higher counts were suppressed if that information would result in the ability to determine the values of suppressed cells though subtraction. ", 244], ["In June 2015, 18 New York City public schools closed for poor performance.  This report provides data regarding students enrolled in these schools during the 2014-2015 school year, according to the guidelines set by Local Law 2011/043", 234], ["DBN CODE: a character code used to identify a school and its location. It is formed by concatenating the school district code, the school borough code, and the school number.", 174], ["DBN CODE: a character code used to identify a school and its location. It is formed by concatenating the school district code, the school borough code, and the school number.", 174], ["LOCATION NAME: the name by which the organization is known. For a learning community, it is the official title of the school.", 125]], "average_length": 35.04320898746951}]}, {"column_name": "ByGroup", "number_non_empty_cells": 13876, "number_empty_cells": 11, "number_distinct_values": 13, "frequent_values": ["Age by Discharge Code", "Grade by Discharge Code", "Ethnicity by Discharge Code", "English Language Learner Status by Discharge Code", "Gender by Discharge Code"], "dataTypes": [{"type": "TEXT", "count": 13876, "shortest_values": [["No Data", 7], ["No Data", 7], ["No Data", 7], ["No Data", 7], ["No Data", 7]], "longest_values": [["English Language Learner Status by Discharge Code", 49], ["English Language Learner Status by Discharge Code", 49], ["English Language Learner Status by Discharge Code", 49], ["English Language Learner Status by Discharge Code", 49], ["English Language Learner Status by Discharge Code", 49]], "average_length": 25.30260882098575}]}, {"column_name": "Demographic", "number_non_empty_cells": 13876, "number_empty_cells": 11, "number_distinct_values": 40, "frequent_values": ["11 yrs old", "18 yrs old", "19 yrs old", "Grade 10", "15 yrs old"], "dataTypes": [{"type": "TEXT", "count": 13876, "shortest_values": [["all", 3], ["all", 3], ["all", 3], ["all", 3], ["all", 3]], "longest_values": [["Examples: 02M001, 13K001, 31R080, 30Q502, 08X001", 48], ["Examples: 02M001, 13K001, 31R080, 30Q502, 08X001", 48], ["Data Type: VARCHAR2, Length: 100", 32], ["Data Type: VARCHAR2, Length: 100", 32], ["Data Type: VARCHAR2, Length: 100", 32]], "average_length": 8.084246180455503}]}, {"column_name": "DischargeCode", "number_non_empty_cells": 13862, "number_empty_cells": 25, "number_distinct_values": 25, "frequent_values": ["Discharged to a School outside of New York City. Missing documentation.", "Over 21 Years of Age", "Transferred to a full-Time DOE GED program", "Received High School Regents Diploma with Honors", "Discharged to a School outside of New York City"], "dataTypes": [{"type": "TEXT", "count": 13862, "shortest_values": [["All", 3], ["All", 3], ["All", 3], ["All", 3], ["All", 3]], "longest_values": [["Previously Discharged from DOE School with an IEP Diploma, GED or Dropout Code", 78], ["Previously Discharged from DOE School with an IEP Diploma, GED or Dropout Code", 78], ["Previously Discharged from DOE School with an IEP Diploma, GED or Dropout Code", 78], ["Previously Discharged from DOE School with an IEP Diploma, GED or Dropout Code", 78], ["Previously Discharged from DOE School with an IEP Diploma, GED or Dropout Code", 78]], "average_length": 48.58692829317552}]}, {"column_name": "#", "number_non_empty_cells": 13862, "number_empty_cells": 25, "number_distinct_values": 207, "frequent_values": ["s", "10", "11", "17", "16"], "dataTypes": [{"type": "INTEGER (LONG)", "count": 761, "max_value": 602, "min_value": 10, "mean": 69.07227332457296, "stddev": 82.16282210559902}, {"type": "TEXT", "count": 13101, "shortest_values": [["s", 1], ["s", 1], ["s", 1], ["s", 1], ["s", 1]], "longest_values": [["Additional Notes (where applicable, include the  range of possible values, units of measure, how to interpret null/zero values, whether there are specific relationships between columns, and information on column source)", 219], ["Date", 4], ["s", 1], ["s", 1], ["s", 1]], "average_length": 1.0168689413021907}]}, {"column_name": "%_within_Demographic", "number_non_empty_cells": 13861, "number_empty_cells": 26, "number_distinct_values": 433, "frequent_values": ["s", "1.0000", "0.5000", "0.3750", "0.9535"], "dataTypes": [{"type": "REAL", "count": 761, "max_value": 1.0, "min_value": 0.0207, "mean": 0.636667279894875, "stddev": 0.3877818842730967}, {"type": "TEXT", "count": 13100, "shortest_values": [["s", 1], ["s", 1], ["s", 1], ["s", 1], ["s", 1]], "longest_values": [["Change Highlights", 17], ["s", 1], ["s", 1], ["s", 1], ["s", 1]], "average_length": 1.0012213740458016}]}, {"column_name": "Total_#_within_Demographic", "number_non_empty_cells": 13861, "number_empty_cells": 26, "number_distinct_values": 160, "frequent_values": ["s", "10", "17", "16", "80"], "dataTypes": [{"type": "INTEGER (LONG)", "count": 6006, "max_value": 602, "min_value": 10, "mean": 101.45054945054987, "stddev": 97.68581584300874}, {"type": "TEXT", "count": 7855, "shortest_values": [["s", 1], ["s", 1], ["s", 1], ["s", 1], ["s", 1]], "longest_values": [["Comments", 8], ["s", 1], ["s", 1], ["s", 1], ["s", 1]], "average_length": 1.0008911521323998}]}]}