{"dataset_name": "/user/hm74/NYCOpenData/5ghg-dyn6.tsv.gz", "columns": [{"column_name": "School_Year", "number_non_empty_cells": 2642, "number_empty_cells": 0, "number_distinct_values": 1, "frequent_values": ["2018-2019"], "dataTypes": [{"type": "TEXT", "count": 2642, "shortest_values": [["2018-2019", 9], ["2018-2019", 9], ["2018-2019", 9], ["2018-2019", 9], ["2018-2019", 9]], "longest_values": [["2018-2019", 9], ["2018-2019", 9], ["2018-2019", 9], ["2018-2019", 9], ["2018-2019", 9]], "average_length": 9.0}]}, {"column_name": "OPT_Code", "number_non_empty_cells": 2642, "number_empty_cells": 0, "number_distinct_values": 2642, "frequent_values": [3749, 5518, 7554, 10206, 11458], "dataTypes": [{"type": "INTEGER (LONG)", "count": 2642, "max_value": 75887, "min_value": 1004, "mean": 17221.373202119597, "stddev": 9394.918798606419}]}, {"column_name": "Total_Field_Trips", "number_non_empty_cells": 2642, "number_empty_cells": 0, "number_distinct_values": 244, "frequent_values": [1, 3, 2, 4, 7], "dataTypes": [{"type": "INTEGER (LONG)", "count": 2642, "max_value": 3331, "min_value": 1, "mean": 53.1593489780469, "stddev": 164.28119519717603}]}, {"column_name": "Total_Vehicles", "number_non_empty_cells": 2642, "number_empty_cells": 0, "number_distinct_values": 341, "frequent_values": [2, 4, 1, 3, 6], "dataTypes": [{"type": "INTEGER (LONG)", "count": 2642, "max_value": 3821, "min_value": 1, "mean": 85.28160484481451, "stddev": 202.94052790786483}]}, {"column_name": "Total_Passengers", "number_non_empty_cells": 2642, "number_empty_cells": 0, "number_distinct_values": 1867, "frequent_values": [33, 88, 122, 28, 106], "dataTypes": [{"type": "INTEGER (LONG)", "count": 2642, "max_value": 44522, "min_value": 2, "mean": 2063.8315669947046, "stddev": 3053.815592251588}]}, {"column_name": "Unique_Destinations", "number_non_empty_cells": 2642, "number_empty_cells": 0, "number_distinct_values": 77, "frequent_values": [1, 2, 3, 5, 4], "dataTypes": [{"type": "INTEGER (LONG)", "count": 2642, "max_value": 127, "min_value": 1, "mean": 16.260030280090835, "stddev": 14.019889073318375}]}]}