{"dataset_name": "/user/hm74/NYCOpenData/5gxs-yzxw.tsv.gz", "columns": [{"column_name": "DBN", "number_non_empty_cells": 1470, "number_empty_cells": 0, "number_distinct_values": 405, "frequent_values": ["07X527", "02M529", "01M539", "29Q265", "03M404"], "dataTypes": [{"type": "DATE/TIME", "count": 4, "max_value": "2019-12-07T00:02:47", "min_value": "2019-12-07T00:02:47"}, {"type": "TEXT", "count": 1466, "shortest_values": [["01M292", 6], ["01M292", 6], ["01M292", 6], ["01M292", 6], ["01M448", 6]], "longest_values": [["01M292", 6], ["01M292", 6], ["01M292", 6], ["01M292", 6], ["01M448", 6]], "average_length": 6.0}]}, {"column_name": "School_Name", "number_non_empty_cells": 1307, "number_empty_cells": 163, "number_distinct_values": 405, "frequent_values": ["IN TECH ACADEMY (MS/HS 368)", "EBC/ENY HIGH SCHOOL FOR PUBLIC SAFETY", "FIORELLO H LAGUARDIA HIGH SCHOOL OF MUSIC", "SECONDARY SCHOOL FOR RESEARCH", "EDWARD R MURROW HIGH SCHOOL"], "dataTypes": [{"type": "TEXT", "count": 1470, "shortest_values": [["OLYMPUS ACADEMY", 15], ["OLYMPUS ACADEMY", 15], ["OLYMPUS ACADEMY", 15], ["OLYMPUS ACADEMY", 15], ["PACE HIGH SCHOOL", 16]], "longest_values": [["NEW EXPLORATIONS INTO SCIENCE,TECH AND MATH SCHOOL", 50], ["NEW EXPLORATIONS INTO SCIENCE,TECH AND MATH SCHOOL", 50], ["NEW EXPLORATIONS INTO SCIENCE,TECH AND MATH SCHOOL", 50], ["NEW EXPLORATIONS INTO SCIENCE,TECH AND MATH SCHOOL", 50], ["HIGH SCHOOL FOR HEALTH PROFESSIONS & HUMAN SERVICE", 50]], "average_length": 34.403401360544244}]}, {"column_name": "Cohort_Year", "number_non_empty_cells": 1470, "number_empty_cells": 0, "number_distinct_values": 2, "frequent_values": [2007, 2006], "dataTypes": [{"type": "INTEGER (LONG)", "count": 1470, "max_value": 2007, "min_value": 2006, "mean": 2006.5074829931975, "stddev": 0.49994400167700054}]}, {"column_name": "Demographic", "number_non_empty_cells": 1470, "number_empty_cells": 0, "number_distinct_values": 2, "frequent_values": ["Not Student with Disability", "Student with Disability"], "dataTypes": [{"type": "TEXT", "count": 1470, "shortest_values": [["Student with Disability", 23], ["Student with Disability", 23], ["Student with Disability", 23], ["Student with Disability", 23], ["Student with Disability", 23]], "longest_values": [["Not Student with Disability", 27], ["Not Student with Disability", 27], ["Not Student with Disability", 27], ["Not Student with Disability", 27], ["Not Student with Disability", 27]], "average_length": 25.065306122448956}]}, {"column_name": "Total_Cohort_Num", "number_non_empty_cells": 1470, "number_empty_cells": 0, "number_distinct_values": 301, "frequent_values": ["1", "15", "8", "2", "5"], "dataTypes": [{"type": "INTEGER (LONG)", "count": 1465, "max_value": 980, "min_value": 1, "mean": 94.53924914675768, "stddev": 155.6997767280235}, {"type": "DATE/TIME", "count": 5, "max_value": "2047-01-07T00:00:00", "min_value": "0112-01-07T00:00:00"}]}, {"column_name": "Total_Grads_Num", "number_non_empty_cells": 1470, "number_empty_cells": 0, "number_distinct_values": 249, "frequent_values": ["0", "4", "3", "2", "1"], "dataTypes": [{"type": "INTEGER (LONG)", "count": 1469, "max_value": 997, "min_value": 0, "mean": 61.76718856364873, "stddev": 122.65051152436224}, {"type": "DATE/TIME", "count": 1, "max_value": "2035-01-07T00:00:00", "min_value": "2035-01-07T00:00:00"}]}, {"column_name": "Num_achieving_APM_", "number_non_empty_cells": 1470, "number_empty_cells": 0, "number_distinct_values": 150, "frequent_values": ["s", "4", "6", "5", "2"], "dataTypes": [{"type": "INTEGER (LONG)", "count": 718, "max_value": 961, "min_value": 0, "mean": 42.582172701949865, "stddev": 100.05599164926234}, {"type": "DATE/TIME", "count": 1, "max_value": "2019-01-11T00:00:00", "min_value": "2019-01-11T00:00:00"}, {"type": "TEXT", "count": 751, "shortest_values": [["s", 1], ["s", 1], ["s", 1], ["s", 1], ["s", 1]], "longest_values": [["s", 1], ["s", 1], ["s", 1], ["s", 1], ["s", 1]], "average_length": 1.0}]}, {"column_name": "Pct_of_cohort_achieving_APM", "number_non_empty_cells": 1470, "number_empty_cells": 0, "number_distinct_values": 327, "frequent_values": ["s", "0.00%", "4.90%", "4.30%", "2.20%"], "dataTypes": [{"type": "TEXT", "count": 1470, "shortest_values": [["s", 1], ["s", 1], ["s", 1], ["s", 1], ["s", 1]], "longest_values": [["11.70%", 6], ["16.20%", 6], ["17.60%", 6], ["19.70%", 6], ["32.80%", 6]], "average_length": 3.193197278911567}]}, {"column_name": "Pct_of_graduates_achieving_APM", "number_non_empty_cells": 1470, "number_empty_cells": 0, "number_distinct_values": 357, "frequent_values": ["s", "0.00%", "4.30%", "12.50%", "6.30%"], "dataTypes": [{"type": "TEXT", "count": 1470, "shortest_values": [["s", 1], ["s", 1], ["s", 1], ["s", 1], ["s", 1]], "longest_values": [["100.00%", 7], ["100.00%", 7], ["18.40%", 6], ["12.90%", 6], ["33.30%", 6]], "average_length": 3.2809523809523804}]}]}