{"dataset_name": "/user/hm74/NYCOpenData/5hb6-gnie.tsv.gz", "columns": [{"column_name": "School Year", "number_non_empty_cells": 538, "number_empty_cells": 0, "number_distinct_values": 1, "frequent_values": ["2013-14"], "dataTypes": [{"type": "TEXT", "count": 538, "shortest_values": [["2013-14", 7], ["2013-14", 7], ["2013-14", 7], ["2013-14", 7], ["2013-14", 7]], "longest_values": [["2013-14", 7], ["2013-14", 7], ["2013-14", 7], ["2013-14", 7], ["2013-14", 7]], "average_length": 7.0}]}, {"column_name": "Geographic Unit", "number_non_empty_cells": 538, "number_empty_cells": 0, "number_distinct_values": 40, "frequent_values": ["Citywide", "Brooklyn", "Queens", "Manhattan", "District 02"], "dataTypes": [{"type": "TEXT", "count": 538, "shortest_values": [["Bronx", 5], ["Bronx", 5], ["Bronx", 5], ["Bronx", 5], ["Bronx", 5]], "longest_values": [["Staten Island", 13], ["Staten Island", 13], ["Staten Island", 13], ["Staten Island", 13], ["Staten Island", 13]], "average_length": 10.460966542750924}]}, {"column_name": "Category", "number_non_empty_cells": 538, "number_empty_cells": 0, "number_distinct_values": 10, "frequent_values": ["All Students", "2011 Cohort", "2010 Cohort", "2012 Cohort", "2013 Cohort"], "dataTypes": [{"type": "TEXT", "count": 538, "shortest_values": [["2005 Cohort", 11], ["2006 Cohort", 11], ["2006 Cohort", 11], ["2007 Cohort", 11], ["2007 Cohort", 11]], "longest_values": [["All Students", 12], ["All Students", 12], ["All Students", 12], ["All Students", 12], ["All Students", 12]], "average_length": 11.14869888475838}]}, {"column_name": "Discharge Type", "number_non_empty_cells": 538, "number_empty_cells": 0, "number_distinct_values": 2, "frequent_values": ["Drop Out", "Discharge out of NYC School"], "dataTypes": [{"type": "TEXT", "count": 538, "shortest_values": [["Drop Out", 8], ["Drop Out", 8], ["Drop Out", 8], ["Drop Out", 8], ["Drop Out", 8]], "longest_values": [["Discharge out of NYC School", 27], ["Discharge out of NYC School", 27], ["Discharge out of NYC School", 27], ["Discharge out of NYC School", 27], ["Discharge out of NYC School", 27]], "average_length": 16.440520446096684}]}, {"column_name": "# of Discharges", "number_non_empty_cells": 538, "number_empty_cells": 0, "number_distinct_values": 100, "frequent_values": ["*", "10", "11", "17", "14"], "dataTypes": [{"type": "INTEGER (LONG)", "count": 233, "max_value": 999, "min_value": 10, "mean": 71.16309012875541, "stddev": 125.17568430962315}, {"type": "DATE/TIME", "count": 1, "max_value": "0348-02-06T00:00:00", "min_value": "0348-02-06T00:00:00"}, {"type": "TEXT", "count": 304, "shortest_values": [["*", 1], ["*", 1], ["*", 1], ["*", 1], ["*", 1]], "longest_values": [["*", 1], ["*", 1], ["*", 1], ["*", 1], ["*", 1]], "average_length": 1.0}]}, {"column_name": "Total Enrolled Students", "number_non_empty_cells": 538, "number_empty_cells": 0, "number_distinct_values": 254, "frequent_values": ["*", "21", "102", "26", "307"], "dataTypes": [{"type": "INTEGER (LONG)", "count": 389, "max_value": 992, "min_value": 10, "mean": 291.4190231362468, "stddev": 231.5660038451995}, {"type": "DATE/TIME", "count": 104, "max_value": "2061-01-06T00:00:00", "min_value": "0106-01-06T00:00:00"}, {"type": "TEXT", "count": 45, "shortest_values": [["*", 1], ["*", 1], ["*", 1], ["*", 1], ["*", 1]], "longest_values": [["52,579", 6], ["52,579", 6], ["11,502", 6], ["11,502", 6], ["12,705", 6]], "average_length": 2.733333333333334}]}]}