{"dataset_name": "/user/hm74/NYCOpenData/5hcy-6f3q.tsv.gz", "columns": [{"column_name": "Geographic_Unit", "number_non_empty_cells": 5668, "number_empty_cells": 0, "number_distinct_values": 530, "frequent_values": ["10X141", "75Q023", "14K318", "24Q125", "11X144"], "dataTypes": [{"type": "DATE/TIME", "count": 73, "max_value": "2019-12-08T00:06:52", "min_value": "2019-12-08T00:01:34"}, {"type": "TEXT", "count": 5595, "shortest_values": [["01M184", 6], ["01M188", 6], ["01M292", 6], ["01M301", 6], ["01M332", 6]], "longest_values": [["01M184", 6], ["01M188", 6], ["01M292", 6], ["01M301", 6], ["01M332", 6]], "average_length": 6.0}]}, {"column_name": "School_Name", "number_non_empty_cells": 5401, "number_empty_cells": 267, "number_distinct_values": 530, "frequent_values": ["RIVERDALE  KINGSBRIDGE ACADEMY", "PS Q023 @ QUEENS CHILDREN CENTER", "IS 318 EUGENIO MARIA DE HOSTOS", "IS 125 THOM J MCCANN WOODSIDE", "IS 117 JOSEPH H WADE"], "dataTypes": [{"type": "TEXT", "count": 5668, "shortest_values": [["KAPPA", 5], ["KAPPA", 5], ["PS 66", 5], ["PS 36", 5], ["KAPPA", 5]], "longest_values": [["PS 128 THE LORRAINE TUZZO JUNIPER VALLEY ELEMENTARY SCHOOL", 58], ["PS 128 THE LORRAINE TUZZO JUNIPER VALLEY ELEMENTARY SCHOOL", 58], ["PS 128 THE LORRAINE TUZZO JUNIPER VALLEY ELEMENTARY SCHOOL", 58], ["PS 128 THE LORRAINE TUZZO JUNIPER VALLEY ELEMENTARY SCHOOL", 58], ["PS 128 THE LORRAINE TUZZO JUNIPER VALLEY ELEMENTARY SCHOOL", 58]], "average_length": 24.058045165843346}]}, {"column_name": "Student_Category", "number_non_empty_cells": 5668, "number_empty_cells": 0, "number_distinct_values": 23, "frequent_values": ["All Students", "Not ELL", "Not SWD", "Hispanic", "12 years old"], "dataTypes": [{"type": "TEXT", "count": 5668, "shortest_values": [["ELL", 3], ["ELL", 3], ["ELL", 3], ["ELL", 3], ["ELL", 3]], "longest_values": [["Unknown Ethnicity", 17], ["Unknown Ethnicity", 17], ["Unknown Ethnicity", 17], ["Unknown Ethnicity", 17], ["Unknown Ethnicity", 17]], "average_length": 8.439484827099497}]}, {"column_name": "Code_Type", "number_non_empty_cells": 5668, "number_empty_cells": 0, "number_distinct_values": 2, "frequent_values": ["Discharge out of NYC School", "Drop Out"], "dataTypes": [{"type": "TEXT", "count": 5668, "shortest_values": [["Drop Out", 8], ["Drop Out", 8], ["Drop Out", 8], ["Drop Out", 8], ["Drop Out", 8]], "longest_values": [["Discharge out of NYC School", 27], ["Discharge out of NYC School", 27], ["Discharge out of NYC School", 27], ["Discharge out of NYC School", 27], ["Discharge out of NYC School", 27]], "average_length": 24.760762173606164}]}, {"column_name": "Count_of_Students", "number_non_empty_cells": 5668, "number_empty_cells": 0, "number_distinct_values": 62, "frequent_values": ["s", "11", "10", "12", "13"], "dataTypes": [{"type": "INTEGER (LONG)", "count": 666, "max_value": 94, "min_value": 10, "mean": 20.840840840840823, "stddev": 14.80063351502698}, {"type": "TEXT", "count": 5002, "shortest_values": [["s", 1], ["s", 1], ["s", 1], ["s", 1], ["s", 1]], "longest_values": [["s", 1], ["s", 1], ["s", 1], ["s", 1], ["s", 1]], "average_length": 1.0}]}, {"column_name": "Total_Enrolled_Students", "number_non_empty_cells": 5668, "number_empty_cells": 0, "number_distinct_values": 773, "frequent_values": ["s", "49", "51", "62", "61"], "dataTypes": [{"type": "INTEGER (LONG)", "count": 5378, "max_value": 2307, "min_value": 10, "mean": 213.94347341018926, "stddev": 261.5640596689631}, {"type": "TEXT", "count": 290, "shortest_values": [["s", 1], ["s", 1], ["s", 1], ["s", 1], ["s", 1]], "longest_values": [["s", 1], ["s", 1], ["s", 1], ["s", 1], ["s", 1]], "average_length": 1.0}]}]}