{"dataset_name": "/user/hm74/NYCOpenData/5hiy-kwc2.tsv.gz", "columns": [{"column_name": "Borough", "number_non_empty_cells": 350, "number_empty_cells": 0, "number_distinct_values": 5, "frequent_values": ["QUEENS", "BROOKLYN", "BRONX", "MANHATTAN", "STATEN ISLAND"], "dataTypes": [{"type": "TEXT", "count": 350, "shortest_values": [["BRONX", 5], ["BRONX", 5], ["BRONX", 5], ["BRONX", 5], ["BRONX", 5]], "longest_values": [["STATEN ISLAND", 13], ["STATEN ISLAND", 13], ["STATEN ISLAND", 13], ["STATEN ISLAND", 13], ["STATEN ISLAND", 13]], "average_length": 8.200000000000001}]}, {"column_name": "Grade", "number_non_empty_cells": 350, "number_empty_cells": 0, "number_distinct_values": 7, "frequent_values": ["7", "3", "8", "5", "6"], "dataTypes": [{"type": "INTEGER (LONG)", "count": 300, "max_value": 8, "min_value": 3, "mean": 5.499999999999999, "stddev": 1.707825127659933}, {"type": "TEXT", "count": 50, "shortest_values": [["All Grades", 10], ["All Grades", 10], ["All Grades", 10], ["All Grades", 10], ["All Grades", 10]], "longest_values": [["All Grades", 10], ["All Grades", 10], ["All Grades", 10], ["All Grades", 10], ["All Grades", 10]], "average_length": 10.0}]}, {"column_name": "Year", "number_non_empty_cells": 350, "number_empty_cells": 0, "number_distinct_values": 5, "frequent_values": [2015, 2013, 2014, 2016, 2017], "dataTypes": [{"type": "INTEGER (LONG)", "count": 350, "max_value": 2017, "min_value": 2013, "mean": 2015.0000000000011, "stddev": 1.4142135623730876}]}, {"column_name": "Category", "number_non_empty_cells": 350, "number_empty_cells": 0, "number_distinct_values": 2, "frequent_values": ["Female", "Male"], "dataTypes": [{"type": "TEXT", "count": 350, "shortest_values": [["Male", 4], ["Male", 4], ["Male", 4], ["Male", 4], ["Male", 4]], "longest_values": [["Female", 6], ["Female", 6], ["Female", 6], ["Female", 6], ["Female", 6]], "average_length": 5.0}]}, {"column_name": "Number_Tested", "number_non_empty_cells": 350, "number_empty_cells": 0, "number_distinct_values": 340, "frequent_values": [10424, 2099, 10134, 10207, 2199], "dataTypes": [{"type": "INTEGER (LONG)", "count": 350, "max_value": 63962, "min_value": 1932, "mean": 11507.32, "stddev": 14049.201270449506}]}, {"column_name": "Mean_Scale_Score", "number_non_empty_cells": 350, "number_empty_cells": 0, "number_distinct_values": 46, "frequent_values": [301, 306, 298, 308, 309], "dataTypes": [{"type": "INTEGER (LONG)", "count": 350, "max_value": 323, "min_value": 275, "mean": 301.31142857142896, "stddev": 9.887806962649067}]}, {"column_name": "Level1_N", "number_non_empty_cells": 350, "number_empty_cells": 0, "number_distinct_values": 339, "frequent_values": [3144, 3577, 1125, 540, 3309], "dataTypes": [{"type": "INTEGER (LONG)", "count": 350, "max_value": 26700, "min_value": 171, "mean": 3594.9828571428548, "stddev": 4720.331188107505}]}, {"column_name": "Level1_%", "number_non_empty_cells": 350, "number_empty_cells": 0, "number_distinct_values": 223, "frequent_values": [25.7, 25.8, 29.0, 31.1, 32.1], "dataTypes": [{"type": "REAL", "count": 350, "max_value": 59.1, "min_value": 8.8, "mean": 30.230285714285714, "stddev": 10.275677102671498}]}, {"column_name": "Level2_N", "number_non_empty_cells": 350, "number_empty_cells": 0, "number_distinct_values": 340, "frequent_values": [3750, 756, 1242, 833, 862], "dataTypes": [{"type": "INTEGER (LONG)", "count": 350, "max_value": 24054, "min_value": 596, "mean": 4128.81714285714, "stddev": 5105.899455754838}]}, {"column_name": "Level2_%", "number_non_empty_cells": 350, "number_empty_cells": 0, "number_distinct_values": 146, "frequent_values": [38.4, 34.4, 38.7, 32.5, 32.0], "dataTypes": [{"type": "REAL", "count": 350, "max_value": 48.4, "min_value": 23.8, "mean": 35.66971428571427, "stddev": 4.219911634629526}]}, {"column_name": "Level3_N", "number_non_empty_cells": 350, "number_empty_cells": 0, "number_distinct_values": 331, "frequent_values": [599, 1008, 412, 1417, 623], "dataTypes": [{"type": "INTEGER (LONG)", "count": 350, "max_value": 18326, "min_value": 290, "mean": 2564.89142857143, "stddev": 3283.568784058104}]}, {"column_name": "Level3_%", "number_non_empty_cells": 350, "number_empty_cells": 0, "number_distinct_values": 207, "frequent_values": [22.1, 26.1, 19.6, 26.6, 25.0], "dataTypes": [{"type": "REAL", "count": 350, "max_value": 41.8, "min_value": 6.7, "mean": 22.8597142857143, "stddev": 6.913796139692321}]}, {"column_name": "Level4_N", "number_non_empty_cells": 350, "number_empty_cells": 0, "number_distinct_values": 317, "frequent_values": [491, 366, 582, 174, 190], "dataTypes": [{"type": "INTEGER (LONG)", "count": 350, "max_value": 12618, "min_value": 49, "mean": 1218.6285714285707, "stddev": 1733.7901831489507}]}, {"column_name": "Level4_%", "number_non_empty_cells": 350, "number_empty_cells": 0, "number_distinct_values": 185, "frequent_values": [12.0, 10.4, 7.7, 14.9, 8.7], "dataTypes": [{"type": "REAL", "count": 350, "max_value": 32.7, "min_value": 0.6, "mean": 11.237714285714297, "stddev": 6.355546997124089}]}, {"column_name": "Level3+4_N", "number_non_empty_cells": 350, "number_empty_cells": 0, "number_distinct_values": 336, "frequent_values": [910, 1365, 1537, 1608, 1199], "dataTypes": [{"type": "INTEGER (LONG)", "count": 350, "max_value": 30742, "min_value": 509, "mean": 3783.5200000000023, "stddev": 4941.400896611057}]}, {"column_name": "Level3+4_%", "number_non_empty_cells": 350, "number_empty_cells": 0, "number_distinct_values": 230, "frequent_values": [28.8, 37.8, 33.8, 36.2, 29.5], "dataTypes": [{"type": "REAL", "count": 350, "max_value": 61.3, "min_value": 9.5, "mean": 34.096857142857125, "stddev": 11.145670080843969}]}]}