{"dataset_name": "/user/hm74/NYCOpenData/5i9t-mvdt.tsv.gz", "columns": [{"column_name": "New York City Debt Outstanding (Dollars in millions)", "number_non_empty_cells": 21, "number_empty_cells": 0, "number_distinct_values": 21, "frequent_values": ["Hudson Yards Infrastructure Corporation (HYIC)", "City University Construction Fund (CUCF)", "Health & Hospitals Corporation (HHC) (4)", "Education Construction Fund (ECF)", "Jay Street Development Corporation (JSDC) (5)"], "dataTypes": [{"type": "TEXT", "count": 21, "shortest_values": [["TSASC", 5], ["Conduit Debt", 12], ["Recovery Bonds", 14], ["General Purpose Bonds", 21], ["General Obligation (GO) (2)", 27]], "longest_values": [["Dormitory Authority of the State of New York (DASNY) NYC Courts Capital Program", 79], ["Transitional Finance Authority (TFA) Tax Secured Bonds (3)", 58], ["Primary Care Development Corporation (PCDC) (4)", 47], ["Hudson Yards Infrastructure Corporation (HYIC)", 46], ["Jay Street Development Corporation (JSDC) (5)", 45]], "average_length": 36.095238095238095}]}, {"column_name": "FY 2018", "number_non_empty_cells": 21, "number_empty_cells": 0, "number_distinct_values": 17, "frequent_values": ["- 0", "35,411", "1,071", "$30,015", "46"], "dataTypes": [{"type": "INTEGER (LONG)", "count": 7, "max_value": 682, "min_value": 25, "mean": 281.4285714285714, "stddev": 236.86214021955422}, {"type": "DATE/TIME", "count": 4, "max_value": "2019-04-12T00:00:00", "min_value": "0724-02-06T00:00:00"}, {"type": "TEXT", "count": 10, "shortest_values": [["- 0", 3], ["- 0", 3], ["- 0", 3], ["- 0", 3], ["- 0", 3]], "longest_values": [["$38,628", 7], ["$87,066", 7], ["$30,015", 7], ["35,411", 6], ["34,729", 6]], "average_length": 4.8}]}, {"column_name": "FY 2017", "number_non_empty_cells": 21, "number_empty_cells": 0, "number_distinct_values": 17, "frequent_values": ["- 0", "800", "54", "543", "28"], "dataTypes": [{"type": "INTEGER (LONG)", "count": 7, "max_value": 800, "min_value": 28, "mean": 309.57142857142856, "stddev": 270.259059392416}, {"type": "DATE/TIME", "count": 4, "max_value": "1990-01-06T00:00:00", "min_value": "0118-04-06T00:00:00"}, {"type": "TEXT", "count": 10, "shortest_values": [["- 0", 3], ["- 0", 3], ["- 0", 3], ["- 0", 3], ["- 0", 3]], "longest_values": [["$37,891", 7], ["$83,795", 7], ["$30,030", 7], ["32,814", 6], ["32,014", 6]], "average_length": 4.8}]}, {"column_name": "FY 2016", "number_non_empty_cells": 21, "number_empty_cells": 0, "number_distinct_values": 18, "frequent_values": ["-", "- 0", "906", "30", "573"], "dataTypes": [{"type": "INTEGER (LONG)", "count": 7, "max_value": 906, "min_value": 30, "mean": 337.2857142857143, "stddev": 299.9955781987053}, {"type": "DATE/TIME", "count": 3, "max_value": "2044-08-06T00:00:00", "min_value": "0145-01-06T00:00:00"}, {"type": "TEXT", "count": 11, "shortest_values": [["-", 1], ["-", 1], ["-", 1], ["- 0", 3], ["- 0", 3]], "longest_values": [["$37,914", 7], ["$80,872", 7], ["$29,516", 7], ["29,314", 6], ["28,408", 6]], "average_length": 4.2727272727272725}]}, {"column_name": "FY 2015", "number_non_empty_cells": 21, "number_empty_cells": 0, "number_distinct_values": 17, "frequent_values": ["- 0", "87", "481", "96", "25,488"], "dataTypes": [{"type": "INTEGER (LONG)", "count": 7, "max_value": 936, "min_value": 32, "mean": 356.7142857142857, "stddev": 308.32437199700405}, {"type": "DATE/TIME", "count": 3, "max_value": "0561-04-06T00:00:00", "min_value": "0222-01-06T00:00:00"}, {"type": "TEXT", "count": 11, "shortest_values": [["- 0", 3], ["- 0", 3], ["- 0", 3], ["- 0", 3], ["- 0", 3]], "longest_values": [["$40,460", 7], ["$80,093", 7], ["$29,373", 7], ["26,424", 6], ["25,488", 6]], "average_length": 4.8181818181818175}]}, {"column_name": "FY 2014", "number_non_empty_cells": 21, "number_empty_cells": 0, "number_distinct_values": 18, "frequent_values": ["- 0", "628", "974", "113", "34"], "dataTypes": [{"type": "INTEGER (LONG)", "count": 8, "max_value": 974, "min_value": 19, "mean": 328.75, "stddev": 321.6413958121684}, {"type": "DATE/TIME", "count": 3, "max_value": "2051-06-06T00:00:00", "min_value": "0228-01-06T00:00:00"}, {"type": "TEXT", "count": 10, "shortest_values": [["- 0", 3], ["- 0", 3], ["- 0", 3], ["- 0", 3], ["3,000", 5]], "longest_values": [["$41,665", 7], ["$78,588", 7], ["$29,553", 7], ["24,987", 6], ["24,013", 6]], "average_length": 5.0}]}, {"column_name": "FY 2013", "number_non_empty_cells": 21, "number_empty_cells": 0, "number_distinct_values": 18, "frequent_values": ["- 0", "125", "$41,592", "23,048", "22"], "dataTypes": [{"type": "INTEGER (LONG)", "count": 7, "max_value": 654, "min_value": 22, "mean": 247.1428571428571, "stddev": 233.01467064263113}, {"type": "DATE/TIME", "count": 4, "max_value": "0730-04-06T00:00:00", "min_value": "0154-06-06T00:00:00"}, {"type": "TEXT", "count": 10, "shortest_values": [["- 0", 3], ["- 0", 3], ["- 0", 3], ["- 0", 3], ["3,000", 5]], "longest_values": [["$41,592", 7], ["$76,769", 7], ["$29,493", 7], ["23,048", 6], ["21,815", 6]], "average_length": 5.0}]}, {"column_name": "FY 2012", "number_non_empty_cells": 21, "number_empty_cells": 0, "number_distinct_values": 18, "frequent_values": ["- 0", "$74,613", "19,587", "274", "5,309"], "dataTypes": [{"type": "INTEGER (LONG)", "count": 7, "max_value": 679, "min_value": 25, "mean": 258.0, "stddev": 241.13718679859988}, {"type": "DATE/TIME", "count": 4, "max_value": "0806-04-06T00:00:00", "min_value": "0253-01-06T00:00:00"}, {"type": "TEXT", "count": 10, "shortest_values": [["- 0", 3], ["- 0", 3], ["- 0", 3], ["- 0", 3], ["3,000", 5]], "longest_values": [["$42,286", 7], ["$74,613", 7], ["$28,378", 7], ["20,959", 6], ["19,587", 6]], "average_length": 5.0}]}, {"column_name": "FY 2011", "number_non_empty_cells": 21, "number_empty_cells": 0, "number_distinct_values": 18, "frequent_values": ["- 0", "$41,785", "2,000", "28", "$70,746"], "dataTypes": [{"type": "INTEGER (LONG)", "count": 7, "max_value": 702, "min_value": 28, "mean": 268.7142857142857, "stddev": 248.80957393483203}, {"type": "DATE/TIME", "count": 4, "max_value": "0881-03-06T00:00:00", "min_value": "0260-01-06T00:00:00"}, {"type": "TEXT", "count": 10, "shortest_values": [["- 0", 3], ["- 0", 3], ["- 0", 3], ["- 0", 3], ["2,000", 5]], "longest_values": [["$41,785", 7], ["$70,746", 7], ["$26,909", 7], ["19,090", 6], ["17,624", 6]], "average_length": 5.0}]}, {"column_name": "FY 2010", "number_non_empty_cells": 21, "number_empty_cells": 0, "number_distinct_values": 18, "frequent_values": ["- 0", "$41,556", "$24,578", "2,000", "3,815"], "dataTypes": [{"type": "INTEGER (LONG)", "count": 7, "max_value": 718, "min_value": 31, "mean": 259.42857142857144, "stddev": 258.2273954387916}, {"type": "DATE/TIME", "count": 4, "max_value": "0815-03-06T00:00:00", "min_value": "0221-04-06T00:00:00"}, {"type": "TEXT", "count": 10, "shortest_values": [["- 0", 3], ["- 0", 3], ["- 0", 3], ["- 0", 3], ["2,000", 5]], "longest_values": [["$41,556", 7], ["$66,730", 7], ["$24,578", 7], ["15,872", 6], ["14,406", 6]], "average_length": 5.0}]}, {"column_name": "FY 2009", "number_non_empty_cells": 21, "number_empty_cells": 0, "number_distinct_values": 18, "frequent_values": ["- 0", "12,662", "1,274", "2,000", "737"], "dataTypes": [{"type": "INTEGER (LONG)", "count": 7, "max_value": 737, "min_value": 33, "mean": 261.7142857142857, "stddev": 268.8513738564298}, {"type": "DATE/TIME", "count": 4, "max_value": "0832-03-06T00:00:00", "min_value": "0251-04-06T00:00:00"}, {"type": "TEXT", "count": 10, "shortest_values": [["- 0", 3], ["- 0", 3], ["- 0", 3], ["- 0", 3], ["2,000", 5]], "longest_values": [["$39,991", 7], ["$62,010", 7], ["$22,535", 7], ["12,662", 6], ["11,140", 6]], "average_length": 5.0}]}, {"column_name": "FY 2008", "number_non_empty_cells": 21, "number_empty_cells": 0, "number_distinct_values": 17, "frequent_values": ["- 0", "2,000", "101", "110", "$36,100"], "dataTypes": [{"type": "INTEGER (LONG)", "count": 7, "max_value": 756, "min_value": 36, "mean": 269.2857142857143, "stddev": 271.69085072439765}, {"type": "DATE/TIME", "count": 3, "max_value": "0884-03-06T00:00:00", "min_value": "0298-01-06T00:00:00"}, {"type": "TEXT", "count": 11, "shortest_values": [["- 0", 3], ["- 0", 3], ["- 0", 3], ["- 0", 3], ["2,000", 5]], "longest_values": [["$36,100", 7], ["$56,110", 7], ["$20,019", 7], ["12,828", 6], ["11,306", 6]], "average_length": 5.0}]}, {"column_name": "FY 2007", "number_non_empty_cells": 21, "number_empty_cells": 0, "number_distinct_values": 20, "frequent_values": [0.0, 1765.0, 47.0, 34506.0, 781.0], "dataTypes": [{"type": "REAL", "count": 21, "max_value": 55135.0, "min_value": 0.0, "mean": 6969.285714285713, "stddev": 13595.632289339792}]}, {"column_name": "FY 2006", "number_non_empty_cells": 21, "number_empty_cells": 0, "number_distinct_values": 18, "frequent_values": ["- 0", "743", "$16,285", "10,392", "2,772"], "dataTypes": [{"type": "INTEGER (LONG)", "count": 9, "max_value": 798, "min_value": 39, "mean": 308.0, "stddev": 299.9110979384835}, {"type": "DATE/TIME", "count": 3, "max_value": "0841-01-06T00:00:00", "min_value": "0334-01-06T00:00:00"}, {"type": "TEXT", "count": 9, "shortest_values": [["- 0", 3], ["- 0", 3], ["- 0", 3], ["- 0", 3], ["12,233", 6]], "longest_values": [["$35,844", 7], ["$52,183", 7], ["$16,285", 7], ["12,233", 6], ["10,392", 6]], "average_length": 5.0}]}, {"column_name": "FY 2005", "number_non_empty_cells": 21, "number_empty_cells": 0, "number_distinct_values": 18, "frequent_values": ["- 0", "1,955", "727", "42", "$51,030"], "dataTypes": [{"type": "INTEGER (LONG)", "count": 9, "max_value": 815, "min_value": 42, "mean": 322.88888888888886, "stddev": 294.6721132394236}, {"type": "DATE/TIME", "count": 3, "max_value": "0955-01-06T00:00:00", "min_value": "0283-01-06T00:00:00"}, {"type": "TEXT", "count": 9, "shortest_values": [["- 0", 3], ["- 0", 3], ["- 0", 3], ["- 0", 3], ["12,977", 6]], "longest_values": [["$33,864", 7], ["$51,030", 7], ["$15,434", 7], ["12,977", 6], ["11,022", 6]], "average_length": 5.0}]}, {"column_name": "FY  2004", "number_non_empty_cells": 21, "number_empty_cells": 0, "number_distinct_values": 19, "frequent_values": [0.0, 108.0, 107.0, 14033.0, 1758.0], "dataTypes": [{"type": "REAL", "count": 21, "max_value": 50627.0, "min_value": 0.0, "mean": 6265.380952380952, "stddev": 12427.322791319022}]}, {"column_name": "FY 2003", "number_non_empty_cells": 21, "number_empty_cells": 0, "number_distinct_values": 18, "frequent_values": ["- 0", "169", "389", "2,151", "11,097"], "dataTypes": [{"type": "INTEGER (LONG)", "count": 8, "max_value": 838, "min_value": 44, "mean": 347.375, "stddev": 279.5822497495147}, {"type": "DATE/TIME", "count": 4, "max_value": "2019-02-27T00:00:00", "min_value": "0151-02-06T00:00:00"}, {"type": "TEXT", "count": 9, "shortest_values": [["- 0", 3], ["- 0", 3], ["- 0", 3], ["- 0", 3], ["13,124", 6]], "longest_values": [["$29,615", 7], ["$48,928", 7], ["$13,483", 7], ["13,124", 6], ["11,097", 6]], "average_length": 5.0}]}, {"column_name": "FY 2002", "number_non_empty_cells": 21, "number_empty_cells": 0, "number_distinct_values": 19, "frequent_values": [0.0, 45093.0, 12147.0, 42.0, 396.0], "dataTypes": [{"type": "REAL", "count": 21, "max_value": 45093.0, "min_value": 0.0, "mean": 5496.04761904762, "stddev": 11059.024629669526}]}, {"column_name": "FY 2001", "number_non_empty_cells": 21, "number_empty_cells": 0, "number_distinct_values": 17, "frequent_values": ["- 0", "7,386", "52", "$10,622", "3,217"], "dataTypes": [{"type": "INTEGER (LONG)", "count": 10, "max_value": 704, "min_value": 52, "mean": 290.0, "stddev": 228.92531533231534}, {"type": "DATE/TIME", "count": 4, "max_value": "0386-07-06T00:00:00", "min_value": "0116-02-06T00:00:00"}, {"type": "TEXT", "count": 7, "shortest_values": [["- 0", 3], ["- 0", 3], ["- 0", 3], ["- 0", 3], ["$26,979", 7]], "longest_values": [["$26,979", 7], ["$40,481", 7], ["$10,622", 7], ["- 0", 3], ["- 0", 3]], "average_length": 4.714285714285714}]}, {"column_name": "FY 2000", "number_non_empty_cells": 21, "number_empty_cells": 0, "number_distinct_values": 15, "frequent_values": ["- 0", "6,438", "$39,723", "352", "428"], "dataTypes": [{"type": "INTEGER (LONG)", "count": 8, "max_value": 709, "min_value": 53, "mean": 342.25, "stddev": 235.9807990070379}, {"type": "DATE/TIME", "count": 4, "max_value": "0909-01-06T00:00:00", "min_value": "0438-06-06T00:00:00"}, {"type": "TEXT", "count": 9, "shortest_values": [["- 0", 3], ["- 0", 3], ["- 0", 3], ["- 0", 3], ["- 0", 3]], "longest_values": [["$27,015", 7], ["$39,723", 7], ["$9,776", 6], ["- 0", 3], ["- 0", 3]], "average_length": 4.222222222222222}]}]}