{"dataset_name": "/user/hm74/NYCOpenData/5jwd-xj5z.tsv.gz", "columns": [{"column_name": "Reason/Commodity/Service", "number_non_empty_cells": 21, "number_empty_cells": 0, "number_distinct_values": 21, "frequent_values": ["Miscellaneous", "Document Processing", "Office Furniture", "Inventory Control Services", "Film and Cameras"], "dataTypes": [{"type": "TEXT", "count": 21, "shortest_values": [["Tables", 6], ["Signage", 7], ["Data Entry", 10], ["Miscellaneous", 13], ["Transcription", 13]], "longest_values": [["Information & Records Conversion Mgt.", 37], ["Janitorial and Housekeeping Supplies", 36], ["Medical and Institutional Care Items", 36], ["Custom Ordered Products/Services", 32], ["Safety Supplies and Equipment", 29]], "average_length": 21.52380952380952}]}, {"column_name": "Contract Value", "number_non_empty_cells": 21, "number_empty_cells": 0, "number_distinct_values": 20, "frequent_values": [20000.0, 1310610.0, 362211.0, 154410.0, 513000.0], "dataTypes": [{"type": "REAL", "count": 21, "max_value": 3445056.0, "min_value": 20000.0, "mean": 433950.8095238095, "stddev": 782285.7636900079}]}]}