{"dataset_name": "/user/hm74/NYCOpenData/5kqf-fg3n.tsv.gz", "columns": [{"column_name": "SiteKey", "number_non_empty_cells": 184, "number_empty_cells": 0, "number_distinct_values": 184, "frequent_values": ["UU - 8", "GB - 11", "UU - 1", "AARPMN - 3", "AARPMN - 2"], "dataTypes": [{"type": "TEXT", "count": 184, "shortest_values": [["NH -2", 5], ["UU - 1", 6], ["NH - 1", 6], ["GB - 8", 6], ["GB - 1", 6]], "longest_values": [["AARPMN - 10", 11], ["AARPMN - 27", 11], ["AARPMN - 21", 11], ["AARPMN - 12", 11], ["AARPMN - 11", 11]], "average_length": 9.157608695652174}]}, {"column_name": "SiteStatus", "number_non_empty_cells": 184, "number_empty_cells": 0, "number_distinct_values": 2, "frequent_values": ["Active", "Inactive"], "dataTypes": [{"type": "TEXT", "count": 184, "shortest_values": [["Active", 6], ["Active", 6], ["Active", 6], ["Active", 6], ["Active", 6]], "longest_values": [["Inactive", 8], ["Inactive", 8], ["Active", 6], ["Active", 6], ["Active", 6]], "average_length": 6.021739130434782}]}, {"column_name": "ProviderName", "number_non_empty_cells": 184, "number_empty_cells": 0, "number_distinct_values": 11, "frequent_values": ["Food Bank For New York City", "AARP Tax Aide", "Ariva", "Urban Upbound", "Grow Brooklyn"], "dataTypes": [{"type": "TEXT", "count": 184, "shortest_values": [["MMCC", 4], ["MMCC", 4], ["MMCC", 4], ["MMCC", 4], ["MMCC", 4]], "longest_values": [["Food Bank For New York City", 27], ["Food Bank For New York City", 27], ["Food Bank For New York City", 27], ["Food Bank For New York City", 27], ["Food Bank For New York City", 27]], "average_length": 18.336956521739136}]}, {"column_name": "SiteName", "number_non_empty_cells": 183, "number_empty_cells": 1, "number_distinct_values": 174, "frequent_values": ["New York Common Pantry", "RAIN Gunhill Senior Center", "Grand Street Settlement", "Per Scholas", "Parkchester Library"], "dataTypes": [{"type": "TEXT", "count": 184, "shortest_values": [["Lift", 4], ["Moya", 4], ["Bronx", 5], ["Camba", 5], ["Queens", 6]], "longest_values": [["\"\"\"NYCHA Armstrong I & II, Marcy & Lafayette Houses - Bedford Stuyvesant Restoration Corporation- Flushing \"\"\"", 110], ["NYCHA Henry Street Settlement - Job Plus - Wald & RIIS II Houses -Boys And Girls", 80], ["\"\"\"NYCHA Van Dyke I and Brownsville Housed (DB Grant Associates, Inc)\"\"\"", 72], ["Staten Island Seventh Day Adventist Church/New Brighton Community Church", 72], ["NYCHA Breukelen Cornerstone Community Center (Police Athletic League)", 69]], "average_length": 28.88043478260871}]}, {"column_name": "Building", "number_non_empty_cells": 184, "number_empty_cells": 0, "number_distinct_values": 161, "frequent_values": ["630", "2010", "135", "50", "188"], "dataTypes": [{"type": "INTEGER (LONG)", "count": 161, "max_value": 9727, "min_value": 8, "mean": 1083.5093167701866, "stddev": 1486.4677591463333}, {"type": "DATE/TIME", "count": 14, "max_value": "2067-09-07T00:00:00", "min_value": "0106-01-07T00:00:00"}, {"type": "TEXT", "count": 9, "shortest_values": [["89-17", 5], ["95-18", 5], ["43-31", 5], ["59-26", 5], ["39-42", 5]], "longest_values": [["136-20", 6], ["121-18", 6], ["164-25", 6], ["89-17", 5], ["95-18", 5]], "average_length": 5.333333333333334}]}, {"column_name": "Street", "number_non_empty_cells": 184, "number_empty_cells": 0, "number_distinct_values": 152, "frequent_values": ["Fulton Street", "Mott Avenue", "Broadway", "Flushing Avenue", "St. Nicholas Avenue"], "dataTypes": [{"type": "TEXT", "count": 184, "shortest_values": [["Avenue D", 8], ["Avenue D", 8], ["Broadway", 8], ["West 133", 8], ["Avenue P", 8]], "longest_values": [["Frederick Douglass Boulevard", 28], ["Washington Square North", 23], ["\"\"\"Joralemon St.,\"\"\"", 20], ["\"\"\"Lexington Ave,\"\"\"", 20], ["Pelham Parkway South", 20]], "average_length": 14.543478260869565}]}, {"column_name": "Unit", "number_non_empty_cells": 73, "number_empty_cells": 111, "number_distinct_values": 36, "frequent_values": ["2nd Floor", "Ground Floor", "1st Floor", "3rd Floor", "1STFL"], "dataTypes": [{"type": "DATE/TIME", "count": 1, "max_value": "2019-12-07T01:00:00", "min_value": "2019-12-07T01:00:00"}, {"type": "TEXT", "count": 72, "shortest_values": [["# 10A", 5], ["1STFL", 5], ["1STFL", 5], ["1STFL", 5], ["1STFL", 5]], "longest_values": [["enter on Amsterdam Avenue", 25], ["Room 35 - 2nd Floor", 19], ["Room 35 - 2nd Floor", 19], ["Enter on Avenue A", 17], ["Management Office", 17]], "average_length": 9.999999999999996}]}, {"column_name": "Borough", "number_non_empty_cells": 184, "number_empty_cells": 0, "number_distinct_values": 6, "frequent_values": ["Brooklyn", "Manhattan", "Bronx", "Queens", "Staten Island"], "dataTypes": [{"type": "TEXT", "count": 184, "shortest_values": [["Bronx", 5], ["Bronx", 5], ["Bronx", 5], ["Bronx", 5], ["Bronx", 5]], "longest_values": [["Staten Island", 13], ["Staten Island", 13], ["Staten Island", 13], ["Staten Island", 13], ["Staten Island", 13]], "average_length": 7.304347826086959}]}, {"column_name": "City", "number_non_empty_cells": 30, "number_empty_cells": 154, "number_distinct_values": 17, "frequent_values": ["Jamaica", "Flushing", "Far Rockaway", "Jackson Heights", "Forest Hills"], "dataTypes": [{"type": "TEXT", "count": 30, "shortest_values": [["LIC", 3], ["Corona", 6], ["Jamaica", 7], ["Astoria", 7], ["Jamaica", 7]], "longest_values": [["Jackson Heights", 15], ["Jackson Heights", 15], ["Jackson Heights", 15], ["Richmond Hill", 13], ["Forest Hills", 12]], "average_length": 9.166666666666666}]}, {"column_name": "Postcode", "number_non_empty_cells": 0, "number_empty_cells": 184, "number_distinct_values": 1, "frequent_values": [null], "dataTypes": []}, {"column_name": "MappedAddress", "number_non_empty_cells": 184, "number_empty_cells": 0, "number_distinct_values": 180, "frequent_values": ["\"\"\"67-11 108th Street, Queens NY, 11376\"\"\"", "\"\"\"1987 Westchester Avenue, Bronx NY, 10462\"\"\"", "\"\"\"190 Madison Avenue, Manhattan NY, 10016\"\"\"", "\"\"\"137 Einstein Loop, Bronx NY, 10475\"\"\"", "\"\"\"3377 White Plains Road, Bronx NY, 10467\"\"\""], "dataTypes": [{"type": "TEXT", "count": 184, "shortest_values": [["\"\"\"99 Avenue P, Brooklyn NY, 11204\"\"\"", 37], ["\"\"\"25 Avenue D, Manhattan NY, 10009\"\"\"", 38], ["\"\"\"24 Avenue D, Manhattan NY, 10009\"\"\"", 38], ["\"\"\"86-07 Broadway, Queens NY, 11373\"\"\"", 38], ["\"\"\"1290 Hoe Avenue, Bronx NY, 10459\"\"\"", 38]], "longest_values": [["\"\"\"2987 Frederick Douglass Boulevard, Manhattan NY, 10039\"\"\"", 60], ["\"\"\"20 Washington Square North, Manhattan NY, 10011\"\"\"", 53], ["\"\"\"1546 Castleton Avenue, Staten Island NY, 10302\"\"\"", 52], ["\"\"\"7708 New Utrecht Avenue, Brooklyn NY, 11214\"\"\"", 49], ["\"\"\"73 St. Nicholas Avenue, Manhattan NY, 10026\"\"\"", 49]], "average_length": 44.15217391304348}]}, {"column_name": "Phone", "number_non_empty_cells": 167, "number_empty_cells": 17, "number_distinct_values": 116, "frequent_values": ["(646) 981-6111", "(718) 784-0877", "(347) 682-5606", "(718) 882-4000", "(718) 773-3551"], "dataTypes": [{"type": "TEXT", "count": 167, "shortest_values": [["(718) 939-0195", 14], ["(718) 649-0311", 14], ["(718) 908-6303", 14], ["(347) 682-5606", 14], ["(718) 842-8100", 14]], "longest_values": [["(718) 939-0195", 14], ["(718) 649-0311", 14], ["(718) 908-6303", 14], ["(347) 682-5606", 14], ["(718) 842-8100", 14]], "average_length": 14.0}]}, {"column_name": "Extension", "number_non_empty_cells": 29, "number_empty_cells": 155, "number_distinct_values": 12, "frequent_values": ["7", "208", "118", "100", "2190 or 2114"], "dataTypes": [{"type": "INTEGER (LONG)", "count": 28, "max_value": 48004, "min_value": 7, "mean": 2025.6785714285709, "stddev": 8882.31962163991}, {"type": "TEXT", "count": 1, "shortest_values": [["2190 or 2114", 12]], "longest_values": [["2190 or 2114", 12]], "average_length": 12.0}]}, {"column_name": "Show311", "number_non_empty_cells": 184, "number_empty_cells": 0, "number_distinct_values": 2, "frequent_values": ["Yes", "No"], "dataTypes": [{"type": "TEXT", "count": 184, "shortest_values": [["No", 2], ["No", 2], ["No", 2], ["No", 2], ["No", 2]], "longest_values": [["Yes", 3], ["Yes", 3], ["Yes", 3], ["Yes", 3], ["Yes", 3]], "average_length": 2.8478260869565237}]}, {"column_name": "ShowOnMap", "number_non_empty_cells": 184, "number_empty_cells": 0, "number_distinct_values": 2, "frequent_values": ["Yes", "No"], "dataTypes": [{"type": "TEXT", "count": 184, "shortest_values": [["No", 2], ["No", 2], ["No", 2], ["No", 2], ["No", 2]], "longest_values": [["Yes", 3], ["Yes", 3], ["Yes", 3], ["Yes", 3], ["Yes", 3]], "average_length": 2.8478260869565237}]}, {"column_name": "Website", "number_non_empty_cells": 156, "number_empty_cells": 28, "number_distinct_values": 11, "frequent_values": ["http://www.foodbanknyc.org/taxhelp", "https://ariva.org", "http://www.urbanupbound.org", "http://www.growbrooklyn.org/taxes", "http://www.mmcc.org"], "dataTypes": [{"type": "TEXT", "count": 156, "shortest_values": [["https://ariva.org", 17], ["https://ariva.org", 17], ["https://ariva.org", 17], ["https://ariva.org", 17], ["https://ariva.org", 17]], "longest_values": [["http://www.foodbanknyc.org/taxhelp", 34], ["http://www.foodbanknyc.org/taxhelp", 34], ["http://www.foodbanknyc.org/taxhelp", 34], ["http://www.foodbanknyc.org/taxhelp", 34], ["http://www.foodbanknyc.org/taxhelp", 34]], "average_length": 29.397435897435894}]}, {"column_name": "ADA_Accessible", "number_non_empty_cells": 0, "number_empty_cells": 184, "number_distinct_values": 1, "frequent_values": [null], "dataTypes": []}, {"column_name": "IncomeLimit", "number_non_empty_cells": 184, "number_empty_cells": 0, "number_distinct_values": 9, "frequent_values": ["\"\"\"For all filers: Income below $55,000.\"\"\"", "\"\"\"Open to all taxpayers, with special attention to those 60 and older.\"\"\"", "\"\"\"Individuals without dependents: $30,000, Families with dependents: $55,000\"\"\"", "\"\"\"For all filers: Income below $66,000.\"\"\"", "\"\"\"Individuals without dependents: $35,000, Families with dependents: $62,000\"\"\""], "dataTypes": [{"type": "TEXT", "count": 184, "shortest_values": [["Open to all taxpayers.", 22], ["Open to all taxpayers.", 22], ["Open to all taxpayers.", 22], ["Open to all taxpayers.", 22], ["Open to all taxpayers.", 22]], "longest_values": [["\"\"\"Individuals without dependents: $35,000, Families with dependents: $62,000\"\"\"", 80], ["\"\"\"Individuals without dependents: $30,000, Families with dependents: $55,000\"\"\"", 80], ["\"\"\"Individuals without dependents: $35,000, Families with dependents: $62,000\"\"\"", 80], ["\"\"\"Individuals without dependents: $35,000, Families with dependents: $62,000\"\"\"", 80], ["\"\"\"Individuals without dependents: $30,000, Families with dependents: $55,000\"\"\"", 80]], "average_length": 56.66847826086957}]}, {"column_name": "L1", "number_non_empty_cells": 184, "number_empty_cells": 0, "number_distinct_values": 20, "frequent_values": ["\"\"\"English, Spanish\"\"\"", "English", "\"\"\"English, Spanish, Russian\"\"\"", "\"\"\"English, Spanish, Cantonese, Mandarin\"\"\"", "\"\"\"English, Spanish, Bengali\"\"\""], "dataTypes": [{"type": "TEXT", "count": 184, "shortest_values": [["English", 7], ["English", 7], ["English", 7], ["English", 7], ["English", 7]], "longest_values": [["\"\"\"English, Spanish, Chinese - Cantonese, Chinese - Mandarin, Bengali, Russian, Arabic\"\"\"", 89], ["\"\"\"English, Spanish, Chinese - Cantonese, Chinese - Mandarin, Russian\"\"\"", 72], ["\"\"\"English, Spanish, Bengali, Hindi, Nepali, Tibetan, Urdu, Punjabi\"\"\"", 70], ["\"\"\"English, Spanish, Cantonese, Mandarin, Russian, Korean, French\"\"\"", 68], ["\"\"\"English, Spanish, Chinese - Cantonese, Chinese - Mandarin\"\"\"", 63]], "average_length": 20.608695652173907}]}, {"column_name": "ITIN", "number_non_empty_cells": 184, "number_empty_cells": 0, "number_distinct_values": 4, "frequent_values": ["Non-CAA ITIN", "None", "No", "Certified Acceptance Agent"], "dataTypes": [{"type": "TEXT", "count": 184, "shortest_values": [["No", 2], ["No", 2], ["No", 2], ["No", 2], ["None", 4]], "longest_values": [["Certified Acceptance Agent", 26], ["Certified Acceptance Agent", 26], ["Certified Acceptance Agent", 26], ["Non-CAA ITIN", 12], ["Non-CAA ITIN", 12]], "average_length": 8.358695652173914}]}, {"column_name": "S1", "number_non_empty_cells": 184, "number_empty_cells": 0, "number_distinct_values": 5, "frequent_values": ["In Person", "Drop Off", "\"\"\"In Person, Drop Off\"\"\"", "Assisted Self-Preparation", "\"\"\"In Person, Assisted Self-Preparation\"\"\""], "dataTypes": [{"type": "TEXT", "count": 184, "shortest_values": [["Drop Off", 8], ["Drop Off", 8], ["Drop Off", 8], ["Drop Off", 8], ["Drop Off", 8]], "longest_values": [["\"\"\"In Person, Assisted Self-Preparation\"\"\"", 42], ["\"\"\"In Person, Assisted Self-Preparation\"\"\"", 42], ["\"\"\"In Person, Assisted Self-Preparation\"\"\"", 42], ["\"\"\"In Person, Assisted Self-Preparation\"\"\"", 42], ["\"\"\"In Person, Assisted Self-Preparation\"\"\"", 42]], "average_length": 13.16847826086956}]}, {"column_name": "AmendedReturn", "number_non_empty_cells": 184, "number_empty_cells": 0, "number_distinct_values": 3, "frequent_values": ["Yes", "No", "NO"], "dataTypes": [{"type": "TEXT", "count": 184, "shortest_values": [["No", 2], ["No", 2], ["No", 2], ["No", 2], ["No", 2]], "longest_values": [["Yes", 3], ["Yes", 3], ["Yes", 3], ["Yes", 3], ["Yes", 3]], "average_length": 2.760869565217392}]}, {"column_name": "PriorYear", "number_non_empty_cells": 184, "number_empty_cells": 0, "number_distinct_values": 3, "frequent_values": ["Yes", "No", "NO"], "dataTypes": [{"type": "TEXT", "count": 184, "shortest_values": [["No", 2], ["No", 2], ["No", 2], ["No", 2], ["No", 2]], "longest_values": [["Yes", 3], ["Yes", 3], ["Yes", 3], ["Yes", 3], ["Yes", 3]], "average_length": 2.771739130434784}]}, {"column_name": "AARP", "number_non_empty_cells": 181, "number_empty_cells": 3, "number_distinct_values": 3, "frequent_values": ["No", "Yes", null], "dataTypes": [{"type": "TEXT", "count": 181, "shortest_values": [["No", 2], ["No", 2], ["No", 2], ["No", 2], ["No", 2]], "longest_values": [["Yes", 3], ["Yes", 3], ["Yes", 3], ["Yes", 3], ["Yes", 3]], "average_length": 2.215469613259669}]}, {"column_name": "SelfEmployed", "number_non_empty_cells": 184, "number_empty_cells": 0, "number_distinct_values": 3, "frequent_values": ["Yes", "No", "NO"], "dataTypes": [{"type": "TEXT", "count": 184, "shortest_values": [["NO", 2], ["No", 2], ["No", 2], ["Yes", 3], ["Yes", 3]], "longest_values": [["Yes", 3], ["Yes", 3], ["Yes", 3], ["Yes", 3], ["Yes", 3]], "average_length": 2.9836956521739144}]}, {"column_name": "OpenDateStr", "number_non_empty_cells": 184, "number_empty_cells": 0, "number_distinct_values": 30, "frequent_values": ["Jan 28", "Jan 29", "Feb 1", "Jan 22", "Jan 31"], "dataTypes": [{"type": "DATE/TIME", "count": 184, "max_value": "2019-03-30T00:00:00", "min_value": "2019-01-10T00:00:00"}]}, {"column_name": "OpenDateISO", "number_non_empty_cells": 184, "number_empty_cells": 0, "number_distinct_values": 31, "frequent_values": ["01/28/2019", "01/29/2019", "01/22/2019", "02/01/2019", "01/31/2019"], "dataTypes": [{"type": "DATE/TIME", "count": 184, "max_value": "2019-03-30T00:00:00", "min_value": "2018-01-10T00:00:00"}]}, {"column_name": "CloseDateStr", "number_non_empty_cells": 184, "number_empty_cells": 0, "number_distinct_values": 19, "frequent_values": ["Apr 10", "Apr 15", "Apr 13", "Apr 12", "Apr 11"], "dataTypes": [{"type": "DATE/TIME", "count": 184, "max_value": "2019-12-31T00:00:00", "min_value": "2019-02-02T00:00:00"}]}, {"column_name": "CloseDateISO", "number_non_empty_cells": 184, "number_empty_cells": 0, "number_distinct_values": 19, "frequent_values": ["04/10/2019", "04/15/2019", "04/13/2019", "04/12/2019", "04/11/2019"], "dataTypes": [{"type": "DATE/TIME", "count": 184, "max_value": "2019-12-31T00:00:00", "min_value": "2019-02-02T00:00:00"}]}, {"column_name": "ApptOrWalkIn", "number_non_empty_cells": 184, "number_empty_cells": 0, "number_distinct_values": 5, "frequent_values": ["Appointment Only", "Walk-in Only", "Both", "Appointment", "Appointments"], "dataTypes": [{"type": "TEXT", "count": 184, "shortest_values": [["Both", 4], ["Both", 4], ["Both", 4], ["Both", 4], ["Both", 4]], "longest_values": [["Appointment Only", 16], ["Appointment Only", 16], ["Appointment Only", 16], ["Appointment Only", 16], ["Appointment Only", 16]], "average_length": 12.054347826086962}]}, {"column_name": "MondayOpen", "number_non_empty_cells": 63, "number_empty_cells": 121, "number_distinct_values": 16, "frequent_values": ["10:00 AM", "9:00 AM", "12:00 PM", "11:00 AM", "4:00 PM"], "dataTypes": [{"type": "DATE/TIME", "count": 63, "max_value": "2019-12-07T19:00:00", "min_value": "2019-12-07T08:00:00"}]}, {"column_name": "iMondayOpen", "number_non_empty_cells": 63, "number_empty_cells": 121, "number_distinct_values": 16, "frequent_values": [10.0, 9.0, 12.0, 11.0, 16.0], "dataTypes": [{"type": "REAL", "count": 63, "max_value": 19.0, "min_value": 8.0, "mean": 11.285714285714283, "stddev": 2.619696889218907}]}, {"column_name": "MondayClose", "number_non_empty_cells": 63, "number_empty_cells": 121, "number_distinct_values": 16, "frequent_values": ["5:00 PM", "7:00 PM", "4:00 PM", "6:00 PM", "3:00 PM"], "dataTypes": [{"type": "DATE/TIME", "count": 63, "max_value": "2019-12-07T21:00:00", "min_value": "2019-12-07T12:00:00"}]}, {"column_name": "iMondayClose", "number_non_empty_cells": 63, "number_empty_cells": 121, "number_distinct_values": 16, "frequent_values": [17.0, 19.0, 16.0, 15.0, 18.0], "dataTypes": [{"type": "REAL", "count": 63, "max_value": 21.0, "min_value": 12.0, "mean": 17.174603174603178, "stddev": 1.9521228374998167}]}, {"column_name": "TuesdayOpen", "number_non_empty_cells": 91, "number_empty_cells": 93, "number_distinct_values": 16, "frequent_values": ["10:00 AM", "9:00 AM", "12:00 PM", "11:00 AM", "6:00 PM"], "dataTypes": [{"type": "DATE/TIME", "count": 91, "max_value": "2019-12-07T19:00:00", "min_value": "2019-12-07T08:00:00"}]}, {"column_name": "iTuesdayOpen", "number_non_empty_cells": 91, "number_empty_cells": 93, "number_distinct_values": 16, "frequent_values": [10.0, 9.0, 12.0, 11.0, 18.0], "dataTypes": [{"type": "REAL", "count": 91, "max_value": 19.0, "min_value": 8.0, "mean": 11.31318681318681, "stddev": 2.876246363044203}]}, {"column_name": "TuesdayClose", "number_non_empty_cells": 91, "number_empty_cells": 93, "number_distinct_values": 17, "frequent_values": ["5:00 PM", "2:00 PM", "7:00 PM", "4:00 PM", "8:00 PM"], "dataTypes": [{"type": "DATE/TIME", "count": 91, "max_value": "2019-12-07T21:30:00", "min_value": "2019-12-07T12:00:00"}]}, {"column_name": "iTuesdayClose", "number_non_empty_cells": 91, "number_empty_cells": 93, "number_distinct_values": 17, "frequent_values": [17.0, 14.0, 19.0, 20.0, 16.0], "dataTypes": [{"type": "REAL", "count": 91, "max_value": 21.5, "min_value": 12.0, "mean": 16.912087912087912, "stddev": 2.384235549837019}]}, {"column_name": "WednesdayOpen", "number_non_empty_cells": 79, "number_empty_cells": 105, "number_distinct_values": 14, "frequent_values": ["10:00 AM", "9:00 AM", "12:00 PM", "11:00 AM", "1:00 PM"], "dataTypes": [{"type": "DATE/TIME", "count": 79, "max_value": "2019-12-07T19:00:00", "min_value": "2019-12-07T08:00:00"}]}, {"column_name": "iWednesdayOpen", "number_non_empty_cells": 79, "number_empty_cells": 105, "number_distinct_values": 14, "frequent_values": [10.0, 9.0, 12.0, 11.0, 18.0], "dataTypes": [{"type": "REAL", "count": 79, "max_value": 19.0, "min_value": 8.0, "mean": 11.183544303797467, "stddev": 2.5854720882119864}]}, {"column_name": "WednesdayClose", "number_non_empty_cells": 80, "number_empty_cells": 104, "number_distinct_values": 14, "frequent_values": ["7:00 PM", "5:00 PM", "6:00 PM", "2:00 PM", "8:00 PM"], "dataTypes": [{"type": "DATE/TIME", "count": 80, "max_value": "2019-12-07T21:30:00", "min_value": "2019-12-07T12:00:00"}]}, {"column_name": "iWednesdayClose", "number_non_empty_cells": 80, "number_empty_cells": 104, "number_distinct_values": 14, "frequent_values": [19.0, 17.0, 18.0, 20.0, 14.0], "dataTypes": [{"type": "REAL", "count": 80, "max_value": 21.5, "min_value": 12.0, "mean": 17.3375, "stddev": 2.301867448399234}]}, {"column_name": "ThursdayOpen", "number_non_empty_cells": 90, "number_empty_cells": 94, "number_distinct_values": 15, "frequent_values": ["10:00 AM", "9:00 AM", "12:00 PM", "11:00 AM", "6:00 PM"], "dataTypes": [{"type": "DATE/TIME", "count": 90, "max_value": "2019-12-07T19:00:00", "min_value": "2019-12-07T08:00:00"}]}, {"column_name": "iThursdayOpen", "number_non_empty_cells": 90, "number_empty_cells": 94, "number_distinct_values": 15, "frequent_values": [10.0, 9.0, 12.0, 11.0, 18.0], "dataTypes": [{"type": "REAL", "count": 90, "max_value": 19.0, "min_value": 8.0, "mean": 11.25, "stddev": 2.7980648074457934}]}, {"column_name": "ThursdayClose", "number_non_empty_cells": 90, "number_empty_cells": 94, "number_distinct_values": 18, "frequent_values": ["5:00 PM", "7:00 PM", "4:00 PM", "8:00 PM", "6:00 PM"], "dataTypes": [{"type": "DATE/TIME", "count": 90, "max_value": "2019-12-07T21:30:00", "min_value": "2019-12-07T12:00:00"}]}, {"column_name": "iThursdayClose", "number_non_empty_cells": 90, "number_empty_cells": 94, "number_distinct_values": 18, "frequent_values": [17.0, 19.0, 16.0, 20.0, 15.0], "dataTypes": [{"type": "REAL", "count": 90, "max_value": 21.5, "min_value": 12.0, "mean": 17.1, "stddev": 2.259793500890439}]}, {"column_name": "FridayOpen", "number_non_empty_cells": 69, "number_empty_cells": 115, "number_distinct_values": 12, "frequent_values": ["10:00 AM", "9:00 AM", "9:30 AM", "11:00 AM", "1:00 PM"], "dataTypes": [{"type": "DATE/TIME", "count": 69, "max_value": "2019-12-07T19:00:00", "min_value": "2019-12-07T08:00:00"}]}, {"column_name": "iFridayOpen", "number_non_empty_cells": 69, "number_empty_cells": 115, "number_distinct_values": 12, "frequent_values": [10.0, 9.0, 9.5, 11.0, 13.0], "dataTypes": [{"type": "REAL", "count": 69, "max_value": 19.0, "min_value": 8.0, "mean": 10.086956521739129, "stddev": 1.7172537094027385}]}, {"column_name": "FridayClose", "number_non_empty_cells": 70, "number_empty_cells": 114, "number_distinct_values": 15, "frequent_values": ["5:00 PM", "2:00 PM", "4:00 PM", "3:00 PM", "7:00 PM"], "dataTypes": [{"type": "DATE/TIME", "count": 70, "max_value": "2019-12-07T21:00:00", "min_value": "2019-12-07T12:00:00"}]}, {"column_name": "iFridayClose", "number_non_empty_cells": 70, "number_empty_cells": 114, "number_distinct_values": 15, "frequent_values": [17.0, 14.0, 16.0, 15.0, 19.0], "dataTypes": [{"type": "REAL", "count": 70, "max_value": 21.0, "min_value": 12.0, "mean": 15.978571428571428, "stddev": 1.9864464220700997}]}, {"column_name": "SaturdayOpen", "number_non_empty_cells": 61, "number_empty_cells": 123, "number_distinct_values": 9, "frequent_values": ["10:00 AM", "9:00 AM", "11:00 AM", "12:00 PM", "1:00 PM"], "dataTypes": [{"type": "DATE/TIME", "count": 61, "max_value": "2019-12-07T16:00:00", "min_value": "2019-12-07T09:00:00"}]}, {"column_name": "iSaturdayOpen", "number_non_empty_cells": 61, "number_empty_cells": 123, "number_distinct_values": 9, "frequent_values": [10.0, 9.0, 11.0, 12.0, 13.0], "dataTypes": [{"type": "REAL", "count": 61, "max_value": 16.0, "min_value": 9.0, "mean": 10.262295081967212, "stddev": 1.2499395309211638}]}, {"column_name": "SaturdayClose", "number_non_empty_cells": 61, "number_empty_cells": 123, "number_distinct_values": 11, "frequent_values": ["4:00 PM", "5:00 PM", "3:00 PM", "2:00 PM", "7:00 PM"], "dataTypes": [{"type": "DATE/TIME", "count": 61, "max_value": "2019-12-07T19:00:00", "min_value": "2019-12-07T06:00:00"}]}, {"column_name": "iSaturdayClose", "number_non_empty_cells": 61, "number_empty_cells": 123, "number_distinct_values": 11, "frequent_values": [16.0, 17.0, 15.0, 14.0, 19.0], "dataTypes": [{"type": "REAL", "count": 61, "max_value": 19.0, "min_value": 6.0, "mean": 15.696721311475413, "stddev": 1.927537051853254}]}, {"column_name": "SundayOpen", "number_non_empty_cells": 23, "number_empty_cells": 161, "number_distinct_values": 7, "frequent_values": ["10:00 AM", "11:00 AM", "12:00 PM", "1:00 PM", "10:30 AM"], "dataTypes": [{"type": "DATE/TIME", "count": 23, "max_value": "2019-12-07T13:00:00", "min_value": "2019-12-07T09:00:00"}]}, {"column_name": "iSundayOpen", "number_non_empty_cells": 23, "number_empty_cells": 161, "number_distinct_values": 7, "frequent_values": [10.0, 11.0, 12.0, 9.0, 13.0], "dataTypes": [{"type": "REAL", "count": 23, "max_value": 13.0, "min_value": 9.0, "mean": 10.608695652173912, "stddev": 1.083036409311404}]}, {"column_name": "SundayClose", "number_non_empty_cells": 23, "number_empty_cells": 161, "number_distinct_values": 6, "frequent_values": ["4:00 PM", "5:00 PM", "4:30 PM", "6:00 PM", "6:00 AM"], "dataTypes": [{"type": "DATE/TIME", "count": 23, "max_value": "2019-12-07T18:00:00", "min_value": "2019-12-07T06:00:00"}]}, {"column_name": "iSundayClose", "number_non_empty_cells": 23, "number_empty_cells": 161, "number_distinct_values": 6, "frequent_values": [16.0, 17.0, 16.5, 6.0, 18.0], "dataTypes": [{"type": "REAL", "count": 23, "max_value": 18.0, "min_value": 6.0, "mean": 15.869565217391305, "stddev": 2.16803553288078}]}, {"column_name": "iAnyDayOpen", "number_non_empty_cells": 184, "number_empty_cells": 0, "number_distinct_values": 14, "frequent_values": [10.0, 9.0, 11.0, 12.0, 9.5], "dataTypes": [{"type": "REAL", "count": 184, "max_value": 19.0, "min_value": 8.0, "mean": 10.355978260869565, "stddev": 1.7522243998282576}]}, {"column_name": "iAnyDayClose", "number_non_empty_cells": 184, "number_empty_cells": 0, "number_distinct_values": 19, "frequent_values": [16.0, 19.0, 14.0, 17.0, 18.0], "dataTypes": [{"type": "REAL", "count": 184, "max_value": 21.5, "min_value": 12.0, "mean": 16.842391304347828, "stddev": 2.241444298333795}]}, {"column_name": "ScheduleExceptions", "number_non_empty_cells": 37, "number_empty_cells": 147, "number_distinct_values": 20, "frequent_values": ["Closed 2/18/2019 for President's Day", "Closed 2/18/19 for President's Day", "Closed 2/18/19 for Presidents Day", "tentavely closed 2/18/19 pending approval", "Closed 2/1/19 - Presidents' Day"], "dataTypes": [{"type": "TEXT", "count": 37, "shortest_values": [["CLOSED APRIL 4", 14], ["Closed 2/12/19", 14], ["Closed between 12pm to 1pm", 26], ["\"\"\"closed:2/26, 2/27, 4/9\"\"\"", 28], ["Closed on Saturday March 24th", 29]], "longest_values": [["\"\"\"Dates open for tax 2/23, 3/2, 3/16, 3/30, 4/13\"\"\"", 52], ["Appointments for the public only on Thursdays", 45], ["APPOINTEMENTS ONLY AT MMCC FROM 11AM - 4PM", 42], ["tentavely closed 2/18/19 pending approval", 41], ["tentavely closed 2/18/19 pending approval", 41]], "average_length": 34.216216216216225}]}, {"column_name": "Notes", "number_non_empty_cells": 60, "number_empty_cells": 124, "number_distinct_values": 12, "frequent_values": ["\"\"\"First come, first served.  We will stop accepting taxpayers when we have reached capacity\"\"\"", "To make an appointment go to https://www.foodbanknyc.org/taxhelp.\u00ff", "\"\"\"www.growbrooklyn.org/taxes- By Appointment Only -  no walk-ins --- Only 2018 returns in February; prior years will be done  in March and April*  Due to space limitations, please do not arrrive more than 15 minutes before your appointment \"\"\"", "Preferred Income limit: $60K", "Not A public site."], "dataTypes": [{"type": "TEXT", "count": 60, "shortest_values": [["APPOITMENTS", 11], ["Notapublicsite.", 15], ["Not A public site.", 18], ["Not A public site.", 18], ["\"\"\"Muhammad Al-Amin\"\"\"", 22]], "longest_values": [["\"\"\"www.growbrooklyn.org/taxes- By Appointment Only -  no walk-ins --- Only 2018 returns in February; prior years will be done  in March and April*  Due to space limitations, please do not arrrive more than 15 minutes before your appointment \"\"\"", 244], ["\"\"\"www.growbrooklyn.org/taxes- By Appointment Only -  no walk-ins --- Only 2018 returns in February; prior years will be done  in March and April*  Due to space limitations, please do not arrrive more than 15 minutes before your appointment \"\"\"", 244], ["\"\"\"www.growbrooklyn.org/taxes- By Appointment Only -  no walk-ins --- Only 2018 returns in February; prior years will be done  in March and April*  Due to space limitations, please do not arrrive more than 15 minutes before your appointment \"\"\"", 244], ["\"\"\"www.growbrooklyn.org/taxes- By Appointment Only -  no walk-ins --- Only 2018 returns in February; prior years will be done  in March and April*  Due to space limitations, please do not arrrive more than 15 minutes before your appointment \"\"\"", 244], ["\"\"\"www.growbrooklyn.org/taxes- By Appointment Only -  no walk-ins --- Only 2018 returns in February; prior years will be done  in March and April*  Due to space limitations, please do not arrrive more than 15 minutes before your appointment \"\"\"", 244]], "average_length": 98.58333333333334}]}, {"column_name": "CityCouncilDistrict", "number_non_empty_cells": 184, "number_empty_cells": 0, "number_distinct_values": 46, "frequent_values": [17, 2, 41, 9, 15], "dataTypes": [{"type": "INTEGER (LONG)", "count": 184, "max_value": 49, "min_value": 1, "mean": 21.603260869565208, "stddev": 14.690287763829579}]}, {"column_name": "CommunityDistrict", "number_non_empty_cells": 184, "number_empty_cells": 0, "number_distinct_values": 54, "frequent_values": [103, 303, 201, 316, 110], "dataTypes": [{"type": "INTEGER (LONG)", "count": 184, "max_value": 501, "min_value": 101, "mean": 244.7880434782609, "stddev": 111.9824989649405}]}, {"column_name": "BBL", "number_non_empty_cells": 182, "number_empty_cells": 2, "number_distinct_values": 166, "frequent_values": [3015490016, 3017200001, 4021760001, 1003990011, 2051350210], "dataTypes": [{"type": "INTEGER (LONG)", "count": 182, "max_value": 5028880040, "min_value": 1000220024, "mean": 2421337092.3186817, "stddev": 1130329779.970973}]}, {"column_name": "NTA", "number_non_empty_cells": 184, "number_empty_cells": 0, "number_distinct_values": 99, "frequent_values": ["BK79", "BK81", "BX39", "MN28", "MN22"], "dataTypes": [{"type": "TEXT", "count": 184, "shortest_values": [["QN22", 4], ["BK82", 4], ["QN61", 4], ["BK38", 4], ["BX06", 4]], "longest_values": [["QN22", 4], ["BK82", 4], ["QN61", 4], ["BK38", 4], ["BX06", 4]], "average_length": 4.0}]}, {"column_name": "XCoordinate", "number_non_empty_cells": 184, "number_empty_cells": 0, "number_distinct_values": 167, "frequent_values": [1007084, 998544, 989005, 1004745, 1009879], "dataTypes": [{"type": "INTEGER (LONG)", "count": 184, "max_value": 1053126, "min_value": 946939, "mean": 1004939.1413043478, "stddev": 17203.26942579682}]}, {"column_name": "YCoordinate", "number_non_empty_cells": 184, "number_empty_cells": 0, "number_distinct_values": 166, "frequent_values": [186535, 194296, 204799, 177462, 246204], "dataTypes": [{"type": "INTEGER (LONG)", "count": 184, "max_value": 263943, "min_value": 148356, "mean": 211118.5543478262, "stddev": 29184.787254203733}]}, {"column_name": "Latitude", "number_non_empty_cells": 184, "number_empty_cells": 0, "number_distinct_values": 168, "frequent_values": [40.67864275529949, 40.699962821425096, 40.638890244516816, 40.84242446457333, 40.74794596023932], "dataTypes": [{"type": "REAL", "count": 184, "max_value": 40.89105131739581, "min_value": 40.57387888024242, "mean": 40.74610681656317, "stddev": 0.08010448601791623}]}, {"column_name": "Longitude", "number_non_empty_cells": 184, "number_empty_cells": 0, "number_distinct_values": 167, "frequent_values": [-73.91767663515068, -73.94844940068975, -73.95887725593367, -73.95794983271793, -73.86706003035614], "dataTypes": [{"type": "REAL", "count": 184, "max_value": -73.75195993573095, "min_value": -74.13443105060368, "mean": -73.92531492341065, "stddev": 0.06206495449274339}]}, {"column_name": "Icon", "number_non_empty_cells": 0, "number_empty_cells": 184, "number_distinct_values": 1, "frequent_values": [null], "dataTypes": []}, {"column_name": "Location2", "number_non_empty_cells": 184, "number_empty_cells": 0, "number_distinct_values": 167, "frequent_values": ["(40.678642755299, -73.917676635151)", "(40.699962821425, -73.94844940069)", "(40.766924964225, -73.957949832718)", "(40.723899345345, -73.984003257089)", "(40.832458842544, -73.904148396579)"], "dataTypes": [{"type": "TEXT", "count": 184, "shortest_values": [["(40.760633077347, -73.8017676227)", 33], ["(40.6340245303, -73.889369736118)", 33], ["(40.86425489371, -73.82203018655)", 33], ["(40.86425489371, -73.82203018655)", 33], ["(40.76096132022, -73.830280146204)", 34]], "longest_values": [["(40.665053572741, -73.885789403282)", 35], ["(40.702223923964, -73.812872852703)", 35], ["(40.692475267484, -73.990487253265)", 35], ["(40.678642755299, -73.917676635151)", 35], ["(40.756866124837, -73.872861449272)", 35]], "average_length": 34.804347826086946}]}]}