{"dataset_name": "/user/hm74/NYCOpenData/5mw2-hzqx.tsv.gz", "columns": [{"column_name": "BROOKLYN_CONDOMINIUM_PROPERTY_Boro-Block-Lot", "number_non_empty_cells": 595, "number_empty_cells": 0, "number_distinct_values": 585, "frequent_values": ["3-01957-7501", "3-04414-7501", "3-05468-7501", "3-05468-7502", "3-05462-7501"], "dataTypes": [{"type": "TEXT", "count": 595, "shortest_values": [["3-00027-7501", 12], ["3-00028-7501", 12], ["3-00028-7502", 12], ["3-00031-7502", 12], ["3-00035-7501", 12]], "longest_values": [["3-00027-7501", 12], ["3-00028-7501", 12], ["3-00028-7502", 12], ["3-00031-7502", 12], ["3-00035-7501", 12]], "average_length": 12.0}]}, {"column_name": "BROOKLYN_CONDOMINIUM_PROPERTY_Condo_Section", "number_non_empty_cells": 595, "number_empty_cells": 0, "number_distinct_values": 595, "frequent_values": ["109-R1", "535-R1", "993-R1", "1717-R1", "722-R1"], "dataTypes": [{"type": "TEXT", "count": 595, "shortest_values": [["6-R1", 4], ["7-R1", 4], ["4-R1", 4], ["84-R1", 5], ["63-R1", 5]], "longest_values": [["1370-R1", 7], ["2018-R1", 7], ["1181-R1", 7], ["1771-R1", 7], ["1000-R1", 7]], "average_length": 6.598319327731093}]}, {"column_name": "BROOKLYN_CONDOMINIUM_PROPERTY_Address", "number_non_empty_cells": 584, "number_empty_cells": 11, "number_distinct_values": 594, "frequent_values": ["384 NEW JERSEY AVENUE", "252 GREENE AVENUE", "263 CLASSON AVENUE", "2964 BRIGHTON 6 STREET", "85 ADAMS STREET"], "dataTypes": [{"type": "TEXT", "count": 595, "shortest_values": [["5 UNKNOWN", 9], ["52 3 AVENUE", 11], ["99 4 AVENUE", 11], ["64 7 AVENUE", 11], ["24 6 AVENUE", 11]], "longest_values": [["82 ,84,86,88 GREEN STREET", 25], ["101 PROSPECT PARK SOUTHWE", 25], ["207 PROSPECT PARK SOUTHWE", 25], ["2121 SHORE PARKWAY SR NOR", 25], ["1151 BRIGHTON BEACH AVENU", 25]], "average_length": 16.946218487394972}]}, {"column_name": "Borough", "number_non_empty_cells": 595, "number_empty_cells": 0, "number_distinct_values": 1, "frequent_values": [3], "dataTypes": [{"type": "INTEGER (LONG)", "count": 595, "max_value": 3, "min_value": 3, "mean": 3.0, "stddev": 0.0}]}, {"column_name": "Postcode", "number_non_empty_cells": 577, "number_empty_cells": 18, "number_distinct_values": 34, "frequent_values": [11206, 11249, 11215, 11211, 11205], "dataTypes": [{"type": "INTEGER (LONG)", "count": 577, "max_value": 11249, "min_value": 11201, "mean": 11219.715771230503, "stddev": 14.408943549565315}]}, {"column_name": "Latitude", "number_non_empty_cells": 577, "number_empty_cells": 18, "number_distinct_values": 574, "frequent_values": [40.661354, 40.671335, 40.670049, 40.644025, 40.673289], "dataTypes": [{"type": "REAL", "count": 577, "max_value": 40.733325, "min_value": 40.575571, "mean": 40.67283041767767, "stddev": 0.03836826855440346}]}, {"column_name": "Longitude", "number_non_empty_cells": 577, "number_empty_cells": 18, "number_distinct_values": 573, "frequent_values": [-73.98845, -73.995752, -73.952154, -73.96968, -73.894382], "dataTypes": [{"type": "REAL", "count": 577, "max_value": -73.878505, "min_value": -74.038986, "mean": -73.96653028942802, "stddev": 0.02269444430552689}]}, {"column_name": "Community_Board", "number_non_empty_cells": 577, "number_empty_cells": 18, "number_distinct_values": 20, "frequent_values": [1, 2, 6, 3, 12], "dataTypes": [{"type": "INTEGER (LONG)", "count": 577, "max_value": 55, "min_value": 1, "mean": 5.963604852686308, "stddev": 5.645543280214988}]}, {"column_name": "Council_District", "number_non_empty_cells": 577, "number_empty_cells": 18, "number_distinct_values": 17, "frequent_values": [33, 39, 35, 48, 34], "dataTypes": [{"type": "INTEGER (LONG)", "count": 577, "max_value": 48, "min_value": 33, "mean": 37.329289428076265, "stddev": 4.857668277017433}]}, {"column_name": "Census_Tract", "number_non_empty_cells": 577, "number_empty_cells": 18, "number_distinct_values": 228, "frequent_values": [531, 1237, 537, 21, 549], "dataTypes": [{"type": "INTEGER (LONG)", "count": 577, "max_value": 79602, "min_value": 1, "mean": 2294.714038128249, "stddev": 9862.787395528052}]}, {"column_name": "BIN", "number_non_empty_cells": 575, "number_empty_cells": 20, "number_distinct_values": 573, "frequent_values": [3000000, 3084095, 3348231, 3321828, 3387941], "dataTypes": [{"type": "INTEGER (LONG)", "count": 575, "max_value": 3423483, "min_value": 3000000, "mean": 3274284.4730434753, "stddev": 145483.9955026362}]}, {"column_name": "BBL", "number_non_empty_cells": 575, "number_empty_cells": 20, "number_distinct_values": 573, "frequent_values": [3019587501, 3011170001, 3037557501, 3023267501, 3022627504], "dataTypes": [{"type": "INTEGER (LONG)", "count": 575, "max_value": 3088127501, "min_value": 3000277501, "mean": 3028511328.8608694, "stddev": 23444531.65517272}]}, {"column_name": "NTA", "number_non_empty_cells": 577, "number_empty_cells": 18, "number_distinct_values": 45, "frequent_values": ["Bedford                                                                    ", "North Side-South Side                                                      ", "Park Slope-Gowanus                                                         ", "Williamsburg                                                               ", "DUMBO-Vinegar Hill-Downtown Brooklyn-Boerum Hill                           "], "dataTypes": [{"type": "TEXT", "count": 577, "shortest_values": [["DUMBO-Vinegar Hill-Downtown Brooklyn-Boerum Hill                           ", 75], ["DUMBO-Vinegar Hill-Downtown Brooklyn-Boerum Hill                           ", 75], ["DUMBO-Vinegar Hill-Downtown Brooklyn-Boerum Hill                           ", 75], ["DUMBO-Vinegar Hill-Downtown Brooklyn-Boerum Hill                           ", 75], ["DUMBO-Vinegar Hill-Downtown Brooklyn-Boerum Hill                           ", 75]], "longest_values": [["DUMBO-Vinegar Hill-Downtown Brooklyn-Boerum Hill                           ", 75], ["DUMBO-Vinegar Hill-Downtown Brooklyn-Boerum Hill                           ", 75], ["DUMBO-Vinegar Hill-Downtown Brooklyn-Boerum Hill                           ", 75], ["DUMBO-Vinegar Hill-Downtown Brooklyn-Boerum Hill                           ", 75], ["DUMBO-Vinegar Hill-Downtown Brooklyn-Boerum Hill                           ", 75]], "average_length": 75.0}]}, {"column_name": "BROOKLYN_CONDOMINIUM_PROPERTY_Neighborhood", "number_non_empty_cells": 591, "number_empty_cells": 4, "number_distinct_values": 45, "frequent_values": ["WILLIAMSBURG-CENTRAL", "BEDFORD STUYVESANT", "PARK SLOPE", "WILLIAMSBURG-SOUTH", "BOROUGH PARK"], "dataTypes": [{"type": "TEXT", "count": 595, "shortest_values": [["GOWANUS", 7], ["GOWANUS", 7], ["MIDWOOD", 7], ["MADISON", 7], ["MIDWOOD", 7]], "longest_values": [["FLATBUSH-LEFFERTS GARDEN", 24], ["DOWNTOWN-FULTON FERRY", 21], ["DOWNTOWN-FULTON FERRY", 21], ["DOWNTOWN-FULTON FERRY", 21], ["DOWNTOWN-FULTON FERRY", 21]], "average_length": 14.615126050420171}]}, {"column_name": "BROOKLYN_CONDOMINIUM_PROPERTY_Building_Classification", "number_non_empty_cells": 595, "number_empty_cells": 0, "number_distinct_values": 3, "frequent_values": ["R4-ELEVATOR", "R2-WALK-UP", "R9-CONDOPS"], "dataTypes": [{"type": "TEXT", "count": 595, "shortest_values": [["R2-WALK-UP", 10], ["R2-WALK-UP", 10], ["R2-WALK-UP", 10], ["R2-WALK-UP", 10], ["R2-WALK-UP", 10]], "longest_values": [["R4-ELEVATOR", 11], ["R4-ELEVATOR", 11], ["R4-ELEVATOR", 11], ["R4-ELEVATOR", 11], ["R4-ELEVATOR", 11]], "average_length": 10.65714285714286}]}, {"column_name": "BROOKLYN_CONDOMINIUM_PROPERTY_Total_Units", "number_non_empty_cells": 595, "number_empty_cells": 0, "number_distinct_values": 101, "frequent_values": [12, 16, 14, 15, 13], "dataTypes": [{"type": "INTEGER (LONG)", "count": 595, "max_value": 552, "min_value": 11, "mean": 34.66722689075627, "stddev": 50.938917299754316}]}, {"column_name": "BROOKLYN_CONDOMINIUM_PROPERTY_Year_Built", "number_non_empty_cells": 595, "number_empty_cells": 0, "number_distinct_values": 63, "frequent_values": [0, 2006, 2004, 2005, 2007], "dataTypes": [{"type": "INTEGER (LONG)", "count": 595, "max_value": 2009, "min_value": 0, "mean": 1659.9411764705876, "stddev": 728.9471824893216}]}, {"column_name": "BROOKLYN_CONDOMINIUM_PROPERTY_Gross_SqFt", "number_non_empty_cells": 595, "number_empty_cells": 0, "number_distinct_values": 573, "frequent_values": [24200, 16637, 23760, 11800, 24787], "dataTypes": [{"type": "INTEGER (LONG)", "count": 595, "max_value": 628669, "min_value": 3750, "mean": 40875.44033613444, "stddev": 53775.76072492067}]}, {"column_name": "BROOKLYN_CONDOMINIUM_PROPERTY_Est_Gross_Income", "number_non_empty_cells": 595, "number_empty_cells": 0, "number_distinct_values": 522, "frequent_values": [0, 720000, 338895, 596772, 328830], "dataTypes": [{"type": "INTEGER (LONG)", "count": 595, "max_value": 18860070, "min_value": 0, "mean": 729027.4268907557, "stddev": 1243329.4616420425}]}, {"column_name": "BROOKLYN_CONDOMINIUM_PROPERTY_Gross_Income_per_SqFt", "number_non_empty_cells": 595, "number_empty_cells": 0, "number_distinct_values": 322, "frequent_values": [0.0, 18.17, 20.37, 20.94, 21.92], "dataTypes": [{"type": "REAL", "count": 595, "max_value": 37.4, "min_value": 0.0, "mean": 17.48776470588235, "stddev": 7.4129471709815045}]}, {"column_name": "BROOKLYN_CONDOMINIUM_PROPERTY_Full_Market_Value", "number_non_empty_cells": 595, "number_empty_cells": 0, "number_distinct_values": 559, "frequent_values": [1470000, 10800001, 3450000, 2340000, 1170000], "dataTypes": [{"type": "INTEGER (LONG)", "count": 595, "max_value": 78099944, "min_value": 162999, "mean": 3248364.816806722, "stddev": 5146995.791327646}]}, {"column_name": "BROOKLYN_CONDOMINIUM_PROPERTY_Market_Value_per_SqFt", "number_non_empty_cells": 595, "number_empty_cells": 0, "number_distinct_values": 165, "frequent_values": [72.0, 91.0, 75.0, 88.0, 67.0], "dataTypes": [{"type": "REAL", "count": 595, "max_value": 259.0, "min_value": 8.52, "mean": 80.64077310924374, "stddev": 28.783686283048567}]}, {"column_name": "_COMPARABLE_RENTAL_1_Boro-Block-Lot", "number_non_empty_cells": 595, "number_empty_cells": 0, "number_distinct_values": 264, "frequent_values": ["3-02130-0017", "3-02409-0015", "3-01789-0033", "3-00714-0044", "3-01149-0006"], "dataTypes": [{"type": "TEXT", "count": 595, "shortest_values": [["3-00271-0001", 12], ["3-00178-0016", 12], ["3-00221-0020", 12], ["3-00036-0016", 12], ["3-00178-0016", 12]], "longest_values": [["3-00271-0001", 12], ["3-00178-0016", 12], ["3-00221-0020", 12], ["3-00036-0016", 12], ["3-00178-0016", 12]], "average_length": 12.0}]}, {"column_name": "COMPARABLE_RENTAL_1_Address", "number_non_empty_cells": 591, "number_empty_cells": 4, "number_distinct_values": 263, "frequent_values": ["84 BROADWAY", "276 SOUTH 1 STREET", "640 LAFAYETTE AVENUE", "4018 5 AVENUE", "677 CLASSON AVENUE"], "dataTypes": [{"type": "TEXT", "count": 595, "shortest_values": [["66 7 AVENUE", 11], ["84 BROADWAY", 11], ["84 BROADWAY", 11], ["84 BROADWAY", 11], ["84 BROADWAY", 11]], "longest_values": [["1631 EASTERN PARKWAY EXT", 24], ["1521 EASTERN PARKWAY EXT", 24], ["1631 EASTERN PARKWAY EXT", 24], ["1320 CONEY ISLAND AVENUE", 24], ["6402 FT HAMILTON PARKWAY", 24]], "average_length": 17.05210084033613}]}, {"column_name": "COMPARABLE_RENTAL_1__Neighborhood", "number_non_empty_cells": 590, "number_empty_cells": 5, "number_distinct_values": 42, "frequent_values": ["WILLIAMSBURG-SOUTH", "BEDFORD STUYVESANT", "CROWN HEIGHTS", "PARK SLOPE", "BOROUGH PARK"], "dataTypes": [{"type": "TEXT", "count": 595, "shortest_values": [["GOWANUS", 7], ["GOWANUS", 7], ["MIDWOOD", 7], ["MIDWOOD", 7], ["MADISON", 7]], "longest_values": [["DOWNTOWN-FULTON FERRY", 21], ["DOWNTOWN-FULTON FERRY", 21], ["DOWNTOWN-FULTON FERRY", 21], ["DOWNTOWN-FULTON FERRY", 21], ["DOWNTOWN-FULTON FERRY", 21]], "average_length": 14.662184873949577}]}, {"column_name": "COMPARABLE_RENTAL_1__Building_Classification", "number_non_empty_cells": 595, "number_empty_cells": 0, "number_distinct_values": 13, "frequent_values": ["C1-WALK-UP", "D1-ELEVATOR", "D9-ELEVATOR", "D7-ELEVATOR", "C7-WALK-UP"], "dataTypes": [{"type": "TEXT", "count": 595, "shortest_values": [["C7-WALK-UP", 10], ["C7-WALK-UP", 10], ["C7-WALK-UP", 10], ["C7-WALK-UP", 10], ["C7-WALK-UP", 10]], "longest_values": [["D1-ELEVATOR", 11], ["D1-ELEVATOR", 11], ["D6-ELEVATOR", 11], ["D5-ELEVATOR", 11], ["D1-ELEVATOR", 11]], "average_length": 10.522689075630248}]}, {"column_name": "COMPARABLE_RENTAL_1__Total_Units", "number_non_empty_cells": 595, "number_empty_cells": 0, "number_distinct_values": 77, "frequent_values": [16, 24, 25, 20, 12], "dataTypes": [{"type": "INTEGER (LONG)", "count": 595, "max_value": 364, "min_value": 11, "mean": 37.33445378151264, "stddev": 39.43185684120572}]}, {"column_name": "COMPARABLE_RENTAL_1__Year_Built", "number_non_empty_cells": 595, "number_empty_cells": 0, "number_distinct_values": 64, "frequent_values": [1920, 1931, 1930, 1915, 1900], "dataTypes": [{"type": "INTEGER (LONG)", "count": 595, "max_value": 2006, "min_value": 1870, "mean": 1933.5529411764703, "stddev": 30.29754635080026}]}, {"column_name": "COMPARABLE_RENTAL_1__Gross_SqFt", "number_non_empty_cells": 595, "number_empty_cells": 0, "number_distinct_values": 248, "frequent_values": [26631, 14470, 7150, 24620, 45000], "dataTypes": [{"type": "INTEGER (LONG)", "count": 595, "max_value": 277200, "min_value": 4120, "mean": 32932.122689075644, "stddev": 34082.267956108844}]}, {"column_name": "COMPARABLE_RENTAL_1__Est_Gross_Income", "number_non_empty_cells": 595, "number_empty_cells": 0, "number_distinct_values": 261, "frequent_values": [591705, 304835, 211376, 410892, 173106], "dataTypes": [{"type": "INTEGER (LONG)", "count": 595, "max_value": 8212471, "min_value": 62212, "mean": 702363.3848739499, "stddev": 908317.8599753669}]}, {"column_name": "COMPARABLE_RENTAL_1__Gross_Income_per_SqFt", "number_non_empty_cells": 595, "number_empty_cells": 0, "number_distinct_values": 247, "frequent_values": [22.22, 21.07, 29.6, 16.69, 25.2], "dataTypes": [{"type": "REAL", "count": 595, "max_value": 50.0, "min_value": 5.59, "mean": 20.765966386554656, "stddev": 6.656930061793477}]}, {"column_name": "COMPARABLE_RENTAL_1_Full_Market_Value", "number_non_empty_cells": 595, "number_empty_cells": 0, "number_distinct_values": 214, "frequent_values": [2450000, 646000, 985000, 1390000, 3240000], "dataTypes": [{"type": "INTEGER (LONG)", "count": 595, "max_value": 40300000, "min_value": 161000, "mean": 2642373.1092436984, "stddev": 3996894.3315734887}]}, {"column_name": "COMPARABLE_RENTAL_1__Market_Value_per_SqFt", "number_non_empty_cells": 595, "number_empty_cells": 0, "number_distinct_values": 156, "frequent_values": [92.0, 44.6, 118.0, 138.0, 119.0], "dataTypes": [{"type": "REAL", "count": 595, "max_value": 246.0, "min_value": 11.85, "mean": 76.29863865546206, "stddev": 39.27181531728331}]}, {"column_name": "COMPARABLE_RENTAL_1__Dist_from_Coop_in_miles", "number_non_empty_cells": 595, "number_empty_cells": 0, "number_distinct_values": 96, "frequent_values": [0.65, 0.45, 0.6, 0.55, 0.8], "dataTypes": [{"type": "REAL", "count": 595, "max_value": 9.2, "min_value": 0.0, "mean": 1.318991596638657, "stddev": 1.6689705955075658}]}, {"column_name": "COMPARABLE_RENTAL_2__Boro-Block-Lot", "number_non_empty_cells": 486, "number_empty_cells": 109, "number_distinct_values": 239, "frequent_values": ["3-02421-0035", "3-02424-0012", "3-02424-0016", "3-02789-0011", "3-02412-0027"], "dataTypes": [{"type": "TEXT", "count": 486, "shortest_values": [["3-00221-0020", 12], ["3-00237-0037", 12], ["3-00275-0001", 12], ["3-00051-0012", 12], ["3-00237-0037", 12]], "longest_values": [["3-00221-0020", 12], ["3-00237-0037", 12], ["3-00275-0001", 12], ["3-00051-0012", 12], ["3-00237-0037", 12]], "average_length": 12.0}]}, {"column_name": "COMPARABLE_RENTAL_2__Address", "number_non_empty_cells": 485, "number_empty_cells": 110, "number_distinct_values": 239, "frequent_values": ["247 SOUTH 3 STREET", "362 SOUTH 2 STREET", "370 SOUTH 2 STREET", "367 SOUTH 2 STREET", "740 GRAND STREET"], "dataTypes": [{"type": "TEXT", "count": 486, "shortest_values": [["104 2 PLACE", 11], ["84 BROADWAY", 11], ["84 BROADWAY", 11], ["84 BROADWAY", 11], ["325 1 STREET", 12]], "longest_values": [["1629 EASTERN PARKWAY EXT", 24], ["1566 EASTERN PARKWAY EXT", 24], ["1566 EASTERN PARKWAY EXT", 24], ["1631 EASTERN PARKWAY EXT", 24], ["702 EAST NEW YORK AVENUE", 24]], "average_length": 17.456790123456784}]}, {"column_name": "COMPARABLE_RENTAL_2__Neighborhood", "number_non_empty_cells": 486, "number_empty_cells": 109, "number_distinct_values": 42, "frequent_values": ["WILLIAMSBURG-SOUTH", "PARK SLOPE", "BROOKLYN HEIGHTS", "BEDFORD STUYVESANT", "CROWN HEIGHTS"], "dataTypes": [{"type": "TEXT", "count": 486, "shortest_values": [["GOWANUS", 7], ["MIDWOOD", 7], ["MIDWOOD", 7], ["MIDWOOD", 7], ["MADISON", 7]], "longest_values": [["DOWNTOWN-FULTON FERRY", 21], ["DOWNTOWN-FULTON FERRY", 21], ["DOWNTOWN-FULTON FERRY", 21], ["DOWNTOWN-FULTON FERRY", 21], ["DOWNTOWN-FULTON FERRY", 21]], "average_length": 14.783950617283955}]}, {"column_name": "COMPARABLE_RENTAL_2__Building_Classification", "number_non_empty_cells": 486, "number_empty_cells": 109, "number_distinct_values": 14, "frequent_values": ["C1-WALK-UP", "D9-ELEVATOR", "D1-ELEVATOR", "C7-WALK-UP", "D7-ELEVATOR"], "dataTypes": [{"type": "TEXT", "count": 486, "shortest_values": [["C7-WALK-UP", 10], ["C7-WALK-UP", 10], ["C7-WALK-UP", 10], ["C1-WALK-UP", 10], ["C7-WALK-UP", 10]], "longest_values": [["D6-ELEVATOR", 11], ["D7-ELEVATOR", 11], ["D7-ELEVATOR", 11], ["D7-ELEVATOR", 11], ["D7-ELEVATOR", 11]], "average_length": 10.547325102880663}]}, {"column_name": "COMPARABLE_RENTAL_2__Total_Units", "number_non_empty_cells": 486, "number_empty_cells": 109, "number_distinct_values": 72, "frequent_values": [16, 30, 20, 24, 29], "dataTypes": [{"type": "INTEGER (LONG)", "count": 486, "max_value": 364, "min_value": 11, "mean": 39.73868312757198, "stddev": 47.39970595915991}]}, {"column_name": "COMPARABLE_RENTAL_2__Year_Built", "number_non_empty_cells": 486, "number_empty_cells": 109, "number_distinct_values": 54, "frequent_values": [1920, 1915, 1931, 1930, 1910], "dataTypes": [{"type": "INTEGER (LONG)", "count": 486, "max_value": 2006, "min_value": 1870, "mean": 1929.3703703703713, "stddev": 27.51069127504289}]}, {"column_name": "COMPARABLE_RENTAL_2__Gross_SqFt", "number_non_empty_cells": 486, "number_empty_cells": 109, "number_distinct_values": 225, "frequent_values": [21744, 21197, 23000, 28800, 48000], "dataTypes": [{"type": "INTEGER (LONG)", "count": 486, "max_value": 242752, "min_value": 4120, "mean": 34172.532921810656, "stddev": 37236.87622939108}]}, {"column_name": "COMPARABLE_RENTAL_2__Est_Gross_Income", "number_non_empty_cells": 486, "number_empty_cells": 109, "number_distinct_values": 233, "frequent_values": [454364, 400572, 470568, 866384, 547883], "dataTypes": [{"type": "INTEGER (LONG)", "count": 486, "max_value": 8212471, "min_value": 62212, "mean": 733462.5123456786, "stddev": 1021521.6962477111}]}, {"column_name": "COMPARABLE_RENTAL_2__Gross_Income_per_SqFt", "number_non_empty_cells": 486, "number_empty_cells": 109, "number_distinct_values": 220, "frequent_values": [20.9, 22.2, 17.42, 25.2, 18.05], "dataTypes": [{"type": "REAL", "count": 486, "max_value": 45.1, "min_value": 5.51, "mean": 20.657366255144016, "stddev": 6.317652522306532}]}, {"column_name": "COMPARABLE_RENTAL_2__Full_Market_Value", "number_non_empty_cells": 486, "number_empty_cells": 109, "number_distinct_values": 199, "frequent_values": [963000, 849000, 998000, 3240000, 1160000], "dataTypes": [{"type": "INTEGER (LONG)", "count": 486, "max_value": 40300000, "min_value": 161000, "mean": 2722471.193415635, "stddev": 4620515.276677449}]}, {"column_name": "COMPARABLE_RENTAL_2__Market_Value_per_SqFt", "number_non_empty_cells": 486, "number_empty_cells": 109, "number_distinct_values": 150, "frequent_values": [47.1, 44.3, 36.9, 40.3, 104.0], "dataTypes": [{"type": "REAL", "count": 486, "max_value": 221.0, "min_value": 11.68, "mean": 73.13446502057614, "stddev": 38.43591000353985}]}, {"column_name": "COMPARABLE_RENTAL_2__Dist_from_Coop_in_miles", "number_non_empty_cells": 486, "number_empty_cells": 109, "number_distinct_values": 77, "frequent_values": [0.75, 0.7, 0.6, 0.5, 0.35], "dataTypes": [{"type": "REAL", "count": 486, "max_value": 9.2, "min_value": 0.0, "mean": 1.1629423868312758, "stddev": 1.4549339161571655}]}]}