{"dataset_name": "/user/hm74/NYCOpenData/5nz7-hh6t.tsv.gz", "columns": [{"column_name": "BORO", "number_non_empty_cells": 556, "number_empty_cells": 0, "number_distinct_values": 9, "frequent_values": ["X", "M", "K", "Q", "R"], "dataTypes": [{"type": "TEXT", "count": 556, "shortest_values": [["K", 1], ["K", 1], ["K", 1], ["K", 1], ["K", 1]], "longest_values": [["(0K-09* ONLY)\"", 14], ["(MS CORE and ", 13], ["(MS CORE and ", 13], ["SEATS FILLED\"", 13], ["09-12 ONLY)\"", 12]], "average_length": 1.1276978417266195}]}, {"column_name": "GRADE_LEVEL", "number_non_empty_cells": 554, "number_empty_cells": 2, "number_distinct_values": 17, "frequent_values": ["09-12", "MS Core", "0K-09", "0K", "01"], "dataTypes": [{"type": "INTEGER (LONG)", "count": 105, "max_value": 8, "min_value": 1, "mean": 4.142857142857142, "stddev": 2.2100574068328176}, {"type": "DATE/TIME", "count": 301, "max_value": "2019-09-12T00:00:00", "min_value": "2019-09-12T00:00:00"}, {"type": "TEXT", "count": 148, "shortest_values": [["0K", 2], ["0K", 2], ["0K", 2], ["0K", 2], ["0K", 2]], "longest_values": [["NUMBER OF STUDENTS / ", 21], ["NUMBER OF SECTIONS", 18], ["SERVICE CATEGORY", 16], ["CORE COURSE ", 12], ["MS Core", 7]], "average_length": 6.472972972972969}]}, {"column_name": "PROGRAM_TYPE", "number_non_empty_cells": 551, "number_empty_cells": 5, "number_distinct_values": 6, "frequent_values": ["GEN ED", "CTT", "SPEC ED", "G&T", "AVERAGE CLASS SIZE"], "dataTypes": [{"type": "TEXT", "count": 551, "shortest_values": [["CTT", 3], ["G&T", 3], ["CTT", 3], ["G&T", 3], ["CTT", 3]], "longest_values": [["AVERAGE CLASS SIZE", 18], ["SPEC ED", 7], ["SPEC ED", 7], ["SPEC ED", 7], ["SPEC ED", 7]], "average_length": 5.007259528130675}]}, {"column_name": "CORE_SUBJECT_", "number_non_empty_cells": 550, "number_empty_cells": 6, "number_distinct_values": 6, "frequent_values": ["-", "English", "Social Studies", "Science", "Math"], "dataTypes": [{"type": "TEXT", "count": 550, "shortest_values": [["-", 1], ["-", 1], ["-", 1], ["-", 1], ["-", 1]], "longest_values": [["Social Studies", 14], ["Social Studies", 14], ["Social Studies", 14], ["Social Studies", 14], ["Social Studies", 14]], "average_length": 6.327272727272725}]}]}