{"dataset_name": "/user/hm74/NYCOpenData/5pbr-mxtd.tsv.gz", "columns": [{"column_name": "ID", "number_non_empty_cells": 18, "number_empty_cells": 0, "number_distinct_values": 18, "frequent_values": [115, 103, 111, 117, 112], "dataTypes": [{"type": "INTEGER (LONG)", "count": 18, "max_value": 124, "min_value": 102, "mean": 111.38888888888889, "stddev": 5.992021444191793}]}, {"column_name": "name", "number_non_empty_cells": 18, "number_empty_cells": 0, "number_distinct_values": 18, "frequent_values": ["Staten Island - St. George Library Center", "Manhattan - Grand Central Library", "Manhattan - Department of Finance", "Manhattan- CBIC", "Manhattan - IDNYC Centre Street Office"], "dataTypes": [{"type": "TEXT", "count": 18, "shortest_values": [["Manhattan- CBIC", 15], ["Bronx - Lincoln Hospital", 24], ["Queens - Flushing Library", 25], ["Bronx - Bronx Library Center", 28], ["Bronx - Department of Finance", 29]], "longest_values": [["Manhattan - Neighborhood Trust Federal Credit Union", 51], ["Brooklyn - Central Library at Grand Army Plaza", 46], ["Staten Island - St. George Library Center", 41], ["Manhattan - IDNYC Centre Street Office", 38], ["Manhattan - East Harlem Health Center", 37]], "average_length": 33.55555555555555}]}, {"column_name": "address1", "number_non_empty_cells": 18, "number_empty_cells": 0, "number_distinct_values": 18, "frequent_values": ["34-33 Junction Blvd., Lower Level", "100 Centre Street, 14th Floor", "109 East 16th St. 1 FL", "158 East 115th Street, Room 108", "3030 Third Avenue, 2nd Floor"], "dataTypes": [{"type": "TEXT", "count": 18, "shortest_values": [["41-17 Main St", 13], ["5 Central Avenue", 16], ["89-11 Merrick Blvd", 18], ["665 New Lots Avenue", 19], ["10 Grand Army Plaza", 19]], "longest_values": [["34-33 Junction Blvd., Lower Level", 33], ["234 East 149th Street, 1st Floor", 32], ["210 Joralemon Street, 1st Floor", 31], ["2865 West 8th Street, 1st Floor", 31], ["158 East 115th Street, Room 108", 31]], "average_length": 24.666666666666664}]}, {"column_name": "address2", "number_non_empty_cells": 11, "number_empty_cells": 7, "number_distinct_values": 12, "frequent_values": ["(at John St and William St)", "(at Kingsbridge and Briggs)", "(at E156th St and Third Ave)", "(at Joralemon St and Court St)", "(at W 166th St and St. Nicholas Ave)"], "dataTypes": [{"type": "TEXT", "count": 11, "shortest_values": [["(Ground Floor)", 14], ["(at 41st Rd and Main St)", 24], ["(at John St and William St)", 27], ["(at Kingsbridge and Briggs)", 27], ["(entrance on Morris Avenue)", 27]], "longest_values": [["(at Eastern Parkway and Flatbush Ave)", 37], ["(at W 166th St and St. Nicholas Ave)", 36], ["(at 34th Road and Junction Blvd)", 32], ["(at Joralemon St and Court St)", 30], ["(at 89th Ave and Merrick Blvd)", 30]], "average_length": 28.363636363636363}]}, {"column_name": "city", "number_non_empty_cells": 18, "number_empty_cells": 0, "number_distinct_values": 7, "frequent_values": ["New York", "Brooklyn", "Bronx", "Flushing", "Staten Island"], "dataTypes": [{"type": "TEXT", "count": 18, "shortest_values": [["Bronx", 5], ["Bronx", 5], ["Bronx", 5], ["Jamaica", 7], ["New York", 8]], "longest_values": [["Jackson Heights", 15], ["Staten Island", 13], ["New York", 8], ["Flushing", 8], ["New York", 8]], "average_length": 8.111111111111109}]}, {"column_name": "zip", "number_non_empty_cells": 18, "number_empty_cells": 0, "number_distinct_values": 17, "frequent_values": [10029, 10458, 10013, 11201, 11207], "dataTypes": [{"type": "INTEGER (LONG)", "count": 18, "max_value": 11432, "min_value": 10003, "mean": 10603.055555555555, "stddev": 570.9807811731807}]}, {"column_name": "hours", "number_non_empty_cells": 18, "number_empty_cells": 0, "number_distinct_values": 11, "frequent_values": ["Mon-Fri: 9:00am - 5:00pm<br>Closed from 1:00pm to 2:00pm Mon through Friday for lunch", "Mon-Fri: 8:30am - 4:30pm<br>Closed from 1:00pm to 2:00pm Mon through Friday for lunch", "Mon-Fri: 9:00am - 6:00pm<br>Sat: 10:00am - 2:00pm<br>Sun: 12:00pm - 5:00pm<br>Closed from 1:00pm to 2:00pm everyday for lunch", "Mon-Fri: 9:00am - 6:00pm<br>Sat: 10:00am - 2:00pm<br>Sun: 1:00pm - 5:00pm<br>Closed from 1:00pm to 2:00pm everyday for lunch", "Mon-Thu: 10:00am - 7:00pm<br>Fri: 10:00am - 6:00pm<br>Sat: 10:00am - 2:00pm<br>Closed from 1:00pm to 2:00pm everyday for lunch"], "dataTypes": [{"type": "TEXT", "count": 18, "shortest_values": [["Mon-Fri: 8:30am - 4:30pm<br>Closed from 1:00pm to 2:00pm Mon through Friday for lunch", 85], ["Mon-Fri: 9:00am - 5:00pm<br>Closed from 1:00pm to 2:00pm Mon through Friday for lunch", 85], ["Mon-Fri: 9:00am - 5:00pm<br>Closed from 1:00pm to 2:00pm Mon through Friday for lunch", 85], ["Mon-Fri: 8:30am - 4:30pm<br>Closed from 1:00pm to 2:00pm Mon through Friday for lunch", 85], ["Mon-Fri: 8:30am - 4:30pm<br>Closed from 1:00pm to 2:00pm Mon through Friday for lunch", 85]], "longest_values": [["Mon-Thurs: 9:00am - 6:00pm<br>Fri: 10:00am - 6:00pm<br>Sat: 10:00am - 2:00pm<br>Sun: 12:00pm - 5:00pm<br> Closed from 1:00pm to 2:00pm Mon through Friday for lunch", 163], ["Mon-Thu: 10:00am - 7:00pm<br>Fri: 10:00am - 6:00pm<br>Sat: 10:00am - 2:00pm<br>Closed from 1:00pm to 2:00pm everyday for lunch", 126], ["Mon-Fri: 9:00am - 6:00pm<br>Sat: 10:00am - 2:00pm<br>Sun: 12:00pm - 5:00pm<br>Closed from 1:00pm to 2:00pm everyday for lunch", 125], ["Mon-Fri: 9:00am - 6:00pm<br>Sat: 10:00am - 2:00pm<br>Sun: 12:00pm - 5:00pm<br>Closed from 1:00pm to 2:00pm everyday for lunch", 125], ["Mon-Fri: 9:00am - 6:00pm<br>Sat: 10:00am - 2:00pm<br>Sun: 1:00pm - 5:00pm<br>Closed from 1:00pm to 2:00pm everyday for lunch", 124]], "average_length": 102.83333333333333}]}, {"column_name": "type", "number_non_empty_cells": 18, "number_empty_cells": 0, "number_distinct_values": 2, "frequent_values": ["permanent", "Permanent"], "dataTypes": [{"type": "TEXT", "count": 18, "shortest_values": [["permanent", 9], ["permanent", 9], ["permanent", 9], ["permanent", 9], ["Permanent", 9]], "longest_values": [["permanent", 9], ["permanent", 9], ["permanent", 9], ["permanent", 9], ["Permanent", 9]], "average_length": 9.0}]}, {"column_name": "Location 1", "number_non_empty_cells": 18, "number_empty_cells": 0, "number_distinct_values": 18, "frequent_values": ["(40.702719006411, -73.933277910072)", "(40.754178318974, -73.872231326785)", "(40.839281640097, -73.939852152795)", "(40.708933026166, -74.007614240468)", "(40.665053572741, -73.885789403282)"], "dataTypes": [{"type": "TEXT", "count": 18, "shortest_values": [["(40.7578, -73.829249)", 21], ["(40.735680393902, -73.98871297727)", 34], ["(40.707864703471, -73.79529508734)", 34], ["(40.708933026166, -74.007614240468)", 35], ["(40.702719006411, -73.933277910072)", 35]], "longest_values": [["(40.708933026166, -74.007614240468)", 35], ["(40.702719006411, -73.933277910072)", 35], ["(40.863275968824, -73.894219725259)", 35], ["(40.753848215422, -73.973821258235)", 35], ["(40.784556606399, -73.943779838667)", 35]], "average_length": 34.111111111111114}]}]}