{"dataset_name": "/user/hm74/NYCOpenData/5ps9-yuef.tsv.gz", "columns": [{"column_name": "BOROUGH", "number_non_empty_cells": 18, "number_empty_cells": 1, "number_distinct_values": 7, "frequent_values": ["1", "3", "5", "Citywide", "4"], "dataTypes": [{"type": "INTEGER (LONG)", "count": 15, "max_value": 5, "min_value": 1, "mean": 3.0, "stddev": 1.414213562373095}, {"type": "TEXT", "count": 3, "shortest_values": [["Citywide", 8], ["Citywide", 8], ["Citywide", 8]], "longest_values": [["Citywide", 8], ["Citywide", 8], ["Citywide", 8]], "average_length": 8.0}]}, {"column_name": "BUILDING CLASS CATEGORY", "number_non_empty_cells": 18, "number_empty_cells": 1, "number_distinct_values": 4, "frequent_values": ["03 THREE FAMILY HOMES", "01 ONE FAMILY HOMES  ", "02 TWO FAMILY HOMES  ", null], "dataTypes": [{"type": "TEXT", "count": 18, "shortest_values": [["01 ONE FAMILY HOMES  ", 21], ["02 TWO FAMILY HOMES  ", 21], ["03 THREE FAMILY HOMES", 21], ["01 ONE FAMILY HOMES  ", 21], ["02 TWO FAMILY HOMES  ", 21]], "longest_values": [["01 ONE FAMILY HOMES  ", 21], ["02 TWO FAMILY HOMES  ", 21], ["03 THREE FAMILY HOMES", 21], ["01 ONE FAMILY HOMES  ", 21], ["02 TWO FAMILY HOMES  ", 21]], "average_length": 21.0}]}, {"column_name": " NUMBER OF SALES ", "number_non_empty_cells": 19, "number_empty_cells": 0, "number_distinct_values": 19, "frequent_values": [516, 47, 7488, 8893, 1394], "dataTypes": [{"type": "INTEGER (LONG)", "count": 19, "max_value": 18160, "min_value": 24, "mean": 2867.3684210526317, "stddev": 4358.822791468337}]}, {"column_name": " MINIMUM SALE PRICE ", "number_non_empty_cells": 18, "number_empty_cells": 1, "number_distinct_values": 6, "frequent_values": [150000, 320000, 157170, 449249, 408771], "dataTypes": [{"type": "INTEGER (LONG)", "count": 18, "max_value": 449249, "min_value": 150000, "mean": 190843.8888888889, "stddev": 92926.42988161769}]}, {"column_name": " AVERAGE SALE PRICE ", "number_non_empty_cells": 18, "number_empty_cells": 1, "number_distinct_values": 19, "frequent_values": [591108, 477090, 401442, 639946, 580687], "dataTypes": [{"type": "INTEGER (LONG)", "count": 18, "max_value": 6812888, "min_value": 327474, "mean": 1165429.888888889, "stddev": 1633671.9993020117}]}, {"column_name": " MEDIAN SALE PRICE ", "number_non_empty_cells": 18, "number_empty_cells": 1, "number_distinct_values": 19, "frequent_values": [586354, 410000, 538888, 3085000, 496240], "dataTypes": [{"type": "INTEGER (LONG)", "count": 18, "max_value": 5075000, "min_value": 290000, "mean": 905439.1666666667, "stddev": 1182166.1511308737}]}, {"column_name": " MAXIMUM SALE PRICE ", "number_non_empty_cells": 18, "number_empty_cells": 1, "number_distinct_values": 16, "frequent_values": [19500000, 25000000, 15400000, 3500000, 4000000], "dataTypes": [{"type": "INTEGER (LONG)", "count": 18, "max_value": 25000000, "min_value": 670000, "mean": 9306547.222222222, "stddev": 8310134.8574508745}]}]}