{"dataset_name": "/user/hm74/NYCOpenData/5psr-sp96.tsv.gz", "columns": [{"column_name": "Demographic_Category", "number_non_empty_cells": 1650, "number_empty_cells": 0, "number_distinct_values": 7, "frequent_values": ["Gender by Ethnicity", "Ethnicity", "ELL Status", "Gender", "SWD Status"], "dataTypes": [{"type": "TEXT", "count": 1650, "shortest_values": [["Gender", 6], ["Gender", 6], ["Gender", 6], ["Gender", 6], ["Gender", 6]], "longest_values": [["Gender by Ethnicity", 19], ["Gender by Ethnicity", 19], ["Gender by Ethnicity", 19], ["Gender by Ethnicity", 19], ["Gender by Ethnicity", 19]], "average_length": 13.650909090909078}]}, {"column_name": "Demographic_Variable", "number_non_empty_cells": 1650, "number_empty_cells": 0, "number_distinct_values": 31, "frequent_values": ["Native American", "Male Multi-Racial", "Male Hispanic", "ELL", "Female Black"], "dataTypes": [{"type": "TEXT", "count": 1650, "shortest_values": [["ELL", 3], ["ELL", 3], ["ELL", 3], ["ELL", 3], ["ELL", 3]], "longest_values": [["Female Native American", 22], ["Female Native American", 22], ["Female Native American", 22], ["Female Native American", 22], ["Female Native American", 22]], "average_length": 10.682424242424254}]}, {"column_name": "Cohort_Year", "number_non_empty_cells": 1650, "number_empty_cells": 0, "number_distinct_values": 14, "frequent_values": [2012, 2011, 2010, 2007, 2006], "dataTypes": [{"type": "INTEGER (LONG)", "count": 1650, "max_value": 2014, "min_value": 2001, "mean": 2007.9054545454555, "stddev": 3.6633525719094475}]}, {"column_name": "Cohort", "number_non_empty_cells": 1650, "number_empty_cells": 0, "number_distinct_values": 5, "frequent_values": ["4 year June", "5 year June", "6 year June", "4 year August", "5 year August"], "dataTypes": [{"type": "TEXT", "count": 1650, "shortest_values": [["4 year June", 11], ["4 year June", 11], ["4 year June", 11], ["4 year June", 11], ["4 year June", 11]], "longest_values": [["4 year August", 13], ["4 year August", 13], ["4 year August", 13], ["4 year August", 13], ["4 year August", 13]], "average_length": 11.663030303030295}]}, {"column_name": "Total_Cohort_#", "number_non_empty_cells": 1650, "number_empty_cells": 0, "number_distinct_values": 893, "frequent_values": [131, 136, 6003, 1, 210], "dataTypes": [{"type": "INTEGER (LONG)", "count": 1650, "max_value": 79719, "min_value": 1, "mean": 19331.129090909075, "stddev": 21667.08855397421}]}, {"column_name": "Total_Grads_#", "number_non_empty_cells": 1650, "number_empty_cells": 0, "number_distinct_values": 1443, "frequent_values": ["s", "91", "67", "84", "114"], "dataTypes": [{"type": "INTEGER (LONG)", "count": 1638, "max_value": 58803, "min_value": 0, "mean": 13272.496947496933, "stddev": 15386.27736855803}, {"type": "TEXT", "count": 12, "shortest_values": [["s", 1], ["s", 1], ["s", 1], ["s", 1], ["s", 1]], "longest_values": [["s", 1], ["s", 1], ["s", 1], ["s", 1], ["s", 1]], "average_length": 1.0}]}, {"column_name": "Total_Grads_%_of_cohort", "number_non_empty_cells": 1650, "number_empty_cells": 0, "number_distinct_values": 528, "frequent_values": ["s", "65.4", "72.7", "75.2", "78.9"], "dataTypes": [{"type": "REAL", "count": 1638, "max_value": 93.5, "min_value": 0.0, "mean": 67.570573870574, "stddev": 15.018079085771017}, {"type": "TEXT", "count": 12, "shortest_values": [["s", 1], ["s", 1], ["s", 1], ["s", 1], ["s", 1]], "longest_values": [["s", 1], ["s", 1], ["s", 1], ["s", 1], ["s", 1]], "average_length": 1.0}]}, {"column_name": "Total_Regents_#", "number_non_empty_cells": 1650, "number_empty_cells": 0, "number_distinct_values": 1434, "frequent_values": ["s", "80", "59", "52", "133"], "dataTypes": [{"type": "INTEGER (LONG)", "count": 1638, "max_value": 54516, "min_value": 0, "mean": 11210.358974358967, "stddev": 13588.165937278853}, {"type": "TEXT", "count": 12, "shortest_values": [["s", 1], ["s", 1], ["s", 1], ["s", 1], ["s", 1]], "longest_values": [["s", 1], ["s", 1], ["s", 1], ["s", 1], ["s", 1]], "average_length": 1.0}]}, {"column_name": "Total_Regents_%_of_cohort", "number_non_empty_cells": 1650, "number_empty_cells": 0, "number_distinct_values": 661, "frequent_values": ["s", "63.2", "66.8", "67.0", "74.7"], "dataTypes": [{"type": "REAL", "count": 1638, "max_value": 91.7, "min_value": 0.0, "mean": 57.392246642246604, "stddev": 19.455745022139816}, {"type": "TEXT", "count": 12, "shortest_values": [["s", 1], ["s", 1], ["s", 1], ["s", 1], ["s", 1]], "longest_values": [["s", 1], ["s", 1], ["s", 1], ["s", 1], ["s", 1]], "average_length": 1.0}]}, {"column_name": "Total_Regents_%_of_grads", "number_non_empty_cells": 1650, "number_empty_cells": 0, "number_distinct_values": 483, "frequent_values": ["92.4", "97.9", "93.1", "98.8", "98.3"], "dataTypes": [{"type": "REAL", "count": 1635, "max_value": 100.0, "min_value": 0.0, "mean": 82.55743119266053, "stddev": 16.192330596910335}, {"type": "TEXT", "count": 15, "shortest_values": [["s", 1], ["s", 1], ["s", 1], ["s", 1], ["s", 1]], "longest_values": [["No Data", 7], ["No Data", 7], ["No Data", 7], ["s", 1], ["s", 1]], "average_length": 2.2}]}, {"column_name": "Advanced_Regents_#", "number_non_empty_cells": 1650, "number_empty_cells": 0, "number_distinct_values": 1043, "frequent_values": ["No Data", "6", "13", "16", "24"], "dataTypes": [{"type": "INTEGER (LONG)", "count": 1614, "max_value": 15658, "min_value": 0, "mean": 3338.335811648079, "stddev": 4037.4634506377247}, {"type": "TEXT", "count": 36, "shortest_values": [["s", 1], ["s", 1], ["s", 1], ["s", 1], ["s", 1]], "longest_values": [["No Data", 7], ["No Data", 7], ["No Data", 7], ["No Data", 7], ["No Data", 7]], "average_length": 4.999999999999999}]}, {"column_name": "Advanced_Regents_%_of_cohort", "number_non_empty_cells": 1650, "number_empty_cells": 0, "number_distinct_values": 397, "frequent_values": ["9.7", "No Data", "8.7", "16.5", "8.6"], "dataTypes": [{"type": "REAL", "count": 1614, "max_value": 55.8, "min_value": 0.0, "mean": 18.32503097893436, "stddev": 12.624514142771893}, {"type": "TEXT", "count": 36, "shortest_values": [["s", 1], ["s", 1], ["s", 1], ["s", 1], ["s", 1]], "longest_values": [["No Data", 7], ["No Data", 7], ["No Data", 7], ["No Data", 7], ["No Data", 7]], "average_length": 4.999999999999999}]}, {"column_name": "Advanced_Regents_%_of_grads", "number_non_empty_cells": 1650, "number_empty_cells": 0, "number_distinct_values": 477, "frequent_values": ["No Data", "13.7", "13.6", "25.0", "14.1"], "dataTypes": [{"type": "REAL", "count": 1611, "max_value": 61.8, "min_value": 0.0, "mean": 25.07945375543139, "stddev": 13.87681662618584}, {"type": "TEXT", "count": 39, "shortest_values": [["s", 1], ["s", 1], ["s", 1], ["s", 1], ["s", 1]], "longest_values": [["No Data", 7], ["No Data", 7], ["No Data", 7], ["No Data", 7], ["No Data", 7]], "average_length": 5.153846153846153}]}, {"column_name": "Regents_w/o_Advanced_#", "number_non_empty_cells": 1650, "number_empty_cells": 0, "number_distinct_values": 1374, "frequent_values": ["No Data", "s", "16", "54", "57"], "dataTypes": [{"type": "INTEGER (LONG)", "count": 1614, "max_value": 40924, "min_value": 0, "mean": 7939.661710037159, "stddev": 9835.458037251565}, {"type": "TEXT", "count": 36, "shortest_values": [["s", 1], ["s", 1], ["s", 1], ["s", 1], ["s", 1]], "longest_values": [["No Data", 7], ["No Data", 7], ["No Data", 7], ["No Data", 7], ["No Data", 7]], "average_length": 4.999999999999999}]}, {"column_name": "Regents_w/o_Advanced_%_of_cohort", "number_non_empty_cells": 1650, "number_empty_cells": 0, "number_distinct_values": 501, "frequent_values": ["No Data", "47.7", "s", "53.5", "45.4"], "dataTypes": [{"type": "REAL", "count": 1614, "max_value": 68.1, "min_value": 0.0, "mean": 39.262949194547794, "stddev": 13.070889180405441}, {"type": "TEXT", "count": 36, "shortest_values": [["s", 1], ["s", 1], ["s", 1], ["s", 1], ["s", 1]], "longest_values": [["No Data", 7], ["No Data", 7], ["No Data", 7], ["No Data", 7], ["No Data", 7]], "average_length": 4.999999999999999}]}, {"column_name": "Regents_w/o_Advanced_%_of_grads", "number_non_empty_cells": 1650, "number_empty_cells": 0, "number_distinct_values": 504, "frequent_values": ["No Data", "68.2", "s", "69.6", "67.9"], "dataTypes": [{"type": "REAL", "count": 1611, "max_value": 83.0, "min_value": 0.0, "mean": 57.666852886405955, "stddev": 15.014082153351708}, {"type": "TEXT", "count": 39, "shortest_values": [["s", 1], ["s", 1], ["s", 1], ["s", 1], ["s", 1]], "longest_values": [["No Data", 7], ["No Data", 7], ["No Data", 7], ["No Data", 7], ["No Data", 7]], "average_length": 5.153846153846153}]}, {"column_name": "Local_#", "number_non_empty_cells": 1650, "number_empty_cells": 0, "number_distinct_values": 1162, "frequent_values": ["2", "0", "7", "4", "14"], "dataTypes": [{"type": "INTEGER (LONG)", "count": 1638, "max_value": 19180, "min_value": 0, "mean": 2065.739926739927, "stddev": 3141.0949026654953}, {"type": "TEXT", "count": 12, "shortest_values": [["s", 1], ["s", 1], ["s", 1], ["s", 1], ["s", 1]], "longest_values": [["s", 1], ["s", 1], ["s", 1], ["s", 1], ["s", 1]], "average_length": 1.0}]}, {"column_name": "Local_%_of_cohort", "number_non_empty_cells": 1650, "number_empty_cells": 0, "number_distinct_values": 286, "frequent_values": ["4.1", "3.5", "3.4", "4.8", "1.1"], "dataTypes": [{"type": "REAL", "count": 1638, "max_value": 33.5, "min_value": 0.0, "mean": 10.213064713064718, "stddev": 7.747158304301327}, {"type": "TEXT", "count": 12, "shortest_values": [["s", 1], ["s", 1], ["s", 1], ["s", 1], ["s", 1]], "longest_values": [["s", 1], ["s", 1], ["s", 1], ["s", 1], ["s", 1]], "average_length": 1.0}]}, {"column_name": "Local_%_of_grads", "number_non_empty_cells": 1650, "number_empty_cells": 0, "number_distinct_values": 489, "frequent_values": ["7.6", "6.3", "1.7", "6.9", "2.1"], "dataTypes": [{"type": "REAL", "count": 1635, "max_value": 100.0, "min_value": 0.0, "mean": 17.51944954128439, "stddev": 16.32462655355084}, {"type": "TEXT", "count": 15, "shortest_values": [["s", 1], ["s", 1], ["s", 1], ["s", 1], ["s", 1]], "longest_values": [["No Data", 7], ["No Data", 7], ["No Data", 7], ["s", 1], ["s", 1]], "average_length": 2.2}]}, {"column_name": "Still_Enrolled_#", "number_non_empty_cells": 1650, "number_empty_cells": 0, "number_distinct_values": 1240, "frequent_values": ["2", "6", "s", "17", "11"], "dataTypes": [{"type": "INTEGER (LONG)", "count": 1638, "max_value": 21721, "min_value": 0, "mean": 2690.9371184371234, "stddev": 3708.7310911942277}, {"type": "TEXT", "count": 12, "shortest_values": [["s", 1], ["s", 1], ["s", 1], ["s", 1], ["s", 1]], "longest_values": [["s", 1], ["s", 1], ["s", 1], ["s", 1], ["s", 1]], "average_length": 1.0}]}, {"column_name": "Still_Enrolled_%_of_cohort", "number_non_empty_cells": 1650, "number_empty_cells": 0, "number_distinct_values": 363, "frequent_values": ["7.8", "4.9", "8.7", "5.9", "4.4"], "dataTypes": [{"type": "REAL", "count": 1638, "max_value": 100.0, "min_value": 0.0, "mean": 14.152258852258862, "stddev": 10.315405298517268}, {"type": "TEXT", "count": 12, "shortest_values": [["s", 1], ["s", 1], ["s", 1], ["s", 1], ["s", 1]], "longest_values": [["s", 1], ["s", 1], ["s", 1], ["s", 1], ["s", 1]], "average_length": 1.0}]}, {"column_name": "Dropped_Out_#", "number_non_empty_cells": 1650, "number_empty_cells": 0, "number_distinct_values": 1146, "frequent_values": ["15", "22", "40", "s", "24"], "dataTypes": [{"type": "INTEGER (LONG)", "count": 1638, "max_value": 23538, "min_value": 0, "mean": 2879.7197802197757, "stddev": 3480.8502193165023}, {"type": "TEXT", "count": 12, "shortest_values": [["s", 1], ["s", 1], ["s", 1], ["s", 1], ["s", 1]], "longest_values": [["s", 1], ["s", 1], ["s", 1], ["s", 1], ["s", 1]], "average_length": 1.0}]}, {"column_name": "Dropped_Out_%_of_cohort", "number_non_empty_cells": 1650, "number_empty_cells": 0, "number_distinct_values": 315, "frequent_values": ["9.0", "9.6", "12.2", "10.2", "5.9"], "dataTypes": [{"type": "REAL", "count": 1638, "max_value": 50.0, "min_value": 0.0, "mean": 14.905372405372423, "stddev": 8.01210137548558}, {"type": "TEXT", "count": 12, "shortest_values": [["s", 1], ["s", 1], ["s", 1], ["s", 1], ["s", 1]], "longest_values": [["s", 1], ["s", 1], ["s", 1], ["s", 1], ["s", 1]], "average_length": 1.0}]}, {"column_name": "SACC_(IEP_Diploma)_#", "number_non_empty_cells": 1650, "number_empty_cells": 0, "number_distinct_values": 693, "frequent_values": ["0", "1", "2", "8", "No Data"], "dataTypes": [{"type": "INTEGER (LONG)", "count": 1613, "max_value": 2988, "min_value": 0, "mean": 361.6001239925604, "stddev": 485.1174579137578}, {"type": "TEXT", "count": 37, "shortest_values": [["s", 1], ["s", 1], ["s", 1], ["s", 1], ["s", 1]], "longest_values": [["No Data", 7], ["No Data", 7], ["No Data", 7], ["No Data", 7], ["No Data", 7]], "average_length": 5.0540540540540535}]}, {"column_name": "SACC_(IEP_Diploma)_%_of_cohort", "number_non_empty_cells": 1650, "number_empty_cells": 0, "number_distinct_values": 115, "frequent_values": ["0.0", "0.4", "0.8", "0.5", "0.7"], "dataTypes": [{"type": "REAL", "count": 1613, "max_value": 29.0, "min_value": 0.0, "mean": 2.0557966522008635, "stddev": 2.7529726143415005}, {"type": "TEXT", "count": 37, "shortest_values": [["s", 1], ["s", 1], ["s", 1], ["s", 1], ["s", 1]], "longest_values": [["No Data", 7], ["No Data", 7], ["No Data", 7], ["No Data", 7], ["No Data", 7]], "average_length": 5.0540540540540535}]}, {"column_name": "TASC_(GED)_#", "number_non_empty_cells": 1650, "number_empty_cells": 0, "number_distinct_values": 513, "frequent_values": ["0", "1", "2", "10", "3"], "dataTypes": [{"type": "INTEGER (LONG)", "count": 1613, "max_value": 2401, "min_value": 0, "mean": 237.75821450712954, "stddev": 332.1102993001177}, {"type": "TEXT", "count": 37, "shortest_values": [["s", 1], ["s", 1], ["s", 1], ["s", 1], ["s", 1]], "longest_values": [["No Data", 7], ["No Data", 7], ["No Data", 7], ["No Data", 7], ["No Data", 7]], "average_length": 5.0540540540540535}]}, {"column_name": "TASC_(GED)_%_of_cohort", "number_non_empty_cells": 1650, "number_empty_cells": 0, "number_distinct_values": 52, "frequent_values": ["0.9", "0.8", "1.0", "0.5", "1.1"], "dataTypes": [{"type": "REAL", "count": 1613, "max_value": 7.6, "min_value": 0.0, "mean": 1.1699938003719756, "stddev": 0.9187202681696385}, {"type": "TEXT", "count": 37, "shortest_values": [["s", 1], ["s", 1], ["s", 1], ["s", 1], ["s", 1]], "longest_values": [["No Data", 7], ["No Data", 7], ["No Data", 7], ["No Data", 7], ["No Data", 7]], "average_length": 5.0540540540540535}]}]}