{"dataset_name": "/user/hm74/NYCOpenData/5qbe-4vqd.tsv.gz", "columns": [{"column_name": "District", "number_non_empty_cells": 192, "number_empty_cells": 0, "number_distinct_values": 32, "frequent_values": [31, 28, 26, 27, 12], "dataTypes": [{"type": "INTEGER (LONG)", "count": 192, "max_value": 32, "min_value": 1, "mean": 16.5, "stddev": 9.233092656309692}]}, {"column_name": "Category", "number_non_empty_cells": 192, "number_empty_cells": 0, "number_distinct_values": 6, "frequent_values": ["All Students", "Attend school outside district of residence", "Receive free or reduced price lunch", "English Language Learners", "Students with Disabilities"], "dataTypes": [{"type": "TEXT", "count": 192, "shortest_values": [["All Students", 12], ["All Students", 12], ["All Students", 12], ["All Students", 12], ["All Students", 12]], "longest_values": [["Attend school outside district of residence", 43], ["Attend school outside district of residence", 43], ["Attend school outside district of residence", 43], ["Attend school outside district of residence", 43], ["Attend school outside district of residence", 43]], "average_length": 28.0}]}, {"column_name": "Year", "number_non_empty_cells": 192, "number_empty_cells": 0, "number_distinct_values": 1, "frequent_values": ["2016-17"], "dataTypes": [{"type": "TEXT", "count": 192, "shortest_values": [["2016-17", 7], ["2016-17", 7], ["2016-17", 7], ["2016-17", 7], ["2016-17", 7]], "longest_values": [["2016-17", 7], ["2016-17", 7], ["2016-17", 7], ["2016-17", 7], ["2016-17", 7]], "average_length": 7.0}]}, {"column_name": "Total_Enrollment", "number_non_empty_cells": 192, "number_empty_cells": 0, "number_distinct_values": 192, "frequent_values": [10206, 3997, 1143, 1139, 7644], "dataTypes": [{"type": "INTEGER (LONG)", "count": 192, "max_value": 43086, "min_value": 153, "mean": 8016.166666666669, "stddev": 9424.15389180317}]}, {"column_name": "#Grade_K", "number_non_empty_cells": 192, "number_empty_cells": 0, "number_distinct_values": 176, "frequent_values": [210, 184, 157, 368, 133], "dataTypes": [{"type": "INTEGER (LONG)", "count": 192, "max_value": 4914, "min_value": 24, "mean": 851.53125, "stddev": 1048.1336434062714}]}, {"column_name": "#Grade_1", "number_non_empty_cells": 192, "number_empty_cells": 0, "number_distinct_values": 177, "frequent_values": [161, 178, 255, 333, 251], "dataTypes": [{"type": "INTEGER (LONG)", "count": 192, "max_value": 5124, "min_value": 18, "mean": 903.2916666666671, "stddev": 1075.233239393771}]}, {"column_name": "#Grade_2", "number_non_empty_cells": 192, "number_empty_cells": 0, "number_distinct_values": 180, "frequent_values": [191, 300, 132, 155, 202], "dataTypes": [{"type": "INTEGER (LONG)", "count": 192, "max_value": 5047, "min_value": 16, "mean": 926.401041666666, "stddev": 1083.3940594833973}]}, {"column_name": "#Grade_3", "number_non_empty_cells": 192, "number_empty_cells": 0, "number_distinct_values": 173, "frequent_values": [260, 165, 101, 133, 177], "dataTypes": [{"type": "INTEGER (LONG)", "count": 192, "max_value": 5157, "min_value": 16, "mean": 906.8072916666663, "stddev": 1070.9201112774463}]}, {"column_name": "#Grade_4", "number_non_empty_cells": 192, "number_empty_cells": 0, "number_distinct_values": 173, "frequent_values": [130, 132, 230, 233, 2294], "dataTypes": [{"type": "INTEGER (LONG)", "count": 192, "max_value": 5083, "min_value": 20, "mean": 910.6458333333329, "stddev": 1083.1468619563886}]}, {"column_name": "#Grade_5", "number_non_empty_cells": 192, "number_empty_cells": 0, "number_distinct_values": 180, "frequent_values": [221, 154, 126, 1215, 211], "dataTypes": [{"type": "INTEGER (LONG)", "count": 192, "max_value": 4803, "min_value": 16, "mean": 867.2656249999998, "stddev": 1038.568966006443}]}, {"column_name": "#Grade_6", "number_non_empty_cells": 192, "number_empty_cells": 0, "number_distinct_values": 183, "frequent_values": [212, 223, 230, 155, 295], "dataTypes": [{"type": "INTEGER (LONG)", "count": 192, "max_value": 4344, "min_value": 9, "mean": 892.8437500000006, "stddev": 1048.7344588451695}]}, {"column_name": "#Grade_7", "number_non_empty_cells": 192, "number_empty_cells": 0, "number_distinct_values": 176, "frequent_values": [188, 650, 192, 297, 1426], "dataTypes": [{"type": "INTEGER (LONG)", "count": 192, "max_value": 4356, "min_value": 13, "mean": 871.494791666667, "stddev": 1026.5917772202379}]}, {"column_name": "#Grade_8", "number_non_empty_cells": 192, "number_empty_cells": 0, "number_distinct_values": 183, "frequent_values": [229, 346, 164, 81, 51], "dataTypes": [{"type": "INTEGER (LONG)", "count": 192, "max_value": 4379, "min_value": 15, "mean": 885.8854166666671, "stddev": 1040.7088566792636}]}, {"column_name": "#Female", "number_non_empty_cells": 192, "number_empty_cells": 0, "number_distinct_values": 188, "frequent_values": [1439, 638, 922, 1734, 4000], "dataTypes": [{"type": "INTEGER (LONG)", "count": 192, "max_value": 20905, "min_value": 68, "mean": 3805.614583333334, "stddev": 4641.464252101628}]}, {"column_name": "%Female", "number_non_empty_cells": 192, "number_empty_cells": 0, "number_distinct_values": 91, "frequent_values": ["49.1%", "49.7%", "48.8%", "48.7%", "48.9%"], "dataTypes": [{"type": "TEXT", "count": 192, "shortest_values": [["47.6%", 5], ["48.5%", 5], ["45.6%", 5], ["47.0%", 5], ["45.2%", 5]], "longest_values": [["47.6%", 5], ["48.5%", 5], ["45.6%", 5], ["47.0%", 5], ["45.2%", 5]], "average_length": 5.0}]}, {"column_name": "#Male", "number_non_empty_cells": 192, "number_empty_cells": 0, "number_distinct_values": 187, "frequent_values": [635, 871, 1124, 1021, 1241], "dataTypes": [{"type": "INTEGER (LONG)", "count": 192, "max_value": 22181, "min_value": 85, "mean": 4210.552083333332, "stddev": 4795.861819426967}]}, {"column_name": "%Male", "number_non_empty_cells": 192, "number_empty_cells": 0, "number_distinct_values": 91, "frequent_values": ["50.9%", "50.3%", "51.3%", "51.2%", "50.6%"], "dataTypes": [{"type": "TEXT", "count": 192, "shortest_values": [["52.4%", 5], ["51.5%", 5], ["54.4%", 5], ["53.0%", 5], ["54.8%", 5]], "longest_values": [["52.4%", 5], ["51.5%", 5], ["54.4%", 5], ["53.0%", 5], ["54.8%", 5]], "average_length": 5.0}]}, {"column_name": "#Asian", "number_non_empty_cells": 192, "number_empty_cells": 0, "number_distinct_values": 166, "frequent_values": ["46", "85", "17", "15", "10"], "dataTypes": [{"type": "INTEGER (LONG)", "count": 190, "max_value": 17324, "min_value": 6, "mean": 1370.3526315789475, "stddev": 2783.307702199786}, {"type": "TEXT", "count": 2, "shortest_values": [["s", 1], ["s", 1]], "longest_values": [["s", 1], ["s", 1]], "average_length": 1.0}]}, {"column_name": "%Asian", "number_non_empty_cells": 192, "number_empty_cells": 0, "number_distinct_values": 127, "frequent_values": ["0.8%", "1.9%", "0.5%", "1.3%", "4.4%"], "dataTypes": [{"type": "TEXT", "count": 192, "shortest_values": [["s", 1], ["s", 1], ["8.1%", 4], ["9.0%", 4], ["6.9%", 4]], "longest_values": [["19.5%", 5], ["22.6%", 5], ["43.7%", 5], ["18.7%", 5], ["29.4%", 5]], "average_length": 4.369791666666668}]}, {"column_name": "#Black", "number_non_empty_cells": 192, "number_empty_cells": 0, "number_distinct_values": 182, "frequent_values": ["212", "s", "1971", "823", "189"], "dataTypes": [{"type": "INTEGER (LONG)", "count": 189, "max_value": 12847, "min_value": 10, "mean": 1802.2222222222224, "stddev": 2489.6626985866346}, {"type": "TEXT", "count": 3, "shortest_values": [["s", 1], ["s", 1], ["s", 1]], "longest_values": [["s", 1], ["s", 1], ["s", 1]], "average_length": 1.0}]}, {"column_name": "%Black", "number_non_empty_cells": 192, "number_empty_cells": 0, "number_distinct_values": 165, "frequent_values": ["4.9%", "20.6%", "6.5%", "26.5%", "s"], "dataTypes": [{"type": "TEXT", "count": 192, "shortest_values": [["s", 1], ["s", 1], ["s", 1], ["6.5%", 4], ["0.7%", 4]], "longest_values": [["15.0%", 5], ["13.0%", 5], ["18.9%", 5], ["20.6%", 5], ["22.8%", 5]], "average_length": 4.661458333333332}]}, {"column_name": "#Hispanic", "number_non_empty_cells": 192, "number_empty_cells": 0, "number_distinct_values": 190, "frequent_values": [792, 1911, 833, 1896, 471], "dataTypes": [{"type": "INTEGER (LONG)", "count": 192, "max_value": 28092, "min_value": 66, "mean": 3643.692708333333, "stddev": 5009.41560592286}]}, {"column_name": "%Hispanic", "number_non_empty_cells": 192, "number_empty_cells": 0, "number_distinct_values": 175, "frequent_values": ["24.5%", "65.6%", "23.0%", "20.7%", "63.5%"], "dataTypes": [{"type": "TEXT", "count": 192, "shortest_values": [["6.4%", 4], ["5.9%", 4], ["6.8%", 4], ["8.3%", 4], ["43.2%", 5]], "longest_values": [["43.2%", 5], ["33.8%", 5], ["47.8%", 5], ["54.1%", 5], ["66.0%", 5]], "average_length": 4.979166666666664}]}, {"column_name": "#Other", "number_non_empty_cells": 192, "number_empty_cells": 0, "number_distinct_values": 125, "frequent_values": ["21", "s", "35", "15", "22"], "dataTypes": [{"type": "INTEGER (LONG)", "count": 186, "max_value": 1648, "min_value": 6, "mean": 157.80645161290326, "stddev": 261.79834060049427}, {"type": "TEXT", "count": 6, "shortest_values": [["s", 1], ["s", 1], ["s", 1], ["s", 1], ["s", 1]], "longest_values": [["s", 1], ["s", 1], ["s", 1], ["s", 1], ["s", 1]], "average_length": 1.0}]}, {"column_name": "%Other", "number_non_empty_cells": 192, "number_empty_cells": 0, "number_distinct_values": 47, "frequent_values": ["1.9%", "0.8%", "0.9%", "0.7%", "1.1%"], "dataTypes": [{"type": "TEXT", "count": 192, "shortest_values": [["s", 1], ["s", 1], ["s", 1], ["s", 1], ["s", 1]], "longest_values": [["3.5%", 4], ["4.4%", 4], ["1.9%", 4], ["0.8%", 4], ["1.8%", 4]], "average_length": 3.90625}]}, {"column_name": "#White", "number_non_empty_cells": 192, "number_empty_cells": 0, "number_distinct_values": 171, "frequent_values": ["46", "30", "26", "15", "34"], "dataTypes": [{"type": "INTEGER (LONG)", "count": 191, "max_value": 19479, "min_value": 13, "mean": 1094.1780104712047, "stddev": 2354.484323380654}, {"type": "TEXT", "count": 1, "shortest_values": [["s", 1]], "longest_values": [["s", 1]], "average_length": 1.0}]}, {"column_name": "%White", "number_non_empty_cells": 192, "number_empty_cells": 0, "number_distinct_values": 115, "frequent_values": ["1.3%", "1.4%", "1.2%", "1.9%", "4.4%"], "dataTypes": [{"type": "TEXT", "count": 192, "shortest_values": [["s", 1], ["5.2%", 4], ["6.5%", 4], ["4.4%", 4], ["5.4%", 4]], "longest_values": [["18.9%", 5], ["26.2%", 5], ["10.2%", 5], ["42.7%", 5], ["18.2%", 5]], "average_length": 4.359375}]}, {"column_name": "#ELL_Spanish", "number_non_empty_cells": 192, "number_empty_cells": 0, "number_distinct_values": 33, "frequent_values": ["No Data", "1452", "112", "7780", "3944"], "dataTypes": [{"type": "INTEGER (LONG)", "count": 32, "max_value": 8877, "min_value": 112, "mean": 1961.9375, "stddev": 2105.8637915576946}, {"type": "TEXT", "count": 160, "shortest_values": [["No Data", 7], ["No Data", 7], ["No Data", 7], ["No Data", 7], ["No Data", 7]], "longest_values": [["No Data", 7], ["No Data", 7], ["No Data", 7], ["No Data", 7], ["No Data", 7]], "average_length": 7.0}]}, {"column_name": "%ELL_Spanish", "number_non_empty_cells": 192, "number_empty_cells": 0, "number_distinct_values": 33, "frequent_values": ["No Data", "43.9%", "19.9%", "57.2%", "53.2%"], "dataTypes": [{"type": "TEXT", "count": 192, "shortest_values": [["48.0%", 5], ["12.0%", 5], ["63.3%", 5], ["85.6%", 5], ["71.3%", 5]], "longest_values": [["No Data", 7], ["No Data", 7], ["No Data", 7], ["No Data", 7], ["No Data", 7]], "average_length": 6.666666666666668}]}, {"column_name": "#ELL_Chinese", "number_non_empty_cells": 192, "number_empty_cells": 0, "number_distinct_values": 26, "frequent_values": ["No Data", "s", "6", "9", "7"], "dataTypes": [{"type": "INTEGER (LONG)", "count": 28, "max_value": 5153, "min_value": 6, "mean": 539.8214285714287, "stddev": 1141.1993081707456}, {"type": "TEXT", "count": 164, "shortest_values": [["s", 1], ["s", 1], ["s", 1], ["s", 1], ["No Data", 7]], "longest_values": [["No Data", 7], ["No Data", 7], ["No Data", 7], ["No Data", 7], ["No Data", 7]], "average_length": 6.853658536585361}]}, {"column_name": "%ELL_Chinese", "number_non_empty_cells": 192, "number_empty_cells": 0, "number_distinct_values": 24, "frequent_values": ["No Data", "0.4%", "s", "3.9%", "0.7%"], "dataTypes": [{"type": "TEXT", "count": 192, "shortest_values": [["s", 1], ["s", 1], ["s", 1], ["s", 1], ["3.9%", 4]], "longest_values": [["No Data", 7], ["No Data", 7], ["No Data", 7], ["No Data", 7], ["No Data", 7]], "average_length": 6.473958333333334}]}, {"column_name": "#ELL_Bengali", "number_non_empty_cells": 192, "number_empty_cells": 0, "number_distinct_values": 28, "frequent_values": ["No Data", "s", "9", "628", "250"], "dataTypes": [{"type": "INTEGER (LONG)", "count": 27, "max_value": 628, "min_value": 6, "mean": 160.18518518518516, "stddev": 169.83849344184415}, {"type": "TEXT", "count": 165, "shortest_values": [["s", 1], ["s", 1], ["s", 1], ["s", 1], ["s", 1]], "longest_values": [["No Data", 7], ["No Data", 7], ["No Data", 7], ["No Data", 7], ["No Data", 7]], "average_length": 6.8181818181818175}]}, {"column_name": "%ELL_Bengali", "number_non_empty_cells": 192, "number_empty_cells": 0, "number_distinct_values": 23, "frequent_values": ["No Data", "s", "1.0%", "0.6%", "1.4%"], "dataTypes": [{"type": "TEXT", "count": 192, "shortest_values": [["s", 1], ["s", 1], ["s", 1], ["s", 1], ["s", 1]], "longest_values": [["No Data", 7], ["No Data", 7], ["No Data", 7], ["No Data", 7], ["No Data", 7]], "average_length": 6.442708333333335}]}, {"column_name": "#ELL_Arabic", "number_non_empty_cells": 192, "number_empty_cells": 0, "number_distinct_values": 31, "frequent_values": ["No Data", "78", "75", "206", "609"], "dataTypes": [{"type": "INTEGER (LONG)", "count": 32, "max_value": 849, "min_value": 12, "mean": 196.5, "stddev": 173.42703797274518}, {"type": "TEXT", "count": 160, "shortest_values": [["No Data", 7], ["No Data", 7], ["No Data", 7], ["No Data", 7], ["No Data", 7]], "longest_values": [["No Data", 7], ["No Data", 7], ["No Data", 7], ["No Data", 7], ["No Data", 7]], "average_length": 7.0}]}, {"column_name": "%ELL_Arabic", "number_non_empty_cells": 192, "number_empty_cells": 0, "number_distinct_values": 31, "frequent_values": ["No Data", "8.7%", "5.9%", "2.1%", "1.1%"], "dataTypes": [{"type": "TEXT", "count": 192, "shortest_values": [["2.1%", 4], ["3.8%", 4], ["4.1%", 4], ["6.5%", 4], ["2.3%", 4]], "longest_values": [["No Data", 7], ["No Data", 7], ["No Data", 7], ["No Data", 7], ["No Data", 7]], "average_length": 6.54166666666667}]}, {"column_name": "#ELL_Haitian_Creole", "number_non_empty_cells": 192, "number_empty_cells": 0, "number_distinct_values": 13, "frequent_values": ["No Data", "s", "8", "221", "202"], "dataTypes": [{"type": "INTEGER (LONG)", "count": 11, "max_value": 366, "min_value": 6, "mean": 106.45454545454545, "stddev": 131.24395302874555}, {"type": "TEXT", "count": 181, "shortest_values": [["s", 1], ["s", 1], ["s", 1], ["s", 1], ["s", 1]], "longest_values": [["No Data", 7], ["No Data", 7], ["No Data", 7], ["No Data", 7], ["No Data", 7]], "average_length": 6.303867403314913}]}, {"column_name": "%ELL_Haitian_Creole", "number_non_empty_cells": 192, "number_empty_cells": 0, "number_distinct_values": 13, "frequent_values": ["No Data", "s", "10.0%", "0.6%", "1.6%"], "dataTypes": [{"type": "TEXT", "count": 192, "shortest_values": [["s", 1], ["s", 1], ["s", 1], ["s", 1], ["s", 1]], "longest_values": [["No Data", 7], ["No Data", 7], ["No Data", 7], ["No Data", 7], ["No Data", 7]], "average_length": 6.187500000000002}]}, {"column_name": "#ELL_French", "number_non_empty_cells": 192, "number_empty_cells": 0, "number_distinct_values": 22, "frequent_values": ["No Data", "s", "14", "34", "38"], "dataTypes": [{"type": "INTEGER (LONG)", "count": 24, "max_value": 115, "min_value": 6, "mean": 35.041666666666664, "stddev": 27.9217346146132}, {"type": "TEXT", "count": 168, "shortest_values": [["s", 1], ["s", 1], ["s", 1], ["s", 1], ["s", 1]], "longest_values": [["No Data", 7], ["No Data", 7], ["No Data", 7], ["No Data", 7], ["No Data", 7]], "average_length": 6.714285714285713}]}, {"column_name": "%ELL_French", "number_non_empty_cells": 192, "number_empty_cells": 0, "number_distinct_values": 22, "frequent_values": ["No Data", "s", "1.4%", "0.3%", "1.8%"], "dataTypes": [{"type": "TEXT", "count": 192, "shortest_values": [["s", 1], ["s", 1], ["s", 1], ["s", 1], ["s", 1]], "longest_values": [["No Data", 7], ["No Data", 7], ["No Data", 7], ["No Data", 7], ["No Data", 7]], "average_length": 6.380208333333332}]}, {"column_name": "#ELL_Russian", "number_non_empty_cells": 192, "number_empty_cells": 0, "number_distinct_values": 18, "frequent_values": ["No Data", "s", "635", "29", "11"], "dataTypes": [{"type": "INTEGER (LONG)", "count": 16, "max_value": 860, "min_value": 6, "mean": 164.875, "stddev": 250.60548552455907}, {"type": "TEXT", "count": 176, "shortest_values": [["s", 1], ["s", 1], ["s", 1], ["s", 1], ["s", 1]], "longest_values": [["No Data", 7], ["No Data", 7], ["No Data", 7], ["No Data", 7], ["No Data", 7]], "average_length": 6.454545454545456}]}, {"column_name": "%ELL_Russian", "number_non_empty_cells": 192, "number_empty_cells": 0, "number_distinct_values": 16, "frequent_values": ["No Data", "s", "0.4%", "0.3%", "2.1%"], "dataTypes": [{"type": "TEXT", "count": 192, "shortest_values": [["s", 1], ["s", 1], ["s", 1], ["s", 1], ["s", 1]], "longest_values": [["No Data", 7], ["No Data", 7], ["No Data", 7], ["No Data", 7], ["No Data", 7]], "average_length": 6.260416666666668}]}, {"column_name": "#ELL_Korean", "number_non_empty_cells": 192, "number_empty_cells": 0, "number_distinct_values": 8, "frequent_values": ["No Data", "s", "11", "6", "16"], "dataTypes": [{"type": "INTEGER (LONG)", "count": 7, "max_value": 240, "min_value": 6, "mean": 61.28571428571429, "stddev": 85.0843519031291}, {"type": "TEXT", "count": 185, "shortest_values": [["s", 1], ["s", 1], ["s", 1], ["s", 1], ["s", 1]], "longest_values": [["No Data", 7], ["No Data", 7], ["No Data", 7], ["No Data", 7], ["No Data", 7]], "average_length": 6.189189189189188}]}, {"column_name": "%ELL_Korean", "number_non_empty_cells": 192, "number_empty_cells": 0, "number_distinct_values": 8, "frequent_values": ["No Data", "s", "0.8%", "0.2%", "0.1%"], "dataTypes": [{"type": "TEXT", "count": 192, "shortest_values": [["s", 1], ["s", 1], ["s", 1], ["s", 1], ["s", 1]], "longest_values": [["No Data", 7], ["No Data", 7], ["No Data", 7], ["No Data", 7], ["No Data", 7]], "average_length": 6.109374999999999}]}, {"column_name": "#ELL_Urdu", "number_non_empty_cells": 192, "number_empty_cells": 0, "number_distinct_values": 16, "frequent_values": ["No Data", "s", "101", "365", "308"], "dataTypes": [{"type": "INTEGER (LONG)", "count": 15, "max_value": 428, "min_value": 6, "mean": 135.06666666666666, "stddev": 123.22957797902616}, {"type": "TEXT", "count": 177, "shortest_values": [["s", 1], ["s", 1], ["s", 1], ["s", 1], ["s", 1]], "longest_values": [["No Data", 7], ["No Data", 7], ["No Data", 7], ["No Data", 7], ["No Data", 7]], "average_length": 6.423728813559322}]}, {"column_name": "%ELL_Urdu", "number_non_empty_cells": 192, "number_empty_cells": 0, "number_distinct_values": 16, "frequent_values": ["No Data", "s", "2.8%", "3.3%", "0.2%"], "dataTypes": [{"type": "TEXT", "count": 192, "shortest_values": [["s", 1], ["s", 1], ["s", 1], ["s", 1], ["s", 1]], "longest_values": [["No Data", 7], ["No Data", 7], ["No Data", 7], ["No Data", 7], ["No Data", 7]], "average_length": 6.239583333333334}]}, {"column_name": "#ELL_Other", "number_non_empty_cells": 192, "number_empty_cells": 0, "number_distinct_values": 33, "frequent_values": ["No Data", "70", "428", "29", "133"], "dataTypes": [{"type": "INTEGER (LONG)", "count": 32, "max_value": 905, "min_value": 9, "mean": 269.46875, "stddev": 254.7173659636058}, {"type": "TEXT", "count": 160, "shortest_values": [["No Data", 7], ["No Data", 7], ["No Data", 7], ["No Data", 7], ["No Data", 7]], "longest_values": [["No Data", 7], ["No Data", 7], ["No Data", 7], ["No Data", 7], ["No Data", 7]], "average_length": 7.0}]}, {"column_name": "%ELL_Other", "number_non_empty_cells": 192, "number_empty_cells": 0, "number_distinct_values": 27, "frequent_values": ["No Data", "7.8%", "5.7%", "10.6%", "4.9%"], "dataTypes": [{"type": "TEXT", "count": 192, "shortest_values": [["5.7%", 4], ["2.5%", 4], ["8.1%", 4], ["1.1%", 4], ["4.9%", 4]], "longest_values": [["No Data", 7], ["No Data", 7], ["No Data", 7], ["No Data", 7], ["No Data", 7]], "average_length": 6.557291666666666}]}, {"column_name": "ELA_#Test_Takers", "number_non_empty_cells": 192, "number_empty_cells": 0, "number_distinct_values": 189, "frequent_values": [1752, 2396, 253, 85, 12367], "dataTypes": [{"type": "INTEGER (LONG)", "count": 192, "max_value": 26699, "min_value": 85, "mean": 4913.354166666667, "stddev": 5888.167092389559}]}, {"column_name": "ELA_#Level_1", "number_non_empty_cells": 192, "number_empty_cells": 0, "number_distinct_values": 186, "frequent_values": [246, 1556, 725, 360, 433], "dataTypes": [{"type": "INTEGER (LONG)", "count": 192, "max_value": 7802, "min_value": 30, "mean": 1529.645833333333, "stddev": 1539.4311549452193}]}, {"column_name": "ELA_%Level_1", "number_non_empty_cells": 192, "number_empty_cells": 0, "number_distinct_values": 166, "frequent_values": ["39.3%", "36.7%", "44.0%", "58.5%", "22.2%"], "dataTypes": [{"type": "TEXT", "count": 192, "shortest_values": [["8.6%", 4], ["8.1%", 4], ["8.9%", 4], ["20.8%", 5], ["15.1%", 5]], "longest_values": [["20.8%", 5], ["15.1%", 5], ["60.1%", 5], ["27.3%", 5], ["35.8%", 5]], "average_length": 4.984375}]}, {"column_name": "ELA_#Level_2", "number_non_empty_cells": 192, "number_empty_cells": 0, "number_distinct_values": 185, "frequent_values": [428, 641, 269, 363, 1442], "dataTypes": [{"type": "INTEGER (LONG)", "count": 192, "max_value": 9161, "min_value": 28, "mean": 1666.838541666667, "stddev": 2031.3645300978208}]}, {"column_name": "ELA_%Level_2", "number_non_empty_cells": 192, "number_empty_cells": 0, "number_distinct_values": 122, "frequent_values": ["37.2%", "32.9%", "38.0%", "36.6%", "34.8%"], "dataTypes": [{"type": "TEXT", "count": 192, "shortest_values": [["31.9%", 5], ["25.6%", 5], ["33.2%", 5], ["38.6%", 5], ["40.7%", 5]], "longest_values": [["31.9%", 5], ["25.6%", 5], ["33.2%", 5], ["38.6%", 5], ["40.7%", 5]], "average_length": 5.0}]}, {"column_name": "ELA_#Level_3", "number_non_empty_cells": 192, "number_empty_cells": 0, "number_distinct_values": 159, "frequent_values": ["s", "200", "98", "234", "250"], "dataTypes": [{"type": "INTEGER (LONG)", "count": 171, "max_value": 7544, "min_value": 16, "mean": 1248.8596491228072, "stddev": 1692.9063397124114}, {"type": "TEXT", "count": 21, "shortest_values": [["s", 1], ["s", 1], ["s", 1], ["s", 1], ["s", 1]], "longest_values": [["s", 1], ["s", 1], ["s", 1], ["s", 1], ["s", 1]], "average_length": 1.0}]}, {"column_name": "ELA_%Level_3", "number_non_empty_cells": 192, "number_empty_cells": 0, "number_distinct_values": 132, "frequent_values": ["s", "5.6%", "19.7%", "17.9%", "21.6%"], "dataTypes": [{"type": "TEXT", "count": 192, "shortest_values": [["s", 1], ["s", 1], ["s", 1], ["s", 1], ["s", 1]], "longest_values": [["26.2%", 5], ["27.4%", 5], ["23.3%", 5], ["18.7%", 5], ["12.6%", 5]], "average_length": 4.39583333333333}]}, {"column_name": "ELA_#Level_4", "number_non_empty_cells": 192, "number_empty_cells": 0, "number_distinct_values": 135, "frequent_values": ["s", "9", "8", "7", "11"], "dataTypes": [{"type": "INTEGER (LONG)", "count": 171, "max_value": 5274, "min_value": 7, "mean": 673.6725146198828, "stddev": 1096.8083352766214}, {"type": "TEXT", "count": 21, "shortest_values": [["s", 1], ["s", 1], ["s", 1], ["s", 1], ["s", 1]], "longest_values": [["s", 1], ["s", 1], ["s", 1], ["s", 1], ["s", 1]], "average_length": 1.0}]}, {"column_name": "ELA_%Level_4", "number_non_empty_cells": 192, "number_empty_cells": 0, "number_distinct_values": 116, "frequent_values": ["s", "0.8%", "4.8%", "3.8%", "1.3%"], "dataTypes": [{"type": "TEXT", "count": 192, "shortest_values": [["s", 1], ["s", 1], ["s", 1], ["s", 1], ["s", 1]], "longest_values": [["21.0%", 5], ["32.0%", 5], ["10.8%", 5], ["34.9%", 5], ["29.0%", 5]], "average_length": 3.968749999999999}]}, {"column_name": "ELA_#L3+L4", "number_non_empty_cells": 192, "number_empty_cells": 0, "number_distinct_values": 162, "frequent_values": ["s", "340", "133", "155", "279"], "dataTypes": [{"type": "INTEGER (LONG)", "count": 171, "max_value": 11966, "min_value": 27, "mean": 1922.5321637426907, "stddev": 2747.6645016955354}, {"type": "TEXT", "count": 21, "shortest_values": [["s", 1], ["s", 1], ["s", 1], ["s", 1], ["s", 1]], "longest_values": [["s", 1], ["s", 1], ["s", 1], ["s", 1], ["s", 1]], "average_length": 1.0}]}, {"column_name": "ELA_%L3+L4", "number_non_empty_cells": 192, "number_empty_cells": 0, "number_distinct_values": 149, "frequent_values": ["s", "23.5%", "22.2%", "21.5%", "6.2%"], "dataTypes": [{"type": "TEXT", "count": 192, "shortest_values": [["s", 1], ["s", 1], ["s", 1], ["s", 1], ["s", 1]], "longest_values": [["47.3%", 5], ["59.4%", 5], ["34.1%", 5], ["23.5%", 5], ["13.9%", 5]], "average_length": 4.416666666666666}]}, {"column_name": "Math_#Test_Takers", "number_non_empty_cells": 192, "number_empty_cells": 0, "number_distinct_values": 190, "frequent_values": [1170, 1448, 2776, 3844, 2443], "dataTypes": [{"type": "INTEGER (LONG)", "count": 192, "max_value": 26394, "min_value": 75, "mean": 4846.145833333336, "stddev": 5780.467425374522}]}, {"column_name": "Math_#Level_1", "number_non_empty_cells": 192, "number_empty_cells": 0, "number_distinct_values": 182, "frequent_values": [7140, 601, 259, 183, 1072], "dataTypes": [{"type": "INTEGER (LONG)", "count": 192, "max_value": 9923, "min_value": 30, "mean": 1831.265625, "stddev": 1904.1179408241387}]}, {"column_name": "Math_%Level_1", "number_non_empty_cells": 192, "number_empty_cells": 0, "number_distinct_values": 166, "frequent_values": ["49.5%", "65.7%", "41.5%", "34.7%", "48.8%"], "dataTypes": [{"type": "TEXT", "count": 192, "shortest_values": [["8.1%", 4], ["9.8%", 4], ["9.3%", 4], ["30.5%", 5], ["23.3%", 5]], "longest_values": [["30.5%", 5], ["23.3%", 5], ["51.1%", 5], ["39.1%", 5], ["47.6%", 5]], "average_length": 4.984375}]}, {"column_name": "Math_#Level_2", "number_non_empty_cells": 192, "number_empty_cells": 0, "number_distinct_values": 182, "frequent_values": [493, 155, 209, 251, 229], "dataTypes": [{"type": "INTEGER (LONG)", "count": 192, "max_value": 8384, "min_value": 29, "mean": 1418.4010416666674, "stddev": 1766.184458738832}]}, {"column_name": "Math_%Level_2", "number_non_empty_cells": 192, "number_empty_cells": 0, "number_distinct_values": 107, "frequent_values": ["33.1%", "29.9%", "29.7%", "31.8%", "31.0%"], "dataTypes": [{"type": "TEXT", "count": 192, "shortest_values": [["25.2%", 5], ["19.9%", 5], ["31.6%", 5], ["29.5%", 5], ["30.0%", 5]], "longest_values": [["25.2%", 5], ["19.9%", 5], ["31.6%", 5], ["29.5%", 5], ["30.0%", 5]], "average_length": 5.0}]}, {"column_name": "Math_#Level_3", "number_non_empty_cells": 192, "number_empty_cells": 0, "number_distinct_values": 172, "frequent_values": ["73", "s", "35", "51", "69"], "dataTypes": [{"type": "INTEGER (LONG)", "count": 189, "max_value": 5943, "min_value": 10, "mean": 891.1269841269843, "stddev": 1297.450636127325}, {"type": "TEXT", "count": 3, "shortest_values": [["s", 1], ["s", 1], ["s", 1]], "longest_values": [["s", 1], ["s", 1], ["s", 1]], "average_length": 1.0}]}, {"column_name": "Math_%Level_3", "number_non_empty_cells": 192, "number_empty_cells": 0, "number_distinct_values": 138, "frequent_values": ["16.9%", "18.4%", "12.6%", "14.2%", "23.5%"], "dataTypes": [{"type": "TEXT", "count": 192, "shortest_values": [["s", 1], ["s", 1], ["s", 1], ["6.3%", 4], ["8.0%", 4]], "longest_values": [["18.4%", 5], ["18.8%", 5], ["10.7%", 5], ["16.9%", 5], ["14.0%", 5]], "average_length": 4.6875000000000036}]}, {"column_name": "Math_#Level_4", "number_non_empty_cells": 192, "number_empty_cells": 0, "number_distinct_values": 153, "frequent_values": ["44", "21", "37", "31", "79"], "dataTypes": [{"type": "INTEGER (LONG)", "count": 189, "max_value": 7583, "min_value": 6, "mean": 730.4285714285713, "stddev": 1334.1871398956887}, {"type": "TEXT", "count": 3, "shortest_values": [["s", 1], ["s", 1], ["s", 1]], "longest_values": [["s", 1], ["s", 1], ["s", 1]], "average_length": 1.0}]}, {"column_name": "Math_%Level_4", "number_non_empty_cells": 192, "number_empty_cells": 0, "number_distinct_values": 131, "frequent_values": ["6.1%", "1.3%", "1.4%", "5.4%", "1.9%"], "dataTypes": [{"type": "TEXT", "count": 192, "shortest_values": [["s", 1], ["s", 1], ["s", 1], ["6.6%", 4], ["8.5%", 4]], "longest_values": [["25.9%", 5], ["38.0%", 5], ["14.5%", 5], ["43.2%", 5], ["35.2%", 5]], "average_length": 4.286458333333333}]}, {"column_name": "Math_#L3+L4", "number_non_empty_cells": 192, "number_empty_cells": 0, "number_distinct_values": 178, "frequent_values": ["163", "282", "s", "60", "42"], "dataTypes": [{"type": "INTEGER (LONG)", "count": 189, "max_value": 13455, "min_value": 16, "mean": 1621.555555555556, "stddev": 2584.402624236838}, {"type": "TEXT", "count": 3, "shortest_values": [["s", 1], ["s", 1], ["s", 1]], "longest_values": [["s", 1], ["s", 1], ["s", 1]], "average_length": 1.0}]}, {"column_name": "Math_%L3+L4", "number_non_empty_cells": 192, "number_empty_cells": 0, "number_distinct_values": 155, "frequent_values": ["6.9%", "18.2%", "8.0%", "s", "20.0%"], "dataTypes": [{"type": "TEXT", "count": 192, "shortest_values": [["s", 1], ["s", 1], ["s", 1], ["7.2%", 4], ["8.0%", 4]], "longest_values": [["44.3%", 5], ["56.8%", 5], ["17.3%", 5], ["31.3%", 5], ["22.4%", 5]], "average_length": 4.791666666666665}]}]}