{"dataset_name": "/user/hm74/NYCOpenData/5qza-frfc.tsv.gz", "columns": [{"column_name": "district", "number_non_empty_cells": 2240, "number_empty_cells": 0, "number_distinct_values": 32, "frequent_values": [31, 28, 26, 27, 12], "dataTypes": [{"type": "INTEGER (LONG)", "count": 2240, "max_value": 32, "min_value": 1, "mean": 16.500000000000014, "stddev": 9.233092656309687}]}, {"column_name": "Grade", "number_non_empty_cells": 2240, "number_empty_cells": 0, "number_distinct_values": 7, "frequent_values": ["7", "3", "8", "5", "6"], "dataTypes": [{"type": "INTEGER (LONG)", "count": 1920, "max_value": 8, "min_value": 3, "mean": 5.500000000000004, "stddev": 1.7078251276599348}, {"type": "TEXT", "count": 320, "shortest_values": [["All Grades", 10], ["All Grades", 10], ["All Grades", 10], ["All Grades", 10], ["All Grades", 10]], "longest_values": [["All Grades", 10], ["All Grades", 10], ["All Grades", 10], ["All Grades", 10], ["All Grades", 10]], "average_length": 10.0}]}, {"column_name": "Year", "number_non_empty_cells": 2240, "number_empty_cells": 0, "number_distinct_values": 5, "frequent_values": [2015, 2013, 2014, 2016, 2017], "dataTypes": [{"type": "INTEGER (LONG)", "count": 2240, "max_value": 2017, "min_value": 2013, "mean": 2014.9999999999995, "stddev": 1.4142135623730974}]}, {"column_name": "Category", "number_non_empty_cells": 2240, "number_empty_cells": 0, "number_distinct_values": 2, "frequent_values": ["Female", "Male"], "dataTypes": [{"type": "TEXT", "count": 2240, "shortest_values": [["Male", 4], ["Male", 4], ["Male", 4], ["Male", 4], ["Male", 4]], "longest_values": [["Female", 6], ["Female", 6], ["Female", 6], ["Female", 6], ["Female", 6]], "average_length": 5.0}]}, {"column_name": "Number_Tested", "number_non_empty_cells": 2240, "number_empty_cells": 0, "number_distinct_values": 1462, "frequent_values": [1224, 628, 446, 656, 599], "dataTypes": [{"type": "INTEGER (LONG)", "count": 2240, "max_value": 13856, "min_value": 164, "mean": 1810.649999999999, "stddev": 2257.4871896488285}]}, {"column_name": "Mean_Scale_Score", "number_non_empty_cells": 2240, "number_empty_cells": 0, "number_distinct_values": 71, "frequent_values": [298, 308, 297, 293, 305], "dataTypes": [{"type": "INTEGER (LONG)", "count": 2240, "max_value": 338, "min_value": 265, "mean": 298.62098214285623, "stddev": 13.38808128388714}]}, {"column_name": "Level1_N", "number_non_empty_cells": 2240, "number_empty_cells": 0, "number_distinct_values": 960, "frequent_values": [120, 363, 218, 155, 257], "dataTypes": [{"type": "INTEGER (LONG)", "count": 2240, "max_value": 6301, "min_value": 26, "mean": 571.8285714285707, "stddev": 761.6324057608775}]}, {"column_name": "Level1_%", "number_non_empty_cells": 2240, "number_empty_cells": 0, "number_distinct_values": 562, "frequent_values": [23.1, 24.8, 35.4, 27.4, 27.8], "dataTypes": [{"type": "REAL", "count": 2240, "max_value": 72.4, "min_value": 3.0, "mean": 33.090491071428644, "stddev": 13.63638003552024}]}, {"column_name": "Level2_N", "number_non_empty_cells": 2240, "number_empty_cells": 0, "number_distinct_values": 979, "frequent_values": [404, 297, 193, 156, 309], "dataTypes": [{"type": "INTEGER (LONG)", "count": 2240, "max_value": 5411, "min_value": 58, "mean": 646.918749999999, "stddev": 820.5860653946454}]}, {"column_name": "Level2_%", "number_non_empty_cells": 2240, "number_empty_cells": 0, "number_distinct_values": 289, "frequent_values": [35.6, 37.5, 36.3, 35.5, 38.3], "dataTypes": [{"type": "REAL", "count": 2240, "max_value": 55.7, "min_value": 15.8, "mean": 35.747187500000045, "stddev": 5.610150330668599}]}, {"column_name": "Level3_N", "number_non_empty_cells": 2240, "number_empty_cells": 0, "number_distinct_values": 806, "frequent_values": [83, 60, 79, 127, 62], "dataTypes": [{"type": "INTEGER (LONG)", "count": 2240, "max_value": 4104, "min_value": 9, "mean": 401.33749999999986, "stddev": 560.0406693020798}]}, {"column_name": "Level3_%", "number_non_empty_cells": 2240, "number_empty_cells": 0, "number_distinct_values": 376, "frequent_values": [16.8, 12.6, 20.0, 12.4, 17.0], "dataTypes": [{"type": "REAL", "count": 2240, "max_value": 53.7, "min_value": 3.9, "mean": 21.137857142857193, "stddev": 8.627071948706767}]}, {"column_name": "Level4_N", "number_non_empty_cells": 2240, "number_empty_cells": 0, "number_distinct_values": 555, "frequent_values": [10, 7, 22, 11, 30], "dataTypes": [{"type": "INTEGER (LONG)", "count": 2240, "max_value": 3128, "min_value": 0, "mean": 190.56517857142873, "stddev": 320.52986996139396}]}, {"column_name": "Level4_%", "number_non_empty_cells": 2240, "number_empty_cells": 0, "number_distinct_values": 338, "frequent_values": [4.0, 1.3, 2.4, 2.2, 2.6], "dataTypes": [{"type": "REAL", "count": 2240, "max_value": 50.2, "min_value": 0.0, "mean": 10.024017857142846, "stddev": 8.433322718306803}]}, {"column_name": "Level3+4_N", "number_non_empty_cells": 2240, "number_empty_cells": 0, "number_distinct_values": 985, "frequent_values": [117, 70, 189, 126, 150], "dataTypes": [{"type": "INTEGER (LONG)", "count": 2240, "max_value": 6759, "min_value": 11, "mean": 591.9026785714292, "stddev": 860.7195745794639}]}, {"column_name": "Level3+4_%", "number_non_empty_cells": 2240, "number_empty_cells": 0, "number_distinct_values": 592, "frequent_values": [15.8, 29.8, 30.5, 35.0, 14.4], "dataTypes": [{"type": "REAL", "count": 2240, "max_value": 79.3, "min_value": 4.9, "mean": 31.163392857142853, "stddev": 15.198284063950123}]}]}