{"dataset_name": "/user/hm74/NYCOpenData/5r5y-pvs3.tsv.gz", "columns": [{"column_name": "PROGRAM", "number_non_empty_cells": 24, "number_empty_cells": 9, "number_distinct_values": 13, "frequent_values": ["MIXED FINANCE/LLC1", "FORMER NEW YORK STATE", "MIXED FINANCE/LLC2", "BROOKLYN", "BRONX"], "dataTypes": [{"type": "TEXT", "count": 33, "shortest_values": [["NGO1", 4], ["BRONX", 5], ["BRONX", 5], ["BRONX", 5], ["QUEENS", 6]], "longest_values": [["MIXED FINANCE (LLC1 AND LLC2)", 29], ["MIXED FINANCE (LLC1 AND LLC2)", 29], ["MIXED FINANCE (LLC1 AND LLC2)", 29], ["FORMER NEW YORK STATE", 21], ["FORMER NEW YORK STATE", 21]], "average_length": 14.424242424242424}]}, {"column_name": "STATECITY_SECTION8_FLAG", "number_non_empty_cells": 33, "number_empty_cells": 0, "number_distinct_values": 4, "frequent_values": ["TOTAL HOUSEHOLDS", "PUBLIC HOUSING HOUSEHOLDS", "SECTION 8 TRANSITION HOUSEHOLDS", "SECTION 8 HOUSEHOLDS"], "dataTypes": [{"type": "TEXT", "count": 33, "shortest_values": [["TOTAL HOUSEHOLDS", 16], ["TOTAL HOUSEHOLDS", 16], ["TOTAL HOUSEHOLDS", 16], ["TOTAL HOUSEHOLDS", 16], ["TOTAL HOUSEHOLDS", 16]], "longest_values": [["SECTION 8 TRANSITION HOUSEHOLDS", 31], ["SECTION 8 TRANSITION HOUSEHOLDS", 31], ["SECTION 8 TRANSITION HOUSEHOLDS", 31], ["SECTION 8 TRANSITION HOUSEHOLDS", 31], ["SECTION 8 TRANSITION HOUSEHOLDS", 31]], "average_length": 21.606060606060602}]}, {"column_name": "Total Families", "number_non_empty_cells": 33, "number_empty_cells": 0, "number_distinct_values": 32, "frequent_values": [3870, 1295, 15219, 151672, 4837], "dataTypes": [{"type": "INTEGER (LONG)", "count": 33, "max_value": 170740, "min_value": 111, "mean": 28959.48484848485, "stddev": 45896.692798343625}]}, {"column_name": "Total Female Headed Families", "number_non_empty_cells": 33, "number_empty_cells": 0, "number_distinct_values": 32, "frequent_values": [2957, 8887, 11936, 32253, 1378], "dataTypes": [{"type": "INTEGER (LONG)", "count": 33, "max_value": 132158, "min_value": 88, "mean": 22378.818181818184, "stddev": 35561.35524180158}]}, {"column_name": "Total Male Headed Families", "number_non_empty_cells": 33, "number_empty_cells": 0, "number_distinct_values": 32, "frequent_values": [913, 1295, 38582, 2467, 8260], "dataTypes": [{"type": "INTEGER (LONG)", "count": 33, "max_value": 38582, "min_value": 23, "mean": 6580.666666666667, "stddev": 10356.489596754143}]}, {"column_name": "Total Population", "number_non_empty_cells": 33, "number_empty_cells": 0, "number_distinct_values": 32, "frequent_values": [9961, 12442, 33008, 6831, 355], "dataTypes": [{"type": "INTEGER (LONG)", "count": 33, "max_value": 381159, "min_value": 355, "mean": 64881.8181818182, "stddev": 102145.97930604604}]}, {"column_name": "Average Family Size", "number_non_empty_cells": 33, "number_empty_cells": 0, "number_distinct_values": 9, "frequent_values": [2.3, 2.2, 2.7, 2.1, 2.5], "dataTypes": [{"type": "REAL", "count": 33, "max_value": 3.2, "min_value": 2.0, "mean": 2.354545454545454, "stddev": 0.23366760786250915}]}, {"column_name": "Total Minors Under 18", "number_non_empty_cells": 33, "number_empty_cells": 0, "number_distinct_values": 32, "frequent_values": [4101, 2821, 914, 26965, 1280], "dataTypes": [{"type": "INTEGER (LONG)", "count": 33, "max_value": 100299, "min_value": 160, "mean": 17208.272727272728, "stddev": 26538.738650660176}]}, {"column_name": "Average Minors per Family", "number_non_empty_cells": 33, "number_empty_cells": 0, "number_distinct_values": 6, "frequent_values": [0.6, 0.5, 1.1, 0.7, 1.0], "dataTypes": [{"type": "REAL", "count": 33, "max_value": 1.4, "min_value": 0.5, "mean": 0.7484848484848485, "stddev": 0.24633213858062517}]}, {"column_name": "Total Minors as Percent of Population", "number_non_empty_cells": 33, "number_empty_cells": 0, "number_distinct_values": 32, "frequent_values": [41.17, 27.86, 45.07, 27.84, 22.51], "dataTypes": [{"type": "REAL", "count": 33, "max_value": 45.07, "min_value": 21.79, "mean": 31.039696969696973, "stddev": 7.247135059790131}]}, {"column_name": "All Average Total Gross Income", "number_non_empty_cells": 33, "number_empty_cells": 0, "number_distinct_values": 32, "frequent_values": ["$18,878", "$23,628", "$26,265", "$25,150", "$24,942"], "dataTypes": [{"type": "TEXT", "count": 33, "shortest_values": [["$25,018", 7], ["$24,470", 7], ["$25,686", 7], ["$19,291", 7], ["$25,557", 7]], "longest_values": [["$25,018", 7], ["$24,470", 7], ["$25,686", 7], ["$19,291", 7], ["$25,557", 7]], "average_length": 7.0}]}, {"column_name": "All Average Gross Rent", "number_non_empty_cells": 33, "number_empty_cells": 0, "number_distinct_values": 30, "frequent_values": ["$427", "$533", "$542", "$529", "$437"], "dataTypes": [{"type": "TEXT", "count": 33, "shortest_values": [["$533", 4], ["$520", 4], ["$540", 4], ["$437", 4], ["$541", 4]], "longest_values": [["$533", 4], ["$520", 4], ["$540", 4], ["$437", 4], ["$541", 4]], "average_length": 4.0}]}, {"column_name": "Total HOH 62 Years and Over", "number_non_empty_cells": 33, "number_empty_cells": 0, "number_distinct_values": 32, "frequent_values": [519, 4061, 1621, 2306, 348], "dataTypes": [{"type": "INTEGER (LONG)", "count": 33, "max_value": 67842, "min_value": 14, "mean": 11380.787878787876, "stddev": 18536.579277704965}]}, {"column_name": "Total HOH 62 Years and Over as Percent of Families", "number_non_empty_cells": 33, "number_empty_cells": 0, "number_distinct_values": 32, "frequent_values": [13.41, 37.05, 12.93, 38.59, 13.81], "dataTypes": [{"type": "REAL", "count": 33, "max_value": 45.77, "min_value": 12.24, "mean": 31.379393939393946, "stddev": 12.143787771979234}]}, {"column_name": "Total Female Headed HOH 62 Years and Over", "number_non_empty_cells": 33, "number_empty_cells": 0, "number_distinct_values": 32, "frequent_values": [218, 4169, 1143, 2833, 11468], "dataTypes": [{"type": "INTEGER (LONG)", "count": 33, "max_value": 48555, "min_value": 4, "mean": 8126.636363636364, "stddev": 13309.507066477596}]}, {"column_name": "Total Male Headed HOH 62 Years and Over", "number_non_empty_cells": 33, "number_empty_cells": 0, "number_distinct_values": 31, "frequent_values": [127, 301, 5585, 2056, 103], "dataTypes": [{"type": "INTEGER (LONG)", "count": 33, "max_value": 19287, "min_value": 10, "mean": 3254.1515151515146, "stddev": 5232.999389777032}]}, {"column_name": "Total Elderly Single Person Families", "number_non_empty_cells": 33, "number_empty_cells": 0, "number_distinct_values": 32, "frequent_values": [379, 2840, 12, 1077, 111], "dataTypes": [{"type": "INTEGER (LONG)", "count": 33, "max_value": 39465, "min_value": 12, "mean": 6605.666666666665, "stddev": 10765.211303269454}]}, {"column_name": "Total Elderly Population", "number_non_empty_cells": 33, "number_empty_cells": 0, "number_distinct_values": 32, "frequent_values": [568, 4944, 1866, 18020, 18145], "dataTypes": [{"type": "INTEGER (LONG)", "count": 33, "max_value": 80806, "min_value": 14, "mean": 13540.78787878788, "stddev": 22100.77639765732}]}, {"column_name": "Total 62 Years and Over as Percent of Population", "number_non_empty_cells": 33, "number_empty_cells": 0, "number_distinct_values": 32, "frequent_values": [5.7, 7.01, 5.78, 19.96, 19.15], "dataTypes": [{"type": "REAL", "count": 33, "max_value": 26.13, "min_value": 3.94, "mean": 16.267272727272726, "stddev": 7.307184207807543}]}, {"column_name": "Total Families on Welfare", "number_non_empty_cells": 33, "number_empty_cells": 0, "number_distinct_values": 32, "frequent_values": [1032, 460, 1468, 744, 3211], "dataTypes": [{"type": "INTEGER (LONG)", "count": 33, "max_value": 22146, "min_value": 43, "mean": 3782.030303030304, "stddev": 5843.662760086963}]}, {"column_name": "Total Families on Welfare and HOH Elderly", "number_non_empty_cells": 33, "number_empty_cells": 0, "number_distinct_values": 30, "frequent_values": [22, 133, 43, 211, 78], "dataTypes": [{"type": "INTEGER (LONG)", "count": 33, "max_value": 2188, "min_value": 1, "mean": 366.72727272727275, "stddev": 593.9787912103542}]}, {"column_name": "Total Families on Full Welfare", "number_non_empty_cells": 33, "number_empty_cells": 0, "number_distinct_values": 31, "frequent_values": [501, 268, 333, 3441, 3173], "dataTypes": [{"type": "INTEGER (LONG)", "count": 33, "max_value": 10164, "min_value": 15, "mean": 1729.6060606060603, "stddev": 2677.5976335581113}]}, {"column_name": "Total Families on Welfare as Percent of Families", "number_non_empty_cells": 33, "number_empty_cells": 0, "number_distinct_values": 32, "frequent_values": [26.67, 26.8, 26.21, 12.79, 13.54], "dataTypes": [{"type": "REAL", "count": 33, "max_value": 38.74, "min_value": 7.68, "mean": 17.266060606060602, "stddev": 7.366784150740379}]}, {"column_name": "Total Single Parent/Grandparent Families with Minors", "number_non_empty_cells": 33, "number_empty_cells": 0, "number_distinct_values": 32, "frequent_values": [238, 1306, 762, 91, 8846], "dataTypes": [{"type": "INTEGER (LONG)", "count": 33, "max_value": 26660, "min_value": 9, "mean": 4455.333333333333, "stddev": 7272.311064731914}]}, {"column_name": "Total Female Headed Single Parent/Grandparent with Minors", "number_non_empty_cells": 33, "number_empty_cells": 0, "number_distinct_values": 32, "frequent_values": [212, 416, 53, 101, 2439], "dataTypes": [{"type": "INTEGER (LONG)", "count": 33, "max_value": 24944, "min_value": 8, "mean": 4158.787878787878, "stddev": 6811.455897225869}]}, {"column_name": "Total Male Headed Single Parent/Grandparent with Minors", "number_non_empty_cells": 33, "number_empty_cells": 0, "number_distinct_values": 31, "frequent_values": [6, 26, 1, 20, 1499], "dataTypes": [{"type": "INTEGER (LONG)", "count": 33, "max_value": 1716, "min_value": 1, "mean": 296.5454545454545, "stddev": 461.9424134980785}]}, {"column_name": "Total Single Parent/Grandparent Families on Welfare", "number_non_empty_cells": 33, "number_empty_cells": 0, "number_distinct_values": 30, "frequent_values": [15, 250, 69, 2056, 47], "dataTypes": [{"type": "INTEGER (LONG)", "count": 33, "max_value": 7565, "min_value": 4, "mean": 1252.0909090909095, "stddev": 2073.0129494784237}]}, {"column_name": "Total Single Parent/Grandparent with Minors as % of Families", "number_non_empty_cells": 33, "number_empty_cells": 0, "number_distinct_values": 32, "frequent_values": [6.15, 14.14, 7.0, 15.9, 12.93], "dataTypes": [{"type": "REAL", "count": 33, "max_value": 17.7, "min_value": 5.19, "mean": 12.445454545454545, "stddev": 4.395787302123436}]}, {"column_name": "Total Families - 1 or More Employed", "number_non_empty_cells": 33, "number_empty_cells": 0, "number_distinct_values": 32, "frequent_values": [148300, 421100, 1869900, 357000, 33500], "dataTypes": [{"type": "INTEGER (LONG)", "count": 33, "max_value": 7877700, "min_value": 4400, "mean": 1333439.393939394, "stddev": 2127241.855568962}]}, {"column_name": "Total Families - 1 or More Employed as Percent of Families", "number_non_empty_cells": 33, "number_empty_cells": 0, "number_distinct_values": 32, "frequent_values": [38.32, 37.97, 40.82, 46.72, 46.02], "dataTypes": [{"type": "REAL", "count": 33, "max_value": 48.08, "min_value": 36.51, "mean": 43.40121212121212, "stddev": 3.739614919063644}]}, {"column_name": "Total Families - 2nd Adult Employed", "number_non_empty_cells": 33, "number_empty_cells": 0, "number_distinct_values": 32, "frequent_values": [211, 1675, 1457, 384, 128], "dataTypes": [{"type": "INTEGER (LONG)", "count": 33, "max_value": 19124, "min_value": 6, "mean": 3212.090909090909, "stddev": 5227.367941688833}]}, {"column_name": "All Families Average Years in Public Housing", "number_non_empty_cells": 33, "number_empty_cells": 0, "number_distinct_values": 29, "frequent_values": [6.6, 26.2, 22.2, 23.9, 6.7], "dataTypes": [{"type": "REAL", "count": 33, "max_value": 30.4, "min_value": 5.9, "mean": 18.236363636363638, "stddev": 8.029710669975984}]}, {"column_name": "Residents Under 4", "number_non_empty_cells": 33, "number_empty_cells": 0, "number_distinct_values": 32, "frequent_values": [492, 908, 3105, 633, 4452], "dataTypes": [{"type": "INTEGER (LONG)", "count": 33, "max_value": 13049, "min_value": 18, "mean": 2234.5757575757575, "stddev": 3454.06582582169}]}, {"column_name": "Residents 4 to 5", "number_non_empty_cells": 33, "number_empty_cells": 0, "number_distinct_values": 31, "frequent_values": [343, 170, 108, 3579, 707], "dataTypes": [{"type": "INTEGER (LONG)", "count": 33, "max_value": 10109, "min_value": 9, "mean": 1722.5454545454545, "stddev": 2691.1647708179185}]}, {"column_name": "Residents 6 to 9", "number_non_empty_cells": 33, "number_empty_cells": 0, "number_distinct_values": 32, "frequent_values": [873, 6024, 830, 8116, 20946], "dataTypes": [{"type": "INTEGER (LONG)", "count": 33, "max_value": 23762, "min_value": 35, "mean": 4072.6363636363644, "stddev": 6307.886044675909}]}, {"column_name": "Residents 10 to 13", "number_non_empty_cells": 33, "number_empty_cells": 0, "number_distinct_values": 32, "frequent_values": [1223, 540, 683, 8927, 368], "dataTypes": [{"type": "INTEGER (LONG)", "count": 33, "max_value": 26378, "min_value": 48, "mean": 4541.484848484848, "stddev": 6953.741857843733}]}, {"column_name": "Residents 14 to 17", "number_non_empty_cells": 33, "number_empty_cells": 0, "number_distinct_values": 32, "frequent_values": [1170, 3258, 25831, 2047, 271], "dataTypes": [{"type": "INTEGER (LONG)", "count": 33, "max_value": 27001, "min_value": 50, "mean": 4637.030303030302, "stddev": 7134.128841870957}]}, {"column_name": "Residents 18 to 20", "number_non_empty_cells": 33, "number_empty_cells": 0, "number_distinct_values": 32, "frequent_values": [741, 2577, 602, 3006, 1636], "dataTypes": [{"type": "INTEGER (LONG)", "count": 33, "max_value": 21361, "min_value": 41, "mean": 3667.4848484848485, "stddev": 5680.246399484915}]}, {"column_name": "Residents 21 to 49", "number_non_empty_cells": 33, "number_empty_cells": 0, "number_distinct_values": 32, "frequent_values": [3522, 35015, 31275, 4294, 799], "dataTypes": [{"type": "INTEGER (LONG)", "count": 33, "max_value": 125315, "min_value": 113, "mean": 21394.727272727276, "stddev": 33527.41217161891}]}, {"column_name": "Residents 50 to 61", "number_non_empty_cells": 33, "number_empty_cells": 0, "number_distinct_values": 32, "frequent_values": [1029, 27, 47302, 2349, 3127], "dataTypes": [{"type": "INTEGER (LONG)", "count": 33, "max_value": 53372, "min_value": 27, "mean": 9069.454545454546, "stddev": 14383.655695164036}]}, {"column_name": "Residents 62 Plus", "number_non_empty_cells": 33, "number_empty_cells": 0, "number_distinct_values": 32, "frequent_values": [568, 4944, 1866, 18020, 18145], "dataTypes": [{"type": "INTEGER (LONG)", "count": 33, "max_value": 80806, "min_value": 14, "mean": 13540.78787878788, "stddev": 22100.77639765732}]}, {"column_name": "Total Fixed Income Families", "number_non_empty_cells": 33, "number_empty_cells": 0, "number_distinct_values": 32, "frequent_values": [1349, 602, 68234, 3037, 8306], "dataTypes": [{"type": "INTEGER (LONG)", "count": 33, "max_value": 69583, "min_value": 29, "mean": 11775.363636363636, "stddev": 18761.916972256036}]}, {"column_name": "Total Fixed Income Families as Percent of Families", "number_non_empty_cells": 33, "number_empty_cells": 0, "number_distinct_values": 31, "frequent_values": [0.3486, 0.3957, 0.4007, 0.4249, 0.429], "dataTypes": [{"type": "REAL", "count": 33, "max_value": 0.4466, "min_value": 0.2613, "mean": 0.38950303030303035, "stddev": 0.03867060965931782}]}]}