{"dataset_name": "/user/hm74/NYCOpenData/5r8r-e7i6.tsv.gz", "columns": [{"column_name": "District", "number_non_empty_cells": 505, "number_empty_cells": 0, "number_distinct_values": 12, "frequent_values": [14, 7, 9, 2, 22], "dataTypes": [{"type": "INTEGER (LONG)", "count": 505, "max_value": 29, "min_value": 2, "mean": 12.25544554455445, "stddev": 6.934495138169183}]}, {"column_name": "Category Type", "number_non_empty_cells": 505, "number_empty_cells": 0, "number_distinct_values": 5, "frequent_values": ["To School", "Discharge", "Attendance", "GPA", "Credit Rec"], "dataTypes": [{"type": "TEXT", "count": 505, "shortest_values": [["GPA", 3], ["GPA", 3], ["GPA", 3], ["GPA", 3], ["GPA", 3]], "longest_values": [["Attendance", 10], ["Attendance", 10], ["Attendance", 10], ["Attendance", 10], ["Attendance", 10]], "average_length": 8.69306930693068}]}, {"column_name": "Category Values", "number_non_empty_cells": 505, "number_empty_cells": 0, "number_distinct_values": 311, "frequent_values": ["Transferred to another DOE school or pro", "No Credit Recovery", "81-100% Attendance Rate", "61-80% Attendance Rate", "41-60% Attendance Rate"], "dataTypes": [{"type": "TEXT", "count": 505, "shortest_values": [["0-54", 4], ["0-54", 4], ["0-54", 4], ["0-54", 4], ["0-54", 4]], "longest_values": [["Transferred to a part-time DOE GED progr", 40], ["Transferred to a YABC, D79 or D75 progra", 40], ["Transferred to a DOE high school equival", 40], ["Discharged to a non-public school in NYC", 40], ["Discharged to a non-public school  in NY", 40]], "average_length": 11.46138613861386}]}, {"column_name": "Total#", "number_non_empty_cells": 505, "number_empty_cells": 0, "number_distinct_values": 41, "frequent_values": ["s", "14", "11", "16", "19"], "dataTypes": [{"type": "INTEGER (LONG)", "count": 72, "max_value": 244, "min_value": 10, "mean": 41.027777777777786, "stddev": 46.321333044955956}, {"type": "TEXT", "count": 433, "shortest_values": [["s", 1], ["s", 1], ["s", 1], ["s", 1], ["s", 1]], "longest_values": [["s", 1], ["s", 1], ["s", 1], ["s", 1], ["s", 1]], "average_length": 1.0}]}, {"column_name": "Total%", "number_non_empty_cells": 505, "number_empty_cells": 0, "number_distinct_values": 66, "frequent_values": ["s", "33.8", "8.1", "7.3", "10.9"], "dataTypes": [{"type": "REAL", "count": 72, "max_value": 96.9, "min_value": 4.2, "mean": 29.570833333333333, "stddev": 25.797348256813788}, {"type": "TEXT", "count": 433, "shortest_values": [["s", 1], ["s", 1], ["s", 1], ["s", 1], ["s", 1]], "longest_values": [["s", 1], ["s", 1], ["s", 1], ["s", 1], ["s", 1]], "average_length": 1.0}]}, {"column_name": "SWD#", "number_non_empty_cells": 505, "number_empty_cells": 0, "number_distinct_values": 15, "frequent_values": ["s", "10", "14", "46", "11"], "dataTypes": [{"type": "INTEGER (LONG)", "count": 21, "max_value": 54, "min_value": 10, "mean": 23.904761904761905, "stddev": 15.78095525476308}, {"type": "TEXT", "count": 484, "shortest_values": [["s", 1], ["s", 1], ["s", 1], ["s", 1], ["s", 1]], "longest_values": [["s", 1], ["s", 1], ["s", 1], ["s", 1], ["s", 1]], "average_length": 1.0}]}, {"column_name": "SWD%", "number_non_empty_cells": 505, "number_empty_cells": 0, "number_distinct_values": 20, "frequent_values": ["s", "25.6", "25.5", "54.5", "20.0"], "dataTypes": [{"type": "REAL", "count": 21, "max_value": 95.7, "min_value": 14.1, "mean": 51.79523809523809, "stddev": 27.260253225083797}, {"type": "TEXT", "count": 484, "shortest_values": [["s", 1], ["s", 1], ["s", 1], ["s", 1], ["s", 1]], "longest_values": [["s", 1], ["s", 1], ["s", 1], ["s", 1], ["s", 1]], "average_length": 1.0}]}, {"column_name": "Not SWD#", "number_non_empty_cells": 505, "number_empty_cells": 0, "number_distinct_values": 21, "frequent_values": ["s", "23", "26", "98", "16"], "dataTypes": [{"type": "INTEGER (LONG)", "count": 22, "max_value": 190, "min_value": 16, "mean": 56.77272727272728, "stddev": 48.03590685213966}, {"type": "TEXT", "count": 483, "shortest_values": [["s", 1], ["s", 1], ["s", 1], ["s", 1], ["s", 1]], "longest_values": [["s", 1], ["s", 1], ["s", 1], ["s", 1], ["s", 1]], "average_length": 1.0}]}, {"column_name": "Not SWD%", "number_non_empty_cells": 505, "number_empty_cells": 0, "number_distinct_values": 23, "frequent_values": ["s", "52.0", "74.8", "27.1", "19.4"], "dataTypes": [{"type": "REAL", "count": 22, "max_value": 97.6, "min_value": 11.0, "mean": 48.99545454545455, "stddev": 29.159303478287043}, {"type": "TEXT", "count": 483, "shortest_values": [["s", 1], ["s", 1], ["s", 1], ["s", 1], ["s", 1]], "longest_values": [["s", 1], ["s", 1], ["s", 1], ["s", 1], ["s", 1]], "average_length": 1.0}]}]}