{"dataset_name": "/user/hm74/NYCOpenData/5rzx-3686.tsv.gz", "columns": [{"column_name": "Date", "number_non_empty_cells": 37, "number_empty_cells": 0, "number_distinct_values": 1, "frequent_values": ["12/06/2018"], "dataTypes": [{"type": "DATE/TIME", "count": 37, "max_value": "2018-12-06T00:00:00", "min_value": "2018-12-06T00:00:00"}]}, {"column_name": "Agency", "number_non_empty_cells": 37, "number_empty_cells": 0, "number_distinct_values": 11, "frequent_values": ["DOT", "DEP", "DSNY", "DOC", "DCAS"], "dataTypes": [{"type": "TEXT", "count": 37, "shortest_values": [["DEP", 3], ["DOC", 3], ["DOE", 3], ["DOT", 3], ["DPR", 3]], "longest_values": [["DOHMH", 5], ["DCAS", 4], ["DSNY", 4], ["FDNY", 4], ["NYPD", 4]], "average_length": 3.459459459459459}]}, {"column_name": "Fleet Name", "number_non_empty_cells": 37, "number_empty_cells": 0, "number_distinct_values": 28, "frequent_values": ["All vehicles", "Asphalt plant", "Sewer and Water", "Sheriff", "Environmental compliance"], "dataTypes": [{"type": "TEXT", "count": 37, "shortest_values": [["OEM", 3], ["Vans", 4], ["HIQA", 4], ["Buses", 5], ["Police", 6]], "longest_values": [["Dual bin collection trucks", 26], ["Environmental compliance", 24], ["NYC fleet overall", 17], ["Collection trucks", 17], ["Pumpers - Engines", 17]], "average_length": 11.216216216216214}]}, {"column_name": "Fleet Roster", "number_non_empty_cells": 37, "number_empty_cells": 0, "number_distinct_values": 36, "frequent_values": [112, 2532, 108, 6288, 159], "dataTypes": [{"type": "INTEGER (LONG)", "count": 37, "max_value": 32186, "min_value": 40, "mean": 1965.9729729729727, "stddev": 5427.398294073578}]}, {"column_name": "Target % In Service", "number_non_empty_cells": 37, "number_empty_cells": 0, "number_distinct_values": 10, "frequent_values": [0.9, 0.94, 0.85, 0.75, 1.0], "dataTypes": [{"type": "REAL", "count": 37, "max_value": 1.0, "min_value": 0.61, "mean": 0.8686486486486487, "stddev": 0.08412224573740038}]}, {"column_name": "Actual Count In Service", "number_non_empty_cells": 37, "number_empty_cells": 0, "number_distinct_values": 35, "frequent_values": [157, 108, 78, 2479, 633], "dataTypes": [{"type": "INTEGER (LONG)", "count": 37, "max_value": 29178, "min_value": 39, "mean": 1769.918918918919, "stddev": 4922.669306538269}]}, {"column_name": "Seasonal Flag", "number_non_empty_cells": 37, "number_empty_cells": 0, "number_distinct_values": 2, "frequent_values": ["N", "Y"], "dataTypes": [{"type": "TEXT", "count": 37, "shortest_values": [["N", 1], ["N", 1], ["N", 1], ["N", 1], ["N", 1]], "longest_values": [["N", 1], ["N", 1], ["N", 1], ["N", 1], ["N", 1]], "average_length": 1.0}]}, {"column_name": "Description", "number_non_empty_cells": 37, "number_empty_cells": 0, "number_distinct_values": 13, "frequent_values": ["Critical fleet", "Agency total", "Seasonal Fleet: DSNY Salt Spreader Trucks", "Citywide fleet total in service", "Critical fleet: large rear-loading collection trucks; does not include alley, front loader, or dual bin collection trucks."], "dataTypes": [{"type": "TEXT", "count": 37, "shortest_values": [["Agency total", 12], ["Agency total", 12], ["Agency total", 12], ["Agency total", 12], ["Agency total", 12]], "longest_values": [["Critical fleet: large rear-loading collection trucks; does not include alley, front loader, or dual bin collection trucks.", 122], ["Critical fleet: trucks and equipment for maintaining NYC's water, drainage, and sewer systems", 93], ["Critical fleet: vehicles assigned to Office of Emergency Management in MCMS", 75], ["Critical fleet: vehicles assigned to DOF Sheriff's office in MCMS", 65], ["Critical fleet: vehicles assigned to Mayor's office in MCMS", 59]], "average_length": 26.891891891891884}]}]}