{"dataset_name": "/user/hm74/NYCOpenData/5sq4-wrrm.tsv.gz", "columns": [{"column_name": "ProviderType", "number_non_empty_cells": 2329, "number_empty_cells": 0, "number_distinct_values": 1, "frequent_values": ["SENIOR CENTER CONTRACTS"], "dataTypes": [{"type": "TEXT", "count": 2329, "shortest_values": [["SENIOR CENTER CONTRACTS", 23], ["SENIOR CENTER CONTRACTS", 23], ["SENIOR CENTER CONTRACTS", 23], ["SENIOR CENTER CONTRACTS", 23], ["SENIOR CENTER CONTRACTS", 23]], "longest_values": [["SENIOR CENTER CONTRACTS", 23], ["SENIOR CENTER CONTRACTS", 23], ["SENIOR CENTER CONTRACTS", 23], ["SENIOR CENTER CONTRACTS", 23], ["SENIOR CENTER CONTRACTS", 23]], "average_length": 23.0}]}, {"column_name": "DFTA_ID", "number_non_empty_cells": 2329, "number_empty_cells": 0, "number_distinct_values": 203, "frequent_values": ["43R01", "42Y01", "43K01", "27U01", "34P01"], "dataTypes": [{"type": "INTEGER (LONG)", "count": 274, "max_value": 55401, "min_value": 25801, "mean": 45082.93065693434, "stddev": 10563.959087609182}, {"type": "REAL", "count": 51, "max_value": 2700.0, "min_value": 140.0, "mean": 676.0784313725492, "stddev": 938.4845490206437}, {"type": "DATE/TIME", "count": 305, "max_value": "2045-01-07T00:00:00", "min_value": "2019-12-01T13:00:00"}, {"type": "TEXT", "count": 1699, "shortest_values": [["43F01", 5], ["14V01", 5], ["35C02", 5], ["31T01", 5], ["26H01", 5]], "longest_values": [["43F01", 5], ["14V01", 5], ["35C02", 5], ["31T01", 5], ["26H01", 5]], "average_length": 5.0}]}, {"column_name": "ContractYear", "number_non_empty_cells": 2329, "number_empty_cells": 0, "number_distinct_values": 1, "frequent_values": [2020], "dataTypes": [{"type": "INTEGER (LONG)", "count": 2329, "max_value": 2020, "min_value": 2020, "mean": 2020.0, "stddev": 0.0}]}, {"column_name": "SponsorName", "number_non_empty_cells": 2134, "number_empty_cells": 195, "number_distinct_values": 81, "frequent_values": ["THE JEWISH ASSOCIATION FOR SERVICES FOR THE AGED", "CATHOLIC CHARITIES NEIGHBORHOOD SERVICES INC", "REGIONAL AID FOR INTERIM NEEDS INC", "RISEBORO COMMUNITY PARTNERSHIP INC", "BERGEN BASIN COMMUNITY DEVELOPMENT CORPORATION DBA MILLENNIU"], "dataTypes": [{"type": "TEXT", "count": 2329, "shortest_values": [["HANAC INC.", 10], ["HANAC INC.", 10], ["HANAC INC.", 10], ["HANAC INC.", 10], ["HANAC INC.", 10]], "longest_values": [["BERGEN BASIN COMMUNITY DEVELOPMENT CORPORATION DBA MILLENNIU", 60], ["CHILD DEVELOPMENT CENTER OF THE MOSHOLU-MONTEFIORE COMMMUNIT", 60], ["CHILD DEVELOPMENT CENTER OF THE MOSHOLU-MONTEFIORE COMMMUNIT", 60], ["BERGEN BASIN COMMUNITY DEVELOPMENT CORPORATION DBA MILLENNIU", 60], ["BERGEN BASIN COMMUNITY DEVELOPMENT CORPORATION DBA MILLENNIU", 60]], "average_length": 39.65736367539698}]}, {"column_name": "ProgramName", "number_non_empty_cells": 2309, "number_empty_cells": 20, "number_distinct_values": 203, "frequent_values": ["Elmcor's Golden Phoenix Club One", "KCS Flushing Neighborhood Senior Center", "LaGuardia Neighborhood Senior Center", "Vandalia Neighborhood Senior Center", "Pomonok Neighborhood Senior Center"], "dataTypes": [{"type": "TEXT", "count": 2329, "shortest_values": [["Polo Grounds", 12], ["Polo Grounds", 12], ["Polo Grounds", 12], ["Polo Grounds", 12], ["Polo Grounds", 12]], "longest_values": [["Senior Citizens League of Flatbush Neighborhood Senior Center", 61], ["Senior Citizens League of Flatbush Neighborhood Senior Center", 61], ["Senior Citizens League of Flatbush Neighborhood Senior Center", 61], ["Senior Citizens League of Flatbush Neighborhood Senior Center", 61], ["Council Center for Senior Citizens Neighborhood Senior Center", 61]], "average_length": 39.72949763847152}]}, {"column_name": "ServiceID", "number_non_empty_cells": 2329, "number_empty_cells": 0, "number_distinct_values": 28, "frequent_values": ["CNLH", "GSLH", "SCED", "PHEX", "SCNE"], "dataTypes": [{"type": "TEXT", "count": 2329, "shortest_values": [["SCNE", 4], ["SCIN", 4], ["PHEX", 4], ["SCED", 4], ["SCCA", 4]], "longest_values": [["SCNE", 4], ["SCIN", 4], ["PHEX", 4], ["SCED", 4], ["SCCA", 4]], "average_length": 4.0}]}, {"column_name": "ServiceName", "number_non_empty_cells": 2141, "number_empty_cells": 188, "number_distinct_values": 28, "frequent_values": ["CONGREGATE LUNCH", "GUEST/STAFF CNLH", "EDUCATION", "PHYSICAL HEALTH/EXERCISE", "SR CTR NUTRITION EDUC"], "dataTypes": [{"type": "TEXT", "count": 2329, "shortest_values": [["ARTS", 4], ["ARTS", 4], ["ARTS", 4], ["ARTS", 4], ["ARTS", 4]], "longest_values": [["SOCIAL ADULT DAY CARE NSC", 25], ["SOCIAL ADULT DAY CARE NSC", 25], ["PHYSICAL HEALTH/EXERCISE", 24], ["PHYSICAL HEALTH/EXERCISE", 24], ["PHYSICAL HEALTH/EXERCISE", 24]], "average_length": 15.945040790038622}]}, {"column_name": "ReportedMonth", "number_non_empty_cells": 2329, "number_empty_cells": 0, "number_distinct_values": 1, "frequent_values": ["Jul 2019"], "dataTypes": [{"type": "DATE/TIME", "count": 2329, "max_value": "2019-07-07T00:00:00", "min_value": "2019-07-07T00:00:00"}]}, {"column_name": "ReportedUnits", "number_non_empty_cells": 2329, "number_empty_cells": 0, "number_distinct_values": 645, "frequent_values": [0, 5, 10, 6, 7], "dataTypes": [{"type": "INTEGER (LONG)", "count": 2329, "max_value": 8294, "min_value": 0, "mean": 291.3941605839412, "stddev": 699.7953390811133}]}]}