{"dataset_name": "/user/hm74/NYCOpenData/5t4n-d72c.tsv.gz", "columns": [{"column_name": "Year", "number_non_empty_cells": 32, "number_empty_cells": 0, "number_distinct_values": 4, "frequent_values": [2012, 2009, 2010, 2011], "dataTypes": [{"type": "INTEGER (LONG)", "count": 32, "max_value": 2012, "min_value": 2009, "mean": 2010.5000000000005, "stddev": 1.1180339887500945}]}, {"column_name": "Area", "number_non_empty_cells": 32, "number_empty_cells": 0, "number_distinct_values": 8, "frequent_values": ["Surface Area - Queens ", "Surface Total ", "Surface Area - Bronx ", "Surface Area - Staten Island ", "Total Unsheltered Individuals "], "dataTypes": [{"type": "TEXT", "count": 32, "shortest_values": [["Subways ", 8], ["Subways ", 8], ["Subways ", 8], ["Subways ", 8], ["Surface Total ", 14]], "longest_values": [["Total Unsheltered Individuals ", 30], ["Total Unsheltered Individuals ", 30], ["Total Unsheltered Individuals ", 30], ["Total Unsheltered Individuals ", 30], ["Surface Area - Staten Island ", 29]], "average_length": 21.625}]}, {"column_name": "Homeless Estimates", "number_non_empty_cells": 32, "number_empty_cells": 0, "number_distinct_values": 32, "frequent_values": [368, 115, 1634, 1077, 128], "dataTypes": [{"type": "INTEGER (LONG)", "count": 32, "max_value": 3262, "min_value": 86, "mean": 909.1562499999999, "stddev": 921.8881476816683}]}]}