{"dataset_name": "/user/hm74/NYCOpenData/5tdj-xqd5.tsv.gz", "columns": [{"column_name": "Borough", "number_non_empty_cells": 2835, "number_empty_cells": 0, "number_distinct_values": 5, "frequent_values": ["QUEENS", "BROOKLYN", "BRONX", "MANHATTAN", "STATEN ISLAND"], "dataTypes": [{"type": "TEXT", "count": 2835, "shortest_values": [["BRONX", 5], ["BRONX", 5], ["BRONX", 5], ["BRONX", 5], ["BRONX", 5]], "longest_values": [["STATEN ISLAND", 13], ["STATEN ISLAND", 13], ["STATEN ISLAND", 13], ["STATEN ISLAND", 13], ["STATEN ISLAND", 13]], "average_length": 8.200000000000008}]}, {"column_name": "Grade", "number_non_empty_cells": 2835, "number_empty_cells": 0, "number_distinct_values": 7, "frequent_values": ["7", "3", "8", "5", "6"], "dataTypes": [{"type": "INTEGER (LONG)", "count": 2430, "max_value": 8, "min_value": 3, "mean": 5.50000000000001, "stddev": 1.707825127659932}, {"type": "TEXT", "count": 405, "shortest_values": [["All Grades", 10], ["All Grades", 10], ["All Grades", 10], ["All Grades", 10], ["All Grades", 10]], "longest_values": [["All Grades", 10], ["All Grades", 10], ["All Grades", 10], ["All Grades", 10], ["All Grades", 10]], "average_length": 10.0}]}, {"column_name": "Year", "number_non_empty_cells": 2835, "number_empty_cells": 0, "number_distinct_values": 6, "frequent_values": [2016, 2015, 2018, 2014, 2017], "dataTypes": [{"type": "INTEGER (LONG)", "count": 2835, "max_value": 2018, "min_value": 2013, "mean": 2015.5925925925908, "stddev": 1.668723011269512}]}, {"column_name": "Category", "number_non_empty_cells": 2835, "number_empty_cells": 0, "number_distinct_values": 14, "frequent_values": ["Econ Disadv", "Not SWD", "Female", "All Students", "SWD"], "dataTypes": [{"type": "TEXT", "count": 2835, "shortest_values": [["SWD", 3], ["SWD", 3], ["SWD", 3], ["SWD", 3], ["SWD", 3]], "longest_values": [["Not Econ Disadv", 15], ["Not Econ Disadv", 15], ["Not Econ Disadv", 15], ["Not Econ Disadv", 15], ["Not Econ Disadv", 15]], "average_length": 7.7283950617284}]}, {"column_name": "Number_Tested", "number_non_empty_cells": 2835, "number_empty_cells": 0, "number_distinct_values": 2523, "frequent_values": [3263, 3841, 373, 633, 3403], "dataTypes": [{"type": "INTEGER (LONG)", "count": 2835, "max_value": 125059, "min_value": 129, "mean": 9870.877601410935, "stddev": 15937.123513431554}]}, {"column_name": "Mean_Scale_Score", "number_non_empty_cells": 2835, "number_empty_cells": 0, "number_distinct_values": 133, "frequent_values": [306, 309, 300, 305, 308], "dataTypes": [{"type": "INTEGER (LONG)", "count": 2835, "max_value": 620, "min_value": 253, "mean": 351.87654320987673, "stddev": 114.77435079953395}]}, {"column_name": "Level_1_#", "number_non_empty_cells": 2835, "number_empty_cells": 0, "number_distinct_values": 2115, "frequent_values": [152, 156, 104, 75, 190], "dataTypes": [{"type": "INTEGER (LONG)", "count": 2835, "max_value": 45756, "min_value": 11, "mean": 2936.9178130511486, "stddev": 4995.117767062713}]}, {"column_name": "Level_1_%", "number_non_empty_cells": 2835, "number_empty_cells": 0, "number_distinct_values": 682, "frequent_values": [17.4, 15.4, 19.1, 19.9, 15.5], "dataTypes": [{"type": "REAL", "count": 2835, "max_value": 87.1, "min_value": 2.3, "mean": 30.759929453262746, "stddev": 17.619124890294223}]}, {"column_name": "Level_2_#", "number_non_empty_cells": 2835, "number_empty_cells": 0, "number_distinct_values": 2193, "frequent_values": [223, 215, 235, 292, 471], "dataTypes": [{"type": "INTEGER (LONG)", "count": 2835, "max_value": 46963, "min_value": 16, "mean": 3438.5248677248715, "stddev": 5751.02661216466}]}, {"column_name": "Level_2_%", "number_non_empty_cells": 2835, "number_empty_cells": 0, "number_distinct_values": 360, "frequent_values": [38.4, 38.7, 37.4, 37.3, 38.0], "dataTypes": [{"type": "REAL", "count": 2835, "max_value": 59.0, "min_value": 8.7, "mean": 33.682010582010705, "stddev": 7.077300637767781}]}, {"column_name": "Level_3_#", "number_non_empty_cells": 2835, "number_empty_cells": 0, "number_distinct_values": 1981, "frequent_values": [130, 1008, 159, 19, 711], "dataTypes": [{"type": "INTEGER (LONG)", "count": 2835, "max_value": 36448, "min_value": 0, "mean": 2300.9502645502607, "stddev": 3959.018021495755}]}, {"column_name": "Level_3_%", "number_non_empty_cells": 2835, "number_empty_cells": 0, "number_distinct_values": 476, "frequent_values": [22.2, 29.3, 21.2, 22.6, 29.0], "dataTypes": [{"type": "REAL", "count": 2835, "max_value": 62.0, "min_value": 0.0, "mean": 23.020352733686043, "stddev": 10.46431705584478}]}, {"column_name": "Level_4_#", "number_non_empty_cells": 2835, "number_empty_cells": 0, "number_distinct_values": 1530, "frequent_values": [1, 0, 2, 4, 12], "dataTypes": [{"type": "INTEGER (LONG)", "count": 2835, "max_value": 26810, "min_value": 0, "mean": 1194.484656084655, "stddev": 2289.34141620654}]}, {"column_name": "Level_4_%", "number_non_empty_cells": 2835, "number_empty_cells": 0, "number_distinct_values": 422, "frequent_values": [0.2, 0.0, 0.3, 0.4, 0.5], "dataTypes": [{"type": "REAL", "count": 2835, "max_value": 66.6, "min_value": 0.0, "mean": 12.53576719576718, "stddev": 10.469211654436014}]}, {"column_name": "Level_3+4_#", "number_non_empty_cells": 2835, "number_empty_cells": 0, "number_distinct_values": 2170, "frequent_values": [119, 177, 104, 89, 251], "dataTypes": [{"type": "INTEGER (LONG)", "count": 2835, "max_value": 63258, "min_value": 0, "mean": 3495.434920634928, "stddev": 6133.031885815635}]}, {"column_name": "Level_3+4_%", "number_non_empty_cells": 2835, "number_empty_cells": 0, "number_distinct_values": 735, "frequent_values": [39.8, 33.5, 43.0, 31.7, 25.7], "dataTypes": [{"type": "REAL", "count": 2835, "max_value": 86.7, "min_value": 0.0, "mean": 35.55710758377424, "stddev": 18.402381989463564}]}]}