{"dataset_name": "/user/hm74/NYCOpenData/5u4m-9udf.tsv.gz", "columns": [{"column_name": "Year", "number_non_empty_cells": 13902, "number_empty_cells": 0, "number_distinct_values": 1, "frequent_values": ["2010-11"], "dataTypes": [{"type": "DATE/TIME", "count": 13902, "max_value": "2010-11-08T00:00:00", "min_value": "2010-11-08T00:00:00"}]}, {"column_name": "DBN", "number_non_empty_cells": 13902, "number_empty_cells": 0, "number_distinct_values": 498, "frequent_values": ["20K490", "20K505", "27Q480", "30Q450", "20K445"], "dataTypes": [{"type": "DATE/TIME", "count": 24, "max_value": "2019-12-08T00:02:47", "min_value": "2019-12-08T00:02:47"}, {"type": "TEXT", "count": 13878, "shortest_values": [["01M292", 6], ["01M292", 6], ["01M292", 6], ["01M292", 6], ["01M292", 6]], "longest_values": [["01M292", 6], ["01M292", 6], ["01M292", 6], ["01M292", 6], ["01M292", 6]], "average_length": 6.0}]}, {"column_name": "School_Name", "number_non_empty_cells": 13877, "number_empty_cells": 25, "number_distinct_values": 498, "frequent_values": ["Fort Hamilton High School", "Franklin Delano Roosevelt High School", "John Adams High School", "Newtown High School", "Long Island City High School"], "dataTypes": [{"type": "TEXT", "count": 13902, "shortest_values": [["X723", 4], ["X723", 4], ["X723", 4], ["X723", 4], ["X723", 4]], "longest_values": [["English Language Learners and International Support Preparatory Academy (ELLIS)", 79], ["English Language Learners and International Support Preparatory Academy (ELLIS)", 79], ["English Language Learners and International Support Preparatory Academy (ELLIS)", 79], ["English Language Learners and International Support Preparatory Academy (ELLIS)", 79], ["English Language Learners and International Support Preparatory Academy (ELLIS)", 79]], "average_length": 35.4087181700474}]}, {"column_name": "Category", "number_non_empty_cells": 13902, "number_empty_cells": 0, "number_distinct_values": 35, "frequent_values": ["All Students", "English Language Proficient", "Not Student with Disability", "Male", "Female"], "dataTypes": [{"type": "TEXT", "count": 13902, "shortest_values": [["Male", 4], ["Male", 4], ["Male", 4], ["Male", 4], ["Male", 4]], "longest_values": [["English Language Proficient", 27], ["English Language Proficient", 27], ["Not Student with Disability", 27], ["Not Student with Disability", 27], ["English Language Proficient", 27]], "average_length": 12.881743634009476}]}, {"column_name": "Discharge_Type", "number_non_empty_cells": 13902, "number_empty_cells": 0, "number_distinct_values": 2, "frequent_values": ["Discharge out of NYC School", "Drop Out"], "dataTypes": [{"type": "TEXT", "count": 13902, "shortest_values": [["Drop Out", 8], ["Drop Out", 8], ["Drop Out", 8], ["Drop Out", 8], ["Drop Out", 8]], "longest_values": [["Discharge out of NYC School", 27], ["Discharge out of NYC School", 27], ["Discharge out of NYC School", 27], ["Discharge out of NYC School", 27], ["Discharge out of NYC School", 27]], "average_length": 18.38836138685071}]}, {"column_name": "#_of_Discharges", "number_non_empty_cells": 13902, "number_empty_cells": 0, "number_distinct_values": 122, "frequent_values": ["s", "10", "11", "12", "13"], "dataTypes": [{"type": "INTEGER (LONG)", "count": 2940, "max_value": 208, "min_value": 10, "mean": 25.071768707482992, "stddev": 21.01141459136383}, {"type": "TEXT", "count": 10962, "shortest_values": [["s", 1], ["s", 1], ["s", 1], ["s", 1], ["s", 1]], "longest_values": [["s", 1], ["s", 1], ["s", 1], ["s", 1], ["s", 1]], "average_length": 1.0}]}, {"column_name": "Total_Enrolled_Students", "number_non_empty_cells": 13902, "number_empty_cells": 0, "number_distinct_values": 1151, "frequent_values": ["s", "94", "103", "91", "12"], "dataTypes": [{"type": "INTEGER (LONG)", "count": 12321, "max_value": 998, "min_value": 10, "mean": 207.8150312474647, "stddev": 198.2853840703637}, {"type": "DATE/TIME", "count": 705, "max_value": "2066-01-08T00:00:00", "min_value": "0105-03-08T00:00:00"}, {"type": "TEXT", "count": 876, "shortest_values": [["s", 1], ["s", 1], ["s", 1], ["s", 1], ["s", 1]], "longest_values": [["s", 1], ["s", 1], ["s", 1], ["s", 1], ["s", 1]], "average_length": 1.0}]}]}