{"dataset_name": "/user/hm74/NYCOpenData/5vqp-meve.tsv.gz", "columns": [{"column_name": "ProviderType", "number_non_empty_cells": 3, "number_empty_cells": 0, "number_distinct_values": 1, "frequent_values": ["TRANSPORTATION SERVICES CONTRACTS"], "dataTypes": [{"type": "TEXT", "count": 3, "shortest_values": [["TRANSPORTATION SERVICES CONTRACTS", 33], ["TRANSPORTATION SERVICES CONTRACTS", 33], ["TRANSPORTATION SERVICES CONTRACTS", 33]], "longest_values": [["TRANSPORTATION SERVICES CONTRACTS", 33], ["TRANSPORTATION SERVICES CONTRACTS", 33], ["TRANSPORTATION SERVICES CONTRACTS", 33]], "average_length": 33.0}]}, {"column_name": "DFTA ID", "number_non_empty_cells": 3, "number_empty_cells": 0, "number_distinct_values": 3, "frequent_values": [19601, 10601, 30901], "dataTypes": [{"type": "INTEGER (LONG)", "count": 3, "max_value": 30901, "min_value": 10601, "mean": 20367.666666666668, "stddev": 8305.152349930468}]}, {"column_name": "ContractYear", "number_non_empty_cells": 3, "number_empty_cells": 0, "number_distinct_values": 1, "frequent_values": [2020], "dataTypes": [{"type": "INTEGER (LONG)", "count": 3, "max_value": 2020, "min_value": 2020, "mean": 2020.0, "stddev": 0.0}]}, {"column_name": "SponsorName", "number_non_empty_cells": 2, "number_empty_cells": 1, "number_distinct_values": 3, "frequent_values": ["ARC XVI FORT WASHINGTON INC", "MID BRONX SENIOR CITIZENS COUNCIL INC", "REGIONAL AID FOR INTERIM NEEDS INC"], "dataTypes": [{"type": "TEXT", "count": 3, "shortest_values": [["ARC XVI FORT WASHINGTON INC", 27], ["REGIONAL AID FOR INTERIM NEEDS INC", 34], ["MID BRONX SENIOR CITIZENS COUNCIL INC", 37]], "longest_values": [["MID BRONX SENIOR CITIZENS COUNCIL INC", 37], ["REGIONAL AID FOR INTERIM NEEDS INC", 34], ["ARC XVI FORT WASHINGTON INC", 27]], "average_length": 32.666666666666664}]}, {"column_name": "ProgramName", "number_non_empty_cells": 3, "number_empty_cells": 0, "number_distinct_values": 3, "frequent_values": ["RAIN EASTCHESTER TRANSPORTATION", "WHIST TRANSPORTATION", "MID BRONX TRANSPORTATION"], "dataTypes": [{"type": "TEXT", "count": 3, "shortest_values": [["WHIST TRANSPORTATION", 20], ["MID BRONX TRANSPORTATION", 24], ["RAIN EASTCHESTER TRANSPORTATION", 31]], "longest_values": [["RAIN EASTCHESTER TRANSPORTATION", 31], ["MID BRONX TRANSPORTATION", 24], ["WHIST TRANSPORTATION", 20]], "average_length": 25.0}]}, {"column_name": "ServiceID", "number_non_empty_cells": 3, "number_empty_cells": 0, "number_distinct_values": 1, "frequent_values": ["TRAN"], "dataTypes": [{"type": "TEXT", "count": 3, "shortest_values": [["TRAN", 4], ["TRAN", 4], ["TRAN", 4]], "longest_values": [["TRAN", 4], ["TRAN", 4], ["TRAN", 4]], "average_length": 4.0}]}, {"column_name": "ServiceName", "number_non_empty_cells": 3, "number_empty_cells": 0, "number_distinct_values": 1, "frequent_values": ["TRANSPORTATION"], "dataTypes": [{"type": "TEXT", "count": 3, "shortest_values": [["TRANSPORTATION", 14], ["TRANSPORTATION", 14], ["TRANSPORTATION", 14]], "longest_values": [["TRANSPORTATION", 14], ["TRANSPORTATION", 14], ["TRANSPORTATION", 14]], "average_length": 14.0}]}, {"column_name": "ReportedMonth", "number_non_empty_cells": 3, "number_empty_cells": 0, "number_distinct_values": 1, "frequent_values": ["Jul 2019"], "dataTypes": [{"type": "DATE/TIME", "count": 3, "max_value": "2019-07-05T00:00:00", "min_value": "2019-07-05T00:00:00"}]}, {"column_name": "ReportedUnits", "number_non_empty_cells": 3, "number_empty_cells": 0, "number_distinct_values": 3, "frequent_values": [2062, 2269, 1801], "dataTypes": [{"type": "INTEGER (LONG)", "count": 3, "max_value": 2269, "min_value": 1801, "mean": 2044.0, "stddev": 191.48368076679537}]}]}