{"dataset_name": "/user/hm74/NYCOpenData/5x8i-3c5b.tsv.gz", "columns": [{"column_name": "DBN", "number_non_empty_cells": 1830, "number_empty_cells": 0, "number_distinct_values": 1830, "frequent_values": ["02M042", "02M529", "08X093", "01M064", "01M539"], "dataTypes": [{"type": "DATE/TIME", "count": 33, "max_value": "2019-12-08T00:06:52", "min_value": "2019-12-08T00:01:15"}, {"type": "TEXT", "count": 1797, "shortest_values": [["01M063", 6], ["01M064", 6], ["01M110", 6], ["01M134", 6], ["01M140", 6]], "longest_values": [["Response Rate %\"", 16], ["01M063", 6], ["01M064", 6], ["01M110", 6], ["01M134", 6]], "average_length": 6.005564830272681}]}, {"column_name": "School_Name", "number_non_empty_cells": 1727, "number_empty_cells": 103, "number_distinct_values": 1825, "frequent_values": ["P.S. 360", "P.S. 372 -THE CHILDREN'S SCHOOL", "P.S. 253", "P.S. 376", "P.S. 212"], "dataTypes": [{"type": "TEXT", "count": 1830, "shortest_values": [["KAPPA", 5], ["P.S. 89", 7], ["MUSCOTA", 7], ["P.S. 66", 7], ["P.S. 78", 7]], "longest_values": [["NYC CHARTER HIGH SCHOOL FOR ARCHITECTURE, ENGINEERING AND CONSTRUCTION INDUSTRIES (AECI)", 88], ["ENGLISH LANGUAGE LEARNERS AND INTERNATIONAL SUPPORT PREPARATORY ACADEMY (ELLIS)", 79], ["SCIENCE SKILLS CENTER HIGH SCHOOL FOR SCIENCE, TECHNOLOGY AND THE CREATIVE ARTS", 79], ["ACADEMY FOR COLLEGE PREPARATION AND CAREER EXPLORATION: A COLLEGE BOARD SCHOOL", 78], ["PS 80  THE THURGOOD MARSHALL MAGNET SCHOOL OF MULTIMEDIA AND COMMUNICATION", 74]], "average_length": 29.606010928961755}]}, {"column_name": "Total_Parent_", "number_non_empty_cells": 1830, "number_empty_cells": 0, "number_distinct_values": 102, "frequent_values": ["100", "56", "50", "48", "44"], "dataTypes": [{"type": "INTEGER (LONG)", "count": 1829, "max_value": 100, "min_value": 0, "mean": 55.05412793876439, "stddev": 25.391625227134785}, {"type": "TEXT", "count": 1, "shortest_values": [["Total Student Response Rate %", 29]], "longest_values": [["Total Student Response Rate %", 29]], "average_length": 29.0}]}]}