{"dataset_name": "/user/hm74/NYCOpenData/5ytq-4m2r.tsv.gz", "columns": [{"column_name": "Geographic_Unit", "number_non_empty_cells": 4068, "number_empty_cells": 0, "number_distinct_values": 40, "frequent_values": ["Citywide", "Manhattan", "Queens", "Brooklyn", "Bronx"], "dataTypes": [{"type": "TEXT", "count": 4068, "shortest_values": [["Bronx", 5], ["Bronx", 5], ["Bronx", 5], ["Bronx", 5], ["Bronx", 5]], "longest_values": [["Staten Island", 13], ["Staten Island", 13], ["Staten Island", 13], ["Staten Island", 13], ["Staten Island", 13]], "average_length": 10.23451327433629}]}, {"column_name": "Student_Category", "number_non_empty_cells": 4068, "number_empty_cells": 0, "number_distinct_values": 16, "frequent_values": ["All Students", "2012 Cohort", "2013 Cohort", "2011 Cohort", "2014 Cohort"], "dataTypes": [{"type": "TEXT", "count": 4068, "shortest_values": [["2002 Cohort", 11], ["2002 Cohort", 11], ["2002 Cohort", 11], ["2003 Cohort", 11], ["2003 Cohort", 11]], "longest_values": [["All Students", 12], ["All Students", 12], ["All Students", 12], ["All Students", 12], ["All Students", 12]], "average_length": 11.195181907571245}]}, {"column_name": "Code", "number_non_empty_cells": 4068, "number_empty_cells": 0, "number_distinct_values": 25, "frequent_values": ["39", "00", "51", "27", "11"], "dataTypes": [{"type": "INTEGER (LONG)", "count": 3781, "max_value": 65, "min_value": 0, "mean": 28.824120603015004, "stddev": 18.695587822274145}, {"type": "TEXT", "count": 287, "shortest_values": [["08X", 3], ["11X", 3], ["11X", 3], ["11X", 3], ["08X", 3]], "longest_values": [["08X", 3], ["11X", 3], ["11X", 3], ["11X", 3], ["08X", 3]], "average_length": 3.0}]}, {"column_name": "Code_Type", "number_non_empty_cells": 4068, "number_empty_cells": 0, "number_distinct_values": 4, "frequent_values": ["Graduation or Credential", "Drop Out", "Transfer", "Discharge out of NYC School"], "dataTypes": [{"type": "TEXT", "count": 4068, "shortest_values": [["Drop Out", 8], ["Drop Out", 8], ["Drop Out", 8], ["Drop Out", 8], ["Drop Out", 8]], "longest_values": [["Discharge out of NYC School", 27], ["Discharge out of NYC School", 27], ["Discharge out of NYC School", 27], ["Discharge out of NYC School", 27], ["Discharge out of NYC School", 27]], "average_length": 16.53023598820054}]}, {"column_name": "Description_of_Code", "number_non_empty_cells": 4068, "number_empty_cells": 0, "number_distinct_values": 24, "frequent_values": ["Voluntary withdrawals or discharge after 20 consecutive days of non-attendance.", "Transfer into DOE HSE High School Equivalency program", "Transfer to another DOE school or program", "Transfer to Young Adult Borough Centers (YABC), D79 or D75 programs", "High School Regents Diploma"], "dataTypes": [{"type": "TEXT", "count": 4068, "shortest_values": [["Local Diploma", 13], ["Received TASC", 13], ["Local Diploma", 13], ["Received TASC", 13], ["Local Diploma", 13]], "longest_values": [["Discharge to a non-public school, family does not move or moves within NY State - missing documentation", 103], ["Discharge to a non-public school, family does not move or moves within NY State - missing documentation", 103], ["Discharge to a non-public school, family does not move or moves within NY State - missing documentation", 103], ["Discharge to a non-public school, family does not move or moves within NY State - missing documentation", 103], ["Discharge to a non-public school, family does not move or moves within NY State - missing documentation", 103]], "average_length": 52.46878072763027}]}, {"column_name": "Count_of_Students", "number_non_empty_cells": 4068, "number_empty_cells": 0, "number_distinct_values": 456, "frequent_values": ["s", "11", "12", "10", "15"], "dataTypes": [{"type": "INTEGER (LONG)", "count": 1737, "max_value": 38766, "min_value": 10, "mean": 283.9499136442138, "stddev": 1471.669228124229}, {"type": "TEXT", "count": 2331, "shortest_values": [["s", 1], ["s", 1], ["s", 1], ["s", 1], ["s", 1]], "longest_values": [["s", 1], ["s", 1], ["s", 1], ["s", 1], ["s", 1]], "average_length": 1.0}]}, {"column_name": "Total_Enrolled_Students", "number_non_empty_cells": 4068, "number_empty_cells": 0, "number_distinct_values": 332, "frequent_values": ["s", "2084", "316941", "69337", "86086"], "dataTypes": [{"type": "INTEGER (LONG)", "count": 3966, "max_value": 316941, "min_value": 10, "mean": 9555.233736762471, "stddev": 29181.445735387115}, {"type": "TEXT", "count": 102, "shortest_values": [["s", 1], ["s", 1], ["s", 1], ["s", 1], ["s", 1]], "longest_values": [["s", 1], ["s", 1], ["s", 1], ["s", 1], ["s", 1]], "average_length": 1.0}]}]}