{"dataset_name": "/user/hm74/NYCOpenData/5zea-fjhf.tsv.gz", "columns": [{"column_name": "ProviderType", "number_non_empty_cells": 5, "number_empty_cells": 0, "number_distinct_values": 1, "frequent_values": ["GERIATRIC MENTAL HEALTH SERVICES CONTRACTS"], "dataTypes": [{"type": "TEXT", "count": 5, "shortest_values": [["GERIATRIC MENTAL HEALTH SERVICES CONTRACTS", 42], ["GERIATRIC MENTAL HEALTH SERVICES CONTRACTS", 42], ["GERIATRIC MENTAL HEALTH SERVICES CONTRACTS", 42], ["GERIATRIC MENTAL HEALTH SERVICES CONTRACTS", 42], ["GERIATRIC MENTAL HEALTH SERVICES CONTRACTS", 42]], "longest_values": [["GERIATRIC MENTAL HEALTH SERVICES CONTRACTS", 42], ["GERIATRIC MENTAL HEALTH SERVICES CONTRACTS", 42], ["GERIATRIC MENTAL HEALTH SERVICES CONTRACTS", 42], ["GERIATRIC MENTAL HEALTH SERVICES CONTRACTS", 42], ["GERIATRIC MENTAL HEALTH SERVICES CONTRACTS", 42]], "average_length": 42.0}]}, {"column_name": "DFTA ID", "number_non_empty_cells": 5, "number_empty_cells": 0, "number_distinct_values": 5, "frequent_values": ["3G101", "5G301", "4G801", "62001", "1G701"], "dataTypes": [{"type": "INTEGER (LONG)", "count": 1, "max_value": 62001, "min_value": 62001, "mean": 62001.0, "stddev": 0.0}, {"type": "TEXT", "count": 4, "shortest_values": [["1G701", 5], ["3G101", 5], ["4G801", 5], ["5G301", 5]], "longest_values": [["1G701", 5], ["3G101", 5], ["4G801", 5], ["5G301", 5]], "average_length": 5.0}]}, {"column_name": "ContractYear", "number_non_empty_cells": 5, "number_empty_cells": 0, "number_distinct_values": 1, "frequent_values": [2019], "dataTypes": [{"type": "INTEGER (LONG)", "count": 5, "max_value": 2019, "min_value": 2019, "mean": 2019.0, "stddev": 0.0}]}, {"column_name": "SponsorName", "number_non_empty_cells": 5, "number_empty_cells": 0, "number_distinct_values": 4, "frequent_values": ["WEILL MEDICAL COLLEGE OF CORNELL UNIVERSITY", "SERVICE PROGRAM FOR OLDER PEOPLE INC", "SAMUEL FIELD YM & YWHA INC", "JEWISH ASSOCIATION FOR SERVICES FOR THE AGED"], "dataTypes": [{"type": "TEXT", "count": 5, "shortest_values": [["SAMUEL FIELD YM & YWHA INC", 26], ["SERVICE PROGRAM FOR OLDER PEOPLE INC", 36], ["WEILL MEDICAL COLLEGE OF CORNELL UNIVERSITY", 43], ["WEILL MEDICAL COLLEGE OF CORNELL UNIVERSITY", 43], ["JEWISH ASSOCIATION FOR SERVICES FOR THE AGED", 44]], "longest_values": [["JEWISH ASSOCIATION FOR SERVICES FOR THE AGED", 44], ["WEILL MEDICAL COLLEGE OF CORNELL UNIVERSITY", 43], ["WEILL MEDICAL COLLEGE OF CORNELL UNIVERSITY", 43], ["SERVICE PROGRAM FOR OLDER PEOPLE INC", 36], ["SAMUEL FIELD YM & YWHA INC", 26]], "average_length": 38.4}]}, {"column_name": "ProgramName", "number_non_empty_cells": 4, "number_empty_cells": 1, "number_distinct_values": 5, "frequent_values": ["WEILL CORNELL MENTAL HEALTH", "ELDER ABUSE MULTIDISCIPLINARY TEAMS SERV", "SPOP MENTAL HEALTH", "SAMUEL FIELD MENTAL HEALTH", "JASA MENTAL HEALTH"], "dataTypes": [{"type": "TEXT", "count": 5, "shortest_values": [["JASA MENTAL HEALTH", 18], ["SPOP MENTAL HEALTH", 18], ["SAMUEL FIELD MENTAL HEALTH", 26], ["WEILL CORNELL MENTAL HEALTH", 27], ["ELDER ABUSE MULTIDISCIPLINARY TEAMS SERV", 40]], "longest_values": [["ELDER ABUSE MULTIDISCIPLINARY TEAMS SERV", 40], ["WEILL CORNELL MENTAL HEALTH", 27], ["SAMUEL FIELD MENTAL HEALTH", 26], ["JASA MENTAL HEALTH", 18], ["SPOP MENTAL HEALTH", 18]], "average_length": 25.8}]}, {"column_name": "DFTAFunded", "number_non_empty_cells": 5, "number_empty_cells": 0, "number_distinct_values": 1, "frequent_values": ["Y"], "dataTypes": [{"type": "TEXT", "count": 5, "shortest_values": [["Y", 1], ["Y", 1], ["Y", 1], ["Y", 1], ["Y", 1]], "longest_values": [["Y", 1], ["Y", 1], ["Y", 1], ["Y", 1], ["Y", 1]], "average_length": 1.0}]}, {"column_name": "BudgetPeriod", "number_non_empty_cells": 5, "number_empty_cells": 0, "number_distinct_values": 1, "frequent_values": ["07/01/2018 - 06/30/2019"], "dataTypes": [{"type": "TEXT", "count": 5, "shortest_values": [["07/01/2018 - 06/30/2019", 23], ["07/01/2018 - 06/30/2019", 23], ["07/01/2018 - 06/30/2019", 23], ["07/01/2018 - 06/30/2019", 23], ["07/01/2018 - 06/30/2019", 23]], "longest_values": [["07/01/2018 - 06/30/2019", 23], ["07/01/2018 - 06/30/2019", 23], ["07/01/2018 - 06/30/2019", 23], ["07/01/2018 - 06/30/2019", 23], ["07/01/2018 - 06/30/2019", 23]], "average_length": 23.0}]}, {"column_name": "TotalBudgetAmount", "number_non_empty_cells": 5, "number_empty_cells": 0, "number_distinct_values": 5, "frequent_values": [465800, 223878, 1517106, 330274, 309273], "dataTypes": [{"type": "INTEGER (LONG)", "count": 5, "max_value": 1517106, "min_value": 223878, "mean": 569266.2, "stddev": 480231.67022028024}]}, {"column_name": "ServicesBudgetAmount", "number_non_empty_cells": 5, "number_empty_cells": 0, "number_distinct_values": 5, "frequent_values": [465800, 223878, 1517106, 330274, 309273], "dataTypes": [{"type": "INTEGER (LONG)", "count": 5, "max_value": 1517106, "min_value": 223878, "mean": 569266.2, "stddev": 480231.67022028024}]}, {"column_name": "Equipment+OneTimePaymentAmount", "number_non_empty_cells": 5, "number_empty_cells": 0, "number_distinct_values": 1, "frequent_values": [0], "dataTypes": [{"type": "INTEGER (LONG)", "count": 5, "max_value": 0, "min_value": 0, "mean": 0.0, "stddev": 0.0}]}]}