{"dataset_name": "/user/hm74/NYCOpenData/5ziv-wcy4.tsv.gz", "columns": [{"column_name": "ID", "number_non_empty_cells": 306, "number_empty_cells": 0, "number_distinct_values": 306, "frequent_values": ["ee6c5469-bae7-4445-acd5-4b5e58b13183", "f5a0213b-9b5d-4e94-afb3-2781ba88f04d", "c42a3639-1d58-4397-905b-80c5408da677", "84a6c6a3-e3f9-4ab7-8b82-8658de9b27da", "d4b01d33-a2f9-40ac-88d8-0fef8768ad5d"], "dataTypes": [{"type": "TEXT", "count": 306, "shortest_values": [["4c4a6a0d-2a41-4ec1-a0ee-71349d7e5547", 36], ["dde9880c-a233-42c0-ad94-94c0066be958", 36], ["e65c6ba5-177a-409f-a03a-cfcb6aa14523", 36], ["0c4e5175-76ad-4462-ae6a-d7d9859340d8", 36], ["36ae103c-86c4-4229-8ecf-be4d25f700b1", 36]], "longest_values": [["4c4a6a0d-2a41-4ec1-a0ee-71349d7e5547", 36], ["dde9880c-a233-42c0-ad94-94c0066be958", 36], ["e65c6ba5-177a-409f-a03a-cfcb6aa14523", 36], ["0c4e5175-76ad-4462-ae6a-d7d9859340d8", 36], ["36ae103c-86c4-4229-8ecf-be4d25f700b1", 36]], "average_length": 36.0}]}, {"column_name": "NAME", "number_non_empty_cells": 306, "number_empty_cells": 0, "number_distinct_values": 306, "frequent_values": ["Jewish Board - Horizons", "66th Precinct, Domestic Violence Unit, New York City Police Department", "Safe Horizon - 23rd Precinct Child Trauma Response Team (CTRT)", "Safe Horizon - 78th Precinct Crime Victim Assistance Program (CVAP)", "New York City Commission on Human Rights - Brooklyn Community Service Center"], "dataTypes": [{"type": "TEXT", "count": 306, "shortest_values": [["JASA - LEAP", 11], ["Her Justice", 11], ["YWCA Brooklyn", 13], ["Garden of Hope", 14], ["HELP R.O.A.D.S", 14]], "longest_values": [["Edith and Carl Marks Jewish Community House of Bensonhurst - Family Violence Prevention Program", 95], ["Chinese-American Sunshine House - Alternative to Incarceration Programs - 58th Street Location", 94], ["Chinese-American Sunshine House - Alternative to Incarceration Programs - 5th Avenue Location", 93], ["Carter Burden Network: Community Elder Mistreatment and Prevention Program - Downtown Office", 92], ["Carter Burden Network: Community Elder Mistreatment and Prevention Program - Midtown Office", 91]], "average_length": 61.12091503267974}]}, {"column_name": "URL", "number_non_empty_cells": 0, "number_empty_cells": 306, "number_distinct_values": 1, "frequent_values": [null], "dataTypes": []}, {"column_name": "ORGRANIZATION_AND_PROGRAM_NAME", "number_non_empty_cells": 306, "number_empty_cells": 0, "number_distinct_values": 306, "frequent_values": ["Jewish Board - Horizons", "66th Precinct, Domestic Violence Unit, New York City Police Department", "Safe Horizon - 23rd Precinct Child Trauma Response Team (CTRT)", "Safe Horizon - 78th Precinct Crime Victim Assistance Program (CVAP)", "New York City Commission on Human Rights - Brooklyn Community Service Center"], "dataTypes": [{"type": "TEXT", "count": 306, "shortest_values": [["JASA - LEAP", 11], ["Her Justice", 11], ["YWCA Brooklyn", 13], ["Garden of Hope", 14], ["HELP R.O.A.D.S", 14]], "longest_values": [["Edith and Carl Marks Jewish Community House of Bensonhurst - Family Violence Prevention Program", 95], ["Chinese-American Sunshine House - Alternative to Incarceration Programs - 58th Street Location", 94], ["Chinese-American Sunshine House - Alternative to Incarceration Programs - 5th Avenue Location", 93], ["Carter Burden Network: Community Elder Mistreatment and Prevention Program - Downtown Office", 92], ["Carter Burden Network: Community Elder Mistreatment and Prevention Program - Midtown Office", 91]], "average_length": 60.89869281045752}]}, {"column_name": "ADDRESS", "number_non_empty_cells": 306, "number_empty_cells": 0, "number_distinct_values": 185, "frequent_values": ["Please Contact Organization", "30 Ralph Avenue", "211 Union Avenue", "421 Empire Boulevard", "2575 Coney Island Avenue"], "dataTypes": [{"type": "TEXT", "count": 306, "shortest_values": [["65 6 Avenue", 11], ["65 6 Avenue", 11], ["65 6 Avenue", 11], ["830 4 Avenue", 12], ["830 4 Avenue", 12]], "longest_values": [["Family Justice Center, 198 East 161 Street, 2 Floor", 51], ["Family Justice Center, 80 Centre Street, 5 Floor", 48], ["Family Justice Center, 350 Jay Street, 15 Floor", 47], ["Please Contact Organization at 1-855-234-1042", 45], ["Please Contact Organization at 1-855-234-1042", 45]], "average_length": 21.473856209150323}]}, {"column_name": "BOROUGH", "number_non_empty_cells": 278, "number_empty_cells": 28, "number_distinct_values": 6, "frequent_values": ["Brooklyn", "Manhattan", "Queens", "Bronx", "Staten Island"], "dataTypes": [{"type": "TEXT", "count": 278, "shortest_values": [["Bronx", 5], ["Bronx", 5], ["Bronx", 5], ["Bronx", 5], ["Bronx", 5]], "longest_values": [["Staten Island", 13], ["Staten Island", 13], ["Staten Island", 13], ["Staten Island", 13], ["Staten Island", 13]], "average_length": 7.794964028776976}]}, {"column_name": "ZIP", "number_non_empty_cells": 279, "number_empty_cells": 27, "number_distinct_values": 98, "frequent_values": [11201, 10451, 10301, 10035, 10457], "dataTypes": [{"type": "INTEGER (LONG)", "count": 279, "max_value": 11693, "min_value": 10001, "mean": 10707.673835125463, "stddev": 560.8012806798623}]}, {"column_name": "DISPLAY_PHYSICAL_ADDRESS", "number_non_empty_cells": 306, "number_empty_cells": 0, "number_distinct_values": 2, "frequent_values": ["Yes", "No"], "dataTypes": [{"type": "TEXT", "count": 306, "shortest_values": [["No", 2], ["No", 2], ["No", 2], ["No", 2], ["No", 2]], "longest_values": [["Yes", 3], ["Yes", 3], ["Yes", 3], ["Yes", 3], ["Yes", 3]], "average_length": 2.905228758169937}]}, {"column_name": "PHONE", "number_non_empty_cells": 306, "number_empty_cells": 0, "number_distinct_values": 237, "frequent_values": ["1-718-875-5062", "1-855-234-1042", "1-212-732-0054", "1-917-409-1261", "1-718-712-6073"], "dataTypes": [{"type": "TEXT", "count": 306, "shortest_values": [["1-718-834-3204", 14], ["1-718-943-6347", 14], ["1-212-767-2190", 14], ["1-718-262-0202", 14], ["1-212-860-6435", 14]], "longest_values": [["1-718-834-3204", 14], ["1-718-943-6347", 14], ["1-212-767-2190", 14], ["1-718-262-0202", 14], ["1-212-860-6435", 14]], "average_length": 14.0}]}, {"column_name": "FAX", "number_non_empty_cells": 45, "number_empty_cells": 261, "number_distinct_values": 36, "frequent_values": ["1-212-533-4598", "1-212-227-0851", "1-877-389-3938", "1-347-817-5719", "1-718-787-9598"], "dataTypes": [{"type": "TEXT", "count": 45, "shortest_values": [["1-718-837-5066", 14], ["1-718-499-2284", 14], ["1-718-282-5997", 14], ["1-718-451-5524", 14], ["1-347-312-2360", 14]], "longest_values": [["1-718-837-5066", 14], ["1-718-499-2284", 14], ["1-718-282-5997", 14], ["1-718-451-5524", 14], ["1-347-312-2360", 14]], "average_length": 14.0}]}, {"column_name": "TTY", "number_non_empty_cells": 138, "number_empty_cells": 168, "number_distinct_values": 4, "frequent_values": ["1-866-604-5350", "1-806-604-5350", "1-800-662-1220", null], "dataTypes": [{"type": "TEXT", "count": 138, "shortest_values": [["1-866-604-5350", 14], ["1-806-604-5350", 14], ["1-866-604-5350", 14], ["1-866-604-5350", 14], ["1-866-604-5350", 14]], "longest_values": [["1-866-604-5350", 14], ["1-806-604-5350", 14], ["1-866-604-5350", 14], ["1-866-604-5350", 14], ["1-866-604-5350", 14]], "average_length": 14.0}]}, {"column_name": "WEBSITE", "number_non_empty_cells": 299, "number_empty_cells": 7, "number_distinct_values": 62, "frequent_values": ["https://www.safehorizon.org/our-services/information-and-options/crime-victim-assistance-program/", "https://www1.nyc.gov/site/nypd/bureaus/patrol/precincts-landing.page", "https://www.legalaidnyc.org/civil", "https://www.safehorizon.org/", "https://www1.nyc.gov/site/cchr/index.page"], "dataTypes": [{"type": "TEXT", "count": 299, "shortest_values": [["http://dwdc.org/", 16], ["http://kafsc.org/", 17], ["http://www.tpny.org", 19], ["http://www.gohny.org", 20], ["https://www.caeny.org", 21]], "longest_values": [["http://www.mountsinai.org/patient-care/service-areas/community-medicine/areas-of-care/sexual-assault-and-violence-intervention-program-savi", 139], ["https://www.safehorizon.org/our-services/information-and-options/crime-victim-assistance-program/", 97], ["https://www.safehorizon.org/our-services/information-and-options/crime-victim-assistance-program/", 97], ["https://www.safehorizon.org/our-services/information-and-options/crime-victim-assistance-program/", 97], ["https://www.safehorizon.org/our-services/information-and-options/crime-victim-assistance-program/", 97]], "average_length": 67.9765886287625}]}, {"column_name": "HOTLINE_PHONE", "number_non_empty_cells": 169, "number_empty_cells": 137, "number_distinct_values": 27, "frequent_values": ["1-800-621-4673", "1-718-875-5062", "1-888-888-7702", "1-212-533-4358", "1-917-661-4500"], "dataTypes": [{"type": "TEXT", "count": 169, "shortest_values": [["1-800-621-4673", 14], ["1-800-621-4673", 14], ["1-800-621-4673", 14], ["1-800-621-4673", 14], ["1-800-621-4673", 14]], "longest_values": [["1-800-621-4673", 14], ["1-800-621-4673", 14], ["1-800-621-4673", 14], ["1-800-621-4673", 14], ["1-800-621-4673", 14]], "average_length": 14.0}]}, {"column_name": "HOTLINE_HOURS", "number_non_empty_cells": 171, "number_empty_cells": 135, "number_distinct_values": 4, "frequent_values": ["24/7", "Mon - Fri: 9:00 AM - 5:00 PM", "Other", null], "dataTypes": [{"type": "TEXT", "count": 171, "shortest_values": [["24/7", 4], ["24/7", 4], ["24/7", 4], ["24/7", 4], ["24/7", 4]], "longest_values": [["Mon - Fri: 9:00 AM - 5:00 PM", 28], ["Mon - Fri: 9:00 AM - 5:00 PM", 28], ["Mon - Fri: 9:00 AM - 5:00 PM", 28], ["Mon - Fri: 9:00 AM - 5:00 PM", 28], ["Mon - Fri: 9:00 AM - 5:00 PM", 28]], "average_length": 5.871345029239765}]}, {"column_name": "HOTLINE_HOURS_(OTHER)", "number_non_empty_cells": 6, "number_empty_cells": 300, "number_distinct_values": 7, "frequent_values": ["Mon: 9:00 AM - 6:00 PM; Tues - Thurs: 9:00 AM - 8:00 PM; Fri: 9:00 AM - 6:00 PM", "Mon - Thur: 9:00 AM - 10:00 PM; Fri: 9:00 AM - 12:00 PM; Sun: 9:00 AM - 12:00 PM", "Tues: 9:00 AM - 3:00 PM", "Mon - Fri: 10:00 AM - 6:00 PM", "Tues: 10:00 AM - 2:00 PM"], "dataTypes": [{"type": "TEXT", "count": 6, "shortest_values": [["Tues: 9:00 AM - 3:00 PM", 23], ["Tues: 10:00 AM - 2:00 PM", 24], ["Mon - Fri: 10:00 AM - 6:00 PM", 29], ["Mon - Thurs: 9:00 AM - 5:00 PM; Fri: 9:00 AM - 1:00 PM", 54], ["Mon: 9:00 AM - 6:00 PM; Tues - Thurs: 9:00 AM - 8:00 PM; Fri: 9:00 AM - 6:00 PM", 79]], "longest_values": [["Mon - Thur: 9:00 AM - 10:00 PM; Fri: 9:00 AM - 12:00 PM; Sun: 9:00 AM - 12:00 PM", 80], ["Mon: 9:00 AM - 6:00 PM; Tues - Thurs: 9:00 AM - 8:00 PM; Fri: 9:00 AM - 6:00 PM", 79], ["Mon - Thurs: 9:00 AM - 5:00 PM; Fri: 9:00 AM - 1:00 PM", 54], ["Mon - Fri: 10:00 AM - 6:00 PM", 29], ["Tues: 10:00 AM - 2:00 PM", 24]], "average_length": 48.166666666666664}]}, {"column_name": "PROGRAM_HOURS", "number_non_empty_cells": 303, "number_empty_cells": 3, "number_distinct_values": 4, "frequent_values": ["Other", "24/7", "Mon - Fri: 9:00 AM - 5:00 PM", null], "dataTypes": [{"type": "TEXT", "count": 303, "shortest_values": [["24/7", 4], ["24/7", 4], ["24/7", 4], ["24/7", 4], ["24/7", 4]], "longest_values": [["Mon - Fri: 9:00 AM - 5:00 PM", 28], ["Mon - Fri: 9:00 AM - 5:00 PM", 28], ["Mon - Fri: 9:00 AM - 5:00 PM", 28], ["Mon - Fri: 9:00 AM - 5:00 PM", 28], ["Mon - Fri: 9:00 AM - 5:00 PM", 28]], "average_length": 9.924092409240926}]}, {"column_name": "PROGRAM_HOURS_(OTHER)", "number_non_empty_cells": 148, "number_empty_cells": 158, "number_distinct_values": 35, "frequent_values": ["Mon - Fri: 8:00 AM - 4:00 PM", "Mon - Fri: 12:00 PM - 8:00 PM", "Mon. through Fri. 12:00 PM - 8:00 PM", "Mon. through Fri. 8:00 AM - 4:00 PM", "Closed for Lunch 1:00 PM - 2:00 PM"], "dataTypes": [{"type": "TEXT", "count": 148, "shortest_values": [["Mon - Fri: 8:00 AM - 4:00 PM", 28], ["Mon - Fri: 9:00 AM - 8:00 PM", 28], ["Mon - Fri 10:00 AM - 6:00 PM", 28], ["Mon - Fri: 8:00 AM - 4:00 PM", 28], ["Mon - Fri: 8:00 AM - 4:00 PM", 28]], "longest_values": [["Mon: 8:30 AM - 8:00 PM; Tues: Fri: 8:30 AM - 9:00 PM; Sat: 9:00 AM - 3:00 PM; Sun: 12:00 PM - 3:00 PM", 101], ["Mon - Tues: 9:00 AM - 5:00 PM; Wed: 9:00 AM - 7:00 PM; Thurs - Fri: 9:00 AM - 5:00 PM", 85], ["Mon. 9:00 AM - 5:00 PM; Tues. through Fri. 12:00 PM - 8:00 PM; Sat. 9:00 AM - 5:00 PM", 85], ["Mon - Fri: 10:00 AM - 7:30 PM; Sat: 10:00 AM - 5:00 PM; Sun: 10:00 AM - 2:00 PM", 79], ["Mon: 9:00 AM - 6:00 PM; Tues - Thurs: 9:00 AM - 8:00 PM; Fri: 9:00 AM - 6:00 PM", 79]], "average_length": 35.19594594594596}]}, {"column_name": "BOROUGHS_SERVED", "number_non_empty_cells": 306, "number_empty_cells": 0, "number_distinct_values": 11, "frequent_values": ["Brooklyn", "Manhattan", "Queens", "Bronx", "Brooklyn;Bronx;Manhattan;Queens;Staten Island"], "dataTypes": [{"type": "TEXT", "count": 306, "shortest_values": [["Bronx", 5], ["Bronx", 5], ["Bronx", 5], ["Bronx", 5], ["Bronx", 5]], "longest_values": [["Brooklyn;Bronx;Manhattan;Queens;Staten Island", 45], ["Brooklyn;Bronx;Manhattan;Queens;Staten Island", 45], ["Brooklyn;Bronx;Manhattan;Queens;Staten Island", 45], ["Brooklyn;Bronx;Manhattan;Queens;Staten Island", 45], ["Brooklyn;Bronx;Manhattan;Queens;Staten Island", 45]], "average_length": 12.294117647058819}]}, {"column_name": "LANGUAGE_INTERPRETATION_SVCS", "number_non_empty_cells": 306, "number_empty_cells": 0, "number_distinct_values": 2, "frequent_values": ["Yes", "No"], "dataTypes": [{"type": "TEXT", "count": 306, "shortest_values": [["No", 2], ["No", 2], ["No", 2], ["No", 2], ["No", 2]], "longest_values": [["Yes", 3], ["Yes", 3], ["Yes", 3], ["Yes", 3], ["Yes", 3]], "average_length": 2.964052287581701}]}, {"column_name": "LANGUAGE_SVCS", "number_non_empty_cells": 219, "number_empty_cells": 87, "number_distinct_values": 50, "frequent_values": ["English;Spanish", "English", "Albanian;American Sign Language (ASL);Arabic;Bengali;Chinese;English;French;Haitian Creole;Hindi;Korean;Polish;Russian;Spanish;Urdu", "English;French;Spanish", "English;Spanish;Other"], "dataTypes": [{"type": "TEXT", "count": 219, "shortest_values": [["Other", 5], ["Other", 5], ["Other", 5], ["Other", 5], ["Other", 5]], "longest_values": [["Albanian;American Sign Language (ASL);Arabic;Bengali;Chinese;English;French;Haitian Creole;Hindi;Korean;Polish;Russian;Spanish;Urdu", 131], ["Albanian;American Sign Language (ASL);Arabic;Bengali;Chinese;English;French;Haitian Creole;Hindi;Korean;Polish;Russian;Spanish;Urdu", 131], ["Albanian;American Sign Language (ASL);Arabic;Bengali;Chinese;English;French;Haitian Creole;Hindi;Korean;Polish;Russian;Spanish;Urdu", 131], ["Albanian;American Sign Language (ASL);Arabic;Bengali;Chinese;English;French;Haitian Creole;Hindi;Korean;Polish;Russian;Spanish;Urdu", 131], ["Albanian;American Sign Language (ASL);Arabic;Bengali;Chinese;English;French;Haitian Creole;Hindi;Korean;Polish;Russian;Spanish;Urdu", 131]], "average_length": 28.703196347031966}]}, {"column_name": "LANGUAGE_(OTHER)", "number_non_empty_cells": 25, "number_empty_cells": 281, "number_distinct_values": 16, "frequent_values": ["Bahasa Indonesia; Chinese: Fujian/Fukien/Foukien/Mandarin/Taishanese/Toisanese; Gujarati; Japanese; Lao; Nepali; Punjabi; Sinhala; Tagalog; Taiwanese; Thai; Tibetan; Vietnamese: Visayan/Bisayan/Bisaya; Shanghainese; Saraiki", "Wolof", "Punjabi", "African", "Mandingo"], "dataTypes": [{"type": "TEXT", "count": 25, "shortest_values": [["Wolof", 5], ["Wolof", 5], ["Wolof", 5], ["Wolof", 5], ["Hebrew", 6]], "longest_values": [["Bahasa Indonesia; Chinese: Fujian/Fukien/Foukien/Mandarin/Taishanese/Toisanese; Gujarati; Japanese; Lao; Nepali; Punjabi; Sinhala; Tagalog; Taiwanese; Thai; Tibetan; Vietnamese: Visayan/Bisayan/Bisaya; Shanghainese; Saraiki", 223], ["Bahasa Indonesia; Chinese: Fujian/Fukien/Foukien/Mandarin/Taishanese/Toisanese; Gujarati; Japanese; Lao; Nepali; Punjabi; Sinhala; Tagalog; Taiwanese; Thai; Tibetan; Vietnamese: Visayan/Bisayan/Bisaya; Shanghainese; Saraiki", 223], ["Bahasa Indonesia; Chinese: Fujian/Fukien/Foukien/Mandarin/Taishanese/Toisanese; Gujarati; Japanese; Lao; Nepali; Punjabi; Sinhala; Tagalog; Taiwanese; Thai; Tibetan; Vietnamese: Visayan/Bisayan/Bisaya; Shanghainese; Saraiki", 223], ["Bahasa Indonesia; Chinese: Fujian/Fukien/Foukien/Mandarin/Taishanese/Toisanese; Gujarati; Japanese; Lao; Nepali; Punjabi; Sinhala; Tagalog; Taiwanese; Thai; Tibetan; Vietnamese: Visayan/Bisayan/Bisaya; Shanghainese; Saraiki", 223], ["Cantonese; French Creole; Mandarin; Pelegue; Yiddish", 52]], "average_length": 47.32}]}, {"column_name": "WHEELCHAIR_ACCESS", "number_non_empty_cells": 306, "number_empty_cells": 0, "number_distinct_values": 2, "frequent_values": ["Yes", "No"], "dataTypes": [{"type": "TEXT", "count": 306, "shortest_values": [["No", 2], ["No", 2], ["No", 2], ["No", 2], ["No", 2]], "longest_values": [["Yes", 3], ["Yes", 3], ["Yes", 3], ["Yes", 3], ["Yes", 3]], "average_length": 2.9738562091503264}]}, {"column_name": "FEE_SVC", "number_non_empty_cells": 306, "number_empty_cells": 0, "number_distinct_values": 2, "frequent_values": ["No", "Yes"], "dataTypes": [{"type": "TEXT", "count": 306, "shortest_values": [["No", 2], ["No", 2], ["No", 2], ["No", 2], ["No", 2]], "longest_values": [["Yes", 3], ["Yes", 3], ["Yes", 3], ["Yes", 3], ["Yes", 3]], "average_length": 2.016339869281043}]}, {"column_name": "SPECIALIZED_SVCS", "number_non_empty_cells": 306, "number_empty_cells": 0, "number_distinct_values": 72, "frequent_values": ["Survivors of Sexual Assault and DV;Trafficking Survivors;Elder Abuse Survivors;Stalking Survivors;Survivors of Teen Dating Violence;Other", "Survivors of Sexual Assault and DV;Child Witnesses to DV;LGBTQ;Men;Immigrants;Trafficking Survivors;Elder Abuse Survivors;Stalking Survivors;Survivors of Teen Dating Violence;People with Disabilities;Teenagers;Other", "Survivors of Sexual Assault and DV;Child Witnesses to DV;LGBTQ;Men;Immigrants;Trafficking Survivors;Elder Abuse Survivors;Stalking Survivors;Survivors of Teen Dating Violence;People with Disabilities;Teenagers", "Other", "Survivors of Sexual Assault and DV;People with HIV/AIDS;LGBTQ;Men;Immigrants;People with Substance Abuse Issues;Trafficking Survivors;Elder Abuse Survivors;Stalking Survivors;Survivors of Teen Dating Violence;People with Disabilities"], "dataTypes": [{"type": "TEXT", "count": 306, "shortest_values": [["Other", 5], ["Other", 5], ["Other", 5], ["Other", 5], ["Other", 5]], "longest_values": [["Survivors of Sexual Assault and DV;Child Witnesses to DV;People with HIV/AIDS;LGBTQ;Men;Immigrants;People with Substance Abuse Issues;Trafficking Survivors;Elder Abuse Survivors;Stalking Survivors;Survivors of Teen Dating Violence;People with Disabilities;Teenagers", 265], ["Survivors of Sexual Assault and DV;Child Witnesses to DV;LGBTQ;Men;Immigrants;Trafficking Survivors;Elder Abuse Survivors;Stalking Survivors;Survivors of Teen Dating Violence;People with Disabilities; Children at Risk of Abuse/Neglect;Teenagers;Other", 250], ["Survivors of Sexual Assault and DV;Child Witnesses to DV;LGBTQ;Men;Immigrants;People with Substance Abuse Issues;Trafficking Survivors;Elder Abuse Survivors;Stalking Survivors;Survivors of Teen Dating Violence;People with Disabilities;Teenagers;Other", 250], ["Survivors of Sexual Assault and DV;People with HIV/AIDS;LGBTQ;Men;Immigrants;People with Substance Abuse Issues;Trafficking Survivors;Elder Abuse Survivors;Stalking Survivors;Survivors of Teen Dating Violence;People with Disabilities", 233], ["Survivors of Sexual Assault and DV;People with HIV/AIDS;LGBTQ;Men;Immigrants;People with Substance Abuse Issues;Trafficking Survivors;Elder Abuse Survivors;Stalking Survivors;Survivors of Teen Dating Violence;People with Disabilities", 233]], "average_length": 153.9411764705882}]}, {"column_name": "OTHER_SPECIALIZED_SVCS", "number_non_empty_cells": 176, "number_empty_cells": 130, "number_distinct_values": 18, "frequent_values": ["Survivors of All Crime", "Child Survivors of Physical Abuse; Child Survivors of Sexual Abuse", "The New York City Commission on Human Rights is charged with the enforcement of the Human Rights Law of the City of New York, and with educating the public and encouraging positive community relations. The Commission is divided into two major bureaus -- Law Enforcement and Community Relations: (1) The Law Enforcement Bureau is responsible for the intake, investigation, and prosecution of complaints alleging violations of the Law; and (2) The Community Relations Bureau provides public education about the Human Rights Law and helps cultivate understanding and respect among the City\u00e2\u0080\u0099s many diverse communities through its borough-based Community Service Centers and numerous educational and outreach programs.", "Court Referred Supervised Visits", "Services for survivors of all types of crime"], "dataTypes": [{"type": "TEXT", "count": 178, "shortest_values": [["Veterans", 8], ["Survivors All Crime", 19], ["Survivors of All Crime", 22], ["Survivors of All Crime", 22], ["Survivors of All Crime", 22]], "longest_values": [["The New York City Commission on Human Rights is charged with the enforcement of the Human Rights Law of the City of New York, and with educating the public and encouraging positive community relations. The Commission is divided into two major bureaus -- Law Enforcement and Community Relations: (1) The Law Enforcement Bureau is responsible for the intake, investigation, and prosecution of complaints alleging violations of the Law; and (2) The Community Relations Bureau provides public education about the Human Rights Law and helps cultivate understanding and respect among the City\u00e2\u0080\u0099s many diverse communities through its borough-based Community Service Centers and numerous educational and outreach programs.", 715], ["The New York City Commission on Human Rights is charged with the enforcement of the Human Rights Law of the City of New York, and with educating the public and encouraging positive community relations. The Commission is divided into two major bureaus -- Law Enforcement and Community Relations: (1) The Law Enforcement Bureau is responsible for the intake, investigation, and prosecution of complaints alleging violations of the Law; and (2) The Community Relations Bureau provides public education about the Human Rights Law and helps cultivate understanding and respect among the City\u00e2\u0080\u0099s many diverse communities through its borough-based Community Service Centers and numerous educational and outreach programs.", 715], ["The New York City Commission on Human Rights is charged with the enforcement of the Human Rights Law of the City of New York, and with educating the public and encouraging positive community relations. The Commission is divided into two major bureaus -- Law Enforcement and Community Relations: (1) The Law Enforcement Bureau is responsible for the intake, investigation, and prosecution of complaints alleging violations of the Law; and (2) The Community Relations Bureau provides public education about the Human Rights Law and helps cultivate understanding and respect among the City\u00e2\u0080\u0099s many diverse communities through its borough-based Community Service Centers and numerous educational and outreach programs.", 715], ["The New York City Commission on Human Rights is charged with the enforcement of the Human Rights Law of the City of New York, and with educating the public and encouraging positive community relations. The Commission is divided into two major bureaus -- Law Enforcement and Community Relations: (1) The Law Enforcement Bureau is responsible for the intake, investigation, and prosecution of complaints alleging violations of the Law; and (2) The Community Relations Bureau provides public education about the Human Rights Law and helps cultivate understanding and respect among the City\u00e2\u0080\u0099s many diverse communities through its borough-based Community Service Centers and numerous educational and outreach programs.", 715], ["The New York City Commission on Human Rights is charged with the enforcement of the Human Rights Law of the City of New York, and with educating the public and encouraging positive community relations. The Commission is divided into two major bureaus -- Law Enforcement and Community Relations: (1) The Law Enforcement Bureau is responsible for the intake, investigation, and prosecution of complaints alleging violations of the Law; and (2) The Community Relations Bureau provides public education about the Human Rights Law and helps cultivate understanding and respect among the City\u00e2\u0080\u0099s many diverse communities through its borough-based Community Service Centers and numerous educational and outreach programs.", 715]], "average_length": 46.831460674157306}]}, {"column_name": "SVCS_PROVIDED", "number_non_empty_cells": 219, "number_empty_cells": 87, "number_distinct_values": 73, "frequent_values": ["Community Education;Court/Police Accompaniment;Crisis Counseling;General Domestic Violence Services;Elder Abuse Services;Emergency Assistance/Transportation;Lock Replacement;Sexual Assault Services;Services for Stalking Survivors;Shelter Assistance/Housing Assistance", "Civil Legal Services;Immigration Legal Services;Family Court Legal Services;Community Education", "Community Education;Crisis Counseling;Other", "Community Education;Crisis Counseling;General Domestic Violence Services;Elder Abuse Services;Emergency Assistance/Transportation;Lock Replacement;Sexual Assault Services;Services for Stalking Survivors;Shelter Assistance/Housing Assistance", "Civil Legal Services;Community Education;General Domestic Violence Services;Public Assistance;Services for Stalking Survivors;Trafficking Victim Services"], "dataTypes": [{"type": "TEXT", "count": 219, "shortest_values": [["Other", 5], ["Crisis Counseling", 17], ["Community Education", 19], ["Civil Legal Services", 20], ["Health Services;Other", 21]], "longest_values": [["Civil Legal Services;Community Education;Court/Police Accompaniment;Crisis Counseling;General Domestic Violence Services;Elder Abuse Services;English as a Second Language Classes;Emergency Assistance/Transportation;Healing Arts/Theatre Programs;Job Training;Long Term Counseling;Lock Replacement;Play Therapy;Public Assistance;Sexual Assault Services;Services for Stalking Survivors;Teen Dating Survivor Services;Trafficking Victim Services;Shelter Assistance/Housing Assistance", 478], ["Civil Legal Services;Community Education;Court/Police Accompaniment;Crisis Counseling;General Domestic Violence Services;Elder Abuse Services;English as a Second Language Classes;Emergency Assistance/Transportation;Healing Arts/Theatre Programs;Job Training;Long Term Counseling;Play Therapy;Sexual Assault Services;Services for Stalking Survivors;Teen Dating Survivor Services;Trafficking Victim Services;Shelter Assistance/Housing Assistance", 443], ["Community Education;Court/Police Accompaniment;Crisis Counseling;General Domestic Violence Services;English as a Second Language Classes;Emergency Assistance/Transportation;Healing Arts/Theatre Programs;Job Training;Long Term Counseling;Lock Replacement;Play Therapy;Sexual Assault Services;Services for Stalking Survivors;Teen Dating Survivor Services;Trafficking Victim Services;Shelter Assistance/Housing Assistance", 418], ["Civil Legal Services;Community Education;Court/Police Accompaniment;Crisis Counseling;General Domestic Violence Services;Elder Abuse Services;English as a Second Language Classes;Emergency Assistance/Transportation;Long Term Counseling;Play Therapy;Public Assistance;Sexual Assault Services;Services for Stalking Survivors;Teen Dating Survivor Services;Trafficking Victim Services;Shelter Assistance/Housing Assistance", 418], ["Civil Legal Services;Community Education;Crisis Counseling;General Domestic Violence Services;English as a Second Language Classes;Healing Arts/Theatre Programs;Job Training;Long Term Counseling;Play Therapy;Sexual Assault Services;Services for Stalking Survivors;Teen Dating Survivor Services;Trafficking Victim Services;Shelter Assistance/Housing Assistance", 359]], "average_length": 220.16894977168948}]}, {"column_name": "OTHER_SVCS_PROVIDED", "number_non_empty_cells": 10, "number_empty_cells": 296, "number_distinct_values": 6, "frequent_values": ["Referrals only from Administration for Children Services, the District Attorney's Office, and New York City Police Department. No self-referrals.", "Supervised visits and exchanges", "Case Management; Entitlements and Benefits Assistance", "Supervised Visits/Exchanges", "Primary Health Care; Pediatrics/Adolescent; Women's Health; Behavioral Health; Dental Health; Optometry"], "dataTypes": [{"type": "TEXT", "count": 10, "shortest_values": [["Supervised Visits/Exchanges", 27], ["Supervised visits and exchanges", 31], ["Supervised visits and exchanges", 31], ["Case Management; Entitlements and Benefits Assistance", 53], ["Primary Health Care; Pediatrics/Adolescent; Women's Health; Behavioral Health; Dental Health; Optometry", 103]], "longest_values": [["Referrals only from Administration for Children Services, the District Attorney's Office, and New York City Police Department. No self-referrals.", 145], ["Referrals only from Administration for Children Services, the District Attorney's Office, and New York City Police Department. No self-referrals.", 145], ["Referrals only from Administration for Children Services, the District Attorney's Office, and New York City Police Department. No self-referrals.", 145], ["Referrals only from Administration for Children Services, the District Attorney's Office, and New York City Police Department. No self-referrals.", 145], ["Referrals only from Administration for Children Services, the District Attorney's Office, and New York City Police Department. No self-referrals.", 145]], "average_length": 97.0}]}, {"column_name": "LATITUDE", "number_non_empty_cells": 252, "number_empty_cells": 54, "number_distinct_values": 149, "frequent_values": [40.690304, 40.822359, 40.837837, 40.869473, 40.840712], "dataTypes": [{"type": "REAL", "count": 252, "max_value": 40.887306, "min_value": 40.512, "mean": 40.729524333333345, "stddev": 0.07988442700194237}]}, {"column_name": "LONGITUDE", "number_non_empty_cells": 252, "number_empty_cells": 54, "number_distinct_values": 149, "frequent_values": [-73.974474, -73.952465, -73.983271, -73.870004, -73.84727], "dataTypes": [{"type": "REAL", "count": 252, "max_value": -73.734788, "min_value": -74.249725, "mean": -73.94061077777783, "stddev": 0.07759889851000729}]}, {"column_name": "COMMUNITY_BOARD", "number_non_empty_cells": 252, "number_empty_cells": 54, "number_distinct_values": 19, "frequent_values": [1, 2, 12, 6, 4], "dataTypes": [{"type": "INTEGER (LONG)", "count": 252, "max_value": 18, "min_value": 1, "mean": 6.781746031746032, "stddev": 4.585603780391217}]}, {"column_name": "COUNCIL_DISTRICT", "number_non_empty_cells": 252, "number_empty_cells": 54, "number_distinct_values": 50, "frequent_values": [49, 33, 35, 1, 9], "dataTypes": [{"type": "INTEGER (LONG)", "count": 252, "max_value": 51, "min_value": 1, "mean": 23.952380952380942, "stddev": 15.492372492364646}]}, {"column_name": "CENSUS_TRACT", "number_non_empty_cells": 252, "number_empty_cells": 54, "number_distinct_values": 119, "frequent_values": [9, 3, 165, 39, 7], "dataTypes": [{"type": "INTEGER (LONG)", "count": 252, "max_value": 122702, "min_value": 3, "mean": 4429.337301587302, "stddev": 16316.770578774298}]}, {"column_name": "BIN", "number_non_empty_cells": 245, "number_empty_cells": 61, "number_distinct_values": 144, "frequent_values": [2097742, 3055379, 4088186, 1059240, 5165197], "dataTypes": [{"type": "INTEGER (LONG)", "count": 245, "max_value": 5165197, "min_value": 1000000, "mean": 2723172.8204081636, "stddev": 1316950.8189858661}]}, {"column_name": "BBL", "number_non_empty_cells": 245, "number_empty_cells": 61, "number_distinct_values": 145, "frequent_values": [1021120010, 1010440038, 4032340022, 3006680029, 1018550005], "dataTypes": [{"type": "INTEGER (LONG)", "count": 245, "max_value": 5080280056, "min_value": 1000220017, "mean": 2655587535.379591, "stddev": 1283678902.221563}]}, {"column_name": "NTA", "number_non_empty_cells": 252, "number_empty_cells": 54, "number_distinct_values": 93, "frequent_values": ["West New Brighton-New Brighton-St. George", "DUMBO-Vinegar Hill-Downtown Brooklyn-Boerum Hill", "Jamaica", "East Harlem North", "Upper West Side"], "dataTypes": [{"type": "TEXT", "count": 252, "shortest_values": [["Clinton", 7], ["Jamaica", 7], ["Jamaica", 7], ["Bedford", 7], ["Norwood", 7]], "longest_values": [["Mariner's Harbor-Arlington-Port Ivory-Graniteville", 50], ["Mariner's Harbor-Arlington-Port Ivory-Graniteville", 50], ["Mariner's Harbor-Arlington-Port Ivory-Graniteville", 50], ["DUMBO-Vinegar Hill-Downtown Brooklyn-Boerum Hill", 48], ["DUMBO-Vinegar Hill-Downtown Brooklyn-Boerum Hill", 48]], "average_length": 20.936507936507937}]}]}