{"dataset_name": "/user/hm74/NYCOpenData/62mr-ukqs.tsv.gz", "columns": [{"column_name": "BROOKLYN_\u2013_COOPERATIVES_COMPARABLE_PROPERTIES_\u2013_Boro-Block-Lot", "number_non_empty_cells": 6672, "number_empty_cells": 0, "number_distinct_values": 2157, "frequent_values": ["Brooklyn, NY", "(42.433188999772, -78.748646000413)\"", "(40.609047457105, -73.914120999897)\"", "(40.661320254035, -73.961214173092)\"", "(40.631225672155, -73.993284116546)\""], "dataTypes": [{"type": "TEXT", "count": 6672, "shortest_values": [["3-00974-0053", 12], ["Brooklyn, NY", 12], ["Brooklyn, NY", 12], ["Brooklyn, NY", 12], ["3-05925-0053", 12]], "longest_values": [["(42.433188999772, -78.748646000413)\"", 36], ["(40.687235413334, -73.995769680743)\"", 36], ["(40.666025125879, -73.977950480151)\"", 36], ["(42.433188999772, -78.748646000413)\"", 36], ["(42.433188999772, -78.748646000413)\"", 36]], "average_length": 22.207134292565904}]}, {"column_name": "BROOKLYN_\u2013_COOPERATIVES_COMPARABLE_PROPERTIES_\u2013_Address", "number_non_empty_cells": 3807, "number_empty_cells": 2865, "number_distinct_values": 1009, "frequent_values": ["3", "OCEAN PARKWAY-SOUTH", "BAY RIDGE", "CROWN HEIGHTS", "MILL BASIN"], "dataTypes": [{"type": "INTEGER (LONG)", "count": 960, "max_value": 3, "min_value": 3, "mean": 3.0, "stddev": 0.0}, {"type": "TEXT", "count": 2856, "shortest_values": [["GOWANUS", 7], ["MADISON", 7], ["MIDWOOD", 7], ["GOWANUS", 7], ["MIDWOOD", 7]], "longest_values": [["1120 BRIGHTON BEACH AVENU", 25], ["1150 BRIGHTON BEACH AVENU", 25], ["FLATBUSH-LEFFERTS GARDEN", 24], ["FLATBUSH-LEFFERTS GARDEN", 24], ["FLATBUSH-LEFFERTS GARDEN", 24]], "average_length": 14.66106442577031}]}, {"column_name": "Borough", "number_non_empty_cells": 2619, "number_empty_cells": 4053, "number_distinct_values": 49, "frequent_values": ["D1-ELEVATOR", "C1-WALK-UP", "D9-ELEVATOR", "C7-WALK-UP", "11201"], "dataTypes": [{"type": "INTEGER (LONG)", "count": 723, "max_value": 11249, "min_value": 11201, "mean": 11219.047026279399, "stddev": 12.094624682287149}, {"type": "TEXT", "count": 1896, "shortest_values": [["C1-WALK-UP", 10], ["C1-WALK-UP", 10], ["C1-WALK-UP", 10], ["C1-WALK-UP", 10], ["C1-WALK-UP", 10]], "longest_values": [["D1-ELEVATOR", 11], ["D1-ELEVATOR", 11], ["D1-ELEVATOR", 11], ["D9-ELEVATOR", 11], ["D1-ELEVATOR", 11]], "average_length": 10.585443037974692}]}, {"column_name": "Postcode", "number_non_empty_cells": 2619, "number_empty_cells": 4053, "number_distinct_values": 817, "frequent_values": [16.0, 35.0, 98.0, 11.0, 20.0], "dataTypes": [{"type": "REAL", "count": 2619, "max_value": 780.0, "min_value": 11.0, "mean": 60.43419264872089, "stddev": 65.26087183108977}]}, {"column_name": "Latitude", "number_non_empty_cells": 2619, "number_empty_cells": 4053, "number_distinct_values": 770, "frequent_values": [1931.0, 2000.0, 1920.0, 1930.0, 1905.0], "dataTypes": [{"type": "REAL", "count": 2619, "max_value": 2004.0, "min_value": -74.040671, "mean": 1381.7587951282935, "stddev": 899.221880634985}]}, {"column_name": "Longitude", "number_non_empty_cells": 2619, "number_empty_cells": 4053, "number_distinct_values": 438, "frequent_values": [107569, 25075, 2, 8, 10], "dataTypes": [{"type": "INTEGER (LONG)", "count": 2619, "max_value": 537200, "min_value": 1, "mean": 46482.108820160385, "stddev": 69151.21979190162}]}, {"column_name": "Community_Board", "number_non_empty_cells": 2619, "number_empty_cells": 4053, "number_distinct_values": 480, "frequent_values": [4433111, 379025, 39, 35, 33], "dataTypes": [{"type": "INTEGER (LONG)", "count": 2619, "max_value": 6855305, "min_value": 33, "mean": 780869.7961053841, "stddev": 1247962.6619098524}]}, {"column_name": "Council_District_", "number_non_empty_cells": 2619, "number_empty_cells": 4053, "number_distinct_values": 647, "frequent_values": [41.2, 15.12, 16.83, 15.98, 13.14], "dataTypes": [{"type": "REAL", "count": 2619, "max_value": 114202.0, "min_value": 1.0, "mean": 1468.9109927453217, "stddev": 8561.528517366532}]}, {"column_name": "Census_Tract", "number_non_empty_cells": 2609, "number_empty_cells": 4063, "number_distinct_values": 1046, "frequent_values": [22300000, 1070000, 1460000, 520000, 5550000], "dataTypes": [{"type": "INTEGER (LONG)", "count": 2609, "max_value": 34500000, "min_value": 202000, "mean": 3985010.6055960124, "stddev": 5217890.016543841}]}, {"column_name": "BIN", "number_non_empty_cells": 2609, "number_empty_cells": 4063, "number_distinct_values": 919, "frequent_values": [42.7, 207.0, 65.0, 68.0, 66.0], "dataTypes": [{"type": "REAL", "count": 2609, "max_value": 3088210010.0, "min_value": 16.83, "mean": 830208733.6432936, "stddev": 1353899437.7540486}]}, {"column_name": "BBL", "number_non_empty_cells": 2619, "number_empty_cells": 4053, "number_distinct_values": 175, "frequent_values": ["Brooklyn Heights-Cobble Hill                                               ", "0.3", "Bay Ridge                                                                  ", "0.45", "0.2"], "dataTypes": [{"type": "INTEGER (LONG)", "count": 129, "max_value": 8, "min_value": 0, "mean": 1.550387596899226, "stddev": 1.734113898381344}, {"type": "REAL", "count": 1767, "max_value": 9.2, "min_value": 0.05, "mean": 1.6513299377475963, "stddev": 1.5059135225617164}, {"type": "TEXT", "count": 723, "shortest_values": [["Bay Ridge                                                                  ", 75], ["Ocean Parkway South                                                        ", 75], ["Kensington-Ocean Parkway                                                   ", 75], ["Park Slope-Gowanus                                                         ", 75], ["Park Slope-Gowanus                                                         ", 75]], "longest_values": [["Bay Ridge                                                                  ", 75], ["Ocean Parkway South                                                        ", 75], ["Kensington-Ocean Parkway                                                   ", 75], ["Park Slope-Gowanus                                                         ", 75], ["Park Slope-Gowanus                                                         ", 75]], "average_length": 75.0}]}, {"column_name": "NTA", "number_non_empty_cells": 1893, "number_empty_cells": 4779, "number_distinct_values": 348, "frequent_values": ["3-08470-1018", "BAY RIDGE", "BROOKLYN HEIGHTS", "PARK SLOPE", "3-05024-0063"], "dataTypes": [{"type": "TEXT", "count": 1896, "shortest_values": [["MIDWOOD", 7], ["MADISON", 7], ["MIDWOOD", 7], ["MIDWOOD", 7], ["MADISON", 7]], "longest_values": [["FLATBUSH-LEFFERTS GARDEN", 24], ["FLATBUSH-LEFFERTS GARDEN", 24], ["FLATBUSH-LEFFERTS GARDEN", 24], ["FLATBUSH-LEFFERTS GARDEN", 24], ["FLATBUSH-LEFFERTS GARDEN", 24]], "average_length": 12.575421940928258}]}, {"column_name": "BROOKLYN_\u2013_COOPERATIVES_COMPARABLE_PROPERTIES_\u2013_Neighborhood", "number_non_empty_cells": 1893, "number_empty_cells": 4779, "number_distinct_values": 299, "frequent_values": ["D4-ELEVATOR", "C6-WALK-UP", "5905 STRICKLAND AVENUE", "526 FLATBUSH AVENUE", "2375 3 STREET"], "dataTypes": [{"type": "TEXT", "count": 1896, "shortest_values": [["C6-WALK-UP", 10], ["C6-WALK-UP", 10], ["C6-WALK-UP", 10], ["C6-WALK-UP", 10], ["C6-WALK-UP", 10]], "longest_values": [["1159 BRIGHTON BEACH AVENU", 25], ["8831 FT HAMILTON PARKWAY", 24], ["8831 FT HAMILTON PARKWAY", 24], ["8831 FT HAMILTON PARKWAY", 24], ["8831 FT HAMILTON PARKWAY", 24]], "average_length": 14.004219409282712}]}, {"column_name": "BROOKLYN_\u2013_COOPERATIVES_COMPARABLE_PROPERTIES_\u2013_Building_Classification", "number_non_empty_cells": 960, "number_empty_cells": 5712, "number_distinct_values": 191, "frequent_values": [16, 20, 60, 24, 12], "dataTypes": [{"type": "INTEGER (LONG)", "count": 960, "max_value": 1760, "min_value": 11, "mean": 81.43124999999995, "stddev": 123.59404930431523}]}, {"column_name": "BROOKLYN_\u2013_COOPERATIVES_COMPARABLE_PROPERTIES_\u2013_Total_Units", "number_non_empty_cells": 960, "number_empty_cells": 5712, "number_distinct_values": 84, "frequent_values": [1931, 1920, 1963, 1930, 1910], "dataTypes": [{"type": "INTEGER (LONG)", "count": 960, "max_value": 2005, "min_value": 1840, "mean": 1936.3125, "stddev": 20.082544503872022}]}, {"column_name": "BROOKLYN_\u2013_COOPERATIVES_COMPARABLE_PROPERTIES_\u2013_Year_Built", "number_non_empty_cells": 960, "number_empty_cells": 5712, "number_distinct_values": 814, "frequent_values": [54000, 18000, 17800, 18920, 120000], "dataTypes": [{"type": "INTEGER (LONG)", "count": 960, "max_value": 1800000, "min_value": 4050, "mean": 84363.0739583335, "stddev": 133405.0064478301}]}, {"column_name": "BROOKLYN_\u2013_COOPERATIVES_COMPARABLE_PROPERTIES_\u2013_Gross_SqFt", "number_non_empty_cells": 960, "number_empty_cells": 5712, "number_distinct_values": 922, "frequent_values": [1806202, 173307, 2182567, 546336, 278313], "dataTypes": [{"type": "INTEGER (LONG)", "count": 960, "max_value": 24721925, "min_value": 67225, "mean": 1054186.9406250024, "stddev": 1736095.995059506}]}, {"column_name": "BROOKLYN_\u2013_COOPERATIVES_COMPARABLE_PROPERTIES_\u2013_Est_Gross_Income", "number_non_empty_cells": 960, "number_empty_cells": 5712, "number_distinct_values": 369, "frequent_values": [9.19, 16.0, 8.92, 8.03, 12.08], "dataTypes": [{"type": "REAL", "count": 960, "max_value": 33.8, "min_value": 5.17, "mean": 13.207052083333318, "stddev": 4.242369026336657}]}, {"column_name": "BROOKLYN_\u2013_COOPERATIVES_COMPARABLE_PROPERTIES_\u2013_Gross_Income_per_SqFt", "number_non_empty_cells": 960, "number_empty_cells": 5712, "number_distinct_values": 602, "frequent_values": [1060000, 2080000, 1870000, 3880000, 1990000], "dataTypes": [{"type": "INTEGER (LONG)", "count": 960, "max_value": 69800000, "min_value": 190000, "mean": 3754312.5000000023, "stddev": 5631581.060028973}]}, {"column_name": "BROOKLYN_\u2013_COOPERATIVES_COMPARABLE_PROPERTIES_\u2013_Full_Market_Value", "number_non_empty_cells": 960, "number_empty_cells": 5712, "number_distinct_values": 264, "frequent_values": [56.0, 65.0, 62.0, 69.0, 51.0], "dataTypes": [{"type": "REAL", "count": 960, "max_value": 179.0, "min_value": 15.91, "mean": 49.29812500000001, "stddev": 22.568672789607586}]}, {"column_name": "BROOKLYN_\u2013_COOPERATIVES_COMPARABLE_PROPERTIES_\u2013_Market_Value_per_SqFt", "number_non_empty_cells": 960, "number_empty_cells": 5712, "number_distinct_values": 304, "frequent_values": ["3-06683-0052", "3-05670-0047", "3-05324-0001", "3-05240-0001", "3-07011-0011"], "dataTypes": [{"type": "TEXT", "count": 960, "shortest_values": [["3-00307-0006", 12], ["3-06104-0004", 12], ["3-06683-0052", 12], ["3-06683-0052", 12], ["3-05358-0071", 12]], "longest_values": [["3-00307-0006", 12], ["3-06104-0004", 12], ["3-06683-0052", 12], ["3-06683-0052", 12], ["3-05358-0071", 12]], "average_length": 12.0}]}, {"column_name": "COMPARABLE_RENTAL_\u2013_1_\u2013Boro-Block-Lot", "number_non_empty_cells": 941, "number_empty_cells": 5731, "number_distinct_values": 303, "frequent_values": ["1965 7 STREET", "1379 54 STREET", "333 MC DONALD AVENUE", "1204 OCEAN AVENUE", "9303 SHORE ROAD"], "dataTypes": [{"type": "TEXT", "count": 960, "shortest_values": [["380 AVENUE", 10], ["380 AVENUE", 10], ["380 AVENUE", 10], ["209 AVENUE", 10], ["146 MARCUS", 10]], "longest_values": [["8831 FT HAMILTON PARKWAY", 24], ["9330 FT HAMILTON PARKWAY", 24], ["8831 FT HAMILTON PARKWAY", 24], ["9330 FT HAMILTON PARKWAY", 24], ["9330 FT HAMILTON PARKWAY", 24]], "average_length": 15.961458333333333}]}, {"column_name": "COMPARABLE_RENTAL_\u2013_1_\u2013Address", "number_non_empty_cells": 0, "number_empty_cells": 6672, "number_distinct_values": 1, "frequent_values": [null], "dataTypes": []}, {"column_name": "COMPARABLE_RENTAL_\u2013_1_\u2013Neighborhood", "number_non_empty_cells": 0, "number_empty_cells": 6672, "number_distinct_values": 1, "frequent_values": [null], "dataTypes": []}, {"column_name": "COMPARABLE_RENTAL_\u2013_1_\u2013Building_Classification", "number_non_empty_cells": 0, "number_empty_cells": 6672, "number_distinct_values": 1, "frequent_values": [null], "dataTypes": []}, {"column_name": "COMPARABLE_RENTAL_\u2013_1_\u2013Total_Units", "number_non_empty_cells": 0, "number_empty_cells": 6672, "number_distinct_values": 1, "frequent_values": [null], "dataTypes": []}, {"column_name": "COMPARABLE_RENTAL_\u2013_1_\u2013Year_Built", "number_non_empty_cells": 0, "number_empty_cells": 6672, "number_distinct_values": 1, "frequent_values": [null], "dataTypes": []}, {"column_name": "COMPARABLE_RENTAL_\u2013_1_\u2013Gross_SqFt", "number_non_empty_cells": 0, "number_empty_cells": 6672, "number_distinct_values": 1, "frequent_values": [null], "dataTypes": []}, {"column_name": "COMPARABLE_RENTAL_\u2013_1_\u2013Est_Gross_Income", "number_non_empty_cells": 0, "number_empty_cells": 6672, "number_distinct_values": 1, "frequent_values": [null], "dataTypes": []}, {"column_name": "COMPARABLE_RENTAL_\u2013_1_\u2013Gross_Income_per_SqFt", "number_non_empty_cells": 0, "number_empty_cells": 6672, "number_distinct_values": 1, "frequent_values": [null], "dataTypes": []}, {"column_name": "COMPARABLE_RENTAL_\u2013_1_\u2013Full_Market_Value", "number_non_empty_cells": 0, "number_empty_cells": 6672, "number_distinct_values": 1, "frequent_values": [null], "dataTypes": []}, {"column_name": "COMPARABLE_RENTAL_\u2013_1_\u2013Market_Value_per_SqFt", "number_non_empty_cells": 0, "number_empty_cells": 6672, "number_distinct_values": 1, "frequent_values": [null], "dataTypes": []}, {"column_name": "COMPARABLE_RENTAL_\u2013_1_\u2013Dist_from_Coop_in_miles", "number_non_empty_cells": 0, "number_empty_cells": 6672, "number_distinct_values": 1, "frequent_values": [null], "dataTypes": []}, {"column_name": "COMPARABLE_RENTAL_\u2013_2_\u2013Boro-Block-Lot", "number_non_empty_cells": 0, "number_empty_cells": 6672, "number_distinct_values": 1, "frequent_values": [null], "dataTypes": []}, {"column_name": "COMPARABLE_RENTAL_\u2013_2_\u2013Address", "number_non_empty_cells": 0, "number_empty_cells": 6672, "number_distinct_values": 1, "frequent_values": [null], "dataTypes": []}, {"column_name": "COMPARABLE_RENTAL_\u2013_2_\u2013Neighborhood", "number_non_empty_cells": 0, "number_empty_cells": 6672, "number_distinct_values": 1, "frequent_values": [null], "dataTypes": []}, {"column_name": "COMPARABLE_RENTAL_\u2013_2_\u2013Building_Classification", "number_non_empty_cells": 0, "number_empty_cells": 6672, "number_distinct_values": 1, "frequent_values": [null], "dataTypes": []}, {"column_name": "COMPARABLE_RENTAL_\u2013_2_\u2013Total_Units", "number_non_empty_cells": 0, "number_empty_cells": 6672, "number_distinct_values": 1, "frequent_values": [null], "dataTypes": []}, {"column_name": "COMPARABLE_RENTAL_\u2013_2_\u2013Year_Built", "number_non_empty_cells": 0, "number_empty_cells": 6672, "number_distinct_values": 1, "frequent_values": [null], "dataTypes": []}, {"column_name": "COMPARABLE_RENTAL_\u2013_2_\u2013Gross_SqFt", "number_non_empty_cells": 0, "number_empty_cells": 6672, "number_distinct_values": 1, "frequent_values": [null], "dataTypes": []}, {"column_name": "COMPARABLE_RENTAL_\u2013_2_\u2013Est_Gross_Income", "number_non_empty_cells": 0, "number_empty_cells": 6672, "number_distinct_values": 1, "frequent_values": [null], "dataTypes": []}, {"column_name": "COMPARABLE_RENTAL_\u2013_2_\u2013Gross_Income_per_SqFt", "number_non_empty_cells": 0, "number_empty_cells": 6672, "number_distinct_values": 1, "frequent_values": [null], "dataTypes": []}, {"column_name": "COMPARABLE_RENTAL_\u2013_2_\u2013Full_Market_Value", "number_non_empty_cells": 0, "number_empty_cells": 6672, "number_distinct_values": 1, "frequent_values": [null], "dataTypes": []}, {"column_name": "COMPARABLE_RENTAL_\u2013_2_\u2013Market_Value_per_SqFt", "number_non_empty_cells": 0, "number_empty_cells": 6672, "number_distinct_values": 1, "frequent_values": [null], "dataTypes": []}, {"column_name": "COMPARABLE_RENTAL_\u2013_2_\u2013Dist_from_Coop_in_miles", "number_non_empty_cells": 0, "number_empty_cells": 6672, "number_distinct_values": 1, "frequent_values": [null], "dataTypes": []}]}