{"dataset_name": "/user/hm74/NYCOpenData/63u4-2zc2.tsv.gz", "columns": [{"column_name": "Building_Code", "number_non_empty_cells": 1888, "number_empty_cells": 0, "number_distinct_values": 1317, "frequent_values": ["X450", "X435", "M460", "X410", "X405"], "dataTypes": [{"type": "DATE/TIME", "count": 62, "max_value": "2019-12-07T00:00:58", "min_value": "2019-12-07T00:00:01"}, {"type": "TEXT", "count": 1826, "shortest_values": [["K001", 4], ["K002", 4], ["K002", 4], ["K003", 4], ["K005", 4]], "longest_values": [["K001", 4], ["K002", 4], ["K002", 4], ["K003", 4], ["K005", 4]], "average_length": 4.0}]}, {"column_name": "DBN", "number_non_empty_cells": 1881, "number_empty_cells": 7, "number_distinct_values": 1765, "frequent_values": ["20K768", "24Q331", "79K755", "79Q950", "28Q335"], "dataTypes": [{"type": "DATE/TIME", "count": 33, "max_value": "2019-12-07T00:06:52", "min_value": "2019-12-07T00:01:15"}, {"type": "TEXT", "count": 1848, "shortest_values": [["15K001", 6], ["17K002", 6], ["75K141", 6], ["13K003", 6], ["16K005", 6]], "longest_values": [["15K001", 6], ["17K002", 6], ["75K141", 6], ["13K003", 6], ["16K005", 6]], "average_length": 6.0}]}, {"column_name": "School_Name", "number_non_empty_cells": 1887, "number_empty_cells": 1, "number_distinct_values": 1769, "frequent_values": ["District 20 Pre-K Center", "Mosaic Pre-K Center", "Adult and Continuing Education", "Pathways to Graduation", "Brooklyns Daily Discovery Pre-K Center"], "dataTypes": [{"type": "TEXT", "count": 1888, "shortest_values": [["LYFE", 4], ["Kappa", 5], ["P.S. 66", 7], ["P.S. 36", 7], ["P.S. 89", 7]], "longest_values": [["Mosholu Montefiore Community Center - Van Cortlandt Child Development Center(FD)", 80], ["English Language Learners and International Support Preparatory Academy (ELLIS)", 79], ["Academy for College Preparation and Career Exploration: A College Board School", 78], ["Science Skills Center High School for Science Technology and the Creative Arts", 78], ["P.S. 80 The Thurgood Marshall Magnet School of Multimedia and Communication", 75]], "average_length": 27.995762711864423}]}, {"column_name": "Mbps_Bandwidth", "number_non_empty_cells": 1886, "number_empty_cells": 2, "number_distinct_values": 10, "frequent_values": ["10", "20", "40", "50", "30"], "dataTypes": [{"type": "INTEGER (LONG)", "count": 1883, "max_value": 200, "min_value": 10, "mean": 23.175783324482193, "stddev": 16.23985145281684}, {"type": "REAL", "count": 1, "max_value": 1.5, "min_value": 1.5, "mean": 1.5, "stddev": 0.0}, {"type": "TEXT", "count": 2, "shortest_values": [["DMVPN", 5], ["DMVPN", 5]], "longest_values": [["DMVPN", 5], ["DMVPN", 5]], "average_length": 5.0}]}]}