{"dataset_name": "/user/hm74/NYCOpenData/69n5-r375.tsv.gz", "columns": [{"column_name": "Community School District", "number_non_empty_cells": 33, "number_empty_cells": 0, "number_distinct_values": 33, "frequent_values": ["07", "15", "11", "29", "30"], "dataTypes": [{"type": "INTEGER (LONG)", "count": 32, "max_value": 32, "min_value": 1, "mean": 16.5, "stddev": 9.233092656309694}, {"type": "TEXT", "count": 1, "shortest_values": [["Citywide", 8]], "longest_values": [["Citywide", 8]], "average_length": 8.0}]}, {"column_name": "# of Graduates", "number_non_empty_cells": 33, "number_empty_cells": 0, "number_distinct_values": 33, "frequent_values": [858, 1896, 2259, 804, 321], "dataTypes": [{"type": "INTEGER (LONG)", "count": 33, "max_value": 61113, "min_value": 321, "mean": 3703.8181818181815, "stddev": 10241.96471579889}]}, {"column_name": "# of Graduates that Completed 2+ Credits in Arts", "number_non_empty_cells": 33, "number_empty_cells": 0, "number_distinct_values": 33, "frequent_values": [858, 1896, 3242, 1175, 3283], "dataTypes": [{"type": "INTEGER (LONG)", "count": 33, "max_value": 60916, "min_value": 320, "mean": 3691.878787878788, "stddev": 10209.26794561234}]}, {"column_name": "% of Graduates that Completed 2+ Credits in Arts", "number_non_empty_cells": 33, "number_empty_cells": 0, "number_distinct_values": 7, "frequent_values": [1.0, 0.999, 0.998, 0.995, 0.997], "dataTypes": [{"type": "REAL", "count": 33, "max_value": 1.0, "min_value": 0.957, "mean": 0.996969696969697, "stddev": 0.0076454971833687735}]}, {"column_name": "# of 8th Grade Students", "number_non_empty_cells": 33, "number_empty_cells": 0, "number_distinct_values": 33, "frequent_values": [1892, 3072, 2031, 711, 2092], "dataTypes": [{"type": "INTEGER (LONG)", "count": 33, "max_value": 64134, "min_value": 464, "mean": 3886.909090909091, "stddev": 10695.285209801947}]}, {"column_name": "# of 8th Grade Students that Received 2 Half-units of Instruction in Arts", "number_non_empty_cells": 33, "number_empty_cells": 0, "number_distinct_values": 33, "frequent_values": [833, 1507, 2655, 916, 1077], "dataTypes": [{"type": "INTEGER (LONG)", "count": 33, "max_value": 56402, "min_value": 333, "mean": 3418.3030303030305, "stddev": 9410.985258969236}]}, {"column_name": "% of 8th Grade Students that Received 2 Half-units of Instruction in Arts", "number_non_empty_cells": 33, "number_empty_cells": 0, "number_distinct_values": 32, "frequent_values": [0.879, 0.968, 0.825, 0.965, 0.958], "dataTypes": [{"type": "REAL", "count": 33, "max_value": 0.972, "min_value": 0.691, "mean": 0.8683030303030302, "stddev": 0.08715276898832541}]}, {"column_name": "# of 8th Grade Students that Received 2 Half-units of Instruction in Arts in Two Different Disciplines", "number_non_empty_cells": 33, "number_empty_cells": 0, "number_distinct_values": 33, "frequent_values": [1650, 2025, 481, 2463, 31936], "dataTypes": [{"type": "INTEGER (LONG)", "count": 33, "max_value": 31936, "min_value": 245, "mean": 1935.5151515151515, "stddev": 5341.7298476169635}]}, {"column_name": "% of 8th Grade Students that Received 2 Half-units of Instruction in Arts in Two Different Disciplines", "number_non_empty_cells": 33, "number_empty_cells": 0, "number_distinct_values": 33, "frequent_values": [0.481, 0.645, 0.227, 0.573, 0.627], "dataTypes": [{"type": "REAL", "count": 33, "max_value": 0.775, "min_value": 0.227, "mean": 0.4824848484848485, "stddev": 0.12776401570796656}]}, {"column_name": "# of Schools Serving Grades 1-5", "number_non_empty_cells": 33, "number_empty_cells": 0, "number_distinct_values": 22, "frequent_values": [27, 22, 23, 20, 26], "dataTypes": [{"type": "INTEGER (LONG)", "count": 33, "max_value": 807, "min_value": 13, "mean": 48.90909090909091, "stddev": 134.25966781652582}]}, {"column_name": "# of Schools Serving Grades 1-5 that Provided Arts Instruction in All Four Disciplines (Music, Dance, Theater, Visual Arts)", "number_non_empty_cells": 33, "number_empty_cells": 0, "number_distinct_values": 19, "frequent_values": [7, 6, 10, 3, 13], "dataTypes": [{"type": "INTEGER (LONG)", "count": 33, "max_value": 353, "min_value": 3, "mean": 21.39393939393939, "stddev": 58.870654002337986}]}, {"column_name": "% of Schools Serving Grades 1-5 that Provided Arts Instruction in All Four Disciplines (Music, Dance, Theater, Visual Arts)", "number_non_empty_cells": 33, "number_empty_cells": 0, "number_distinct_values": 32, "frequent_values": [0.333, 0.318, 0.481, 0.355, 0.541], "dataTypes": [{"type": "REAL", "count": 33, "max_value": 0.762, "min_value": 0.125, "mean": 0.434030303030303, "stddev": 0.155174483385148}]}, {"column_name": "# of Schools Serving Grade 6", "number_non_empty_cells": 33, "number_empty_cells": 0, "number_distinct_values": 20, "frequent_values": [17, 15, 11, 18, 12], "dataTypes": [{"type": "INTEGER (LONG)", "count": 33, "max_value": 511, "min_value": 7, "mean": 30.96969696969697, "stddev": 85.00676794748681}]}, {"column_name": "# of Schools Serving Grade 6 that Provided Arts Instruction in All Four Disciplines (Dance, Music, Theater, Visual Arts)", "number_non_empty_cells": 33, "number_empty_cells": 0, "number_distinct_values": 6, "frequent_values": [0, 2, 1, 3, 7], "dataTypes": [{"type": "INTEGER (LONG)", "count": 33, "max_value": 39, "min_value": 0, "mean": 2.3636363636363633, "stddev": 6.6324189189354925}]}, {"column_name": "% of Schools Serving Grade 6 that Provided Arts Instruction in All Four Disciplines (Dance, Music, Theater, Visual Arts)", "number_non_empty_cells": 33, "number_empty_cells": 0, "number_distinct_values": 19, "frequent_values": [0.0, 0.133, 0.083, 0.091, 0.273], "dataTypes": [{"type": "REAL", "count": 33, "max_value": 0.438, "min_value": 0.0, "mean": 0.08363636363636365, "stddev": 0.0996538914023198}]}, {"column_name": "Number of Full-Time Teachers Certified in Dance", "number_non_empty_cells": 33, "number_empty_cells": 0, "number_distinct_values": 10, "frequent_values": [2, 4, 3, 8, 5], "dataTypes": [{"type": "INTEGER (LONG)", "count": 33, "max_value": 137, "min_value": 1, "mean": 8.303030303030305, "stddev": 22.86917317539824}]}, {"column_name": "Number of Full-Time Teachers Certified in Music", "number_non_empty_cells": 33, "number_empty_cells": 0, "number_distinct_values": 20, "frequent_values": [24, 31, 42, 12, 16], "dataTypes": [{"type": "INTEGER (LONG)", "count": 33, "max_value": 881, "min_value": 3, "mean": 53.393939393939405, "stddev": 147.31124324881478}]}, {"column_name": "Number of Full-Time Teachers Certified in Theater", "number_non_empty_cells": 33, "number_empty_cells": 0, "number_distinct_values": 24, "frequent_values": [13, 10, 7, 3, 27], "dataTypes": [{"type": "INTEGER (LONG)", "count": 33, "max_value": 614, "min_value": 3, "mean": 37.212121212121204, "stddev": 102.58145546145934}]}, {"column_name": "Number of Full-Time Teachers Certified in Visual Arts", "number_non_empty_cells": 33, "number_empty_cells": 0, "number_distinct_values": 12, "frequent_values": [2, 1, 5, 9, 4], "dataTypes": [{"type": "INTEGER (LONG)", "count": 33, "max_value": 125, "min_value": 0, "mean": 7.575757575757575, "stddev": 20.97188638071151}]}, {"column_name": "Number of Part-Time Teachers Certified in Dance", "number_non_empty_cells": 33, "number_empty_cells": 0, "number_distinct_values": 9, "frequent_values": [2, 3, 4, 0, 1], "dataTypes": [{"type": "INTEGER (LONG)", "count": 33, "max_value": 94, "min_value": 0, "mean": 5.696969696969697, "stddev": 15.721987784888164}]}, {"column_name": "Number of Part-Time Teachers Certified in Music", "number_non_empty_cells": 33, "number_empty_cells": 0, "number_distinct_values": 15, "frequent_values": [5, 3, 7, 8, 6], "dataTypes": [{"type": "INTEGER (LONG)", "count": 33, "max_value": 224, "min_value": 2, "mean": 13.575757575757574, "stddev": 37.3841890927575}]}, {"column_name": "Number of Part-Time Teachers Certified in Theater", "number_non_empty_cells": 33, "number_empty_cells": 0, "number_distinct_values": 10, "frequent_values": [3, 1, 2, 4, 0], "dataTypes": [{"type": "INTEGER (LONG)", "count": 33, "max_value": 101, "min_value": 0, "mean": 6.121212121212121, "stddev": 16.932589298419305}]}, {"column_name": "Number of Part-Time Teachers Certified in Visual Arts", "number_non_empty_cells": 33, "number_empty_cells": 0, "number_distinct_values": 16, "frequent_values": [4, 6, 9, 7, 16], "dataTypes": [{"type": "INTEGER (LONG)", "count": 33, "max_value": 308, "min_value": 3, "mean": 18.666666666666664, "stddev": 51.71639835280352}]}]}