{"dataset_name": "/user/hm74/NYCOpenData/69wu-b929.tsv.gz", "columns": [{"column_name": "Week", "number_non_empty_cells": 185, "number_empty_cells": 0, "number_distinct_values": 185, "frequent_values": ["Week of 3/20/2017", "Week of 12/4/2017", "Week of 10/24/2016", "Week of 8/6/2018", "Week of 1/23/2017"], "dataTypes": [{"type": "TEXT", "count": "185", "shortest_values": [["Week of 4/4/2016", 16], ["Week of 7/4/2016", 16], ["Week of 5/2/2016", 16], ["Week of 3/7/2016", 16], ["Week of 5/9/2016", 16]], "longest_values": [["Week of 10/10/2016", 18], ["Week of 11/14/2016", 18], ["Week of 10/17/2016", 18], ["Week of 10/24/2016", 18], ["Week of 10/31/2016", 18]], "average_length": "16.924324324324324"}]}, {"column_name": "Sessions_Per_Week", "number_non_empty_cells": 185, "number_empty_cells": 0, "number_distinct_values": 184, "frequent_values": [14608378, 13962591, 15726856, 3711319, 4020306], "dataTypes": [{"type": "INTEGER (LONG)", "count": ["185"], "mean": ["1.0993296724324325E7"], "stddev": ["6657244.627493401"], "min_value": ["31523"], "max_value": ["21943924"]}]}, {"column_name": "Cumulative_Sessions_To_Date", "number_non_empty_cells": 185, "number_empty_cells": 0, "number_distinct_values": 184, "frequent_values": [1092790183, 1508835793, 639026420, 143982018, 131476456], "dataTypes": [{"type": "INTEGER (LONG)", "count": ["185"], "mean": ["8.059408467459459E8"], "stddev": ["1.5643214075541017E9"], "min_value": ["161899"], "max_value": ["20022516925"]}]}, {"column_name": "Bandwidth_Utilization_Per_Week_TB", "number_non_empty_cells": 185, "number_empty_cells": 0, "number_distinct_values": 181, "frequent_values": [90.29, 82.1, 62.92, 5.6, 98.3], "dataTypes": [{"type": "REAL", "count": ["185"], "mean": ["60.27963783783787"], "stddev": ["33.41356792342835"], "min_value": ["0.418"], "max_value": ["116.43"]}]}, {"column_name": "Cumulative_Bandwidth_Utilization_To_Date_TB", "number_non_empty_cells": 185, "number_empty_cells": 0, "number_distinct_values": 184, "frequent_values": [6504.11, 10792.16, 59.47, 2655.73, 10255.4], "dataTypes": [{"type": "REAL", "count": ["185"], "mean": ["4409.3101081081095"], "stddev": ["3912.332984140886"], "min_value": ["1.73"], "max_value": ["12524.61"]}]}, {"column_name": "Average_Session_Duration", "number_non_empty_cells": 184, "number_empty_cells": 1, "number_distinct_values": 92, "frequent_values": [" 00:03:45.000", " 00:02:55.000", " 00:03:53.000", " 00:03:54.000", " 00:04:37.000"], "dataTypes": [{"type": "DATE/TIME", "count": "184", "min_value": " 00:02:41.000", "max_value": "0:05:50"}, {"type": "TEXT", "count": "1", "shortest_values": [["NA", 2]], "longest_values": [["NA", 2]], "average_length": "2.0"}]}, {"column_name": "New_Subscribers_Per_Week", "number_non_empty_cells": 185, "number_empty_cells": 0, "number_distinct_values": 184, "frequent_values": [53673, 5223, 54212, 32680, 64354], "dataTypes": [{"type": "INTEGER (LONG)", "count": ["185"], "mean": ["40842.545945945945"], "stddev": ["15944.815138582953"], "min_value": ["1022"], "max_value": ["73215"]}]}, {"column_name": "Total_Subscribers_Per_Week", "number_non_empty_cells": 185, "number_empty_cells": 0, "number_distinct_values": 184, "frequent_values": [684588, 662323, 722494, 684821, 715725], "dataTypes": [{"type": "INTEGER (LONG)", "count": ["185"], "mean": ["499196.85405405407"], "stddev": ["250856.59622172866"], "min_value": ["2391"], "max_value": ["767755"]}]}, {"column_name": "Cumulative_Subscribers_To_Date", "number_non_empty_cells": 185, "number_empty_cells": 0, "number_distinct_values": 184, "frequent_values": [4728522, 1703974, 7293211, 671730, 77352], "dataTypes": [{"type": "INTEGER (LONG)", "count": ["185"], "mean": ["3272197.237837838"], "stddev": ["2338510.833494794"], "min_value": ["6116"], "max_value": ["7669169"]}]}]}