{"dataset_name": "/user/hm74/NYCOpenData/6ayi-u3p7.tsv.gz", "columns": [{"column_name": "ENGAGEMENT CATEGORY", "number_non_empty_cells": 51, "number_empty_cells": 2, "number_distinct_values": 53, "frequent_values": ["AWAITING CONCILIATION SCHED.", "SUBSTANCE ABUSE RESIDENTIAL", "CHILD UNDER 3 MONTHS", "OTHER WORK ACTIVITY", "FTR/FTC"], "dataTypes": [{"type": "TEXT", "count": 53, "shortest_values": [["FTR/FTC", 7], ["PREGNANT", 8], ["UNENGAGED", 9], ["WEP BASIC", 9], ["NOI ISSUED", 10]], "longest_values": [["Copyright 2013 The City of New York, Department of Social Services", 66], ["Note: Report reflects January 2016 engagement status.", 53], ["EMPLOYMENT-NOT BUDGETED: NO AID TO CONTINUE", 43], ["Of this material contact the New York City", 42], ["For permission to reproduce all or part", 39]], "average_length": 24.07547169811321}]}, {"column_name": "16-17 Years", "number_non_empty_cells": 48, "number_empty_cells": 5, "number_distinct_values": 8, "frequent_values": [0, 1, 37, 31, 6], "dataTypes": [{"type": "INTEGER (LONG)", "count": 48, "max_value": 37, "min_value": 0, "mean": 1.7291666666666672, "stddev": 6.8305062749566545}]}, {"column_name": "% of Total (16-17 yrs)", "number_non_empty_cells": 48, "number_empty_cells": 5, "number_distinct_values": 8, "frequent_values": [0.0, 1.2, 7.23, 2.41, 44.58], "dataTypes": [{"type": "REAL", "count": 48, "max_value": 44.58, "min_value": 0.0, "mean": 2.0829166666666663, "stddev": 8.229801019853936}]}, {"column_name": "18-20 Years", "number_non_empty_cells": 48, "number_empty_cells": 5, "number_distinct_values": 30, "frequent_values": [0, 11, 1, 48, 41], "dataTypes": [{"type": "INTEGER (LONG)", "count": 48, "max_value": 436, "min_value": 0, "mean": 45.604166666666686, "stddev": 88.91445785682002}]}, {"column_name": "% of Total (18-20 yrs)", "number_non_empty_cells": 48, "number_empty_cells": 5, "number_distinct_values": 30, "frequent_values": [0.0, 0.05, 0.5, 1.87, 1.51], "dataTypes": [{"type": "REAL", "count": 48, "max_value": 19.92, "min_value": 0.0, "mean": 2.0831250000000003, "stddev": 4.062287510468496}]}, {"column_name": "21-24 Years", "number_non_empty_cells": 48, "number_empty_cells": 5, "number_distinct_values": 41, "frequent_values": [1, 3, 5, 4, 34], "dataTypes": [{"type": "INTEGER (LONG)", "count": 48, "max_value": 1489, "min_value": 1, "mean": 196.2708333333333, "stddev": 303.5100725664727}]}, {"column_name": "% of Total (21-24 yrs)", "number_non_empty_cells": 48, "number_empty_cells": 5, "number_distinct_values": 41, "frequent_values": [0.01, 0.04, 0.03, 0.05, 1.69], "dataTypes": [{"type": "REAL", "count": 48, "max_value": 15.81, "min_value": 0.01, "mean": 2.0835416666666666, "stddev": 3.222346123545786}]}]}