{"dataset_name": "/user/hm74/NYCOpenData/6bic-qvek.tsv.gz", "columns": [{"column_name": "JURISDICTION NAME", "number_non_empty_cells": 236, "number_empty_cells": 0, "number_distinct_values": 236, "frequent_values": [10462, 10468, 10032, 10013, 10128], "dataTypes": [{"type": "INTEGER (LONG)", "count": 236, "max_value": 20459, "min_value": 10001, "mean": 11127.173728813561, "stddev": 1050.1996942412443}]}, {"column_name": "COUNT PARTICIPANTS", "number_non_empty_cells": 236, "number_empty_cells": 0, "number_distinct_values": 53, "frequent_values": [0, 2, 5, 1, 7], "dataTypes": [{"type": "INTEGER (LONG)", "count": 236, "max_value": 272, "min_value": 0, "mean": 17.661016949152536, "stddev": 43.1879456540048}]}, {"column_name": "COUNT FEMALE", "number_non_empty_cells": 236, "number_empty_cells": 0, "number_distinct_values": 44, "frequent_values": [0, 2, 1, 3, 12], "dataTypes": [{"type": "INTEGER (LONG)", "count": 236, "max_value": 194, "min_value": 0, "mean": 10.296610169491522, "stddev": 28.129334866549424}]}, {"column_name": "PERCENT FEMALE", "number_non_empty_cells": 236, "number_empty_cells": 0, "number_distinct_values": 52, "frequent_values": [0.0, 1.0, 0.5, 0.6, 0.8], "dataTypes": [{"type": "REAL", "count": 236, "max_value": 1.0, "min_value": 0.0, "mean": 0.24398305084745767, "stddev": 0.3329697900240478}]}, {"column_name": "COUNT MALE", "number_non_empty_cells": 236, "number_empty_cells": 0, "number_distinct_values": 40, "frequent_values": [0, 1, 2, 3, 5], "dataTypes": [{"type": "INTEGER (LONG)", "count": 236, "max_value": 157, "min_value": 0, "mean": 7.36440677966102, "stddev": 18.84084332482128}]}, {"column_name": "PERCENT MALE", "number_non_empty_cells": 236, "number_empty_cells": 0, "number_distinct_values": 51, "frequent_values": [0.0, 1.0, 0.5, 0.4, 0.2], "dataTypes": [{"type": "REAL", "count": 236, "max_value": 1.0, "min_value": 0.0, "mean": 0.20101694915254245, "stddev": 0.29510380199179803}]}, {"column_name": "COUNT GENDER UNKNOWN", "number_non_empty_cells": 236, "number_empty_cells": 0, "number_distinct_values": 1, "frequent_values": [0], "dataTypes": [{"type": "INTEGER (LONG)", "count": 236, "max_value": 0, "min_value": 0, "mean": 0.0, "stddev": 0.0}]}, {"column_name": "PERCENT GENDER UNKNOWN", "number_non_empty_cells": 236, "number_empty_cells": 0, "number_distinct_values": 1, "frequent_values": [0], "dataTypes": [{"type": "INTEGER (LONG)", "count": 236, "max_value": 0, "min_value": 0, "mean": 0.0, "stddev": 0.0}]}, {"column_name": "COUNT GENDER TOTAL", "number_non_empty_cells": 236, "number_empty_cells": 0, "number_distinct_values": 53, "frequent_values": [0, 2, 5, 1, 7], "dataTypes": [{"type": "INTEGER (LONG)", "count": 236, "max_value": 272, "min_value": 0, "mean": 17.661016949152536, "stddev": 43.1879456540048}]}, {"column_name": "PERCENT GENDER TOTAL", "number_non_empty_cells": 236, "number_empty_cells": 0, "number_distinct_values": 2, "frequent_values": [0, 100], "dataTypes": [{"type": "INTEGER (LONG)", "count": 236, "max_value": 100, "min_value": 0, "mean": 44.49152542372882, "stddev": 49.69564073279038}]}, {"column_name": "COUNT PACIFIC ISLANDER", "number_non_empty_cells": 236, "number_empty_cells": 0, "number_distinct_values": 3, "frequent_values": [0, 1, 2], "dataTypes": [{"type": "INTEGER (LONG)", "count": 236, "max_value": 2, "min_value": 0, "mean": 0.025423728813559334, "stddev": 0.20427069141006693}]}, {"column_name": "PERCENT PACIFIC ISLANDER", "number_non_empty_cells": 236, "number_empty_cells": 0, "number_distinct_values": 3, "frequent_values": [0.0, 0.02, 0.01], "dataTypes": [{"type": "REAL", "count": 236, "max_value": 0.02, "min_value": 0.0, "mean": 0.00029661016949152557, "stddev": 0.002328196079290873}]}, {"column_name": "COUNT HISPANIC LATINO", "number_non_empty_cells": 236, "number_empty_cells": 0, "number_distinct_values": 21, "frequent_values": [0, 1, 2, 3, 7], "dataTypes": [{"type": "INTEGER (LONG)", "count": 236, "max_value": 51, "min_value": 0, "mean": 1.855932203389831, "stddev": 5.989787104290575}]}, {"column_name": "PERCENT HISPANIC LATINO", "number_non_empty_cells": 236, "number_empty_cells": 0, "number_distinct_values": 35, "frequent_values": [0.0, 0.43, 0.33, 0.6, 0.5], "dataTypes": [{"type": "REAL", "count": 236, "max_value": 1.0, "min_value": 0.0, "mean": 0.07983050847457628, "stddev": 0.181290024456775}]}, {"column_name": "COUNT AMERICAN INDIAN", "number_non_empty_cells": 236, "number_empty_cells": 0, "number_distinct_values": 3, "frequent_values": [0, 1, 2], "dataTypes": [{"type": "INTEGER (LONG)", "count": 236, "max_value": 2, "min_value": 0, "mean": 0.02118644067796611, "stddev": 0.17091562737371785}]}, {"column_name": "PERCENT AMERICAN INDIAN", "number_non_empty_cells": 236, "number_empty_cells": 0, "number_distinct_values": 4, "frequent_values": [0.0, 0.01, 0.2, 0.02], "dataTypes": [{"type": "REAL", "count": 236, "max_value": 0.2, "min_value": 0.0, "mean": 0.001016949152542373, "stddev": 0.013076685846430207}]}, {"column_name": "COUNT ASIAN NON HISPANIC", "number_non_empty_cells": 236, "number_empty_cells": 0, "number_distinct_values": 10, "frequent_values": [0, 1, 3, 7, 5], "dataTypes": [{"type": "INTEGER (LONG)", "count": 236, "max_value": 28, "min_value": 0, "mean": 0.5254237288135594, "stddev": 2.2159355999590233}]}, {"column_name": "PERCENT ASIAN NON HISPANIC", "number_non_empty_cells": 236, "number_empty_cells": 0, "number_distinct_values": 17, "frequent_values": [0.0, 1.0, 0.5, 0.04, 0.07], "dataTypes": [{"type": "REAL", "count": 236, "max_value": 1.0, "min_value": 0.0, "mean": 0.05656779661016952, "stddev": 0.19973414443821844}]}, {"column_name": "COUNT WHITE NON HISPANIC", "number_non_empty_cells": 236, "number_empty_cells": 0, "number_distinct_values": 37, "frequent_values": [0, 1, 4, 2, 37], "dataTypes": [{"type": "INTEGER (LONG)", "count": 236, "max_value": 262, "min_value": 0, "mean": 12.190677966101697, "stddev": 39.83942448891749}]}, {"column_name": "PERCENT WHITE NON HISPANIC", "number_non_empty_cells": 236, "number_empty_cells": 0, "number_distinct_values": 37, "frequent_values": [0.0, 1.0, 0.97, 0.96, 0.75], "dataTypes": [{"type": "REAL", "count": 236, "max_value": 1.0, "min_value": 0.0, "mean": 0.17775423728813555, "stddev": 0.35400678525625623}]}, {"column_name": "COUNT BLACK NON HISPANIC", "number_non_empty_cells": 236, "number_empty_cells": 0, "number_distinct_values": 22, "frequent_values": [0, 1, 2, 5, 4], "dataTypes": [{"type": "INTEGER (LONG)", "count": 236, "max_value": 60, "min_value": 0, "mean": 2.233050847457629, "stddev": 7.253924187366353}]}, {"column_name": "PERCENT BLACK NON HISPANIC", "number_non_empty_cells": 236, "number_empty_cells": 0, "number_distinct_values": 37, "frequent_values": [0.0, 0.5, 0.57, 0.44, 1.0], "dataTypes": [{"type": "REAL", "count": 236, "max_value": 1.0, "min_value": 0.0, "mean": 0.1042372881355932, "stddev": 0.22225884581226082}]}, {"column_name": "COUNT OTHER ETHNICITY", "number_non_empty_cells": 236, "number_empty_cells": 0, "number_distinct_values": 10, "frequent_values": [0, 1, 2, 3, 6], "dataTypes": [{"type": "INTEGER (LONG)", "count": 236, "max_value": 17, "min_value": 0, "mean": 0.6864406779661015, "stddev": 1.8095750626867746}]}, {"column_name": "PERCENT OTHER ETHNICITY", "number_non_empty_cells": 236, "number_empty_cells": 0, "number_distinct_values": 20, "frequent_values": [0.0, 0.02, 0.07, 0.05, 0.03], "dataTypes": [{"type": "REAL", "count": 236, "max_value": 0.5, "min_value": 0.0, "mean": 0.021313559322033902, "stddev": 0.06231048544029973}]}, {"column_name": "COUNT ETHNICITY UNKNOWN", "number_non_empty_cells": 236, "number_empty_cells": 0, "number_distinct_values": 5, "frequent_values": [0, 1, 5, 4, 2], "dataTypes": [{"type": "INTEGER (LONG)", "count": 236, "max_value": 5, "min_value": 0, "mean": 0.1228813559322034, "stddev": 0.5801681546056285}]}, {"column_name": "PERCENT ETHNICITY UNKNOWN", "number_non_empty_cells": 236, "number_empty_cells": 0, "number_distinct_values": 7, "frequent_values": [0.0, 0.02, 0.25, 0.01, 0.14], "dataTypes": [{"type": "REAL", "count": 236, "max_value": 0.25, "min_value": 0.0, "mean": 0.003940677966101697, "stddev": 0.02524751787527629}]}, {"column_name": "COUNT ETHNICITY TOTAL", "number_non_empty_cells": 236, "number_empty_cells": 0, "number_distinct_values": 53, "frequent_values": [0, 2, 5, 1, 7], "dataTypes": [{"type": "INTEGER (LONG)", "count": 236, "max_value": 272, "min_value": 0, "mean": 17.661016949152536, "stddev": 43.1879456540048}]}, {"column_name": "PERCENT ETHNICITY TOTAL", "number_non_empty_cells": 236, "number_empty_cells": 0, "number_distinct_values": 3, "frequent_values": [0, 100, 99], "dataTypes": [{"type": "INTEGER (LONG)", "count": 236, "max_value": 100, "min_value": 0, "mean": 44.45338983050847, "stddev": 49.65339557269856}]}, {"column_name": "COUNT PERMANENT RESIDENT ALIEN", "number_non_empty_cells": 236, "number_empty_cells": 0, "number_distinct_values": 8, "frequent_values": [0, 1, 2, 3, 6], "dataTypes": [{"type": "INTEGER (LONG)", "count": 236, "max_value": 10, "min_value": 0, "mean": 0.44491525423728795, "stddev": 1.2078203829890928}]}, {"column_name": "PERCENT PERMANENT RESIDENT ALIEN", "number_non_empty_cells": 236, "number_empty_cells": 0, "number_distinct_values": 19, "frequent_values": [0.0, 0.06, 0.02, 0.05, 0.07], "dataTypes": [{"type": "REAL", "count": 236, "max_value": 1.0, "min_value": 0.0, "mean": 0.02419491525423728, "stddev": 0.09075827071379729}]}, {"column_name": "COUNT US CITIZEN", "number_non_empty_cells": 236, "number_empty_cells": 0, "number_distinct_values": 56, "frequent_values": [0, 2, 1, 5, 17], "dataTypes": [{"type": "INTEGER (LONG)", "count": 236, "max_value": 271, "min_value": 0, "mean": 17.16949152542372, "stddev": 42.56635997400259}]}, {"column_name": "PERCENT US CITIZEN", "number_non_empty_cells": 236, "number_empty_cells": 0, "number_distinct_values": 19, "frequent_values": [0.0, 1.0, 0.94, 0.98, 0.92], "dataTypes": [{"type": "REAL", "count": 236, "max_value": 1.0, "min_value": 0.0, "mean": 0.41868644067796595, "stddev": 0.4759472837770888}]}, {"column_name": "COUNT OTHER CITIZEN STATUS", "number_non_empty_cells": 236, "number_empty_cells": 0, "number_distinct_values": 3, "frequent_values": [0, 1, 2], "dataTypes": [{"type": "INTEGER (LONG)", "count": 236, "max_value": 2, "min_value": 0, "mean": 0.046610169491525445, "stddev": 0.24776362552616482}]}, {"column_name": "PERCENT OTHER CITIZEN STATUS", "number_non_empty_cells": 236, "number_empty_cells": 0, "number_distinct_values": 6, "frequent_values": [0.0, 0.01, 0.02, 0.33, 0.03], "dataTypes": [{"type": "REAL", "count": 236, "max_value": 0.33, "min_value": 0.0, "mean": 0.0020762711864406795, "stddev": 0.021773353633945117}]}, {"column_name": "COUNT CITIZEN STATUS UNKNOWN", "number_non_empty_cells": 236, "number_empty_cells": 0, "number_distinct_values": 1, "frequent_values": [0], "dataTypes": [{"type": "INTEGER (LONG)", "count": 236, "max_value": 0, "min_value": 0, "mean": 0.0, "stddev": 0.0}]}, {"column_name": "PERCENT CITIZEN STATUS UNKNOWN", "number_non_empty_cells": 236, "number_empty_cells": 0, "number_distinct_values": 1, "frequent_values": [0], "dataTypes": [{"type": "INTEGER (LONG)", "count": 236, "max_value": 0, "min_value": 0, "mean": 0.0, "stddev": 0.0}]}, {"column_name": "COUNT CITIZEN STATUS TOTAL", "number_non_empty_cells": 236, "number_empty_cells": 0, "number_distinct_values": 53, "frequent_values": [0, 2, 5, 1, 7], "dataTypes": [{"type": "INTEGER (LONG)", "count": 236, "max_value": 272, "min_value": 0, "mean": 17.661016949152536, "stddev": 43.1879456540048}]}, {"column_name": "PERCENT CITIZEN STATUS TOTAL", "number_non_empty_cells": 236, "number_empty_cells": 0, "number_distinct_values": 3, "frequent_values": [0, 100, 99], "dataTypes": [{"type": "INTEGER (LONG)", "count": 236, "max_value": 100, "min_value": 0, "mean": 44.48728813559322, "stddev": 49.69095004499918}]}, {"column_name": "COUNT RECEIVES PUBLIC ASSISTANCE", "number_non_empty_cells": 236, "number_empty_cells": 0, "number_distinct_values": 33, "frequent_values": [0, 1, 2, 5, 8], "dataTypes": [{"type": "INTEGER (LONG)", "count": 236, "max_value": 155, "min_value": 0, "mean": 5.974576271186442, "stddev": 16.768090086811824}]}, {"column_name": "PERCENT RECEIVES PUBLIC ASSISTANCE", "number_non_empty_cells": 236, "number_empty_cells": 0, "number_distinct_values": 50, "frequent_values": [0.0, 0.4, 0.57, 0.2, 1.0], "dataTypes": [{"type": "REAL", "count": 236, "max_value": 1.0, "min_value": 0.0, "mean": 0.13919491525423727, "stddev": 0.227495083145771}]}, {"column_name": "COUNT NRECEIVES PUBLIC ASSISTANCE", "number_non_empty_cells": 236, "number_empty_cells": 0, "number_distinct_values": 52, "frequent_values": [0, 2, 3, 6, 1], "dataTypes": [{"type": "INTEGER (LONG)", "count": 236, "max_value": 206, "min_value": 0, "mean": 11.686440677966102, "stddev": 29.30716900568591}]}, {"column_name": "PERCENT NRECEIVES PUBLIC ASSISTANCE", "number_non_empty_cells": 236, "number_empty_cells": 0, "number_distinct_values": 50, "frequent_values": [0.0, 1.0, 0.6, 0.8, 0.43], "dataTypes": [{"type": "REAL", "count": 236, "max_value": 1.0, "min_value": 0.0, "mean": 0.30580508474576223, "stddev": 0.37979447516252235}]}, {"column_name": "COUNT PUBLIC ASSISTANCE UNKNOWN", "number_non_empty_cells": 236, "number_empty_cells": 0, "number_distinct_values": 1, "frequent_values": [0], "dataTypes": [{"type": "INTEGER (LONG)", "count": 236, "max_value": 0, "min_value": 0, "mean": 0.0, "stddev": 0.0}]}, {"column_name": "PERCENT PUBLIC ASSISTANCE UNKNOWN", "number_non_empty_cells": 236, "number_empty_cells": 0, "number_distinct_values": 1, "frequent_values": [0], "dataTypes": [{"type": "INTEGER (LONG)", "count": 236, "max_value": 0, "min_value": 0, "mean": 0.0, "stddev": 0.0}]}, {"column_name": "COUNT PUBLIC ASSISTANCE TOTAL", "number_non_empty_cells": 236, "number_empty_cells": 0, "number_distinct_values": 53, "frequent_values": [0, 2, 5, 1, 7], "dataTypes": [{"type": "INTEGER (LONG)", "count": 236, "max_value": 272, "min_value": 0, "mean": 17.661016949152536, "stddev": 43.1879456540048}]}, {"column_name": "PERCENT PUBLIC ASSISTANCE TOTAL", "number_non_empty_cells": 236, "number_empty_cells": 0, "number_distinct_values": 2, "frequent_values": [0, 100], "dataTypes": [{"type": "INTEGER (LONG)", "count": 236, "max_value": 100, "min_value": 0, "mean": 44.49152542372882, "stddev": 49.69564073279038}]}]}