{"dataset_name": "/user/hm74/NYCOpenData/6dn9-qgma.tsv.gz", "columns": [{"column_name": "Rank", "number_non_empty_cells": 6, "number_empty_cells": 0, "number_distinct_values": 6, "frequent_values": ["Correction Officer", "Deputy Warden", "Assistant Deputy Warden", "Warden", "Captain"], "dataTypes": [{"type": "TEXT", "count": 6, "shortest_values": [["Warden", 6], ["Captain", 7], ["Deputy Warden", 13], ["Correction Officer", 18], ["Assistant Deputy Warden", 23]], "longest_values": [["Deputy Warden in Command", 24], ["Assistant Deputy Warden", 23], ["Correction Officer", 18], ["Deputy Warden", 13], ["Captain", 7]], "average_length": 15.166666666666666}]}, {"column_name": "Male", "number_non_empty_cells": 6, "number_empty_cells": 0, "number_distinct_values": 6, "frequent_values": [51, 45, 38, 24, 29], "dataTypes": [{"type": "INTEGER (LONG)", "count": 6, "max_value": 51, "min_value": 24, "mean": 36.66666666666667, "stddev": 9.213516640723503}]}, {"column_name": "Female", "number_non_empty_cells": 6, "number_empty_cells": 0, "number_distinct_values": 6, "frequent_values": [76, 55, 49, 63, 71], "dataTypes": [{"type": "INTEGER (LONG)", "count": 6, "max_value": 76, "min_value": 49, "mean": 63.5, "stddev": 9.196919774214264}]}]}