{"dataset_name": "/user/hm74/NYCOpenData/6e44-8i2s.tsv.gz", "columns": [{"column_name": "School_Year", "number_non_empty_cells": 1531, "number_empty_cells": 0, "number_distinct_values": 1, "frequent_values": ["2009-2010"], "dataTypes": [{"type": "TEXT", "count": 1531, "shortest_values": [["2009-2010", 9], ["2009-2010", 9], ["2009-2010", 9], ["2009-2010", 9], ["2009-2010", 9]], "longest_values": [["2009-2010", 9], ["2009-2010", 9], ["2009-2010", 9], ["2009-2010", 9], ["2009-2010", 9]], "average_length": 9.0}]}, {"column_name": "BEDS_Code", "number_non_empty_cells": 1531, "number_empty_cells": 0, "number_distinct_values": 1531, "frequent_values": [321100011299, 331300010103, 332200011535, 342800011620, 310500010194], "dataTypes": [{"type": "INTEGER (LONG)", "count": 1531, "max_value": 353100011605, "min_value": 307500011035, "mean": 327345079249.15704, "stddev": 12670028232.894463}]}, {"column_name": "School_Name", "number_non_empty_cells": 1531, "number_empty_cells": 0, "number_distinct_values": 1521, "frequent_values": ["Ps 150", "Ps 138", "Ps 89", "Ps 198", "Ps 396"], "dataTypes": [{"type": "TEXT", "count": 1531, "shortest_values": [["Ps 4", 4], ["Ps 4", 4], ["Ps 9", 4], ["Ms 2", 4], ["Ps 6", 4]], "longest_values": [["City Polytechnic High School Of Engineering, Architecture And Technolo", 70], ["The School For Classics:  An Academy Of Thinkers, Writers And Performe", 70], ["Fiorello H Laguardia High School Of Music, Art And Performing Arts", 66], ["Science Skills Center High School For Sci, Tech And Creative Arts", 65], ["Archimedes Academy For Math, Science And Technology Applications", 64]], "average_length": 25.98301763553232}]}, {"column_name": "Grade_Organization", "number_non_empty_cells": 1531, "number_empty_cells": 0, "number_distinct_values": 6, "frequent_values": ["Elementary", "Senior High", "Middle School", "Junior Senior School", "Junior High School"], "dataTypes": [{"type": "TEXT", "count": 1531, "shortest_values": [["Elementary", 10], ["Elementary", 10], ["Elementary", 10], ["Elementary", 10], ["Elementary", 10]], "longest_values": [["Junior Senior School", 20], ["Junior Senior School", 20], ["Junior Senior School", 20], ["Junior Senior School", 20], ["Junior Senior School", 20]], "average_length": 11.577400391900687}]}, {"column_name": "District_Name", "number_non_empty_cells": 1531, "number_empty_cells": 0, "number_distinct_values": 33, "frequent_values": ["New York City Geographic District # 2", "New York City Geographic District #10", "New York City Geographic District # 9", "New York City Geographic District #31", "New York City Geographic District #27"], "dataTypes": [{"type": "TEXT", "count": 1531, "shortest_values": [["Nyc Special Schools - District 75", 33], ["Nyc Special Schools - District 75", 33], ["Nyc Special Schools - District 75", 33], ["Nyc Special Schools - District 75", 33], ["Nyc Special Schools - District 75", 33]], "longest_values": [["New York City Geographic District # 1", 37], ["New York City Geographic District # 1", 37], ["New York City Geographic District # 1", 37], ["New York City Geographic District # 1", 37], ["New York City Geographic District # 1", 37]], "average_length": 36.85107772697583}]}, {"column_name": "Need/Resource_Category", "number_non_empty_cells": 1526, "number_empty_cells": 5, "number_distinct_values": 2, "frequent_values": ["New York City", null], "dataTypes": [{"type": "TEXT", "count": 1526, "shortest_values": [["New York City", 13], ["New York City", 13], ["New York City", 13], ["New York City", 13], ["New York City", 13]], "longest_values": [["New York City", 13], ["New York City", 13], ["New York City", 13], ["New York City", 13], ["New York City", 13]], "average_length": 13.0}]}, {"column_name": "School_Type", "number_non_empty_cells": 1531, "number_empty_cells": 0, "number_distinct_values": 1, "frequent_values": ["Public"], "dataTypes": [{"type": "TEXT", "count": 1531, "shortest_values": [["Public", 6], ["Public", 6], ["Public", 6], ["Public", 6], ["Public", 6]], "longest_values": [["Public", 6], ["Public", 6], ["Public", 6], ["Public", 6], ["Public", 6]], "average_length": 6.0}]}, {"column_name": "Enrollment", "number_non_empty_cells": 1531, "number_empty_cells": 0, "number_distinct_values": 852, "frequent_values": [552, 447, 362, 360, 437], "dataTypes": [{"type": "INTEGER (LONG)", "count": 1531, "max_value": 4949, "min_value": 26, "mean": 647.4931417374268, "stddev": 543.9927662846976}]}, {"column_name": "Homicide_With_Weapon(s)", "number_non_empty_cells": 1531, "number_empty_cells": 0, "number_distinct_values": 1, "frequent_values": [0], "dataTypes": [{"type": "INTEGER (LONG)", "count": 1531, "max_value": 0, "min_value": 0, "mean": 0.0, "stddev": 0.0}]}, {"column_name": "Homicide_Without_Weapon(s)", "number_non_empty_cells": 1531, "number_empty_cells": 0, "number_distinct_values": 1, "frequent_values": [0], "dataTypes": [{"type": "INTEGER (LONG)", "count": 1531, "max_value": 0, "min_value": 0, "mean": 0.0, "stddev": 0.0}]}, {"column_name": "Forcible_Sex_Offenses_With_Weapon(s)", "number_non_empty_cells": 1531, "number_empty_cells": 0, "number_distinct_values": 1, "frequent_values": [0], "dataTypes": [{"type": "INTEGER (LONG)", "count": 1531, "max_value": 0, "min_value": 0, "mean": 0.0, "stddev": 0.0}]}, {"column_name": "Forcible_Sex_Offenses_Without_Weapon(s)", "number_non_empty_cells": 1531, "number_empty_cells": 0, "number_distinct_values": 2, "frequent_values": [0, 1], "dataTypes": [{"type": "INTEGER (LONG)", "count": 1531, "max_value": 1, "min_value": 0, "mean": 0.00849118223383409, "stddev": 0.0917555560067396}]}, {"column_name": "Other_Sex_Offenses_With_Weapon(s)", "number_non_empty_cells": 1531, "number_empty_cells": 0, "number_distinct_values": 1, "frequent_values": [0], "dataTypes": [{"type": "INTEGER (LONG)", "count": 1531, "max_value": 0, "min_value": 0, "mean": 0.0, "stddev": 0.0}]}, {"column_name": "Other_Sex_Offenses_Without_Weapon(s)", "number_non_empty_cells": 1531, "number_empty_cells": 0, "number_distinct_values": 15, "frequent_values": [0, 1, 2, 3, 4], "dataTypes": [{"type": "INTEGER (LONG)", "count": 1531, "max_value": 14, "min_value": 0, "mean": 1.2246897452645311, "stddev": 1.8245561234006833}]}, {"column_name": "Robbery_With_Weapon(s)", "number_non_empty_cells": 1531, "number_empty_cells": 0, "number_distinct_values": 2, "frequent_values": [0, 1], "dataTypes": [{"type": "INTEGER (LONG)", "count": 1531, "max_value": 1, "min_value": 0, "mean": 0.003919007184846508, "stddev": 0.062479185074163925}]}, {"column_name": "Robbery_Without_Weapon(s)", "number_non_empty_cells": 1531, "number_empty_cells": 0, "number_distinct_values": 5, "frequent_values": [0, 1, 2, 3, 4], "dataTypes": [{"type": "INTEGER (LONG)", "count": 1531, "max_value": 4, "min_value": 0, "mean": 0.10058785107772696, "stddev": 0.3708072565517699}]}, {"column_name": "Assault_With_Serious_Physical_Injury_With_Weapon(s)", "number_non_empty_cells": 1531, "number_empty_cells": 0, "number_distinct_values": 2, "frequent_values": [0, 1], "dataTypes": [{"type": "INTEGER (LONG)", "count": 1531, "max_value": 1, "min_value": 0, "mean": 0.013716525146962777, "stddev": 0.1163115733057355}]}, {"column_name": "Assault_With_Serious_Physical_Injury_Without_Weapon(s)", "number_non_empty_cells": 1531, "number_empty_cells": 0, "number_distinct_values": 6, "frequent_values": [0, 1, 2, 3, 4], "dataTypes": [{"type": "INTEGER (LONG)", "count": 1531, "max_value": 5, "min_value": 0, "mean": 0.20640104506858228, "stddev": 0.5414119418364489}]}, {"column_name": "Arson_With_Weapon(s)", "number_non_empty_cells": 1531, "number_empty_cells": 0, "number_distinct_values": 5, "frequent_values": [0, 1, 2, 3, 4], "dataTypes": [{"type": "INTEGER (LONG)", "count": 1531, "max_value": 4, "min_value": 0, "mean": 0.1763553233180931, "stddev": 0.4742790346206292}]}, {"column_name": "Kidnapping_With_Weapon(s)", "number_non_empty_cells": 1531, "number_empty_cells": 0, "number_distinct_values": 1, "frequent_values": [0], "dataTypes": [{"type": "INTEGER (LONG)", "count": 1531, "max_value": 0, "min_value": 0, "mean": 0.0, "stddev": 0.0}]}, {"column_name": "Kidnapping_Without_Weapon(s)", "number_non_empty_cells": 1531, "number_empty_cells": 0, "number_distinct_values": 1, "frequent_values": [0], "dataTypes": [{"type": "INTEGER (LONG)", "count": 1531, "max_value": 0, "min_value": 0, "mean": 0.0, "stddev": 0.0}]}, {"column_name": "Assault_with_Physical_Injury_With_Weapon(s)", "number_non_empty_cells": 1531, "number_empty_cells": 0, "number_distinct_values": 6, "frequent_values": [0, 1, 2, 3, 4], "dataTypes": [{"type": "INTEGER (LONG)", "count": 1531, "max_value": 5, "min_value": 0, "mean": 0.20182887001959496, "stddev": 0.5485179123532795}]}, {"column_name": "Assault_with_Physical_Injury_Without_Weapon(s)", "number_non_empty_cells": 1531, "number_empty_cells": 0, "number_distinct_values": 21, "frequent_values": [0, 1, 2, 3, 4], "dataTypes": [{"type": "INTEGER (LONG)", "count": 1531, "max_value": 22, "min_value": 0, "mean": 1.86087524493795, "stddev": 2.8026028803149563}]}, {"column_name": "Reckless_Endangerment_With_Weapon(s)", "number_non_empty_cells": 1531, "number_empty_cells": 0, "number_distinct_values": 5, "frequent_values": [0, 1, 2, 3, 4], "dataTypes": [{"type": "INTEGER (LONG)", "count": 1531, "max_value": 4, "min_value": 0, "mean": 0.21489222730241664, "stddev": 0.5447333837016742}]}, {"column_name": "Reckless_Endangerment_Without_Weapon(s)", "number_non_empty_cells": 1531, "number_empty_cells": 0, "number_distinct_values": 10, "frequent_values": [0, 1, 2, 3, 4], "dataTypes": [{"type": "INTEGER (LONG)", "count": 1531, "max_value": 10, "min_value": 0, "mean": 0.7733507511430449, "stddev": 1.262521274182725}]}, {"column_name": "Minor_Altercations_With_Weapon(s)", "number_non_empty_cells": 1531, "number_empty_cells": 0, "number_distinct_values": 10, "frequent_values": [0, 1, 2, 3, 4], "dataTypes": [{"type": "INTEGER (LONG)", "count": 1531, "max_value": 10, "min_value": 0, "mean": 0.519268451992164, "stddev": 1.0425880915235382}]}, {"column_name": "Minor_Altercations_Without_Weapon(s)", "number_non_empty_cells": 1531, "number_empty_cells": 0, "number_distinct_values": 92, "frequent_values": [0, 1, 2, 3, 5], "dataTypes": [{"type": "INTEGER (LONG)", "count": 1531, "max_value": 211, "min_value": 0, "mean": 13.819725669497068, "stddev": 19.139698268958348}]}, {"column_name": "Intimidation,_Harassment,_Menacing,_or_Bullying_With_Weapon(s)", "number_non_empty_cells": 1531, "number_empty_cells": 0, "number_distinct_values": 8, "frequent_values": [0, 1, 2, 3, 4], "dataTypes": [{"type": "INTEGER (LONG)", "count": 1531, "max_value": 12, "min_value": 0, "mean": 0.44154147615937256, "stddev": 0.8792246012755158}]}, {"column_name": "Intimidation,_Harassment,_Menacing,_or_Bullying_Without_Weapon(s)", "number_non_empty_cells": 1531, "number_empty_cells": 0, "number_distinct_values": 41, "frequent_values": [0, 1, 2, 3, 4], "dataTypes": [{"type": "INTEGER (LONG)", "count": 1531, "max_value": 69, "min_value": 0, "mean": 4.005225342913123, "stddev": 6.472569775738274}]}, {"column_name": "Burglary_With_Weapon(s)", "number_non_empty_cells": 1531, "number_empty_cells": 0, "number_distinct_values": 1, "frequent_values": [0], "dataTypes": [{"type": "INTEGER (LONG)", "count": 1531, "max_value": 0, "min_value": 0, "mean": 0.0, "stddev": 0.0}]}, {"column_name": "Burglary_Without_Weapon(s)", "number_non_empty_cells": 1531, "number_empty_cells": 0, "number_distinct_values": 2, "frequent_values": [0, 1], "dataTypes": [{"type": "INTEGER (LONG)", "count": 1531, "max_value": 1, "min_value": 0, "mean": 0.000653167864141086, "stddev": 0.0255488010654578}]}, {"column_name": "Criminal_Mischief_With_Weapon(s)", "number_non_empty_cells": 1531, "number_empty_cells": 0, "number_distinct_values": 3, "frequent_values": [0, 1, 2], "dataTypes": [{"type": "INTEGER (LONG)", "count": 1531, "max_value": 2, "min_value": 0, "mean": 0.04049640757674715, "stddev": 0.20363968180757305}]}, {"column_name": "Criminal_Mischief_Without_Weapon(s)", "number_non_empty_cells": 1531, "number_empty_cells": 0, "number_distinct_values": 14, "frequent_values": [0, 1, 2, 3, 4], "dataTypes": [{"type": "INTEGER (LONG)", "count": 1531, "max_value": 15, "min_value": 0, "mean": 1.0509470934030036, "stddev": 1.8308671562684156}]}, {"column_name": "Larceny,_or_Other_Theft_With_Weapon(s)", "number_non_empty_cells": 1531, "number_empty_cells": 0, "number_distinct_values": 1, "frequent_values": [0], "dataTypes": [{"type": "INTEGER (LONG)", "count": 1531, "max_value": 0, "min_value": 0, "mean": 0.0, "stddev": 0.0}]}, {"column_name": "Larceny,_or_Other_Theft_Without_Weapon(s)", "number_non_empty_cells": 1531, "number_empty_cells": 0, "number_distinct_values": 17, "frequent_values": [0, 1, 2, 3, 4], "dataTypes": [{"type": "INTEGER (LONG)", "count": 1531, "max_value": 20, "min_value": 0, "mean": 0.8922273024167211, "stddev": 1.8541209605051916}]}, {"column_name": "Bomb_Threat", "number_non_empty_cells": 1531, "number_empty_cells": 0, "number_distinct_values": 4, "frequent_values": [0, 1, 2, 3], "dataTypes": [{"type": "INTEGER (LONG)", "count": 1531, "max_value": 3, "min_value": 0, "mean": 0.04964075767472235, "stddev": 0.25070417146826224}]}, {"column_name": "False_Alarm", "number_non_empty_cells": 1531, "number_empty_cells": 0, "number_distinct_values": 6, "frequent_values": [0, 1, 2, 3, 4], "dataTypes": [{"type": "INTEGER (LONG)", "count": 1531, "max_value": 5, "min_value": 0, "mean": 0.15806662312214265, "stddev": 0.5285746563585012}]}, {"column_name": "Riot_With_Weapon(s)", "number_non_empty_cells": 1531, "number_empty_cells": 0, "number_distinct_values": 1, "frequent_values": [0], "dataTypes": [{"type": "INTEGER (LONG)", "count": 1531, "max_value": 0, "min_value": 0, "mean": 0.0, "stddev": 0.0}]}, {"column_name": "Riot_Without_Weapon(s)", "number_non_empty_cells": 1531, "number_empty_cells": 0, "number_distinct_values": 2, "frequent_values": [0, 1], "dataTypes": [{"type": "INTEGER (LONG)", "count": 1531, "max_value": 1, "min_value": 0, "mean": 0.001306335728282171, "stddev": 0.0361196513721711}]}, {"column_name": "Weapon_PossessionThrough_Screening", "number_non_empty_cells": 1531, "number_empty_cells": 0, "number_distinct_values": 23, "frequent_values": [0, 1, 2, 3, 4], "dataTypes": [{"type": "INTEGER (LONG)", "count": 1531, "max_value": 42, "min_value": 0, "mean": 0.5532331809274987, "stddev": 2.3460309458862185}]}, {"column_name": "Weapon_Possession_Under_Other_Circumstances", "number_non_empty_cells": 1531, "number_empty_cells": 0, "number_distinct_values": 18, "frequent_values": [0, 1, 2, 3, 4], "dataTypes": [{"type": "INTEGER (LONG)", "count": 1531, "max_value": 21, "min_value": 0, "mean": 1.5924232527759659, "stddev": 2.176663850734312}]}, {"column_name": "Drug_Possession", "number_non_empty_cells": 1531, "number_empty_cells": 0, "number_distinct_values": 14, "frequent_values": [0, 1, 2, 3, 4], "dataTypes": [{"type": "INTEGER (LONG)", "count": 1531, "max_value": 16, "min_value": 0, "mean": 0.5989549314173751, "stddev": 1.3705301619497554}]}, {"column_name": "Alcohol_Possession", "number_non_empty_cells": 1531, "number_empty_cells": 0, "number_distinct_values": 10, "frequent_values": [0, 1, 2, 3, 4], "dataTypes": [{"type": "INTEGER (LONG)", "count": 1531, "max_value": 13, "min_value": 0, "mean": 0.3500979751796216, "stddev": 0.890602466480376}]}, {"column_name": "Other_Disruptive", "number_non_empty_cells": 1531, "number_empty_cells": 0, "number_distinct_values": 108, "frequent_values": [0, 1, 2, 3, 5], "dataTypes": [{"type": "INTEGER (LONG)", "count": 1531, "max_value": 423, "min_value": 0, "mean": 11.352057478772018, "stddev": 25.34747730049247}]}]}