{"dataset_name": "/user/hm74/NYCOpenData/6fi9-q3ta.tsv.gz", "columns": [{"column_name": "hour_beginning", "number_non_empty_cells": 7296, "number_empty_cells": 0, "number_distinct_values": 7296, "frequent_values": ["11/13/2017 10:00:00 AM", "01/05/2018 11:00:00 PM", "10/20/2017 12:00:00 AM", "01/14/2018 09:00:00 AM", "12/24/2017 12:00:00 PM"], "dataTypes": [{"type": "DATE/TIME", "count": 7296, "max_value": "2018-07-31T23:00:00", "min_value": "2017-10-01T00:00:00"}]}, {"column_name": "location", "number_non_empty_cells": 7296, "number_empty_cells": 0, "number_distinct_values": 1, "frequent_values": ["Brooklyn Bridge"], "dataTypes": [{"type": "TEXT", "count": 7296, "shortest_values": [["Brooklyn Bridge", 15], ["Brooklyn Bridge", 15], ["Brooklyn Bridge", 15], ["Brooklyn Bridge", 15], ["Brooklyn Bridge", 15]], "longest_values": [["Brooklyn Bridge", 15], ["Brooklyn Bridge", 15], ["Brooklyn Bridge", 15], ["Brooklyn Bridge", 15], ["Brooklyn Bridge", 15]], "average_length": 15.0}]}, {"column_name": "Pedestrians", "number_non_empty_cells": 7296, "number_empty_cells": 0, "number_distinct_values": 2200, "frequent_values": [3, 2, 4, 5, 1], "dataTypes": [{"type": "INTEGER (LONG)", "count": 7296, "max_value": 4330, "min_value": 0, "mean": 688.2801535087729, "stddev": 816.6780027436314}]}, {"column_name": "Towards_Manhattan", "number_non_empty_cells": 7296, "number_empty_cells": 0, "number_distinct_values": 1336, "frequent_values": [0, 2, 1, 4, 3], "dataTypes": [{"type": "INTEGER (LONG)", "count": 7296, "max_value": 3657, "min_value": 0, "mean": 339.9337993421047, "stddev": 405.97686820788874}]}, {"column_name": "Towards_Brooklyn", "number_non_empty_cells": 7296, "number_empty_cells": 0, "number_distinct_values": 1414, "frequent_values": [1, 2, 3, 5, 4], "dataTypes": [{"type": "INTEGER (LONG)", "count": 7296, "max_value": 2495, "min_value": 0, "mean": 348.24287280701765, "stddev": 426.9757493340558}]}, {"column_name": "weather_summary", "number_non_empty_cells": 7294, "number_empty_cells": 2, "number_distinct_values": 11, "frequent_values": ["clear-night", "clear-day", "partly-cloudy-day", "partly-cloudy-night", "cloudy"], "dataTypes": [{"type": "TEXT", "count": 7294, "shortest_values": [["fog", 3], ["fog", 3], ["fog", 3], ["fog", 3], ["fog", 3]], "longest_values": [["partly-cloudy-night", 19], ["partly-cloudy-night", 19], ["partly-cloudy-night", 19], ["partly-cloudy-night", 19], ["partly-cloudy-night", 19]], "average_length": 12.285988483685209}]}, {"column_name": "temperature", "number_non_empty_cells": 7294, "number_empty_cells": 2, "number_distinct_values": 92, "frequent_values": [36, 34, 38, 41, 42], "dataTypes": [{"type": "INTEGER (LONG)", "count": 7294, "max_value": 94, "min_value": 4, "mean": 51.0625171373732, "stddev": 17.934566701717667}]}, {"column_name": "precipitation", "number_non_empty_cells": 7294, "number_empty_cells": 2, "number_distinct_values": 510, "frequent_values": [0.0, 0.0001, 0.0002, 0.0003, 0.0004], "dataTypes": [{"type": "REAL", "count": 7294, "max_value": 0.4543, "min_value": 0.0, "mean": 0.0048493145050726655, "stddev": 0.023749844360601624}]}, {"column_name": "lat", "number_non_empty_cells": 7296, "number_empty_cells": 0, "number_distinct_values": 1, "frequent_values": [40.7081639691088], "dataTypes": [{"type": "REAL", "count": 7296, "max_value": 40.7081639691088, "min_value": 40.7081639691088, "mean": 40.7081639691088, "stddev": 0.0}]}, {"column_name": "long", "number_non_empty_cells": 7296, "number_empty_cells": 0, "number_distinct_values": 1, "frequent_values": [-73.9995087014816], "dataTypes": [{"type": "REAL", "count": 7296, "max_value": -73.9995087014816, "min_value": -73.9995087014816, "mean": -73.9995087014816, "stddev": 0.0}]}, {"column_name": "events", "number_non_empty_cells": 552, "number_empty_cells": 6744, "number_distinct_values": 24, "frequent_values": ["Presidents' Day (regional holiday)", "Black Friday", "St. Patrick's Day", "Thanksgiving Day", "Mother's Day"], "dataTypes": [{"type": "TEXT", "count": 552, "shortest_values": [["Tax Day", 7], ["Tax Day", 7], ["Tax Day", 7], ["Tax Day", 7], ["Tax Day", 7]], "longest_values": [["Presidents' Day (regional holiday)", 34], ["Presidents' Day (regional holiday)", 34], ["Presidents' Day (regional holiday)", 34], ["Presidents' Day (regional holiday)", 34], ["Presidents' Day (regional holiday)", 34]], "average_length": 16.695652173913032}]}, {"column_name": "Location1", "number_non_empty_cells": 7296, "number_empty_cells": 0, "number_distinct_values": 1, "frequent_values": ["(40.7081639691088, -73.9995087014816)"], "dataTypes": [{"type": "TEXT", "count": 7296, "shortest_values": [["(40.7081639691088, -73.9995087014816)", 37], ["(40.7081639691088, -73.9995087014816)", 37], ["(40.7081639691088, -73.9995087014816)", 37], ["(40.7081639691088, -73.9995087014816)", 37], ["(40.7081639691088, -73.9995087014816)", 37]], "longest_values": [["(40.7081639691088, -73.9995087014816)", 37], ["(40.7081639691088, -73.9995087014816)", 37], ["(40.7081639691088, -73.9995087014816)", 37], ["(40.7081639691088, -73.9995087014816)", 37], ["(40.7081639691088, -73.9995087014816)", 37]], "average_length": 37.0}]}]}