{"dataset_name": "/user/hm74/NYCOpenData/6ggx-itps.tsv.gz", "columns": [{"column_name": "New York City Annual Debt Service Expense, dollars in millions", "number_non_empty_cells": 25, "number_empty_cells": 0, "number_distinct_values": 22, "frequent_values": ["Current Year Debt Service Paid in Current Year", "Current Year Debt Service Prepaid in Prior Year(s) (2)", "Subtotal: Adjusted Service Expense of Outstanding Debt as defined the Mayor and Comptroller", "Current Year Service Paid in Current Year", "Debt Service for STAR TFA Bonds Defeased in 2015 (7)"], "dataTypes": [{"type": "TEXT", "count": 25, "shortest_values": [["Conduit Debt", 12], ["Short Term Debt", 15], ["General Obligation (GO)", 23], ["TSASC Debt Service (10)", 23], ["Transitional Finance Authority (TFA)", 36]], "longest_values": [["Change in Net Equity Contribution in Bond Refunding that Accrued to Future Years' Debt Service Savings", 102], ["Debt Service for Jay Street Development Corporation (Conduit Debt) Bonds Defeased in 2007 (8)", 93], ["Subtotal: Adjusted Service Expense of Outstanding Debt as defined the Mayor and Comptroller", 91], ["TOTAL: Adjusted Debt Service Expense of Outstanding Debt as Defined by IBO", 74], ["Current Year Debt Service Prepaid in Prior Year(s) (2)", 54]], "average_length": 49.00000000000001}]}, {"column_name": "FY 2018", "number_non_empty_cells": 25, "number_empty_cells": 0, "number_distinct_values": 15, "frequent_values": [0, 214, 570, 6295, 1560], "dataTypes": [{"type": "INTEGER (LONG)", "count": 25, "max_value": 6938, "min_value": 0, "mean": 1074.04, "stddev": 1898.7172191772004}]}, {"column_name": "FY 2017", "number_non_empty_cells": 25, "number_empty_cells": 0, "number_distinct_values": 16, "frequent_values": [0, 101, 3783, 65, 2023], "dataTypes": [{"type": "INTEGER (LONG)", "count": 25, "max_value": 6882, "min_value": 0, "mean": 1070.0400000000002, "stddev": 1883.3806090113596}]}, {"column_name": "FY 2016", "number_non_empty_cells": 25, "number_empty_cells": 0, "number_distinct_values": 16, "frequent_values": [0.0, 157.908848, 234.3, 1953.098, 1501.47], "dataTypes": [{"type": "REAL", "count": 25, "max_value": 6699.905695, "min_value": 0.0, "mean": 1042.8553112000002, "stddev": 1837.0582308072035}]}, {"column_name": "FY 2015", "number_non_empty_cells": 25, "number_empty_cells": 0, "number_distinct_values": 16, "frequent_values": [0.0, 225.0, 430.0, 456.0, 2033.09], "dataTypes": [{"type": "REAL", "count": 25, "max_value": 6438.09, "min_value": -24.0, "mean": 1009.4544000000001, "stddev": 1807.7942388492781}]}, {"column_name": "FY 2014", "number_non_empty_cells": 25, "number_empty_cells": 0, "number_distinct_values": 16, "frequent_values": [0.0, 3671.00623, 1648.55, 411.133, 1641.31], "dataTypes": [{"type": "REAL", "count": 25, "max_value": 6063.197230000001, "min_value": -7.0, "mean": 962.1277167999999, "stddev": 1706.270691602664}]}, {"column_name": "FY 2013", "number_non_empty_cells": 25, "number_empty_cells": 0, "number_distinct_values": 16, "frequent_values": [0.0, 810.0, 184.0, 5761.0, 70.0], "dataTypes": [{"type": "REAL", "count": 25, "max_value": 6127.0, "min_value": 0.0, "mean": 989.1599999999999, "stddev": 1714.0489299900396}]}, {"column_name": "FY 2012", "number_non_empty_cells": 25, "number_empty_cells": 0, "number_distinct_values": 14, "frequent_values": [0.0, 245.0, 1407.0, 5817.0, 5437.0], "dataTypes": [{"type": "REAL", "count": 25, "max_value": 5817.0, "min_value": -19.0, "mean": 944.2, "stddev": 1658.1862862778717}]}, {"column_name": "FY 2011", "number_non_empty_cells": 25, "number_empty_cells": 0, "number_distinct_values": 13, "frequent_values": [0.0, 213.94, 5282.62, 1123.83, 3660.33], "dataTypes": [{"type": "REAL", "count": 25, "max_value": 5282.62, "min_value": 0.0, "mean": 862.7499999999999, "stddev": 1539.155089576096}]}, {"column_name": "FY 2010", "number_non_empty_cells": 25, "number_empty_cells": 0, "number_distinct_values": 20, "frequent_values": [0.0, 1218.65, 1286.64, 79.51, -1.0], "dataTypes": [{"type": "REAL", "count": 25, "max_value": 5401.74, "min_value": -1.0, "mean": 874.2052000000001, "stddev": 1529.1761282157659}]}, {"column_name": "FY 2009", "number_non_empty_cells": 25, "number_empty_cells": 0, "number_distinct_values": 19, "frequent_values": [0.0, 4887.76, 126.47, 7.0, 780.01], "dataTypes": [{"type": "REAL", "count": 25, "max_value": 4887.76, "min_value": 0.0, "mean": 797.2580000000002, "stddev": 1467.7183979415124}]}, {"column_name": "FY 2008", "number_non_empty_cells": 25, "number_empty_cells": 0, "number_distinct_values": 19, "frequent_values": [0.0, 2.8, 758.42, 3313.5, 112.5], "dataTypes": [{"type": "REAL", "count": 25, "max_value": 4655.86, "min_value": -8.0, "mean": 763.8056, "stddev": 1445.0873870851685}]}, {"column_name": "FY 2007", "number_non_empty_cells": 25, "number_empty_cells": 0, "number_distinct_values": 16, "frequent_values": [0.0, 10.0, 83.34, 213.0, 3379.29], "dataTypes": [{"type": "REAL", "count": 25, "max_value": 4522.77, "min_value": -1.0, "mean": 744.3936000000001, "stddev": 1412.2488997535245}]}, {"column_name": "FY 2006", "number_non_empty_cells": 25, "number_empty_cells": 0, "number_distinct_values": 15, "frequent_values": [0.0, 10.0, 350.0, 242.86, 1297.0], "dataTypes": [{"type": "REAL", "count": 25, "max_value": 4775.45, "min_value": 0.0, "mean": 765.4871999999999, "stddev": 1335.5572080851348}]}, {"column_name": "FY 2005", "number_non_empty_cells": 25, "number_empty_cells": 0, "number_distinct_values": 16, "frequent_values": [0.0, 110.77, 70.81, 2937.12, 118.17], "dataTypes": [{"type": "REAL", "count": 25, "max_value": 4275.94, "min_value": 0.0, "mean": 697.0472, "stddev": 1245.2405027673008}]}, {"column_name": "FY  2004", "number_non_empty_cells": 25, "number_empty_cells": 0, "number_distinct_values": 17, "frequent_values": [0.0, 501.53, 2366.23, 139.42, 490.35], "dataTypes": [{"type": "REAL", "count": 25, "max_value": 4213.32, "min_value": 0.0, "mean": 684.5555999999999, "stddev": 1232.116416308394}]}, {"column_name": "FY 2003", "number_non_empty_cells": 25, "number_empty_cells": 0, "number_distinct_values": 12, "frequent_values": [0.0, 536.8, 225.2, 115.99, 2379.4], "dataTypes": [{"type": "REAL", "count": 25, "max_value": 3322.77, "min_value": 0.0, "mean": 546.2815999999999, "stddev": 983.0169248906348}]}, {"column_name": "FY 2002", "number_non_empty_cells": 25, "number_empty_cells": 0, "number_distinct_values": 17, "frequent_values": [0.0, 450.5, 110.6, 166.49, 2695.07], "dataTypes": [{"type": "REAL", "count": 25, "max_value": 3869.57, "min_value": 0.0, "mean": 633.0980000000001, "stddev": 1142.7903967849923}]}, {"column_name": "FY 2001", "number_non_empty_cells": 25, "number_empty_cells": 0, "number_distinct_values": 15, "frequent_values": [0.0, 450.5, 407.4, 138.22, 290.3], "dataTypes": [{"type": "REAL", "count": 25, "max_value": 3836.15, "min_value": -29.0, "mean": 630.322, "stddev": 1172.787418087353}]}, {"column_name": "FY 2000", "number_non_empty_cells": 25, "number_empty_cells": 0, "number_distinct_values": 13, "frequent_values": [0.0, 385.9, 3463.69, 247.1, 38.14], "dataTypes": [{"type": "REAL", "count": 25, "max_value": 3463.69, "min_value": 0.0, "mean": 573.5476, "stddev": 1059.0477438426656}]}]}