{"dataset_name": "/user/hm74/NYCOpenData/6gre-fvg9.tsv.gz", "columns": [{"column_name": "district", "number_non_empty_cells": 2240, "number_empty_cells": 0, "number_distinct_values": 32, "frequent_values": [31, 28, 26, 27, 12], "dataTypes": [{"type": "INTEGER (LONG)", "count": 2240, "max_value": 32, "min_value": 1, "mean": 16.50000000000001, "stddev": 9.233092656309688}]}, {"column_name": "Grade", "number_non_empty_cells": 2240, "number_empty_cells": 0, "number_distinct_values": 7, "frequent_values": ["7", "3", "8", "5", "6"], "dataTypes": [{"type": "INTEGER (LONG)", "count": 1920, "max_value": 8, "min_value": 3, "mean": 5.500000000000007, "stddev": 1.7078251276599345}, {"type": "TEXT", "count": 320, "shortest_values": [["All Grades", 10], ["All Grades", 10], ["All Grades", 10], ["All Grades", 10], ["All Grades", 10]], "longest_values": [["All Grades", 10], ["All Grades", 10], ["All Grades", 10], ["All Grades", 10], ["All Grades", 10]], "average_length": 10.0}]}, {"column_name": "Year", "number_non_empty_cells": 2240, "number_empty_cells": 0, "number_distinct_values": 5, "frequent_values": [2015, 2013, 2014, 2016, 2017], "dataTypes": [{"type": "INTEGER (LONG)", "count": 2240, "max_value": 2017, "min_value": 2013, "mean": 2014.9999999999989, "stddev": 1.4142135623730994}]}, {"column_name": "Category", "number_non_empty_cells": 2240, "number_empty_cells": 0, "number_distinct_values": 2, "frequent_values": ["Female", "Male"], "dataTypes": [{"type": "TEXT", "count": 2240, "shortest_values": [["Male", 4], ["Male", 4], ["Male", 4], ["Male", 4], ["Male", 4]], "longest_values": [["Female", 6], ["Female", 6], ["Female", 6], ["Female", 6], ["Female", 6]], "average_length": 5.000000000000003}]}, {"column_name": "Number_Tested", "number_non_empty_cells": 2240, "number_empty_cells": 0, "number_distinct_values": 1497, "frequent_values": [482, 484, 640, 777, 447], "dataTypes": [{"type": "INTEGER (LONG)", "count": 2240, "max_value": 13985, "min_value": 144, "mean": 1802.7062500000002, "stddev": 2254.5013610386713}]}, {"column_name": "Mean_Scale_Score", "number_non_empty_cells": 2240, "number_empty_cells": 0, "number_distinct_values": 80, "frequent_values": [286, 291, 290, 288, 306], "dataTypes": [{"type": "INTEGER (LONG)", "count": 2240, "max_value": 343, "min_value": 261, "mean": 298.5446428571434, "stddev": 15.54879324259662}]}, {"column_name": "Level1_N", "number_non_empty_cells": 2240, "number_empty_cells": 0, "number_distinct_values": 970, "frequent_values": [250, 395, 225, 224, 323], "dataTypes": [{"type": "INTEGER (LONG)", "count": 2240, "max_value": 6035, "min_value": 38, "mean": 613.5874999999988, "stddev": 790.038026562759}]}, {"column_name": "Level1_%", "number_non_empty_cells": 2240, "number_empty_cells": 0, "number_distinct_values": 591, "frequent_values": [49.1, 45.6, 34.1, 39.2, 39.3], "dataTypes": [{"type": "REAL", "count": 2240, "max_value": 72.5, "min_value": 4.6, "mean": 36.87977678571429, "stddev": 14.59002738370692}]}, {"column_name": "Level2_N", "number_non_empty_cells": 2240, "number_empty_cells": 0, "number_distinct_values": 922, "frequent_values": [177, 157, 125, 240, 375], "dataTypes": [{"type": "INTEGER (LONG)", "count": 2240, "max_value": 4910, "min_value": 46, "mean": 565.4223214285711, "stddev": 727.1770651943107}]}, {"column_name": "Level2_%", "number_non_empty_cells": 2240, "number_empty_cells": 0, "number_distinct_values": 286, "frequent_values": [32.6, 34.5, 32.9, 32.8, 32.3], "dataTypes": [{"type": "REAL", "count": 2240, "max_value": 46.8, "min_value": 13.9, "mean": 31.28910714285717, "stddev": 5.457678659069557}]}, {"column_name": "Level3_N", "number_non_empty_cells": 2240, "number_empty_cells": 0, "number_distinct_values": 738, "frequent_values": [48, 96, 61, 100, 83], "dataTypes": [{"type": "INTEGER (LONG)", "count": 2240, "max_value": 3308, "min_value": 9, "mean": 350.56964285714247, "stddev": 490.83741722679656}]}, {"column_name": "Level3_%", "number_non_empty_cells": 2240, "number_empty_cells": 0, "number_distinct_values": 298, "frequent_values": [18.9, 11.8, 24.0, 18.0, 15.1], "dataTypes": [{"type": "REAL", "count": 2240, "max_value": 35.9, "min_value": 3.4, "mean": 18.105178571428574, "stddev": 6.550760585903483}]}, {"column_name": "Level4_N", "number_non_empty_cells": 2240, "number_empty_cells": 0, "number_distinct_values": 689, "frequent_values": [23, 27, 16, 24, 17], "dataTypes": [{"type": "INTEGER (LONG)", "count": 2240, "max_value": 3996, "min_value": 0, "mean": 273.1267857142859, "stddev": 458.6512067585745}]}, {"column_name": "Level4_%", "number_non_empty_cells": 2240, "number_empty_cells": 0, "number_distinct_values": 431, "frequent_values": [4.0, 3.7, 8.0, 4.1, 3.6], "dataTypes": [{"type": "REAL", "count": 2240, "max_value": 53.4, "min_value": 0.0, "mean": 13.727232142857126, "stddev": 11.281279508059674}]}, {"column_name": "Level3+4_N", "number_non_empty_cells": 2240, "number_empty_cells": 0, "number_distinct_values": 1015, "frequent_values": [117, 100, 123, 69, 66], "dataTypes": [{"type": "INTEGER (LONG)", "count": 2240, "max_value": 7041, "min_value": 11, "mean": 623.6964285714289, "stddev": 927.1470756081118}]}, {"column_name": "Level3+4_%", "number_non_empty_cells": 2240, "number_empty_cells": 0, "number_distinct_values": 623, "frequent_values": [16.4, 20.4, 19.3, 24.7, 22.5], "dataTypes": [{"type": "REAL", "count": 2240, "max_value": 81.3, "min_value": 3.7, "mean": 31.831562499999997, "stddev": 16.81655538624342}]}]}