{"dataset_name": "/user/hm74/NYCOpenData/6gzn-qtm3.tsv.gz", "columns": [{"column_name": "Site_ID", "number_non_empty_cells": 7258, "number_empty_cells": 14, "number_distinct_values": 2052, "frequent_values": ["02M042", "08X093", "QANV", "RABM", "XACE"], "dataTypes": [{"type": "DATE/TIME", "count": 109, "max_value": "2019-12-09T00:06:48", "min_value": "2019-12-09T00:01:15"}, {"type": "TEXT", "count": 7163, "shortest_values": [["K129", 4], ["K182", 4], ["K362", 4], ["K651", 4], ["K702", 4]], "longest_values": [["01M063", 6], ["01M063", 6], ["01M063", 6], ["01M063", 6], ["01M064", 6]], "average_length": 4.698310763646506}]}, {"column_name": "Site_Name", "number_non_empty_cells": 7230, "number_empty_cells": 42, "number_distinct_values": 2528, "frequent_values": ["Trabajamos Community Head Start", "Mi Nuevo Mundo", "Brooklyn Chinese American Association", "Jewish Community Center Of Staten Island", "East Side House"], "dataTypes": [{"type": "TEXT", "count": 7272, "shortest_values": [["ICCD", 4], ["ICCD", 4], ["ICCD", 4], ["ICCD", 4], ["ICCD", 4]], "longest_values": [["Girls Preparatory Charter School of the Bronx and Boys Preparatory Charter School of the Bronx (PrePrep - Joan Ganz Cooney Early Learning Program)", 146], ["Roman Catholic Church of Our Lady of the Snows d/b/a Our Lady of the Snows School", 81], ["Roman Catholic Church of Our Lady of the Snows d/b/a Our Lady of the Snows School", 81], ["Roman Catholic Church of Our Lady of the Snows d/b/a Our Lady of the Snows School", 81], ["Dimitrios & Georgia Kaloidis Parichol School of Holy Cross Greek Orthodox Church", 80]], "average_length": 26.77282728272831}]}, {"column_name": "Site_Type", "number_non_empty_cells": 7272, "number_empty_cells": 0, "number_distinct_values": 7, "frequent_values": ["DOE", "PS", "ACS", "PS - PreK Center", "Special Education"], "dataTypes": [{"type": "TEXT", "count": 7272, "shortest_values": [["PS", 2], ["PS", 2], ["PS", 2], ["PS", 2], ["PS", 2]], "longest_values": [["Special Education", 17], ["Special Education", 17], ["Special Education", 17], ["Special Education", 17], ["Special Education", 17]], "average_length": 3.4067656765676624}]}, {"column_name": "Year", "number_non_empty_cells": 7272, "number_empty_cells": 0, "number_distinct_values": 4, "frequent_values": ["2016-17", "2015-16", "2018-19", "2017-18"], "dataTypes": [{"type": "TEXT", "count": 7272, "shortest_values": [["2015-16", 7], ["2016-17", 7], ["2017-18", 7], ["2018-19", 7], ["2015-16", 7]], "longest_values": [["2015-16", 7], ["2016-17", 7], ["2017-18", 7], ["2018-19", 7], ["2015-16", 7]], "average_length": 7.0}]}, {"column_name": "Total_Enrollment", "number_non_empty_cells": 7272, "number_empty_cells": 0, "number_distinct_values": 164, "frequent_values": [36, 18, 35, 20, 54], "dataTypes": [{"type": "INTEGER (LONG)", "count": 7272, "max_value": 484, "min_value": 1, "mean": 37.66831683168321, "stddev": 25.80270722709638}]}, {"column_name": "#_Female", "number_non_empty_cells": 7272, "number_empty_cells": 0, "number_distinct_values": 97, "frequent_values": [9, 8, 10, 18, 11], "dataTypes": [{"type": "INTEGER (LONG)", "count": 7272, "max_value": 254, "min_value": 0, "mean": 19.09392189218919, "stddev": 13.778934209985042}]}, {"column_name": "%_Female", "number_non_empty_cells": 7272, "number_empty_cells": 0, "number_distinct_values": 434, "frequent_values": [0.5, 0.556, 0.444, 0.667, 0.6], "dataTypes": [{"type": "REAL", "count": 7272, "max_value": 1.0, "min_value": 0.0, "mean": 0.503632425742572, "stddev": 0.11915803384111073}]}, {"column_name": "#_Male", "number_non_empty_cells": 7272, "number_empty_cells": 0, "number_distinct_values": 95, "frequent_values": [9, 16, 10, 7, 15], "dataTypes": [{"type": "INTEGER (LONG)", "count": 7272, "max_value": 230, "min_value": 0, "mean": 18.574394939493907, "stddev": 13.163636240733274}]}, {"column_name": "%_Male", "number_non_empty_cells": 7272, "number_empty_cells": 0, "number_distinct_values": 434, "frequent_values": [0.5, 0.444, 0.556, 0.333, 0.4], "dataTypes": [{"type": "REAL", "count": 7272, "max_value": 1.0, "min_value": 0.0, "mean": 0.49638517601760346, "stddev": 0.11916061751706487}]}, {"column_name": "#_Asian", "number_non_empty_cells": 7272, "number_empty_cells": 0, "number_distinct_values": 95, "frequent_values": [0, 1, 2, 3, 4], "dataTypes": [{"type": "INTEGER (LONG)", "count": 7272, "max_value": 127, "min_value": 0, "mean": 6.396039603960402, "stddev": 12.249230493447318}]}, {"column_name": "%_Asian", "number_non_empty_cells": 7272, "number_empty_cells": 0, "number_distinct_values": 662, "frequent_values": [0.0, 0.056, 0.111, 0.028, 0.167], "dataTypes": [{"type": "REAL", "count": 7272, "max_value": 1.0, "min_value": 0.0, "mean": 0.1563762376237624, "stddev": 0.23801214210074392}]}, {"column_name": "#_Black", "number_non_empty_cells": 7272, "number_empty_cells": 0, "number_distinct_values": 91, "frequent_values": [0, 1, 2, 3, 4], "dataTypes": [{"type": "INTEGER (LONG)", "count": 7272, "max_value": 135, "min_value": 0, "mean": 8.592409240924088, "stddev": 12.090292755100252}]}, {"column_name": "%_Black", "number_non_empty_cells": 7272, "number_empty_cells": 0, "number_distinct_values": 744, "frequent_values": [0.0, 0.056, 0.028, 0.167, 0.5], "dataTypes": [{"type": "REAL", "count": 7272, "max_value": 1.0, "min_value": 0.0, "mean": 0.256273652365237, "stddev": 0.2980985306409086}]}, {"column_name": "#_Hispanic", "number_non_empty_cells": 7272, "number_empty_cells": 0, "number_distinct_values": 110, "frequent_values": [0, 2, 1, 3, 6], "dataTypes": [{"type": "INTEGER (LONG)", "count": 7272, "max_value": 447, "min_value": 0, "mean": 14.438393839383926, "stddev": 17.113468150545057}]}, {"column_name": "%_Hispanic", "number_non_empty_cells": 7272, "number_empty_cells": 0, "number_distinct_values": 833, "frequent_values": [0.0, 0.167, 0.5, 0.111, 0.333], "dataTypes": [{"type": "REAL", "count": 7272, "max_value": 1.0, "min_value": 0.0, "mean": 0.3678529977997807, "stddev": 0.27846978973919956}]}, {"column_name": "#_Multiple_Race_Categories_Not_Represented", "number_non_empty_cells": 7272, "number_empty_cells": 0, "number_distinct_values": 27, "frequent_values": [0, 1, 2, 3, 4], "dataTypes": [{"type": "INTEGER (LONG)", "count": 7272, "max_value": 43, "min_value": 0, "mean": 1.1597909790979124, "stddev": 2.2635219790162386}]}, {"column_name": "%_Multiple_Race_Categories_Not_Represented", "number_non_empty_cells": 7272, "number_empty_cells": 0, "number_distinct_values": 227, "frequent_values": [0.0, 0.056, 0.028, 0.029, 0.111], "dataTypes": [{"type": "REAL", "count": 7272, "max_value": 1.0, "min_value": 0.0, "mean": 0.032006738173817446, "stddev": 0.05738359416932275}]}, {"column_name": "#_White", "number_non_empty_cells": 7272, "number_empty_cells": 0, "number_distinct_values": 90, "frequent_values": [0, 1, 2, 3, 4], "dataTypes": [{"type": "INTEGER (LONG)", "count": 7272, "max_value": 284, "min_value": 0, "mean": 7.081683168316826, "stddev": 13.112756116260385}]}, {"column_name": "%_White", "number_non_empty_cells": 7272, "number_empty_cells": 0, "number_distinct_values": 664, "frequent_values": [0.0, 1.0, 0.056, 0.5, 0.028], "dataTypes": [{"type": "REAL", "count": 7272, "max_value": 1.0, "min_value": 0.0, "mean": 0.18756215621562247, "stddev": 0.2727188072755079}]}]}