{"dataset_name": "/user/hm74/NYCOpenData/6irv-e4ks.tsv.gz", "columns": [{"column_name": "School Year", "number_non_empty_cells": 51, "number_empty_cells": 1, "number_distinct_values": 2, "frequent_values": ["2015-16", null], "dataTypes": [{"type": "TEXT", "count": 51, "shortest_values": [["2015-16", 7], ["2015-16", 7], ["2015-16", 7], ["2015-16", 7], ["2015-16", 7]], "longest_values": [["2015-16", 7], ["2015-16", 7], ["2015-16", 7], ["2015-16", 7], ["2015-16", 7]], "average_length": 7.0}]}, {"column_name": "City Council District", "number_non_empty_cells": 52, "number_empty_cells": 0, "number_distinct_values": 52, "frequent_values": ["7", "51", "15", "11", "29"], "dataTypes": [{"type": "INTEGER (LONG)", "count": 51, "max_value": 51, "min_value": 1, "mean": 26.0, "stddev": 14.719601443879744}, {"type": "TEXT", "count": 1, "shortest_values": [["Total:", 6]], "longest_values": [["Total:", 6]], "average_length": 6.0}]}, {"column_name": "# of students in grades 6-8", "number_non_empty_cells": 52, "number_empty_cells": 0, "number_distinct_values": 52, "frequent_values": [2622, 3691, 5178, 5457, 6142], "dataTypes": [{"type": "INTEGER (LONG)", "count": 52, "max_value": 205605, "min_value": 800, "mean": 7907.884615384615, "stddev": 27723.94841915965}]}, {"column_name": "# of students in grades 6-8 who have completed at least one semester of health instruction", "number_non_empty_cells": 52, "number_empty_cells": 0, "number_distinct_values": 51, "frequent_values": ["s", "2,705", "1,955", "1,491", "356"], "dataTypes": [{"type": "INTEGER (LONG)", "count": 9, "max_value": 985, "min_value": 356, "mean": 716.4444444444443, "stddev": 203.21204640096792}, {"type": "DATE/TIME", "count": 39, "max_value": "2067-02-06T00:00:00", "min_value": "0156-04-06T00:00:00"}, {"type": "TEXT", "count": 4, "shortest_values": [["s", 1], ["s", 1], ["2,031", 5], ["96,233", 6]], "longest_values": [["96,233", 6], ["2,031", 5], ["s", 1], ["s", 1]], "average_length": 3.25}]}, {"column_name": "%", "number_non_empty_cells": 52, "number_empty_cells": 0, "number_distinct_values": 50, "frequent_values": ["46.80%", "s", "53.50%", "12.10%", "77.70%"], "dataTypes": [{"type": "TEXT", "count": 52, "shortest_values": [["s", 1], ["s", 1], ["36.00%", 6], ["47.10%", 6], ["53.10%", 6]], "longest_values": [["36.00%", 6], ["47.10%", 6], ["53.10%", 6], ["25.70%", 6], ["12.10%", 6]], "average_length": 5.8076923076923075}]}, {"column_name": "# of 8th graders", "number_non_empty_cells": 52, "number_empty_cells": 0, "number_distinct_values": 51, "frequent_values": [1191, 1510, 804, 1005, 673], "dataTypes": [{"type": "INTEGER (LONG)", "count": 52, "max_value": 69364, "min_value": 242, "mean": 2667.8461538461534, "stddev": 9353.10444633351}]}, {"column_name": "# of 8th graders who have completed at least one semester of health instruction", "number_non_empty_cells": 52, "number_empty_cells": 0, "number_distinct_values": 50, "frequent_values": ["568", "s", "851", "703", "351"], "dataTypes": [{"type": "INTEGER (LONG)", "count": 36, "max_value": 931, "min_value": 52, "mean": 607.1944444444443, "stddev": 220.1689779647094}, {"type": "DATE/TIME", "count": 13, "max_value": "1998-01-06T00:00:00", "min_value": "0102-02-06T00:00:00"}, {"type": "TEXT", "count": 3, "shortest_values": [["s", 1], ["s", 1], ["39,747", 6]], "longest_values": [["39,747", 6], ["s", 1], ["s", 1]], "average_length": 2.666666666666667}]}]}