{"dataset_name": "/user/hm74/NYCOpenData/6j6t-3ixh.tsv.gz", "columns": [{"column_name": "Contract_Type", "number_non_empty_cells": 348, "number_empty_cells": 18, "number_distinct_values": 14, "frequent_values": ["NEIGHBORHOOD SENIOR CENTE", "NORC SITES", "HOME DELIVERED MEALS", "CASE MANAGEMENT ONLY", "SOCIAL CLUB"], "dataTypes": [{"type": "TEXT", "count": 366, "shortest_values": [["CAREGIVER", 9], ["CAREGIVER", 9], ["HOME CARE", 9], ["HOME CARE", 9], ["HOME CARE", 9]], "longest_values": [["INNOVATIVE SENIOR CENTERS", 25], ["INNOVATIVE SENIOR CENTERS", 25], ["INNOVATIVE SENIOR CENTERS", 25], ["INNOVATIVE SENIOR CENTERS", 25], ["INNOVATIVE SENIOR CENTERS", 25]], "average_length": 21.598360655737693}]}, {"column_name": "Provider_ID", "number_non_empty_cells": 366, "number_empty_cells": 0, "number_distinct_values": 366, "frequent_values": ["28B01", "28G01", "35K01", "13R01", "27R02"], "dataTypes": [{"type": "INTEGER (LONG)", "count": 47, "max_value": 64901, "min_value": 10601, "mean": 43896.978723404245, "stddev": 13366.445811727406}, {"type": "REAL", "count": 16, "max_value": 3e+201, "min_value": 140.0, "mean": 1.875e+200, "stddev": Infinity}, {"type": "DATE/TIME", "count": 33, "max_value": "2045-01-07T00:00:00", "min_value": "2019-12-01T13:00:00"}, {"type": "TEXT", "count": 270, "shortest_values": [["1K501", 5], ["3K301", 5], ["1M901", 5], ["1MB01", 5], ["2ME01", 5]], "longest_values": [["1K501", 5], ["3K301", 5], ["1M901", 5], ["1MB01", 5], ["2ME01", 5]], "average_length": 5.0}]}, {"column_name": "Program_Name", "number_non_empty_cells": 338, "number_empty_cells": 28, "number_distinct_values": 360, "frequent_values": ["JASA HOME DELIVERED MEALS", "RIDGEWOOD BUSHWICK HOME DELIVERED MEALS", "RAIN HOME DELIVERED MEALS", "CCNS HOME DELIVERED MEALS", "JASA ELDER ABUSE"], "dataTypes": [{"type": "TEXT", "count": 366, "shortest_values": [["RAICES", 6], ["CASC CSMG", 9], ["LSNY BRONX", 10], ["VILLAGE VIEW", 12], ["Polo Grounds", 12]], "longest_values": [["Sister Annunciata Bethell Neighborhood Senior Cent", 50], ["Concourse Plaza Wellness Neighborhood Senior Cente", 50], ["Neighborhood SHOPP Leon Neighborhood Senior Center", 50], ["Marine Park Active Adults Neighborhood Senior Cent", 50], ["Cypress Hills Fulton Street Senior Citizens Center", 50]], "average_length": 35.20218579234974}]}, {"column_name": "Sponsor_Name", "number_non_empty_cells": 335, "number_empty_cells": 31, "number_distinct_values": 116, "frequent_values": ["THE JEWISH ASSOCIATION FOR SERVICES FOR THE AGED ", "CATHOLIC CHARITIES NEIGHBORHOOD SERVICES INC", "REGIONAL AID FOR INTERIM NEEDS INC ", "FORT GREENE COUNCIL ", "RISEBORO COMMUNITY PARTNERSHIP INC"], "dataTypes": [{"type": "TEXT", "count": 366, "shortest_values": [["HANAC, INC. ", 12], ["HANAC, INC. ", 12], ["HANAC, INC. ", 12], ["HANAC, INC. ", 12], ["HANAC, INC. ", 12]], "longest_values": [["THE NEIGHBORHOOD SELF-HELP BY OLDER PERSONS PROJEC", 50], ["THE CARTER BURDEN CENTER FOR THE AGING INC d/b/a C", 50], ["THE NEIGHBORHOOD SELF-HELP BY OLDER PERSONS PROJEC", 50], ["THE NEIGHBORHOOD SELF-HELP BY OLDER PERSONS PROJEC", 50], ["NEW YORK FOUNDATION FOR SENIOR CITIZENS HOME ATTEN", 50]], "average_length": 38.43442622950821}]}, {"column_name": "Program_Address", "number_non_empty_cells": 359, "number_empty_cells": 7, "number_distinct_values": 327, "frequent_values": ["56 BAY STREET", "415 EAST 93RD STREET", "11 PARK PLACE", "3450 BOSTON ROAD", "131 BEACH 19TH STREET"], "dataTypes": [{"type": "TEXT", "count": 366, "shortest_values": [["12 AVENUE D", 11], ["70 NEW LANE", 11], ["817 AVENUE H", 12], ["230 BROADWAY", 12], ["56 BAY STREET", 13]], "longest_values": [["221-15 HORACE HARDING EXPRESSWAY", 32], ["86-25 FRANCIS LEWIS BOULEVARD", 29], ["86-25 FRANCIS LEWIS BOULEVARD", 29], ["58-20   Little Neck Parkway", 27], ["80-45 WINCHESTER  BOULEVARD", 27]], "average_length": 18.860655737704906}]}, {"column_name": "Program_Borough", "number_non_empty_cells": 361, "number_empty_cells": 5, "number_distinct_values": 48, "frequent_values": ["BROOKLYN", "NEW YORK", "BRONX", "STATEN ISLAND", "JAMAICA"], "dataTypes": [{"type": "TEXT", "count": 366, "shortest_values": [["BRONX", 5], ["Bronx", 5], ["BRONX", 5], ["BRONX", 5], ["Bronx", 5]], "longest_values": [["JACKSON HEIGHTS", 15], ["Jackson heights", 15], ["LONG ISLAND CIT", 15], ["SPRINGFIELD GAR", 15], ["LONG ISLAND CIT", 15]], "average_length": 8.049180327868854}]}, {"column_name": "Program_Zipcode", "number_non_empty_cells": 366, "number_empty_cells": 0, "number_distinct_values": 137, "frequent_values": [10002, 11206, 10469, 11212, 11224], "dataTypes": [{"type": "INTEGER (LONG)", "count": 366, "max_value": 11694, "min_value": 10001, "mean": 10794.786885245903, "stddev": 558.9302560112785}]}, {"column_name": "Program_Phone", "number_non_empty_cells": 366, "number_empty_cells": 0, "number_distinct_values": 328, "frequent_values": ["718-981-6226", "718-782-6334", "212-781-5700", "718-542-0006", "212-360-7620"], "dataTypes": [{"type": "TEXT", "count": 366, "shortest_values": [["718-542-0006", 12], ["718-943-7752", 12], ["212-879-7400", 12], ["718-286-1524", 12], ["718-981-6226", 12]], "longest_values": [["718-542-0006", 12], ["718-943-7752", 12], ["212-879-7400", 12], ["718-286-1524", 12], ["718-981-6226", 12]], "average_length": 12.0}]}]}