{"dataset_name": "/user/hm74/NYCOpenData/6je4-4x7e.tsv.gz", "columns": [{"column_name": "Unnamed_Column", "number_non_empty_cells": 1, "number_empty_cells": 1817, "number_distinct_values": 2, "frequent_values": ["PERFORMANCE GRADE\"", null], "dataTypes": [{"type": "TEXT", "count": 1, "shortest_values": [["PERFORMANCE GRADE\"", 18]], "longest_values": [["PERFORMANCE GRADE\"", 18]], "average_length": 18.0}]}, {"column_name": "DBN", "number_non_empty_cells": 1818, "number_empty_cells": 0, "number_distinct_values": 1714, "frequent_values": ["32K554", "12X245", "01M450", "01M539", "12X271"], "dataTypes": [{"type": "DATE/TIME", "count": 36, "max_value": "2019-12-08T00:06:52", "min_value": "2019-12-08T00:01:15"}, {"type": "TEXT", "count": 1782, "shortest_values": [["01M063", 6], ["01M064", 6], ["01M110", 6], ["01M134", 6], ["01M137", 6]], "longest_values": [["2012-2013 ENVIRONMENT CATEGORY SCORE", 36], ["01M063", 6], ["01M064", 6], ["01M110", 6], ["01M134", 6]], "average_length": 6.016835016835021}]}, {"column_name": "DISTRICT", "number_non_empty_cells": 1818, "number_empty_cells": 0, "number_distinct_values": 35, "frequent_values": ["84", "2", "10", "9", "31"], "dataTypes": [{"type": "INTEGER (LONG)", "count": 1817, "max_value": 84, "min_value": 1, "mean": 22.379746835443044, "stddev": 22.123085593367406}, {"type": "TEXT", "count": 1, "shortest_values": [["2012-2013 ENVIRONMENT GRADE", 27]], "longest_values": [["2012-2013 ENVIRONMENT GRADE", 27]], "average_length": 27.0}]}, {"column_name": "SCHOOL", "number_non_empty_cells": 1812, "number_empty_cells": 6, "number_distinct_values": 1735, "frequent_values": ["Comprehensive Model School Project M.S. 327", "Secondary School for Law", "Khalil Gibran International Academy", "Frederick Douglass Academy", "East Bronx Academy for the Future"], "dataTypes": [{"type": "TEXT", "count": 1818, "shortest_values": [["Kappa", 5], ["PS 536", 6], ["PS 354", 6], ["P.S. 89", 7], ["Muscota", 7]], "longest_values": [["NYC CHARTER HIGH SCHOOL FOR ARCHITECTURE, ENGINEERING AND CONSTRUCTION INDUSTRIES", 81], ["English Language Learners and International Support Preparatory Academy (ELLIS)", 79], ["English Language Learners and International Support Preparatory Academy (ELLIS)", 79], ["Science Skills Center High School for Science, Technology and the Creative Arts", 79], ["Academy for College Preparation and Career Exploration: A College Board School", 78]], "average_length": 29.278877887788777}]}, {"column_name": "PRINCIPAL", "number_non_empty_cells": 1816, "number_empty_cells": 2, "number_distinct_values": 1707, "frequent_values": ["Natasha Campbell", "Bernadette Drysdale", "Wilper Morales", "Michael Alexander", "Meisha Ross-Porter"], "dataTypes": [{"type": "TEXT", "count": 1816, "shortest_values": [["Li Yan", 6], ["Amy Hom", 7], ["G Jones", 7], ["Jane Hsu", 8], ["Lily Woo", 8]], "longest_values": [["2012-2013 COLLEGE AND CAREER READINESS GRADE", 44], ["Sara M. Asmussen, Ph.D., Executive Direc", 40], ["Meghan Kimpton (K-4)/Richard Burke (5-8)", 40], ["Meghan Kimpton (K-4)/Richard Burke (5-8)", 40], ["Jacqueline King-Robinson/Edwina Branch-S", 40]], "average_length": 14.691079295154196}]}, {"column_name": "PROGRESS_REPORT_TYPE", "number_non_empty_cells": 1817, "number_empty_cells": 1, "number_distinct_values": 7, "frequent_values": ["EMS", "HS", "HST", "EC", "D75"], "dataTypes": [{"type": "TEXT", "count": 1818, "shortest_values": [["HS", 2], ["HS", 2], ["HS", 2], ["HS", 2], ["HS", 2]], "longest_values": [["2012-2013 ADDITIONAL CREDIT", 27], ["YABC", 4], ["YABC", 4], ["YABC", 4], ["YABC", 4]], "average_length": 2.744774477447749}]}, {"column_name": "SCHOOL_LEVEL*", "number_non_empty_cells": 1818, "number_empty_cells": 0, "number_distinct_values": 10, "frequent_values": ["Elementary", "High School", "Middle", "K-8", "High School Transfer"], "dataTypes": [{"type": "TEXT", "count": 1818, "shortest_values": [["K-8", 3], ["K-8", 3], ["K-8", 3], ["K-8", 3], ["K-8", 3]], "longest_values": [["2011-12 PROGRESS REPORT GRADE", 29], ["High School Transfer", 20], ["High School Transfer", 20], ["High School Transfer", 20], ["High School Transfer", 20]], "average_length": 8.73047304730474}]}, {"column_name": "2012-2013_OVERALL_GRADE", "number_non_empty_cells": 1747, "number_empty_cells": 71, "number_distinct_values": 8, "frequent_values": ["B", "C", "A", ".", "D"], "dataTypes": [{"type": "TEXT", "count": 1747, "shortest_values": [["C", 1], ["A", 1], ["B", 1], ["A", 1], ["C", 1]], "longest_values": [["2010-11 PROGRESS REPORT GRADE", 29], ["C", 1], ["A", 1], ["B", 1], ["A", 1]], "average_length": 1.0160274756725824}]}, {"column_name": "2012-2013_OVERALL_SCORE", "number_non_empty_cells": 1818, "number_empty_cells": 0, "number_distinct_values": 565, "frequent_values": [".", "50.2", "59.3", "54.8", "70.8"], "dataTypes": [{"type": "REAL", "count": 1625, "max_value": 105.9, "min_value": 15.5, "mean": 56.76510769230771, "stddev": 14.495678965840499}, {"type": "TEXT", "count": 193, "shortest_values": [[".", 1], [".", 1], [".", 1], [".", 1], [".", 1]], "longest_values": [["2009-10 PROGRESS REPORT GRADE", 29], [".", 1], [".", 1], [".", 1], [".", 1]], "average_length": 1.145077720207254}]}, {"column_name": "2012-13_OVERALL_PERCENTILE", "number_non_empty_cells": 1817, "number_empty_cells": 1, "number_distinct_values": 730, "frequent_values": [".", "40.2", "41.5", "85.1", "43.4"], "dataTypes": [{"type": "REAL", "count": 1500, "max_value": 100.0, "min_value": 0.2, "mean": 50.2856, "stddev": 28.871630469603428}, {"type": "TEXT", "count": 317, "shortest_values": [[".", 1], [".", 1], [".", 1], [".", 1], [".", 1]], "longest_values": [[".", 1], [".", 1], [".", 1], [".", 1], [".", 1]], "average_length": 1.0}]}, {"column_name": "2012-2013_PROGRESS_CATEGORY_SCORE", "number_non_empty_cells": 1817, "number_empty_cells": 1, "number_distinct_values": 406, "frequent_values": [".", "30.0", "31.0", "25.6", "30.9"], "dataTypes": [{"type": "REAL", "count": 1625, "max_value": 56.5, "min_value": 1.3, "mean": 30.172676923076946, "stddev": 9.226237064618722}, {"type": "TEXT", "count": 192, "shortest_values": [[".", 1], [".", 1], [".", 1], [".", 1], [".", 1]], "longest_values": [[".", 1], [".", 1], [".", 1], [".", 1], [".", 1]], "average_length": 1.0}]}, {"column_name": "2012-2013_PROGRESS_GRADE", "number_non_empty_cells": 1746, "number_empty_cells": 72, "number_distinct_values": 7, "frequent_values": ["B", "C", "A", ".", "D"], "dataTypes": [{"type": "TEXT", "count": 1746, "shortest_values": [["B", 1], ["A", 1], ["B", 1], ["A", 1], ["C", 1]], "longest_values": [["B", 1], ["A", 1], ["B", 1], ["A", 1], ["C", 1]], "average_length": 1.0}]}, {"column_name": "2012-2013_PERFORMANCE_CATEGORY_SCORE", "number_non_empty_cells": 1817, "number_empty_cells": 1, "number_distinct_values": 211, "frequent_values": [".", "11.3", "10.4", "13.4", "13.7"], "dataTypes": [{"type": "REAL", "count": 1625, "max_value": 25.0, "min_value": 0.3, "mean": 12.668492307692315, "stddev": 4.464531454865033}, {"type": "TEXT", "count": 192, "shortest_values": [[".", 1], [".", 1], [".", 1], [".", 1], [".", 1]], "longest_values": [[".", 1], [".", 1], [".", 1], [".", 1], [".", 1]], "average_length": 1.0}]}, {"column_name": "2012-2013", "number_non_empty_cells": 1746, "number_empty_cells": 72, "number_distinct_values": 7, "frequent_values": ["B", "C", "A", ".", "D"], "dataTypes": [{"type": "TEXT", "count": 1746, "shortest_values": [["D", 1], ["B", 1], ["B", 1], ["A", 1], ["C", 1]], "longest_values": [["D", 1], ["B", 1], ["B", 1], ["A", 1], ["C", 1]], "average_length": 1.0}]}]}