{"dataset_name": "/user/hm74/NYCOpenData/6khm-nrue.tsv.gz", "columns": [{"column_name": "Data os of Date", "number_non_empty_cells": 76, "number_empty_cells": 0, "number_distinct_values": 1, "frequent_values": ["06/01/2019"], "dataTypes": [{"type": "DATE/TIME", "count": 76, "max_value": "2019-06-01T00:00:00", "min_value": "2019-06-01T00:00:00"}]}, {"column_name": "BoroughName", "number_non_empty_cells": 76, "number_empty_cells": 0, "number_distinct_values": 6, "frequent_values": ["Brooklyn", "Bronx", "Manhattan", "Queens", "Staten Island"], "dataTypes": [{"type": "TEXT", "count": 76, "shortest_values": [["Bronx", 5], ["Bronx", 5], ["Bronx", 5], ["Bronx", 5], ["Bronx", 5]], "longest_values": [["Outside of NYC", 14], ["Outside of NYC", 14], ["Outside of NYC", 14], ["Outside of NYC", 14], ["Outside of NYC", 14]], "average_length": 8.842105263157896}]}, {"column_name": "ProgramTypeName", "number_non_empty_cells": 76, "number_empty_cells": 0, "number_distinct_values": 14, "frequent_values": ["Adult Literacy - ABE/HSE (Discretionary)", "COMPASS Middle School", "COMPASS Explore", "Adult Literacy - BENL/ESOL (Discretionary)", "Beacon"], "dataTypes": [{"type": "TEXT", "count": 76, "shortest_values": [["Beacon", 6], ["Beacon", 6], ["Beacon", 6], ["Beacon", 6], ["Beacon", 6]], "longest_values": [["Adult Literacy - BENL/ESOL (Discretionary)", 42], ["Adult Literacy - NDA (ABE/HSE/Spanish HSE)", 42], ["Adult Literacy - BENL/ESOL (Discretionary)", 42], ["Adult Literacy - NDA (ABE/HSE/Spanish HSE)", 42], ["Adult Literacy - BENL/ESOL (Discretionary)", 42]], "average_length": 22.44736842105263}]}, {"column_name": "Female Count", "number_non_empty_cells": 76, "number_empty_cells": 0, "number_distinct_values": 70, "frequent_values": [1, 24, 4, 23, 121], "dataTypes": [{"type": "INTEGER (LONG)", "count": 76, "max_value": 17428, "min_value": 1, "mean": 2078.697368421053, "stddev": 3944.531591229003}]}, {"column_name": "Female Percentage", "number_non_empty_cells": 76, "number_empty_cells": 0, "number_distinct_values": 70, "frequent_values": [0.03, 3.8, 0.12, 0.75, 0.72], "dataTypes": [{"type": "REAL", "count": 76, "max_value": 548.21, "min_value": 0.03, "mean": 65.38223684210526, "stddev": 124.07869791088113}]}, {"column_name": "Male Count", "number_non_empty_cells": 76, "number_empty_cells": 0, "number_distinct_values": 71, "frequent_values": [0, 77, 10, 4, 18], "dataTypes": [{"type": "INTEGER (LONG)", "count": 76, "max_value": 16461, "min_value": 0, "mean": 2101.092105263158, "stddev": 4081.901166889451}]}, {"column_name": "Male Percentage", "number_non_empty_cells": 76, "number_empty_cells": 0, "number_distinct_values": 71, "frequent_values": [0.56, 0.12, 2.42, 0.0, 0.31], "dataTypes": [{"type": "REAL", "count": 76, "max_value": 517.79, "min_value": 0.0, "mean": 66.08684210526316, "stddev": 128.39930538845695}]}, {"column_name": "Gender Nonconforming Count", "number_non_empty_cells": 76, "number_empty_cells": 0, "number_distinct_values": 16, "frequent_values": [0, 1, 2, 10, 13], "dataTypes": [{"type": "INTEGER (LONG)", "count": 76, "max_value": 33, "min_value": 0, "mean": 3.210526315789473, "stddev": 6.291840558829231}]}, {"column_name": "Gender Nonconforming Percentage", "number_non_empty_cells": 76, "number_empty_cells": 0, "number_distinct_values": 16, "frequent_values": [0.0, 0.03, 0.06, 0.31, 0.09], "dataTypes": [{"type": "REAL", "count": 76, "max_value": 1.03, "min_value": 0.0, "mean": 0.09934210526315791, "stddev": 0.19602185381868845}]}, {"column_name": "American Indian or Alaskan Native Count", "number_non_empty_cells": 76, "number_empty_cells": 0, "number_distinct_values": 27, "frequent_values": [0, 2, 1, 3, 7], "dataTypes": [{"type": "INTEGER (LONG)", "count": 76, "max_value": 245, "min_value": 0, "mean": 28.657894736842103, "stddev": 56.64421571983529}]}, {"column_name": "American Indian or Alaskan Native Percentage", "number_non_empty_cells": 76, "number_empty_cells": 0, "number_distinct_values": 27, "frequent_values": [0.0, 0.06, 0.03, 0.09, 0.22], "dataTypes": [{"type": "REAL", "count": 76, "max_value": 7.7, "min_value": 0.0, "mean": 0.8992105263157899, "stddev": 1.7804706379271678}]}, {"column_name": "Asian Count", "number_non_empty_cells": 76, "number_empty_cells": 0, "number_distinct_values": 54, "frequent_values": [0, 2, 13, 1, 4], "dataTypes": [{"type": "INTEGER (LONG)", "count": 76, "max_value": 5277, "min_value": 0, "mean": 417.6447368421052, "stddev": 996.9139183651685}]}, {"column_name": "Asian Percentage", "number_non_empty_cells": 76, "number_empty_cells": 0, "number_distinct_values": 54, "frequent_values": [0.0, 0.06, 0.03, 0.12, 0.34], "dataTypes": [{"type": "REAL", "count": 76, "max_value": 165.99, "min_value": 0.0, "mean": 13.133157894736845, "stddev": 31.358517948436877}]}, {"column_name": "Black or African American Count", "number_non_empty_cells": 76, "number_empty_cells": 0, "number_distinct_values": 67, "frequent_values": [2, 0, 16, 1, 3], "dataTypes": [{"type": "INTEGER (LONG)", "count": 76, "max_value": 15551, "min_value": 0, "mean": 1714.4342105263154, "stddev": 3541.1793134325003}]}, {"column_name": "Black or African American Percentage", "number_non_empty_cells": 76, "number_empty_cells": 0, "number_distinct_values": 67, "frequent_values": [0.0, 0.06, 0.56, 0.09, 0.5], "dataTypes": [{"type": "REAL", "count": 76, "max_value": 489.16, "min_value": 0.0, "mean": 53.92394736842104, "stddev": 111.3902558466232}]}, {"column_name": "Multi-race Count", "number_non_empty_cells": 76, "number_empty_cells": 0, "number_distinct_values": 33, "frequent_values": [0, 3, 8, 9, 1], "dataTypes": [{"type": "INTEGER (LONG)", "count": 76, "max_value": 668, "min_value": 0, "mean": 87.48684210526312, "stddev": 164.4104694307779}]}, {"column_name": "Multi-race Percentage", "number_non_empty_cells": 76, "number_empty_cells": 0, "number_distinct_values": 33, "frequent_values": [0.0, 0.09, 0.03, 0.12, 0.25], "dataTypes": [{"type": "REAL", "count": 76, "max_value": 21.01, "min_value": 0.0, "mean": 2.748684210526315, "stddev": 5.171077802268993}]}, {"column_name": "Native Hawaiian or Other Pacific Islander Count", "number_non_empty_cells": 76, "number_empty_cells": 0, "number_distinct_values": 26, "frequent_values": [0, 2, 1, 3, 64], "dataTypes": [{"type": "INTEGER (LONG)", "count": 76, "max_value": 130, "min_value": 0, "mean": 13.460526315789481, "stddev": 27.083419276800925}]}, {"column_name": "Native Hawaiian or Other Pacific Islander Percentage", "number_non_empty_cells": 76, "number_empty_cells": 0, "number_distinct_values": 26, "frequent_values": [0.0, 0.06, 0.03, 0.09, 2.01], "dataTypes": [{"type": "REAL", "count": 76, "max_value": 4.08, "min_value": 0.0, "mean": 0.42131578947368437, "stddev": 0.8503843436093795}]}, {"column_name": "White or Caucasian Count", "number_non_empty_cells": 76, "number_empty_cells": 0, "number_distinct_values": 54, "frequent_values": [0, 19, 1, 12, 6], "dataTypes": [{"type": "INTEGER (LONG)", "count": 76, "max_value": 3938, "min_value": 0, "mean": 446.4342105263158, "stddev": 902.7214312919851}]}, {"column_name": "White or Caucasian Percentage", "number_non_empty_cells": 76, "number_empty_cells": 0, "number_distinct_values": 54, "frequent_values": [0.0, 0.03, 0.59, 0.37, 0.09], "dataTypes": [{"type": "REAL", "count": 76, "max_value": 123.87, "min_value": 0.0, "mean": 14.038552631578947, "stddev": 28.39555018437828}]}, {"column_name": "Hispanic or Latino(a) Count", "number_non_empty_cells": 76, "number_empty_cells": 0, "number_distinct_values": 15, "frequent_values": [0, 6, 2, 1, 3], "dataTypes": [{"type": "INTEGER (LONG)", "count": 76, "max_value": 337, "min_value": 0, "mean": 18.6842105263158, "stddev": 61.66232546921552}]}, {"column_name": "Hispanic or Latino(a) Percentage", "number_non_empty_cells": 76, "number_empty_cells": 0, "number_distinct_values": 15, "frequent_values": [0.0, 0.18, 0.06, 3.14, 3.01], "dataTypes": [{"type": "REAL", "count": 76, "max_value": 10.6, "min_value": 0.0, "mean": 0.5865789473684211, "stddev": 1.9380881468137463}]}, {"column_name": "Not Hispanic or Latino(a) Count", "number_non_empty_cells": 76, "number_empty_cells": 0, "number_distinct_values": 16, "frequent_values": [0, 2, 3, 7, 182], "dataTypes": [{"type": "INTEGER (LONG)", "count": 76, "max_value": 618, "min_value": 0, "mean": 27.434210526315788, "stddev": 90.73636413813546}]}, {"column_name": "Not Hispanic or Latino(a) Percentage", "number_non_empty_cells": 76, "number_empty_cells": 0, "number_distinct_values": 16, "frequent_values": [0.0, 0.09, 0.06, 0.22, 3.08], "dataTypes": [{"type": "REAL", "count": 76, "max_value": 19.43, "min_value": 0.0, "mean": 0.8617105263157897, "stddev": 2.8528570112663028}]}]}