{"dataset_name": "/user/hm74/NYCOpenData/6kks-jijx.tsv.gz", "columns": [{"column_name": "School_DBN", "number_non_empty_cells": 537, "number_empty_cells": 0, "number_distinct_values": 537, "frequent_values": ["02M529", "27Q314", "29Q265", "02M427", "07X527"], "dataTypes": [{"type": "DATE/TIME", "count": 1, "max_value": "2019-12-07T00:02:47", "min_value": "2019-12-07T00:02:47"}, {"type": "TEXT", "count": 536, "shortest_values": [["01M450", 6], ["02M139", 6], ["02M280", 6], ["02M288", 6], ["02M294", 6]], "longest_values": [["01M450", 6], ["02M139", 6], ["02M280", 6], ["02M288", 6], ["02M294", 6]], "average_length": 6.0}]}, {"column_name": "Community_School_District", "number_non_empty_cells": 537, "number_empty_cells": 0, "number_distinct_values": 33, "frequent_values": [2, 75, 10, 9, 8], "dataTypes": [{"type": "INTEGER (LONG)", "count": 537, "max_value": 75, "min_value": 1, "mean": 18.95716945996274, "stddev": 19.13433909938272}]}, {"column_name": "City_Council_District", "number_non_empty_cells": 537, "number_empty_cells": 0, "number_distinct_values": 51, "frequent_values": [3, 17, 1, 33, 16], "dataTypes": [{"type": "INTEGER (LONG)", "count": 537, "max_value": 51, "min_value": 1, "mean": 22.052141527001876, "stddev": 14.688227340823815}]}, {"column_name": "School_Name", "number_non_empty_cells": 537, "number_empty_cells": 0, "number_distinct_values": 537, "frequent_values": ["World Academy for Total Community Health High School", "High School of Language and Innovation", "Life Academy High School for Film and Music", "Aspirations Diploma Plus High School", "Epic High School - North"], "dataTypes": [{"type": "TEXT", "count": 537, "shortest_values": [["P.S. 36", 7], ["P.S. 370", 8], ["P.S. 138", 8], ["P.S. 009", 8], ["P.S. 168", 8]], "longest_values": [["English Language Learners and International Support Preparatory Academy (ELLIS)", 79], ["Science Skills Center High School for Science, Technology and the Creative Arts", 79], ["Academy for College Preparation and Career Exploration: A College Board School", 78], ["City Polytechnic High School of Engineering, Architecture, and Technology", 73], ["Knowledge and Power Preparatory Academy International High School (Kappa)", 73]], "average_length": 35.10428305400369}]}, {"column_name": "#_of_students_in_grades_9-12", "number_non_empty_cells": 537, "number_empty_cells": 0, "number_distinct_values": 376, "frequent_values": ["s", "395", "157", "328", "162"], "dataTypes": [{"type": "INTEGER (LONG)", "count": 529, "max_value": 5490, "min_value": 10, "mean": 547.3667296786388, "stddev": 693.5642564295517}, {"type": "TEXT", "count": 8, "shortest_values": [["s", 1], ["s", 1], ["s", 1], ["s", 1], ["s", 1]], "longest_values": [["s", 1], ["s", 1], ["s", 1], ["s", 1], ["s", 1]], "average_length": 1.0}]}, {"column_name": "#_of_students_in_grades_9-12_who_have_completed_at_least_one_semester_of_health_instruction__", "number_non_empty_cells": 537, "number_empty_cells": 0, "number_distinct_values": 333, "frequent_values": ["s", "137", "262", "378", "260"], "dataTypes": [{"type": "INTEGER (LONG)", "count": 480, "max_value": 4031, "min_value": 10, "mean": 371.3833333333334, "stddev": 464.00827818285995}, {"type": "TEXT", "count": 57, "shortest_values": [["s", 1], ["s", 1], ["s", 1], ["s", 1], ["s", 1]], "longest_values": [["s", 1], ["s", 1], ["s", 1], ["s", 1], ["s", 1]], "average_length": 1.0}]}, {"column_name": "%", "number_non_empty_cells": 537, "number_empty_cells": 0, "number_distinct_values": 455, "frequent_values": ["s", "1", "0.62029999489999998", "0.75", "0.5472999811"], "dataTypes": [{"type": "INTEGER (LONG)", "count": 6, "max_value": 1, "min_value": 1, "mean": 1.0, "stddev": 0.0}, {"type": "REAL", "count": 474, "max_value": 0.9986000061, "min_value": 0.0351000018, "mean": 0.6662318565206754, "stddev": 0.2356465203521126}, {"type": "TEXT", "count": 57, "shortest_values": [["s", 1], ["s", 1], ["s", 1], ["s", 1], ["s", 1]], "longest_values": [["s", 1], ["s", 1], ["s", 1], ["s", 1], ["s", 1]], "average_length": 1.0}]}, {"column_name": "#_of_15-16_June_and_August_graduates", "number_non_empty_cells": 537, "number_empty_cells": 0, "number_distinct_values": 181, "frequent_values": ["s", "57", "67", "72", "49"], "dataTypes": [{"type": "INTEGER (LONG)", "count": 423, "max_value": 1347, "min_value": 10, "mean": 131.02364066193834, "stddev": 165.4961575521418}, {"type": "TEXT", "count": 114, "shortest_values": [["s", 1], ["s", 1], ["s", 1], ["s", 1], ["s", 1]], "longest_values": [["s", 1], ["s", 1], ["s", 1], ["s", 1], ["s", 1]], "average_length": 1.0}]}, {"column_name": "#_of_15-16_June_and_August_graduates_meeting_high_school_health_requirements", "number_non_empty_cells": 537, "number_empty_cells": 0, "number_distinct_values": 181, "frequent_values": ["s", "67", "72", "57", "49"], "dataTypes": [{"type": "INTEGER (LONG)", "count": 423, "max_value": 1347, "min_value": 10, "mean": 130.64775413711575, "stddev": 165.32848965798965}, {"type": "TEXT", "count": 114, "shortest_values": [["s", 1], ["s", 1], ["s", 1], ["s", 1], ["s", 1]], "longest_values": [["s", 1], ["s", 1], ["s", 1], ["s", 1], ["s", 1]], "average_length": 1.0}]}, {"column_name": "%2", "number_non_empty_cells": 537, "number_empty_cells": 0, "number_distinct_values": 37, "frequent_values": ["1", "s", "0.98860001559999999", "0.99720001219999999", "0.85829997059999996"], "dataTypes": [{"type": "INTEGER (LONG)", "count": 388, "max_value": 1, "min_value": 1, "mean": 1.0, "stddev": 0.0}, {"type": "REAL", "count": 35, "max_value": 0.9984999895, "min_value": 0.4156000018, "mean": 0.955877147397143, "stddev": 0.1009729292347947}, {"type": "TEXT", "count": 114, "shortest_values": [["s", 1], ["s", 1], ["s", 1], ["s", 1], ["s", 1]], "longest_values": [["s", 1], ["s", 1], ["s", 1], ["s", 1], ["s", 1]], "average_length": 1.0}]}]}