{"dataset_name": "/user/hm74/NYCOpenData/6m3u-8rbh.tsv.gz", "columns": [{"column_name": "Upcoming Project Name", "number_non_empty_cells": 6, "number_empty_cells": 0, "number_distinct_values": 6, "frequent_values": ["P.S. @ 69-02 QUEENS BOULEVARD - QUEENS", "H.S. @ 51-30 NORTHERN BOULEVARD - QUEENS", "P.S. @ 1570 BOONE AVENUE - BRONX", "P.S. 169 - QUEENS", "P.S. 1 ANNEX - BROOKLYN"], "dataTypes": [{"type": "TEXT", "count": 6, "shortest_values": [["P.S. 46 - QUEENS", 16], ["P.S. 169 - QUEENS", 17], ["P.S. 1 ANNEX - BROOKLYN", 23], ["P.S. @ 1570 BOONE AVENUE - BRONX", 32], ["P.S. @ 69-02 QUEENS BOULEVARD - QUEENS", 38]], "longest_values": [["H.S. @ 51-30 NORTHERN BOULEVARD - QUEENS", 40], ["P.S. @ 69-02 QUEENS BOULEVARD - QUEENS", 38], ["P.S. @ 1570 BOONE AVENUE - BRONX", 32], ["P.S. 1 ANNEX - BROOKLYN", 23], ["P.S. 169 - QUEENS", 17]], "average_length": 27.666666666666668}]}, {"column_name": "Upcoming Project Borough ", "number_non_empty_cells": 6, "number_empty_cells": 0, "number_distinct_values": 3, "frequent_values": ["QUEENS", "BROOKLYN", "BRONX"], "dataTypes": [{"type": "TEXT", "count": 6, "shortest_values": [["BRONX", 5], ["QUEENS", 6], ["QUEENS", 6], ["QUEENS", 6], ["QUEENS", 6]], "longest_values": [["BROOKLYN", 8], ["QUEENS", 6], ["QUEENS", 6], ["QUEENS", 6], ["QUEENS", 6]], "average_length": 6.166666666666667}]}, {"column_name": "Upcoming Project Geographic District", "number_non_empty_cells": 6, "number_empty_cells": 0, "number_distinct_values": 6, "frequent_values": [26, 12, 15, 25, 24], "dataTypes": [{"type": "INTEGER (LONG)", "count": 6, "max_value": 30, "min_value": 12, "mean": 22.0, "stddev": 6.3508529610858835}]}, {"column_name": "Upcoming Project Description", "number_non_empty_cells": 6, "number_empty_cells": 0, "number_distinct_values": 2, "frequent_values": ["New", "Addition"], "dataTypes": [{"type": "TEXT", "count": 6, "shortest_values": [["New", 3], ["New", 3], ["New", 3], ["New", 3], ["Addition", 8]], "longest_values": [["Addition", 8], ["Addition", 8], ["New", 3], ["New", 3], ["New", 3]], "average_length": 4.666666666666667}]}, {"column_name": "Upcoming Project Budget Range", "number_non_empty_cells": 6, "number_empty_cells": 0, "number_distinct_values": 1, "frequent_values": [" 4 M OVER"], "dataTypes": [{"type": "TEXT", "count": 6, "shortest_values": [[" 4 M OVER", 9], [" 4 M OVER", 9], [" 4 M OVER", 9], [" 4 M OVER", 9], [" 4 M OVER", 9]], "longest_values": [[" 4 M OVER", 9], [" 4 M OVER", 9], [" 4 M OVER", 9], [" 4 M OVER", 9], [" 4 M OVER", 9]], "average_length": 9.0}]}, {"column_name": "Upcoming Project Design Completion Date", "number_non_empty_cells": 6, "number_empty_cells": 0, "number_distinct_values": 4, "frequent_values": ["2019/10", "2020/03", "2020/01", "2019/03"], "dataTypes": [{"type": "DATE/TIME", "count": 6, "max_value": "2020-03-05T00:00:00", "min_value": "2019-03-05T00:00:00"}]}, {"column_name": "Upcoming Project Category", "number_non_empty_cells": 6, "number_empty_cells": 0, "number_distinct_values": 2, "frequent_values": ["New Schools", "Additions"], "dataTypes": [{"type": "TEXT", "count": 6, "shortest_values": [["Additions", 9], ["Additions", 9], ["New Schools", 11], ["New Schools", 11], ["New Schools", 11]], "longest_values": [["New Schools", 11], ["New Schools", 11], ["New Schools", 11], ["New Schools", 11], ["Additions", 9]], "average_length": 10.333333333333332}]}, {"column_name": "Upcoming Project Status ", "number_non_empty_cells": 6, "number_empty_cells": 0, "number_distinct_values": 1, "frequent_values": ["Design"], "dataTypes": [{"type": "TEXT", "count": 6, "shortest_values": [["Design", 6], ["Design", 6], ["Design", 6], ["Design", 6], ["Design", 6]], "longest_values": [["Design", 6], ["Design", 6], ["Design", 6], ["Design", 6], ["Design", 6]], "average_length": 6.0}]}, {"column_name": "Upcoming Project Square Footage", "number_non_empty_cells": 6, "number_empty_cells": 0, "number_distinct_values": 6, "frequent_values": [458, 476, 440, 328, 3079], "dataTypes": [{"type": "INTEGER (LONG)", "count": 6, "max_value": 3079, "min_value": 328, "mean": 904.0, "stddev": 977.0634575092857}]}, {"column_name": "Upcoming Project Seat Count", "number_non_empty_cells": 0, "number_empty_cells": 6, "number_distinct_values": 1, "frequent_values": [null], "dataTypes": []}]}