{"dataset_name": "/user/hm74/NYCOpenData/6pwv-zmgh.tsv.gz", "columns": [{"column_name": "License Number", "number_non_empty_cells": 0, "number_empty_cells": 0, "number_distinct_values": 0, "frequent_values": [], "dataTypes": []}, {"column_name": "Name", "number_non_empty_cells": 0, "number_empty_cells": 0, "number_distinct_values": 0, "frequent_values": [], "dataTypes": []}, {"column_name": "Address", "number_non_empty_cells": 0, "number_empty_cells": 0, "number_distinct_values": 0, "frequent_values": [], "dataTypes": []}, {"column_name": "City", "number_non_empty_cells": 0, "number_empty_cells": 0, "number_distinct_values": 0, "frequent_values": [], "dataTypes": []}, {"column_name": "State", "number_non_empty_cells": 0, "number_empty_cells": 0, "number_distinct_values": 0, "frequent_values": [], "dataTypes": []}, {"column_name": "Zip", "number_non_empty_cells": 0, "number_empty_cells": 0, "number_distinct_values": 0, "frequent_values": [], "dataTypes": []}, {"column_name": "Phone", "number_non_empty_cells": 0, "number_empty_cells": 0, "number_distinct_values": 0, "frequent_values": [], "dataTypes": []}, {"column_name": "24 Hour Phone", "number_non_empty_cells": 0, "number_empty_cells": 0, "number_distinct_values": 0, "frequent_values": [], "dataTypes": []}, {"column_name": "Type", "number_non_empty_cells": 0, "number_empty_cells": 0, "number_distinct_values": 0, "frequent_values": [], "dataTypes": []}, {"column_name": "Status", "number_non_empty_cells": 0, "number_empty_cells": 0, "number_distinct_values": 0, "frequent_values": [], "dataTypes": []}, {"column_name": "Date", "number_non_empty_cells": 0, "number_empty_cells": 0, "number_distinct_values": 0, "frequent_values": [], "dataTypes": []}, {"column_name": "Time", "number_non_empty_cells": 0, "number_empty_cells": 0, "number_distinct_values": 0, "frequent_values": [], "dataTypes": []}]}