{"dataset_name": "/user/hm74/NYCOpenData/6qaj-niew.tsv.gz", "columns": [{"column_name": "Grade", "number_non_empty_cells": 70, "number_empty_cells": 0, "number_distinct_values": 7, "frequent_values": ["7", "3", "8", "5", "6"], "dataTypes": [{"type": "INTEGER (LONG)", "count": 60, "max_value": 8, "min_value": 3, "mean": 5.5, "stddev": 1.707825127659933}, {"type": "TEXT", "count": 10, "shortest_values": [["All Grades", 10], ["All Grades", 10], ["All Grades", 10], ["All Grades", 10], ["All Grades", 10]], "longest_values": [["All Grades", 10], ["All Grades", 10], ["All Grades", 10], ["All Grades", 10], ["All Grades", 10]], "average_length": 10.0}]}, {"column_name": "Year", "number_non_empty_cells": 70, "number_empty_cells": 0, "number_distinct_values": 5, "frequent_values": [2015, 2013, 2014, 2016, 2017], "dataTypes": [{"type": "INTEGER (LONG)", "count": 70, "max_value": 2017, "min_value": 2013, "mean": 2015.0, "stddev": 1.4142135623730943}]}, {"column_name": "Category", "number_non_empty_cells": 70, "number_empty_cells": 0, "number_distinct_values": 2, "frequent_values": ["Not SWD", "SWD"], "dataTypes": [{"type": "TEXT", "count": 70, "shortest_values": [["SWD", 3], ["SWD", 3], ["SWD", 3], ["SWD", 3], ["SWD", 3]], "longest_values": [["Not SWD", 7], ["Not SWD", 7], ["Not SWD", 7], ["Not SWD", 7], ["Not SWD", 7]], "average_length": 5.000000000000001}]}, {"column_name": "Number Tested", "number_non_empty_cells": 70, "number_empty_cells": 0, "number_distinct_values": 70, "frequent_values": [15003, 13508, 55704, 12523, 54938], "dataTypes": [{"type": "INTEGER (LONG)", "count": 70, "max_value": 336222, "min_value": 12523, "mean": 57950.17142857146, "stddev": 76411.07399379292}]}, {"column_name": "Mean Scale Score", "number_non_empty_cells": 70, "number_empty_cells": 0, "number_distinct_values": 29, "frequent_values": [267, 269, 306, 270, 268], "dataTypes": [{"type": "INTEGER (LONG)", "count": 70, "max_value": 317, "min_value": 263, "mean": 289.4428571428572, "stddev": 18.94098784140265}]}, {"column_name": "Level1_N", "number_non_empty_cells": 70, "number_empty_cells": 0, "number_distinct_values": 70, "frequent_values": [14536, 9182, 9071, 13329, 8716], "dataTypes": [{"type": "INTEGER (LONG)", "count": 70, "max_value": 95735, "min_value": 5889, "mean": 18304.94285714285, "stddev": 19730.22778732146}]}, {"column_name": "Level1_%", "number_non_empty_cells": 70, "number_empty_cells": 0, "number_distinct_values": 62, "frequent_values": [65.3, 55.6, 70.2, 23.8, 20.2], "dataTypes": [{"type": "REAL", "count": 70, "max_value": 72.0, "min_value": 11.7, "mean": 43.67999999999999, "stddev": 21.766085021033454}]}, {"column_name": "Level2_N", "number_non_empty_cells": 70, "number_empty_cells": 0, "number_distinct_values": 70, "frequent_values": [18221, 21373, 3306, 20931, 19769], "dataTypes": [{"type": "INTEGER (LONG)", "count": 70, "max_value": 135408, "min_value": 2937, "mean": 20703.628571428562, "stddev": 29332.81379575315}]}, {"column_name": "Level2_%", "number_non_empty_cells": 70, "number_empty_cells": 0, "number_distinct_values": 56, "frequent_values": [38.6, 24.1, 32.3, 26.1, 35.6], "dataTypes": [{"type": "REAL", "count": 70, "max_value": 47.6, "min_value": 21.2, "mean": 32.73285714285714, "stddev": 6.720198156699408}]}, {"column_name": "Level3_N", "number_non_empty_cells": 70, "number_empty_cells": 0, "number_distinct_values": 70, "frequent_values": [16680, 13601, 1265, 15594, 14556], "dataTypes": [{"type": "INTEGER (LONG)", "count": 70, "max_value": 94703, "min_value": 341, "mean": 12843.399999999996, "stddev": 20978.088637841698}]}, {"column_name": "Level3_%", "number_non_empty_cells": 70, "number_empty_cells": 0, "number_distinct_values": 61, "frequent_values": [28.4, 23.5, 4.1, 8.9, 4.9], "dataTypes": [{"type": "REAL", "count": 70, "max_value": 39.7, "min_value": 2.6, "mean": 16.421428571428574, "stddev": 10.727320166713758}]}, {"column_name": "Level4_N", "number_non_empty_cells": 70, "number_empty_cells": 0, "number_distinct_values": 68, "frequent_values": [415, 154, 53, 81, 5692], "dataTypes": [{"type": "INTEGER (LONG)", "count": 70, "max_value": 57768, "min_value": 53, "mean": 6098.199999999995, "stddev": 10846.754442294183}]}, {"column_name": "Level4_%", "number_non_empty_cells": 70, "number_empty_cells": 0, "number_distinct_values": 47, "frequent_values": [1.1, 1.6, 0.6, 18.4, 1.0], "dataTypes": [{"type": "REAL", "count": 70, "max_value": 21.6, "min_value": 0.4, "mean": 7.175714285714281, "stddev": 6.839307310670862}]}, {"column_name": "Level3+4_N", "number_non_empty_cells": 70, "number_empty_cells": 0, "number_distinct_values": 69, "frequent_values": [753, 1888, 897, 808, 1223], "dataTypes": [{"type": "INTEGER (LONG)", "count": 70, "max_value": 152451, "min_value": 476, "mean": 18941.599999999995, "stddev": 31591.261669012205}]}, {"column_name": "Level3+4_%", "number_non_empty_cells": 70, "number_empty_cells": 0, "number_distinct_values": 64, "frequent_values": [5.7, 34.2, 8.7, 6.6, 36.8], "dataTypes": [{"type": "REAL", "count": 70, "max_value": 55.9, "min_value": 3.6, "mean": 23.589999999999996, "stddev": 16.68658271957272}]}]}