{"dataset_name": "/user/hm74/NYCOpenData/6r4h-c2y6.tsv.gz", "columns": [{"column_name": "Category", "number_non_empty_cells": 30, "number_empty_cells": 0, "number_distinct_values": 10, "frequent_values": ["Housing and Neighborhoods", "Transportation", "Climate change", "Energy", "Water supply"], "dataTypes": [{"type": "TEXT", "count": 30, "shortest_values": [["Energy", 6], ["Energy", 6], ["Energy", 6], ["Energy", 6], ["Waterways", 9]], "longest_values": [["Housing and Neighborhoods", 25], ["Housing and Neighborhoods", 25], ["Housing and Neighborhoods", 25], ["Housing and Neighborhoods", 25], ["Housing and Neighborhoods", 25]], "average_length": 14.433333333333332}]}, {"column_name": "ID", "number_non_empty_cells": 30, "number_empty_cells": 0, "number_distinct_values": 30, "frequent_values": ["1b1", "1c2", "7b2", "1a2", "10a4"], "dataTypes": [{"type": "INTEGER (LONG)", "count": 2, "max_value": 9, "min_value": 2, "mean": 5.5, "stddev": 3.5}, {"type": "DATE/TIME", "count": 15, "max_value": "2019-12-06T07:00:00", "min_value": "2019-12-01T01:00:00"}, {"type": "TEXT", "count": 13, "shortest_values": [["4b", 2], ["5b", 2], ["6b", 2], ["7c", 2], ["1b1", 3]], "longest_values": [["1b1", 3], ["1b2", 3], ["1c1", 3], ["1c2", 3], ["6c1", 3]], "average_length": 2.6923076923076925}]}, {"column_name": "Metric", "number_non_empty_cells": 30, "number_empty_cells": 0, "number_distinct_values": 30, "frequent_values": ["Greenhouse gas emissions per unit of electrical power (lbs CO2e/MWh)", "Greenhouse gas emissions (MTCO2e)", "% of bridges meeting state of good repair (FY)", "Residential building energy use per capita (source MMBTU) (3 yr rolling avg)", "Number of drinking water analyses below maximum contaminant level"], "dataTypes": [{"type": "TEXT", "count": 30, "shortest_values": [["Total units of housing in NYC", 29], ["Greenhouse gas emissions (MTCO2e)", 33], ["% of roads meeting state of good repair (FY)", 44], ["Greenhouse gas emissions (MTCO2e) per capita", 44], ["% of bridges meeting state of good repair (FY)", 46]], "longest_values": [["Number of tax lots remediated in NYC annually through the Brownfield Cleanup Program", 84], ["Residential building energy use per capita (source MMBTU) (3 yr rolling avg)", 76], ["System reliability -- CAIDI (Customer Average Interruption Duration Index)", 74], ["System reliability -- SAIFI (System Average Interruption Frequency Index)", 73], ["Fecal coliform rates in New York Harbor (cells/100mL) (5 yr rolling avg)", 72]], "average_length": 57.69999999999999}]}, {"column_name": "2030 target", "number_non_empty_cells": 30, "number_empty_cells": 0, "number_distinct_values": 13, "frequent_values": ["Decrease", "Increase", "100%", "Down 30%", "Increase above 5"], "dataTypes": [{"type": "INTEGER (LONG)", "count": 1, "max_value": 70, "min_value": 70, "mean": 70.0, "stddev": 0.0}, {"type": "REAL", "count": 1, "max_value": 0.85, "min_value": 0.85, "mean": 0.85, "stddev": 0.0}, {"type": "TEXT", "count": 28, "shortest_values": [["75%", 3], ["100%", 4], ["100%", 4], ["100%", 4], ["100%", 4]], "longest_values": [["Decrease below 200", 18], ["Increase above 5", 16], ["#1 (least)", 10], ["~314,000", 8], ["Increase", 8]], "average_length": 7.857142857142857}]}, {"column_name": "Base data year", "number_non_empty_cells": 30, "number_empty_cells": 0, "number_distinct_values": 5, "frequent_values": [2007, 2008, 2009, 2005, 2006], "dataTypes": [{"type": "INTEGER (LONG)", "count": 30, "max_value": 2009, "min_value": 2005, "mean": 2007.1666666666663, "stddev": 0.8975274678557282}]}, {"column_name": "Most recent data year", "number_non_empty_cells": 30, "number_empty_cells": 0, "number_distinct_values": 2, "frequent_values": [2011, 2010], "dataTypes": [{"type": "INTEGER (LONG)", "count": 30, "max_value": 2011, "min_value": 2010, "mean": 2010.5666666666666, "stddev": 0.49553562491056186}]}, {"column_name": "Value in base year", "number_non_empty_cells": 30, "number_empty_cells": 0, "number_distinct_values": 28, "frequent_values": ["0", "58,898,324", "1.1%", "28.12", "3,260,856"], "dataTypes": [{"type": "INTEGER (LONG)", "count": 4, "max_value": 1, "min_value": 0, "mean": 0.25, "stddev": 0.4330127018922193}, {"type": "REAL", "count": 13, "max_value": 789.53, "min_value": 0.0, "mean": 95.68334088232194, "stddev": 205.71376988390037}, {"type": "DATE/TIME", "count": 1, "max_value": "0260-03-06T00:00:00", "min_value": "0260-03-06T00:00:00"}, {"type": "TEXT", "count": 12, "shortest_values": [["49%", 3], ["0.0%", 4], ["1.1%", 4], ["0.98%", 5], ["70.0%", 5]], "longest_values": [["* 892,954,616", 13], ["58,898,324", 10], ["* 147.60", 8], ["99.967%", 7], ["64.10%", 6]], "average_length": 6.333333333333332}]}, {"column_name": "Value in most recent year", "number_non_empty_cells": 30, "number_empty_cells": 0, "number_distinct_values": 30, "frequent_values": ["-10.3%", "696.90", "0.72299999999999998", "0.40699999999999997", "123.57"], "dataTypes": [{"type": "INTEGER (LONG)", "count": 1, "max_value": 0, "min_value": 0, "mean": 0.0, "stddev": 0.0}, {"type": "REAL", "count": 14, "max_value": 696.9, "min_value": 0.407, "mean": 79.96414301393804, "stddev": 175.86732376204378}, {"type": "DATE/TIME", "count": 2, "max_value": "0352-03-06T00:00:00", "min_value": "0122-12-06T00:00:00"}, {"type": "TEXT", "count": 13, "shortest_values": [["48%", 3], ["0.9%", 4], ["1.04%", 5], ["75.6%", 5], ["73.6%", 5]], "longest_values": [["* 924,589,268", 13], ["54,348,841", 10], ["1500-2000", 9], ["* 146.91", 8], ["99.992%", 7]], "average_length": 6.6923076923076925}]}, {"column_name": "Change from base year (if applicable)", "number_non_empty_cells": 30, "number_empty_cells": 0, "number_distinct_values": 27, "frequent_values": ["N/A", "0", "* (4,549,483)", "6%", "* 0.33"], "dataTypes": [{"type": "INTEGER (LONG)", "count": 2, "max_value": 0, "min_value": 0, "mean": 0.0, "stddev": 0.0}, {"type": "REAL", "count": 10, "max_value": 3.38, "min_value": -31.0, "mean": -4.02897988475129, "stddev": 9.483780147499722}, {"type": "TEXT", "count": 18, "shortest_values": [["6%", 2], ["N/A", 3], ["N/A", 3], ["N/A", 3], ["-1%", 3]], "longest_values": [["* (4,549,483)", 13], ["* 31,634,652", 12], ["* (92.63)", 9], ["* (0.69)", 8], ["91,185", 6]], "average_length": 5.888888888888889}]}, {"column_name": "Arrow Direction", "number_non_empty_cells": 29, "number_empty_cells": 1, "number_distinct_values": 4, "frequent_values": ["Up", "Down", "Neutral", null], "dataTypes": [{"type": "TEXT", "count": 29, "shortest_values": [["Up", 2], ["Up", 2], ["Up", 2], ["Up", 2], ["Up", 2]], "longest_values": [["Neutral", 7], ["Neutral", 7], ["Neutral", 7], ["Neutral", 7], ["Neutral", 7]], "average_length": 4.241379310344827}]}, {"column_name": "Status for 2012 PlaNYC update", "number_non_empty_cells": 30, "number_empty_cells": 0, "number_distinct_values": 1, "frequent_values": ["Updated"], "dataTypes": [{"type": "TEXT", "count": 30, "shortest_values": [["Updated", 7], ["Updated", 7], ["Updated", 7], ["Updated", 7], ["Updated", 7]], "longest_values": [["Updated", 7], ["Updated", 7], ["Updated", 7], ["Updated", 7], ["Updated", 7]], "average_length": 7.0}]}, {"column_name": "2000", "number_non_empty_cells": 5, "number_empty_cells": 25, "number_distinct_values": 6, "frequent_values": ["67.0%", "61.68", "35%", "789,590,854", "84%"], "dataTypes": [{"type": "REAL", "count": 1, "max_value": 61.68, "min_value": 61.68, "mean": 61.68, "stddev": 0.0}, {"type": "TEXT", "count": 4, "shortest_values": [["35%", 3], ["84%", 3], ["67.0%", 5], ["789,590,854", 11]], "longest_values": [["789,590,854", 11], ["67.0%", 5], ["35%", 3], ["84%", 3]], "average_length": 5.5}]}, {"column_name": "2001", "number_non_empty_cells": 5, "number_empty_cells": 25, "number_distinct_values": 6, "frequent_values": ["805,257,180", "82%", "38%", "87.09", "71.2%"], "dataTypes": [{"type": "REAL", "count": 1, "max_value": 87.09, "min_value": 87.09, "mean": 87.09, "stddev": 0.0}, {"type": "TEXT", "count": 4, "shortest_values": [["38%", 3], ["82%", 3], ["71.2%", 5], ["805,257,180", 11]], "longest_values": [["805,257,180", 11], ["71.2%", 5], ["38%", 3], ["82%", 3]], "average_length": 5.5}]}, {"column_name": "2002", "number_non_empty_cells": 9, "number_empty_cells": 21, "number_distinct_values": 10, "frequent_values": ["106.52", "82%", "825,930,793", "76.10%", "-8.6%"], "dataTypes": [{"type": "REAL", "count": 1, "max_value": 106.52, "min_value": 106.52, "mean": 106.52, "stddev": 0.0}, {"type": "DATE/TIME", "count": 1, "max_value": "0208-03-06T00:00:00", "min_value": "0208-03-06T00:00:00"}, {"type": "TEXT", "count": 7, "shortest_values": [["39%", 3], ["82%", 3], ["1.38%", 5], ["68.9%", 5], ["-8.6%", 5]], "longest_values": [["825,930,793", 11], ["76.10%", 6], ["1.38%", 5], ["68.9%", 5], ["-8.6%", 5]], "average_length": 5.428571428571429}]}, {"column_name": "2003", "number_non_empty_cells": 7, "number_empty_cells": 23, "number_distinct_values": 8, "frequent_values": ["67.4%", "7", "0.2%", "79.48", "827,210,454"], "dataTypes": [{"type": "INTEGER (LONG)", "count": 1, "max_value": 7, "min_value": 7, "mean": 7.0, "stddev": 0.0}, {"type": "REAL", "count": 1, "max_value": 79.48, "min_value": 79.48, "mean": 79.48, "stddev": 0.0}, {"type": "TEXT", "count": 5, "shortest_values": [["42%", 3], ["80%", 3], ["0.2%", 4], ["67.4%", 5], ["827,210,454", 11]], "longest_values": [["827,210,454", 11], ["67.4%", 5], ["0.2%", 4], ["42%", 3], ["80%", 3]], "average_length": 5.2}]}, {"column_name": "2004", "number_non_empty_cells": 9, "number_empty_cells": 21, "number_distinct_values": 10, "frequent_values": ["67.07", "7", "847,940,459", "* 35.54", "68.2%"], "dataTypes": [{"type": "INTEGER (LONG)", "count": 1, "max_value": 7, "min_value": 7, "mean": 7.0, "stddev": 0.0}, {"type": "REAL", "count": 1, "max_value": 67.07, "min_value": 67.07, "mean": 67.07, "stddev": 0.0}, {"type": "TEXT", "count": 7, "shortest_values": [["42%", 3], ["74%", 3], ["68.2%", 5], ["-4.5%", 5], ["* 6.56", 6]], "longest_values": [["847,940,459", 11], ["* 35.54", 7], ["* 6.56", 6], ["68.2%", 5], ["-4.5%", 5]], "average_length": 5.714285714285714}]}, {"column_name": "2005", "number_non_empty_cells": 17, "number_empty_cells": 13, "number_distinct_values": 18, "frequent_values": ["71.5%", "* 33.98", "3,260,856", "7", "68.50%"], "dataTypes": [{"type": "INTEGER (LONG)", "count": 2, "max_value": 7, "min_value": 1, "mean": 4.0, "stddev": 3.0}, {"type": "REAL", "count": 4, "max_value": 913.9, "min_value": 7.61, "mean": 281.7, "stddev": 367.1367192886051}, {"type": "DATE/TIME", "count": 1, "max_value": "0260-03-06T00:00:00", "min_value": "0260-03-06T00:00:00"}, {"type": "TEXT", "count": 10, "shortest_values": [["42%", 3], ["73%", 3], ["0.5%", 4], ["1.91%", 5], ["71.5%", 5]], "longest_values": [["845,173,236", 11], ["61,567,977", 10], ["* 33.98", 7], ["68.50%", 6], ["* 6.58", 6]], "average_length": 6.0}]}, {"column_name": "2006", "number_non_empty_cells": 14, "number_empty_cells": 16, "number_distinct_values": 15, "frequent_values": ["70%", "7", "795.0", "* 6.63", "105.70"], "dataTypes": [{"type": "INTEGER (LONG)", "count": 1, "max_value": 7, "min_value": 7, "mean": 7.0, "stddev": 0.0}, {"type": "REAL", "count": 5, "max_value": 795.0, "min_value": 0.9018319208265588, "mean": 201.0343663841653, "stddev": 300.1752494338597}, {"type": "TEXT", "count": 8, "shortest_values": [["42%", 3], ["70%", 3], ["72.0%", 5], ["-8.2%", 5], ["* 6.63", 6]], "longest_values": [["871,603,207", 11], ["55,523,967", 10], ["* 32.06", 7], ["* 6.63", 6], ["72.0%", 5]], "average_length": 6.25}]}, {"column_name": "2007", "number_non_empty_cells": 21, "number_empty_cells": 9, "number_distinct_values": 22, "frequent_values": ["58,898,324", "1.1%", "* 49.52", "99.9669%", "7.25"], "dataTypes": [{"type": "INTEGER (LONG)", "count": 1, "max_value": 6, "min_value": 6, "mean": 6.0, "stddev": 0.0}, {"type": "REAL", "count": 6, "max_value": 789.5, "min_value": 0.9566389266660085, "mean": 191.9127731544443, "stddev": 272.24198829933783}, {"type": "TEXT", "count": 14, "shortest_values": [["86%", 3], ["41%", 3], ["70%", 3], ["63%", 3], ["1.1%", 4]], "longest_values": [["892,954,616", 11], ["58,898,324", 10], ["* 26,382", 8], ["99.9669%", 8], ["* 49.52", 7]], "average_length": 5.928571428571429}]}, {"column_name": "2008", "number_non_empty_cells": 25, "number_empty_cells": 5, "number_distinct_values": 26, "frequent_values": ["88%", "130.98", "-2.4%", "66%", "5.25%"], "dataTypes": [{"type": "INTEGER (LONG)", "count": 1, "max_value": 6, "min_value": 6, "mean": 6.0, "stddev": 0.0}, {"type": "REAL", "count": 7, "max_value": 773.1, "min_value": 0.923788950033098, "mean": 178.13054127857615, "stddev": 248.49155769868565}, {"type": "DATE/TIME", "count": 1, "max_value": "0328-03-06T00:00:00", "min_value": "0328-03-06T00:00:00"}, {"type": "TEXT", "count": 16, "shortest_values": [["88%", 3], ["42%", 3], ["66%", 3], ["63%", 3], ["0.98%", 5]], "longest_values": [["927,917,724", 11], ["56,875,817", 10], ["* 50,427", 8], ["99.9284%", 8], ["* 50.56", 7]], "average_length": 5.937499999999999}]}, {"column_name": "2009", "number_non_empty_cells": 23, "number_empty_cells": 7, "number_distinct_values": 24, "frequent_values": ["7", "88%", "* 6.73", "54,965,617", "48.9%"], "dataTypes": [{"type": "INTEGER (LONG)", "count": 1, "max_value": 7, "min_value": 7, "mean": 7.0, "stddev": 0.0}, {"type": "REAL", "count": 7, "max_value": 703.9, "min_value": 0.8927630786098688, "mean": 165.5203947255157, "stddev": 225.88261921224256}, {"type": "TEXT", "count": 15, "shortest_values": [["88%", 3], ["41%", 3], ["72%", 3], ["63%", 3], ["73.5%", 5]], "longest_values": [["948,244,833", 11], ["54,965,617", 10], ["* 74,879", 8], ["99.9789%", 8], ["* 50.38", 7]], "average_length": 5.9333333333333345}]}, {"column_name": "2010", "number_non_empty_cells": 24, "number_empty_cells": 6, "number_distinct_values": 25, "frequent_values": ["7", "-10.3%", "* 21.06", "73.6%", "0"], "dataTypes": [{"type": "INTEGER (LONG)", "count": 2, "max_value": 7, "min_value": 0, "mean": 3.5, "stddev": 3.5}, {"type": "REAL", "count": 6, "max_value": 696.9, "min_value": 0.8827452762079356, "mean": 178.898790879368, "stddev": 238.14952021458552}, {"type": "TEXT", "count": 16, "shortest_values": [["78%", 3], ["72%", 3], ["65%", 3], ["73.0%", 5], ["73.6%", 5]], "longest_values": [["924,589,268", 11], ["54,348,841", 10], ["1500-2000", 9], ["* 98,924", 8], ["99.9951%", 8]], "average_length": 6.312500000000001}]}, {"column_name": "2011", "number_non_empty_cells": 17, "number_empty_cells": 13, "number_distinct_values": 18, "frequent_values": ["* 35.32", "123.57", "0", "1.04%", "75.6%"], "dataTypes": [{"type": "INTEGER (LONG)", "count": 2, "max_value": 91, "min_value": 0, "mean": 45.5, "stddev": 45.5}, {"type": "REAL", "count": 2, "max_value": 123.57, "min_value": 3.38, "mean": 63.474999999999994, "stddev": 60.095}, {"type": "DATE/TIME", "count": 1, "max_value": "0352-03-06T00:00:00", "min_value": "0352-03-06T00:00:00"}, {"type": "TEXT", "count": 12, "shortest_values": [["86%", 3], ["41%", 3], ["72%", 3], ["68%", 3], ["1.04%", 5]], "longest_values": [["* 122,969", 9], ["1500-2000", 9], ["99.9920%", 8], ["* 35.32", 7], ["60.00%", 6]], "average_length": 5.583333333333334}]}, {"column_name": "2012", "number_non_empty_cells": 0, "number_empty_cells": 30, "number_distinct_values": 1, "frequent_values": [null], "dataTypes": []}, {"column_name": "2013", "number_non_empty_cells": 0, "number_empty_cells": 30, "number_distinct_values": 1, "frequent_values": [null], "dataTypes": []}, {"column_name": "Agency", "number_non_empty_cells": 29, "number_empty_cells": 1, "number_distinct_values": 10, "frequent_values": ["OLTPS", "DEP", "DCP", "HPD", "OER"], "dataTypes": [{"type": "TEXT", "count": 29, "shortest_values": [["DCP", 3], ["DCP", 3], ["HPD", 3], ["HPD", 3], ["DCP", 3]], "longest_values": [["OLTPS", 5], ["OLTPS", 5], ["OLTPS", 5], ["OLTPS", 5], ["OLTPS", 5]], "average_length": 3.758620689655173}]}, {"column_name": "Additional source 1", "number_non_empty_cells": 10, "number_empty_cells": 20, "number_distinct_values": 7, "frequent_values": ["William Morris", "CPR", "Sustainable Streets Index", "http://www.nymtc.org/", "National Transportation Database"], "dataTypes": [{"type": "TEXT", "count": 10, "shortest_values": [["CPR", 3], ["CPR", 3], ["David Barker", 12], ["William Morris", 14], ["William Morris", 14]], "longest_values": [["National Transportation Database", 32], ["Sustainable Streets Index", 25], ["http://www.nymtc.org/", 21], ["William Morris", 14], ["William Morris", 14]], "average_length": 15.200000000000001}]}, {"column_name": "Additional source 2", "number_non_empty_cells": 8, "number_empty_cells": 22, "number_distinct_values": 6, "frequent_values": ["DEP", "DPR", "http://www.ntdprogram.gov/ntdprogram/data.htm", "DOT", "Hub Bound Travel"], "dataTypes": [{"type": "TEXT", "count": 8, "shortest_values": [["DPR", 3], ["DEP", 3], ["DEP", 3], ["DEP", 3], ["DEP", 3]], "longest_values": [["http://www.ntdprogram.gov/ntdprogram/data.htm", 45], ["Hub Bound Travel", 16], ["DPR", 3], ["DEP", 3], ["DEP", 3]], "average_length": 9.875}]}, {"column_name": "Additional source 3", "number_non_empty_cells": 1, "number_empty_cells": 29, "number_distinct_values": 2, "frequent_values": ["TS2.1", null], "dataTypes": [{"type": "TEXT", "count": 1, "shortest_values": [["TS2.1", 5]], "longest_values": [["TS2.1", 5]], "average_length": 5.0}]}]}