{"dataset_name": "/user/hm74/NYCOpenData/6r8r-c474.tsv.gz", "columns": [{"column_name": "Region", "number_non_empty_cells": 65, "number_empty_cells": 0, "number_distinct_values": 5, "frequent_values": ["Queens", "Brooklyn", "Staten Island", "Manhattan", "Bronx"], "dataTypes": [{"type": "TEXT", "count": 65, "shortest_values": [["Bronx", 5], ["Bronx", 5], ["Bronx", 5], ["Bronx", 5], ["Bronx", 5]], "longest_values": [["Staten Island", 13], ["Staten Island", 13], ["Staten Island", 13], ["Staten Island", 13], ["Staten Island", 13]], "average_length": 8.200000000000001}]}, {"column_name": "Calendar Year", "number_non_empty_cells": 65, "number_empty_cells": 0, "number_distinct_values": 13, "frequent_values": [2007, 2018, 2015, 2006, 2013], "dataTypes": [{"type": "INTEGER (LONG)", "count": 65, "max_value": 2018, "min_value": 2006, "mean": 2011.9999999999995, "stddev": 3.7416573867739715}]}, {"column_name": "Passthrough Count", "number_non_empty_cells": 65, "number_empty_cells": 0, "number_distinct_values": 63, "frequent_values": [1189, 313, 623, 368, 243], "dataTypes": [{"type": "INTEGER (LONG)", "count": 65, "max_value": 1860, "min_value": 102, "mean": 855.9538461538465, "stddev": 468.45784411831175}]}]}