{"dataset_name": "/user/hm74/NYCOpenData/6rf2-gv9k.tsv.gz", "columns": [{"column_name": "BOROUGH", "number_non_empty_cells": 180, "number_empty_cells": 0, "number_distinct_values": 6, "frequent_values": ["Queens", "Citywide", "Brooklyn", "Staten Island", "Manhattan"], "dataTypes": [{"type": "TEXT", "count": 180, "shortest_values": [["Bronx", 5], ["Bronx", 5], ["Bronx", 5], ["Bronx", 5], ["Bronx", 5]], "longest_values": [["Staten Island", 13], ["Staten Island", 13], ["Staten Island", 13], ["Staten Island", 13], ["Staten Island", 13]], "average_length": 8.166666666666668}]}, {"column_name": "BUILDING CLASS CATEGORY", "number_non_empty_cells": 180, "number_empty_cells": 0, "number_distinct_values": 3, "frequent_values": ["01 ONE FAMILY HOMES", "03 THREE FAMILY HOMES", "02 TWO FAMILY HOMES"], "dataTypes": [{"type": "TEXT", "count": 180, "shortest_values": [["01 ONE FAMILY HOMES", 19], ["02 TWO FAMILY HOMES", 19], ["01 ONE FAMILY HOMES", 19], ["02 TWO FAMILY HOMES", 19], ["01 ONE FAMILY HOMES", 19]], "longest_values": [["03 THREE FAMILY HOMES", 21], ["03 THREE FAMILY HOMES", 21], ["03 THREE FAMILY HOMES", 21], ["03 THREE FAMILY HOMES", 21], ["03 THREE FAMILY HOMES", 21]], "average_length": 19.666666666666675}]}, {"column_name": "NUMBER OF SALES", "number_non_empty_cells": 180, "number_empty_cells": 0, "number_distinct_values": 140, "frequent_values": [89, 546, 37, 463, 876], "dataTypes": [{"type": "INTEGER (LONG)", "count": 180, "max_value": 12991, "min_value": 14, "mean": 2378.755555555554, "stddev": 2967.501874233653}]}, {"column_name": "MINIMUM SALE PRICE", "number_non_empty_cells": 180, "number_empty_cells": 0, "number_distinct_values": 32, "frequent_values": [200000, 150000, 215000, 220000, 201400], "dataTypes": [{"type": "INTEGER (LONG)", "count": 180, "max_value": 816425, "min_value": 150000, "mean": 222380.011111111, "stddev": 101677.38889847138}]}, {"column_name": "AVERAGE SALE PRICE", "number_non_empty_cells": 180, "number_empty_cells": 0, "number_distinct_values": 144, "frequent_values": [523501, 499060, 1080323, 8176576, 993176], "dataTypes": [{"type": "INTEGER (LONG)", "count": 180, "max_value": 9180342, "min_value": 339687, "mean": 1443300.8333333333, "stddev": 1970944.2637775973}]}, {"column_name": "MEDIAN SALE PRICE", "number_non_empty_cells": 180, "number_empty_cells": 0, "number_distinct_values": 116, "frequent_values": [600000, 575000, 850000, 560000, 500000], "dataTypes": [{"type": "INTEGER (LONG)", "count": 180, "max_value": 7425000, "min_value": 325000, "mean": 1112921.7055555547, "stddev": 1431783.969484723}]}, {"column_name": "MAXIMUM SALE PRICE", "number_non_empty_cells": 180, "number_empty_cells": 0, "number_distinct_values": 113, "frequent_values": [28000000, 19700000, 19875000, 41000000, 43500000], "dataTypes": [{"type": "INTEGER (LONG)", "count": 180, "max_value": 51000000, "min_value": 540000, "mean": 13246523.57222222, "stddev": 13306663.99350329}]}, {"column_name": "YEAR", "number_non_empty_cells": 180, "number_empty_cells": 0, "number_distinct_values": 8, "frequent_values": [2016, 2017, 2013, 2012, 2014], "dataTypes": [{"type": "INTEGER (LONG)", "count": 180, "max_value": 2017, "min_value": 2010, "mean": 2014.1000000000001, "stddev": 2.385372088375461}]}]}