{"dataset_name": "/user/hm74/NYCOpenData/6rg9-pfbz.tsv.gz", "columns": [{"column_name": "PROGRAM_TYPE", "number_non_empty_cells": 210, "number_empty_cells": 0, "number_distinct_values": 116, "frequent_values": ["After-School Programs", "Bronx, NEW YORK 10453", "Queens, NEW YORK 11691", "Brooklyn, NEW YORK 11220", "New York, NEW YORK 10035"], "dataTypes": [{"type": "TEXT", "count": 210, "shortest_values": [["NEW YORK 10301", 14], ["NEW YORK 11433", 14], ["NEW YORK 10301", 14], ["After-School Programs", 21], ["After-School Programs", 21]], "longest_values": [["(40.670458657699, -73.961628275734)\"", 36], ["(40.771524024514, -73.926435450735)\"", 36], ["(40.642201614799, -74.019175801725)\"", 36], ["(40.836930349056, -73.949178521971)\"", 36], ["(40.698104881735, -73.787574033914)\"", 36]], "average_length": 26.33809523809523}]}, {"column_name": "PROGRAM", "number_non_empty_cells": 140, "number_empty_cells": 70, "number_distinct_values": 72, "frequent_values": ["Middle School", "10-25 41st Avenue", "94-20 Guy R Brewer Boulevard", "309 47th Street", "1525 Central Avenue"], "dataTypes": [{"type": "TEXT", "count": 140, "shortest_values": [["Middle School", 13], ["Middle School", 13], ["Middle School", 13], ["Middle School", 13], ["Middle School", 13]], "longest_values": [["495 University Ave & West 181 Street", 36], ["94-20 Guy R. Brewer Boulevard", 29], ["94-20 Guy R Brewer Boulevard", 28], ["1500 Pelham Parkway South", 25], ["3101 Kingsbridge Terrace", 24]], "average_length": 16.15714285714285}]}, {"column_name": "SITE_NAME", "number_non_empty_cells": 140, "number_empty_cells": 70, "number_distinct_values": 116, "frequent_values": ["10453", "11220", "11691", "11214", "10462"], "dataTypes": [{"type": "INTEGER (LONG)", "count": 70, "max_value": 11691, "min_value": 10026, "mean": 10818.257142857141, "stddev": 523.1611793623804}, {"type": "TEXT", "count": 70, "shortest_values": [["Echo Park", 9], ["Garcia PAL", 10], ["Nan Shan LDC", 12], ["JHS Beacon 117 ", 15], ["Jane Addams H.S.", 16]], "longest_values": [["Women's Housing and Economic Development Corporation (WHEDCO)", 61], ["Intermediate School 302 - Rafael Cordero Y. Molina School", 57], ["Public School 314 - Luis Munoz Marin Elementary School", 54], ["Intermediate School 281 - Joseph B. Cavallaro School", 52], ["PRFI Aftercare Services for Adolescents Program ", 48]], "average_length": 33.057142857142864}]}, {"column_name": "BOROUGH", "number_non_empty_cells": 134, "number_empty_cells": 76, "number_distinct_values": 70, "frequent_values": ["Brooklyn", "Bronx", "Queens", "New York", "40.702532"], "dataTypes": [{"type": "REAL", "count": 65, "max_value": 40.884011, "min_value": 40.577413, "mean": 40.74118309230771, "stddev": 0.09289184161572563}, {"type": "TEXT", "count": 69, "shortest_values": [["Bronx", 5], ["Bronx", 5], ["Bronx", 5], ["Bronx", 5], ["Bronx", 5]], "longest_values": [["Staten Island", 13], ["Staten Island", 13], ["Brooklyn", 8], ["Brooklyn", 8], ["New York", 8]], "average_length": 6.855072463768117}]}, {"column_name": "AGENCY", "number_non_empty_cells": 135, "number_empty_cells": 75, "number_distinct_values": 111, "frequent_values": ["Research Foundation of CUNY", "Police Athletic League, Inc.", "SCO Family of Services", "Directions For Our Youth, Inc.", "Aging In America Community Services, Inc"], "dataTypes": [{"type": "REAL", "count": 65, "max_value": -73.751391, "min_value": -74.085135, "mean": -73.91415229230768, "stddev": 0.06957471365810347}, {"type": "TEXT", "count": 70, "shortest_values": [["Turning Point", 13], ["The Valley, Inc.", 16], ["The Valley, Inc.", 16], ["SCO Family of Services", 22], ["SCO Family of Services", 22]], "longest_values": [["Women's Housing and Economic Development Corporation (WHEDCO)", 61], ["Builders For Family & Youth of Diocese of Brooklyn (BFFY)", 57], ["Adolescent and Family Comprehensive Services, Inc.", 50], ["Adolescent and Family Comprehensive Services, Inc.", 50], ["St. Rosalia-Regina Pacis Neighborhood Improvement", 49]], "average_length": 33.74285714285714}]}, {"column_name": "Contact_Number", "number_non_empty_cells": 135, "number_empty_cells": 75, "number_distinct_values": 64, "frequent_values": ["5", "212.417.8425", "7", "11", "1"], "dataTypes": [{"type": "INTEGER (LONG)", "count": 65, "max_value": 18, "min_value": 1, "mean": 7.707692307692307, "stddev": 4.256119854165029}, {"type": "TEXT", "count": 70, "shortest_values": [["212.417.8425", 12], ["718.933.6935", 12], ["718.777.6315", 12], ["718.933.6935", 12], ["516.671.1253", 12]], "longest_values": [["212.417.8425", 12], ["718.933.6935", 12], ["718.777.6315", 12], ["718.933.6935", 12], ["516.671.1253", 12]], "average_length": 12.0}]}, {"column_name": "Grade_Level_/_Age_Group_", "number_non_empty_cells": 135, "number_empty_cells": 75, "number_distinct_values": 36, "frequent_values": ["MiddleSchool", "14", "9", "42", "35"], "dataTypes": [{"type": "INTEGER (LONG)", "count": 65, "max_value": 49, "min_value": 7, "mean": 25.646153846153847, "stddev": 13.204230987692219}, {"type": "TEXT", "count": 70, "shortest_values": [["MiddleSchool", 12], ["MiddleSchool", 12], ["MiddleSchool", 12], ["MiddleSchool", 12], ["MiddleSchool", 12]], "longest_values": [["MiddleSchool", 12], ["MiddleSchool", 12], ["MiddleSchool", 12], ["MiddleSchool", 12], ["MiddleSchool", 12]], "average_length": 12.0}]}, {"column_name": "Location_1", "number_non_empty_cells": 135, "number_empty_cells": 75, "number_distinct_values": 132, "frequent_values": ["246", "94 20 Guy R Brewer Boulevard", "87", "222", "7"], "dataTypes": [{"type": "INTEGER (LONG)", "count": 65, "max_value": 105804, "min_value": 7, "mean": 9582.107692307689, "stddev": 26251.382740503454}, {"type": "DATE/TIME", "count": 1, "max_value": "0119-04-07T00:00:00", "min_value": "0119-04-07T00:00:00"}, {"type": "TEXT", "count": 69, "shortest_values": [["14 32", 5], ["216 Fort", 8], ["2051 Grand", 10], ["330 59th Street", 15], ["200 Gold Street", 15]], "longest_values": [["495 University Ave & West 181 Street", 36], ["20 Stuyvesant Place Staten Island", 33], ["55 Layton Avenue Staten Island", 30], ["94 20 Guy R Brewer Boulevard", 28], ["94 20 Guy R Brewer Boulevard", 28]], "average_length": 18.492753623188406}]}, {"column_name": "Number_and_Street_Address", "number_non_empty_cells": 63, "number_empty_cells": 147, "number_distinct_values": 63, "frequent_values": [4215630, 4114267, 3011821, 4208888, 4298051], "dataTypes": [{"type": "INTEGER (LONG)", "count": 63, "max_value": 5001150, "min_value": 1051515, "mean": 2778471.7777777775, "stddev": 1057180.7611267741}]}, {"column_name": "Postcode", "number_non_empty_cells": 63, "number_empty_cells": 147, "number_distinct_values": 63, "frequent_values": [4101040043, 4155610029, 4155450023, 1021520067, 1016180001], "dataTypes": [{"type": "INTEGER (LONG)", "count": 63, "max_value": 5000490182, "min_value": 1016120050, "mean": 2706633640.222222, "stddev": 1023966864.1608772}]}, {"column_name": "Latitude", "number_non_empty_cells": 65, "number_empty_cells": 145, "number_distinct_values": 50, "frequent_values": ["Far Rockaway-Bayswater                                                     ", "East Harlem North                                                          ", "Jamaica                                                                    ", "Mount Hope                                                                 ", "East New York                                                              "], "dataTypes": [{"type": "TEXT", "count": 65, "shortest_values": [["Crown Heights South                                                        ", 75], ["Belmont                                                                    ", 75], ["Old Astoria                                                                ", 75], ["Kingsbridge Heights                                                        ", 75], ["Sunset Park West                                                           ", 75]], "longest_values": [["Crown Heights South                                                        ", 75], ["Belmont                                                                    ", 75], ["Old Astoria                                                                ", 75], ["Kingsbridge Heights                                                        ", 75], ["Sunset Park West                                                           ", 75]], "average_length": 75.0}]}, {"column_name": "Longitude", "number_non_empty_cells": 0, "number_empty_cells": 210, "number_distinct_values": 1, "frequent_values": [null], "dataTypes": []}, {"column_name": "Community_Board", "number_non_empty_cells": 0, "number_empty_cells": 210, "number_distinct_values": 1, "frequent_values": [null], "dataTypes": []}, {"column_name": "Council_District", "number_non_empty_cells": 0, "number_empty_cells": 210, "number_distinct_values": 1, "frequent_values": [null], "dataTypes": []}, {"column_name": "Census_Tract", "number_non_empty_cells": 0, "number_empty_cells": 210, "number_distinct_values": 1, "frequent_values": [null], "dataTypes": []}, {"column_name": "BIN", "number_non_empty_cells": 0, "number_empty_cells": 210, "number_distinct_values": 1, "frequent_values": [null], "dataTypes": []}, {"column_name": "BBL", "number_non_empty_cells": 0, "number_empty_cells": 210, "number_distinct_values": 1, "frequent_values": [null], "dataTypes": []}, {"column_name": "NTA", "number_non_empty_cells": 0, "number_empty_cells": 210, "number_distinct_values": 1, "frequent_values": [null], "dataTypes": []}]}