{"dataset_name": "/user/hm74/NYCOpenData/6smc-7mk6.tsv.gz", "columns": [{"column_name": "Name", "number_non_empty_cells": 41, "number_empty_cells": 0, "number_distinct_values": 37, "frequent_values": ["NYC Business Solutions Industrial and Transportation - Brooklyn", "NYC Business Solutions Industrial and Transportation - Queens", "NYS Department of Labor Lower Manhattan Workforce1 Career Center", "Washington Heights Workforce1 Career Center", "Sandy Recovery Workforce1 Career Center"], "dataTypes": [{"type": "TEXT", "count": 41, "shortest_values": [["Bronx Employment Works", 22], ["Brooklyn Employment Works", 25], ["Bronx Workforce1 Career Center", 30], ["Queens Workforce1 Career Center", 31], ["Midtown Workforce1 Career Center", 32]], "longest_values": [["NYC Business Solutions Queens Center at the NYC Small Business Support Center", 77], ["NYC Business Solutions Industrial and Transportation - Staten Island", 68], ["Staten Island Workforce1 Industrial & Transportation Career Center", 66], ["NYC Business Solutions Industrial and Transportation - Manhattan", 64], ["NYS Department of Labor Lower Manhattan Workforce1 Career Center", 64]], "average_length": 47.43902439024393}]}, {"column_name": "Hours", "number_non_empty_cells": 41, "number_empty_cells": 0, "number_distinct_values": 8, "frequent_values": ["Mon - Fri: 9:00 AM - 5:00 PM", "Mon - Fri: 8:30 AM - 5:00 PM", "Call 311 to contact this location for hours.", "Mon - Fri: 8:00 AM - 4:30 PM", "Mon - Tue: 8:30 AM - 5:00 PM; Wed: 8:30 AM - 8:00 PM; Thu - Fri: 8:30 AM - 5:00 PM"], "dataTypes": [{"type": "TEXT", "count": 41, "shortest_values": [["Mon - Fri: 8:30 AM - 5:00 PM", 28], ["Mon - Fri: 8:30 AM - 5:00 PM", 28], ["Mon - Fri: 9:00 AM - 5:00 PM", 28], ["Mon - Fri: 8:30 AM - 5:00 PM", 28], ["Mon - Fri: 9:00 AM - 5:00 PM", 28]], "longest_values": [["Mon: 8:30 AM - 5:00 PM; Tue: 8:30 AM - 7:00 PM; Wed: 8:30 AM - 6:00 PM; Thu - Fri: 8:30 AM - 5:00 PM", 100], ["Mon - Tue: 8:30 AM - 5:00 PM; Wed: 8:30 AM - 8:00 PM; Thu - Fri: 8:30 AM - 5:00 PM", 82], ["Mon - Wed: 9:00 AM - 5:00 PM; Thu - Fri: 9:00 AM - 7:00 PM", 58], ["Call 311 to contact this location for hours.", 44], ["Call 311 to contact this location for hours.", 44]], "average_length": 35.3170731707317}]}, {"column_name": "Number", "number_non_empty_cells": 41, "number_empty_cells": 0, "number_distinct_values": 35, "frequent_values": ["9", "79", "120", "400", "361"], "dataTypes": [{"type": "INTEGER (LONG)", "count": 31, "max_value": 3845, "min_value": 2, "mean": 616.4193548387096, "stddev": 867.8928049682822}, {"type": "DATE/TIME", "count": 2, "max_value": "1996-11-06T00:00:00", "min_value": "1990-04-06T00:00:00"}, {"type": "TEXT", "count": 8, "shortest_values": [["41-17", 5], ["38-81", 5], ["27-01", 5], ["90-27", 5], ["57-17", 5]], "longest_values": [["138-60", 6], ["168-25", 6], ["168-46", 6], ["41-17", 5], ["38-81", 5]], "average_length": 5.375000000000001}]}, {"column_name": "Street", "number_non_empty_cells": 41, "number_empty_cells": 0, "number_distinct_values": 33, "frequent_values": ["John Street", "Bond Street", "West 181st Street", "East Fordham Road", "Stuyvesant Place"], "dataTypes": [{"type": "TEXT", "count": 41, "shortest_values": [["Broadway", 8], ["40th Road", 9], ["91 Avenue", 9], ["Bond Street", 11], ["Bond Street", 11]], "longest_values": [["South Oxford Street", 19], ["Schermerhorn Street", 19], ["Shore Front Parkway", 19], ["East Tremont Avenue", 19], ["Bruckner Boulevard", 18]], "average_length": 14.170731707317074}]}, {"column_name": "Street_Address_2", "number_non_empty_cells": 31, "number_empty_cells": 10, "number_distinct_values": 13, "frequent_values": ["2nd Floor", "3rd Floor", "5th Floor", "Suite 810", "6th Floor"], "dataTypes": [{"type": "TEXT", "count": 31, "shortest_values": [["1st Floor", 9], ["3rd Floor", 9], ["5th Floor", 9], ["5th Floor", 9], ["3rd Floor", 9]], "longest_values": [["Entrance on Webster Avenue", 26], ["\"Building B\"\" Lobby\"\"\"", 22], ["1st Floor", 9], ["3rd Floor", 9], ["5th Floor", 9]], "average_length": 9.96774193548387}]}, {"column_name": "City", "number_non_empty_cells": 41, "number_empty_cells": 0, "number_distinct_values": 9, "frequent_values": ["Brooklyn", "New York", "Bronx", "Staten Island", "Jamaica"], "dataTypes": [{"type": "TEXT", "count": 41, "shortest_values": [["Bronx", 5], ["Bronx", 5], ["Bronx", 5], ["Bronx", 5], ["Bronx", 5]], "longest_values": [["Long Island City", 16], ["Long Island City", 16], ["Staten Island", 13], ["Staten Island", 13], ["Staten Island", 13]], "average_length": 8.317073170731705}]}, {"column_name": "Borough", "number_non_empty_cells": 41, "number_empty_cells": 0, "number_distinct_values": 5, "frequent_values": ["Queens", "Brooklyn", "Manhattan", "Bronx", "Staten Island"], "dataTypes": [{"type": "TEXT", "count": 41, "shortest_values": [["Bronx", 5], ["Bronx", 5], ["Bronx", 5], ["Bronx", 5], ["Bronx", 5]], "longest_values": [["Staten Island", 13], ["Staten Island", 13], ["Staten Island", 13], ["Staten Island", 13], ["Staten Island", 13]], "average_length": 7.8292682926829285}]}, {"column_name": "State", "number_non_empty_cells": 41, "number_empty_cells": 0, "number_distinct_values": 1, "frequent_values": ["NY"], "dataTypes": [{"type": "TEXT", "count": 41, "shortest_values": [["NY", 2], ["NY", 2], ["NY", 2], ["NY", 2], ["NY", 2]], "longest_values": [["NY", 2], ["NY", 2], ["NY", 2], ["NY", 2], ["NY", 2]], "average_length": 2.0}]}, {"column_name": "Postcode", "number_non_empty_cells": 41, "number_empty_cells": 0, "number_distinct_values": 27, "frequent_values": [11201, 11432, 10038, 10027, 10458], "dataTypes": [{"type": "INTEGER (LONG)", "count": 41, "max_value": 11692, "min_value": 10001, "mean": 10751.097560975608, "stddev": 552.7913559063517}]}, {"column_name": "Details", "number_non_empty_cells": 38, "number_empty_cells": 3, "number_distinct_values": 19, "frequent_values": ["Dedicated Veteran Specialist available to connect veterans and their spouses to training, jobs, and supportive services to meet your career goals while leveraging your military skills and experiences. Workforce1 Career Centers are a proud partner of the American Job Center network. Please call 311 to contact this location.", "Workforce1 Career Centers are a proud partner of the American Job Center network. Please call 311 to contact this location.", "Please call 311 to contact this location.", "The center offers comprehensive career services and connections to high-quality employment in the industrial and manufacturing sectors. Workforce1 Career Centers are a proud partner of the American Job Center network. Please call 311 to contact this location.", "The center connects Sandy-affected residents to recovery- and resiliency-related career opportunities and job training. Workforce1 Career Centers are a proud partner of the American Job Center network. Please call 311 to contact this location."], "dataTypes": [{"type": "TEXT", "count": 38, "shortest_values": [["Long Island City Neighborhood", 29], ["Jamaica and JFK Neighborhoods", 29], ["Please call 311 to contact this location.", 41], ["Please call 311 to contact this location.", 41], ["East New York and Flatlands Neighborhoods", 41]], "longest_values": [["The center offers comprehensive career services and connections to high-quality employment in the industrial and manufacturing sectors. Dedicated Veteran Specialist available to connect veterans and their spouses to training, jobs, and supportive services to meet your career goals while leveraging your military skills and experiences. Workforce1 Career Centers are a proud partner of the American Job Center network. Please call 311 to contact this location.", 460], ["This center provides an array of career services for area residents, including specially designed workshops to serve out-of-school, out-of-work youth and individuals formerly acquainted with the criminal justice system. Workforce1 Career Centers are a proud partner of the American Job Center network. Please call 311 to contact this location.", 343], ["Dedicated Veteran Specialist available to connect veterans and their spouses to training, jobs, and supportive services to meet your career goals while leveraging your military skills and experiences. Workforce1 Career Centers are a proud partner of the American Job Center network. Please call 311 to contact this location.", 324], ["Dedicated Veteran Specialist available to connect veterans and their spouses to training, jobs, and supportive services to meet your career goals while leveraging your military skills and experiences. Workforce1 Career Centers are a proud partner of the American Job Center network. Please call 311 to contact this location.", 324], ["Dedicated Veteran Specialist available to connect veterans and their spouses to training, jobs, and supportive services to meet your career goals while leveraging your military skills and experiences. Workforce1 Career Centers are a proud partner of the American Job Center network. Please call 311 to contact this location.", 324]], "average_length": 184.02631578947367}]}, {"column_name": "Location_Type", "number_non_empty_cells": 41, "number_empty_cells": 0, "number_distinct_values": 4, "frequent_values": ["Workforce1 Career Center", "NYC Business Solutions Industrial and Transportation", "NYC Business Solutions Center", "Employment Works"], "dataTypes": [{"type": "TEXT", "count": 41, "shortest_values": [["Employment Works", 16], ["Employment Works", 16], ["Workforce1 Career Center", 24], ["Workforce1 Career Center", 24], ["Workforce1 Career Center", 24]], "longest_values": [["NYC Business Solutions Industrial and Transportation", 52], ["NYC Business Solutions Industrial and Transportation", 52], ["NYC Business Solutions Industrial and Transportation", 52], ["NYC Business Solutions Industrial and Transportation", 52], ["NYC Business Solutions Industrial and Transportation", 52]], "average_length": 30.609756097560968}]}, {"column_name": "Latitude", "number_non_empty_cells": 41, "number_empty_cells": 0, "number_distinct_values": 34, "frequent_values": [40.689247, 40.708774, 40.643277, 40.861042, 40.707139], "dataTypes": [{"type": "REAL", "count": 41, "max_value": 40.861042, "min_value": 40.544112, "mean": 40.724827731707315, "stddev": 0.07996648781346305}]}, {"column_name": "Longitude", "number_non_empty_cells": 41, "number_empty_cells": 0, "number_distinct_values": 34, "frequent_values": [-73.982865, -74.006745, -74.077667, -73.791644, -73.891505], "dataTypes": [{"type": "REAL", "count": 41, "max_value": -73.78751, "min_value": -74.173997, "mean": -73.9482849512195, "stddev": 0.09474269296953547}]}, {"column_name": "BIN", "number_non_empty_cells": 38, "number_empty_cells": 3, "number_distinct_values": 32, "frequent_values": [1001186, 3329441, 2116415, 4209641, 5000084], "dataTypes": [{"type": "INTEGER (LONG)", "count": 38, "max_value": 5167185, "min_value": 1001186, "mean": 3063493.2894736836, "stddev": 1323744.273588984}]}, {"column_name": "BBL", "number_non_empty_cells": 38, "number_empty_cells": 3, "number_distinct_values": 32, "frequent_values": [1000770008, 3001600007, 4097990001, 2030337501, 5000080060], "dataTypes": [{"type": "INTEGER (LONG)", "count": 38, "max_value": 5054970150, "min_value": 1000770008, "mean": 2975859060.0, "stddev": 1305451032.0030375}]}, {"column_name": "NTA", "number_non_empty_cells": 38, "number_empty_cells": 3, "number_distinct_values": 24, "frequent_values": ["Jamaica                                                                    ", "DUMBO-Vinegar Hill-Downtown Brooklyn-Boerum Hill                           ", "Battery Park City-Lower Manhattan                                          ", "Queensbridge-Ravenswood-Long Island City                                   ", "Melrose South-Mott Haven North                                             "], "dataTypes": [{"type": "TEXT", "count": 38, "shortest_values": [["Melrose South-Mott Haven North                                             ", 75], ["Fordham South                                                              ", 75], ["Mott Haven-Port Morris                                                     ", 75], ["DUMBO-Vinegar Hill-Downtown Brooklyn-Boerum Hill                           ", 75], ["DUMBO-Vinegar Hill-Downtown Brooklyn-Boerum Hill                           ", 75]], "longest_values": [["Melrose South-Mott Haven North                                             ", 75], ["Fordham South                                                              ", 75], ["Mott Haven-Port Morris                                                     ", 75], ["DUMBO-Vinegar Hill-Downtown Brooklyn-Boerum Hill                           ", 75], ["DUMBO-Vinegar Hill-Downtown Brooklyn-Boerum Hill                           ", 75]], "average_length": 75.0}]}, {"column_name": "Council District", "number_non_empty_cells": 38, "number_empty_cells": 3, "number_distinct_values": 21, "frequent_values": [17, 1, 33, 49, 27], "dataTypes": [{"type": "INTEGER (LONG)", "count": 38, "max_value": 51, "min_value": 1, "mean": 25.342105263157897, "stddev": 14.743912777445468}]}, {"column_name": "Census Tract", "number_non_empty_cells": 38, "number_empty_cells": 3, "number_distinct_values": 29, "frequent_values": [37, 1502, 3, 460, 853], "dataTypes": [{"type": "INTEGER (LONG)", "count": 38, "max_value": 44601, "min_value": 2, "mean": 4652.3421052631575, "stddev": 11666.524046618704}]}, {"column_name": "Community Board", "number_non_empty_cells": 38, "number_empty_cells": 3, "number_distinct_values": 11, "frequent_values": [1, 2, 12, 7, 6], "dataTypes": [{"type": "INTEGER (LONG)", "count": 38, "max_value": 13, "min_value": 1, "mean": 4.763157894736841, "stddev": 4.195449982304237}]}]}