{"dataset_name": "/user/hm74/NYCOpenData/6sqr-c995.tsv.gz", "columns": [{"column_name": "School_Year", "number_non_empty_cells": 4077, "number_empty_cells": 0, "number_distinct_values": 1, "frequent_values": ["2014-15"], "dataTypes": [{"type": "TEXT", "count": 4077, "shortest_values": [["2014-15", 7], ["2014-15", 7], ["2014-15", 7], ["2014-15", 7], ["2014-15", 7]], "longest_values": [["2014-15", 7], ["2014-15", 7], ["2014-15", 7], ["2014-15", 7], ["2014-15", 7]], "average_length": 7.0}]}, {"column_name": "Geographic_Unit", "number_non_empty_cells": 4077, "number_empty_cells": 0, "number_distinct_values": 40, "frequent_values": ["Citywide", "Queens", "Manhattan", "Brooklyn", "Bronx"], "dataTypes": [{"type": "TEXT", "count": 4077, "shortest_values": [["Bronx", 5], ["Bronx", 5], ["Bronx", 5], ["Bronx", 5], ["Bronx", 5]], "longest_values": [["Staten Island", 13], ["Staten Island", 13], ["Staten Island", 13], ["Staten Island", 13], ["Staten Island", 13]], "average_length": 10.240127544763277}]}, {"column_name": "Category", "number_non_empty_cells": 4077, "number_empty_cells": 0, "number_distinct_values": 14, "frequent_values": ["All Students", "2011 Cohort", "2012 Cohort", "2010 Cohort", "2013 Cohort"], "dataTypes": [{"type": "TEXT", "count": 4077, "shortest_values": [["2002 Cohort", 11], ["2003 Cohort", 11], ["2003 Cohort", 11], ["2004 Cohort", 11], ["2004 Cohort", 11]], "longest_values": [["All Students", 12], ["All Students", 12], ["All Students", 12], ["All Students", 12], ["All Students", 12]], "average_length": 11.201373558989454}]}, {"column_name": "Code", "number_non_empty_cells": 4077, "number_empty_cells": 0, "number_distinct_values": 28, "frequent_values": ["39", "0", "51", "11", "27"], "dataTypes": [{"type": "INTEGER (LONG)", "count": 3839, "max_value": 65, "min_value": 0, "mean": 28.75149778588178, "stddev": 18.54363375736415}, {"type": "TEXT", "count": 238, "shortest_values": [["08X", 3], ["11X", 3], ["11X", 3], ["11X", 3], ["08X", 3]], "longest_values": [["08X", 3], ["11X", 3], ["11X", 3], ["11X", 3], ["08X", 3]], "average_length": 3.0}]}, {"column_name": "Code_Type", "number_non_empty_cells": 4077, "number_empty_cells": 0, "number_distinct_values": 4, "frequent_values": ["Graduation", "Drop Out", "Transfer", "Discharge out of NYC School"], "dataTypes": [{"type": "TEXT", "count": 4077, "shortest_values": [["Transfer", 8], ["Transfer", 8], ["Transfer", 8], ["Transfer", 8], ["Drop Out", 8]], "longest_values": [["Discharge out of NYC School", 27], ["Discharge out of NYC School", 27], ["Discharge out of NYC School", 27], ["Discharge out of NYC School", 27], ["Discharge out of NYC School", 27]], "average_length": 12.144714250674522}]}, {"column_name": "Description_of_Code", "number_non_empty_cells": 4077, "number_empty_cells": 0, "number_distinct_values": 28, "frequent_values": ["Voluntary Withdrawal or Discharge after 20 Consecutive Days of Non-attendance", "Transferred to a school or program for a limited time period, including YABC", "Transferred to another DOE school or program", "Discharged to a School outside of New York City", "Received High School Regents Diploma"], "dataTypes": [{"type": "TEXT", "count": 4077, "shortest_values": [["Deceased Student", 16], ["Deceased Student", 16], ["Deceased Student", 16], ["Deceased Student", 16], ["Deceased Student", 16]], "longest_values": [["Previously Discharged from DOE School with an IEP Diploma, GED or Dropout Code", 78], ["Previously Discharged from DOE School with an IEP Diploma, GED or Dropout Code", 78], ["Previously Discharged from DOE School with an IEP Diploma, GED or Dropout Code", 78], ["Previously Discharged from DOE School with an IEP Diploma, GED or Dropout Code", 78], ["Previously Discharged from DOE School with an IEP Diploma, GED or Dropout Code", 78]], "average_length": 52.260485651214076}]}, {"column_name": "Count_of_Students", "number_non_empty_cells": 4077, "number_empty_cells": 0, "number_distinct_values": 422, "frequent_values": ["*", "12", "11", "10", "13"], "dataTypes": [{"type": "INTEGER (LONG)", "count": 1658, "max_value": 968, "min_value": 10, "mean": 103.79794933655006, "stddev": 168.3104348539221}, {"type": "DATE/TIME", "count": 83, "max_value": "2068-01-07T00:00:00", "min_value": "0107-01-07T00:00:00"}, {"type": "TEXT", "count": 2336, "shortest_values": [["*", 1], ["*", 1], ["*", 1], ["*", 1], ["*", 1]], "longest_values": [["34,904", 6], ["30,740", 6], ["2,029", 5], ["*", 1], ["*", 1]], "average_length": 1.0059931506849333}]}, {"column_name": "Total_Enrolled_Students", "number_non_empty_cells": 4077, "number_empty_cells": 0, "number_distinct_values": 324, "frequent_values": ["*", "318,261", "89,072", "3,651", "69,750"], "dataTypes": [{"type": "INTEGER (LONG)", "count": 1286, "max_value": 992, "min_value": 10, "mean": 332.7301710730949, "stddev": 270.8013385933535}, {"type": "DATE/TIME", "count": 1900, "max_value": "2067-01-07T00:00:00", "min_value": "0101-04-07T00:00:00"}, {"type": "TEXT", "count": 891, "shortest_values": [["*", 1], ["*", 1], ["*", 1], ["*", 1], ["*", 1]], "longest_values": [["13,781", 6], ["13,781", 6], ["13,781", 6], ["13,781", 6], ["13,781", 6]], "average_length": 5.595959595959594}]}]}