{"dataset_name": "/user/hm74/NYCOpenData/6ucq-fahe.tsv.gz", "columns": [{"column_name": "ProviderType", "number_non_empty_cells": 0, "number_empty_cells": 257, "number_distinct_values": 1, "frequent_values": ["NATURALLY OCCURING RETIREMENT COMMUNITY CONTRACTS"], "dataTypes": [{"type": "TEXT", "count": 257, "shortest_values": [["NATURALLY OCCURING RETIREMENT COMMUNITY CONTRACTS", 49], ["NATURALLY OCCURING RETIREMENT COMMUNITY CONTRACTS", 49], ["NATURALLY OCCURING RETIREMENT COMMUNITY CONTRACTS", 49], ["NATURALLY OCCURING RETIREMENT COMMUNITY CONTRACTS", 49], ["NATURALLY OCCURING RETIREMENT COMMUNITY CONTRACTS", 49]], "longest_values": [["NATURALLY OCCURING RETIREMENT COMMUNITY CONTRACTS", 49], ["NATURALLY OCCURING RETIREMENT COMMUNITY CONTRACTS", 49], ["NATURALLY OCCURING RETIREMENT COMMUNITY CONTRACTS", 49], ["NATURALLY OCCURING RETIREMENT COMMUNITY CONTRACTS", 49], ["NATURALLY OCCURING RETIREMENT COMMUNITY CONTRACTS", 49]], "average_length": 49.0}]}, {"column_name": "DFTA ID", "number_non_empty_cells": 257, "number_empty_cells": 0, "number_distinct_values": 27, "frequent_values": ["2N301", "N2201", "N3301", "N1301", "N2101"], "dataTypes": [{"type": "TEXT", "count": 257, "shortest_values": [["N1301", 5], ["N4101", 5], ["N3301", 5], ["N1701", 5], ["N4601", 5]], "longest_values": [["N1301", 5], ["N4101", 5], ["N3301", 5], ["N1701", 5], ["N4601", 5]], "average_length": 5.0}]}, {"column_name": "ContractYear", "number_non_empty_cells": 257, "number_empty_cells": 0, "number_distinct_values": 1, "frequent_values": [2020], "dataTypes": [{"type": "INTEGER (LONG)", "count": 257, "max_value": 2020, "min_value": 2020, "mean": 2020.0, "stddev": 0.0}]}, {"column_name": "SponsorName", "number_non_empty_cells": 238, "number_empty_cells": 19, "number_distinct_values": 14, "frequent_values": ["THE JEWISH ASSOCIATION FOR SERVICES FOR THE AGED", "SELFHELP COMMUNITY SERVICES INC", "BRONX JEWISH COMMUNITY COUNCIL INC", "GODDARD-RIVERSIDE COMMUNITY CENTER", "HAMILTON MADISON HOUSE INC"], "dataTypes": [{"type": "TEXT", "count": 257, "shortest_values": [["HANAC INC.", 10], ["HANAC INC.", 10], ["HANAC INC.", 10], ["HANAC INC.", 10], ["HANAC INC.", 10]], "longest_values": [["THE JEWISH ASSOCIATION FOR SERVICES FOR THE AGED", 48], ["THE JEWISH ASSOCIATION FOR SERVICES FOR THE AGED", 48], ["THE JEWISH ASSOCIATION FOR SERVICES FOR THE AGED", 48], ["THE JEWISH ASSOCIATION FOR SERVICES FOR THE AGED", 48], ["THE JEWISH ASSOCIATION FOR SERVICES FOR THE AGED", 48]], "average_length": 33.556420233463065}]}, {"column_name": "ProgramName", "number_non_empty_cells": 238, "number_empty_cells": 19, "number_distinct_values": 27, "frequent_values": ["JASA WARBASSE CARES NORC", "SPRING CREEK NORC", "JASA TRUMPS UNITED NORC", "PENN SOUTH NORC", "BETH ABRAHAM PARKCHESTER ENHANCE NORC"], "dataTypes": [{"type": "TEXT", "count": 257, "shortest_values": [["PENN SOUTH NORC", 15], ["PENN SOUTH NORC", 15], ["PENN SOUTH NORC", 15], ["PENN SOUTH NORC", 15], ["PENN SOUTH NORC", 15]], "longest_values": [["ISABELLA GERIATRIC FT GEORGE VISTAS NORC", 40], ["HAMILTON MADISON ALFRED SMITH HOUSESNORC", 40], ["HAMILTON MADISON ALFRED SMITH HOUSESNORC", 40], ["ISABELLA GERIATRIC FT GEORGE VISTAS NORC", 40], ["HAMILTON MADISON ALFRED SMITH HOUSESNORC", 40]], "average_length": 28.2373540856031}]}, {"column_name": "ServiceID", "number_non_empty_cells": 257, "number_empty_cells": 0, "number_distinct_values": 15, "frequent_values": ["NOCA", "NOCM", "NOER", "NOHM", "NOHA"], "dataTypes": [{"type": "TEXT", "count": 257, "shortest_values": [["NOHK", 4], ["NOER", 4], ["NOTA", 4], ["NOCA", 4], ["NHPN", 4]], "longest_values": [["NOHK", 4], ["NOER", 4], ["NOTA", 4], ["NOCA", 4], ["NHPN", 4]], "average_length": 4.0}]}, {"column_name": "ServiceName", "number_non_empty_cells": 232, "number_empty_cells": 25, "number_distinct_values": 15, "frequent_values": ["NORC CASE ASSISTANCE", "NORC HEALTH CARE MGT", "NORC-SSP CASE MANAGEMENT", "NORC EDUCATION/RECREATION", "NORC HEALTH ASSISTANCE"], "dataTypes": [{"type": "TEXT", "count": 257, "shortest_values": [["NORC OTHER", 10], ["NORC OTHER", 10], ["NORC HOUSEKEEPING", 17], ["NORC HOUSEKEEPING", 17], ["NORC HOUSEKEEPING", 17]], "longest_values": [["NORC EDUCATION/RECREATION", 25], ["NORC EDUCATION/RECREATION", 25], ["NORC EDUCATION/RECREATION", 25], ["NORC EDUCATION/RECREATION", 25], ["NORC EDUCATION/RECREATION", 25]], "average_length": 21.57976653696497}]}, {"column_name": "BudgetedUnits", "number_non_empty_cells": 257, "number_empty_cells": 0, "number_distinct_values": 133, "frequent_values": [100, 300, 180, 50, 12], "dataTypes": [{"type": "INTEGER (LONG)", "count": 257, "max_value": 7000, "min_value": 10, "mean": 619.1828793774318, "stddev": 871.6095277644476}]}]}