{"dataset_name": "/user/hm74/NYCOpenData/6v4b-5gp4.tsv.gz", "columns": [{"column_name": "Unit", "number_non_empty_cells": 1050, "number_empty_cells": 0, "number_distinct_values": 5, "frequent_values": ["Recreation", "Urban Park Rangers", "Public Programs", "Aquatics", "Media Education"], "dataTypes": [{"type": "TEXT", "count": 1050, "shortest_values": [["Aquatics", 8], ["Aquatics", 8], ["Aquatics", 8], ["Aquatics", 8], ["Aquatics", 8]], "longest_values": [["Urban Park Rangers", 18], ["Urban Park Rangers", 18], ["Urban Park Rangers", 18], ["Urban Park Rangers", 18], ["Urban Park Rangers", 18]], "average_length": 10.309523809523812}]}, {"column_name": "Group_Name/Partner", "number_non_empty_cells": 292, "number_empty_cells": 758, "number_distinct_values": 166, "frequent_values": ["Jazz Foundation of America", "Harlem Dance Club", "Jazz Foundation", "Council Member Kallos", "Councilman Cohen"], "dataTypes": [{"type": "TEXT", "count": 292, "shortest_values": [["PEP", 3], ["NYU", 3], ["NYPD", 4], ["CHALK", 5], ["ASPCA", 5]], "longest_values": [["Council Member Rory Lancman, Briarwood Community Association and Archbishop Molloy High School", 94], ["Council Member Johnson, Agostino Face Paint & Send in the Clowns", 64], ["Council Member Kallos, Send in the Clowns, Agostino face paint", 62], ["Earth Celebrations in Collaboration with NYCParks & Solar One", 61], ["Commissioner Castro's Office & Muslim Volunteers for NYC", 56]], "average_length": 21.962328767123267}]}, {"column_name": "Date_and_Time", "number_non_empty_cells": 1050, "number_empty_cells": 0, "number_distinct_values": 792, "frequent_values": ["08/24/2018 08:00:00 PM", "10/31/2018 06:00:00 PM", "07/28/2018 08:30:00 PM", "07/27/2018 08:30:00 PM", "07/19/2018 08:30:00 PM"], "dataTypes": [{"type": "DATE/TIME", "count": 1050, "max_value": "2019-06-12T10:00:00", "min_value": "2017-01-06T10:00:00"}]}, {"column_name": "Borough", "number_non_empty_cells": 1050, "number_empty_cells": 0, "number_distinct_values": 5, "frequent_values": ["Manhattan", "Bronx", "Queens", "Brooklyn", "Staten Island"], "dataTypes": [{"type": "TEXT", "count": 1050, "shortest_values": [["Bronx", 5], ["Bronx", 5], ["Bronx", 5], ["Bronx", 5], ["Bronx", 5]], "longest_values": [["Staten Island", 13], ["Staten Island", 13], ["Staten Island", 13], ["Staten Island", 13], ["Staten Island", 13]], "average_length": 8.000952380952391}]}, {"column_name": "LocationType", "number_non_empty_cells": 1050, "number_empty_cells": 0, "number_distinct_values": 6, "frequent_values": ["Park", "Recreation Center", "Playground", "Other", "School"], "dataTypes": [{"type": "TEXT", "count": 1050, "shortest_values": [["Park", 4], ["Park", 4], ["Park", 4], ["Park", 4], ["Park", 4]], "longest_values": [["Recreation Center", 17], ["Recreation Center", 17], ["Recreation Center", 17], ["Recreation Center", 17], ["Recreation Center", 17]], "average_length": 9.900000000000004}]}, {"column_name": "Location", "number_non_empty_cells": 1050, "number_empty_cells": 0, "number_distinct_values": 369, "frequent_values": ["Pelham Fritz Recreation Center", "Tony Dapolito Recreation Center", "Asser Levy Recreation Center", "Alfred E. Smith Recreation Center", "Jackie Robinson Recreation Center"], "dataTypes": [{"type": "TEXT", "count": 1050, "shortest_values": [["Mauro", 5], ["Gorman", 6], ["P.S 18", 6], ["P.S. 89", 7], ["P.S 195", 7]], "longest_values": [["Public School 129  Poppenhusen Ave, College Point 11356", 55], ["Hunts Point Recreation Center/Julio Ca baseball field", 53], ["Police Officer Russel Timoshenko Soccer Field", 45], ["Ocean Breeze Track & Field Athletic Complex", 43], ["Ocean Breeze Track & Field Athletic Complex", 43]], "average_length": 22.6295238095238}]}, {"column_name": "Event_Name", "number_non_empty_cells": 1042, "number_empty_cells": 8, "number_distinct_values": 816, "frequent_values": ["Movies Under the Stars", "Movies Under The Stars: Black Panther", "Movies Under The Stars: Coco", "AC&F Jazz Concert", "AC&F Jazz Foundation Series"], "dataTypes": [{"type": "TEXT", "count": 1042, "shortest_values": [["MUTS", 4], ["Rooted", 6], ["Seining", 7], ["Henry V", 7], ["Kwanzaa", 7]], "longest_values": [["Arts, Culture & Fun Presents: Talking Inspiration: Women who read are dangerous (Book pres. & Panel discussion)", 111], ["Arts, Culture & Fun Presents: Talking Inspiration: Oysters (Book presentation & Panel discussion)", 97], ["Art Inspired you: Egar Allan Poe: Glow in the Dark Paint Night Halloween Special", 80], ["Arts, Culture & Fun Presents: CITY BIRDS Book presentation & cottage visit", 74], ["Movies Under The Stars: Pirates Of The Caribbean:Dead Men Tell No Tales", 71]], "average_length": 31.62188099808063}]}, {"column_name": "Event_Type", "number_non_empty_cells": 1050, "number_empty_cells": 0, "number_distinct_values": 5, "frequent_values": ["Community Based Event", "Local Event", "Agency Produced Event", "Tournament/Competition", "Open House"], "dataTypes": [{"type": "TEXT", "count": 1050, "shortest_values": [["Open House", 10], ["Open House", 10], ["Open House", 10], ["Open House", 10], ["Open House", 10]], "longest_values": [["Tournament/Competition", 22], ["Tournament/Competition", 22], ["Tournament/Competition", 22], ["Tournament/Competition", 22], ["Tournament/Competition", 22]], "average_length": 19.840000000000003}]}, {"column_name": "Category", "number_non_empty_cells": 1050, "number_empty_cells": 0, "number_distinct_values": 7, "frequent_values": ["Mobile Unit", "Arts/Culture", "Family Festival", "Fitness", "Sport"], "dataTypes": [{"type": "TEXT", "count": 1050, "shortest_values": [["Sport", 5], ["Sport", 5], ["Sport", 5], ["Sport", 5], ["Sport", 5]], "longest_values": [["Academic/Out of School time", 27], ["Academic/Out of School time", 27], ["Academic/Out of School time", 27], ["Academic/Out of School time", 27], ["Academic/Out of School time", 27]], "average_length": 11.175238095238097}]}, {"column_name": "Classification", "number_non_empty_cells": 901, "number_empty_cells": 149, "number_distinct_values": 15, "frequent_values": ["Movies", "Play", "AC&F", "M.U.T.S", "Dance"], "dataTypes": [{"type": "TEXT", "count": 901, "shortest_values": [["Play", 4], ["Play", 4], ["Play", 4], ["Play", 4], ["Play", 4]], "longest_values": [["Lecture/Panel/Talk", 18], ["Lecture/Panel/Talk", 18], ["Lecture/Panel/Talk", 18], ["Lecture/Panel/Talk", 18], ["Lecture/Panel/Talk", 18]], "average_length": 5.827968923418427}]}, {"column_name": "Audience", "number_non_empty_cells": 1050, "number_empty_cells": 0, "number_distinct_values": 137, "frequent_values": ["General Public", "Children", "Children;#General Public", "Teens", "Children;#Teens"], "dataTypes": [{"type": "TEXT", "count": 1050, "shortest_values": [["Tot", 3], ["Tot", 3], ["Tot", 3], ["Tot", 3], ["Tot", 3]], "longest_values": [["Tot;#Children;#Young Adult;#Teens;#Adults;#General Public;#Adaptive;#Seniors", 76], ["Children;#Young Adult;#Adults;#Tot;#Teens;#Adaptive;#Seniors;#General Public", 76], ["Tot;#Children;#Young Adult;#Adults;#Teens;#Adaptive;#Seniors;#General Public", 76], ["Tot;#Children;#Young Adult;#Adults;#Teens;#Adaptive;#Seniors;#General Public", 76], ["General Public;#Seniors;#Teens;#Adults;#Adaptive;#Tot;#Children;#Young Adult", 76]], "average_length": 18.692380952380958}]}, {"column_name": "Attendance", "number_non_empty_cells": 1043, "number_empty_cells": 7, "number_distinct_values": 252, "frequent_values": [0, 40, 100, 30, 25], "dataTypes": [{"type": "INTEGER (LONG)", "count": 1043, "max_value": 2015, "min_value": 0, "mean": 134.05848513902194, "stddev": 194.3292010532162}]}]}