{"dataset_name": "/user/hm74/NYCOpenData/6v9u-ndjg.tsv.gz", "columns": [{"column_name": "Code", "number_non_empty_cells": 160, "number_empty_cells": 0, "number_distinct_values": 160, "frequent_values": ["RG", "C6", "EA", "A9", "R6"], "dataTypes": [{"type": "DATE/TIME", "count": 3, "max_value": "2019-12-06T00:00:04", "min_value": "2019-12-06T00:00:01"}, {"type": "TEXT", "count": 157, "shortest_values": [["A2", 2], ["A6", 2], ["A7", 2], ["A8", 2], ["EA", 2]], "longest_values": [["A2", 2], ["A6", 2], ["A7", 2], ["A8", 2], ["EA", 2]], "average_length": 2.0}]}, {"column_name": "Disposition", "number_non_empty_cells": 147, "number_empty_cells": 13, "number_distinct_values": 159, "frequent_values": ["BUILDINGS VIOLATION(S) & CRIMINAL COURT SUMMONS SERVED", "COMPLAINT ASSIGNED TO SPECIAL OPERATIONS UNIT", "PREVIOUSLY INSPECTED COMPLAINT - PRE-BIS COMPLAINT NUMBER", "COMPLAINT ACCEPTED BY PADLOCK UNIT", "WEATHER RLT: NOD ISSUED/UNSAFE/RED TAG REMAINS/ENG.EVALUATION REQUIRED"], "dataTypes": [{"type": "TEXT", "count": 160, "shortest_values": [["JOB VESTED", 10], ["ECB VIOLATION SERVED", 20], ["LL11 UNSAFE - INITIATED", 23], ["ADMINISTRATIVE CLOSURE NN", 25], ["PARTIAL STOP WORK ORDER P", 25]], "longest_values": [["WEATHER RLT: GREEN TAG RESCINDED/STRUCTURALLY SOUND/UTILITIES UNRESOLVED", 72], ["WEATHER RLT: NOD ISSUED/DWNGRD TO YLW/RESTRICTED/ENG.EVALUATION REQUIRED", 72], ["WEATHER RELATED: ENFORCEMENT ORDER TO BE ISSUED/SEE REFERENCED COMPLAINT", 72], ["WEATHER RLT: NOD ISSUED/UNSAFE/RED TAG REMAINS/ENG.EVALUATION REQUIRED", 70], ["WEATHER RLT: NOD ISSUED/RESTRICTED/YLW TAG REMAINS/ENG.EVALUATION REQD", 70]], "average_length": 44.875}]}]}