{"dataset_name": "/user/hm74/NYCOpenData/6wcu-cfa3.tsv.gz", "columns": [{"column_name": "BORO", "number_non_empty_cells": 18944, "number_empty_cells": 0, "number_distinct_values": 5, "frequent_values": ["K", "X", "Q", "M", "R"], "dataTypes": [{"type": "TEXT", "count": 18944, "shortest_values": [["M", 1], ["M", 1], ["M", 1], ["M", 1], ["M", 1]], "longest_values": [["M", 1], ["M", 1], ["M", 1], ["M", 1], ["M", 1]], "average_length": 1.0}]}, {"column_name": "CSD", "number_non_empty_cells": 18944, "number_empty_cells": 0, "number_distinct_values": 34, "frequent_values": [2, 10, 31, 27, 11], "dataTypes": [{"type": "INTEGER (LONG)", "count": 18944, "max_value": 79, "min_value": 1, "mean": 16.171927787162133, "stddev": 9.972796166907134}]}, {"column_name": "SCHOOL_CODE", "number_non_empty_cells": 18944, "number_empty_cells": 0, "number_distinct_values": 1446, "frequent_values": ["Q450", "K445", "Q475", "M520", "X243"], "dataTypes": [{"type": "DATE/TIME", "count": 458, "max_value": "2019-12-09T00:00:59", "min_value": "2019-12-09T00:00:01"}, {"type": "TEXT", "count": 18486, "shortest_values": [["M063", 4], ["M063", 4], ["M063", 4], ["M063", 4], ["M063", 4]], "longest_values": [["M063", 4], ["M063", 4], ["M063", 4], ["M063", 4], ["M063", 4]], "average_length": 4.0}]}, {"column_name": "SCHOOL_NAME", "number_non_empty_cells": 17743, "number_empty_cells": 1201, "number_distinct_values": 1443, "frequent_values": ["LONG ISLAND CITY HIGH SCHOOL", "NEW UTRECHT HIGH SCHOOL", "JAMES MADISON HIGH SCHOOL", "MURRY BERGTRAUM HIGH SCHOOL FOR BUSINESS CAREERS", "WEST BRONX ACADEMY FOR THE FUTURE"], "dataTypes": [{"type": "TEXT", "count": 18944, "shortest_values": [["KAPPA", 5], ["KAPPA", 5], ["KAPPA", 5], ["KAPPA", 5], ["KAPPA", 5]], "longest_values": [["ROBERT H. GODDARD HIGH SCHOOL OF COMMUNICATION ARTS AND TECHNOLOGY", 66], ["ROBERT H. GODDARD HIGH SCHOOL OF COMMUNICATION ARTS AND TECHNOLOGY", 66], ["ROBERT H. GODDARD HIGH SCHOOL OF COMMUNICATION ARTS AND TECHNOLOGY", 66], ["ROBERT H. GODDARD HIGH SCHOOL OF COMMUNICATION ARTS AND TECHNOLOGY", 66], ["ROBERT H. GODDARD HIGH SCHOOL OF COMMUNICATION ARTS AND TECHNOLOGY", 66]], "average_length": 27.87473606418907}]}, {"column_name": "GRADE_", "number_non_empty_cells": 18944, "number_empty_cells": 0, "number_distinct_values": 13, "frequent_values": ["09-12", "MS CORE", "0K-09", "02", "01"], "dataTypes": [{"type": "INTEGER (LONG)", "count": 7675, "max_value": 9, "min_value": 1, "mean": 4.1235179153094395, "stddev": 2.22479088110832}, {"type": "DATE/TIME", "count": 6980, "max_value": "2019-09-12T00:00:00", "min_value": "2019-09-12T00:00:00"}, {"type": "TEXT", "count": 4289, "shortest_values": [["0K", 2], ["0K", 2], ["0K", 2], ["0K", 2], ["0K", 2]], "longest_values": [["MS CORE", 7], ["MS CORE", 7], ["MS CORE", 7], ["MS CORE", 7], ["MS CORE", 7]], "average_length": 5.067847983212862}]}, {"column_name": "PROGRAM_TYPE", "number_non_empty_cells": 18944, "number_empty_cells": 0, "number_distinct_values": 4, "frequent_values": ["GEN ED", "CTT", "SPEC ED", "G&T"], "dataTypes": [{"type": "TEXT", "count": 18944, "shortest_values": [["CTT", 3], ["CTT", 3], ["CTT", 3], ["G&T", 3], ["CTT", 3]], "longest_values": [["SPEC ED", 7], ["SPEC ED", 7], ["SPEC ED", 7], ["SPEC ED", 7], ["SPEC ED", 7]], "average_length": 5.484480574324313}]}, {"column_name": "CORE_SUBJECT_(MS_CORE_and_9-12_ONLY)", "number_non_empty_cells": 18944, "number_empty_cells": 0, "number_distinct_values": 6, "frequent_values": ["-", "SOCIAL STUDIES", "ENGLISH", "MATH", "SCIENCE"], "dataTypes": [{"type": "TEXT", "count": 18944, "shortest_values": [["-", 1], ["-", 1], ["-", 1], ["-", 1], ["-", 1]], "longest_values": [["SOCIAL STUDIES", 14], ["SOCIAL STUDIES", 14], ["SOCIAL STUDIES", 14], ["SOCIAL STUDIES", 14], ["SOCIAL STUDIES", 14]], "average_length": 4.406302787162189}]}, {"column_name": "CORE_COURSE_(MS_CORE_and_9-12_ONLY)", "number_non_empty_cells": 18944, "number_empty_cells": 0, "number_distinct_values": 22, "frequent_values": ["-", "ALGEBRA", "ENGLISH 9", "GLOBAL HISTORY 9", "ENGLISH 10"], "dataTypes": [{"type": "TEXT", "count": 18944, "shortest_values": [["-", 1], ["-", 1], ["-", 1], ["-", 1], ["-", 1]], "longest_values": [["US GOVERNMENT & ECONOMICS", 25], ["US GOVERNMENT & ECONOMICS", 25], ["US GOVERNMENT & ECONOMICS", 25], ["US GOVERNMENT & ECONOMICS", 25], ["US GOVERNMENT & ECONOMICS", 25]], "average_length": 4.736592060810814}]}, {"column_name": "SERVICE_CATEGORY(K-9*_ONLY)", "number_non_empty_cells": 18944, "number_empty_cells": 0, "number_distinct_values": 6, "frequent_values": ["-", "12:1:1", "12:1", "8:1:1", "15:1"], "dataTypes": [{"type": "DATE/TIME", "count": 1371, "max_value": "2019-12-09T15:01:00", "min_value": "2019-12-09T06:01:01"}, {"type": "TEXT", "count": 17573, "shortest_values": [["-", 1], ["-", 1], ["-", 1], ["-", 1], ["-", 1]], "longest_values": [["-", 1], ["-", 1], ["-", 1], ["-", 1], ["-", 1]], "average_length": 1.0}]}, {"column_name": "NUMBER_OF_CLASSES", "number_non_empty_cells": 18944, "number_empty_cells": 0, "number_distinct_values": 106, "frequent_values": [1, 2, 3, 4, 5], "dataTypes": [{"type": "INTEGER (LONG)", "count": 18944, "max_value": 145, "min_value": -44, "mean": 5.674355996621657, "stddev": 9.000586804441127}]}, {"column_name": "TOTAL_REGISTER", "number_non_empty_cells": 18944, "number_empty_cells": 0, "number_distinct_values": 1253, "frequent_values": [24, 23, 22, 21, 25], "dataTypes": [{"type": "INTEGER (LONG)", "count": 18944, "max_value": 4103, "min_value": -716, "mean": 139.04265202702672, "stddev": 243.48338757755886}]}, {"column_name": "AVERAGE_CLASS_SIZE", "number_non_empty_cells": 18434, "number_empty_cells": 510, "number_distinct_values": 326, "frequent_values": [24.0, 23.0, 21.0, 22.0, 25.0], "dataTypes": [{"type": "REAL", "count": 18434, "max_value": 100.0, "min_value": 2.0, "mean": 22.146164695671125, "stddev": 6.3850515464428}]}, {"column_name": "SIZE_OF_SMALLEST_CLASS", "number_non_empty_cells": 18434, "number_empty_cells": 510, "number_distinct_values": 50, "frequent_values": [20, 22, 21, 23, 19], "dataTypes": [{"type": "INTEGER (LONG)", "count": 18434, "max_value": 100, "min_value": 2, "mean": 18.743734403819037, "stddev": 6.855660144612258}]}, {"column_name": "SIZE_OF_LARGEST_CLASS", "number_non_empty_cells": 18434, "number_empty_cells": 510, "number_distinct_values": 79, "frequent_values": [34, 25, 24, 23, 26], "dataTypes": [{"type": "INTEGER (LONG)", "count": 18434, "max_value": 100, "min_value": 2, "mean": 24.742974937615173, "stddev": 7.690865330301158}]}, {"column_name": "DATA_SOURCE", "number_non_empty_cells": 18944, "number_empty_cells": 0, "number_distinct_values": 2, "frequent_values": ["ATS", "HSST"], "dataTypes": [{"type": "TEXT", "count": 18944, "shortest_values": [["ATS", 3], ["ATS", 3], ["ATS", 3], ["ATS", 3], ["ATS", 3]], "longest_values": [["HSST", 4], ["HSST", 4], ["HSST", 4], ["HSST", 4], ["HSST", 4]], "average_length": 3.393000422297307}]}]}