{"dataset_name": "/user/hm74/NYCOpenData/6wee-b7wf.tsv.gz", "columns": [{"column_name": "2015_ORGANIZATION", "number_non_empty_cells": 209, "number_empty_cells": 1, "number_distinct_values": 187, "frequent_values": ["Renovations\"", "School\"", "10027\"", "Hudson River Park Trust", "Center\""], "dataTypes": [{"type": "TEXT", "count": 209, "shortest_values": [["Inc\"", 4], ["Ave\"", 4], ["Inc.\"", 5], ["3132\"", 5], ["6406\"", 5]], "longest_values": [["James Baldwin School: A School for Expeditionary Learning", 57], ["PS 9 The Sarah Anderson School & MS 243 The Center School", 57], ["Enterprises, Inc. (dba Lower East Side Ecology Center)\"", 55], ["Advance Academy (SUPA) at Murry Bergtraum High School\"", 54], ["Resource Center Relating to the Caribbean\"", 42]], "average_length": 19.1913875598086}]}, {"column_name": "PROJECT_ADDRESS", "number_non_empty_cells": 168, "number_empty_cells": 42, "number_distinct_values": 142, "frequent_values": ["1", "3", "Technology Upgrade", "8", "7"], "dataTypes": [{"type": "INTEGER (LONG)", "count": 33, "max_value": 10, "min_value": 1, "mean": 4.454545454545454, "stddev": 3.065852089682846}, {"type": "TEXT", "count": 135, "shortest_values": [["Technology Upgrade", 18], ["Greenhouse Project", 18], ["Technology Upgrade", 18], ["Technology Upgrade", 18], ["Audio System Upgrade", 20]], "longest_values": [["Grand Street and E River Promendade, New York, NY 10002", 55], ["305 West 43rd Street, New York, NY 10036-", 41], ["240 East 109th Street, New York, NY 10029", 41], ["260 West 125th Street, New York, NY 10027", 41], ["120 East 125th Street, New York, NY 10035", 41]], "average_length": 35.037037037037045}]}, {"column_name": "PROJECT_TITLE", "number_non_empty_cells": 130, "number_empty_cells": 80, "number_distinct_values": 76, "frequent_values": ["3", "Technology Upgrade", "1", "7", "6"], "dataTypes": [{"type": "INTEGER (LONG)", "count": 51, "max_value": 12, "min_value": 1, "mean": 5.509803921568627, "stddev": 3.3335640058593574}, {"type": "TEXT", "count": 79, "shortest_values": [["Studio Equipment", 16], ["PA System Upgrade", 17], ["Greenroof Project", 17], ["PA System Upgrade", 17], ["Auditorium Upgrade", 18]], "longest_values": [["Mt. Morris Fire Watchtower Renovations", 38], ["Indoor Athletic Facility Renovations", 36], ["Media Arts Center in Upper Manhattan", 36], ["East River Park Constructed Wetland", 35], ["Purchase of a Radiographic Imaging", 34]], "average_length": 24.974683544303794}]}, {"column_name": "COUNCIL_DISTRICT", "number_non_empty_cells": 107, "number_empty_cells": 103, "number_distinct_values": 32, "frequent_values": ["3", "9", "4", "2", "7"], "dataTypes": [{"type": "INTEGER (LONG)", "count": 74, "max_value": 13, "min_value": 1, "mean": 5.635135135135136, "stddev": 3.100018850528233}, {"type": "TEXT", "count": 33, "shortest_values": [["$85,000 ", 8], ["$50,000 ", 8], ["$40,000 ", 8], ["$49,000 ", 8], ["$35,000 ", 8]], "longest_values": [["$200,000 ", 9], ["$100,000 ", 9], ["$100,000 ", 9], ["$200,000 ", 9], ["$159,000 ", 9]], "average_length": 8.606060606060604}]}, {"column_name": "COMMUNITY_BOARD", "number_non_empty_cells": 104, "number_empty_cells": 106, "number_distinct_values": 46, "frequent_values": ["7", "5", "8", "11", "$50,000 "], "dataTypes": [{"type": "INTEGER (LONG)", "count": 86, "max_value": 10065, "min_value": 1, "mean": 3500.1395348837204, "stddev": 4772.960351334771}, {"type": "TEXT", "count": 18, "shortest_values": [["$66,000 ", 8], ["$50,000 ", 8], ["$50,000 ", 8], ["$50,000 ", 8], ["$41,000 ", 8]], "longest_values": [["$2,000,000*", 11], ["$250,000 ", 9], ["$100,000 ", 9], ["$150,000*", 9], ["$100,000 ", 9]], "average_length": 8.555555555555555}]}, {"column_name": "2015_AWARD", "number_non_empty_cells": 108, "number_empty_cells": 102, "number_distinct_values": 34, "frequent_values": ["MANHATTAN", "$50,000 ", "$100,000 ", "$35,000 ", "$200,000 "], "dataTypes": [{"type": "INTEGER (LONG)", "count": 18, "max_value": 10038, "min_value": 10001, "mean": 10021.38888888889, "stddev": 11.700611992013583}, {"type": "TEXT", "count": 90, "shortest_values": [["$35,000 ", 8], ["$50,000 ", 8], ["$40,000 ", 8], ["$50,000 ", 8], ["$35,000 ", 8]], "longest_values": [["*=With support of Mayoral", 25], ["MANHATTAN", 9], ["$250,000 ", 9], ["MANHATTAN", 9], ["MANHATTAN", 9]], "average_length": 8.788888888888891}]}, {"column_name": "POSTCODE", "number_non_empty_cells": 100, "number_empty_cells": 110, "number_distinct_values": 57, "frequent_values": ["MANHATTAN", "10019", "10027", "10128", "10011"], "dataTypes": [{"type": "INTEGER (LONG)", "count": 55, "max_value": 10282, "min_value": 10001, "mean": 10034.018181818179, "stddev": 42.7472448486305}, {"type": "REAL", "count": 27, "max_value": 40.842571, "min_value": 40.692552, "mean": 40.76285607407407, "stddev": 0.0406969973857628}, {"type": "TEXT", "count": 18, "shortest_values": [["MANHATTAN", 9], ["MANHATTAN", 9], ["MANHATTAN", 9], ["MANHATTAN", 9], ["MANHATTAN", 9]], "longest_values": [["MANHATTAN", 9], ["MANHATTAN", 9], ["MANHATTAN", 9], ["MANHATTAN", 9], ["MANHATTAN", 9]], "average_length": 9.0}]}, {"column_name": "BOROUGH", "number_non_empty_cells": 99, "number_empty_cells": 111, "number_distinct_values": 45, "frequent_values": ["MANHATTAN", "-73.95795", "40.807452", "40.81027", "-74.004477"], "dataTypes": [{"type": "REAL", "count": 43, "max_value": 40.848908, "min_value": -74.016281, "mean": -31.277228162790706, "stddev": 55.46441123998431}, {"type": "TEXT", "count": 56, "shortest_values": [["MANHATTAN", 9], ["MANHATTAN", 9], ["MANHATTAN", 9], ["MANHATTAN", 9], ["MANHATTAN", 9]], "longest_values": [["MANHATTAN", 9], ["MANHATTAN", 9], ["MANHATTAN", 9], ["MANHATTAN", 9], ["MANHATTAN", 9]], "average_length": 9.0}]}, {"column_name": "LATITUDE", "number_non_empty_cells": 98, "number_empty_cells": 112, "number_distinct_values": 97, "frequent_values": [40.839305, 40.780822, 40.729636, 40.735751, 40.759974], "dataTypes": [{"type": "REAL", "count": 98, "max_value": 17402.0, "min_value": -74.004625, "mean": 233.18491502040803, "stddev": 1750.109833704087}]}, {"column_name": "LONGITUDE", "number_non_empty_cells": 97, "number_empty_cells": 113, "number_distinct_values": 95, "frequent_values": [-73.976855, 151.0, -73.936159, -74.006889, -73.959882], "dataTypes": [{"type": "REAL", "count": 97, "max_value": 1087365.0, "min_value": -74.013748, "mean": 283372.39926636085, "stddev": 468032.75811494}]}, {"column_name": "CENSUS_TRACT", "number_non_empty_cells": 96, "number_empty_cells": 114, "number_distinct_values": 92, "frequent_values": [249, 154, 161, 291, 24301], "dataTypes": [{"type": "INTEGER (LONG)", "count": 96, "max_value": 1021380079, "min_value": 18, "mean": 274090455.34375006, "stddev": 449379022.45740414}]}, {"column_name": "BIN", "number_non_empty_cells": 95, "number_empty_cells": 115, "number_distinct_values": 86, "frequent_values": ["East Harlem North                                                          ", "East Village                                                               ", "Chinatown                                                                  ", "Clinton                                                                    ", "Lower East Side                                                            "], "dataTypes": [{"type": "INTEGER (LONG)", "count": 68, "max_value": 1021550035, "min_value": 1001388, "mean": 224264621.75, "stddev": 419587173.68459976}, {"type": "TEXT", "count": 27, "shortest_values": [["Chinatown                                                                  ", 75], ["Clinton                                                                    ", 75], ["East Harlem North                                                          ", 75], ["Washington Heights South                                                   ", 75], ["Lower East Side                                                            ", 75]], "longest_values": [["Chinatown                                                                  ", 75], ["Clinton                                                                    ", 75], ["East Harlem North                                                          ", 75], ["Washington Heights South                                                   ", 75], ["Lower East Side                                                            ", 75]], "average_length": 75.0}]}, {"column_name": "BBL", "number_non_empty_cells": 69, "number_empty_cells": 141, "number_distinct_values": 63, "frequent_values": ["Morningside Heights                                                        ", "1011480014", "Central Harlem South                                                       ", "Lincoln Square                                                             ", "Midtown-Midtown South                                                      "], "dataTypes": [{"type": "INTEGER (LONG)", "count": 53, "max_value": 1022340007, "min_value": 1000160215, "mean": 1012946073.3962264, "stddev": 5921719.978010684}, {"type": "TEXT", "count": 16, "shortest_values": [["Central Harlem South                                                       ", 75], ["Battery Park City-Lower Manhattan                                          ", 75], ["Lincoln Square                                                             ", 75], ["Morningside Heights                                                        ", 75], ["Morningside Heights                                                        ", 75]], "longest_values": [["Central Harlem South                                                       ", 75], ["Battery Park City-Lower Manhattan                                          ", 75], ["Lincoln Square                                                             ", 75], ["Morningside Heights                                                        ", 75], ["Morningside Heights                                                        ", 75]], "average_length": 75.0}]}, {"column_name": "NTA", "number_non_empty_cells": 55, "number_empty_cells": 155, "number_distinct_values": 25, "frequent_values": ["Upper West Side                                                            ", "Midtown-Midtown South                                                      ", "Washington Heights South                                                   ", "East Harlem North                                                          ", "Clinton                                                                    "], "dataTypes": [{"type": "TEXT", "count": 55, "shortest_values": [["Manhattanville                                                             ", 75], ["Midtown-Midtown South                                                      ", 75], ["Upper West Side                                                            ", 75], ["East Harlem South                                                          ", 75], ["West Village                                                               ", 75]], "longest_values": [["Manhattanville                                                             ", 75], ["Midtown-Midtown South                                                      ", 75], ["Upper West Side                                                            ", 75], ["East Harlem South                                                          ", 75], ["West Village                                                               ", 75]], "average_length": 75.0}]}]}