{"dataset_name": "/user/hm74/NYCOpenData/6wjr-mhgf.tsv.gz", "columns": [{"column_name": "ProviderType", "number_non_empty_cells": 8, "number_empty_cells": 0, "number_distinct_values": 1, "frequent_values": ["TRANSPORTATION SERVICES CONTRACTS"], "dataTypes": [{"type": "TEXT", "count": 8, "shortest_values": [["TRANSPORTATION SERVICES CONTRACTS", 33], ["TRANSPORTATION SERVICES CONTRACTS", 33], ["TRANSPORTATION SERVICES CONTRACTS", 33], ["TRANSPORTATION SERVICES CONTRACTS", 33], ["TRANSPORTATION SERVICES CONTRACTS", 33]], "longest_values": [["TRANSPORTATION SERVICES CONTRACTS", 33], ["TRANSPORTATION SERVICES CONTRACTS", 33], ["TRANSPORTATION SERVICES CONTRACTS", 33], ["TRANSPORTATION SERVICES CONTRACTS", 33], ["TRANSPORTATION SERVICES CONTRACTS", 33]], "average_length": 33.0}]}, {"column_name": "DFTA ID", "number_non_empty_cells": 8, "number_empty_cells": 0, "number_distinct_values": 8, "frequent_values": [44601, 19601, 46201, 24601, 36701], "dataTypes": [{"type": "INTEGER (LONG)", "count": 8, "max_value": 53801, "min_value": 10601, "mean": 33376.0, "stddev": 13739.9736171508}]}, {"column_name": "ProgramName", "number_non_empty_cells": 7, "number_empty_cells": 1, "number_distinct_values": 8, "frequent_values": ["RAIN EASTCHESTER TRANSPORTATION", "WHIST TRANSPORTATION", "JSPOA TRANSPORTATION PROGRAM", "HANAC EAST-WEST CONNECTION", "PROJECT RELIEF TRANSPORTATION"], "dataTypes": [{"type": "TEXT", "count": 8, "shortest_values": [["CASC TRANSPORTATION", 19], ["WHIST TRANSPORTATION", 20], ["MID BRONX TRANSPORTATION", 24], ["HANAC EAST-WEST CONNECTION", 26], ["JSPOA TRANSPORTATION PROGRAM", 28]], "longest_values": [["NEW YORK FOUNDATION TRANSPORTATION", 34], ["RAIN EASTCHESTER TRANSPORTATION", 31], ["PROJECT RELIEF TRANSPORTATION", 29], ["JSPOA TRANSPORTATION PROGRAM", 28], ["HANAC EAST-WEST CONNECTION", 26]], "average_length": 26.375}]}, {"column_name": "SponsorName", "number_non_empty_cells": 6, "number_empty_cells": 2, "number_distinct_values": 8, "frequent_values": ["NEW YORK FOUNDATION FOR SENIOR CITIZENS INC", "ARC XVI FORT WASHINGTON INC", "JAMAICA SERVICE PROGRAM FOR OLDER ADULTS INC", "JEWISH COMMUNITY COUNCIL OF GREATER CONEY ISLAND INC", "HANAC INC."], "dataTypes": [{"type": "TEXT", "count": 8, "shortest_values": [["HANAC INC.", 10], ["ARC XVI FORT WASHINGTON INC", 27], ["REGIONAL AID FOR INTERIM NEEDS INC", 34], ["MID BRONX SENIOR CITIZENS COUNCIL INC", 37], ["COMMUNITY AGENCY FOR SENIOR CITIZENS INC", 40]], "longest_values": [["JEWISH COMMUNITY COUNCIL OF GREATER CONEY ISLAND INC", 52], ["JAMAICA SERVICE PROGRAM FOR OLDER ADULTS INC", 44], ["NEW YORK FOUNDATION FOR SENIOR CITIZENS INC", 43], ["COMMUNITY AGENCY FOR SENIOR CITIZENS INC", 40], ["MID BRONX SENIOR CITIZENS COUNCIL INC", 37]], "average_length": 35.87500000000001}]}, {"column_name": "ProgramAddress", "number_non_empty_cells": 8, "number_empty_cells": 0, "number_distinct_values": 8, "frequent_values": ["56 BAY STREET", "3001 WEST 37TH STREET", "92-47 165TH STREET", "4111 BROADWAY", "1246 BURKE AVENUE"], "dataTypes": [{"type": "TEXT", "count": 8, "shortest_values": [["56 BAY STREET", 13], ["4111 BROADWAY", 13], ["1246 BURKE AVENUE", 17], ["27-40 HOYT AVENUE", 17], ["92-47 165TH STREET", 18]], "longest_values": [["3001 WEST 37TH STREET", 21], ["404 WEST 54TH STREET", 20], ["900 GRAND CONCOURSE", 19], ["92-47 165TH STREET", 18], ["1246 BURKE AVENUE", 17]], "average_length": 17.25}]}, {"column_name": "ProgramCity", "number_non_empty_cells": 8, "number_empty_cells": 0, "number_distinct_values": 6, "frequent_values": ["BRONX", "NEW YORK", "BROOKLYN", "LONG ISLAND CITY", "JAMAICA"], "dataTypes": [{"type": "TEXT", "count": 8, "shortest_values": [["BRONX", 5], ["BRONX", 5], ["JAMAICA", 7], ["BROOKLYN", 8], ["NEW YORK", 8]], "longest_values": [["LONG ISLAND CITY", 16], ["STATEN ISLAND", 13], ["BROOKLYN", 8], ["NEW YORK", 8], ["NEW YORK", 8]], "average_length": 8.75}]}, {"column_name": "ProgramState", "number_non_empty_cells": 8, "number_empty_cells": 0, "number_distinct_values": 1, "frequent_values": ["NY"], "dataTypes": [{"type": "TEXT", "count": 8, "shortest_values": [["NY", 2], ["NY", 2], ["NY", 2], ["NY", 2], ["NY", 2]], "longest_values": [["NY", 2], ["NY", 2], ["NY", 2], ["NY", 2], ["NY", 2]], "average_length": 2.0}]}, {"column_name": "Postcode", "number_non_empty_cells": 8, "number_empty_cells": 0, "number_distinct_values": 8, "frequent_values": [10469, 10019, 10451, 11224, 10033], "dataTypes": [{"type": "INTEGER (LONG)", "count": 8, "max_value": 11433, "min_value": 10019, "mean": 10629.0, "stddev": 514.3386530293053}]}, {"column_name": "Borough", "number_non_empty_cells": 8, "number_empty_cells": 0, "number_distinct_values": 5, "frequent_values": ["BRONX", "MANHATTAN", "QUEENS", "BROOKLYN", "STATEN ISLAND"], "dataTypes": [{"type": "TEXT", "count": 8, "shortest_values": [["BRONX", 5], ["BRONX", 5], ["QUEENS", 6], ["QUEENS", 6], ["BROOKLYN", 8]], "longest_values": [["STATEN ISLAND", 13], ["MANHATTAN", 9], ["MANHATTAN", 9], ["BROOKLYN", 8], ["QUEENS", 6]], "average_length": 7.625}]}, {"column_name": "ProgramPhone", "number_non_empty_cells": 8, "number_empty_cells": 0, "number_distinct_values": 8, "frequent_values": ["718-981-6226", "212-956-0855", "718 267-6910", "212 781-5700", "718-992-2057"], "dataTypes": [{"type": "TEXT", "count": 8, "shortest_values": [["718-981-6226", 12], ["718-992-2057", 12], ["718-449-5000", 12], ["718-671-8550", 12], ["212-956-0855", 12]], "longest_values": [["718-981-6226", 12], ["718-992-2057", 12], ["718-449-5000", 12], ["718-671-8550", 12], ["212-956-0855", 12]], "average_length": 12.0}]}, {"column_name": "DFTA Funded", "number_non_empty_cells": 8, "number_empty_cells": 0, "number_distinct_values": 1, "frequent_values": ["Y"], "dataTypes": [{"type": "TEXT", "count": 8, "shortest_values": [["Y", 1], ["Y", 1], ["Y", 1], ["Y", 1], ["Y", 1]], "longest_values": [["Y", 1], ["Y", 1], ["Y", 1], ["Y", 1], ["Y", 1]], "average_length": 1.0}]}, {"column_name": "MonHourOpen", "number_non_empty_cells": 8, "number_empty_cells": 0, "number_distinct_values": 4, "frequent_values": ["08:00", "09:00", "6 :00", "8 :30"], "dataTypes": [{"type": "DATE/TIME", "count": 6, "max_value": "2019-12-06T09:00:00", "min_value": "2019-12-06T08:00:00"}, {"type": "TEXT", "count": 2, "shortest_values": [["8 :30", 5], ["6 :00", 5]], "longest_values": [["8 :30", 5], ["6 :00", 5]], "average_length": 5.0}]}, {"column_name": "MonHourClose", "number_non_empty_cells": 8, "number_empty_cells": 0, "number_distinct_values": 4, "frequent_values": ["05:00", "04:00", "00:", "4 :30"], "dataTypes": [{"type": "DATE/TIME", "count": 6, "max_value": "2019-12-06T05:00:00", "min_value": "2019-12-06T04:00:00"}, {"type": "TEXT", "count": 2, "shortest_values": [["00:", 3], ["4 :30", 5]], "longest_values": [["4 :30", 5], ["00:", 3]], "average_length": 4.0}]}, {"column_name": "TueHourOpen", "number_non_empty_cells": 8, "number_empty_cells": 0, "number_distinct_values": 4, "frequent_values": ["08:00", "09:00", "6 :00", "8 :30"], "dataTypes": [{"type": "DATE/TIME", "count": 6, "max_value": "2019-12-06T09:00:00", "min_value": "2019-12-06T08:00:00"}, {"type": "TEXT", "count": 2, "shortest_values": [["8 :30", 5], ["6 :00", 5]], "longest_values": [["8 :30", 5], ["6 :00", 5]], "average_length": 5.0}]}, {"column_name": "TueHourClose", "number_non_empty_cells": 8, "number_empty_cells": 0, "number_distinct_values": 4, "frequent_values": ["05:00", "04:00", "00:", "4 :30"], "dataTypes": [{"type": "DATE/TIME", "count": 6, "max_value": "2019-12-06T05:00:00", "min_value": "2019-12-06T04:00:00"}, {"type": "TEXT", "count": 2, "shortest_values": [["00:", 3], ["4 :30", 5]], "longest_values": [["4 :30", 5], ["00:", 3]], "average_length": 4.0}]}, {"column_name": "WedHourOpen", "number_non_empty_cells": 8, "number_empty_cells": 0, "number_distinct_values": 4, "frequent_values": ["08:00", "09:00", "6 :00", "8 :30"], "dataTypes": [{"type": "DATE/TIME", "count": 6, "max_value": "2019-12-06T09:00:00", "min_value": "2019-12-06T08:00:00"}, {"type": "TEXT", "count": 2, "shortest_values": [["8 :30", 5], ["6 :00", 5]], "longest_values": [["8 :30", 5], ["6 :00", 5]], "average_length": 5.0}]}, {"column_name": "WedHourClose", "number_non_empty_cells": 8, "number_empty_cells": 0, "number_distinct_values": 4, "frequent_values": ["05:00", "04:00", "00:", "4 :30"], "dataTypes": [{"type": "DATE/TIME", "count": 6, "max_value": "2019-12-06T05:00:00", "min_value": "2019-12-06T04:00:00"}, {"type": "TEXT", "count": 2, "shortest_values": [["00:", 3], ["4 :30", 5]], "longest_values": [["4 :30", 5], ["00:", 3]], "average_length": 4.0}]}, {"column_name": "ThuHourOpen", "number_non_empty_cells": 8, "number_empty_cells": 0, "number_distinct_values": 4, "frequent_values": ["08:00", "09:00", "6 :00", "8 :30"], "dataTypes": [{"type": "DATE/TIME", "count": 6, "max_value": "2019-12-06T09:00:00", "min_value": "2019-12-06T08:00:00"}, {"type": "TEXT", "count": 2, "shortest_values": [["8 :30", 5], ["6 :00", 5]], "longest_values": [["8 :30", 5], ["6 :00", 5]], "average_length": 5.0}]}, {"column_name": "ThuHourClose", "number_non_empty_cells": 8, "number_empty_cells": 0, "number_distinct_values": 4, "frequent_values": ["05:00", "04:00", "00:", "4 :30"], "dataTypes": [{"type": "DATE/TIME", "count": 6, "max_value": "2019-12-06T05:00:00", "min_value": "2019-12-06T04:00:00"}, {"type": "TEXT", "count": 2, "shortest_values": [["00:", 3], ["4 :30", 5]], "longest_values": [["4 :30", 5], ["00:", 3]], "average_length": 4.0}]}, {"column_name": "FriHourOpen", "number_non_empty_cells": 8, "number_empty_cells": 0, "number_distinct_values": 4, "frequent_values": ["08:00", "09:00", "6 :00", "8 :30"], "dataTypes": [{"type": "DATE/TIME", "count": 6, "max_value": "2019-12-06T09:00:00", "min_value": "2019-12-06T08:00:00"}, {"type": "TEXT", "count": 2, "shortest_values": [["8 :30", 5], ["6 :00", 5]], "longest_values": [["8 :30", 5], ["6 :00", 5]], "average_length": 5.0}]}, {"column_name": "FriHourClose", "number_non_empty_cells": 8, "number_empty_cells": 0, "number_distinct_values": 4, "frequent_values": ["05:00", "04:00", "00:", "4 :30"], "dataTypes": [{"type": "DATE/TIME", "count": 6, "max_value": "2019-12-06T05:00:00", "min_value": "2019-12-06T04:00:00"}, {"type": "TEXT", "count": 2, "shortest_values": [["00:", 3], ["4 :30", 5]], "longest_values": [["4 :30", 5], ["00:", 3]], "average_length": 4.0}]}, {"column_name": "SatHourOpen", "number_non_empty_cells": 8, "number_empty_cells": 0, "number_distinct_values": 1, "frequent_values": ["00:00"], "dataTypes": [{"type": "DATE/TIME", "count": 8, "max_value": "2019-12-06T00:00:00", "min_value": "2019-12-06T00:00:00"}]}, {"column_name": "SatHourClose", "number_non_empty_cells": 8, "number_empty_cells": 0, "number_distinct_values": 1, "frequent_values": ["00:00"], "dataTypes": [{"type": "DATE/TIME", "count": 8, "max_value": "2019-12-06T00:00:00", "min_value": "2019-12-06T00:00:00"}]}, {"column_name": "SunHourOpen", "number_non_empty_cells": 8, "number_empty_cells": 0, "number_distinct_values": 1, "frequent_values": ["00:00"], "dataTypes": [{"type": "DATE/TIME", "count": 8, "max_value": "2019-12-06T00:00:00", "min_value": "2019-12-06T00:00:00"}]}, {"column_name": "SunHourClose", "number_non_empty_cells": 8, "number_empty_cells": 0, "number_distinct_values": 1, "frequent_values": ["00:00"], "dataTypes": [{"type": "DATE/TIME", "count": 8, "max_value": "2019-12-06T00:00:00", "min_value": "2019-12-06T00:00:00"}]}, {"column_name": "Latitude", "number_non_empty_cells": 8, "number_empty_cells": 0, "number_distinct_values": 8, "frequent_values": [40.845128, 40.871144, 40.704457, 40.640624, 40.573177], "dataTypes": [{"type": "REAL", "count": 8, "max_value": 40.871144, "min_value": 40.573177, "mean": 40.7499995, "stddev": 0.09731491514279739}]}, {"column_name": "Longitude", "number_non_empty_cells": 8, "number_empty_cells": 0, "number_distinct_values": 8, "frequent_values": [-73.922277, -73.794108, -74.002509, -73.851046, -74.075704], "dataTypes": [{"type": "REAL", "count": 8, "max_value": -73.794108, "min_value": -74.075704, "mean": -73.93648037499999, "stddev": 0.08247272411976382}]}, {"column_name": "Community Board", "number_non_empty_cells": 8, "number_empty_cells": 0, "number_distinct_values": 8, "frequent_values": [211, 412, 501, 112, 204], "dataTypes": [{"type": "INTEGER (LONG)", "count": 8, "max_value": 501, "min_value": 104, "mean": 282.25000000000006, "stddev": 137.70053558356264}]}, {"column_name": "Council District", "number_non_empty_cells": 8, "number_empty_cells": 0, "number_distinct_values": 8, "frequent_values": [27, 12, 22, 47, 16], "dataTypes": [{"type": "INTEGER (LONG)", "count": 8, "max_value": 49, "min_value": 3, "mean": 23.25, "stddev": 15.841006912440887}]}, {"column_name": "Census Tract", "number_non_empty_cells": 8, "number_empty_cells": 0, "number_distinct_values": 8, "frequent_values": [133, 444, 18301, 348, 3], "dataTypes": [{"type": "INTEGER (LONG)", "count": 8, "max_value": 18301, "min_value": 3, "mean": 2487.625, "stddev": 5978.564249414319}]}, {"column_name": "BIN", "number_non_empty_cells": 8, "number_empty_cells": 0, "number_distinct_values": 8, "frequent_values": [4537921, 3189617, 1026769, 5000035, 1063501], "dataTypes": [{"type": "INTEGER (LONG)", "count": 8, "max_value": 5000035, "min_value": 1026769, "mean": 2891296.2500000005, "stddev": 1468237.969311919}]}, {"column_name": "BBL", "number_non_empty_cells": 8, "number_empty_cells": 0, "number_distinct_values": 8, "frequent_values": [1021420133, 5000050103, 4008390001, 2045810001, 2024600001], "dataTypes": [{"type": "INTEGER (LONG)", "count": 8, "max_value": 5000050103, "min_value": 1010630035, "mean": 2785387538.0, "stddev": 1396479568.7225134}]}, {"column_name": "NTA", "number_non_empty_cells": 8, "number_empty_cells": 0, "number_distinct_values": 8, "frequent_values": ["Old Astoria", "East Concourse-Concourse Village", "West New Brighton-New Brighton-St. George", "Allerton-Pelham Gardens", "Washington Heights South"], "dataTypes": [{"type": "TEXT", "count": 8, "shortest_values": [["Clinton", 7], ["Jamaica", 7], ["Old Astoria", 11], ["Seagate-Coney Island", 20], ["Allerton-Pelham Gardens", 23]], "longest_values": [["West New Brighton-New Brighton-St. George", 41], ["East Concourse-Concourse Village", 32], ["Washington Heights South", 24], ["Allerton-Pelham Gardens", 23], ["Seagate-Coney Island", 20]], "average_length": 20.625}]}, {"column_name": "Location1", "number_non_empty_cells": 8, "number_empty_cells": 0, "number_distinct_values": 8, "frequent_values": ["(40.827412, -73.922277)", "(40.640624, -74.075704)", "(40.845128, -73.938763)", "(40.766197, -73.987636)", "(40.704457, -73.794108)"], "dataTypes": [{"type": "TEXT", "count": 8, "shortest_values": [["(40.771857, -73.9198)", 21], ["(40.640624, -74.075704)", 23], ["(40.827412, -73.922277)", 23], ["(40.573177, -74.002509)", 23], ["(40.871144, -73.851046)", 23]], "longest_values": [["(40.640624, -74.075704)", 23], ["(40.827412, -73.922277)", 23], ["(40.573177, -74.002509)", 23], ["(40.871144, -73.851046)", 23], ["(40.766197, -73.987636)", 23]], "average_length": 22.75}]}]}