{"dataset_name": "/user/hm74/NYCOpenData/6wve-ubwx.tsv.gz", "columns": [{"column_name": "Metric", "number_non_empty_cells": 3, "number_empty_cells": 0, "number_distinct_values": 3, "frequent_values": ["\"\u00a0Pctg of calls answered by voice response units (\"\"VRU\"\")\"", "\u00a0Pctg of Calls abandoned by VRU", "Percntage of busy Calls by VRU"], "dataTypes": [{"type": "TEXT", "count": 3, "shortest_values": [["Percntage of busy Calls by VRU", 30], ["\u00a0Pctg of Calls abandoned by VRU", 31], ["\"\u00a0Pctg of calls answered by voice response units (\"\"VRU\"\")\"", 59]], "longest_values": [["\"\u00a0Pctg of calls answered by voice response units (\"\"VRU\"\")\"", 59], ["\u00a0Pctg of Calls abandoned by VRU", 31], ["Percntage of busy Calls by VRU", 30]], "average_length": 40.0}]}, {"column_name": "Cablevision", "number_non_empty_cells": 3, "number_empty_cells": 0, "number_distinct_values": 3, "frequent_values": [0.2, 4.5, 99.8], "dataTypes": [{"type": "REAL", "count": 3, "max_value": 99.8, "min_value": 0.2, "mean": 34.83333333333333, "stddev": 45.971899629616736}]}, {"column_name": "Time Warner Cable", "number_non_empty_cells": 3, "number_empty_cells": 0, "number_distinct_values": 3, "frequent_values": [98.9, 12.6, 1.1], "dataTypes": [{"type": "REAL", "count": 3, "max_value": 98.9, "min_value": 1.1, "mean": 37.53333333333333, "stddev": 43.64602565590085}]}, {"column_name": "Verizon FIOS", "number_non_empty_cells": 3, "number_empty_cells": 0, "number_distinct_values": 3, "frequent_values": [99.96, 0.04, 4.8], "dataTypes": [{"type": "REAL", "count": 3, "max_value": 99.96, "min_value": 0.04, "mean": 34.93333333333333, "stddev": 46.02184215734476}]}]}