{"dataset_name": "/user/hm74/NYCOpenData/6xnp-6f4a.tsv.gz", "columns": [{"column_name": "Month", "number_non_empty_cells": 441, "number_empty_cells": 0, "number_distinct_values": 21, "frequent_values": ["July-2019", "February-2019", "June-2019", "April-2018", "August-2019"], "dataTypes": [{"type": "DATE/TIME", "count": 441, "max_value": "2019-08-06T00:00:00", "min_value": "2017-12-06T00:00:00"}]}, {"column_name": "KPIType", "number_non_empty_cells": 441, "number_empty_cells": 0, "number_distinct_values": 6, "frequent_values": ["Age", "Gender", "Location of HOME-STAT Clients", "Placements of HOME-STAT Clients", "Special groups"], "dataTypes": [{"type": "TEXT", "count": 441, "shortest_values": [["Age", 3], ["Age", 3], ["Age", 3], ["Age", 3], ["Age", 3]], "longest_values": [["Placements of HOME-STAT Clients", 31], ["Placements of HOME-STAT Clients", 31], ["Placements of HOME-STAT Clients", 31], ["Placements of HOME-STAT Clients", 31], ["Placements of HOME-STAT Clients", 31]], "average_length": 12.476190476190478}]}, {"column_name": "KPI", "number_non_empty_cells": 441, "number_empty_cells": 0, "number_distinct_values": 20, "frequent_values": ["Unknown", "Female", "Veterans", "61 - 70", "HOME-STAT clients on the street and other settings"], "dataTypes": [{"type": "TEXT", "count": 441, "shortest_values": [["Male", 4], ["Male", 4], ["Male", 4], ["Male", 4], ["Male", 4]], "longest_values": [["HOME-STAT clients placed in settings other than transitional or permanent housing", 81], ["HOME-STAT clients placed in settings other than transitional or permanent housing", 81], ["HOME-STAT clients placed in settings other than transitional or permanent housing", 81], ["HOME-STAT clients placed in settings other than transitional or permanent housing", 81], ["HOME-STAT clients placed in settings other than transitional or permanent housing", 81]], "average_length": 23.428571428571438}]}, {"column_name": "Count", "number_non_empty_cells": 441, "number_empty_cells": 0, "number_distinct_values": 297, "frequent_values": [0.1, 0.5, 2.5, 0.6, 2.3], "dataTypes": [{"type": "REAL", "count": 441, "max_value": 3598.0, "min_value": 0.1, "mean": 493.09410430839046, "stddev": 771.5364736480851}]}]}