{"dataset_name": "/user/hm74/NYCOpenData/6xs6-cz7y.tsv.gz", "columns": [{"column_name": "Agency_Name", "number_non_empty_cells": 154, "number_empty_cells": 0, "number_distinct_values": 29, "frequent_values": ["Department of Transportation (DOT)", "Department of Parks and Recreation (DPR)", "Department of Health and Mental Hygiene (DOHMH)", "Brooklyn Borough President (BBP)", "Department of City Planning (DCP)"], "dataTypes": [{"type": "TEXT", "count": 154, "shortest_values": [["Department of Finance (DOF)", 27], ["Department of Finance (DOF)", 27], ["Mayor's Office of ThriveNYC", 27], ["New York City Council (NYCC)", 28], ["New York City Council (NYCC)", 28]], "longest_values": [["Department of Social Services (DSS) - Department of Homeless Services (DHS)", 75], ["Department of Information Technology and Telecommunications (DoITT)", 67], ["Mayor Office to End Domestic and Gender-Based Violence (ENDGBV)", 63], ["Mayor Office to End Domestic and Gender-Based Violence (ENDGBV)", 63], ["Department of Housing Preservation and Development (HPD)", 56]], "average_length": 37.42857142857144}]}, {"column_name": "Data_Set_Title", "number_non_empty_cells": 154, "number_empty_cells": 0, "number_distinct_values": 154, "frequent_values": ["ZAP Search data", "Annual Report on Family Justice Center Client Satisfaction Surveys", "Real Time Passenger Information (RTPI) Sign Locations", "DOB NOW: Build LAA", "Pedestrian Ramp Database"], "dataTypes": [{"type": "TEXT", "count": 154, "shortest_values": [["HisTree", 7], ["Bus Lanes", 9], ["Leaning Bars", 12], ["Street Seats", 12], ["Bridge Strike", 13]], "longest_values": [["Traffic volume counts collected on all NYC major bridges. For three reports made public (NYC DOT Bridge Report, Manhattan Crossing Report, Screenline Report)", 157], ["Agency Authorized Parking Permit (AAPP) or On Street Authorized Permit (OSAP)", 77], ["Annual Report on Family Justice Center Client Satisfaction Surveys", 66], ["Child Health, Emotional Wellness, and Development Survey (CHEWS)", 64], ["Complaint Data on unsafe construction practices in common areas", 63]], "average_length": 30.928571428571427}]}, {"column_name": "Data_Set_Description", "number_non_empty_cells": 153, "number_empty_cells": 1, "number_distinct_values": 150, "frequent_values": ["Each year the Brooklyn Borough President provides funding in support of various capital projects throughout Brooklyn.", "List of organizations that have received discretionary contract awards and the funding amounts.", "List of all Elevator job filings filed in DOB NOW.", "Information on tourism grants.", "List of honorees who have displayed bravery, selflessness, and service to the community and to the wellbeing of others."], "dataTypes": [{"type": "TEXT", "count": 153, "shortest_values": [["Local Law 140", 13], ["Marking orders", 14], ["To Be Determined", 16], ["Uncontrolled crosswalk", 22], ["Map of NYC Parks Signs.", 23]], "longest_values": [["Number of veterans applying for and being approved for Mitchell-Lama housing, the number of fee-exempt mobile food vending licenses and permits issued by the Department of Health and Mental Hygiene to veterans, the number of general vending licenses issued by the Department of Consumer Affairs to veterans, the number of veterans who submitted applications to the Department of Consumer Affairs for a general vending license, the total number of veterans residing in the city who utilized a HUD-VASH voucher, and the total number of civil service examination applications received by the Department of Citywide Administrative Services for which the applicant claimed a veterans credit.", 686], ["DOT Art collaborates with community-based organizations to commission artists to design and install temporary art on DOT property. A minimum of one priority site is identified by local organizations with support from DOT Borough Offices and Operating Units in each borough per application cycle. Selected artists are eligible to receive up to $12,000 towards direct project costs in addition to engineering support. Partner organizations work closely with selected artists throughout the project phases and must agree to maintain the artwork and remediate the site upon completion of the display period. Artwork remains installed for 11 months.", 644], ["The Staten Island Ferry carries over 24 million passengers a year between St. George Terminal in Staten Island and Whitehall Terminal in Manhattan. On a typical workday, the ferry makes 118 trips. This General Transit Feed Specification (GTFS) (https://developers.google.com/transit/gtfs/) dataset includes information about the ferry terminal, and all scheduled weekday, weekend and holiday trips. The ferry's schedule may be adjusted due to heavy weather or low visibility. Adjustments are announced by email and in DOT's Twitter stream.", 539], ["Local Law 4 of 2012 requires lenders to inform HPD within 15 days when they start or discontinue a mortgage foreclosure action against a residential property in NYC. The law requires HPD to maintain quarterly and monthly reports on its website. The quarterly report lists a) the total number of foreclosure actions reported to HPD and commenced during the previous quarter by community district and b) the total number of pending foreclosure actions reported to HPD since the effective date of the law by community district.", 524], ["This data is from an annual report to be provided in compliance of Local Law 40 of 2019, covering the time period July 1 through June 30. The data set includes: disaggregated by borough. The dataset includes: services received, utilization of language interpretation services, language of interpretation, what the client found most helpful about visit to FJC and would the client recommend the Family Justice Center to others. The data will be disaggregated by borough.", 469]], "average_length": 126.516339869281}]}, {"column_name": "Update_Frequency", "number_non_empty_cells": 153, "number_empty_cells": 1, "number_distinct_values": 12, "frequent_values": ["Annually", "To Be Determined", "Monthly", "Quarterly", "Daily"], "dataTypes": [{"type": "DATE/TIME", "count": 1, "max_value": "2019-12-31T00:00:00", "min_value": "2019-12-31T00:00:00"}, {"type": "TEXT", "count": 152, "shortest_values": [["Daily", 5], ["Daily", 5], ["Daily", 5], ["Daily", 5], ["Daily", 5]], "longest_values": [["To Be Determined", 16], ["To Be Determined", 16], ["To Be Determined", 16], ["To Be Determined", 16], ["To Be Determined", 16]], "average_length": 10.019736842105267}]}, {"column_name": "Release_Date", "number_non_empty_cells": 153, "number_empty_cells": 1, "number_distinct_values": 16, "frequent_values": ["12/31/2019", "11/30/2019", "12/31/2020", "10/31/2019", "03/31/2020"], "dataTypes": [{"type": "DATE/TIME", "count": 152, "max_value": "2022-01-31T00:00:00", "min_value": "2019-10-31T00:00:00"}, {"type": "TEXT", "count": 1, "shortest_values": [["Updated", 7]], "longest_values": [["Updated", 7]], "average_length": 7.0}]}, {"column_name": "Date_Status", "number_non_empty_cells": 153, "number_empty_cells": 1, "number_distinct_values": 5, "frequent_values": ["New", "Updated", "No Change", "Due to the complexity of the dataset, data will be released by 12/31/2019.", null], "dataTypes": [{"type": "TEXT", "count": 153, "shortest_values": [["New", 3], ["New", 3], ["New", 3], ["New", 3], ["New", 3]], "longest_values": [["Due to the complexity of the dataset, data will be released by 12/31/2019.", 74], ["No Change", 9], ["No Change", 9], ["No Change", 9], ["No Change", 9]], "average_length": 6.41830065359477}]}, {"column_name": "Agency_Comment", "number_non_empty_cells": 47, "number_empty_cells": 107, "number_distinct_values": 13, "frequent_values": ["This dataset requires further review and documentation prior to publication.", "Due to the complexity of the dataset, data will be released by 12/31/2019.", "MOCS is revising its data release process so more time is needed to gather this information in accordance with the new process.", "The contents of this dataset are under review, and will require additional resources before publication to the portal.", "Delay release due to Agency relocation to new building"], "dataTypes": [{"type": "TEXT", "count": 47, "shortest_values": [["The data is under agency review.", 32], ["Additional data cleaning and release approval", 45], ["Delay release due to Agency relocation to new building", 54], ["Being prepared as part of overall data set updates on this topic.", 65], ["Due to the complexity of the dataset, data will be released by 12/31/2019.", 74]], "longest_values": [["The Department of Records and Information Services is in the process of rebuilding the application that generates this data set to comply with changes to the NYC Charter (Section 1133). You can view changes to the schema and our work on GitHub (https://github.com/nycrecords/gpp-hyrax).", 286], ["Due to an aggressive release schedule for DOB NOW and a vital need to support customer and staff needs, DOB was not able to advance this dataset in the planned timeframe", 169], ["Finalizing the data structure, schema and format. Upgrades to Windows 10 and ArcGIS 10.6 delayed much of the work related to this release.", 138], ["The structure of this database is in the process of being updated, and will require more time for documentation prior to publication.", 133], ["MOCS is revising its data release process so more time is needed to gather this information in accordance with the new process.", 127]], "average_length": 87.55319148936171}]}]}