{"dataset_name": "/user/hm74/NYCOpenData/6y5g-5hkj.tsv.gz", "columns": [{"column_name": "Waiting_List_Application_ID", "number_non_empty_cells": 11926, "number_empty_cells": 0, "number_distinct_values": 11926, "frequent_values": ["14611-2016-AGVW", "14679-2016-AGVW", "14720-2016-AGVW", "14892-2016-AGVW", "15020-2016-AGVW"], "dataTypes": [{"type": "TEXT", "count": 11926, "shortest_values": [["5009-2017-AGVW", 14], ["5010-2017-AGVW", 14], ["14302-2016-AGVW", 15], ["14303-2016-AGVW", 15], ["14304-2016-AGVW", 15]], "longest_values": [["14302-2016-AGVW", 15], ["14303-2016-AGVW", 15], ["14304-2016-AGVW", 15], ["14305-2016-AGVW", 15], ["14306-2016-AGVW", 15]], "average_length": 14.999832299178266}]}, {"column_name": "Application_Order_Number", "number_non_empty_cells": 11926, "number_empty_cells": 0, "number_distinct_values": 11926, "frequent_values": [148, 463, 471, 496, 833], "dataTypes": [{"type": "INTEGER (LONG)", "count": 11926, "max_value": 11926, "min_value": 1, "mean": 5963.500000000018, "stddev": 3442.739643074963}]}, {"column_name": "Priority_Number", "number_non_empty_cells": 11740, "number_empty_cells": 186, "number_distinct_values": 11741, "frequent_values": [5983.0, 7115.0, 2862.0, 3901.0, 5776.0], "dataTypes": [{"type": "REAL", "count": 11740, "max_value": 11733.0, "min_value": 1.0, "mean": 5867.458407155008, "stddev": 3387.059090490653}]}, {"column_name": "Applicant_Name", "number_non_empty_cells": 11060, "number_empty_cells": 866, "number_distinct_values": 10400, "frequent_values": ["MAMADOU DIALLO", "IBRAHIMA DIALLO", "MAMADOU BARRY", "AMADOU DIALLO", "FATOUMATA DIALLO"], "dataTypes": [{"type": "TEXT", "count": 11922, "shortest_values": [["YI DU", 5], ["MO HU", 5], ["XU XU", 5], ["OI LI", 5], ["LI YU", 5]], "longest_values": [["MARIANITA DE JESUS SISALIMA DE TENESACA", 39], ["JESUS DEL CARMEN ROMERO CABRERA", 31], ["LUIS HUMBERTO AMAGUANA COTACAHI", 31], ["MOULAY TAIB EL BORKI EL IDRISSI", 31], ["MOHAMMAD JAKIR HOSSAIN MAZUMDER", 31]], "average_length": 12.61550075490691}]}, {"column_name": "City", "number_non_empty_cells": 11603, "number_empty_cells": 323, "number_distinct_values": 173, "frequent_values": ["BROOKLYN", "BRONX", "NEW YORK", "FLUSHING", "ELMHURST"], "dataTypes": [{"type": "TEXT", "count": 11892, "shortest_values": [["KATY", 4], ["BRONX", 5], ["BRONX", 5], ["BRONX", 5], ["BRONX", 5]], "longest_values": [["SOUTH RICHMOND HILL", 19], ["SOUTH RICHMOND HILL", 19], ["SOUTH RICHMOND HILL", 19], ["SPRINGFIELD GARDENS", 19], ["SOUTH RICHMOND HILL", 19]], "average_length": 7.63563740329632}]}, {"column_name": "State", "number_non_empty_cells": 11890, "number_empty_cells": 36, "number_distinct_values": 11, "frequent_values": ["NY", "NJ", "RI", "CT", "PA"], "dataTypes": [{"type": "TEXT", "count": 11890, "shortest_values": [["NY", 2], ["NY", 2], ["NY", 2], ["NY", 2], ["NY", 2]], "longest_values": [["brooklyn", 8], ["NY", 2], ["NY", 2], ["NY", 2], ["NY", 2]], "average_length": 2.000504625735917}]}, {"column_name": "Postcode", "number_non_empty_cells": 11890, "number_empty_cells": 36, "number_distinct_values": 309, "frequent_values": [10456, 11220, 11355, 10026, 10002], "dataTypes": [{"type": "INTEGER (LONG)", "count": 11890, "max_value": 77494, "min_value": 2895, "mean": 10777.26804037002, "stddev": 1693.9646402006895}]}, {"column_name": "Waiting_List_Status", "number_non_empty_cells": 11926, "number_empty_cells": 0, "number_distinct_values": 6, "frequent_values": ["Awaiting Waitlist Selection", "Application Voided", "Did Not Appear", "Applied for License", "Application Withdrawn"], "dataTypes": [{"type": "TEXT", "count": 11926, "shortest_values": [["Did Not Appear", 14], ["Did Not Appear", 14], ["Did Not Appear", 14], ["Did Not Appear", 14], ["Did Not Appear", 14]], "longest_values": [["Awaiting Waitlist Selection", 27], ["Awaiting Waitlist Selection", 27], ["Awaiting Waitlist Selection", 27], ["Awaiting Waitlist Selection", 27], ["Awaiting Waitlist Selection", 27]], "average_length": 26.63281905081329}]}, {"column_name": "Selection_Date", "number_non_empty_cells": 236, "number_empty_cells": 11690, "number_distinct_values": 15, "frequent_values": ["01/18/2018", "01/20/2017", "08/31/2018", "05/09/2017", "10/24/2018"], "dataTypes": [{"type": "DATE/TIME", "count": 236, "max_value": "2018-10-24T00:00:00", "min_value": "2017-01-20T00:00:00"}]}, {"column_name": "License_Application_ID", "number_non_empty_cells": 102, "number_empty_cells": 11824, "number_distinct_values": 103, "frequent_values": ["3844-2018-AGEV", "5345-2018-AGEV", "4567-2018-AGEV", "5306-2018-AGEV", "1723-2017-AGEV"], "dataTypes": [{"type": "TEXT", "count": 102, "shortest_values": [["2317-2018-AGEV", 14], ["5054-2018-AGEV", 14], ["4835-2018-AGEV", 14], ["9473-2017-AGEV", 14], ["1156-2017-AGEV", 14]], "longest_values": [["15105-2018-AGEV", 15], ["10947-2017-AGEV", 15], ["11400-2017-AGEV", 15], ["15905-2018-AGEV", 15], ["16502-2018-AGEV", 15]], "average_length": 14.205882352941172}]}]}