{"dataset_name": "/user/hm74/NYCOpenData/6yag-pnij.tsv.gz", "columns": [{"column_name": "Fiscal Year", "number_non_empty_cells": 15, "number_empty_cells": 0, "number_distinct_values": 8, "frequent_values": [2015, 2018, 2013, 2014, 2012], "dataTypes": [{"type": "INTEGER (LONG)", "count": 15, "max_value": 2019, "min_value": 2012, "mean": 2015.2666666666667, "stddev": 2.174600857373358}]}, {"column_name": "Other Organics Collection Category", "number_non_empty_cells": 15, "number_empty_cells": 0, "number_distinct_values": 2, "frequent_values": ["Food scrap and other organics drop off - not DSNY collected", "Food scrap drop off  - DSNY collected"], "dataTypes": [{"type": "TEXT", "count": 15, "shortest_values": [["Food scrap drop off  - DSNY collected", 37], ["Food scrap drop off  - DSNY collected", 37], ["Food scrap drop off  - DSNY collected", 37], ["Food scrap drop off  - DSNY collected", 37], ["Food scrap drop off  - DSNY collected", 37]], "longest_values": [["Food scrap and other organics drop off - not DSNY collected", 59], ["Food scrap and other organics drop off - not DSNY collected", 59], ["Food scrap and other organics drop off - not DSNY collected", 59], ["Food scrap and other organics drop off - not DSNY collected", 59], ["Food scrap and other organics drop off - not DSNY collected", 59]], "average_length": 48.73333333333333}]}, {"column_name": "Tons Collected", "number_non_empty_cells": 15, "number_empty_cells": 0, "number_distinct_values": 15, "frequent_values": [451, 1824, 209, 232, 1505], "dataTypes": [{"type": "INTEGER (LONG)", "count": 15, "max_value": 2527, "min_value": 23, "mean": 977.8666666666666, "stddev": 788.160547660747}]}]}