{"dataset_name": "/user/hm74/NYCOpenData/6ypq-ih9a.tsv.gz", "columns": [{"column_name": "CSD", "number_non_empty_cells": 12498, "number_empty_cells": 0, "number_distinct_values": 35, "frequent_values": ["9", "27", "10", "31", "8"], "dataTypes": [{"type": "INTEGER (LONG)", "count": 12495, "max_value": 32, "min_value": 1, "mean": 16.562064825930374, "stddev": 9.195879249765612}, {"type": "TEXT", "count": 3, "shortest_values": [["09-12 ONLY)\"", 12], ["(MS CORE and ", 13], ["(0K-08* ONLY)\"", 14]], "longest_values": [["(0K-08* ONLY)\"", 14], ["(MS CORE and ", 13], ["09-12 ONLY)\"", 12]], "average_length": 13.0}]}, {"column_name": "BOROUGH", "number_non_empty_cells": 12497, "number_empty_cells": 1, "number_distinct_values": 8, "frequent_values": ["K", "Q", "X", "M", "R"], "dataTypes": [{"type": "TEXT", "count": 12497, "shortest_values": [["M", 1], ["M", 1], ["M", 1], ["M", 1], ["M", 1]], "longest_values": [["SERVICE CATEGORY", 16], ["CLASS SIZE", 10], ["M", 1], ["M", 1], ["M", 1]], "average_length": 1.0019204609106203}]}, {"column_name": "GRADE_LEVEL", "number_non_empty_cells": 12496, "number_empty_cells": 2, "number_distinct_values": 14, "frequent_values": ["09-12", "MS Core", "0K-09", "06", "04"], "dataTypes": [{"type": "INTEGER (LONG)", "count": 4115, "max_value": 8, "min_value": 1, "mean": 4.479951397326854, "stddev": 2.273151231780818}, {"type": "DATE/TIME", "count": 3697, "max_value": "2019-09-12T00:00:00", "min_value": "2019-09-12T00:00:00"}, {"type": "TEXT", "count": 4684, "shortest_values": [["0K", 2], ["0K", 2], ["0K", 2], ["0K", 2], ["0K", 2]], "longest_values": [["NUMBER OF CLASSES", 17], ["MS Core", 7], ["MS Core", 7], ["MS Core", 7], ["MS Core", 7]], "average_length": 6.27519214346713}]}, {"column_name": "PROGRAM_TYPE", "number_non_empty_cells": 12496, "number_empty_cells": 2, "number_distinct_values": 5, "frequent_values": ["GEN ED / CTT", "GEN ED / CTT / G&T", "SPEC ED", "NUMBER OF STUDENTS", null], "dataTypes": [{"type": "TEXT", "count": 12496, "shortest_values": [["SPEC ED", 7], ["SPEC ED", 7], ["SPEC ED", 7], ["SPEC ED", 7], ["SPEC ED", 7]], "longest_values": [["NUMBER OF STUDENTS", 18], ["GEN ED / CTT / G&T", 18], ["GEN ED / CTT / G&T", 18], ["GEN ED / CTT / G&T", 18], ["GEN ED / CTT / G&T", 18]], "average_length": 13.159571062740053}]}, {"column_name": "CORE_SUBJECT_", "number_non_empty_cells": 12496, "number_empty_cells": 2, "number_distinct_values": 7, "frequent_values": ["-", "English", "Math", "Social Studies", "Science"], "dataTypes": [{"type": "TEXT", "count": 12496, "shortest_values": [["-", 1], ["-", 1], ["-", 1], ["-", 1], ["-", 1]], "longest_values": [["PERCENT OF STUDENTS IN DISTRICT / PROGRAM / GRADE / SUBJECT", 59], ["Social Studies", 14], ["Social Studies", 14], ["Social Studies", 14], ["Social Studies", 14]], "average_length": 5.119478233034579}]}]}