{"dataset_name": "/user/hm74/NYCOpenData/6zvj-sek6.tsv.gz", "columns": [{"column_name": "DBN", "number_non_empty_cells": 60, "number_empty_cells": 0, "number_distinct_values": 60, "frequent_values": ["75K053", "75Q277", "75K140", "75K141", "75K373"], "dataTypes": [{"type": "TEXT", "count": 60, "shortest_values": [["75K004", 6], ["75K036", 6], ["75K053", 6], ["75K077", 6], ["75K140", 6]], "longest_values": [["75K004", 6], ["75K036", 6], ["75K053", 6], ["75K077", 6], ["75K140", 6]], "average_length": 6.0}]}, {"column_name": "School Name", "number_non_empty_cells": 60, "number_empty_cells": 0, "number_distinct_values": 60, "frequent_values": ["P.S. Q256", "P.S. X017", "P.S. M226", "P.S. K396", "P.S. M721 - Manhattan Occupational Training Center"], "dataTypes": [{"type": "TEXT", "count": 60, "shortest_values": [["P.S. 36", 7], ["P.S. 368", 8], ["P.S. 370", 8], ["P.S. 035", 8], ["P.S. 138", 8]], "longest_values": [["P.S. M721 - Manhattan Occupational Training Center", 50], ["P.S. K721 - Brooklyn Occupational Training Center", 49], ["P.S. K753 - School for Career Development", 41], ["New York Center for Autism Charter School", 41], ["The Bronx School for Continuous Learners", 40]], "average_length": 19.650000000000002}]}, {"column_name": "School Type", "number_non_empty_cells": 60, "number_empty_cells": 0, "number_distinct_values": 1, "frequent_values": ["D75"], "dataTypes": [{"type": "TEXT", "count": 60, "shortest_values": [["D75", 3], ["D75", 3], ["D75", 3], ["D75", 3], ["D75", 3]], "longest_values": [["D75", 3], ["D75", 3], ["D75", 3], ["D75", 3], ["D75", 3]], "average_length": 3.0}]}, {"column_name": "Enrollment", "number_non_empty_cells": 60, "number_empty_cells": 0, "number_distinct_values": 57, "frequent_values": [414, 325, 198, 65, 516], "dataTypes": [{"type": "INTEGER (LONG)", "count": 60, "max_value": 801, "min_value": 32, "mean": 383.80000000000007, "stddev": 149.8781505090051}]}, {"column_name": "Rigorous Instruction - Percent Positive", "number_non_empty_cells": 58, "number_empty_cells": 2, "number_distinct_values": 22, "frequent_values": [0.76, 0.77, 0.79, 0.81, 0.86], "dataTypes": [{"type": "REAL", "count": 58, "max_value": 0.96, "min_value": 0.63, "mean": 0.8032758620689654, "stddev": 0.06001114640816613}]}, {"column_name": "Collaborative Teachers - Percent Positive", "number_non_empty_cells": 58, "number_empty_cells": 2, "number_distinct_values": 22, "frequent_values": [0.9, 0.83, 0.91, 0.92, 0.86], "dataTypes": [{"type": "REAL", "count": 58, "max_value": 0.97, "min_value": 0.76, "mean": 0.868103448275862, "stddev": 0.053189864751165924}]}, {"column_name": "Supportive Environment - Percent Positive", "number_non_empty_cells": 58, "number_empty_cells": 2, "number_distinct_values": 23, "frequent_values": [0.92, 0.88, 0.85, 0.86, 0.89], "dataTypes": [{"type": "REAL", "count": 58, "max_value": 0.99, "min_value": 0.76, "mean": 0.8915517241379308, "stddev": 0.054639941312949074}]}, {"column_name": "Effective School Leadership - Percent Positive", "number_non_empty_cells": 58, "number_empty_cells": 2, "number_distinct_values": 27, "frequent_values": [0.81, 0.72, 0.7, 0.84, 0.82], "dataTypes": [{"type": "REAL", "count": 58, "max_value": 0.96, "min_value": 0.63, "mean": 0.7915517241379311, "stddev": 0.0759037894683002}]}, {"column_name": "Strong Family-Community Ties - Percent Positive", "number_non_empty_cells": 58, "number_empty_cells": 2, "number_distinct_values": 21, "frequent_values": [0.83, 0.85, 0.81, 0.82, 0.84], "dataTypes": [{"type": "REAL", "count": 58, "max_value": 0.97, "min_value": 0.71, "mean": 0.8325862068965514, "stddev": 0.04939497199134904}]}, {"column_name": "Trust - Percent Positive", "number_non_empty_cells": 58, "number_empty_cells": 2, "number_distinct_values": 15, "frequent_values": [0.93, 0.89, 0.91, 0.88, 0.95], "dataTypes": [{"type": "REAL", "count": 58, "max_value": 0.98, "min_value": 0.83, "mean": 0.9091379310344827, "stddev": 0.03715227206857358}]}, {"column_name": "Quality Review - How interesting and challenging is the curriculum?", "number_non_empty_cells": 57, "number_empty_cells": 3, "number_distinct_values": 3, "frequent_values": ["Well Developed", "Proficient", null], "dataTypes": [{"type": "TEXT", "count": 57, "shortest_values": [["Proficient", 10], ["Proficient", 10], ["Proficient", 10], ["Proficient", 10], ["Proficient", 10]], "longest_values": [["Well Developed", 14], ["Well Developed", 14], ["Well Developed", 14], ["Well Developed", 14], ["Well Developed", 14]], "average_length": 12.877192982456137}]}, {"column_name": "Quality Review - How effective is the teaching and learning?", "number_non_empty_cells": 57, "number_empty_cells": 3, "number_distinct_values": 4, "frequent_values": ["Well Developed", "Proficient", "Developing", null], "dataTypes": [{"type": "TEXT", "count": 57, "shortest_values": [["Proficient", 10], ["Proficient", 10], ["Proficient", 10], ["Proficient", 10], ["Developing", 10]], "longest_values": [["Well Developed", 14], ["Well Developed", 14], ["Well Developed", 14], ["Well Developed", 14], ["Well Developed", 14]], "average_length": 11.964912280701755}]}, {"column_name": "Quality Review - How well does the school assess what students are learning?", "number_non_empty_cells": 57, "number_empty_cells": 3, "number_distinct_values": 4, "frequent_values": ["Proficient", "Well Developed", "Developing", null], "dataTypes": [{"type": "TEXT", "count": 57, "shortest_values": [["Proficient", 10], ["Proficient", 10], ["Proficient", 10], ["Proficient", 10], ["Proficient", 10]], "longest_values": [["Well Developed", 14], ["Well Developed", 14], ["Well Developed", 14], ["Well Developed", 14], ["Well Developed", 14]], "average_length": 11.473684210526315}]}, {"column_name": "Quality Review - How well do teachers work with each other?", "number_non_empty_cells": 57, "number_empty_cells": 3, "number_distinct_values": 3, "frequent_values": ["Well Developed", "Proficient", null], "dataTypes": [{"type": "TEXT", "count": 57, "shortest_values": [["Proficient", 10], ["Proficient", 10], ["Proficient", 10], ["Proficient", 10], ["Proficient", 10]], "longest_values": [["Well Developed", 14], ["Well Developed", 14], ["Well Developed", 14], ["Well Developed", 14], ["Well Developed", 14]], "average_length": 12.807017543859653}]}, {"column_name": "Quality Review - How clearly are high expectations communicated to students and staff?", "number_non_empty_cells": 57, "number_empty_cells": 3, "number_distinct_values": 4, "frequent_values": ["Well Developed", "Proficient", "Developing", null], "dataTypes": [{"type": "TEXT", "count": 57, "shortest_values": [["Proficient", 10], ["Proficient", 10], ["Proficient", 10], ["Developing", 10], ["Proficient", 10]], "longest_values": [["Well Developed", 14], ["Well Developed", 14], ["Well Developed", 14], ["Well Developed", 14], ["Well Developed", 14]], "average_length": 12.947368421052632}]}, {"column_name": "Quality Review - Dates of Review", "number_non_empty_cells": 57, "number_empty_cells": 3, "number_distinct_values": 58, "frequent_values": ["March 24-26, 2014", "December 15-16, 2014", "2015-01-08T00:00:00.000", "2015-03-26T00:00:00.000", "2015-05-20T00:00:00.000"], "dataTypes": [{"type": "DATE/TIME", "count": 53, "max_value": "2031-01-29T20:13:00", "min_value": "2003-12-02T20:14:00"}, {"type": "TEXT", "count": 4, "shortest_values": [["April 29-May 1, 2013", 20], ["March 31-April 1, 2015", 22], ["February 25 & 26, 2015", 22], ["April 29 - May 1, 2013", 22]], "longest_values": [["March 31-April 1, 2015", 22], ["February 25 & 26, 2015", 22], ["April 29 - May 1, 2013", 22], ["April 29-May 1, 2013", 20]], "average_length": 21.5}]}, {"column_name": "Percent English Language Learners", "number_non_empty_cells": 59, "number_empty_cells": 1, "number_distinct_values": 55, "frequent_values": [0.181, 0.208, 0.123, 0.109, 0.324], "dataTypes": [{"type": "REAL", "count": 59, "max_value": 0.447, "min_value": 0.017, "mean": 0.19364406779661017, "stddev": 0.10017709111095725}]}, {"column_name": "Percent Students with Disabilities", "number_non_empty_cells": 59, "number_empty_cells": 1, "number_distinct_values": 21, "frequent_values": [1.0, 0.997, 0.996, 0.998, 0.995], "dataTypes": [{"type": "REAL", "count": 59, "max_value": 1.0, "min_value": 0.354, "mean": 0.9774406779661016, "stddev": 0.08733536981017109}]}, {"column_name": "Percent Self-Contained", "number_non_empty_cells": 59, "number_empty_cells": 1, "number_distinct_values": 53, "frequent_values": [0.793, 0.942, 0.833, 0.907, 0.858], "dataTypes": [{"type": "REAL", "count": 59, "max_value": 0.957, "min_value": 0.063, "mean": 0.8417118644067797, "stddev": 0.171022255549195}]}, {"column_name": "Economic Need Index", "number_non_empty_cells": 59, "number_empty_cells": 1, "number_distinct_values": 52, "frequent_values": [0.716, 0.769, 0.668, 0.819, 0.837], "dataTypes": [{"type": "REAL", "count": 59, "max_value": 0.852, "min_value": 0.314, "mean": 0.7204576271186441, "stddev": 0.10117334043466397}]}, {"column_name": "Percent in Temp Housing", "number_non_empty_cells": 52, "number_empty_cells": 8, "number_distinct_values": 47, "frequent_values": [0.03, 0.052, 0.167, 0.0, 0.119], "dataTypes": [{"type": "REAL", "count": 52, "max_value": 0.433, "min_value": 0.0, "mean": 0.1244230769230769, "stddev": 0.08914343371863082}]}, {"column_name": "Percent HRA Eligible", "number_non_empty_cells": 52, "number_empty_cells": 8, "number_distinct_values": 49, "frequent_values": [0.633, 0.667, 0.693, 0.647, 0.0], "dataTypes": [{"type": "REAL", "count": 52, "max_value": 0.8, "min_value": 0.0, "mean": 0.5904615384615386, "stddev": 0.14301982938611393}]}, {"column_name": "Percent Asian", "number_non_empty_cells": 59, "number_empty_cells": 1, "number_distinct_values": 51, "frequent_values": [0.009, 0.15, 0.125, 0.022, 0.01], "dataTypes": [{"type": "REAL", "count": 59, "max_value": 0.225, "min_value": 0.0, "mean": 0.07161016949152545, "stddev": 0.06384621803676699}]}, {"column_name": "Percent Black", "number_non_empty_cells": 59, "number_empty_cells": 1, "number_distinct_values": 53, "frequent_values": [0.341, 0.324, 0.467, 0.434, 0.317], "dataTypes": [{"type": "REAL", "count": 59, "max_value": 0.755, "min_value": 0.122, "mean": 0.3861864406779662, "stddev": 0.13625256639800626}]}, {"column_name": "Percent Hispanic", "number_non_empty_cells": 59, "number_empty_cells": 1, "number_distinct_values": 55, "frequent_values": [0.38, 0.597, 0.291, 0.227, 0.465], "dataTypes": [{"type": "REAL", "count": 59, "max_value": 0.628, "min_value": 0.192, "mean": 0.3852033898305083, "stddev": 0.13302896073896364}]}, {"column_name": "Percent White", "number_non_empty_cells": 59, "number_empty_cells": 1, "number_distinct_values": 53, "frequent_values": [0.5, 0.036, 0.035, 0.194, 0.129], "dataTypes": [{"type": "REAL", "count": 59, "max_value": 0.532, "min_value": 0.023, "mean": 0.14196610169491525, "stddev": 0.12636092590934758}]}, {"column_name": "Years of principal experience at this school", "number_non_empty_cells": 58, "number_empty_cells": 2, "number_distinct_values": 42, "frequent_values": [9.0, 3.0, 5.8, 7.0, 8.8], "dataTypes": [{"type": "REAL", "count": 58, "max_value": 26.8, "min_value": 0.3, "mean": 7.6068965517241365, "stddev": 5.089165708639099}]}, {"column_name": "Percent of teachers with 3 or more years of experience", "number_non_empty_cells": 58, "number_empty_cells": 2, "number_distinct_values": 55, "frequent_values": [0.78, 0.705, 0.713, 0.806, 0.744], "dataTypes": [{"type": "REAL", "count": 58, "max_value": 0.952, "min_value": 0.27, "mean": 0.7330172413793103, "stddev": 0.11602816117431777}]}, {"column_name": "Average Change in Student Attendance", "number_non_empty_cells": 59, "number_empty_cells": 1, "number_distinct_values": 38, "frequent_values": [0.008, 0.005, 0.006, 0.01, -0.003], "dataTypes": [{"type": "REAL", "count": 59, "max_value": 0.036, "min_value": -0.092, "mean": -0.0024237288135593223, "stddev": 0.024122711283254866}]}, {"column_name": "Teacher Attendance Rate", "number_non_empty_cells": 58, "number_empty_cells": 2, "number_distinct_values": 26, "frequent_values": [0.955, 0.956, 0.953, 0.967, 0.966], "dataTypes": [{"type": "REAL", "count": 58, "max_value": 0.986, "min_value": 0.939, "mean": 0.9582586206896551, "stddev": 0.007698097267882421}]}]}