{"dataset_name": "/user/hm74/NYCOpenData/7299-2etw.tsv.gz", "columns": [{"column_name": "Day & Date", "number_non_empty_cells": 19, "number_empty_cells": 0, "number_distinct_values": 14, "frequent_values": ["Maintenance Crews - Potholes\"", "Thursday, 10/23/2014", "Tuesday, 10/21/2014", "Monday, 10/20/2014", "Wednesday, 10/22/2014"], "dataTypes": [{"type": "DATE/TIME", "count": 9, "max_value": "2014-10-25T00:00:00", "min_value": "2014-10-19T00:00:00"}, {"type": "TEXT", "count": 10, "shortest_values": [["Maintenance Crews - Potholes\"", 29], ["Maintenance Crews - Potholes\"", 29], ["Maintenance Crews - Potholes\"", 29], ["Maintenance Crews \u2013 Potholes\"", 29], ["Maintenance Crews - Potholes\"", 29]], "longest_values": [["Washington Ave (East Tremont Ave to Cross Bronx Expressway)", 59], ["E 175 St (Third Ave/Cross Bronx Expressway to Webster Ave)", 58], ["E 180 St (Southern Blvd to Crotona Ave)\"", 40], ["E 180 St (Southern Blvd to Crotona Ave)", 39], ["E 176 St (Park Ave to Third Ave)\"", 33]], "average_length": 37.400000000000006}]}, {"column_name": "Sa#", "number_non_empty_cells": 14, "number_empty_cells": 5, "number_distinct_values": 6, "frequent_values": ["6", "X2014-03-01", "X2014-06-04", "X2014-06-02", "X2014-06-03"], "dataTypes": [{"type": "INTEGER (LONG)", "count": 7, "max_value": 6, "min_value": 6, "mean": 6.0, "stddev": 0.0}, {"type": "TEXT", "count": 7, "shortest_values": [["X2014-06-02", 11], ["X2014-06-02", 11], ["X2014-03-01", 11], ["X2014-03-01", 11], ["X2014-06-03", 11]], "longest_values": [["X2014-06-02", 11], ["X2014-06-02", 11], ["X2014-03-01", 11], ["X2014-03-01", 11], ["X2014-06-03", 11]], "average_length": 11.0}]}, {"column_name": "Location", "number_non_empty_cells": 16, "number_empty_cells": 3, "number_distinct_values": 8, "frequent_values": ["Mount Hope", "1 Milling Crew", "Tremont", "No Work", "E 175 St (Third Ave/Cross Bronx Expressway to Webster Ave)"], "dataTypes": [{"type": "TEXT", "count": 16, "shortest_values": [["No Work", 7], ["Tremont", 7], ["Tremont", 7], ["No Work", 7], ["Mount Hope", 10]], "longest_values": [["Washington Ave (East Tremont Ave to Cross Bronx Expressway)", 59], ["E 175 St (Third Ave/Cross Bronx Expressway to Webster Ave)", 58], ["1 Milling  Crew", 15], ["1 Milling Crew", 14], ["1 Milling Crew", 14]], "average_length": 16.625}]}, {"column_name": "CB", "number_non_empty_cells": 0, "number_empty_cells": 19, "number_distinct_values": 1, "frequent_values": [null], "dataTypes": []}, {"column_name": "Area", "number_non_empty_cells": 0, "number_empty_cells": 19, "number_distinct_values": 1, "frequent_values": [null], "dataTypes": []}]}