{"dataset_name": "/user/hm74/NYCOpenData/72db-huua.tsv.gz", "columns": [{"column_name": "Grade", "number_non_empty_cells": 98, "number_empty_cells": 0, "number_distinct_values": 7, "frequent_values": ["7", "3", "8", "5", "6"], "dataTypes": [{"type": "INTEGER (LONG)", "count": 84, "max_value": 8, "min_value": 3, "mean": 5.5, "stddev": 1.7078251276599334}, {"type": "TEXT", "count": 14, "shortest_values": [["All Grades", 10], ["All Grades", 10], ["All Grades", 10], ["All Grades", 10], ["All Grades", 10]], "longest_values": [["All Grades", 10], ["All Grades", 10], ["All Grades", 10], ["All Grades", 10], ["All Grades", 10]], "average_length": 10.0}]}, {"column_name": "Year", "number_non_empty_cells": 98, "number_empty_cells": 0, "number_distinct_values": 7, "frequent_values": [2007, 2006, 2012, 2009, 2010], "dataTypes": [{"type": "INTEGER (LONG)", "count": 98, "max_value": 2012, "min_value": 2006, "mean": 2009.0000000000002, "stddev": 1.9999999999999971}]}, {"column_name": "Demographic", "number_non_empty_cells": 98, "number_empty_cells": 0, "number_distinct_values": 2, "frequent_values": ["ELL", "EP"], "dataTypes": [{"type": "TEXT", "count": 98, "shortest_values": [["EP", 2], ["EP", 2], ["EP", 2], ["EP", 2], ["EP", 2]], "longest_values": [["ELL", 3], ["ELL", 3], ["ELL", 3], ["ELL", 3], ["ELL", 3]], "average_length": 2.5000000000000018}]}, {"column_name": "Number Tested", "number_non_empty_cells": 98, "number_empty_cells": 0, "number_distinct_values": 98, "frequent_values": [7168, 4364, 59189, 7726, 7634], "dataTypes": [{"type": "INTEGER (LONG)", "count": 98, "max_value": 382293, "min_value": 2233, "mean": 59522.85714285715, "stddev": 88859.08063700108}]}, {"column_name": "Mean Scale Score", "number_non_empty_cells": 98, "number_empty_cells": 0, "number_distinct_values": 55, "frequent_values": [664, 663, 662, 643, 642], "dataTypes": [{"type": "INTEGER (LONG)", "count": 98, "max_value": 675, "min_value": 597, "mean": 645.7755102040817, "stddev": 19.30397580506535}]}, {"column_name": "Num Level 1", "number_non_empty_cells": 98, "number_empty_cells": 0, "number_distinct_values": 97, "frequent_values": [971, 7331, 883, 8482, 6933], "dataTypes": [{"type": "INTEGER (LONG)", "count": 98, "max_value": 41411, "min_value": 71, "mean": 5976.551020408163, "stddev": 7617.113585200493}]}, {"column_name": "Pct Level 1", "number_non_empty_cells": 98, "number_empty_cells": 0, "number_distinct_values": 90, "frequent_values": [9.6, 8.4, 9.3, 1.7, 6.9], "dataTypes": [{"type": "REAL", "count": 98, "max_value": 53.4, "min_value": 0.1, "mean": 19.501020408163257, "stddev": 16.030089658793898}]}, {"column_name": "Num Level 2", "number_non_empty_cells": 98, "number_empty_cells": 0, "number_distinct_values": 98, "frequent_values": [143032, 17809, 5907, 5157, 21484], "dataTypes": [{"type": "INTEGER (LONG)", "count": 98, "max_value": 151203, "min_value": 762, "mean": 22856.081632653062, "stddev": 32946.23577169247}]}, {"column_name": "Pct Level 2", "number_non_empty_cells": 98, "number_empty_cells": 0, "number_distinct_values": 86, "frequent_values": [49.5, 54.5, 34.1, 43.6, 33.5], "dataTypes": [{"type": "REAL", "count": 98, "max_value": 76.0, "min_value": 19.9, "mean": 44.141836734693875, "stddev": 11.943984255335897}]}, {"column_name": "Num Level 3", "number_non_empty_cells": 98, "number_empty_cells": 0, "number_distinct_values": 97, "frequent_values": [358, 29600, 180027, 857, 5452], "dataTypes": [{"type": "INTEGER (LONG)", "count": 98, "max_value": 242686, "min_value": 157, "mean": 27834.285714285717, "stddev": 46957.17048262911}]}, {"column_name": "Pct Level 3", "number_non_empty_cells": 98, "number_empty_cells": 0, "number_distinct_values": 93, "frequent_values": [45.7, 48.4, 5.1, 16.1, 56.6], "dataTypes": [{"type": "REAL", "count": 98, "max_value": 71.5, "min_value": 2.3, "mean": 33.48469387755104, "stddev": 20.2572755992065}]}, {"column_name": "Num Level 4", "number_non_empty_cells": 98, "number_empty_cells": 0, "number_distinct_values": 81, "frequent_values": [2, 1, 4, 0, 5], "dataTypes": [{"type": "INTEGER (LONG)", "count": 98, "max_value": 29675, "min_value": 0, "mean": 2855.9387755102043, "stddev": 5342.006257333888}]}, {"column_name": "Pct Level 4", "number_non_empty_cells": 98, "number_empty_cells": 0, "number_distinct_values": 46, "frequent_values": [0.0, 0.1, 0.2, 0.5, 4.7], "dataTypes": [{"type": "REAL", "count": 98, "max_value": 15.0, "min_value": 0.0, "mean": 2.8663265306122443, "stddev": 3.2912048497116553}]}, {"column_name": "Num Level 3 and 4", "number_non_empty_cells": 98, "number_empty_cells": 0, "number_distinct_values": 98, "frequent_values": [471, 35371, 47457, 30837, 322], "dataTypes": [{"type": "INTEGER (LONG)", "count": 98, "max_value": 267634, "min_value": 160, "mean": 30690.22448979592, "stddev": 51859.34045786848}]}, {"column_name": "Pct Level 3 and 4", "number_non_empty_cells": 98, "number_empty_cells": 0, "number_distinct_values": 94, "frequent_values": [38.8, 48.8, 62.4, 5.1, 46.4], "dataTypes": [{"type": "REAL", "count": 98, "max_value": 79.5, "min_value": 2.3, "mean": 36.354081632653056, "stddev": 22.68042025475082}]}]}