{"dataset_name": "/user/hm74/NYCOpenData/72mk-a8z7.tsv.gz", "columns": [{"column_name": "ORGANIZATION_NAME", "number_non_empty_cells": 8408, "number_empty_cells": 883, "number_distinct_values": 9268, "frequent_values": ["THE EXECU SEARCH GROUP LLC", "BOSTON TRUST & INVESTMENT MANAGEMENT COMPANY", "SCHOOL DATA CORP", "94TH AVENUE JAMAICA LLC", "EMC CORPORATION"], "dataTypes": [{"type": "TEXT", "count": 9291, "shortest_values": [["MCO", 3], ["UAP", 3], ["AARP", 4], ["CALL", 4], ["WNET", 4]], "longest_values": [["PLEASE SELECT ONE OF THE FOLLOWING OPTIONS TO VERIFY THAT YOU WILL BE SENDING PROOF OF CORPORATE FIL", 100], ["HIGHWAY ROAD AND STREET CONSTRUCTION LABORERS LOCAL UNION 1010 PAVERS AND ROAD BUILDERS DISTRICT COU", 100], ["QUALITY EVALUATION & PSYCHOLOGY OCCUPATIONAL PHYSICAL & SPEECH THERAPY CONSULTING SERVICES PLLC", 95], ["IBI GROUP- GRUZEN SAMTON ARCHITECTS  ENGINEERS & LANDSCAPE ARCHITECTS  A NY GENERAL PARTNERSHIP", 95], ["HEIGHTS HILL MENTAL HEALTH SERVICE SOUTH BEACH PSYCHIATRIC CENTER COMMUNITY ADVISORY BOARD INC", 94]], "average_length": 27.151759767516836}]}, {"column_name": "OWNERSHIP_STRUCTURE_CODE", "number_non_empty_cells": 9288, "number_empty_cells": 3, "number_distinct_values": 12, "frequent_values": ["COR", "LLC", "PAR", "OTH", "IND"], "dataTypes": [{"type": "TEXT", "count": 9288, "shortest_values": [["COR", 3], ["LLC", 3], ["OTH", 3], ["LLC", 3], ["COR", 3]], "longest_values": [["COR", 3], ["LLC", 3], ["OTH", 3], ["LLC", 3], ["COR", 3]], "average_length": 3.0}]}, {"column_name": "ORGANIZATION_PHONE", "number_non_empty_cells": 9017, "number_empty_cells": 274, "number_distinct_values": 7923, "frequent_values": ["9148333000", "2122439090", "5162779325", "7188758160", "2124215333"], "dataTypes": [{"type": "INTEGER (LONG)", "count": 8994, "max_value": 91476087763, "min_value": 705250, "mean": 5314987396.604969, "stddev": 2729008323.546954}, {"type": "TEXT", "count": 23, "shortest_values": [["646.354.8962", 12], ["914.563.1979", 12], ["(845) 7354658", 13], ["7183459500X305", 14], ["4138638288X118", 14]], "longest_values": [["718 392 6457 X 116", 18], ["800 336 3762 X2030", 18], ["949 268 1865 X301", 17], ["9739483000 X2576", 16], ["7606923700 X760", 15]], "average_length": 14.82608695652174}]}, {"column_name": "DOING_BUSINESS_START_DATE", "number_non_empty_cells": 9272, "number_empty_cells": 19, "number_distinct_values": 1123, "frequent_values": ["02/02/2008", "07/31/2008", "12/03/2008", "12/01/2018", "12/01/2012"], "dataTypes": [{"type": "DATE/TIME", "count": 9272, "max_value": "2019-08-29T00:00:00", "min_value": "2008-02-02T00:00:00"}]}]}