{"dataset_name": "/user/hm74/NYCOpenData/72vt-ykjc.tsv.gz", "columns": [{"column_name": "TaxIncentiveDWID", "number_non_empty_cells": 173, "number_empty_cells": 0, "number_distinct_values": 156, "frequent_values": [4166, 4498, 4176, 4172, 4157], "dataTypes": [{"type": "INTEGER (LONG)", "count": 173, "max_value": 6177, "min_value": 2689, "mean": 4800.063583815028, "stddev": 564.4091816056845}]}, {"column_name": "ProjectID", "number_non_empty_cells": 173, "number_empty_cells": 0, "number_distinct_values": 156, "frequent_values": [44285, 54838, 49570, 48908, 44340], "dataTypes": [{"type": "INTEGER (LONG)", "count": 173, "max_value": 66929, "min_value": 44218, "mean": 52852.00000000001, "stddev": 6247.664456104323}]}, {"column_name": "TaxIncentiveName", "number_non_empty_cells": 173, "number_empty_cells": 0, "number_distinct_values": 2, "frequent_values": ["Article XI", "UDAAP"], "dataTypes": [{"type": "TEXT", "count": 173, "shortest_values": [["UDAAP", 5], ["UDAAP", 5], ["UDAAP", 5], ["UDAAP", 5], ["UDAAP", 5]], "longest_values": [["Article XI", 10], ["Article XI", 10], ["Article XI", 10], ["Article XI", 10], ["Article XI", 10]], "average_length": 9.075144508670512}]}, {"column_name": "Year1Amount", "number_non_empty_cells": 173, "number_empty_cells": 0, "number_distinct_values": 154, "frequent_values": [1000.0, 73574.0, 3700.0, 3398.0, 712664.0], "dataTypes": [{"type": "REAL", "count": 173, "max_value": 8775078.0, "min_value": 150.0, "mean": 461698.1815028901, "stddev": 966716.5915204177}]}]}