{"dataset_name": "/user/hm74/NYCOpenData/73bd-vkmx.tsv.gz", "columns": [{"column_name": "PROGRAM TYPE", "number_non_empty_cells": 45, "number_empty_cells": 0, "number_distinct_values": 30, "frequent_values": ["Jobs & Internships", "Bronx, NEW YORK 10455", "Brooklyn, NEW YORK 11205", "Bronx, NEW YORK 10474", "(40.81317283679, -73.885202712578)\""], "dataTypes": [{"type": "TEXT", "count": 45, "shortest_values": [["NEW YORK 10301", 14], ["Jobs & Internships", 18], ["Jobs & Internships", 18], ["Jobs & Internships", 18], ["Jobs & Internships", 18]], "longest_values": [["(40.691240660643, -73.952776188341)\"", 36], ["(40.646077795287, -73.879950181902)\"", 36], ["(40.877047912132, -73.871532500824)\"", 36], ["(40.704730537808, -73.919962038937)\"", 36], ["(40.745702449808, -73.938669029252)\"", 36]], "average_length": 25.355555555555554}]}, {"column_name": "PROGRAM", "number_non_empty_cells": 30, "number_empty_cells": 15, "number_distinct_values": 17, "frequent_values": ["Young Adult Internship Program", "1477 Fulton Street", "117-01 Baisley Blvd. ", "82 Wyckoff Avenue", "1460 Pennsylvannia avenue"], "dataTypes": [{"type": "TEXT", "count": 30, "shortest_values": [["585 DeKalb Avenue", 17], ["82 Wyckoff Avenue", 17], ["647 Bryant Avenue", 17], ["25 Thornton Street", 18], ["367 Madison Street", 18]], "longest_values": [["163-18 Jamaica Avenue, 7th Floor", 32], ["391 East 149th Street, Suite 520", 32], ["29-10 Thomson Avenue, Room 232I", 31], ["Young Adult Internship Program", 30], ["Young Adult Internship Program", 30]], "average_length": 26.233333333333334}]}, {"column_name": "SITE NAME", "number_non_empty_cells": 30, "number_empty_cells": 15, "number_distinct_values": 30, "frequent_values": ["10455", "Wildcat Service Corporation", "11205", "11237", "11239"], "dataTypes": [{"type": "INTEGER (LONG)", "count": 15, "max_value": 11434, "min_value": 10002, "mean": 10817.266666666665, "stddev": 496.61258765985986}, {"type": "TEXT", "count": 15, "shortest_values": [["Bronx Works Center", 18], ["The Child Center of NY", 22], ["Good Shepherd Services", 22], ["Henry Street Settlement", 23], ["NYSARC, Inc. NYC Chapter", 24]], "longest_values": [["Federation Employment & Guidance Services, Inc", 46], ["Southern Queens Park Association - NY", 37], ["Italian American Civil Rights League", 36], ["Mosholu Montefiore Community Center", 35], ["Career Connections @ LaGuardia CC", 33]], "average_length": 28.53333333333333}]}, {"column_name": "BOROUGH / COMMUNITY", "number_non_empty_cells": 28, "number_empty_cells": 17, "number_distinct_values": 19, "frequent_values": ["Brooklyn", "Bronx", "Queens", "Manhattan", "40.701018"], "dataTypes": [{"type": "REAL", "count": 13, "max_value": 40.816205, "min_value": 40.642992, "mean": 40.72847761538462, "stddev": 0.06024316063515966}, {"type": "TEXT", "count": 15, "shortest_values": [["Bronx", 5], ["Bronx", 5], ["Bronx", 5], ["Bronx", 5], ["Queens", 6]], "longest_values": [["Staten Island", 13], ["Manhattan", 9], ["Manhattan", 9], ["Brooklyn", 8], ["Brooklyn", 8]], "average_length": 7.266666666666667}]}, {"column_name": "AGENCY", "number_non_empty_cells": 28, "number_empty_cells": 17, "number_distinct_values": 29, "frequent_values": ["The Child Center of NY, Inc", "-73.919855", "The Citizens Advice Bureau", "Vannguard Urban Improvement Assciation", "-73.879786"], "dataTypes": [{"type": "REAL", "count": 13, "max_value": -73.796524, "min_value": -74.076954, "mean": -73.93005207692308, "stddev": 0.06078380740658078}, {"type": "TEXT", "count": 15, "shortest_values": [["Arbor - NY", 10], ["Good Shepherd Services", 22], ["Henkels & McCoy, Inc. ", 22], ["Henry Street Settlement", 23], ["NYSARC, Inc. NYC Chapter", 24]], "longest_values": [["Federation Employment & Guidance Services, Inc", 46], ["Supportive Children's Advocacy Network - NY", 43], ["Vannguard Urban Improvement Assciation", 38], ["Southern Queens Park Association - NY", 37], ["Italian American Civil Rights League", 36]], "average_length": 30.066666666666666}]}, {"column_name": "Contact Number", "number_non_empty_cells": 28, "number_empty_cells": 17, "number_distinct_values": 23, "frequent_values": ["1", "3", "2", "718.387.1600 x12", "11"], "dataTypes": [{"type": "INTEGER (LONG)", "count": 13, "max_value": 12, "min_value": 1, "mean": 3.76923076923077, "stddev": 3.511603757081024}, {"type": "TEXT", "count": 15, "shortest_values": [["718.623.4031", 12], ["718.642.2180", 12], ["347.571.2441", 12], ["718.652.0282", 12], ["718.366.7240", 12]], "longest_values": [["718.276.4630 ext.126", 20], ["718.387.1600 x12", 16], ["718.623.4031", 12], ["718.642.2180", 12], ["347.571.2441", 12]], "average_length": 12.8}]}, {"column_name": "Grade Level / Age Group ", "number_non_empty_cells": 28, "number_empty_cells": 17, "number_distinct_values": 12, "frequent_values": ["16 to 24", "17", "33", "8", "42"], "dataTypes": [{"type": "INTEGER (LONG)", "count": 13, "max_value": 49, "min_value": 2, "mean": 25.76923076923077, "stddev": 13.840597175610409}, {"type": "TEXT", "count": 15, "shortest_values": [["16 to 24", 8], ["16 to 24", 8], ["16 to 24", 8], ["16 to 24", 8], ["16 to 24", 8]], "longest_values": [["16 to 24", 8], ["16 to 24", 8], ["16 to 24", 8], ["16 to 24", 8], ["16 to 24", 8]], "average_length": 8.0}]}, {"column_name": "Location 1", "number_non_empty_cells": 28, "number_empty_cells": 17, "number_distinct_values": 29, "frequent_values": ["163 18 Jamaica Avenue", "3", "307 116th Street", "188", "120 Stuyvesant Place Staten Island"], "dataTypes": [{"type": "INTEGER (LONG)", "count": 13, "max_value": 105804, "min_value": 1, "mean": 11727.846153846154, "stddev": 29608.16043137732}, {"type": "TEXT", "count": 15, "shortest_values": [["307 116th Street", 16], ["391 149th Street", 16], ["585 DeKalb Avenue", 17], ["82 Wyckoff Avenue", 17], ["647 Bryant Avenue", 17]], "longest_values": [["120 Stuyvesant Place Staten Island", 34], ["1460 Pennsylvannia avenue", 25], ["412 434 East 147th Street", 25], ["3512 3450 DeKalb Avenue", 23], ["163 18 Jamaica Avenue", 21]], "average_length": 20.266666666666666}]}, {"column_name": "Number and Street Address", "number_non_empty_cells": 13, "number_empty_cells": 32, "number_distinct_values": 14, "frequent_values": [3073648, 1083405, 4216197, 1079357, 2000506], "dataTypes": [{"type": "INTEGER (LONG)", "count": 13, "max_value": 5000084, "min_value": 1079357, "mean": 2873367.1538461535, "stddev": 1131898.184450544}]}, {"column_name": "Postcode", "number_non_empty_cells": 13, "number_empty_cells": 32, "number_distinct_values": 14, "frequent_values": [5000080060, 2027660074, 3022750021, 2022910012, 1002670024], "dataTypes": [{"type": "INTEGER (LONG)", "count": 13, "max_value": 5000080060, "min_value": 1002670024, "mean": 2794890026.5384617, "stddev": 1124982994.2607632}]}, {"column_name": "Latitude", "number_non_empty_cells": 13, "number_empty_cells": 32, "number_distinct_values": 12, "frequent_values": ["Bedford                                                                    ", "Lower East Side                                                            ", "Melrose South-Mott Haven North                                             ", "East Harlem North                                                          ", "Starrett City"], "dataTypes": [{"type": "TEXT", "count": 13, "shortest_values": [["Starrett City", 13], ["Bedford                                                                    ", 75], ["Jamaica                                                                    ", 75], ["Bushwick North                                                             ", 75], ["Hunters Point-Sunnyside-West Maspeth                                       ", 75]], "longest_values": [["Bedford                                                                    ", 75], ["Jamaica                                                                    ", 75], ["Bushwick North                                                             ", 75], ["Hunters Point-Sunnyside-West Maspeth                                       ", 75], ["West New Brighton-New Brighton-St. George                                  ", 75]], "average_length": 70.23076923076924}]}, {"column_name": "Longitude", "number_non_empty_cells": 0, "number_empty_cells": 45, "number_distinct_values": 1, "frequent_values": [null], "dataTypes": []}, {"column_name": "Community Board", "number_non_empty_cells": 0, "number_empty_cells": 45, "number_distinct_values": 1, "frequent_values": [null], "dataTypes": []}, {"column_name": "Community Council ", "number_non_empty_cells": 0, "number_empty_cells": 45, "number_distinct_values": 1, "frequent_values": [null], "dataTypes": []}, {"column_name": "Census Tract", "number_non_empty_cells": 0, "number_empty_cells": 45, "number_distinct_values": 1, "frequent_values": [null], "dataTypes": []}, {"column_name": "BIN", "number_non_empty_cells": 0, "number_empty_cells": 45, "number_distinct_values": 1, "frequent_values": [null], "dataTypes": []}, {"column_name": "BBL", "number_non_empty_cells": 0, "number_empty_cells": 45, "number_distinct_values": 1, "frequent_values": [null], "dataTypes": []}, {"column_name": "NTA", "number_non_empty_cells": 0, "number_empty_cells": 45, "number_distinct_values": 1, "frequent_values": [null], "dataTypes": []}]}