{"dataset_name": "/user/hm74/NYCOpenData/7479-ugqb.tsv.gz", "columns": [{"column_name": "INMATEID", "number_non_empty_cells": 7223, "number_empty_cells": 0, "number_distinct_values": 7223, "frequent_values": [20192356, 87120, 94851, 20206647, 20205757], "dataTypes": [{"type": "INTEGER (LONG)", "count": 7223, "max_value": 20207275, "min_value": 140, "mean": 13369931.090267178, "stddev": 9366004.196121909}]}, {"column_name": "ADMITTED_DT", "number_non_empty_cells": 7223, "number_empty_cells": 0, "number_distinct_values": 7205, "frequent_values": ["06/14/2019 12:38:00 AM", "09/13/2019 12:58:00 AM", "09/16/2019 11:39:00 PM", "09/19/2019 12:35:00 PM", "09/25/2019 08:04:00 PM"], "dataTypes": [{"type": "DATE/TIME", "count": 7223, "max_value": "2019-09-28T02:00:45", "min_value": "1991-11-22T10:54:23"}]}, {"column_name": "DISCHARGED_DT", "number_non_empty_cells": 0, "number_empty_cells": 7223, "number_distinct_values": 1, "frequent_values": [null], "dataTypes": []}, {"column_name": "CUSTODY_LEVEL", "number_non_empty_cells": 7056, "number_empty_cells": 167, "number_distinct_values": 4, "frequent_values": ["MED", "MAX", "MIN", null], "dataTypes": [{"type": "TEXT", "count": 7056, "shortest_values": [["MIN", 3], ["MAX", 3], ["MAX", 3], ["MAX", 3], ["MED", 3]], "longest_values": [["MIN", 3], ["MAX", 3], ["MAX", 3], ["MAX", 3], ["MED", 3]], "average_length": 3.0}]}, {"column_name": "BRADH", "number_non_empty_cells": 7223, "number_empty_cells": 0, "number_distinct_values": 2, "frequent_values": ["N", "Y"], "dataTypes": [{"type": "TEXT", "count": 7223, "shortest_values": [["Y", 1], ["N", 1], ["N", 1], ["Y", 1], ["N", 1]], "longest_values": [["Y", 1], ["N", 1], ["N", 1], ["Y", 1], ["N", 1]], "average_length": 1.0}]}, {"column_name": "RACE", "number_non_empty_cells": 7202, "number_empty_cells": 21, "number_distinct_values": 7, "frequent_values": ["B", "O", "W", "A", "U"], "dataTypes": [{"type": "TEXT", "count": 7202, "shortest_values": [["W", 1], ["B", 1], ["O", 1], ["B", 1], ["O", 1]], "longest_values": [["W", 1], ["B", 1], ["O", 1], ["B", 1], ["O", 1]], "average_length": 1.0}]}, {"column_name": "GENDER", "number_non_empty_cells": 7202, "number_empty_cells": 21, "number_distinct_values": 3, "frequent_values": ["M", "F", null], "dataTypes": [{"type": "TEXT", "count": 7202, "shortest_values": [["M", 1], ["M", 1], ["M", 1], ["M", 1], ["M", 1]], "longest_values": [["M", 1], ["M", 1], ["M", 1], ["M", 1], ["M", 1]], "average_length": 1.0}]}, {"column_name": "AGE", "number_non_empty_cells": 7211, "number_empty_cells": 12, "number_distinct_values": 66, "frequent_values": [28, 29, 26, 31, 27], "dataTypes": [{"type": "INTEGER (LONG)", "count": 7211, "max_value": 91, "min_value": 17, "mean": 36.151712661212, "stddev": 12.109082322138239}]}, {"column_name": "INMATE_STATUS_CODE", "number_non_empty_cells": 7223, "number_empty_cells": 0, "number_distinct_values": 8, "frequent_values": ["DE", "DEP", "CS", "DPV", "SSR"], "dataTypes": [{"type": "TEXT", "count": 7223, "shortest_values": [["DE", 2], ["CS", 2], ["CS", 2], ["DE", 2], ["CS", 2]], "longest_values": [["SSR", 3], ["DEP", 3], ["DPV", 3], ["DEP", 3], ["DPV", 3]], "average_length": 2.254603350408424}]}, {"column_name": "SEALED", "number_non_empty_cells": 7223, "number_empty_cells": 0, "number_distinct_values": 1, "frequent_values": ["N"], "dataTypes": [{"type": "TEXT", "count": 7223, "shortest_values": [["N", 1], ["N", 1], ["N", 1], ["N", 1], ["N", 1]], "longest_values": [["N", 1], ["N", 1], ["N", 1], ["N", 1], ["N", 1]], "average_length": 1.0}]}, {"column_name": "SRG_FLG", "number_non_empty_cells": 7223, "number_empty_cells": 0, "number_distinct_values": 2, "frequent_values": ["N", "Y"], "dataTypes": [{"type": "TEXT", "count": 7223, "shortest_values": [["N", 1], ["Y", 1], ["N", 1], ["N", 1], ["N", 1]], "longest_values": [["N", 1], ["Y", 1], ["N", 1], ["N", 1], ["N", 1]], "average_length": 1.0}]}, {"column_name": "TOP_CHARGE", "number_non_empty_cells": 6229, "number_empty_cells": 994, "number_distinct_values": 265, "frequent_values": ["125.25", "160.15", "110-125.25", "120.05", "140.25"], "dataTypes": [{"type": "INTEGER (LONG)", "count": 4, "max_value": 0, "min_value": 0, "mean": 0.0, "stddev": 0.0}, {"type": "REAL", "count": 5241, "max_value": 490.2, "min_value": 105.05, "mean": 168.0758481205873, "stddev": 48.54974679248899}, {"type": "DATE/TIME", "count": 7, "max_value": "0168-12-08T00:00:00", "min_value": "0168-12-08T00:00:00"}, {"type": "TEXT", "count": 977, "shortest_values": [["CO", 2], ["CO", 2], ["CO", 2], ["CO", 2], ["CO", 2]], "longest_values": [["VTL 1192.2A", 11], ["VTL 1192.3C", 11], ["VTL 1192.2A", 11], ["110-140.20", 10], ["110-125.25", 10]], "average_length": 9.375639713408406}]}, {"column_name": "INFRACTION", "number_non_empty_cells": 7223, "number_empty_cells": 0, "number_distinct_values": 2, "frequent_values": ["N", "Y"], "dataTypes": [{"type": "TEXT", "count": 7223, "shortest_values": [["N", 1], ["Y", 1], ["Y", 1], ["Y", 1], ["N", 1]], "longest_values": [["N", 1], ["Y", 1], ["Y", 1], ["Y", 1], ["N", 1]], "average_length": 1.0}]}]}