{"dataset_name": "/user/hm74/NYCOpenData/752y-qk8b.tsv.gz", "columns": [{"column_name": "route__id", "number_non_empty_cells": 3911, "number_empty_cells": 0, "number_distinct_values": 420, "frequent_values": [250, 259, 1318, 254, 1464], "dataTypes": [{"type": "INTEGER (LONG)", "count": 3911, "max_value": 1688, "min_value": 4, "mean": 803.7616977755046, "stddev": 664.4232603995299}]}, {"column_name": "route_name", "number_non_empty_cells": 3911, "number_empty_cells": 0, "number_distinct_values": 390, "frequent_values": ["Green Streets", "Greenstreets", "McGuinness Malls", "Q Sector C Route 3", "\"M4.5 - Route 3 (\"\"District 4\"\") (ver. 4/6/16)\""], "dataTypes": [{"type": "TEXT", "count": 3911, "shortest_values": [["test", 4], ["test", 4], ["test", 4], ["test", 4], ["test", 4]], "longest_values": [["\"M1.2 - Route 5 (\"\"Washington Square Park District 2\"\") (ver. 3/15/16)\"", 71], ["\"M1.2 - Route 5 (\"\"Washington Square Park District 2\"\") (ver. 3/15/16)\"", 71], ["\"M1.2 - Route 5 (\"\"Washington Square Park District 2\"\") (ver. 3/15/16)\"", 71], ["\"M1.2 - Route 5 (\"\"Washington Square Park District 2\"\") (ver. 3/15/16)\"", 71], ["\"M1.2 - Route 5 (\"\"Washington Square Park District 2\"\") (ver. 3/15/16)\"", 71]], "average_length": 23.457683456916374}]}, {"column_name": "sector", "number_non_empty_cells": 3904, "number_empty_cells": 7, "number_distinct_values": 43, "frequent_values": ["X-SE", "B-SD", "R-SA", "X-SA", "Q-SG"], "dataTypes": [{"type": "TEXT", "count": 3904, "shortest_values": [["X-SA", 4], ["X-SA", 4], ["X-SA", 4], ["X-SA", 4], ["X-SA", 4]], "longest_values": [["B-All", 5], ["X-SA", 4], ["X-SA", 4], ["X-SA", 4], ["X-SA", 4]], "average_length": 4.000256147540991}]}, {"column_name": "property_number", "number_non_empty_cells": 3802, "number_empty_cells": 109, "number_distinct_values": 2524, "frequent_values": ["NULL", "MZ392", "M011", "X095", "M221"], "dataTypes": [{"type": "DATE/TIME", "count": 100, "max_value": "2019-12-11T00:00:37", "min_value": "2019-12-01T00:00:29"}, {"type": "TEXT", "count": 3811, "shortest_values": [["Q", 1], ["X168", 4], ["X287", 4], ["X120", 4], ["X269", 4]], "longest_values": [["R046-ZN05 & RZ296, RZ295, RZ294, RZ134", 38], ["R046-ZN04, RZ297, RZ298, RZ299, RZ302", 37], ["B169-ZN01B-BLG1141", 18], ["Q300A-ZN02-BLG0451", 18], ["M104-ZN02-BLG16211", 18]], "average_length": 6.1369719233797}]}, {"column_name": "property_sequence", "number_non_empty_cells": 3803, "number_empty_cells": 108, "number_distinct_values": 73, "frequent_values": ["1", "2", "3", "4", "5"], "dataTypes": [{"type": "INTEGER (LONG)", "count": 3803, "max_value": 75, "min_value": 1, "mean": 11.03576124112542, "stddev": 10.546406925859053}, {"type": "TEXT", "count": 108, "shortest_values": [["NULL", 4], ["NULL", 4], ["NULL", 4], ["NULL", 4], ["NULL", 4]], "longest_values": [["NULL", 4], ["NULL", 4], ["NULL", 4], ["NULL", 4], ["NULL", 4]], "average_length": 4.0}]}, {"column_name": "route_updated_date", "number_non_empty_cells": 2026, "number_empty_cells": 1885, "number_distinct_values": 176, "frequent_values": ["NULL", "2015-10-22T14:40:00.000", "2016-05-24T11:21:00.000", "2015-12-23T09:23:00.000", "2015-11-04T16:14:00.000"], "dataTypes": [{"type": "DATE/TIME", "count": 2026, "max_value": "2016-06-05T15:03:00", "min_value": "2015-10-05T11:18:00"}, {"type": "TEXT", "count": 1885, "shortest_values": [["NULL", 4], ["NULL", 4], ["NULL", 4], ["NULL", 4], ["NULL", 4]], "longest_values": [["NULL", 4], ["NULL", 4], ["NULL", 4], ["NULL", 4], ["NULL", 4]], "average_length": 4.0}]}, {"column_name": "property_updated_date", "number_non_empty_cells": 1254, "number_empty_cells": 2657, "number_distinct_values": 118, "frequent_values": ["NULL", "2016-03-02T12:47:00.000", "2016-05-24T11:21:00.000", "2016-04-12T13:59:00.000", "2015-12-23T09:25:00.000"], "dataTypes": [{"type": "DATE/TIME", "count": 1254, "max_value": "2016-06-24T15:07:00", "min_value": "2015-10-03T11:50:00"}, {"type": "TEXT", "count": 2657, "shortest_values": [["NULL", 4], ["NULL", 4], ["NULL", 4], ["NULL", 4], ["NULL", 4]], "longest_values": [["NULL", 4], ["NULL", 4], ["NULL", 4], ["NULL", 4], ["NULL", 4]], "average_length": 4.0}]}, {"column_name": "route_active", "number_non_empty_cells": 3911, "number_empty_cells": 0, "number_distinct_values": 2, "frequent_values": [1, 0], "dataTypes": [{"type": "INTEGER (LONG)", "count": 3911, "max_value": 1, "min_value": 0, "mean": 0.850421886985425, "stddev": 0.35665740020581926}]}, {"column_name": "property_active", "number_non_empty_cells": 3803, "number_empty_cells": 108, "number_distinct_values": 3, "frequent_values": ["1", "0", "NULL"], "dataTypes": [{"type": "INTEGER (LONG)", "count": 3803, "max_value": 1, "min_value": 0, "mean": 0.7780699447804356, "stddev": 0.41554434878819513}, {"type": "TEXT", "count": 108, "shortest_values": [["NULL", 4], ["NULL", 4], ["NULL", 4], ["NULL", 4], ["NULL", 4]], "longest_values": [["NULL", 4], ["NULL", 4], ["NULL", 4], ["NULL", 4], ["NULL", 4]], "average_length": 4.0}]}]}