{"dataset_name": "/user/hm74/NYCOpenData/75e9-fg2t.tsv.gz", "columns": [{"column_name": "CBO_Name", "number_non_empty_cells": 12280, "number_empty_cells": 56, "number_distinct_values": 2160, "frequent_values": ["BronxWorks, Inc.", "Chinese American Planning Council", "Phipps Community Development", "CAMBA, Inc.", "SCO Family of Services"], "dataTypes": [{"type": "TEXT", "count": 12336, "shortest_values": [["PAX", 3], ["PAX", 3], ["PAX", 3], ["PAX", 3], ["SINY", 4]], "longest_values": [["Federation of Italian-American Organizations of Queens, Inc.", 60], ["Federation of Italian-American Organizations of Queens, Inc.", 60], ["Federation of Italian-American Organizations of Queens, Inc.", 60], ["Federation of Italian-American Organizations of Queens, Inc.", 60], ["Natl Sorority Phi Delta Kappa, Beta Omicron Big Sr EASC Inc.", 60]], "average_length": 33.827496757457794}]}, {"column_name": "Program_ID", "number_non_empty_cells": 12336, "number_empty_cells": 0, "number_distinct_values": 21, "frequent_values": [518, 2802, 2835, 521, 5295], "dataTypes": [{"type": "INTEGER (LONG)", "count": 12336, "max_value": 5295, "min_value": 517, "mean": 1432.7885862516207, "stddev": 1427.3417369023655}]}, {"column_name": "Name", "number_non_empty_cells": 12336, "number_empty_cells": 0, "number_distinct_values": 21, "frequent_values": ["Tax Levy/Discretionary Group", "Out of School Time Programs", "Charter School Program", "Neighborhood Development Group", "Tax Levy/OST"], "dataTypes": [{"type": "TEXT", "count": 12336, "shortest_values": [["Cornerstone", 11], ["Cornerstone", 11], ["Cornerstone", 11], ["Cornerstone", 11], ["Cornerstone", 11]], "longest_values": [["Runaway and Homeless Youth Services Group", 41], ["Runaway and Homeless Youth Services Group", 41], ["Runaway and Homeless Youth Services Group", 41], ["Runaway and Homeless Youth Services Group", 41], ["Runaway and Homeless Youth Services Group", 41]], "average_length": 26.436446173800334}]}, {"column_name": "Fiscal_Year", "number_non_empty_cells": 12336, "number_empty_cells": 0, "number_distinct_values": 4, "frequent_values": [2013, 2012, 2010, 2011], "dataTypes": [{"type": "INTEGER (LONG)", "count": 12336, "max_value": 2013, "min_value": 2010, "mean": 2011.4999999999982, "stddev": 1.1180339887498953}]}, {"column_name": "Amount", "number_non_empty_cells": 12336, "number_empty_cells": 0, "number_distinct_values": 2285, "frequent_values": [0.0, 3500.0, 5000.0, 10000.0, 4000.0], "dataTypes": [{"type": "REAL", "count": 12336, "max_value": 5107266.0, "min_value": 0.0, "mean": 87412.83706225673, "stddev": 284797.70880703273}]}]}