{"dataset_name": "/user/hm74/NYCOpenData/767e-4ijc.tsv.gz", "columns": [{"column_name": "Agency Name", "number_non_empty_cells": 11, "number_empty_cells": 0, "number_distinct_values": 6, "frequent_values": ["Department of Finance (DOF)", "Department of Education (DOE)", "Fire Department of New York (FDNY)", "Conflict of Interest Board (COIB)", "Department of Transportation (DOT)"], "dataTypes": [{"type": "TEXT", "count": 11, "shortest_values": [["Department of Finance (DOF)", 27], ["Department of Finance (DOF)", 27], ["Department of Finance (DOF)", 27], ["Department of Finance (DOF)", 27], ["Department of Finance (DOF)", 27]], "longest_values": [["Department of Small Business Services (SBS)", 43], ["Department of Transportation (DOT)", 34], ["Fire Department of New York (FDNY)", 34], ["Conflict of Interest Board (COIB)", 33], ["Department of Education (DOE)", 29]], "average_length": 30.636363636363637}]}, {"column_name": "Dataset Title", "number_non_empty_cells": 11, "number_empty_cells": 0, "number_distinct_values": 11, "frequent_values": ["Vending Machine Operators                                             ", "School Facilities Summary", "Payments", "Operable meters", "NBAT Time to Open"], "dataTypes": [{"type": "TEXT", "count": 11, "shortest_values": [["Payments", 8], ["Operable meters", 15], ["CPRR Remittances ", 17], ["CPRR Receivables ", 17], ["NBAT Time to Open", 17]], "longest_values": [["Vending Machine Operators                                             ", 70], ["Stamping agents                              ", 45], ["Fire incident information by incident type", 42], ["Attendance by School and Year ", 30], ["School Facilities Summary", 25]], "average_length": 27.90909090909091}]}, {"column_name": "Dataset Description", "number_non_empty_cells": 11, "number_empty_cells": 0, "number_distinct_values": 10, "frequent_values": ["Mainframe file ", "This list contains information on the time it takes a client to open its doors once engaging New Business Acceleration Team", "School Facilities Summary includes: Architectural, Mechanical, and Electrical survey details, capacity and utilization data, capacity plan, active capital projects", "Attendance data reflect what has been reported via our Period Attendance Reporting (PAR) process. As additional data is reported, it will be reflected in subsequent postings. Monthly data can change as new data is reported, and overall register numbers are expected to decrease each year once audited numbers are finalized. CBOs not included. Register statistics are unaudited and unofficial", "Payments received via web pages for various agencies such as DOF Parking Tickets and Property Taxes, DCAS Rents, DOHMH Dog Licenses, HPD Heat and Hot Water Repairs, DSNY Abandoned Vehicle Towing, FDNY Inspections, DOB Electrical Permits, ECB violations"], "dataTypes": [{"type": "TEXT", "count": 11, "shortest_values": [["Mainframe file ", 15], ["Mainframe file ", 15], ["On-street parking meters that are operable (%)", 46], ["This list contains information of those designated as policy makers at their respective agencies.", 97], ["Payments received for DOF Parking Tickets, Property and Business Taxes, DEP Water Charges, ECB, DOH, DCA Violations", 115]], "longest_values": [["Attendance data reflect what has been reported via our Period Attendance Reporting (PAR) process. As additional data is reported, it will be reflected in subsequent postings. Monthly data can change as new data is reported, and overall register numbers are expected to decrease each year once audited numbers are finalized. CBOs not included. Register statistics are unaudited and unofficial", 391], ["Payments received via web pages for various agencies such as DOF Parking Tickets and Property Taxes, DCAS Rents, DOHMH Dog Licenses, HPD Heat and Hot Water Repairs, DSNY Abandoned Vehicle Towing, FDNY Inspections, DOB Electrical Permits, ECB violations", 252], ["Amounts owed for various agencies such as DOF Parking and Property Taxes, DCAS Rents, DSNY Abandoned Vehicle Towing, FDNY Inspections, DOB Electrical Permits, ECB violations, SAPO Street Activity Permits. ", 205], ["This database contains detailed information on individual Fire Incidents as completed by the Fire Officer.\u00a0 No information will be included regarding medical incidents", 167], ["School Facilities Summary includes: Architectural, Mechanical, and Electrical survey details, capacity and utilization data, capacity plan, active capital projects", 163]], "average_length": 144.4545454545454}]}, {"column_name": "Reason for Removal", "number_non_empty_cells": 11, "number_empty_cells": 0, "number_distinct_values": 9, "frequent_values": ["Remove - dataset will be included in the CPRR dataset", "Dataset will be combined with Muni Meter Parking Data dataset (to be released 7/01/2018)", "Removal - Dataset replaced by Statistical Summary Period Attendance Reporting (PAR)", "Remove - dataset will be included in the CMVT Semi-Annual file", "Dataset combined into existing NYCBA datasets"], "dataTypes": [{"type": "TEXT", "count": 11, "shortest_values": [["Dataset combined into existing NYCBA datasets", 45], ["Remove - dataset is no longer maintained by agency", 50], ["Remove - dataset will be included in the CPRR dataset", 53], ["Remove - dataset will be included in the CPRR dataset", 53], ["Remove - dataset will be included in the CPRR dataset", 53]], "longest_values": [["\"Data does not qualify under Local Law 11- \"\"Such term shall not include information provided to an agency by other governmental entities, nor shall it include image files, such as designs, drawings, maps, photos, or scanned copies of original documents, provided that it shall include statistical or factual information about such image files and shall include geographic information system data.\"\" \"", 401], ["Removal - Dataset replaced by Structural Fire Incidents and Non-Structural Fire Incidents datasets (To be released: 8/1/2016)", 125], ["Dataset will be combined with Muni Meter Parking Data dataset (to be released 7/01/2018)", 88], ["Removal - Dataset replaced by Statistical Summary Period Attendance Reporting (PAR)", 83], ["Data will be provided by School Construction Authority (SCA) in various datasets", 80]], "average_length": 99.36363636363636}]}]}