{"dataset_name": "/user/hm74/NYCOpenData/77d2-9ebr.tsv.gz", "columns": [{"column_name": "JURISDICTION NAME", "number_non_empty_cells": 13, "number_empty_cells": 0, "number_distinct_values": 13, "frequent_values": ["Federal Congressional District 09 - NY", "Federal Congressional District 15 - NY", "Federal Congressional District 16 - NY", "Federal Congressional District 06 - NY", "Federal Congressional District 13 - NY"], "dataTypes": [{"type": "TEXT", "count": 13, "shortest_values": [["Federal Congressional District 05 - NY", 38], ["Federal Congressional District 06 - NY", 38], ["Federal Congressional District 07 - NY", 38], ["Federal Congressional District 08 - NY", 38], ["Federal Congressional District 09 - NY", 38]], "longest_values": [["Federal Congressional District 05 - NY", 38], ["Federal Congressional District 06 - NY", 38], ["Federal Congressional District 07 - NY", 38], ["Federal Congressional District 08 - NY", 38], ["Federal Congressional District 09 - NY", 38]], "average_length": 38.0}]}, {"column_name": "COUNT PARTICIPANTS", "number_non_empty_cells": 13, "number_empty_cells": 0, "number_distinct_values": 13, "frequent_values": [53, 618, 86, 48, 5], "dataTypes": [{"type": "INTEGER (LONG)", "count": 13, "max_value": 618, "min_value": 5, "mean": 161.76923076923077, "stddev": 170.34406532578694}]}, {"column_name": "COUNT FEMALE", "number_non_empty_cells": 13, "number_empty_cells": 0, "number_distinct_values": 13, "frequent_values": [26, 384, 22, 305, 146], "dataTypes": [{"type": "INTEGER (LONG)", "count": 13, "max_value": 384, "min_value": 2, "mean": 102.46153846153847, "stddev": 113.83227566138049}]}, {"column_name": "PERCENT FEMALE", "number_non_empty_cells": 13, "number_empty_cells": 0, "number_distinct_values": 11, "frequent_values": [0.62, 0.54, 0.8, 0.49, 0.78], "dataTypes": [{"type": "REAL", "count": 13, "max_value": 0.8, "min_value": 0.33, "mean": 0.5800000000000001, "stddev": 0.12526894145121406}]}, {"column_name": "COUNT MALE", "number_non_empty_cells": 13, "number_empty_cells": 0, "number_distinct_values": 13, "frequent_values": [27, 91, 3, 40, 19], "dataTypes": [{"type": "INTEGER (LONG)", "count": 13, "max_value": 234, "min_value": 3, "mean": 59.30769230769231, "stddev": 60.759785049734504}]}, {"column_name": "PERCENT MALE", "number_non_empty_cells": 13, "number_empty_cells": 0, "number_distinct_values": 11, "frequent_values": [0.38, 0.35, 0.45, 0.6, 0.42], "dataTypes": [{"type": "REAL", "count": 13, "max_value": 0.67, "min_value": 0.2, "mean": 0.42, "stddev": 0.12526894145121406}]}, {"column_name": "COUNT GENDER UNKNOWN", "number_non_empty_cells": 13, "number_empty_cells": 0, "number_distinct_values": 1, "frequent_values": [0], "dataTypes": [{"type": "INTEGER (LONG)", "count": 13, "max_value": 0, "min_value": 0, "mean": 0.0, "stddev": 0.0}]}, {"column_name": "PERCENT GENDER UNKNOWN", "number_non_empty_cells": 13, "number_empty_cells": 0, "number_distinct_values": 1, "frequent_values": [0], "dataTypes": [{"type": "INTEGER (LONG)", "count": 13, "max_value": 0, "min_value": 0, "mean": 0.0, "stddev": 0.0}]}, {"column_name": "COUNT GENDER TOTAL", "number_non_empty_cells": 13, "number_empty_cells": 0, "number_distinct_values": 13, "frequent_values": [53, 618, 86, 48, 5], "dataTypes": [{"type": "INTEGER (LONG)", "count": 13, "max_value": 618, "min_value": 5, "mean": 161.76923076923077, "stddev": 170.34406532578694}]}, {"column_name": "PERCENT GENDER TOTAL", "number_non_empty_cells": 13, "number_empty_cells": 0, "number_distinct_values": 1, "frequent_values": [100], "dataTypes": [{"type": "INTEGER (LONG)", "count": 13, "max_value": 100, "min_value": 100, "mean": 100.0, "stddev": 0.0}]}, {"column_name": "COUNT PACIFIC ISLANDER", "number_non_empty_cells": 13, "number_empty_cells": 0, "number_distinct_values": 2, "frequent_values": [0, 1], "dataTypes": [{"type": "INTEGER (LONG)", "count": 13, "max_value": 1, "min_value": 0, "mean": 0.15384615384615385, "stddev": 0.36080121229410994}]}, {"column_name": "PERCENT PACIFIC ISLANDER", "number_non_empty_cells": 13, "number_empty_cells": 0, "number_distinct_values": 2, "frequent_values": [0.0, 0.01], "dataTypes": [{"type": "REAL", "count": 13, "max_value": 0.01, "min_value": 0.0, "mean": 0.0007692307692307692, "stddev": 0.0026646935501059657}]}, {"column_name": "COUNT HISPANIC LATINO", "number_non_empty_cells": 13, "number_empty_cells": 0, "number_distinct_values": 9, "frequent_values": [2, 51, 122, 9, 3], "dataTypes": [{"type": "INTEGER (LONG)", "count": 13, "max_value": 122, "min_value": 0, "mean": 30.615384615384613, "stddev": 40.454225721155815}]}, {"column_name": "PERCENT HISPANIC LATINO", "number_non_empty_cells": 13, "number_empty_cells": 0, "number_distinct_values": 10, "frequent_values": [0.45, 0.08, 0.02, 0.1, 0.04], "dataTypes": [{"type": "REAL", "count": 13, "max_value": 0.46, "min_value": 0.0, "mean": 0.2, "stddev": 0.19195352001501262}]}, {"column_name": "COUNT AMERICAN INDIAN", "number_non_empty_cells": 13, "number_empty_cells": 0, "number_distinct_values": 2, "frequent_values": [0, 1], "dataTypes": [{"type": "INTEGER (LONG)", "count": 13, "max_value": 1, "min_value": 0, "mean": 0.23076923076923078, "stddev": 0.42132504423474315}]}, {"column_name": "PERCENT AMERICAN INDIAN", "number_non_empty_cells": 13, "number_empty_cells": 0, "number_distinct_values": 2, "frequent_values": [0.0, 0.01], "dataTypes": [{"type": "REAL", "count": 13, "max_value": 0.01, "min_value": 0.0, "mean": 0.0007692307692307692, "stddev": 0.0026646935501059657}]}, {"column_name": "COUNT ASIAN NON HISPANIC", "number_non_empty_cells": 13, "number_empty_cells": 0, "number_distinct_values": 11, "frequent_values": [3, 1, 16, 5, 4], "dataTypes": [{"type": "INTEGER (LONG)", "count": 13, "max_value": 32, "min_value": 0, "mean": 8.615384615384615, "stddev": 10.351800003555393}]}, {"column_name": "PERCENT ASIAN NON HISPANIC", "number_non_empty_cells": 13, "number_empty_cells": 0, "number_distinct_values": 9, "frequent_values": [0.02, 0.05, 0.01, 0.2, 0.12], "dataTypes": [{"type": "REAL", "count": 13, "max_value": 0.76, "min_value": 0.0, "mean": 0.14615384615384613, "stddev": 0.235716206862224}]}, {"column_name": "COUNT WHITE NON HISPANIC", "number_non_empty_cells": 13, "number_empty_cells": 0, "number_distinct_values": 10, "frequent_values": [0, 9, 111, 3, 37], "dataTypes": [{"type": "INTEGER (LONG)", "count": 13, "max_value": 407, "min_value": 0, "mean": 76.30769230769229, "stddev": 126.17959399533827}]}, {"column_name": "PERCENT WHITE NON HISPANIC", "number_non_empty_cells": 13, "number_empty_cells": 0, "number_distinct_values": 10, "frequent_values": [0.0, 0.66, 0.21, 0.79, 0.8], "dataTypes": [{"type": "REAL", "count": 13, "max_value": 0.83, "min_value": 0.0, "mean": 0.3761538461538461, "stddev": 0.3658822522140246}]}, {"column_name": "COUNT BLACK NON HISPANIC", "number_non_empty_cells": 13, "number_empty_cells": 0, "number_distinct_values": 12, "frequent_values": [1, 13, 5, 6, 114], "dataTypes": [{"type": "INTEGER (LONG)", "count": 13, "max_value": 124, "min_value": 1, "mean": 36.69230769230769, "stddev": 43.72006160771332}]}, {"column_name": "PERCENT BLACK NON HISPANIC", "number_non_empty_cells": 13, "number_empty_cells": 0, "number_distinct_values": 11, "frequent_values": [0.09, 0.46, 0.16, 0.1, 0.2], "dataTypes": [{"type": "REAL", "count": 13, "max_value": 0.48, "min_value": 0.02, "mean": 0.20846153846153848, "stddev": 0.16313496789921922}]}, {"column_name": "COUNT OTHER ETHNICITY", "number_non_empty_cells": 13, "number_empty_cells": 0, "number_distinct_values": 9, "frequent_values": [1, 6, 2, 5, 26], "dataTypes": [{"type": "INTEGER (LONG)", "count": 13, "max_value": 28, "min_value": 1, "mean": 8.23076923076923, "stddev": 9.014124354024771}]}, {"column_name": "PERCENT OTHER ETHNICITY", "number_non_empty_cells": 13, "number_empty_cells": 0, "number_distinct_values": 7, "frequent_values": [0.05, 0.04, 0.02, 0.06, 0.09], "dataTypes": [{"type": "REAL", "count": 13, "max_value": 0.2, "min_value": 0.02, "mean": 0.06076923076923078, "stddev": 0.04410852672871216}]}, {"column_name": "COUNT ETHNICITY UNKNOWN", "number_non_empty_cells": 13, "number_empty_cells": 0, "number_distinct_values": 4, "frequent_values": [0, 1, 2, 5], "dataTypes": [{"type": "INTEGER (LONG)", "count": 13, "max_value": 5, "min_value": 0, "mean": 0.9230769230769231, "stddev": 1.3846153846153846}]}, {"column_name": "PERCENT ETHNICITY UNKNOWN", "number_non_empty_cells": 13, "number_empty_cells": 0, "number_distinct_values": 3, "frequent_values": [0.0, 0.01, 0.02], "dataTypes": [{"type": "REAL", "count": 13, "max_value": 0.02, "min_value": 0.0, "mean": 0.004615384615384616, "stddev": 0.00634323942402717}]}, {"column_name": "COUNT ETHNICITY TOTAL", "number_non_empty_cells": 13, "number_empty_cells": 0, "number_distinct_values": 13, "frequent_values": [53, 618, 86, 48, 5], "dataTypes": [{"type": "INTEGER (LONG)", "count": 13, "max_value": 618, "min_value": 5, "mean": 161.76923076923077, "stddev": 170.34406532578694}]}, {"column_name": "PERCENT ETHNICITY TOTAL", "number_non_empty_cells": 13, "number_empty_cells": 0, "number_distinct_values": 2, "frequent_values": [100, 99], "dataTypes": [{"type": "INTEGER (LONG)", "count": 13, "max_value": 100, "min_value": 99, "mean": 99.61538461538461, "stddev": 0.48650425541051956}]}, {"column_name": "COUNT PERMANENT RESIDENT ALIEN", "number_non_empty_cells": 13, "number_empty_cells": 0, "number_distinct_values": 9, "frequent_values": [1, 3, 7, 17, 15], "dataTypes": [{"type": "INTEGER (LONG)", "count": 13, "max_value": 17, "min_value": 1, "mean": 6.846153846153845, "stddev": 5.418574235494254}]}, {"column_name": "PERCENT PERMANENT RESIDENT ALIEN", "number_non_empty_cells": 13, "number_empty_cells": 0, "number_distinct_values": 9, "frequent_values": [0.02, 0.06, 0.05, 0.6, 0.1], "dataTypes": [{"type": "REAL", "count": 13, "max_value": 0.6, "min_value": 0.01, "mean": 0.09538461538461539, "stddev": 0.14980065649519209}]}, {"column_name": "COUNT US CITIZEN", "number_non_empty_cells": 13, "number_empty_cells": 0, "number_distinct_values": 13, "frequent_values": [85, 599, 47, 52, 37], "dataTypes": [{"type": "INTEGER (LONG)", "count": 13, "max_value": 599, "min_value": 2, "mean": 154.15384615384613, "stddev": 165.0230035963966}]}, {"column_name": "PERCENT US CITIZEN", "number_non_empty_cells": 13, "number_empty_cells": 0, "number_distinct_values": 9, "frequent_values": [0.93, 0.98, 0.97, 0.86, 0.92], "dataTypes": [{"type": "REAL", "count": 13, "max_value": 0.99, "min_value": 0.4, "mean": 0.9007692307692307, "stddev": 0.1488138505992554}]}, {"column_name": "COUNT OTHER CITIZEN STATUS", "number_non_empty_cells": 13, "number_empty_cells": 0, "number_distinct_values": 3, "frequent_values": [0, 1, 4], "dataTypes": [{"type": "INTEGER (LONG)", "count": 13, "max_value": 4, "min_value": 0, "mean": 0.7692307692307692, "stddev": 1.4225570776082255}]}, {"column_name": "PERCENT OTHER CITIZEN STATUS", "number_non_empty_cells": 13, "number_empty_cells": 0, "number_distinct_values": 3, "frequent_values": [0.0, 0.01, 0.02], "dataTypes": [{"type": "REAL", "count": 13, "max_value": 0.02, "min_value": 0.0, "mean": 0.003076923076923077, "stddev": 0.006056929133855239}]}, {"column_name": "COUNT CITIZEN STATUS UNKNOWN", "number_non_empty_cells": 13, "number_empty_cells": 0, "number_distinct_values": 1, "frequent_values": [0], "dataTypes": [{"type": "INTEGER (LONG)", "count": 13, "max_value": 0, "min_value": 0, "mean": 0.0, "stddev": 0.0}]}, {"column_name": "PERCENT CITIZEN STATUS UNKNOWN", "number_non_empty_cells": 13, "number_empty_cells": 0, "number_distinct_values": 1, "frequent_values": [0], "dataTypes": [{"type": "INTEGER (LONG)", "count": 13, "max_value": 0, "min_value": 0, "mean": 0.0, "stddev": 0.0}]}, {"column_name": "COUNT CITIZEN STATUS TOTAL", "number_non_empty_cells": 13, "number_empty_cells": 0, "number_distinct_values": 13, "frequent_values": [53, 618, 86, 48, 5], "dataTypes": [{"type": "INTEGER (LONG)", "count": 13, "max_value": 618, "min_value": 5, "mean": 161.76923076923077, "stddev": 170.34406532578694}]}, {"column_name": "PERCENT CITIZEN STATUS TOTAL", "number_non_empty_cells": 13, "number_empty_cells": 0, "number_distinct_values": 2, "frequent_values": [100, 99], "dataTypes": [{"type": "INTEGER (LONG)", "count": 13, "max_value": 100, "min_value": 99, "mean": 99.92307692307693, "stddev": 0.266469355010597}]}, {"column_name": "COUNT RECEIVES PUBLIC ASSISTANCE", "number_non_empty_cells": 13, "number_empty_cells": 0, "number_distinct_values": 13, "frequent_values": [6, 3, 5, 247, 97], "dataTypes": [{"type": "INTEGER (LONG)", "count": 13, "max_value": 247, "min_value": 0, "mean": 50.769230769230774, "stddev": 65.30067009451663}]}, {"column_name": "PERCENT RECEIVES PUBLIC ASSISTANCE", "number_non_empty_cells": 13, "number_empty_cells": 0, "number_distinct_values": 12, "frequent_values": [0.14, 0.35, 0.12, 0.19, 0.42], "dataTypes": [{"type": "REAL", "count": 13, "max_value": 0.42, "min_value": 0.0, "mean": 0.24461538461538462, "stddev": 0.1292353479042363}]}, {"column_name": "COUNT NRECEIVES PUBLIC ASSISTANCE", "number_non_empty_cells": 13, "number_empty_cells": 0, "number_distinct_values": 13, "frequent_values": [292, 48, 5, 43, 175], "dataTypes": [{"type": "INTEGER (LONG)", "count": 13, "max_value": 371, "min_value": 5, "mean": 111.0, "stddev": 108.28665661105249}]}, {"column_name": "PERCENT NRECEIVES PUBLIC ASSISTANCE", "number_non_empty_cells": 13, "number_empty_cells": 0, "number_distinct_values": 11, "frequent_values": [0.88, 0.86, 0.75, 1.0, 0.6], "dataTypes": [{"type": "REAL", "count": 13, "max_value": 1.0, "min_value": 0.58, "mean": 0.7561538461538461, "stddev": 0.12994309177709953}]}, {"column_name": "COUNT PUBLIC ASSISTANCE UNKNOWN", "number_non_empty_cells": 13, "number_empty_cells": 0, "number_distinct_values": 1, "frequent_values": [0], "dataTypes": [{"type": "INTEGER (LONG)", "count": 13, "max_value": 0, "min_value": 0, "mean": 0.0, "stddev": 0.0}]}, {"column_name": "PERCENT PUBLIC ASSISTANCE UNKNOWN", "number_non_empty_cells": 13, "number_empty_cells": 0, "number_distinct_values": 1, "frequent_values": [0], "dataTypes": [{"type": "INTEGER (LONG)", "count": 13, "max_value": 0, "min_value": 0, "mean": 0.0, "stddev": 0.0}]}, {"column_name": "COUNT PUBLIC ASSISTANCE TOTAL", "number_non_empty_cells": 13, "number_empty_cells": 0, "number_distinct_values": 13, "frequent_values": [53, 618, 86, 48, 5], "dataTypes": [{"type": "INTEGER (LONG)", "count": 13, "max_value": 618, "min_value": 5, "mean": 161.76923076923077, "stddev": 170.34406532578694}]}, {"column_name": "PERCENT PUBLIC ASSISTANCE TOTAL", "number_non_empty_cells": 13, "number_empty_cells": 0, "number_distinct_values": 1, "frequent_values": [100], "dataTypes": [{"type": "INTEGER (LONG)", "count": 13, "max_value": 100, "min_value": 100, "mean": 100.0, "stddev": 0.0}]}]}