{"dataset_name": "/user/hm74/NYCOpenData/77u7-ptbn.tsv.gz", "columns": [{"column_name": "DBN", "number_non_empty_cells": 1873, "number_empty_cells": 0, "number_distinct_values": 672, "frequent_values": ["31R700", "28Q700", "20K700", "10X700", "24Q700"], "dataTypes": [{"type": "DATE/TIME", "count": 27, "max_value": "2019-12-08T00:06:48", "min_value": "2019-12-08T00:01:15"}, {"type": "TEXT", "count": 1846, "shortest_values": [["01M063", 6], ["01M064", 6], ["01M110", 6], ["01M134", 6], ["01M140", 6]], "longest_values": [["01M063", 6], ["01M064", 6], ["01M110", 6], ["01M134", 6], ["01M140", 6]], "average_length": 6.0}]}, {"column_name": "Site_ID", "number_non_empty_cells": 1869, "number_empty_cells": 4, "number_distinct_values": 1873, "frequent_values": ["02M042", "MAYL", "08X093", "XATC", "XAOX"], "dataTypes": [{"type": "DATE/TIME", "count": 27, "max_value": "2019-12-08T00:06:48", "min_value": "2019-12-08T00:01:15"}, {"type": "TEXT", "count": 1846, "shortest_values": [["MAED", 4], ["MAGR", 4], ["MAOZ", 4], ["MAQA", 4], ["MASU", 4]], "longest_values": [["01M063", 6], ["01M064", 6], ["01M110", 6], ["01M134", 6], ["01M140", 6]], "average_length": 4.645720476706385}]}, {"column_name": "School_Name", "number_non_empty_cells": 1863, "number_empty_cells": 10, "number_distinct_values": 1821, "frequent_values": ["Trabajamos Community Head Start", "Mi Nuevo Mundo", "Jewish Community Center Of Staten Island", "Brooklyn Chinese American Association", "Immaculate Conception School"], "dataTypes": [{"type": "TEXT", "count": 1873, "shortest_values": [["ICCD", 4], ["ICCD", 4], ["FOCH", 4], ["UFBCO", 5], ["HIDEC", 5]], "longest_values": [["Roman Catholic Church of Our Lady of the Snows d/b/a Our Lady of the Snows School", 81], ["P.S. 80 The Thurgood Marshall Magnet School of Multimedia and Communication", 75], ["P.S./I.S. 210 - Twenty-First Century Academy for Community Leadership", 69], ["Bethel Mission Station Church / Bethel Mission Loving Day CAre Center", 69], ["P.S. 185 - The Early Childhood Discovery and Design Magnet School", 65]], "average_length": 26.54084356647091}]}, {"column_name": "Year", "number_non_empty_cells": 1873, "number_empty_cells": 0, "number_distinct_values": 1, "frequent_values": ["2016-17"], "dataTypes": [{"type": "TEXT", "count": 1873, "shortest_values": [["2016-17", 7], ["2016-17", 7], ["2016-17", 7], ["2016-17", 7], ["2016-17", 7]], "longest_values": [["2016-17", 7], ["2016-17", 7], ["2016-17", 7], ["2016-17", 7], ["2016-17", 7]], "average_length": 7.0}]}, {"column_name": "Total_Enrollment_(Half_Day_&_Full_Day)", "number_non_empty_cells": 1873, "number_empty_cells": 0, "number_distinct_values": 128, "frequent_values": ["36", "18", "20", "35", "54"], "dataTypes": [{"type": "INTEGER (LONG)", "count": 1855, "max_value": 397, "min_value": 6, "mean": 38.61455525606473, "stddev": 25.97869131999872}, {"type": "TEXT", "count": 18, "shortest_values": [["s", 1], ["s", 1], ["s", 1], ["s", 1], ["s", 1]], "longest_values": [["s", 1], ["s", 1], ["s", 1], ["s", 1], ["s", 1]], "average_length": 1.0}]}, {"column_name": "#Female", "number_non_empty_cells": 1873, "number_empty_cells": 0, "number_distinct_values": 69, "frequent_values": ["s", "18", "16", "8", "9"], "dataTypes": [{"type": "INTEGER (LONG)", "count": 1628, "max_value": 193, "min_value": 6, "mean": 20.977886977886953, "stddev": 13.338883046962465}, {"type": "TEXT", "count": 245, "shortest_values": [["s", 1], ["s", 1], ["s", 1], ["s", 1], ["s", 1]], "longest_values": [["s", 1], ["s", 1], ["s", 1], ["s", 1], ["s", 1]], "average_length": 1.0}]}, {"column_name": "%Female", "number_non_empty_cells": 1873, "number_empty_cells": 0, "number_distinct_values": 277, "frequent_values": ["s", "50.0%", "55.6%", "44.4%", "61.1%"], "dataTypes": [{"type": "TEXT", "count": 1873, "shortest_values": [["s", 1], ["s", 1], ["s", 1], ["s", 1], ["s", 1]], "longest_values": [["58.8%", 5], ["58.5%", 5], ["53.8%", 5], ["68.2%", 5], ["52.4%", 5]], "average_length": 4.476775226908703}]}, {"column_name": "#Male", "number_non_empty_cells": 1873, "number_empty_cells": 0, "number_distinct_values": 71, "frequent_values": ["s", "16", "9", "10", "15"], "dataTypes": [{"type": "INTEGER (LONG)", "count": 1628, "max_value": 204, "min_value": 6, "mean": 20.60749385749385, "stddev": 13.35068919842934}, {"type": "TEXT", "count": 245, "shortest_values": [["s", 1], ["s", 1], ["s", 1], ["s", 1], ["s", 1]], "longest_values": [["s", 1], ["s", 1], ["s", 1], ["s", 1], ["s", 1]], "average_length": 1.0}]}, {"column_name": "%Male", "number_non_empty_cells": 1873, "number_empty_cells": 0, "number_distinct_values": 275, "frequent_values": ["s", "50.0%", "44.4%", "55.6%", "38.9%"], "dataTypes": [{"type": "TEXT", "count": 1873, "shortest_values": [["s", 1], ["s", 1], ["s", 1], ["s", 1], ["s", 1]], "longest_values": [["41.2%", 5], ["41.5%", 5], ["46.2%", 5], ["31.8%", 5], ["47.6%", 5]], "average_length": 4.476775226908703}]}, {"column_name": "#Asian", "number_non_empty_cells": 1873, "number_empty_cells": 0, "number_distinct_values": 68, "frequent_values": ["s", "6", "8", "7", "9"], "dataTypes": [{"type": "INTEGER (LONG)", "count": 507, "max_value": 127, "min_value": 6, "mean": 21.108481262327413, "stddev": 17.91030873093538}, {"type": "TEXT", "count": 1366, "shortest_values": [["s", 1], ["s", 1], ["s", 1], ["s", 1], ["s", 1]], "longest_values": [["s", 1], ["s", 1], ["s", 1], ["s", 1], ["s", 1]], "average_length": 1.0}]}, {"column_name": "%Asian", "number_non_empty_cells": 1873, "number_empty_cells": 0, "number_distinct_values": 289, "frequent_values": ["s", "100.0%", "66.7%", "50.0%", "22.2%"], "dataTypes": [{"type": "TEXT", "count": 1873, "shortest_values": [["s", 1], ["s", 1], ["s", 1], ["s", 1], ["s", 1]], "longest_values": [["100.0%", 6], ["100.0%", 6], ["100.0%", 6], ["100.0%", 6], ["100.0%", 6]], "average_length": 2.0870261612386574}]}, {"column_name": "#Black", "number_non_empty_cells": 1873, "number_empty_cells": 0, "number_distinct_values": 65, "frequent_values": ["s", "7", "6", "9", "11"], "dataTypes": [{"type": "INTEGER (LONG)", "count": 759, "max_value": 133, "min_value": 6, "mean": 18.98023715415019, "stddev": 13.834648582202353}, {"type": "TEXT", "count": 1114, "shortest_values": [["s", 1], ["s", 1], ["s", 1], ["s", 1], ["s", 1]], "longest_values": [["s", 1], ["s", 1], ["s", 1], ["s", 1], ["s", 1]], "average_length": 1.0}]}, {"column_name": "%Black", "number_non_empty_cells": 1873, "number_empty_cells": 0, "number_distinct_values": 372, "frequent_values": ["s", "100.0%", "50.0%", "16.7%", "38.9%"], "dataTypes": [{"type": "TEXT", "count": 1873, "shortest_values": [["s", 1], ["s", 1], ["s", 1], ["s", 1], ["s", 1]], "longest_values": [["100.0%", 6], ["100.0%", 6], ["100.0%", 6], ["100.0%", 6], ["100.0%", 6]], "average_length": 2.6225306994127062}]}, {"column_name": "#Hispanic", "number_non_empty_cells": 1873, "number_empty_cells": 0, "number_distinct_values": 85, "frequent_values": ["s", "6", "7", "13", "9"], "dataTypes": [{"type": "INTEGER (LONG)", "count": 1163, "max_value": 137, "min_value": 6, "mean": 21.75580395528807, "stddev": 17.659983580242365}, {"type": "TEXT", "count": 710, "shortest_values": [["s", 1], ["s", 1], ["s", 1], ["s", 1], ["s", 1]], "longest_values": [["s", 1], ["s", 1], ["s", 1], ["s", 1], ["s", 1]], "average_length": 1.0}]}, {"column_name": "%Hispanic", "number_non_empty_cells": 1873, "number_empty_cells": 0, "number_distinct_values": 488, "frequent_values": ["s", "50.0%", "33.3%", "83.3%", "16.7%"], "dataTypes": [{"type": "TEXT", "count": 1873, "shortest_values": [["s", 1], ["s", 1], ["s", 1], ["s", 1], ["s", 1]], "longest_values": [["100.0%", 6], ["100.0%", 6], ["100.0%", 6], ["100.0%", 6], ["100.0%", 6]], "average_length": 3.487987186332086}]}, {"column_name": "#Other", "number_non_empty_cells": 1873, "number_empty_cells": 0, "number_distinct_values": 14, "frequent_values": ["s", "6", "9", "8", "11"], "dataTypes": [{"type": "INTEGER (LONG)", "count": 42, "max_value": 40, "min_value": 6, "mean": 10.166666666666666, "stddev": 7.121117711449338}, {"type": "TEXT", "count": 1831, "shortest_values": [["s", 1], ["s", 1], ["s", 1], ["s", 1], ["s", 1]], "longest_values": [["s", 1], ["s", 1], ["s", 1], ["s", 1], ["s", 1]], "average_length": 1.0}]}, {"column_name": "%Other", "number_non_empty_cells": 1873, "number_empty_cells": 0, "number_distinct_values": 38, "frequent_values": ["s", "11.1%", "18.5%", "16.7%", "9.4%"], "dataTypes": [{"type": "TEXT", "count": 1873, "shortest_values": [["s", 1], ["s", 1], ["s", 1], ["s", 1], ["s", 1]], "longest_values": [["17.1%", 5], ["25.0%", 5], ["17.5%", 5], ["16.7%", 5], ["25.8%", 5]], "average_length": 1.086492258408971}]}, {"column_name": "#White", "number_non_empty_cells": 1873, "number_empty_cells": 0, "number_distinct_values": 70, "frequent_values": ["s", "8", "7", "10", "6"], "dataTypes": [{"type": "INTEGER (LONG)", "count": 602, "max_value": 226, "min_value": 6, "mean": 21.734219269102987, "stddev": 18.23569730731861}, {"type": "TEXT", "count": 1271, "shortest_values": [["s", 1], ["s", 1], ["s", 1], ["s", 1], ["s", 1]], "longest_values": [["s", 1], ["s", 1], ["s", 1], ["s", 1], ["s", 1]], "average_length": 1.0}]}, {"column_name": "%White", "number_non_empty_cells": 1873, "number_empty_cells": 0, "number_distinct_values": 292, "frequent_values": ["s", "100.0%", "50.0%", "66.7%", "61.1%"], "dataTypes": [{"type": "TEXT", "count": 1873, "shortest_values": [["s", 1], ["s", 1], ["s", 1], ["s", 1], ["s", 1]], "longest_values": [["100.0%", 6], ["100.0%", 6], ["100.0%", 6], ["100.0%", 6], ["100.0%", 6]], "average_length": 2.3117992525360376}]}]}