{"dataset_name": "/user/hm74/NYCOpenData/785g-7qf7.tsv.gz", "columns": [{"column_name": "School_Year", "number_non_empty_cells": 537, "number_empty_cells": 1, "number_distinct_values": 2, "frequent_values": ["2015-16", null], "dataTypes": [{"type": "TEXT", "count": 537, "shortest_values": [["2015-16", 7], ["2015-16", 7], ["2015-16", 7], ["2015-16", 7], ["2015-16", 7]], "longest_values": [["2015-16", 7], ["2015-16", 7], ["2015-16", 7], ["2015-16", 7], ["2015-16", 7]], "average_length": 7.0}]}, {"column_name": "School_DBN", "number_non_empty_cells": 537, "number_empty_cells": 1, "number_distinct_values": 538, "frequent_values": ["02M529", "01M539", "02M427", "07X527", "27Q314"], "dataTypes": [{"type": "DATE/TIME", "count": 1, "max_value": "2019-12-07T00:02:47", "min_value": "2019-12-07T00:02:47"}, {"type": "TEXT", "count": 536, "shortest_values": [["01M292", 6], ["01M448", 6], ["01M450", 6], ["01M458", 6], ["01M509", 6]], "longest_values": [["01M292", 6], ["01M448", 6], ["01M450", 6], ["01M458", 6], ["01M509", 6]], "average_length": 6.0}]}, {"column_name": "Community_School_District", "number_non_empty_cells": 537, "number_empty_cells": 1, "number_distinct_values": 34, "frequent_values": [2, 75, 10, 9, 8], "dataTypes": [{"type": "INTEGER (LONG)", "count": 537, "max_value": 75, "min_value": 1, "mean": 18.957169459962746, "stddev": 19.134339099382718}]}, {"column_name": "City_Council_District", "number_non_empty_cells": 537, "number_empty_cells": 1, "number_distinct_values": 52, "frequent_values": [3, 17, 1, 33, 16], "dataTypes": [{"type": "INTEGER (LONG)", "count": 537, "max_value": 51, "min_value": 1, "mean": 22.05214152700189, "stddev": 14.688227340823813}]}, {"column_name": "School_Name", "number_non_empty_cells": 538, "number_empty_cells": 0, "number_distinct_values": 538, "frequent_values": ["High School of Language and Innovation", "World Academy for Total Community Health High School", "Life Academy High School for Film and Music", "Aspirations Diploma Plus High School", "Total"], "dataTypes": [{"type": "TEXT", "count": 538, "shortest_values": [["Total", 5], ["P.S. 36", 7], ["P.S. 368", 8], ["P.S. 370", 8], ["P.S. 035", 8]], "longest_values": [["English Language Learners and International Support Preparatory Academy (ELLIS)", 79], ["Science Skills Center High School for Science, Technology and the Creative Arts", 79], ["Academy for College Preparation and Career Exploration: A College Board School", 78], ["Knowledge and Power Preparatory Academy International High School (Kappa)", 73], ["City Polytechnic High School of Engineering, Architecture, and Technology", 73]], "average_length": 35.048327137546465}]}, {"column_name": "#_of_students_in_grades_9-12", "number_non_empty_cells": 538, "number_empty_cells": 0, "number_distinct_values": 377, "frequent_values": ["s", "395", "157", "328", "162"], "dataTypes": [{"type": "INTEGER (LONG)", "count": 477, "max_value": 974, "min_value": 10, "mean": 353.7903563941299, "stddev": 168.76302363371715}, {"type": "DATE/TIME", "count": 53, "max_value": "2052-01-07T00:00:00", "min_value": "0109-02-07T00:00:00"}, {"type": "TEXT", "count": 8, "shortest_values": [["s", 1], ["s", 1], ["s", 1], ["s", 1], ["s", 1]], "longest_values": [["s", 1], ["s", 1], ["s", 1], ["s", 1], ["s", 1]], "average_length": 1.0}]}, {"column_name": "#_of_students_in_grades_9-12_who_have_completed_at_least_one_semester_of_health_instruction", "number_non_empty_cells": 538, "number_empty_cells": 0, "number_distinct_values": 334, "frequent_values": ["s", "137", "262", "378", "191"], "dataTypes": [{"type": "INTEGER (LONG)", "count": 450, "max_value": 986, "min_value": 10, "mean": 269.38888888888954, "stddev": 168.54670928225372}, {"type": "DATE/TIME", "count": 29, "max_value": "2068-03-07T00:00:00", "min_value": "0118-02-07T00:00:00"}, {"type": "TEXT", "count": 59, "shortest_values": [["s", 1], ["s", 1], ["s", 1], ["s", 1], ["s", 1]], "longest_values": [["4,031", 5], ["2,000", 5], ["s", 1], ["s", 1], ["s", 1]], "average_length": 1.1355932203389831}]}, {"column_name": "%", "number_non_empty_cells": 538, "number_empty_cells": 0, "number_distinct_values": 347, "frequent_values": ["s", "100.00%", "95.80%", "73.20%", "97.00%"], "dataTypes": [{"type": "TEXT", "count": 538, "shortest_values": [["s", 1], ["s", 1], ["s", 1], ["s", 1], ["s", 1]], "longest_values": [["100.00%", 7], ["100.00%", 7], ["100.00%", 7], ["100.00%", 7], ["100.00%", 7]], "average_length": 5.47397769516728}]}, {"column_name": "#_of_15-16_June_and_August_graduates", "number_non_empty_cells": 538, "number_empty_cells": 0, "number_distinct_values": 182, "frequent_values": ["s", "57", "67", "72", "49"], "dataTypes": [{"type": "INTEGER (LONG)", "count": 422, "max_value": 983, "min_value": 10, "mean": 128.14218009478677, "stddev": 154.73134850882974}, {"type": "DATE/TIME", "count": 1, "max_value": "0347-01-07T00:00:00", "min_value": "0347-01-07T00:00:00"}, {"type": "TEXT", "count": 115, "shortest_values": [["s", 1], ["s", 1], ["s", 1], ["s", 1], ["s", 1]], "longest_values": [["57,518", 6], ["s", 1], ["s", 1], ["s", 1], ["s", 1]], "average_length": 1.0434782608695652}]}, {"column_name": "#_of_15-16_June_and_August_graduates_meeting_high_school_health_requirements", "number_non_empty_cells": 538, "number_empty_cells": 0, "number_distinct_values": 182, "frequent_values": ["s", "67", "72", "57", "49"], "dataTypes": [{"type": "INTEGER (LONG)", "count": 422, "max_value": 983, "min_value": 10, "mean": 127.76540284360186, "stddev": 154.54455158267422}, {"type": "DATE/TIME", "count": 1, "max_value": "0347-01-07T00:00:00", "min_value": "0347-01-07T00:00:00"}, {"type": "TEXT", "count": 115, "shortest_values": [["s", 1], ["s", 1], ["s", 1], ["s", 1], ["s", 1]], "longest_values": [["57,355", 6], ["s", 1], ["s", 1], ["s", 1], ["s", 1]], "average_length": 1.0434782608695652}]}]}