{"dataset_name": "/user/hm74/NYCOpenData/78sp-6jhj.tsv.gz", "columns": [{"column_name": "Day & Date", "number_non_empty_cells": 57, "number_empty_cells": 0, "number_distinct_values": 7, "frequent_values": ["Wednesday, 10/22/2014", "Thursday, 10/23/2014", "Tuesday, 10/21/2014", "Monday, 10/20/2014", "Friday, 10/24/2014"], "dataTypes": [{"type": "DATE/TIME", "count": 57, "max_value": "2014-10-25T00:00:00", "min_value": "2014-10-19T00:00:00"}]}, {"column_name": "Borough", "number_non_empty_cells": 55, "number_empty_cells": 2, "number_distinct_values": 6, "frequent_values": ["Manhattan", "Bronx", "Queens", "Staten Island", "Brooklyn"], "dataTypes": [{"type": "TEXT", "count": 55, "shortest_values": [["Bronx", 5], ["Bronx", 5], ["Bronx", 5], ["Bronx", 5], ["Bronx", 5]], "longest_values": [["Staten Island", 13], ["Staten Island", 13], ["Staten Island", 13], ["Staten Island", 13], ["Staten Island", 13]], "average_length": 7.636363636363638}]}, {"column_name": "Location", "number_non_empty_cells": 57, "number_empty_cells": 0, "number_distinct_values": 12, "frequent_values": ["4 Ave@76 St, 89 St & @Shore Rd", "A C Powell Jr Blvd b/t W 151 St & W 133 St", "West End Ave @ W 95 St & @ W 97 St", "Woodhaven Blvd/Queens Blvd", "Northern Blvd b/t 102 St and 62 St"], "dataTypes": [{"type": "TEXT", "count": 57, "shortest_values": [["No Work", 7], ["No Work", 7], ["IFO 42 Bond St", 14], ["IFO 42 Bond St", 14], ["IFO 42 Bond St", 14]], "longest_values": [["A C Powell Jr Blvd b/t W 151 St & W 133 St", 42], ["Gun Hill Rd b/t Jerome Ave & Olinville Ave", 42], ["A C Powell Jr Blvd b/t W 151 St & W 133 St", 42], ["Gun Hill Rd b/t Jerome Ave & Olinville Ave", 42], ["A C Powell Jr Blvd b/t W 151 St & W 133 St", 42]], "average_length": 29.45614035087719}]}, {"column_name": "Details", "number_non_empty_cells": 55, "number_empty_cells": 2, "number_distinct_values": 11, "frequent_values": ["Median Refuge Islands", "Medians & Neckdown", "Neckdowns & Ped Ramp", "Median Tip Extensions", "Neck-down & Medians Tips"], "dataTypes": [{"type": "TEXT", "count": 55, "shortest_values": [["Medians", 7], ["Medians", 7], ["Medians", 7], ["Medians", 7], ["Medians", 7]], "longest_values": [["Bus Boarding Island, Neckdowns & Island", 39], ["Bus Boarding Island, Neckdowns & Island", 39], ["Bus Boarding Island, Neckdowns & Island", 39], ["Bus Boarding Island, Neckdowns & Island", 39], ["Bus Boarding Island, Neckdowns & Island", 39]], "average_length": 23.818181818181817}]}]}