{"dataset_name": "/user/hm74/NYCOpenData/799n-b76v.tsv.gz", "columns": [{"column_name": "Business_Organization", "number_non_empty_cells": 256, "number_empty_cells": 0, "number_distinct_values": 134, "frequent_values": ["Cultural Center", "Theater", "Dance Company", "Manhattan, NY 10029", "Manhattan, NY 10019"], "dataTypes": [{"type": "TEXT", "count": 256, "shortest_values": [["Theater", 7], ["Theater", 7], ["Theater", 7], ["Theater", 7], ["Theater", 7]], "longest_values": [["\"\tArthur Aviles Typical Theatre, Inc.\t841 Barretto Street\t\tBronx\t10474\t\tArthur Aviles\tArtistic Director\t(718) 842-5223\t\t\"841 Barretto Street", 140], ["\"\tCasa de la Herencia Puertorriquena\t1230 5th Avenue\t#458\tManhattan\t10029\t\tEli Alvarado\tInterim Director\t(212) 722-2600\t\t\"1230 5th Avenue", 137], ["\"\tINTAR 53\t508 West 53rd Street\t\tManhattan\t10019\t\tEditha Rosario\tExecutive Director\t(212) 695-6134\t\t\"508 53rd Street", 116], ["extraction; to present and produce truly bilingual professional theater; to offer artistic", 90], ["development to emerging and established artist; and in these ways to contribute towards", 87]], "average_length": 24.785156250000014}]}, {"column_name": "Business_Type_Other", "number_non_empty_cells": 76, "number_empty_cells": 180, "number_distinct_values": 66, "frequent_values": ["40.718943", "40.793072", "40.766839", "40.726785", "40.848065"], "dataTypes": [{"type": "REAL", "count": 75, "max_value": 40.855797, "min_value": 40.639512, "mean": 40.76777708000001, "stddev": 0.04494338116393736}, {"type": "TEXT", "count": 1, "shortest_values": [["The Puerto Rican Traveling Theatre", 34]], "longest_values": [["The Puerto Rican Traveling Theatre", 34]], "average_length": 34.0}]}, {"column_name": "Company_Name", "number_non_empty_cells": 159, "number_empty_cells": 97, "number_distinct_values": 150, "frequent_values": ["-73.986122", "-73.951992", "-73.946558", "-73.990807", "-73.890354"], "dataTypes": [{"type": "REAL", "count": 75, "max_value": -73.854058, "min_value": -74.014625, "mean": -73.95936780000001, "stddev": 0.03836180378970584}, {"type": "TEXT", "count": 84, "shortest_values": [["ABC No Rio", 10], ["El Puente ", 10], ["PAMAR, Inc.", 11], ["Teatro TEBA", 11], ["Teatro IATI", 11]], "longest_values": [["Caribbean Cultural Center/African Diaspora Institute", 52], ["Mano a Mano:  Mexican Culture Without Borders", 45], ["Hispanic Organization of Latin Actors (HOLA)", 44], ["Casa De La Herencia Cultural Puertorriquena", 43], ["Harbor Conservatory for the Performing Arts", 43]], "average_length": 26.702380952380945}]}, {"column_name": "Company_Description", "number_non_empty_cells": 157, "number_empty_cells": 99, "number_distinct_values": 96, "frequent_values": ["4", "3", "11", "2", "5"], "dataTypes": [{"type": "INTEGER (LONG)", "count": 75, "max_value": 12, "min_value": 1, "mean": 5.506666666666665, "stddev": 3.332159793420611}, {"type": "TEXT", "count": 83, "shortest_values": [["The mission of the Puerto Rican Traveling Theatre (PRTT) is to educate and acquaint the", 87], ["Art gallery dedicated to the promotion of outstanding artworks by Latin American artists.", 89], ["Empowering people through classes and performances on Capoeira, Brazilian self-defense disguised as dance.", 106], ["A musical group expressing the diverse Afro-Caribbean music of New York city: Salsa, Plena, Bomba, Merengue, boogalu and Latin-jazz. ", 133], ["A Salsa/Mambo dance company that also teaches classes in salsa and other Latin dances. We also provide music classes, dance socials, and an online store.", 153]], "longest_values": [["\"Since 1970, the Harbor Conservatory for the Performing Arts, a division of Boys and Girls Harbor, Inc., has undertaken an important role in the preservation of AfroCaribbean Latin music. The Conservatory's efforts have revolved around three equally important activities: instruction and development of the next generation of Latin musicians; the amassing of materials which make up the unprecedented 16,000 piece Raices Latin Music Collection; and the production of historical concerts. The Harbor's world-renowned Latin Music program is complemented by equally strong Classical Music, Dance and Drama programs. With a curriculum that ranges from Contemporary Salsa and Latin Jazz to traditional Afro-Caribbean folkloric music, and a faculty of \"\"who's who in Latin music\"\" students study a variety of musical forms such as danzon, son, cha cha cha and mambo, as they learn music illustrating different periods and artists in Latin music history. At the Conservatory students enjoy the unique opportunity to learn while playing classic music made popular by artists such as Tito Puente, Celia Cruz, Johnny Pacheco and others. The Conservatory has been a recipient of both the Tito Puente Scholarship Fund and Celia Cruz Foundation.\"", 1233], ["DreamYard is committed to helping transform Bronx schools and communities through the power of innovative, project based arts education. Our schools and students are based in the nation's poorest urban county, with one-third of the Bronx's residents living below the poverty line. In response, DreamYard programs are designed to challenge the cyclical systems of inequality and poverty by empowering youth to discover and develop their best possible selves and to locate meaningful paths and ways to engage with their fellow students, schools, families, and communities. As the largest arts education provider in the Bronx, DreamYard critically impacts the social and intellectual growth of thousands of Bronx youth through safe, positive and creatively challenging programs. DreamYard's team of professional artists partner with classroom teachers and community educators to help students learn how to express, write and perform their own stories. Through yearlong programs offered during the school day, after school, on weekends and during the summer, DreamYard supports youth development, enhances life-long learning skills, and promotes creative thinking and expression.", 1175], ["\"Bread and Roses is the not-for-profit cultural arm of New York's Health and Human Service Union, 1199/SEIU. Its 220,000 predominantly Latina and African American women members are employed in all job categories in health care institutions throughout the metropolitan area, New Jersey and Florida. Bread and Roses actively strives to depict artistic, cultural and historical themes and issues affecting people from many backgrounds. The New York Times has recognized us as \"\"the most important cultural project in the labor movement\"\". Bread and Roses established the only permanent union exhibition space in the nation, Gallery 1199, at the union's New York City headquarters. Because of its diverse constituency of working people, many of whom are immigrants, Bread and Roses is the national leader for collaborative work, with a union, to bring the arts to an enormous group of people largely not reached by traditional arts institutions and programs. \"", 956], ["Mariachi Tapatio De Alvaro Paulino began in 1983 under the direction of Alvaro Paulino. Born in Puebla, Mexico, Alvaro Paulino studied at Puebla\u00e2\u0080\u0099s Conservatory with Edmundo Cruz (a professional cornet and trumpet player who his known throughout Mexico). Alvaro began playing the trumpet at age 15 and has continued with his talent and expanded his skills over the years by playing and studying with many well-known mariachis in Mexico, such as Mariachi Metepec, Mariachi Puebla, Mariachi Cocula, Mariachi Los Arrieros, Mariachi Continental, Mariachi Los Caporales, Mariachi Los Cuervos, and many more! Alvaro has also accompanied many great artists such as Vicente Fernandez, Lola Beltran, Miguel Aceves Mejia, Lucha Villa, Gerardo Reyes, Yolanda Del Rio, Pedro Fernandez, Alicia Juarez, Paco Michel, Hermanas Huerta, Emilio Galvez, Leo Dan, Manuel Lopez Ochoa, Placido Domingo, etc.", 885], ["Taller Boricua was established in 1970, in New York as a non-profit arts organization. Taller Boricua/Puerto Rican Workshop Inc. has expanded into a multi cultural institution by providing a variety of programs that stimulate the social, cultural and economic development of the community. Our workshops offer artists the opportunity to share ideas and inspirations with colleagues, enhances productivity and collaborations with other non profit organizations, schools, artists, public service providers, private corporations, and the community. The Taller Boricua (translation: workshop Puerto Rican) has evolved into a highly respected community arts organization that continues to be a proactive resource for the promotion of the arts. We have been very successful in attracting the art community to function as an essential nucleus supporting creative means of expression.", 876]], "average_length": 461.433734939759}]}, {"column_name": "Organization_Location", "number_non_empty_cells": 155, "number_empty_cells": 101, "number_distinct_values": 100, "frequent_values": ["1", "8", "3", "4", "17"], "dataTypes": [{"type": "INTEGER (LONG)", "count": 75, "max_value": 38, "min_value": 1, "mean": 8.226666666666667, "stddev": 8.729373147915922}, {"type": "TEXT", "count": 80, "shortest_values": [["AHA", 3], ["KR3TS", 5], ["En Foco", 7], ["Manhattan", 9], ["El Puente", 9]], "longest_values": [["Mano a Mano:  Mexican Culture Without Borders", 45], ["Hispanic Organization of Latin Actors (HOLA)", 44], ["Casa De La Herencia Cultural Puertorriquena", 43], ["Harbor Conservatory for the Performing Arts", 43], ["Learning Through an Expanded Arts Program", 41]], "average_length": 24.94999999999999}]}, {"column_name": "Street_Address", "number_non_empty_cells": 155, "number_empty_cells": 101, "number_distinct_values": 132, "frequent_values": ["1402", "107 Suffolk Street", "168", "93", "172"], "dataTypes": [{"type": "INTEGER (LONG)", "count": 76, "max_value": 18502, "min_value": 9, "mean": 1709.1315789473688, "stddev": 4158.48768798322}, {"type": "TEXT", "count": 79, "shortest_values": [["310 Bowery", 10], ["2710 Broadway", 13], ["4 East 107th ", 13], ["611 Broadway ", 13], ["1230 5th Ave. ", 14]], "longest_values": [["P.O. Box 2608, Times Square Station", 35], [" P.O. Box 572, Coney Island Station", 35], ["1040 Grand Concourse at 165th St.", 33], ["585 East 187th Street, 2nd Floor", 32], ["2410 Amsterdam Avenue, 4th floor", 32]], "average_length": 19.924050632911385}]}, {"column_name": "Apt_Number", "number_non_empty_cells": 107, "number_empty_cells": 149, "number_distinct_values": 96, "frequent_values": ["1004301", "1051499", "2005939", "6th Floor", "1082642"], "dataTypes": [{"type": "INTEGER (LONG)", "count": 75, "max_value": 4437110, "min_value": 1000000, "mean": 1433843.5066666668, "stddev": 794238.3110155687}, {"type": "TEXT", "count": 32, "shortest_values": [["#2", 2], ["#5B", 3], ["#2G", 3], ["#2A", 3], ["#403", 4]], "longest_values": [["c/o Saint Athanasius School", 27], ["Joan Weill Center for Dance", 27], ["Basement North", 14], ["Suite 458 ", 10], ["Suite 11-J", 10]], "average_length": 7.6875}]}, {"column_name": "Borough", "number_non_empty_cells": 155, "number_empty_cells": 101, "number_distinct_values": 72, "frequent_values": ["Manhattan", "Bronx", "Brooklyn", "1003530054", "1016100001"], "dataTypes": [{"type": "INTEGER (LONG)", "count": 75, "max_value": 4014527501, "min_value": 1000220017, "mean": 1400733363.2400002, "stddev": 767152620.3952764}, {"type": "TEXT", "count": 80, "shortest_values": [["Bronx", 5], ["Bronx", 5], ["Bronx", 5], ["Bronx", 5], ["Bronx", 5]], "longest_values": [["Miriam Colon-Valle", 18], ["Jackson Heights", 15], ["Jackson Heights", 15], ["Manhattan", 9], ["Manhattan", 9]], "average_length": 8.487499999999999}]}, {"column_name": "Postcode", "number_non_empty_cells": 154, "number_empty_cells": 102, "number_distinct_values": 76, "frequent_values": ["10029", "East Harlem South                                                          ", "Midtown-Midtown South                                                      ", "Lower East Side                                                            ", "Clinton                                                                    "], "dataTypes": [{"type": "INTEGER (LONG)", "count": 79, "max_value": 11372, "min_value": 10001, "mean": 10261.253164556962, "stddev": 428.0541036534316}, {"type": "TEXT", "count": 75, "shortest_values": [["West Concourse                                                             ", 75], ["Chinatown                                                                  ", 75], ["Clinton                                                                    ", 75], ["East Harlem South                                                          ", 75], ["East Harlem South                                                          ", 75]], "longest_values": [["West Concourse                                                             ", 75], ["Chinatown                                                                  ", 75], ["Clinton                                                                    ", 75], ["East Harlem South                                                          ", 75], ["East Harlem South                                                          ", 75]], "average_length": 75.0}]}, {"column_name": "Business_Phone", "number_non_empty_cells": 3, "number_empty_cells": 253, "number_distinct_values": 4, "frequent_values": ["(718) 236-8689", "(212) 354-1293", "(212) 688-6862", null], "dataTypes": [{"type": "TEXT", "count": 3, "shortest_values": [["(212) 354-1293", 14], ["(212) 688-6862", 14], ["(718) 236-8689", 14]], "longest_values": [["(212) 354-1293", 14], ["(212) 688-6862", 14], ["(718) 236-8689", 14]], "average_length": 14.0}]}, {"column_name": "Contact_Name", "number_non_empty_cells": 68, "number_empty_cells": 188, "number_distinct_values": 69, "frequent_values": ["Eric Stephen Booth", "Annabella Gonzalez", "Alvaro Paulino, Jr.", "Jose Cheo Oliveras", "Tim Lord"], "dataTypes": [{"type": "TEXT", "count": 68, "shortest_values": [["Tim Lord", 8], ["Rome Neal", 9], ["Ethel Raim", 10], ["Gail Velez", 10], ["Bob Holman", 10]], "longest_values": [["Julia L. Gutierrez-Rivera", 25], ["Sharon Gersten Luckman", 22], ["Antonio Sergio Bessa", 20], ["Dr. Anthony De Jesus", 20], ["Alvaro Paulino, Jr.", 19]], "average_length": 14.41176470588235}]}, {"column_name": "Contact_Title", "number_non_empty_cells": 59, "number_empty_cells": 197, "number_distinct_values": 24, "frequent_values": ["Executive Director", "Artistic Director", "Director", "President", "Executive Producer"], "dataTypes": [{"type": "TEXT", "count": 59, "shortest_values": [["CEO", 3], ["COO", 3], ["CEO", 3], ["Owner", 5], ["Director", 8]], "longest_values": [["Director of Audience Development", 32], ["Director of External Affairs", 28], ["Acting Director of Programs", 27], ["Interim Executive Director", 26], ["Executive Assistant", 19]], "average_length": 15.59322033898305}]}, {"column_name": "Contact_Phone", "number_non_empty_cells": 76, "number_empty_cells": 180, "number_distinct_values": 77, "frequent_values": ["(212) 260-4080 ext 12", "(212) 889-2850 x 955", "(718) 396-1161", "(347) 223-5008", "(718) 842-5223"], "dataTypes": [{"type": "TEXT", "count": 76, "shortest_values": [["(212)665-9460", 13], ["(718) 588-8807", 14], ["(212) 254-3697", 14], ["(212) 722-2600", 14], ["(212) 831-4333", 14]], "longest_values": [["(212) 427-2244, ext. 572", 24], ["(212) 307-7420 ext. 3004", 24], ["(212) 362-6710, ext. 24", 23], ["(212) 410-0030 ext 279", 22], ["(718) 589-5819 ext. 11", 22]], "average_length": 14.75}]}, {"column_name": "Contact_Fax", "number_non_empty_cells": 1, "number_empty_cells": 255, "number_distinct_values": 2, "frequent_values": ["(212) 688-6862", null], "dataTypes": [{"type": "TEXT", "count": 1, "shortest_values": [["(212) 688-6862", 14]], "longest_values": [["(212) 688-6862", 14]], "average_length": 14.0}]}, {"column_name": "Location", "number_non_empty_cells": 79, "number_empty_cells": 177, "number_distinct_values": 73, "frequent_values": ["107 Suffolk Street", "59 61 East 4th Street", "1680 Lexington Avenue", "1738 Hone Avenue", "37 57th Street"], "dataTypes": [{"type": "DATE/TIME", "count": 1, "max_value": "0107-04-07T00:00:00", "min_value": "0107-04-07T00:00:00"}, {"type": "TEXT", "count": 78, "shortest_values": [["7 Bronx", 7], ["310 Bowery", 10], ["338 106 St", 10], ["32 Broadway", 11], ["236 3rd Ave", 11]], "longest_values": [["1040 Grand Concourse at 165th St", 32], ["33 16 79th St Jackson Heights", 29], ["570 Fort Washington Avenue", 26], ["2608 Times Square Station", 25], ["572 Coney Island Station", 24]], "average_length": 16.6025641025641}]}, {"column_name": "Latitude", "number_non_empty_cells": 0, "number_empty_cells": 256, "number_distinct_values": 1, "frequent_values": [null], "dataTypes": []}, {"column_name": "Longitude", "number_non_empty_cells": 0, "number_empty_cells": 256, "number_distinct_values": 1, "frequent_values": [null], "dataTypes": []}, {"column_name": "Community_Board", "number_non_empty_cells": 0, "number_empty_cells": 256, "number_distinct_values": 1, "frequent_values": [null], "dataTypes": []}, {"column_name": "Council_District", "number_non_empty_cells": 0, "number_empty_cells": 256, "number_distinct_values": 1, "frequent_values": [null], "dataTypes": []}, {"column_name": "Census_Tract", "number_non_empty_cells": 0, "number_empty_cells": 256, "number_distinct_values": 1, "frequent_values": [null], "dataTypes": []}, {"column_name": "BIN", "number_non_empty_cells": 0, "number_empty_cells": 256, "number_distinct_values": 1, "frequent_values": [null], "dataTypes": []}, {"column_name": "BBL", "number_non_empty_cells": 0, "number_empty_cells": 256, "number_distinct_values": 1, "frequent_values": [null], "dataTypes": []}, {"column_name": "NTA", "number_non_empty_cells": 0, "number_empty_cells": 256, "number_distinct_values": 1, "frequent_values": [null], "dataTypes": []}]}