{"dataset_name": "/user/hm74/NYCOpenData/7btz-mnc8.tsv.gz", "columns": [{"column_name": "Provider_First_Name", "number_non_empty_cells": 1927, "number_empty_cells": 104, "number_distinct_values": 1273, "frequent_values": ["David", "Michael", "Robert", "Joseph", "Jose"], "dataTypes": [{"type": "DATE/TIME", "count": 2, "max_value": "2019-06-08T00:00:00", "min_value": "2019-04-08T00:00:00"}, {"type": "TEXT", "count": 1927, "shortest_values": [["O", 1], ["P", 1], ["M", 1], ["A", 1], ["G", 1]], "longest_values": [["Ma Jesusa Christina", 19], ["Cynthia Sudar Singh", 19], ["Eugene (Chien K.)", 17], ["Maria Del Carmen", 16], ["Maria Del Carmen", 16]], "average_length": 6.188894654903987}]}, {"column_name": "Provider_Last_Name", "number_non_empty_cells": 1940, "number_empty_cells": 91, "number_distinct_values": 1519, "frequent_values": ["Patel", "Lee", "TBD", "Chan", "Ahmed"], "dataTypes": [{"type": "DATE/TIME", "count": 1, "max_value": "2019-12-08T00:00:00", "min_value": "2019-12-08T00:00:00"}, {"type": "TEXT", "count": 1939, "shortest_values": [["_", 1], ["Wu", 2], ["Co", 2], ["Li", 2], ["Hu", 2]], "longest_values": [["Lesicka M.D F.A.A.P., P.C.", 26], ["Martinez de Pimentel", 20], ["Martinez de Pimentel", 20], ["Murayama-Greenbaum", 18], ["Fulgencio-Delmonte", 18]], "average_length": 6.526044352759151}]}, {"column_name": "Practice_Name", "number_non_empty_cells": 2031, "number_empty_cells": 0, "number_distinct_values": 907, "frequent_values": ["Murray Hill Medical Group", "Essen Medical Associates, P.C.", "New York Walk-In Medical Group, P.C. dba DR Walk-In Medical Care", "Perry Avenue Family Medical", "Village Diagnostic & Treatment Center aka Village Care"], "dataTypes": [{"type": "TEXT", "count": 2031, "shortest_values": [["Bo Chen MD", 10], ["BASICS INC", 10], ["Rong Xu MD", 10], ["Yan Wang MD", 11], ["Teresita Go", 11]], "longest_values": [["Phase Piggy Back Inc./Barbee Family Health Center, George & Eva Neil", 68], ["New York Patient First Medical and Geriatric Quality Health Services", 68], ["New York Patient First Medical and Geriatric Quality Health Services", 68], ["Kingsbridge Community Medical P.C d/b/a NY Metro Sleep Medical PC", 65], ["Kingsbridge Community Medical P.C d/b/a NY Metro Sleep Medical PC", 65]], "average_length": 27.930083702609537}]}, {"column_name": "Primary_Speciality", "number_non_empty_cells": 1857, "number_empty_cells": 174, "number_distinct_values": 43, "frequent_values": ["Internal Medicine", "Pediatrics", "Family Medicine", "Other", "OB/GYN"], "dataTypes": [{"type": "TEXT", "count": 1857, "shortest_values": [["GI", 2], ["GI", 2], ["GI", 2], ["PMR", 3], ["HIV", 3]], "longest_values": [["Health Care for the Homeless", 28], ["Health Care for the Homeless", 28], ["Health Care for the Homeless", 28], ["Health Care for the Homeless", 28], ["Health Care for the Homeless", 28]], "average_length": 13.363489499192235}]}, {"column_name": "Site_Name", "number_non_empty_cells": 2031, "number_empty_cells": 0, "number_distinct_values": 1024, "frequent_values": ["Essen Medical Associates PC", "Perry Avenue Family Medical", "Village Diagnostic & Treatment Center", "Kingsbridge Community Medical PC", "139 Medical Group"], "dataTypes": [{"type": "TEXT", "count": 2031, "shortest_values": [["ICL", 3], ["Bronx", 5], ["Brooklyn", 8], ["Boriken ", 8], ["DalanMD1", 8]], "longest_values": [["Murray Hill Medical Group, PC (E. 37th St. Gastroenterology & Cardiology Offices", 80], ["Murray Hill Medical Group, PC (E. 37th St. Gastroenterology & Cardiology Offices", 80], ["Murray Hill Medical Group, PC (E. 37th St. Gastroenterology & Cardiology Offices", 80], ["Murray Hill Medical Group, PC (E. 37th St. Gastroenterology & Cardiology Offices", 80], ["Murray Hill Medical Group, PC (E. 37th St. Gastroenterology & Cardiology Offices", 80]], "average_length": 29.83850320039385}]}, {"column_name": "Practice_Borough", "number_non_empty_cells": 2031, "number_empty_cells": 0, "number_distinct_values": 9, "frequent_values": ["Queens", "Manhattan", "Brooklyn", "Bronx", "Staten Island"], "dataTypes": [{"type": "TEXT", "count": 2031, "shortest_values": [["Bronx", 5], ["Bronx", 5], ["Bronx", 5], ["Bronx", 5], ["Bronx", 5]], "longest_values": [["Jackson Heights", 15], ["Staten Island", 13], ["Staten Island", 13], ["Staten Island", 13], ["Staten Island", 13]], "average_length": 7.4451009354997515}]}, {"column_name": "Practice_Mailing_Address", "number_non_empty_cells": 2024, "number_empty_cells": 7, "number_distinct_values": 1072, "frequent_values": ["317 E. 34th St.", "2015 Grand Concourse", "3071 Perry Avenue", "1627 Broadway", "121A West 20th Street"], "dataTypes": [{"type": "TEXT", "count": 2026, "shortest_values": [["-", 1], ["-", 1], ["-", 1], ["-", 1], ["-", 1]], "longest_values": [["136-17 39th Avenue, Flushing NY, 11354, Suite CFC, 4th Floor", 60], ["221 W. 138th St., Ground Flr, Medical Suite", 43], ["510-526 Avenue of the Americas, Floor SC", 40], ["2311 Adam Clayton Powell Jr.Boulevard", 37], ["353 Ocean Ave # G, Brooklyn, NY 11226", 37]], "average_length": 19.42003948667323}]}, {"column_name": "Practice_Phone_Number", "number_non_empty_cells": 2029, "number_empty_cells": 2, "number_distinct_values": 1002, "frequent_values": ["(212) 726-7400", "(718) 299-7295", "(212) 245-2943", "(718) 231-6700", "(718) 850-1673"], "dataTypes": [{"type": "INTEGER (LONG)", "count": 13, "max_value": 17185025150, "min_value": 2124822400, "mean": 7566120814.692307, "stddev": 3084922461.4672017}, {"type": "TEXT", "count": 2016, "shortest_values": [["718 723 4303", 12], ["718 493 7363", 12], ["718-461-7666", 12], ["718-846-2222", 12], ["212-274-1811", 12]], "longest_values": [["(516) 383-0043 cell but prefered contact", 40], ["(718) 606-0023 ; cell: (917) 776-3092", 37], ["(718) 454-8556 x 13 ; (917) 939-3003", 36], ["cell: (516) 458-2245 (718) 740-4066", 35], ["(718) 921-0979 ; (H): 718-921-3594", 34]], "average_length": 14.17757936507936}]}, {"column_name": "Organization_Type", "number_non_empty_cells": 2031, "number_empty_cells": 0, "number_distinct_values": 3, "frequent_values": ["Small Practice", "Community Health Center", "Hospital"], "dataTypes": [{"type": "TEXT", "count": 2031, "shortest_values": [["Hospital", 8], ["Hospital", 8], ["Hospital", 8], ["Hospital", 8], ["Hospital", 8]], "longest_values": [["Community Health Center", 23], ["Community Health Center", 23], ["Community Health Center", 23], ["Community Health Center", 23], ["Community Health Center", 23]], "average_length": 14.25553914327916}]}, {"column_name": "Practice_Zip_Code", "number_non_empty_cells": 2030, "number_empty_cells": 1, "number_distinct_values": 161, "frequent_values": [10016, 11372, 10033, 10013, 11220], "dataTypes": [{"type": "INTEGER (LONG)", "count": 2030, "max_value": 19461, "min_value": 10001, "mean": 10784.845320197066, "stddev": 609.933553447387}]}]}