{"dataset_name": "/user/hm74/NYCOpenData/7ceq-6nwu.tsv.gz", "columns": [{"column_name": "Agency", "number_non_empty_cells": 209, "number_empty_cells": 0, "number_distinct_values": 44, "frequent_values": ["DPR", "NYPD", "ACS", "HRA", "DOHMH"], "dataTypes": [{"type": "INTEGER (LONG)", "count": 3, "max_value": 311, "min_value": 311, "mean": 311.0, "stddev": 0.0}, {"type": "TEXT", "count": 206, "shortest_values": [["ACS", 3], ["ACS", 3], ["ACS", 3], ["ACS", 3], ["ACS", 3]], "longest_values": [["NYCH+H", 6], ["NYCH+H", 6], ["NYCH+H", 6], ["NYCH+H", 6], ["NYCH+H", 6]], "average_length": 3.5631067961165046}]}, {"column_name": "Resource_Indicators", "number_non_empty_cells": 209, "number_empty_cells": 0, "number_distinct_values": 16, "frequent_values": ["Expenditures ($000,000)", "Personnel", "Revenues ($000,000)", "Overtime paid ($000,000)", "Capital commitments ($000,000)"], "dataTypes": [{"type": "TEXT", "count": 209, "shortest_values": [["Personnel", 9], ["Personnel", 9], ["Personnel", 9], ["Personnel", 9], ["Personnel", 9]], "longest_values": [["Capital commitments (capital projects managed for client agencies) ($000,000)", 77], ["Work Experience Program (WEP) participants assigned", 51], ["Work Experience Program (WEP) participants assigned", 51], ["Work Experience Program (WEP) participants assigned", 51], ["Work Experience Program (WEP) participants assigned", 51]], "average_length": 22.770334928229662}]}, {"column_name": "FY13_Actual", "number_non_empty_cells": 209, "number_empty_cells": 0, "number_distinct_values": 203, "frequent_values": ["$1.7", "$1", "$67", "162", "$6.1"], "dataTypes": [{"type": "INTEGER (LONG)", "count": 32, "max_value": 952, "min_value": 1, "mean": 336.09375, "stddev": 273.9776860639156}, {"type": "DATE/TIME", "count": 25, "max_value": "2068-02-07T00:00:00", "min_value": "0121-07-07T00:00:00"}, {"type": "TEXT", "count": 152, "shortest_values": [["$1", 2], ["$0", 2], ["$1", 2], ["$48", 3], ["$67", 3]], "longest_values": [["$19,232.4", 9], ["$2,805.0", 8], ["$1,630.0", 8], ["$1,177.6", 8], ["$1,199.6", 8]], "average_length": 5.32236842105263}]}, {"column_name": "FY14_Actual", "number_non_empty_cells": 209, "number_empty_cells": 0, "number_distinct_values": 203, "frequent_values": ["$0", "$3.1", "$62.9", "64", "$5.6"], "dataTypes": [{"type": "INTEGER (LONG)", "count": 33, "max_value": 960, "min_value": 11, "mean": 333.0909090909091, "stddev": 269.45954479474597}, {"type": "DATE/TIME", "count": 24, "max_value": "2019-02-01T00:00:00", "min_value": "0134-12-07T00:00:00"}, {"type": "TEXT", "count": 152, "shortest_values": [["$4", 2], ["$0", 2], ["$0", 2], ["$43", 3], ["$74", 3]], "longest_values": [["$20,085.3", 9], ["$2,785.5", 8], ["$1,629.5", 8], ["$1,201.7", 8], ["$1,301.3", 8]], "average_length": 5.375}]}, {"column_name": "FY15_Actual", "number_non_empty_cells": 209, "number_empty_cells": 0, "number_distinct_values": 202, "frequent_values": ["0", "71", "$37.4", "$5.8", "$41"], "dataTypes": [{"type": "INTEGER (LONG)", "count": 32, "max_value": 945, "min_value": 0, "mean": 297.93750000000006, "stddev": 258.7339291506817}, {"type": "DATE/TIME", "count": 25, "max_value": "2019-03-08T00:00:00", "min_value": "0105-02-07T00:00:00"}, {"type": "TEXT", "count": 152, "shortest_values": [["$9", 2], ["$0", 2], ["$1", 2], ["$48", 3], ["$41", 3]], "longest_values": [["$20,999.4", 9], ["$2,826.7", 8], ["$1,647.8", 8], ["$1,157.8", 8], ["$1,439.2", 8]], "average_length": 5.361842105263161}]}, {"column_name": "FY16_Sept_2015_MMR_Plan", "number_non_empty_cells": 209, "number_empty_cells": 0, "number_distinct_values": 191, "frequent_values": ["*", "$0", "$3.4", "$1.0", "$22.6"], "dataTypes": [{"type": "INTEGER (LONG)", "count": 19, "max_value": 757, "min_value": 49, "mean": 342.84210526315786, "stddev": 225.12786148458056}, {"type": "DATE/TIME", "count": 26, "max_value": "2019-04-05T00:00:00", "min_value": "0114-02-07T00:00:00"}, {"type": "TEXT", "count": 164, "shortest_values": [["*", 1], ["*", 1], ["*", 1], ["*", 1], ["*", 1]], "longest_values": [["$21,909.7", 9], ["$2,948.9", 8], ["$1,693.6", 8], ["$1,183.2", 8], ["$1,875.5", 8]], "average_length": 5.006097560975613}]}, {"column_name": "FY16_Updated_Plan_from_Jan_2016_Financial_Plan", "number_non_empty_cells": 209, "number_empty_cells": 0, "number_distinct_values": 191, "frequent_values": ["*", "$0", "$3.4", "$491.5", "$2.1"], "dataTypes": [{"type": "INTEGER (LONG)", "count": 19, "max_value": 800, "min_value": 60, "mean": 377.89473684210526, "stddev": 236.56842667316144}, {"type": "DATE/TIME", "count": 25, "max_value": "2063-01-07T00:00:00", "min_value": "0138-12-07T00:00:00"}, {"type": "TEXT", "count": 165, "shortest_values": [["*", 1], ["*", 1], ["*", 1], ["*", 1], ["*", 1]], "longest_values": [["$21,972.5", 9], ["$2,996.3", 8], ["$1,729.6", 8], ["$1,057.3", 8], ["$1,238.2", 8]], "average_length": 5.109090909090911}]}, {"column_name": "FY17_Plan_from_Jan_2016_Financial__Plan", "number_non_empty_cells": 209, "number_empty_cells": 0, "number_distinct_values": 190, "frequent_values": ["*", "$0", "$39.9", "$40.8", "$3.4"], "dataTypes": [{"type": "INTEGER (LONG)", "count": 19, "max_value": 800, "min_value": 52, "mean": 365.6842105263158, "stddev": 245.43046021902845}, {"type": "DATE/TIME", "count": 25, "max_value": "2068-04-07T00:00:00", "min_value": "0135-04-07T00:00:00"}, {"type": "TEXT", "count": 165, "shortest_values": [["*", 1], ["*", 1], ["*", 1], ["*", 1], ["*", 1]], "longest_values": [["$22,881.2", 9], ["$2,968.8", 8], ["$1,708.2", 8], ["$1,188.8", 8], ["$1,230.7", 8]], "average_length": 4.987878787878788}]}, {"column_name": "FY15_4Month_Actual", "number_non_empty_cells": 208, "number_empty_cells": 1, "number_distinct_values": 196, "frequent_values": ["$13", "$0.4", "$8.1", "$56.3", "$3.0"], "dataTypes": [{"type": "INTEGER (LONG)", "count": 32, "max_value": 959, "min_value": 0, "mean": 312.8125, "stddev": 270.01266608022297}, {"type": "DATE/TIME", "count": 25, "max_value": "2060-02-07T00:00:00", "min_value": "0135-12-07T00:00:00"}, {"type": "TEXT", "count": 152, "shortest_values": [["$1", 2], ["$0", 2], ["NA", 2], ["$3", 2], ["$0", 2]], "longest_values": [["$1,537.1", 8], ["$7,751.9", 8], ["$2,048.7", 8], ["$1,587.4", 8], ["$3,463.6", 8]], "average_length": 4.842105263157895}]}, {"column_name": "FY16_4Month_Actual", "number_non_empty_cells": 208, "number_empty_cells": 1, "number_distinct_values": 193, "frequent_values": ["0", "$0", "$2.3", "$7.7", "$3.7"], "dataTypes": [{"type": "INTEGER (LONG)", "count": 32, "max_value": 950, "min_value": 0, "mean": 278.03125, "stddev": 265.9932429093595}, {"type": "DATE/TIME", "count": 23, "max_value": "2057-09-07T00:00:00", "min_value": "0131-02-07T00:00:00"}, {"type": "TEXT", "count": 154, "shortest_values": [["$1", 2], ["$0", 2], ["NA", 2], ["$6", 2], ["$0", 2]], "longest_values": [["$1,504.9", 8], ["$8,360.6", 8], ["$2,419.1", 8], ["$2,143.4", 8], ["$3,474.7", 8]], "average_length": 4.8311688311688314}]}, {"column_name": "Notes", "number_non_empty_cells": 10, "number_empty_cells": 199, "number_distinct_values": 6, "frequent_values": ["Consistent with NYC H + H November 2015 Plan", "This is a subtotal of the Department of Information Technology and Telecommunications total.", "Consistent with NYC January 2016 Plan   ", "This does not include any of the approximately $1.5 billion the City receives annually from the NYC Water Board in reimbursement for operations and maintenance and in rent.", "POP participants, reflected as full-time equivalents, are a subtotal of the Department's total Personnel count."], "dataTypes": [{"type": "TEXT", "count": 10, "shortest_values": [["Consistent with NYC January 2016 Plan   ", 40], ["Consistent with NYC January 2016 Plan   ", 40], ["Consistent with NYC H + H November 2015 Plan", 44], ["Consistent with NYC H + H November 2015 Plan", 44], ["Consistent with NYC H + H November 2015 Plan", 44]], "longest_values": [["This does not include any of the approximately $1.5 billion the City receives annually from the NYC Water Board in reimbursement for operations and maintenance and in rent.", 172], ["POP participants, reflected as full-time equivalents, are a subtotal of the Department's total Personnel count.", 111], ["This is a subtotal of the Department of Information Technology and Telecommunications total.", 92], ["This is a subtotal of the Department of Information Technology and Telecommunications total.", 92], ["This is a subtotal of the Department of Information Technology and Telecommunications total.", 92]], "average_length": 77.10000000000001}]}]}