{"dataset_name": "/user/hm74/NYCOpenData/7ewi-9cdf.tsv.gz", "columns": [{"column_name": "Year", "number_non_empty_cells": 274, "number_empty_cells": 0, "number_distinct_values": 6, "frequent_values": [2010, 2011, 2013, 2012, 2014], "dataTypes": [{"type": "INTEGER (LONG)", "count": 274, "max_value": 2015, "min_value": 2010, "mean": 2012.3905109489049, "stddev": 1.7014542175034375}]}, {"column_name": "Marshal Last Name", "number_non_empty_cells": 274, "number_empty_cells": 0, "number_distinct_values": 80, "frequent_values": ["Finardo", "Weinheim", "Villanueva", "Siracusa", "Bia"], "dataTypes": [{"type": "TEXT", "count": 274, "shortest_values": [["Bia", 3], ["Bia", 3], ["Bia", 3], ["Bia", 3], ["Bia", 3]], "longest_values": [["Shapiro, Jerold (deceased)", 26], ["Shapiro, Joel lresianed)", 24], ["Sampson (winding down)", 22], ["Frankenbera (Retired)", 21], ["Moses, M (deceased)", 19]], "average_length": 8.186131386861307}]}, {"column_name": "Assessment Fee", "number_non_empty_cells": 273, "number_empty_cells": 1, "number_distinct_values": 273, "frequent_values": ["$1,500.00", "$28,578.70", "$72,982.59", "$21,379.80", "$13,316.78"], "dataTypes": [{"type": "TEXT", "count": 273, "shortest_values": [["$71.50", 6], ["$2,015.58", 9], ["$6,686.17", 9], ["$1,207.60", 9], ["$1,500.00", 9]], "longest_values": [["$193,467 .65", 12], ["$226,392 .81", 12], ["$205, 152.22", 12], ["$151,600.01", 11], ["$161,867.02", 11]], "average_length": 9.967032967032969}]}, {"column_name": "Adjusted Gross Fee & Poundage", "number_non_empty_cells": 273, "number_empty_cells": 1, "number_distinct_values": 274, "frequent_values": ["$383,681.08", "$897,822.02", "$1,146,546.31", "$61,276 .97", "$2,537,335.06"], "dataTypes": [{"type": "TEXT", "count": 273, "shortest_values": [["$0.00", 5], ["$1,588.81", 9], ["$6,691.68", 9], ["$2,349.64", 9], ["$1,765.00", 9]], "longest_values": [["$1,033,851 .00", 14], ["$1,885,136 .58", 14], ["$1,200,393 .90", 14], ["$1,044,332 .88", 14], ["$1,104,447 .00", 14]], "average_length": 11.648351648351646}]}, {"column_name": "Net Income - Marshal's Office", "number_non_empty_cells": 41, "number_empty_cells": 233, "number_distinct_values": 42, "frequent_values": ["$361,343.50", "$1,613,701.06", "$632,291.95", "$315,661.13", "$45,724.96"], "dataTypes": [{"type": "TEXT", "count": 41, "shortest_values": [["$17.31", 6], ["$19,379.14", 10], ["$99,518.57", 10], ["$88,868.43", 10], ["$45,724.96", 10]], "longest_values": [["$1,612,093.28", 13], ["$1,613,701.06", 13], ["$323,641. 15", 12], ["$204,481 .37", 12], ["$267,555.67", 11]], "average_length": 10.926829268292682}]}]}