{"dataset_name": "/user/hm74/NYCOpenData/7fnf-kyf4.tsv.gz", "columns": [{"column_name": "NEIGHBORHOOD", "number_non_empty_cells": 160, "number_empty_cells": 3, "number_distinct_values": 58, "frequent_values": ["SOUTH JAMAICA            ", "WHITESTONE               ", "OZONE PARK               ", "LAURELTON                ", "GLEN OAKS                "], "dataTypes": [{"type": "TEXT", "count": 163, "shortest_values": [["AIRPORT LA GUARDIA       ", 25], ["AIRPORT LA GUARDIA       ", 25], ["AIRPORT LA GUARDIA       ", 25], ["ARVERNE                  ", 25], ["ARVERNE                  ", 25]], "longest_values": [["AIRPORT LA GUARDIA       ", 25], ["AIRPORT LA GUARDIA       ", 25], ["AIRPORT LA GUARDIA       ", 25], ["ARVERNE                  ", 25], ["ARVERNE                  ", 25]], "average_length": 25.0}]}, {"column_name": "TYPE OF HOME", "number_non_empty_cells": 163, "number_empty_cells": 0, "number_distinct_values": 3, "frequent_values": ["01 ONE FAMILY HOMES                        ", "02 TWO FAMILY HOMES                        ", "03 THREE FAMILY HOMES                      "], "dataTypes": [{"type": "TEXT", "count": 163, "shortest_values": [["01 ONE FAMILY HOMES                        ", 43], ["02 TWO FAMILY HOMES                        ", 43], ["03 THREE FAMILY HOMES                      ", 43], ["01 ONE FAMILY HOMES                        ", 43], ["02 TWO FAMILY HOMES                        ", 43]], "longest_values": [["01 ONE FAMILY HOMES                        ", 43], ["02 TWO FAMILY HOMES                        ", 43], ["03 THREE FAMILY HOMES                      ", 43], ["01 ONE FAMILY HOMES                        ", 43], ["02 TWO FAMILY HOMES                        ", 43]], "average_length": 43.0}]}, {"column_name": "NUMBER OF SALES", "number_non_empty_cells": 163, "number_empty_cells": 0, "number_distinct_values": 115, "frequent_values": [7, 4, 10, 1, 11], "dataTypes": [{"type": "INTEGER (LONG)", "count": 163, "max_value": 668, "min_value": 1, "mean": 109.57055214723928, "stddev": 132.363042741334}]}, {"column_name": "LOWEST SALE PRICE", "number_non_empty_cells": 163, "number_empty_cells": 0, "number_distinct_values": 86, "frequent_values": [150000.0, 200000.0, 160000.0, 250000.0, 180000.0], "dataTypes": [{"type": "REAL", "count": 163, "max_value": 997000.0, "min_value": 150000.0, "mean": 277324.6134969326, "stddev": 164500.1689021202}]}, {"column_name": "AVERAGE SALE PRICE", "number_non_empty_cells": 163, "number_empty_cells": 0, "number_distinct_values": 163, "frequent_values": [767667.0, 578130.0, 355188.0, 758351.0, 475000.0], "dataTypes": [{"type": "REAL", "count": 163, "max_value": 997917.0, "min_value": 262125.0, "mean": 595350.680981595, "stddev": 152500.39808350758}]}, {"column_name": "MEDIAN SALE PRICE", "number_non_empty_cells": 163, "number_empty_cells": 0, "number_distinct_values": 125, "frequent_values": [550000.0, 650000.0, 750000.0, 720000.0, 740000.0], "dataTypes": [{"type": "REAL", "count": 163, "max_value": 998000.0, "min_value": 255125.0, "mean": 590589.4662576686, "stddev": 149055.3896706061}]}, {"column_name": "HIGHEST SALE PRICE", "number_non_empty_cells": 163, "number_empty_cells": 0, "number_distinct_values": 118, "frequent_values": [1400000.0, 720000.0, 995000.0, 990000.0, 1200000.0], "dataTypes": [{"type": "REAL", "count": 163, "max_value": 2750000.0, "min_value": 362500.0, "mean": 1025964.9386503067, "stddev": 437392.26999982924}]}]}