{"dataset_name": "/user/hm74/NYCOpenData/7ggc-ypzi.tsv.gz", "columns": [{"column_name": "Grade", "number_non_empty_cells": 70, "number_empty_cells": 0, "number_distinct_values": 7, "frequent_values": ["7", "3", "8", "5", "6"], "dataTypes": [{"type": "INTEGER (LONG)", "count": 60, "max_value": 8, "min_value": 3, "mean": 5.5, "stddev": 1.707825127659933}, {"type": "TEXT", "count": 10, "shortest_values": [["All Grades", 10], ["All Grades", 10], ["All Grades", 10], ["All Grades", 10], ["All Grades", 10]], "longest_values": [["All Grades", 10], ["All Grades", 10], ["All Grades", 10], ["All Grades", 10], ["All Grades", 10]], "average_length": 10.0}]}, {"column_name": "Year", "number_non_empty_cells": 70, "number_empty_cells": 0, "number_distinct_values": 5, "frequent_values": [2015, 2013, 2014, 2016, 2017], "dataTypes": [{"type": "INTEGER (LONG)", "count": 70, "max_value": 2017, "min_value": 2013, "mean": 2015.0, "stddev": 1.4142135623730943}]}, {"column_name": "Category", "number_non_empty_cells": 70, "number_empty_cells": 0, "number_distinct_values": 2, "frequent_values": ["Not SWD", "SWD"], "dataTypes": [{"type": "TEXT", "count": 70, "shortest_values": [["SWD", 3], ["SWD", 3], ["SWD", 3], ["SWD", 3], ["SWD", 3]], "longest_values": [["Not SWD", 7], ["Not SWD", 7], ["Not SWD", 7], ["Not SWD", 7], ["Not SWD", 7]], "average_length": 5.000000000000001}]}, {"column_name": "Number Tested", "number_non_empty_cells": 70, "number_empty_cells": 0, "number_distinct_values": 70, "frequent_values": [342478, 12582, 56474, 57086, 56928], "dataTypes": [{"type": "INTEGER (LONG)", "count": 70, "max_value": 342478, "min_value": 11575, "mean": 57693.37142857144, "stddev": 76207.0820934964}]}, {"column_name": "Mean Scale Score", "number_non_empty_cells": 70, "number_empty_cells": 0, "number_distinct_values": 33, "frequent_values": [311, 273, 272, 310, 308], "dataTypes": [{"type": "INTEGER (LONG)", "count": 70, "max_value": 316, "min_value": 263, "mean": 290.57142857142844, "stddev": 18.572307671501026}]}, {"column_name": "Level1_N", "number_non_empty_cells": 70, "number_empty_cells": 0, "number_distinct_values": 69, "frequent_values": [9668, 101563, 10183, 12436, 19567], "dataTypes": [{"type": "INTEGER (LONG)", "count": 70, "max_value": 101563, "min_value": 7423, "mean": 19639.714285714286, "stddev": 21159.526305218285}]}, {"column_name": "Level1_%", "number_non_empty_cells": 70, "number_empty_cells": 0, "number_distinct_values": 65, "frequent_values": [72.1, 71.5, 31.3, 26.6, 25.6], "dataTypes": [{"type": "REAL", "count": 70, "max_value": 77.5, "min_value": 19.7, "mean": 45.339999999999996, "stddev": 19.826723668538165}]}, {"column_name": "Level2_N", "number_non_empty_cells": 70, "number_empty_cells": 0, "number_distinct_values": 69, "frequent_values": [15752, 3198, 17554, 4418, 16189], "dataTypes": [{"type": "INTEGER (LONG)", "count": 70, "max_value": 122587, "min_value": 2351, "mean": 18095.08571428572, "stddev": 25470.1918163975}]}, {"column_name": "Level2_%", "number_non_empty_cells": 70, "number_empty_cells": 0, "number_distinct_values": 58, "frequent_values": [30.3, 27.7, 22.6, 32.2, 35.2], "dataTypes": [{"type": "REAL", "count": 70, "max_value": 41.2, "min_value": 18.1, "mean": 29.029999999999987, "stddev": 5.309246650891248}]}, {"column_name": "Level3_N", "number_non_empty_cells": 70, "number_empty_cells": 0, "number_distinct_values": 69, "frequent_values": [13448, 6933, 879, 6832, 1468], "dataTypes": [{"type": "INTEGER (LONG)", "count": 70, "max_value": 74627, "min_value": 402, "mean": 11218.457142857143, "stddev": 17649.401737886365}]}, {"column_name": "Level3_%", "number_non_empty_cells": 70, "number_empty_cells": 0, "number_distinct_values": 62, "frequent_values": [5.9, 22.6, 9.8, 24.3, 23.2], "dataTypes": [{"type": "REAL", "count": 70, "max_value": 28.1, "min_value": 3.5, "mean": 15.045714285714292, "stddev": 7.857620245237573}]}, {"column_name": "Level4_N", "number_non_empty_cells": 70, "number_empty_cells": 0, "number_distinct_values": 69, "frequent_values": [459, 784, 4452, 101, 12287], "dataTypes": [{"type": "INTEGER (LONG)", "count": 70, "max_value": 67292, "min_value": 82, "mean": 8740.114285714291, "stddev": 14802.572696801108}]}, {"column_name": "Level4_%", "number_non_empty_cells": 70, "number_empty_cells": 0, "number_distinct_values": 56, "frequent_values": [3.5, 3.1, 1.7, 2.9, 25.1], "dataTypes": [{"type": "REAL", "count": 70, "max_value": 26.8, "min_value": 0.7, "mean": 10.591428571428576, "stddev": 8.489501800242847}]}, {"column_name": "Level3+4_N", "number_non_empty_cells": 70, "number_empty_cells": 0, "number_distinct_values": 70, "frequent_values": [2833, 118328, 19346, 976, 25478], "dataTypes": [{"type": "INTEGER (LONG)", "count": 70, "max_value": 138883, "min_value": 484, "mean": 19958.571428571428, "stddev": 32279.060502601566}]}, {"column_name": "Level3+4_%", "number_non_empty_cells": 70, "number_empty_cells": 0, "number_distinct_values": 64, "frequent_values": [27.5, 34.6, 5.4, 11.4, 44.6], "dataTypes": [{"type": "REAL", "count": 70, "max_value": 52.6, "min_value": 4.2, "mean": 25.62714285714285, "stddev": 15.971804812844153}]}]}