{"dataset_name": "/user/hm74/NYCOpenData/7h99-xsqt.tsv.gz", "columns": [{"column_name": "Appeal_Type", "number_non_empty_cells": 1206, "number_empty_cells": 0, "number_distinct_values": 8, "frequent_values": ["Section 50", "Waiting for DQ", "Section 76", "Jurisdictional Issue", "Waiting for Appeal Request"], "dataTypes": [{"type": "TEXT", "count": 1206, "shortest_values": [["Other", 5], ["Other", 5], ["Other", 5], ["Section 50", 10], ["Section 50", 10]], "longest_values": [["Waiting for Appeal Request", 26], ["Waiting for Appeal Request", 26], ["Waiting for Appeal Request", 26], ["Waiting for Appeal Request", 26], ["Waiting for Appeal Request", 26]], "average_length": 10.634328358208942}]}, {"column_name": "Appeal_Subtype", "number_non_empty_cells": 1089, "number_empty_cells": 117, "number_distinct_values": 15, "frequent_values": ["Character", "Psych", "Education and Experience", "Medical", "Timeliness"], "dataTypes": [{"type": "TEXT", "count": 1089, "shortest_values": [["Psych", 5], ["Psych", 5], ["Psych", 5], ["Psych", 5], ["Psych", 5]], "longest_values": [["Education and Experience", 24], ["Education and Experience", 24], ["Education and Experience", 24], ["Education and Experience", 24], ["Education and Experience", 24]], "average_length": 11.470156106519742}]}, {"column_name": "Agency", "number_non_empty_cells": 1206, "number_empty_cells": 0, "number_distinct_values": 25, "frequent_values": ["Police Department - NYPD", "Department of Citywide Administrative Services - DCAS", "Department of Correction - DOC", "Fire Department - FDNY", "MTA New York City Transit - NYCT"], "dataTypes": [{"type": "TEXT", "count": 1206, "shortest_values": [["Fire Department - FDNY", 22], ["Fire Department - FDNY", 22], ["Fire Department - FDNY", 22], ["Fire Department - FDNY", 22], ["Fire Department - FDNY", 22]], "longest_values": [["Department of Housing Preservation and Development - HPD", 56], ["Department of Citywide Administrative Services - DCAS", 53], ["Department of Citywide Administrative Services - DCAS", 53], ["Department of Citywide Administrative Services - DCAS", 53], ["Department of Citywide Administrative Services - DCAS", 53]], "average_length": 34.53233830845775}]}, {"column_name": "Status", "number_non_empty_cells": 1206, "number_empty_cells": 0, "number_distinct_values": 2, "frequent_values": ["Closed", "Open"], "dataTypes": [{"type": "TEXT", "count": 1206, "shortest_values": [["Open", 4], ["Open", 4], ["Open", 4], ["Open", 4], ["Open", 4]], "longest_values": [["Closed", 6], ["Closed", 6], ["Closed", 6], ["Closed", 6], ["Closed", 6]], "average_length": 5.688225538971804}]}, {"column_name": "Date_Filed", "number_non_empty_cells": 1206, "number_empty_cells": 0, "number_distinct_values": 247, "frequent_values": ["11/09/2016", "07/18/2016", "08/01/2016", "11/21/2016", "11/14/2016"], "dataTypes": [{"type": "DATE/TIME", "count": 1206, "max_value": "2016-12-30T00:00:00", "min_value": "2016-01-04T00:00:00"}]}, {"column_name": "Date_Closed", "number_non_empty_cells": 1020, "number_empty_cells": 186, "number_distinct_values": 246, "frequent_values": ["05/24/2016", "01/03/2017", "01/18/2017", "07/07/2016", "05/02/2016"], "dataTypes": [{"type": "DATE/TIME", "count": 1020, "max_value": "2017-05-03T00:00:00", "min_value": "2016-01-08T00:00:00"}]}, {"column_name": "Exam_No", "number_non_empty_cells": 1068, "number_empty_cells": 138, "number_distinct_values": 199, "frequent_values": [2000, 8098, 2326, 6029, 6308], "dataTypes": [{"type": "INTEGER (LONG)", "count": 1068, "max_value": 8132, "min_value": 107, "mean": 4131.990636704116, "stddev": 1867.724156361665}]}, {"column_name": "Title", "number_non_empty_cells": 1068, "number_empty_cells": 138, "number_distinct_values": 119, "frequent_values": ["Police Officer", "Correction Officer", "Firefighter", "Train Operator", "Probation Officer"], "dataTypes": [{"type": "TEXT", "count": 1068, "shortest_values": [["Painter", 7], ["Gardner", 7], ["Mariner", 7], ["Plumber", 7], ["Gardener", 8]], "longest_values": [["Promotion to Marine Engineer (Uniformed-Fire Department)", 56], ["Emergency Medical Specialist - Paramedic (Fire)", 47], ["Promotion to Maintenance Supervisor (Surface)", 45], ["Assistant Superintendent of Welfare Shelters", 44], ["Emergency Medical Specialist-Paramedic (PRO)", 44]], "average_length": 17.771535580524343}]}, {"column_name": "Expiration", "number_non_empty_cells": 900, "number_empty_cells": 306, "number_distinct_values": 143, "frequent_values": ["06/26/2017", "07/02/2018", "09/28/2020", "03/02/2020", "09/24/2019"], "dataTypes": [{"type": "DATE/TIME", "count": 900, "max_value": "2020-12-02T00:00:00", "min_value": "2015-02-16T00:00:00"}]}, {"column_name": "Extension", "number_non_empty_cells": 12, "number_empty_cells": 1194, "number_distinct_values": 5, "frequent_values": ["09/19/2017", "02/16/2017", "07/06/2016", "09/19/2016", null], "dataTypes": [{"type": "DATE/TIME", "count": 12, "max_value": "2017-09-19T00:00:00", "min_value": "2016-07-06T00:00:00"}]}, {"column_name": "Acronym", "number_non_empty_cells": 1206, "number_empty_cells": 0, "number_distinct_values": 25, "frequent_values": ["NYPD", "DCAS", "DOC", "FDNY", "NYCT"], "dataTypes": [{"type": "TEXT", "count": 1206, "shortest_values": [["DOC", 3], ["DOC", 3], ["DOC", 3], ["DOP", 3], ["DOC", 3]], "longest_values": [["NYCCSC", 6], ["NYCCSC", 6], ["NYCCSC", 6], ["NYCHA", 5], ["NYCHA", 5]], "average_length": 3.8631840796019947}]}]}