{"dataset_name": "/user/hm74/NYCOpenData/7hgn-sgmk.tsv.gz", "columns": [{"column_name": "Organization", "number_non_empty_cells": 212, "number_empty_cells": 0, "number_distinct_values": 194, "frequent_values": ["Joyce Theater", "Educational Alliance, Inc.", "Noble Maritime Collection", "Brooklyn Historical Society", "Jazz at Lincoln Center"], "dataTypes": [{"type": "TEXT", "count": 212, "shortest_values": [["Roulette", 8], ["Dancewave", 9], ["Dancewave", 9], ["Monuments", 9], ["Film Forum", 10]], "longest_values": [["Children's Museum of Manhattan Growth Through Art & Museum Experience Inc.", 74], ["New York State Theater / City Center for Music & Drama  (CIG)", 61], ["New York Live Arts (formerly Dance Theater Workshop)", 52], ["New York Shakespeare Festival / Public Theater (CIG)", 52], ["Bedford Stuyvesant Restoration Corporation (BSRC)", 49]], "average_length": 25.490566037735856}]}, {"column_name": "Fiscal Year (FY)", "number_non_empty_cells": 212, "number_empty_cells": 0, "number_distinct_values": 2, "frequent_values": [2018, 2019], "dataTypes": [{"type": "INTEGER (LONG)", "count": 212, "max_value": 2019, "min_value": 2018, "mean": 2018.4433962264145, "stddev": 0.496785680969342}]}, {"column_name": " Borough President Funding", "number_non_empty_cells": 212, "number_empty_cells": 0, "number_distinct_values": 49, "frequent_values": [0, 100000, 250000, 500000, 50000], "dataTypes": [{"type": "INTEGER (LONG)", "count": 212, "max_value": 1600000, "min_value": 0, "mean": 177193.39622641527, "stddev": 274941.73542937875}]}, {"column_name": "City Council Funding", "number_non_empty_cells": 180, "number_empty_cells": 32, "number_distinct_values": 95, "frequent_values": [0, 100000, 300000, 250000, 150000], "dataTypes": [{"type": "INTEGER (LONG)", "count": 180, "max_value": 8750000, "min_value": 0, "mean": 954577.777777778, "stddev": 1418505.2459682715}]}, {"column_name": "DCLA Funding", "number_non_empty_cells": 166, "number_empty_cells": 46, "number_distinct_values": 67, "frequent_values": [0, 500000, 2000000, 250000, 1500000], "dataTypes": [{"type": "INTEGER (LONG)", "count": 166, "max_value": 9000000, "min_value": 0, "mean": 1056487.9518072288, "stddev": 1665481.719590034}]}, {"column_name": "Total Funding", "number_non_empty_cells": 212, "number_empty_cells": 0, "number_distinct_values": 151, "frequent_values": [150000, 350000, 750000, 100000, 250000], "dataTypes": [{"type": "INTEGER (LONG)", "count": 212, "max_value": 17000000, "min_value": 0, "mean": 1814933.9622641508, "stddev": 2496301.064589962}]}]}