{"dataset_name": "/user/hm74/NYCOpenData/7hi3-kaps.tsv.gz", "columns": [{"column_name": "INCIDENT_ID", "number_non_empty_cells": 110, "number_empty_cells": 0, "number_distinct_values": 110, "frequent_values": [75250, 81935, 108628, 94723, 76092], "dataTypes": [{"type": "INTEGER (LONG)", "count": 110, "max_value": 124257, "min_value": 75250, "mean": 100927.16363636364, "stddev": 13582.359305381964}]}, {"column_name": "REPORTED_DT", "number_non_empty_cells": 110, "number_empty_cells": 0, "number_distinct_values": 110, "frequent_values": ["03/15/2019 07:49:00 AM", "07/23/2017 11:45:00 PM", "12/11/2016 03:00:00 PM", "08/06/2018 09:40:00 AM", "08/15/2017 01:01:00 PM"], "dataTypes": [{"type": "DATE/TIME", "count": 110, "max_value": "2019-08-27T14:59:00", "min_value": "2016-01-06T18:55:00"}]}, {"column_name": "INCIDENT_TYPE", "number_non_empty_cells": 110, "number_empty_cells": 0, "number_distinct_values": 1, "frequent_values": ["Use of Force"], "dataTypes": [{"type": "TEXT", "count": 110, "shortest_values": [["Use of Force", 12], ["Use of Force", 12], ["Use of Force", 12], ["Use of Force", 12], ["Use of Force", 12]], "longest_values": [["Use of Force", 12], ["Use of Force", 12], ["Use of Force", 12], ["Use of Force", 12], ["Use of Force", 12]], "average_length": 12.0}]}, {"column_name": "REASON", "number_non_empty_cells": 110, "number_empty_cells": 0, "number_distinct_values": 1, "frequent_values": ["Assault on Staff"], "dataTypes": [{"type": "TEXT", "count": 110, "shortest_values": [["Assault on Staff", 16], ["Assault on Staff", 16], ["Assault on Staff", 16], ["Assault on Staff", 16], ["Assault on Staff", 16]], "longest_values": [["Assault on Staff", 16], ["Assault on Staff", 16], ["Assault on Staff", 16], ["Assault on Staff", 16], ["Assault on Staff", 16]], "average_length": 16.0}]}, {"column_name": "FACILITY", "number_non_empty_cells": 70, "number_empty_cells": 40, "number_distinct_values": 17, "frequent_values": ["AMKC", "OBCC", "GRVC", "RNDC", "BKDC"], "dataTypes": [{"type": "TEXT", "count": 70, "shortest_values": [["TD", 2], ["TD", 2], ["MDC", 3], ["MDC", 3], ["MDC", 3]], "longest_values": [["BKCTS", 5], ["BKCTS", 5], ["QNCTS", 5], ["QNCTS", 5], ["RMSC", 4]], "average_length": 3.9571428571428564}]}]}