{"dataset_name": "/user/hm74/NYCOpenData/7hpk-8zed.tsv.gz", "columns": [{"column_name": "District", "number_non_empty_cells": 18144, "number_empty_cells": 0, "number_distinct_values": 32, "frequent_values": [31, 28, 26, 27, 12], "dataTypes": [{"type": "INTEGER (LONG)", "count": ["18144"], "mean": ["16.5"], "stddev": ["9.23334710610942"], "min_value": ["1"], "max_value": ["32"]}]}, {"column_name": "Grade", "number_non_empty_cells": 18144, "number_empty_cells": 0, "number_distinct_values": 7, "frequent_values": ["7", "3", "8", "5", "6"], "dataTypes": [{"type": "INTEGER (LONG)", "count": "15552", "mean": "5.5", "stddev": "1.7078800372372396", "min_value": "3", "max_value": "8"}, {"type": "TEXT", "count": "2592", "shortest_values": [["All Grades", 10], ["All Grades", 10], ["All Grades", 10], ["All Grades", 10], ["All Grades", 10]], "longest_values": [["All Grades", 10], ["All Grades", 10], ["All Grades", 10], ["All Grades", 10], ["All Grades", 10]], "average_length": "10.0"}]}, {"column_name": "Year", "number_non_empty_cells": 18144, "number_empty_cells": 0, "number_distinct_values": 6, "frequent_values": [2016, 2015, 2018, 2014, 2017], "dataTypes": [{"type": "INTEGER (LONG)", "count": ["18144"], "mean": ["2015.5925925925926"], "stddev": ["1.6687689987031946"], "min_value": ["2013"], "max_value": ["2018"]}]}, {"column_name": "Category", "number_non_empty_cells": 18144, "number_empty_cells": 0, "number_distinct_values": 14, "frequent_values": ["Econ Disadv", "Not SWD", "Female", "All Students", "SWD"], "dataTypes": [{"type": "TEXT", "count": "18144", "shortest_values": [["SWD", 3], ["SWD", 3], ["SWD", 3], ["SWD", 3], ["SWD", 3]], "longest_values": [["Not Econ Disadv", 15], ["Not Econ Disadv", 15], ["Not Econ Disadv", 15], ["Not Econ Disadv", 15], ["Not Econ Disadv", 15]], "average_length": "7.728395061728395"}]}, {"column_name": "Number_Tested", "number_non_empty_cells": 18144, "number_empty_cells": 0, "number_distinct_values": 4476, "frequent_values": [41, 19, 27, 15, 14], "dataTypes": [{"type": "INTEGER (LONG)", "count": ["18144"], "mean": ["1553.5444223985892"], "stddev": ["2609.231306414387"], "min_value": ["2"], "max_value": ["26947"]}]}, {"column_name": "Mean_Scale_Score", "number_non_empty_cells": 18144, "number_empty_cells": 0, "number_distinct_values": 166, "frequent_values": ["293", "295", "297", "294", "296"], "dataTypes": [{"type": "INTEGER (LONG)", "count": "18082", "mean": "349.1713859086384", "stddev": "115.37271580196956", "min_value": "241", "max_value": "628"}, {"type": "TEXT", "count": "62", "shortest_values": [["s", 1], ["s", 1], ["s", 1], ["s", 1], ["s", 1]], "longest_values": [["s", 1], ["s", 1], ["s", 1], ["s", 1], ["s", 1]], "average_length": "1.0"}]}, {"column_name": "Level_1_#", "number_non_empty_cells": 18144, "number_empty_cells": 0, "number_distinct_values": 2292, "frequent_values": ["5", "8", "6", "7", "9"], "dataTypes": [{"type": "INTEGER (LONG)", "count": "18082", "mean": "469.33956420749917", "stddev": "823.176605778132", "min_value": "0", "max_value": "10991"}, {"type": "TEXT", "count": "62", "shortest_values": [["s", 1], ["s", 1], ["s", 1], ["s", 1], ["s", 1]], "longest_values": [["s", 1], ["s", 1], ["s", 1], ["s", 1], ["s", 1]], "average_length": "1.0"}]}, {"column_name": "Level_1_%", "number_non_empty_cells": 18144, "number_empty_cells": 0, "number_distinct_values": 889, "frequent_values": ["33.3", "50.0", "25.0", "s", "20.0"], "dataTypes": [{"type": "REAL", "count": "18082", "mean": "33.660131617122985", "stddev": "18.783888687039234", "min_value": "0.0", "max_value": "97.8"}, {"type": "TEXT", "count": "62", "shortest_values": [["s", 1], ["s", 1], ["s", 1], ["s", 1], ["s", 1]], "longest_values": [["s", 1], ["s", 1], ["s", 1], ["s", 1], ["s", 1]], "average_length": "1.0"}]}, {"column_name": "Level_2_#", "number_non_empty_cells": 18144, "number_empty_cells": 0, "number_distinct_values": 2479, "frequent_values": ["6", "7", "5", "10", "4"], "dataTypes": [{"type": "INTEGER (LONG)", "count": "18082", "mean": "540.8282822696605", "stddev": "938.0668657994621", "min_value": "0", "max_value": "10424"}, {"type": "TEXT", "count": "62", "shortest_values": [["s", 1], ["s", 1], ["s", 1], ["s", 1], ["s", 1]], "longest_values": [["s", 1], ["s", 1], ["s", 1], ["s", 1], ["s", 1]], "average_length": "1.0"}]}, {"column_name": "Level_2_%", "number_non_empty_cells": 18144, "number_empty_cells": 0, "number_distinct_values": 536, "frequent_values": ["33.3", "37.5", "38.4", "36.8", "35.0"], "dataTypes": [{"type": "REAL", "count": "18082", "mean": "33.82740292541486", "stddev": "8.41076660804376", "min_value": "0.0", "max_value": "71.4"}, {"type": "TEXT", "count": "62", "shortest_values": [["s", 1], ["s", 1], ["s", 1], ["s", 1], ["s", 1]], "longest_values": [["s", 1], ["s", 1], ["s", 1], ["s", 1], ["s", 1]], "average_length": "1.0"}]}, {"column_name": "Level_3_#", "number_non_empty_cells": 18144, "number_empty_cells": 0, "number_distinct_values": 2009, "frequent_values": ["4", "3", "2", "5", "1"], "dataTypes": [{"type": "INTEGER (LONG)", "count": "18082", "mean": "361.26717177303397", "stddev": "676.9686171576981", "min_value": "0", "max_value": "8057"}, {"type": "TEXT", "count": "62", "shortest_values": [["s", 1], ["s", 1], ["s", 1], ["s", 1], ["s", 1]], "longest_values": [["s", 1], ["s", 1], ["s", 1], ["s", 1], ["s", 1]], "average_length": "1.0"}]}, {"column_name": "Level_3_%", "number_non_empty_cells": 18144, "number_empty_cells": 0, "number_distinct_values": 598, "frequent_values": ["0.0", "25.0", "20.0", "14.3", "22.2"], "dataTypes": [{"type": "REAL", "count": "18082", "mean": "21.420119454430086", "stddev": "10.966353853596152", "min_value": "0.0", "max_value": "66.5"}, {"type": "TEXT", "count": "62", "shortest_values": [["s", 1], ["s", 1], ["s", 1], ["s", 1], ["s", 1]], "longest_values": [["s", 1], ["s", 1], ["s", 1], ["s", 1], ["s", 1]], "average_length": "1.0"}]}, {"column_name": "Level_4_#", "number_non_empty_cells": 18144, "number_empty_cells": 0, "number_distinct_values": 1410, "frequent_values": ["0", "1", "2", "3", "4"], "dataTypes": [{"type": "INTEGER (LONG)", "count": "18082", "mean": "187.41179073111383", "stddev": "421.9162350871692", "min_value": "0", "max_value": "6318"}, {"type": "TEXT", "count": "62", "shortest_values": [["s", 1], ["s", 1], ["s", 1], ["s", 1], ["s", 1]], "longest_values": [["s", 1], ["s", 1], ["s", 1], ["s", 1], ["s", 1]], "average_length": "1.0"}]}, {"column_name": "Level_4_%", "number_non_empty_cells": 18144, "number_empty_cells": 0, "number_distinct_values": 581, "frequent_values": ["0.0", "0.4", "0.5", "0.6", "0.8"], "dataTypes": [{"type": "REAL", "count": "18082", "mean": "11.09331379558641", "stddev": "11.003131628671628", "min_value": "0.0", "max_value": "74.7"}, {"type": "TEXT", "count": "62", "shortest_values": [["s", 1], ["s", 1], ["s", 1], ["s", 1], ["s", 1]], "longest_values": [["s", 1], ["s", 1], ["s", 1], ["s", 1], ["s", 1]], "average_length": "1.0"}]}, {"column_name": "Level_3+4_#", "number_non_empty_cells": 18144, "number_empty_cells": 0, "number_distinct_values": 2542, "frequent_values": ["4", "5", "2", "7", "3"], "dataTypes": [{"type": "INTEGER (LONG)", "count": "18082", "mean": "548.6789625041478", "stddev": "1071.3768047212263", "min_value": "0", "max_value": "13782"}, {"type": "TEXT", "count": "62", "shortest_values": [["s", 1], ["s", 1], ["s", 1], ["s", 1], ["s", 1]], "longest_values": [["s", 1], ["s", 1], ["s", 1], ["s", 1], ["s", 1]], "average_length": "1.0"}]}, {"column_name": "Level_3+4_%", "number_non_empty_cells": 18144, "number_empty_cells": 0, "number_distinct_values": 874, "frequent_values": ["0.0", "33.3", "50.0", "25.0", "s"], "dataTypes": [{"type": "REAL", "count": "18082", "mean": "32.51330051379283", "stddev": "19.268984746438697", "min_value": "0.0", "max_value": "95.2"}, {"type": "TEXT", "count": "62", "shortest_values": [["s", 1], ["s", 1], ["s", 1], ["s", 1], ["s", 1]], "longest_values": [["s", 1], ["s", 1], ["s", 1], ["s", 1], ["s", 1]], "average_length": "1.0"}]}]}