{"dataset_name": "/user/hm74/NYCOpenData/7iqp-pbne.tsv.gz", "columns": [{"column_name": "District", "number_non_empty_cells": 529, "number_empty_cells": 0, "number_distinct_values": 12, "frequent_values": [14, 7, 9, 2, 22], "dataTypes": [{"type": "INTEGER (LONG)", "count": 529, "max_value": 29, "min_value": 2, "mean": 12.349716446124768, "stddev": 6.983142334022369}]}, {"column_name": "Category Type", "number_non_empty_cells": 529, "number_empty_cells": 0, "number_distinct_values": 6, "frequent_values": ["To School", "Discharge", "Attendance", "GPA", "SWD Status"], "dataTypes": [{"type": "TEXT", "count": 529, "shortest_values": [["GPA", 3], ["GPA", 3], ["GPA", 3], ["GPA", 3], ["GPA", 3]], "longest_values": [["Attendance", 10], ["Attendance", 10], ["Attendance", 10], ["Attendance", 10], ["Attendance", 10]], "average_length": 8.752362948960302}]}, {"column_name": "Category Values", "number_non_empty_cells": 529, "number_empty_cells": 0, "number_distinct_values": 313, "frequent_values": ["SWD", "No Credit Recovery", "Not SWD", "Transferred to another DOE school or pro", "81-100% Attendance Rate"], "dataTypes": [{"type": "TEXT", "count": 529, "shortest_values": [["SWD", 3], ["SWD", 3], ["SWD", 3], ["SWD", 3], ["SWD", 3]], "longest_values": [["Transferred to a part-time DOE GED progr", 40], ["Transferred to a YABC, D79 or D75 progra", 40], ["Transferred to a DOE high school equival", 40], ["Discharged to a non-public school in NYC", 40], ["Discharged to a non-public school  in NY", 40]], "average_length": 11.168241965973536}]}, {"column_name": "Total#", "number_non_empty_cells": 529, "number_empty_cells": 0, "number_distinct_values": 52, "frequent_values": ["s", "15", "14", "11", "59"], "dataTypes": [{"type": "INTEGER (LONG)", "count": 94, "max_value": 244, "min_value": 10, "mean": 46.148936170212785, "stddev": 49.23974295325179}, {"type": "TEXT", "count": 435, "shortest_values": [["s", 1], ["s", 1], ["s", 1], ["s", 1], ["s", 1]], "longest_values": [["s", 1], ["s", 1], ["s", 1], ["s", 1], ["s", 1]], "average_length": 1.0}]}, {"column_name": "Total%", "number_non_empty_cells": 529, "number_empty_cells": 0, "number_distinct_values": 85, "frequent_values": ["s", "33.8", "35.9", "7.3", "8.1"], "dataTypes": [{"type": "REAL", "count": 94, "max_value": 96.9, "min_value": 4.2, "mean": 34.35212765957448, "stddev": 26.349386236638093}, {"type": "TEXT", "count": 435, "shortest_values": [["s", 1], ["s", 1], ["s", 1], ["s", 1], ["s", 1]], "longest_values": [["s", 1], ["s", 1], ["s", 1], ["s", 1], ["s", 1]], "average_length": 1.0}]}, {"column_name": "Asian#", "number_non_empty_cells": 529, "number_empty_cells": 0, "number_distinct_values": 2, "frequent_values": ["s", "15"], "dataTypes": [{"type": "INTEGER (LONG)", "count": 1, "max_value": 15, "min_value": 15, "mean": 15.0, "stddev": 0.0}, {"type": "TEXT", "count": 528, "shortest_values": [["s", 1], ["s", 1], ["s", 1], ["s", 1], ["s", 1]], "longest_values": [["s", 1], ["s", 1], ["s", 1], ["s", 1], ["s", 1]], "average_length": 1.0}]}, {"column_name": "Asian%", "number_non_empty_cells": 529, "number_empty_cells": 0, "number_distinct_values": 2, "frequent_values": ["s", "57.7"], "dataTypes": [{"type": "REAL", "count": 1, "max_value": 57.7, "min_value": 57.7, "mean": 57.7, "stddev": 0.0}, {"type": "TEXT", "count": 528, "shortest_values": [["s", 1], ["s", 1], ["s", 1], ["s", 1], ["s", 1]], "longest_values": [["s", 1], ["s", 1], ["s", 1], ["s", 1], ["s", 1]], "average_length": 1.0}]}, {"column_name": "Black#", "number_non_empty_cells": 529, "number_empty_cells": 0, "number_distinct_values": 36, "frequent_values": ["s", "13", "14", "10", "15"], "dataTypes": [{"type": "INTEGER (LONG)", "count": 63, "max_value": 86, "min_value": 10, "mean": 25.984126984126977, "stddev": 17.297116067074395}, {"type": "TEXT", "count": 466, "shortest_values": [["s", 1], ["s", 1], ["s", 1], ["s", 1], ["s", 1]], "longest_values": [["s", 1], ["s", 1], ["s", 1], ["s", 1], ["s", 1]], "average_length": 1.0}]}, {"column_name": "Black%", "number_non_empty_cells": 529, "number_empty_cells": 0, "number_distinct_values": 55, "frequent_values": ["s", "31.9", "17.5", "75.0", "10.3"], "dataTypes": [{"type": "REAL", "count": 63, "max_value": 89.3, "min_value": 7.9, "mean": 42.261904761904745, "stddev": 23.07189198021014}, {"type": "TEXT", "count": 466, "shortest_values": [["s", 1], ["s", 1], ["s", 1], ["s", 1], ["s", 1]], "longest_values": [["s", 1], ["s", 1], ["s", 1], ["s", 1], ["s", 1]], "average_length": 1.0}]}, {"column_name": "Hispanic#", "number_non_empty_cells": 529, "number_empty_cells": 0, "number_distinct_values": 30, "frequent_values": ["s", "12", "17", "11", "18"], "dataTypes": [{"type": "INTEGER (LONG)", "count": 43, "max_value": 179, "min_value": 10, "mean": 39.18604651162791, "stddev": 43.49672845968431}, {"type": "TEXT", "count": 486, "shortest_values": [["s", 1], ["s", 1], ["s", 1], ["s", 1], ["s", 1]], "longest_values": [["s", 1], ["s", 1], ["s", 1], ["s", 1], ["s", 1]], "average_length": 1.0}]}, {"column_name": "Hispanic%", "number_non_empty_cells": 529, "number_empty_cells": 0, "number_distinct_values": 42, "frequent_values": ["s", "18.6", "25.0", "76.2", "70.7"], "dataTypes": [{"type": "REAL", "count": 43, "max_value": 95.1, "min_value": 5.3, "mean": 40.16046511627908, "stddev": 26.93392552098029}, {"type": "TEXT", "count": 486, "shortest_values": [["s", 1], ["s", 1], ["s", 1], ["s", 1], ["s", 1]], "longest_values": [["s", 1], ["s", 1], ["s", 1], ["s", 1], ["s", 1]], "average_length": 1.0}]}, {"column_name": "White#", "number_non_empty_cells": 529, "number_empty_cells": 0, "number_distinct_values": 3, "frequent_values": ["s", "11", "20"], "dataTypes": [{"type": "INTEGER (LONG)", "count": 2, "max_value": 20, "min_value": 11, "mean": 15.5, "stddev": 4.5}, {"type": "TEXT", "count": 527, "shortest_values": [["s", 1], ["s", 1], ["s", 1], ["s", 1], ["s", 1]], "longest_values": [["s", 1], ["s", 1], ["s", 1], ["s", 1], ["s", 1]], "average_length": 1.0}]}, {"column_name": "White%", "number_non_empty_cells": 529, "number_empty_cells": 0, "number_distinct_values": 3, "frequent_values": ["s", "31.4", "57.1"], "dataTypes": [{"type": "REAL", "count": 2, "max_value": 57.1, "min_value": 31.4, "mean": 44.25, "stddev": 12.850000000000001}, {"type": "TEXT", "count": 527, "shortest_values": [["s", 1], ["s", 1], ["s", 1], ["s", 1], ["s", 1]], "longest_values": [["s", 1], ["s", 1], ["s", 1], ["s", 1], ["s", 1]], "average_length": 1.0}]}, {"column_name": "Other#", "number_non_empty_cells": 529, "number_empty_cells": 0, "number_distinct_values": 1, "frequent_values": ["s"], "dataTypes": [{"type": "TEXT", "count": 529, "shortest_values": [["s", 1], ["s", 1], ["s", 1], ["s", 1], ["s", 1]], "longest_values": [["s", 1], ["s", 1], ["s", 1], ["s", 1], ["s", 1]], "average_length": 1.0}]}, {"column_name": "Other%", "number_non_empty_cells": 529, "number_empty_cells": 0, "number_distinct_values": 1, "frequent_values": ["s"], "dataTypes": [{"type": "TEXT", "count": 529, "shortest_values": [["s", 1], ["s", 1], ["s", 1], ["s", 1], ["s", 1]], "longest_values": [["s", 1], ["s", 1], ["s", 1], ["s", 1], ["s", 1]], "average_length": 1.0}]}]}