{"dataset_name": "/user/hm74/NYCOpenData/7iqz-npua.tsv.gz", "columns": [{"column_name": "Recurrence", "number_non_empty_cells": 368, "number_empty_cells": 0, "number_distinct_values": 2, "frequent_values": [0, 1], "dataTypes": [{"type": "INTEGER (LONG)", "count": 368, "max_value": 1, "min_value": 0, "mean": 0.05706521739130435, "stddev": 0.23196719241174502}]}, {"column_name": "Title", "number_non_empty_cells": 367, "number_empty_cells": 1, "number_distinct_values": 251, "frequent_values": ["Talent Show Rehearsal", "Resident Watch Training", "TechPortal Information Session", "Board Meeting", "Green City Force Information Session"], "dataTypes": [{"type": "TEXT", "count": 368, "shortest_values": [["RAB Meeting", 11], ["RAB Meeting", 11], ["RAB Meeting", 11], ["Board Meeting", 13], ["Board Meeting", 13]], "longest_values": [["Hispanic Society invites you to join them in this year's Puerto Rican Day Parade June 12th ", 91], ["First Time Homebuyer Workshop NHS Starbuyer Homebuyer of Staten Island Information Session", 90], ["Manhattan North/Clinton, Drew Hamilton & Lehman Village Centers Black History Month Event", 89], ["Make Mott Haven\u2026 Choice Neighborhoods Initiative Final Transformation Plan Presentation", 87], ["NYCHA Youth Chorus Performs at the Federal Inter-Agency Black History Month Celebration", 87]], "average_length": 39.720108695652165}]}, {"column_name": "Location", "number_non_empty_cells": 340, "number_empty_cells": 28, "number_distinct_values": 247, "frequent_values": ["REES Central Office, 787 Atlantic Avenue, 2nd Floor  Brooklyn, NY 11238", "Straus Performing Arts Center", "NYCHA REES Office 787 Atlantic Avenue, 2nd Floor (bet. Vanderbilt Ave. & Clermont Ave.) Brooklyn, NY 11238", "REES Brooklyn Central Office, 787 Atlantic Ave., 2nd fl., Brooklyn", "90 Church"], "dataTypes": [{"type": "TEXT", "count": 340, "shortest_values": [["Citywide", 8], ["90 Church", 9], ["90 Church", 9], ["90 Church", 9], ["90 Church", 9]], "longest_values": [["PAL Playstreets BX-Morris, Monroe & Forest Houses; BK-Linden, Brownsville & Marlboro Houses; QN-Astoria & S. Jamaica; MN-Grant & Riis", 133], ["University Settlement (Ingersoll Community Center) 77 Myrtle Avenue (corner of Prince Street) Brooklyn, NY 11201", 112], ["South Jamaica Cornerstone Community Center 109-4 160th Street (on corner of 109th Ave.) Jamaica, New York 11433", 111], ["Lincoln Square Neighborhood Center, 250 West 65th Street, (bet. West End Avenue & Amsterdam Avenue), Manhattan", 110], ["BMCC/Miles & Shirley Fiterman Hall, Conf. Room 1302, 13th floor, 245 Greenwich Street (Barclay St. Entrance)", 108]], "average_length": 54.091176470588245}]}, {"column_name": "Start_Time", "number_non_empty_cells": 368, "number_empty_cells": 0, "number_distinct_values": 352, "frequent_values": ["11/07/2015 10:00:00 AM", "11/12/2014 06:00:00 PM", "11/18/2014 06:30:00 PM", "04/21/2016 06:00:00 PM", "01/31/2015 12:00:00 AM"], "dataTypes": [{"type": "DATE/TIME", "count": 368, "max_value": "2016-12-07T18:00:00", "min_value": "2013-12-18T18:00:00"}]}]}