{"dataset_name": "/user/hm74/NYCOpenData/7jkp-5w5g.tsv.gz", "columns": [{"column_name": "Agency_Code", "number_non_empty_cells": 270, "number_empty_cells": 3, "number_distinct_values": 43, "frequent_values": ["040", "126", "816", "856", "836"], "dataTypes": [{"type": "INTEGER (LONG)", "count": 270, "max_value": 866, "min_value": 3, "mean": 433.6925925925925, "stddev": 378.8096242528848}, {"type": "TEXT", "count": 3, "shortest_values": [["NA", 2], ["NA", 2], ["NA", 2]], "longest_values": [["NA", 2], ["NA", 2], ["NA", 2]], "average_length": 2.0}]}, {"column_name": "Agency", "number_non_empty_cells": 273, "number_empty_cells": 0, "number_distinct_values": 44, "frequent_values": ["DOE", "DCLA", "DOHMH", "DCAS", "DOF"], "dataTypes": [{"type": "INTEGER (LONG)", "count": 1, "max_value": 311, "min_value": 311, "mean": 311.0, "stddev": 0.0}, {"type": "TEXT", "count": 272, "shortest_values": [["SCA", 3], ["SBS", 3], ["DOE", 3], ["HPD", 3], ["DOE", 3]], "longest_values": [["NYCHA", 5], ["NYCEM", 5], ["DOHMH", 5], ["DOHMH", 5], ["NYCHH", 5]], "average_length": 3.591911764705885}]}, {"column_name": "Agency_Name", "number_non_empty_cells": 257, "number_empty_cells": 16, "number_distinct_values": 45, "frequent_values": ["DEPARTMENT OF EDUCATION                 ", "DEPARTMENT OF CULTURAL AFFAIRS          ", "DEPARTMENT OF HEALTH AND MENTAL HYGIENE ", "DEPARTMENT OF CITYWIDE ADMIN SERVICE    ", "POLICE DEPARTMENT                       "], "dataTypes": [{"type": "INTEGER (LONG)", "count": 1, "max_value": 311, "min_value": 311, "mean": 311.0, "stddev": 0.0}, {"type": "TEXT", "count": 272, "shortest_values": [["HUMAN RESOURCES ADMINISTRATION", 30], ["HUMAN RESOURCES ADMINISTRATION", 30], ["HUMAN RESOURCES ADMINISTRATION", 30], ["HUMAN RESOURCES ADMINISTRATION", 30], ["HUMAN RESOURCES ADMINISTRATION", 30]], "longest_values": [["DEPARTMENT OF EDUCATION - SCHOOL CONSTRUCTION AUTHORITY                ", 71], ["DEPARTMENT OF INFORMATION TECHNOLOGY & TELECOMMUNICATIONS      ", 63], ["DEPARTMENT OF INFORMATION TECHNOLOGY & TELECOMMUNICATIONS      ", 63], ["OFFICE OF ADMINISTRATION TRIALS & HEARINGS       ", 49], ["OFFICE OF ADMINISTRATION TRIALS & HEARINGS       ", 49]], "average_length": 40.12500000000005}]}, {"column_name": "UA", "number_non_empty_cells": 270, "number_empty_cells": 3, "number_distinct_values": 98, "frequent_values": ["001", "002", "004", "003", "006"], "dataTypes": [{"type": "INTEGER (LONG)", "count": 270, "max_value": 890, "min_value": 1, "mean": 106.20370370370372, "stddev": 177.9803963018513}, {"type": "TEXT", "count": 3, "shortest_values": [["NA", 2], ["NA", 2], ["NA", 2]], "longest_values": [["NA", 2], ["NA", 2], ["NA", 2]], "average_length": 2.0}]}, {"column_name": "UA_Name", "number_non_empty_cells": 216, "number_empty_cells": 57, "number_distinct_values": 231, "frequent_values": ["OTHER THAN PERSONAL SERVICES            ", "PERSONAL SERVICES                       ", "ADMINISTRATION-OTPS                     ", "NA", "ADMINISTRATION                          "], "dataTypes": [{"type": "TEXT", "count": 273, "shortest_values": [["NA", 2], ["NA", 2], ["NA", 2], ["DEPT. OF BUSINESS P.S.                  ", 40], ["OTHER CULTURAL INSTITUTIONS             ", 40]], "longest_values": [["DEPT. OF BUSINESS P.S.                  ", 40], ["OTHER CULTURAL INSTITUTIONS             ", 40], ["OFFICE OF COMMISSIONER - OTPS           ", 40], ["PUPIL TRANSPORTATION - OTPS             ", 40], ["OFFICE OF DEVELOPMENT OTPS              ", 40]], "average_length": 39.58241758241756}]}, {"column_name": "PS_OTPS_Ind", "number_non_empty_cells": 270, "number_empty_cells": 3, "number_distinct_values": 3, "frequent_values": ["Other Than Personal Services", "Personal Services", "NA"], "dataTypes": [{"type": "TEXT", "count": 273, "shortest_values": [["NA", 2], ["NA", 2], ["NA", 2], ["Personal Services", 17], ["Personal Services", 17]], "longest_values": [["Other Than Personal Services", 28], ["Other Than Personal Services", 28], ["Other Than Personal Services", 28], ["Other Than Personal Services", 28], ["Other Than Personal Services", 28]], "average_length": 23.000000000000018}]}, {"column_name": "FY_16_Expenditures_($000,000)", "number_non_empty_cells": 268, "number_empty_cells": 5, "number_distinct_values": 240, "frequent_values": [1.4, 0.1, 0.8, 1.6, 18.9], "dataTypes": [{"type": "REAL", "count": 268, "max_value": 6050.4, "min_value": 0.0, "mean": 218.23283582089562, "stddev": 635.1703741089391}]}, {"column_name": "FY_17_Modified_($000,000)", "number_non_empty_cells": 270, "number_empty_cells": 3, "number_distinct_values": 237, "frequent_values": [2.0, 1.3, 4.2, 0.9, 0.2], "dataTypes": [{"type": "REAL", "count": 270, "max_value": 6088.4, "min_value": 0.1, "mean": 231.57370370370361, "stddev": 646.6166823273744}]}, {"column_name": "Applicable_MMR_Goals", "number_non_empty_cells": 248, "number_empty_cells": 25, "number_distinct_values": 63, "frequent_values": ["All", "NA", "1a, 1b", "1a, 2b", "2a"], "dataTypes": [{"type": "DATE/TIME", "count": 23, "max_value": "2019-12-07T05:00:00", "min_value": "2019-12-07T01:00:00"}, {"type": "TEXT", "count": 250, "shortest_values": [["NA", 2], ["NA", 2], ["NA", 2], ["NA", 2], ["4b", 2]], "longest_values": [["1a, 1b, 2a, 2b, 2c, 3a, 4a, 4b", 30], ["1a, 1b, 2a, 2b, 2c, 3a, 4a, 4b", 30], ["1c, 2a, 2b, 2c, 3a, 3b, 4a", 26], ["1c, 2a, 2b, 2c, 3a, 3b, 4a", 26], ["All. Refer to OCME goals.", 25]], "average_length": 7.019999999999999}]}, {"column_name": "Notes", "number_non_empty_cells": 24, "number_empty_cells": 249, "number_distinct_values": 10, "frequent_values": ["These figures are limited to the City\u2019s contribution and planned contribution respectively. ", "These figures are limited to the City\u2019s contribution and planned contribution respectively, to CUNY.", "OCME is contained within the Department of Health and Mental Hygiene and appropriations are made through that agency.", "The City's contributions to the School Contruction Authority, a public authority, are not made through distinct units of appropriation", "This UA orginated in Fiscal 2017."], "dataTypes": [{"type": "TEXT", "count": 24, "shortest_values": [["This UA orginated in Fiscal 2017.", 33], ["This UA originated in Fiscal 2017.", 34], ["These figures are limited to the City\u2019s contribution and planned contribution respectively. ", 92], ["These figures are limited to the City\u2019s contribution and planned contribution respectively. ", 92], ["These figures are limited to the City\u2019s contribution and planned contribution respectively. ", 92]], "longest_values": [["The City's contributions to the New York City Housing Authority, a public authority, are not made through distinct units of appropriation", 137], ["The City's contributions to the School Contruction Authority, a public authority, are not made through distinct units of appropriation", 134], ["311 is contained within the Department of Information Technology and Communications and appropriations are made through that agency.", 132], ["OCME is contained within the Department of Health and Mental Hygiene and appropriations are made through that agency.", 117], ["OCME is contained within the Department of Health and Mental Hygiene and appropriations are made through that agency.", 117]], "average_length": 97.08333333333331}]}]}