{"dataset_name": "/user/hm74/NYCOpenData/7jzh-b7rq.tsv.gz", "columns": [{"column_name": "BORO", "number_non_empty_cells": 30139, "number_empty_cells": 0, "number_distinct_values": 9, "frequent_values": ["K", "X", "Q", "M", "R"], "dataTypes": [{"type": "TEXT", "count": "30139", "shortest_values": [["M", 1], ["M", 1], ["M", 1], ["M", 1], ["M", 1]], "longest_values": [["(MS CORE and 9-12 ONLY)\"", 24], ["(MS CORE and ", 13], ["(K-9* ONLY)\"", 12], ["9-12 ONLY)\"", 11], ["M", 1]], "average_length": "1.0018580576661469"}]}, {"column_name": "CSD", "number_non_empty_cells": 30138, "number_empty_cells": 1, "number_distinct_values": 36, "frequent_values": ["2", "10", "9", "11", "31"], "dataTypes": [{"type": "INTEGER (LONG)", "count": "30135", "mean": "15.698821967811515", "stddev": "9.347744015791719", "min_value": "1", "max_value": "32"}, {"type": "TEXT", "count": "3", "shortest_values": [["DATA SOURCE", 11], ["CORE COURSE ", 12], ["SERVICE CATEGORY", 16]], "longest_values": [["SERVICE CATEGORY", 16], ["CORE COURSE ", 12], ["DATA SOURCE", 11]], "average_length": "13.0"}]}, {"column_name": "SCHOOL_CODE", "number_non_empty_cells": 30136, "number_empty_cells": 3, "number_distinct_values": 1530, "frequent_values": ["M655", "X141", "X271", "Q430", "R080"], "dataTypes": [{"type": "DATE/TIME", "count": 576, "min_value": "2019-12-09T00:00:59", "max_value": "2019-12-09T00:00:01"}, {"type": "TEXT", "count": "29560", "shortest_values": [["M063", 4], ["M063", 4], ["M063", 4], ["M063", 4], ["M063", 4]], "longest_values": [["NUMBER OF STUDENTS / SEATS FILLED", 33], ["M063", 4], ["M063", 4], ["M063", 4], ["M063", 4]], "average_length": "4.000981055480379"}]}, {"column_name": "SCHOOL_NAME", "number_non_empty_cells": 30136, "number_empty_cells": 3, "number_distinct_values": 1523, "frequent_values": ["YOUNG WOMEN'S LEADERSHIP SCHOOL", "KNOWLEDGE AND POWER PREPARATORY", "LIFE SCIENCES SECONDARY SCHOOL", "RIVERDALE / KINGSBRIDGE ACADEMY", "EAST BRONX ACADEMY FOR THE FUTURE"], "dataTypes": [{"type": "TEXT", "count": "30136", "shortest_values": [["KAPPA", 5], ["KAPPA", 5], ["KAPPA", 5], ["KAPPA", 5], ["KAPPA", 5]], "longest_values": [["English Language Learners And International Support Preparatory Academy", 71], ["English Language Learners And International Support Preparatory Academy", 71], ["English Language Learners And International Support Preparatory Academy", 71], ["English Language Learners And International Support Preparatory Academy", 71], ["English Language Learners And International Support Preparatory Academy", 71]], "average_length": "28.164321741438812"}]}, {"column_name": "GRADE", "number_non_empty_cells": 28608, "number_empty_cells": 1531, "number_distinct_values": 15, "frequent_values": ["09-12", "MS Core", "0K-09", "0K", "02"], "dataTypes": [{"type": "INTEGER (LONG)", "count": "8621", "mean": "4.121331632061246", "stddev": "2.218125269561917", "min_value": "1", "max_value": "9"}, {"type": "DATE/TIME", "count": 11870, "min_value": "2019-09-12T00:00:00", "max_value": "2019-09-12T00:00:00"}, {"type": "TEXT", "count": "8117", "shortest_values": [["0K", 2], ["0K", 2], ["0K", 2], ["0K", 2], ["0K", 2]], "longest_values": [["AVERAGE CLASS SIZE", 18], ["MS Core", 7], ["MS Core", 7], ["MS Core", 7], ["MS Core", 7]], "average_length": "5.794258962670938"}]}, {"column_name": "PROGRAM_TYPE", "number_non_empty_cells": 28608, "number_empty_cells": 1531, "number_distinct_values": 7, "frequent_values": ["GEN ED", "CTT", "SPEC ED", "G&T", "SIZE OF SMALLEST CLASS"], "dataTypes": [{"type": "TEXT", "count": "28608", "shortest_values": [["CTT", 3], ["CTT", 3], ["CTT", 3], ["CTT", 3], ["CTT", 3]], "longest_values": [["SIZE OF SMALLEST CLASS", 22], ["SPEC ED", 7], ["SPEC ED", 7], ["SPEC ED", 7], ["SPEC ED", 7]], "average_length": "5.129893736017897"}]}, {"column_name": "CORE_SUBJECT_", "number_non_empty_cells": 28608, "number_empty_cells": 1531, "number_distinct_values": 7, "frequent_values": ["-", "English/ESL", "Mathematics", "Social Studies", "Science"], "dataTypes": [{"type": "TEXT", "count": "28608", "shortest_values": [["-", 1], ["-", 1], ["-", 1], ["-", 1], ["-", 1]], "longest_values": [["SIZE OF LARGEST CLASS", 21], ["Social Studies", 14], ["Social Studies", 14], ["Social Studies", 14], ["Social Studies", 14]], "average_length": "6.856089205816555"}]}]}