{"dataset_name": "/user/hm74/NYCOpenData/7k2e-ht2j.tsv.gz", "columns": [{"column_name": "District", "number_non_empty_cells": 831, "number_empty_cells": 0, "number_distinct_values": 32, "frequent_values": [31, 1, 4, 10, 22], "dataTypes": [{"type": "INTEGER (LONG)", "count": 831, "max_value": 32, "min_value": 1, "mean": 16.653429602888075, "stddev": 9.366336765839097}]}, {"column_name": "Grade_Level", "number_non_empty_cells": 831, "number_empty_cells": 0, "number_distinct_values": 10, "frequent_values": ["3", "5", "4", "1", "2"], "dataTypes": [{"type": "INTEGER (LONG)", "count": 660, "max_value": 8, "min_value": 1, "mean": 4.168181818181817, "stddev": 2.2102830677696974}, {"type": "TEXT", "count": 171, "shortest_values": [["K", 1], ["K", 1], ["K", 1], ["K", 1], ["K", 1]], "longest_values": [["K-8 SC", 6], ["K-8 SC", 6], ["K-8 SC", 6], ["K-8 SC", 6], ["K-8 SC", 6]], "average_length": 3.4269005847953213}]}, {"column_name": "Program_Type", "number_non_empty_cells": 831, "number_empty_cells": 0, "number_distinct_values": 9, "frequent_values": ["ICT", "Gen Ed", "G&T", "SC 12:1:1", "SC 12:1"], "dataTypes": [{"type": "TEXT", "count": 831, "shortest_values": [["G&T", 3], ["ICT", 3], ["G&T", 3], ["ICT", 3], ["G&T", 3]], "longest_values": [["ICT & G&T", 9], ["ICT & G&T", 9], ["ICT & G&T", 9], ["ICT & G&T", 9], ["ICT & G&T", 9]], "average_length": 4.708784596871238}]}, {"column_name": "Number_of_Students", "number_non_empty_cells": 831, "number_empty_cells": 0, "number_distinct_values": 623, "frequent_values": [28, 23, 32, 26, 25], "dataTypes": [{"type": "INTEGER (LONG)", "count": 831, "max_value": 3435, "min_value": 2, "mean": 748.9602888086642, "stddev": 719.1024721489277}]}, {"column_name": "Number_of_Classes", "number_non_empty_cells": 831, "number_empty_cells": 0, "number_distinct_values": 120, "frequent_values": [1, 6, 3, 2, 4], "dataTypes": [{"type": "INTEGER (LONG)", "count": 831, "max_value": 204, "min_value": 1, "mean": 32.222623345367026, "stddev": 30.63020018338922}]}, {"column_name": "Average_Class_Size", "number_non_empty_cells": 831, "number_empty_cells": 0, "number_distinct_values": 177, "frequent_values": [27.0, 26.0, 28.0, 25.3, 29.0], "dataTypes": [{"type": "REAL", "count": 831, "max_value": 34.0, "min_value": 2.0, "mean": 23.35114320096268, "stddev": 5.881232916530564}]}]}