{"dataset_name": "/user/hm74/NYCOpenData/7kc8-z939.tsv.gz", "columns": [{"column_name": "Agency", "number_non_empty_cells": 537, "number_empty_cells": 0, "number_distinct_values": 31, "frequent_values": ["DPR", "DOT", "DCAS", "NYC & Co.", "NYCEDC"], "dataTypes": [{"type": "TEXT", "count": 537, "shortest_values": [["DEP", 3], ["DHS", 3], ["DOT", 3], ["DOT", 3], ["DOT", 3]], "longest_values": [["W. 41st St. and W. 47th St.; Operation, management and maintenance of a pedestrian plaza, including through DOT-approved events, sponsorships and subconcession(s), including but not limited to providing for the sale of any of the following: prepared food, flowers, locally grown produce or locally manufactured products, merchandise (such as souvenirs or t-shirts) that helps brand or promote the neighborhood or concessionaire, and other similar merchandise within the pedestrian plaza\"", 487], ["Streets in Manhattan; Operation, management and maintenance of a pedestrian plaza, including through DOT-approved events, sponsorships and subconcession(s), including but not limited to providing for the sale of any of the following: prepared food, flowers, locally grown produce or locally manufactured products, merchandise (such as souvenirs or t-shirts) that helps brand or promote the neighborhood or concessionaire, and other similar merchandise within the pedestrian plaza\"", 480], ["and 24th Streets; Operation, management and maintenance of a pedestrian plaza, including through DOT-approved events, sponsorships and subconcession(s), including but not limited to providing for the sale of any of the following: prepared food, flowers, locally grown produce or locally manufactured products, merchandise (such as souvenirs or t-shirts) that helps brand or promote the neighborhood or concessionaire, and other similar merchandise within the pedestrian plaza\"", 476], ["\tN/A\tRCT1\t846\t20020010097\tM10-(5)-A-IS\tWollman Rink Operations, LLC   \tIndoor Skating   \tSports, Recreation & Events\tRequest for Proposals (Original); Different Procedure (Amendment)\t11/1/01\t4/30/21\t3555947\tThe operation  and  management  of the Wollman and Lasker Skating Rinks in Central Park\tManhattan", 304], ["arts and crafts fair to be held at Margaret Mead Green, Columbus Avenue\"", 72]], "average_length": 7.305400372439476}]}, {"column_name": "\"\"\"At_FCRC\"\"_in_FY_2015_(Yes/No)\"", "number_non_empty_cells": 523, "number_empty_cells": 14, "number_distinct_values": 8, "frequent_values": ["No", "Yes", "Yes ", "Manhattan", "N/A"], "dataTypes": [{"type": "TEXT", "count": 523, "shortest_values": [["No", 2], ["No", 2], ["No", 2], ["No", 2], ["No", 2]], "longest_values": [["Manhattan", 9], ["Manhattan", 9], ["Manhattan", 9], ["Manhattan", 9], ["Manhattan", 9]], "average_length": 2.1567877629063146}]}, {"column_name": "FY_2015_Registration_(Yes/No)", "number_non_empty_cells": 516, "number_empty_cells": 21, "number_distinct_values": 5, "frequent_values": ["No", "Yes", "RCT1", "No (Contract is at the Comptroller's office)", null], "dataTypes": [{"type": "TEXT", "count": 516, "shortest_values": [["No", 2], ["No", 2], ["No", 2], ["No", 2], ["No", 2]], "longest_values": [["No (Contract is at the Comptroller's office)", 44], ["No (Contract is at the Comptroller's office)", 44], ["RCT1", 4], ["RCT1", 4], ["Yes", 3]], "average_length": 2.251937984496127}]}, {"column_name": "Registration_Date_(or_date_sent_to_Comptroller_for_registration)", "number_non_empty_cells": 516, "number_empty_cells": 21, "number_distinct_values": 371, "frequent_values": ["N/A", "6/25/2010", "04/23/10", "3/21/2014", "6/4/08"], "dataTypes": [{"type": "INTEGER (LONG)", "count": 3, "max_value": 2007, "min_value": 846, "mean": 1233.0, "stddev": 547.3006486383878}, {"type": "DATE/TIME", "count": 489, "max_value": "2015-06-30T00:00:00", "min_value": "1999-06-15T00:00:00"}, {"type": "TEXT", "count": 24, "shortest_values": [["N/A", 3], ["N/A", 3], ["N/A", 3], ["N/A", 3], ["N/A", 3]], "longest_values": [["Registration Pending (sent to Comptroller on 07/10/2015", 55], ["7/19/2007 original,  6/23/15 second amendment", 45], ["4/26/2002 (Orginal); 10/29/2010 (Amendment)", 43], ["8/29/2008 & 11/29/2011 (License Extension)", 42], ["11/26/2013 & 5/16/2014 (Amendment)", 34]], "average_length": 16.208333333333332}]}, {"column_name": "$_Value_for_FY2015_Registrations", "number_non_empty_cells": 513, "number_empty_cells": 24, "number_distinct_values": 41, "frequent_values": ["N/A", "$0", "N / A", "$1,167,500", "$525,000"], "dataTypes": [{"type": "INTEGER (LONG)", "count": 2, "max_value": 20080010731, "min_value": 20000030714, "mean": 20040020722.5, "stddev": 39990008.5}, {"type": "TEXT", "count": 511, "shortest_values": [["$0", 2], ["$0", 2], ["$0", 2], ["$0", 2], ["$0", 2]], "longest_values": [["$20,750,000", 11], ["$1,230,000", 10], ["$1,280,000", 10], ["$1,167,500", 10], ["$1,156,000", 10]], "average_length": 3.3483365949119377}]}, {"column_name": "\"DOC_CD_(eg,_\"\"RCT1\"\")\"", "number_non_empty_cells": 513, "number_empty_cells": 24, "number_distinct_values": 6, "frequent_values": ["RCT1", "RCT1 ", "N/A", "M10-(14)-BR,SB,R", "M70-IT"], "dataTypes": [{"type": "TEXT", "count": 513, "shortest_values": [["N/A", 3], ["N/A", 3], ["N/A", 3], ["N/A", 3], ["RCT1", 4]], "longest_values": [["M10-(14)-BR,SB,R", 16], ["M70-IT", 6], ["RCT1 ", 5], ["RCT1 ", 5], ["RCT1 ", 5]], "average_length": 4.040935672514622}]}, {"column_name": "DOC_(agency_code)", "number_non_empty_cells": 511, "number_empty_cells": 26, "number_distinct_values": 12, "frequent_values": ["846", "801", "841", "856", "56"], "dataTypes": [{"type": "INTEGER (LONG)", "count": 509, "max_value": 856, "min_value": 56, "mean": 839.7426326129666, "stddev": 60.60590083365754}, {"type": "TEXT", "count": 2, "shortest_values": [["York Avenue Tennis, LLC.", 24], ["Central Park Boathouse LLC    ", 30]], "longest_values": [["Central Park Boathouse LLC    ", 30], ["York Avenue Tennis, LLC.", 24]], "average_length": 27.0}]}, {"column_name": "DOC_ID_(automatically_generated_contract_ID_number_from_FMS)", "number_non_empty_cells": 492, "number_empty_cells": 45, "number_distinct_values": 485, "frequent_values": ["20080037419", "20138201037", "20138202642", "20158000120", "20118201471"], "dataTypes": [{"type": "INTEGER (LONG)", "count": 490, "max_value": 201280000105, "min_value": 2014820226, "mean": 20349641226.838787, "stddev": 8342710552.802859}, {"type": "TEXT", "count": 2, "shortest_values": [["Restaurant  ", 12], ["Indoor Tennis", 13]], "longest_values": [["Indoor Tennis", 13], ["Restaurant  ", 12]], "average_length": 12.5}]}, {"column_name": "Concession_ID_(pre-registration)", "number_non_empty_cells": 513, "number_empty_cells": 24, "number_distinct_values": 481, "frequent_values": ["N/A", "M10-72-3C", "M10-15-SLB", "M39-C", "B251-PL"], "dataTypes": [{"type": "INTEGER (LONG)", "count": 2, "max_value": 3411, "min_value": 442, "mean": 1926.5, "stddev": 1484.5}, {"type": "DATE/TIME", "count": 1, "max_value": "2019-12-07T00:00:28", "min_value": "2019-12-07T00:00:28"}, {"type": "TEXT", "count": 510, "shortest_values": [["N/A", 3], ["N/A", 3], ["N/A", 3], ["N/A", 3], ["N/A", 3]], "longest_values": [["Sports, Recreation & Events", 27], ["M200/200A/220/229-MT", 20], ["CIN 0560140000913", 17], ["M10,37,72,144,BR", 16], ["CIN 056090000675", 16]], "average_length": 7.739215686274505}]}, {"column_name": "Concessionaire", "number_non_empty_cells": 511, "number_empty_cells": 26, "number_distinct_values": 395, "frequent_values": ["Unlimited Nuts Inc.", "Go Green Realty Corp.   ", "Rodriguez, Rafael", "Sultana, Nadira", "Prospect Park Alliance, Inc. "], "dataTypes": [{"type": "TEXT", "count": 513, "shortest_values": [["Daron", 5], ["Daron", 5], ["Mud LLC", 7], ["Jun Gao", 7], ["Mattell", 7]], "longest_values": [["Knish Nosh until June 2015, then Le Pain Quotidien via assignment  ", 67], ["New York Restoration Enterprise;  Cofeed Corp. (via assignment)", 63], ["FY10 (Different Procedure); Original (Request for Proposals)", 60], ["FY10 (Different Procedure); Original (Request for Proposals)", 60], ["College of St Francis Xavier d.b.a. Xavier High School", 54]], "average_length": 20.389863547758274}]}, {"column_name": "Concession_Type_(specific_category)", "number_non_empty_cells": 513, "number_empty_cells": 24, "number_distinct_values": 65, "frequent_values": ["Mobile Truck", "Pushcart", "Snack Bar", "Tennis Pro", "Gourmet Cart"], "dataTypes": [{"type": "DATE/TIME", "count": 2, "max_value": "2007-09-01T00:00:00", "min_value": "2000-10-01T00:00:00"}, {"type": "TEXT", "count": 511, "shortest_values": [["Other", 5], ["Other", 5], ["Other", 5], ["Other", 5], ["Other", 5]], "longest_values": [["Indoor Athletic Facility & Community Center at the Park Slope Armory", 68], ["Children's and Adult Apparel and Accessories; Souvenirs", 55], ["New York City Drug Discount Card Program", 40], ["Other (Sports, Recreation & Events)", 35], ["Other (Sports, Recreation & Events)", 35]], "average_length": 12.15068493150684}]}, {"column_name": "Concession_Type_(general_category)", "number_non_empty_cells": 513, "number_empty_cells": 24, "number_distinct_values": 9, "frequent_values": ["Food-Related", "Sports, Recreation & Events", "Merchandise & Marketing", "Occupancy/Parking Lot/Other", "Occupancy/Parking Lot/ Other"], "dataTypes": [{"type": "DATE/TIME", "count": 2, "max_value": "2021-10-31T00:00:00", "min_value": "2017-08-31T00:00:00"}, {"type": "TEXT", "count": 511, "shortest_values": [["Other", 5], ["Other", 5], ["Food-Related", 12], ["Food-Related", 12], ["Food-Related", 12]], "longest_values": [["Occupancy/Parking Lot/ Other", 28], ["Occupancy/Parking Lot/ Other", 28], ["Occupancy/Parking Lot/ Other", 28], ["Occupancy/Parking Lot/ Other", 28], ["Occupancy/Parking Lot/ Other", 28]], "average_length": 17.313111545988264}]}, {"column_name": "Solicitation/Award_Method", "number_non_empty_cells": 513, "number_empty_cells": 24, "number_distinct_values": 20, "frequent_values": ["Request for Bids", "Request for Proposals", "Sole Source", "Different Procedure/Sole Source", "Different procedure / Sole Source"], "dataTypes": [{"type": "INTEGER (LONG)", "count": 2, "max_value": 2392071, "min_value": 1973312, "mean": 2182691.5, "stddev": 209379.5}, {"type": "TEXT", "count": 511, "shortest_values": [["Sole Source", 11], ["Sole Source", 11], ["Sole Source", 11], ["Sole Source", 11], ["Sole Source", 11]], "longest_values": [["Request for Proposals; Different Procedure (Other Procedure Authorization)", 74], ["FY10 (Different Procedure); Original (Request for Proposals)", 60], ["Different Procedure (Other Procedure Authorization)", 51], ["Different Procedure (Requet for Offers)", 39], ["Different procedure / Sole Source", 33]], "average_length": 18.424657534246585}]}, {"column_name": "Start_Date", "number_non_empty_cells": 513, "number_empty_cells": 24, "number_distinct_values": 315, "frequent_values": ["N/A", "4/5/14", "11/1/12", "1/1/11", "1/1/14"], "dataTypes": [{"type": "DATE/TIME", "count": 493, "max_value": "2015-06-22T00:00:00", "min_value": "1995-01-01T00:00:00"}, {"type": "TEXT", "count": 20, "shortest_values": [["N/A", 3], ["N/A", 3], ["N/A", 3], ["N/A", 3], ["N/A", 3]], "longest_values": [["The operation and maintenance of a restaurant, snack bar, and row boat and bicycle rental at the Loeb Memorial Boathouse in Central Park,", 137], ["The operation and management of an indoor tennis facility and clubhouse at Queensboro Oval, Manhattan", 101], ["Notice to Proceed", 17], ["N/A", 3], ["N/A", 3]], "average_length": 15.300000000000002}]}, {"column_name": "Expiration_Date", "number_non_empty_cells": 513, "number_empty_cells": 24, "number_distinct_values": 194, "frequent_values": ["12/31/14", "12/31/18", "12/31/17", "12/31/15", "11/18/18"], "dataTypes": [{"type": "DATE/TIME", "count": 490, "max_value": "2035-03-31T00:00:00", "min_value": "2009-06-30T00:00:00"}, {"type": "TEXT", "count": 23, "shortest_values": [["N/A", 3], ["N/A", 3], ["N/A", 3], ["N/A", 3], ["N/A", 3]], "longest_values": [["9/30/2015, with renewal option of four (4) successive terms of similar duration", 79], ["2/25/2017 initial term, with eight (8) renewable one (1) year option years", 74], ["5/31/2011 initial term, with five (5) renewable one (1) year option years", 73], ["Eight (8) years from NTP, plus seven (7) one-year renewal options", 65], ["9/30/15, plus seven (7) one (1) year options to renew", 53]], "average_length": 18.956521739130437}]}, {"column_name": "Revenue_Collected_in_FY_2015", "number_non_empty_cells": 496, "number_empty_cells": 41, "number_distinct_values": 425, "frequent_values": [0, 199848, 1000, 862, 1774], "dataTypes": [{"type": "INTEGER (LONG)", "count": 496, "max_value": 4903728, "min_value": 0, "mean": 85368.21169354835, "stddev": 302475.68268727086}]}, {"column_name": "Brief_Description_of_Concession", "number_non_empty_cells": 511, "number_empty_cells": 26, "number_distinct_values": 438, "frequent_values": ["Pushcart at Central Park - 72 St", "Pushcart at Flushing Meadows Corona Park", "The renovation and operation of six (6) gasoline filling stations in the boroughs of Brooklyn, Queens, and The Bronx", "Mobile Truck at Highbridge Park", "Pushcart at Riverside Park"], "dataTypes": [{"type": "TEXT", "count": 511, "shortest_values": [["Replica vehicles", 16], ["Non- Exlusive Jewelery", 22], ["Pushcart at Sunset Park", 23], ["Pushcart at Sakura Park", 23], ["Pushcart at Linden Park", 23]], "longest_values": [["Pearl Street Plaza (Anchorage Place, Pearl Street, and Water Street, including the pedestrian area underneath the Manhattan Bridge Arch); Operation, management and maintenance of a pedestrian plaza, including through DOT-approved events, sponsorships and subconcession(s), including but not limited to providing for the sale of any of the following: prepared food, flowers, locally grown produce or locally manufactured products, merchandise (such as souvenirs or t-shirts) that helps brand or promote the neighborhood or concessionaire, and other similar merchandise within the pedestrian plaza", 595], ["Water, Whitehall, Coenties Plaza, located on (1) Water and Whitehall Streets, and (2) Water Street and Coenties Slip; Operation, management and maintenance of a pedestrian plaza, including through DOT-approved events, sponsorships and subconcession(s), including but not limited to providing for the sale of any of the following: prepared food, flowers, locally grown produce or locally manufactured products, merchandise (such as souvenirs or t-shirts) that helps brand or promote the neighborhood or concessionaire, and other similar merchandise within the pedestrian plaza", 575], ["Herald Square Plaza (Broadway and 6th Avenue between West 33rd and West 36th Streets); Operation, management and maintenance of a pedestrian plaza, including through DOT-approved events, sponsorships and subconcession(s), including but not limited to providing for the sale of any of the following: prepared food, flowers, locally grown produce or locally manufactured products, merchandise (such as souvenirs or t-shirts) that helps brand or promote the neighborhood or concessionaire, and other similar merchandise within the pedestrian plaza", 544], ["Times Square Plaza (Broadway and 7th Avenue between West 41st and West 53rd Streets); Operation, management and maintenance of a pedestrian plaza, including through DOT-approved events, sponsorships and subconcession(s), including but not limited to providing for the sale of any of the following: prepared food, flowers, locally grown produce or locally manufactured products, merchandise (such as souvenirs or t-shirts) that helps brand or promote the neighborhood or concessionaire, and other similar merchandise within the pedestrian plaza", 543], ["Astor Place Plaza (Astor Place, Layfayette Street, East 9th Street and 4th Avenue); Operation, management and maintenance of a pedestrian plaza, including through DOT-approved events, sponsorships and subconcession(s), including but not limited to providing for the sale of any of the following: prepared food, flowers, locally grown produce or locally manufactured products, merchandise (such as souvenirs or t-shirts) that helps brand or promote the neighborhood or concessionaire, and other similar merchandise within the pedestrian plaza", 541]], "average_length": 71.83365949119379}]}, {"column_name": "Borough", "number_non_empty_cells": 498, "number_empty_cells": 39, "number_distinct_values": 11, "frequent_values": ["Manhattan", "Queens", "Bronx", "Brooklyn", "Staten Island"], "dataTypes": [{"type": "TEXT", "count": 498, "shortest_values": [["N/A", 3], ["Bronx", 5], ["Bronx", 5], ["Bronx", 5], ["Bronx", 5]], "longest_values": [["Brooklyn; Manhattan", 19], ["Brooklyn; Manhattan", 19], ["Staten Island", 13], ["Staten Island", 13], ["Staten Island", 13]], "average_length": 7.626506024096383}]}]}