{"dataset_name": "/user/hm74/NYCOpenData/7pi4-r8u2.tsv.gz", "columns": [{"column_name": "School_Year", "number_non_empty_cells": 1659, "number_empty_cells": 1, "number_distinct_values": 3, "frequent_values": ["2014-15", "PK-12\"", null], "dataTypes": [{"type": "TEXT", "count": 1659, "shortest_values": [["PK-12\"", 6], ["2014-15", 7], ["2014-15", 7], ["2014-15", 7], ["2014-15", 7]], "longest_values": [["2014-15", 7], ["2014-15", 7], ["2014-15", 7], ["2014-15", 7], ["2014-15", 7]], "average_length": 6.9993972272453355}]}, {"column_name": "DBN", "number_non_empty_cells": 1659, "number_empty_cells": 1, "number_distinct_values": 1660, "frequent_values": ["02M042", "02M529", "08X093", "01M064", "01M539"], "dataTypes": [{"type": "DATE/TIME", "count": 35, "max_value": "2019-12-08T00:06:52", "min_value": "2019-12-08T00:01:15"}, {"type": "TEXT", "count": 1624, "shortest_values": [["01M063", 6], ["01M064", 6], ["01M110", 6], ["01M134", 6], ["01M137", 6]], "longest_values": [["Ratio GC & SW", 13], ["01M063", 6], ["01M064", 6], ["01M110", 6], ["01M134", 6]], "average_length": 6.004310344827583}]}, {"column_name": "Location", "number_non_empty_cells": 1555, "number_empty_cells": 105, "number_distinct_values": 1660, "frequent_values": ["03M492 - HIGH SCHOOL FOR LAW, ADVOCACY AND COMMUNITY JUSTIC", "13K412 - BROOKLYN COMMUNITY HIGH SCHOOL OF COMMUNICATION, A", "17K568 - BROWNSVILLE ACADEMY HIGH SCHOOL", "23K647 - METROPOLITAN DIPLOMA PLUS HIGH SCHOOL", "25Q120 - P.S. 120 QUEENS"], "dataTypes": [{"type": "TEXT", "count": 1660, "shortest_values": [["Grand Total", 11], ["Ratio GC Only", 13], ["09X215 - KAPPA", 14], ["31R078 - PS 78", 14], ["12X536 - PS 536", 15]], "longest_values": [["01M345 - COLLABORATIVE ACADEMY OF SCIENCE, TECHNOLOGY, & LA", 59], ["01M539 - NEW EXPLORATIONS INTO SCIENCE, TECHNOLOGY AND MATH", 59], ["02M047 - 47 THE AMERICAN SIGN LANGUAGE AND ENGLISH SECONDAR", 59], ["02M135 - THE URBAN ASSEMBLY SCHOOL FOR EMERGENCY MANAGEMENT", 59], ["02M139 - STEPHEN T. MATHER BUILDING ARTS & CRAFTSMANSHIP HI", 59]], "average_length": 37.02530120481924}]}, {"column_name": "Location_Type", "number_non_empty_cells": 1659, "number_empty_cells": 1, "number_distinct_values": 11, "frequent_values": ["ELEMENTARY", "HIGH SCHOOL", "JUNIOR HIGH-INTERMEDIATE-MIDDLE", "K-8", "SECONDARY SCHOOL"], "dataTypes": [{"type": "TEXT", "count": 1659, "shortest_values": [["K-8", 3], ["K-8", 3], ["K-8", 3], ["K-8", 3], ["K-8", 3]], "longest_values": [["JUNIOR HIGH-INTERMEDIATE-MIDDLE", 31], ["JUNIOR HIGH-INTERMEDIATE-MIDDLE", 31], ["JUNIOR HIGH-INTERMEDIATE-MIDDLE", 31], ["JUNIOR HIGH-INTERMEDIATE-MIDDLE", 31], ["JUNIOR HIGH-INTERMEDIATE-MIDDLE", 31]], "average_length": 13.943942133815558}]}, {"column_name": "Total_GC_&_SW", "number_non_empty_cells": 1660, "number_empty_cells": 0, "number_distinct_values": 79, "frequent_values": ["2", "1", "3", "4", "0"], "dataTypes": [{"type": "INTEGER (LONG)", "count": 1365, "max_value": 3890, "min_value": 0, "mean": 5.268131868131873, "stddev": 105.20760520615123}, {"type": "REAL", "count": 294, "max_value": 56.2, "min_value": 0.1, "mean": 2.0000765306122457, "stddev": 3.771644809993182}, {"type": "TEXT", "count": 1, "shortest_values": [["Unnamed Column 1", 16]], "longest_values": [["Unnamed Column 1", 16]], "average_length": 16.0}]}, {"column_name": "Total_GC", "number_non_empty_cells": 1660, "number_empty_cells": 0, "number_distinct_values": 60, "frequent_values": ["1", "2", "0", "3", "0.6"], "dataTypes": [{"type": "INTEGER (LONG)", "count": 1410, "max_value": 36, "min_value": 0, "mean": 1.6921985815602822, "stddev": 2.0285924590268705}, {"type": "REAL", "count": 249, "max_value": 2682.5, "min_value": 0.1, "mean": 11.963855421686747, "stddev": 169.58852256849576}, {"type": "TEXT", "count": 1, "shortest_values": [["Unnamed Column 2", 16]], "longest_values": [["Unnamed Column 2", 16]], "average_length": 16.0}]}, {"column_name": "Full-Time", "number_non_empty_cells": 1312, "number_empty_cells": 348, "number_distinct_values": 20, "frequent_values": ["1", "2", "3", "4", "5"], "dataTypes": [{"type": "INTEGER (LONG)", "count": 1311, "max_value": 2556, "min_value": 1, "mean": 3.8993135011441638, "stddev": 70.54289155889897}, {"type": "TEXT", "count": 1, "shortest_values": [["Unnamed Column 3", 16]], "longest_values": [["Unnamed Column 3", 16]], "average_length": 16.0}]}, {"column_name": "Part-Time", "number_non_empty_cells": 249, "number_empty_cells": 1411, "number_distinct_values": 23, "frequent_values": [0.4, 0.6, 0.2, 0.8, 0.5], "dataTypes": [{"type": "REAL", "count": 249, "max_value": 126.5, "min_value": 0.1, "mean": 1.0160642570281124, "stddev": 7.970698950599748}]}, {"column_name": "Bilingual", "number_non_empty_cells": 262, "number_empty_cells": 1398, "number_distinct_values": 10, "frequent_values": [1.0, 2.0, 3.0, 0.4, 0.6], "dataTypes": [{"type": "REAL", "count": 262, "max_value": 312.0, "min_value": 0.2, "mean": 2.3816793893129775, "stddev": 19.172188037003405}]}, {"column_name": "Serving_more_than_one_location", "number_non_empty_cells": 153, "number_empty_cells": 1507, "number_distinct_values": 20, "frequent_values": [0.4, 0.6, 0.2, 0.8, 0.5], "dataTypes": [{"type": "REAL", "count": 153, "max_value": 72.4, "min_value": 0.1763, "mean": 0.9464052287581699, "stddev": 5.7980762069900535}]}, {"column_name": "ATR", "number_non_empty_cells": 61, "number_empty_cells": 1599, "number_distinct_values": 3, "frequent_values": [1, 2, null], "dataTypes": [{"type": "INTEGER (LONG)", "count": 61, "max_value": 2, "min_value": 1, "mean": 1.0163934426229508, "stddev": 0.1269830605313907}]}, {"column_name": "2014_Enrollment", "number_non_empty_cells": 1652, "number_empty_cells": 8, "number_distinct_values": 887, "frequent_values": [428, 358, 353, 504, 496], "dataTypes": [{"type": "INTEGER (LONG)", "count": 1652, "max_value": 993471, "min_value": 12, "mean": 1202.7493946731242, "stddev": 24425.74100068111}]}]}