{"dataset_name": "/user/hm74/NYCOpenData/7r6i-tdj2.tsv.gz", "columns": [{"column_name": "ProjectDWID", "number_non_empty_cells": 141, "number_empty_cells": 0, "number_distinct_values": 141, "frequent_values": [18654, 18759, 19317, 19358, 20021], "dataTypes": [{"type": "INTEGER (LONG)", "count": 141, "max_value": 57305, "min_value": 18455, "mean": 25012.23404255318, "stddev": 10723.469830262184}]}, {"column_name": "ProjectID", "number_non_empty_cells": 141, "number_empty_cells": 0, "number_distinct_values": 141, "frequent_values": [48254, 51607, 51123, 49607, 63172], "dataTypes": [{"type": "INTEGER (LONG)", "count": 141, "max_value": 66982, "min_value": 44218, "mean": 51501.92907801418, "stddev": 6229.582712759496}]}, {"column_name": "HPDPBVHAPYear1Amount ", "number_non_empty_cells": 11, "number_empty_cells": 130, "number_distinct_values": 11, "frequent_values": [23024.0, 29931.0, 49886.0, 72143.0, 2497164.0], "dataTypes": [{"type": "REAL", "count": 11, "max_value": 2497164.0, "min_value": 6139.0, "mean": 266499.99999999994, "stddev": 706149.6320577337}]}, {"column_name": "IsCreditFacility", "number_non_empty_cells": 2, "number_empty_cells": 139, "number_distinct_values": 2, "frequent_values": ["Yes", null], "dataTypes": [{"type": "TEXT", "count": 2, "shortest_values": [["Yes", 3], ["Yes", 3]], "longest_values": [["Yes", 3], ["Yes", 3]], "average_length": 3.0}]}, {"column_name": " AcquisitionPrice ", "number_non_empty_cells": 119, "number_empty_cells": 22, "number_distinct_values": 39, "frequent_values": [1.0, 2.0, 3.0, 4.0, 5.0], "dataTypes": [{"type": "REAL", "count": 119, "max_value": 300000000.0, "min_value": 1.0, "mean": 4247862.571428571, "stddev": 28268462.67763474}]}, {"column_name": " AsIsAppraisalAmount ", "number_non_empty_cells": 87, "number_empty_cells": 54, "number_distinct_values": 84, "frequent_values": [3660000.0, 3000000.0, 22000000.0, 4700000.0, 5210000.0], "dataTypes": [{"type": "REAL", "count": 87, "max_value": 173420000.0, "min_value": 256687.0, "mean": 18100806.034482755, "stddev": 30640154.00855848}]}, {"column_name": "HighestBestAppraisalAmount ", "number_non_empty_cells": 77, "number_empty_cells": 64, "number_distinct_values": 72, "frequent_values": [3000000.0, 22000000.0, 140000000.0, 2900000.0, 2720000.0], "dataTypes": [{"type": "REAL", "count": 77, "max_value": 140000000.0, "min_value": 173420.0, "mean": 20207291.675324675, "stddev": 29873320.863573402}]}, {"column_name": " IntendedUseAppraisalAmount ", "number_non_empty_cells": 40, "number_empty_cells": 101, "number_distinct_values": 41, "frequent_values": [300000.0, 17490000.0, 5525000.0, 7047000.0, 1255000.0], "dataTypes": [{"type": "REAL", "count": 40, "max_value": 140000000.0, "min_value": 210000.0, "mean": 14350216.25, "stddev": 26089617.08941291}]}, {"column_name": "IsNominal", "number_non_empty_cells": 29, "number_empty_cells": 112, "number_distinct_values": 2, "frequent_values": ["Yes", null], "dataTypes": [{"type": "TEXT", "count": 29, "shortest_values": [["Yes", 3], ["Yes", 3], ["Yes", 3], ["Yes", 3], ["Yes", 3]], "longest_values": [["Yes", 3], ["Yes", 3], ["Yes", 3], ["Yes", 3], ["Yes", 3]], "average_length": 3.0}]}]}