{"dataset_name": "/user/hm74/NYCOpenData/7ree-jtaa.tsv.gz", "columns": [{"column_name": "Borough", "number_non_empty_cells": 65, "number_empty_cells": 0, "number_distinct_values": 5, "frequent_values": ["Queens", "Brooklyn", "Staten Island", "Manhattan", "Bronx"], "dataTypes": [{"type": "TEXT", "count": 65, "shortest_values": [["Bronx", 5], ["Bronx", 5], ["Bronx", 5], ["Bronx", 5], ["Bronx", 5]], "longest_values": [["Staten Island", 13], ["Staten Island", 13], ["Staten Island", 13], ["Staten Island", 13], ["Staten Island", 13]], "average_length": 8.199999999999998}]}, {"column_name": "Calendar Year", "number_non_empty_cells": 65, "number_empty_cells": 0, "number_distinct_values": 13, "frequent_values": [2007, 2018, 2015, 2006, 2013], "dataTypes": [{"type": "INTEGER (LONG)", "count": 65, "max_value": 2018, "min_value": 2006, "mean": 2011.9999999999993, "stddev": 3.7416573867743543}]}, {"column_name": "Client Total", "number_non_empty_cells": 65, "number_empty_cells": 0, "number_distinct_values": 65, "frequent_values": [472, 597, 1344, 756, 2240], "dataTypes": [{"type": "INTEGER (LONG)", "count": 65, "max_value": 4016, "min_value": 200, "mean": 1680.1846153846154, "stddev": 1073.822014936979}]}]}