{"dataset_name": "/user/hm74/NYCOpenData/7rf2-3gxf.tsv.gz", "columns": [{"column_name": "Indicator", "number_non_empty_cells": 21, "number_empty_cells": 0, "number_distinct_values": 6, "frequent_values": ["% Cases w/Collection (1)", "Support Establishment Percent (SEP) % of cases with a court order", "% Current Distributed", "New Orders", "Total Cases with Orders"], "dataTypes": [{"type": "TEXT", "count": 21, "shortest_values": [["New Orders", 10], ["New Orders", 10], ["New Orders", 10], ["New Orders", 10], ["% Current Distributed", 21]], "longest_values": [["Paternity Estab. % (PEP) % of out of wedlock cases with paternity established", 77], ["Support Establishment Percent (SEP) % of cases with a court order", 65], ["Support Establishment Percent (SEP) % of cases with a court order", 65], ["Support Establishment Percent (SEP) % of cases with a court order", 65], ["Support Establishment Percent (SEP) % of cases with a court order", 65]], "average_length": 30.90476190476191}]}, {"column_name": "Case Type", "number_non_empty_cells": 21, "number_empty_cells": 0, "number_distinct_values": 4, "frequent_values": ["Total", "Former", "Current", "Never"], "dataTypes": [{"type": "TEXT", "count": 21, "shortest_values": [["Total", 5], ["Never", 5], ["Total", 5], ["Total", 5], ["Never", 5]], "longest_values": [["Current", 7], ["Current", 7], ["Current", 7], ["Current", 7], ["Current", 7]], "average_length": 5.714285714285715}]}, {"column_name": "August 2019", "number_non_empty_cells": 21, "number_empty_cells": 0, "number_distinct_values": 18, "frequent_values": [0.8, 0.39, 0.86, 168.0, 803.0], "dataTypes": [{"type": "REAL", "count": 21, "max_value": 259245.0, "min_value": 0.33, "mean": 24809.801904761905, "stddev": 62448.885153616}]}, {"column_name": "July 2019", "number_non_empty_cells": 21, "number_empty_cells": 0, "number_distinct_values": 20, "frequent_values": ["0.79", "0.39", "111,100", "200", "0.68"], "dataTypes": [{"type": "INTEGER (LONG)", "count": 4, "max_value": 818, "min_value": 82, "mean": 409.0, "stddev": 288.97231701323915}, {"type": "REAL", "count": 13, "max_value": 0.85, "min_value": 0.32, "mean": 0.5992307692307692, "stddev": 0.17834545296058427}, {"type": "DATE/TIME", "count": 3, "max_value": "0259-12-05T00:00:00", "min_value": "0111-12-05T00:00:00"}, {"type": "TEXT", "count": 1, "shortest_values": [["27,943", 6]], "longest_values": [["27,943", 6]], "average_length": 6.0}]}, {"column_name": "June 2019", "number_non_empty_cells": 21, "number_empty_cells": 0, "number_distinct_values": 20, "frequent_values": ["0.79", "28,169", "113", "570", "111,606"], "dataTypes": [{"type": "INTEGER (LONG)", "count": 4, "max_value": 916, "min_value": 113, "mean": 458.0, "stddev": 313.0327458909052}, {"type": "REAL", "count": 13, "max_value": 0.85, "min_value": 0.33, "mean": 0.6030769230769232, "stddev": 0.1735327331296768}, {"type": "DATE/TIME", "count": 3, "max_value": "0261-12-05T00:00:00", "min_value": "0111-12-05T00:00:00"}, {"type": "TEXT", "count": 1, "shortest_values": [["28,169", 6]], "longest_values": [["28,169", 6]], "average_length": 6.0}]}, {"column_name": "August 2018", "number_non_empty_cells": 21, "number_empty_cells": 0, "number_distinct_values": 20, "frequent_values": [0.86, 1187.0, 114433.0, 280.0, 0.39], "dataTypes": [{"type": "REAL", "count": 21, "max_value": 267932.0, "min_value": 0.32, "mean": 25630.754761904762, "stddev": 64448.09374040888}]}, {"column_name": "2019 Goals", "number_non_empty_cells": 3, "number_empty_cells": 18, "number_distinct_values": 4, "frequent_values": [0.86, 0.43, 0.82, null], "dataTypes": [{"type": "REAL", "count": 3, "max_value": 0.86, "min_value": 0.43, "mean": 0.7033333333333334, "stddev": 0.1939644870130154}]}]}