{"dataset_name": "/user/hm74/NYCOpenData/7s3q-rztu.tsv.gz", "columns": [{"column_name": "NEIGHBORHOOD", "number_non_empty_cells": 56, "number_empty_cells": 1, "number_distinct_values": 28, "frequent_values": ["WASHINGTON HEIGHTS LOWER ", "HARLEM-CENTRAL           ", "MIDTOWN EAST             ", "UPPER EAST SIDE (79-96)  ", "MURRAY HILL              "], "dataTypes": [{"type": "TEXT", "count": 57, "shortest_values": [["ALPHABET CITY            ", 25], ["CHELSEA                  ", 25], ["CHELSEA                  ", 25], ["CHELSEA                  ", 25], ["CHINATOWN                ", 25]], "longest_values": [["ALPHABET CITY            ", 25], ["CHELSEA                  ", 25], ["CHELSEA                  ", 25], ["CHELSEA                  ", 25], ["CHINATOWN                ", 25]], "average_length": 25.0}]}, {"column_name": "TYPE OF HOME", "number_non_empty_cells": 57, "number_empty_cells": 0, "number_distinct_values": 3, "frequent_values": ["02 TWO FAMILY HOMES                        ", "01 ONE FAMILY HOMES                        ", "03 THREE FAMILY HOMES                      "], "dataTypes": [{"type": "TEXT", "count": 57, "shortest_values": [["03 THREE FAMILY HOMES                      ", 43], ["01 ONE FAMILY HOMES                        ", 43], ["02 TWO FAMILY HOMES                        ", 43], ["03 THREE FAMILY HOMES                      ", 43], ["02 TWO FAMILY HOMES                        ", 43]], "longest_values": [["03 THREE FAMILY HOMES                      ", 43], ["01 ONE FAMILY HOMES                        ", 43], ["02 TWO FAMILY HOMES                        ", 43], ["03 THREE FAMILY HOMES                      ", 43], ["02 TWO FAMILY HOMES                        ", 43]], "average_length": 43.0}]}, {"column_name": "NUMBER OF SALES", "number_non_empty_cells": 57, "number_empty_cells": 0, "number_distinct_values": 10, "frequent_values": [1, 2, 3, 4, 6], "dataTypes": [{"type": "INTEGER (LONG)", "count": 57, "max_value": 21, "min_value": 1, "mean": 3.0, "stddev": 3.469162394483465}]}, {"column_name": "LOWEST SALE PRICE", "number_non_empty_cells": 57, "number_empty_cells": 0, "number_distinct_values": 55, "frequent_values": [3800000.0, 200000.0, 4280000.0, 1000000.0, 175000.0], "dataTypes": [{"type": "REAL", "count": 57, "max_value": 13500000.0, "min_value": 175000.0, "mean": 3477235.947368421, "stddev": 2902341.4776650225}]}, {"column_name": "AVERAGE SALE PRICE", "number_non_empty_cells": 57, "number_empty_cells": 0, "number_distinct_values": 56, "frequent_values": [200000.0, 5529097.0, 1000000.0, 4455000.0, 8665000.0], "dataTypes": [{"type": "REAL", "count": 57, "max_value": 15655000.0, "min_value": 200000.0, "mean": 4782087.50877193, "stddev": 3815903.136873165}]}, {"column_name": "MEDIAN SALE PRICE", "number_non_empty_cells": 57, "number_empty_cells": 0, "number_distinct_values": 55, "frequent_values": [5500000.0, 200000.0, 5687500.0, 1000000.0, 4525000.0], "dataTypes": [{"type": "REAL", "count": 57, "max_value": 13825000.0, "min_value": 200000.0, "mean": 4567053.192982456, "stddev": 3565072.264356165}]}, {"column_name": "HIGHEST SALE PRICE", "number_non_empty_cells": 57, "number_empty_cells": 0, "number_distinct_values": 54, "frequent_values": [200000.0, 5300000.0, 13500000.0, 27000000.0, 5529097.0], "dataTypes": [{"type": "REAL", "count": 57, "max_value": 49000000.0, "min_value": 200000.0, "mean": 6884256.122807015, "stddev": 8360889.993872312}]}]}