{"dataset_name": "/user/hm74/NYCOpenData/7scx-rfrp.tsv.gz", "columns": [{"column_name": "DBN", "number_non_empty_cells": 1715, "number_empty_cells": 0, "number_distinct_values": 329, "frequent_values": ["06M153", "25Q032", "30Q150", "03M163", "03M165"], "dataTypes": [{"type": "DATE/TIME", "count": 66, "max_value": "2019-12-08T00:06:48", "min_value": "2019-12-08T00:01:15"}, {"type": "TEXT", "count": 1649, "shortest_values": [["01M184", 6], ["01M184", 6], ["01M184", 6], ["01M184", 6], ["01M184", 6]], "longest_values": [["01M184", 6], ["01M184", 6], ["01M184", 6], ["01M184", 6], ["01M184", 6]], "average_length": 6.0}]}, {"column_name": "School_Name", "number_non_empty_cells": 1715, "number_empty_cells": 0, "number_distinct_values": 329, "frequent_values": ["P.S. 150 Queens", "P.S. 032 State Street", "P.S. 163 Alfred E. Smith", "P.S. 153 Adam Clayton Powell", "P.S. Q016 The Nancy DeBenedittis School"], "dataTypes": [{"type": "TEXT", "count": 1715, "shortest_values": [["P.S. 78", 7], ["P.S. 78", 7], ["P.S. 78", 7], ["M.S. 131", 8], ["M.S. 131", 8]], "longest_values": [["P.S./I.S. 210 - Twenty-first Century Academy for C", 50], ["P.S./I.S. 210 - Twenty-first Century Academy for C", 50], ["P.S./I.S. 210 - Twenty-first Century Academy for C", 50], ["P.S./I.S. 210 - Twenty-first Century Academy for C", 50], ["P.S./I.S. 210 - Twenty-first Century Academy for C", 50]], "average_length": 24.7486880466472}]}, {"column_name": "Special_Program", "number_non_empty_cells": 1715, "number_empty_cells": 0, "number_distinct_values": 2, "frequent_values": ["Dual Language", "Gifted and Talented"], "dataTypes": [{"type": "TEXT", "count": 1715, "shortest_values": [["Dual Language", 13], ["Dual Language", 13], ["Dual Language", 13], ["Dual Language", 13], ["Dual Language", 13]], "longest_values": [["Gifted and Talented", 19], ["Gifted and Talented", 19], ["Gifted and Talented", 19], ["Gifted and Talented", 19], ["Gifted and Talented", 19]], "average_length": 14.801749271137002}]}, {"column_name": "Category", "number_non_empty_cells": 1715, "number_empty_cells": 0, "number_distinct_values": 6, "frequent_values": ["All Students", "Receive free or reduced price lunch", "English Language Learners", "Reside in temporary housing", "Attend school outside district of residence"], "dataTypes": [{"type": "TEXT", "count": 1715, "shortest_values": [["All Students", 12], ["All Students", 12], ["All Students", 12], ["All Students", 12], ["All Students", 12]], "longest_values": [["Attend school outside district of residence", 43], ["Attend school outside district of residence", 43], ["Attend school outside district of residence", 43], ["Attend school outside district of residence", 43], ["Attend school outside district of residence", 43]], "average_length": 27.447230320699703}]}, {"column_name": "Year", "number_non_empty_cells": 1715, "number_empty_cells": 0, "number_distinct_values": 1, "frequent_values": ["2016-17"], "dataTypes": [{"type": "TEXT", "count": 1715, "shortest_values": [["2016-17", 7], ["2016-17", 7], ["2016-17", 7], ["2016-17", 7], ["2016-17", 7]], "longest_values": [["2016-17", 7], ["2016-17", 7], ["2016-17", 7], ["2016-17", 7], ["2016-17", 7]], "average_length": 7.0}]}, {"column_name": "Total_Enrollment", "number_non_empty_cells": 1715, "number_empty_cells": 0, "number_distinct_values": 228, "frequent_values": ["s", "6", "8", "7", "10"], "dataTypes": [{"type": "INTEGER (LONG)", "count": 1074, "max_value": 986, "min_value": 6, "mean": 70.09031657355675, "stddev": 99.50056960287432}, {"type": "TEXT", "count": 641, "shortest_values": [["s", 1], ["s", 1], ["s", 1], ["s", 1], ["s", 1]], "longest_values": [["s", 1], ["s", 1], ["s", 1], ["s", 1], ["s", 1]], "average_length": 1.0}]}, {"column_name": "#Grade_K", "number_non_empty_cells": 1715, "number_empty_cells": 0, "number_distinct_values": 56, "frequent_values": ["No Data", "s", "25", "6", "24"], "dataTypes": [{"type": "INTEGER (LONG)", "count": 421, "max_value": 124, "min_value": 6, "mean": 23.439429928741074, "stddev": 18.479346207444426}, {"type": "TEXT", "count": 1294, "shortest_values": [["s", 1], ["s", 1], ["s", 1], ["s", 1], ["s", 1]], "longest_values": [["No Data", 7], ["No Data", 7], ["No Data", 7], ["No Data", 7], ["No Data", 7]], "average_length": 4.8299845440494575}]}, {"column_name": "#Grade_1", "number_non_empty_cells": 1715, "number_empty_cells": 0, "number_distinct_values": 66, "frequent_values": ["No Data", "s", "22", "23", "6"], "dataTypes": [{"type": "INTEGER (LONG)", "count": 469, "max_value": 184, "min_value": 6, "mean": 25.980810234541593, "stddev": 21.61116090533183}, {"type": "TEXT", "count": 1246, "shortest_values": [["s", 1], ["s", 1], ["s", 1], ["s", 1], ["s", 1]], "longest_values": [["No Data", 7], ["No Data", 7], ["No Data", 7], ["No Data", 7], ["No Data", 7]], "average_length": 4.414125200642049}]}, {"column_name": "#Grade_2", "number_non_empty_cells": 1715, "number_empty_cells": 0, "number_distinct_values": 66, "frequent_values": ["No Data", "s", "6", "32", "17"], "dataTypes": [{"type": "INTEGER (LONG)", "count": 476, "max_value": 207, "min_value": 6, "mean": 25.964285714285715, "stddev": 21.43459824211129}, {"type": "TEXT", "count": 1239, "shortest_values": [["s", 1], ["s", 1], ["s", 1], ["s", 1], ["s", 1]], "longest_values": [["No Data", 7], ["No Data", 7], ["No Data", 7], ["No Data", 7], ["No Data", 7]], "average_length": 4.4818401937046}]}, {"column_name": "#Grade_3", "number_non_empty_cells": 1715, "number_empty_cells": 0, "number_distinct_values": 65, "frequent_values": ["No Data", "s", "32", "15", "31"], "dataTypes": [{"type": "INTEGER (LONG)", "count": 440, "max_value": 175, "min_value": 6, "mean": 25.57499999999999, "stddev": 20.352212577952837}, {"type": "TEXT", "count": 1275, "shortest_values": [["s", 1], ["s", 1], ["s", 1], ["s", 1], ["s", 1]], "longest_values": [["No Data", 7], ["No Data", 7], ["No Data", 7], ["No Data", 7], ["No Data", 7]], "average_length": 5.1270588235294134}]}, {"column_name": "#Grade_4", "number_non_empty_cells": 1715, "number_empty_cells": 0, "number_distinct_values": 63, "frequent_values": ["No Data", "s", "7", "6", "8"], "dataTypes": [{"type": "INTEGER (LONG)", "count": 381, "max_value": 159, "min_value": 6, "mean": 25.228346456692925, "stddev": 20.226352568139326}, {"type": "TEXT", "count": 1334, "shortest_values": [["s", 1], ["s", 1], ["s", 1], ["s", 1], ["s", 1]], "longest_values": [["No Data", 7], ["No Data", 7], ["No Data", 7], ["No Data", 7], ["No Data", 7]], "average_length": 5.52023988005997}]}, {"column_name": "#Grade_5", "number_non_empty_cells": 1715, "number_empty_cells": 0, "number_distinct_values": 56, "frequent_values": ["No Data", "s", "7", "6", "11"], "dataTypes": [{"type": "INTEGER (LONG)", "count": 331, "max_value": 137, "min_value": 6, "mean": 24.09063444108762, "stddev": 19.071599942608337}, {"type": "TEXT", "count": 1384, "shortest_values": [["s", 1], ["s", 1], ["s", 1], ["s", 1], ["s", 1]], "longest_values": [["No Data", 7], ["No Data", 7], ["No Data", 7], ["No Data", 7], ["No Data", 7]], "average_length": 5.75144508670521}]}, {"column_name": "#Grade_6", "number_non_empty_cells": 1715, "number_empty_cells": 0, "number_distinct_values": 32, "frequent_values": ["No Data", "s", "8", "11", "15"], "dataTypes": [{"type": "INTEGER (LONG)", "count": 84, "max_value": 107, "min_value": 6, "mean": 23.190476190476186, "stddev": 20.113651009105727}, {"type": "TEXT", "count": 1631, "shortest_values": [["s", 1], ["s", 1], ["s", 1], ["s", 1], ["s", 1]], "longest_values": [["No Data", 7], ["No Data", 7], ["No Data", 7], ["No Data", 7], ["No Data", 7]], "average_length": 6.8087063151440805}]}, {"column_name": "#Grade_7", "number_non_empty_cells": 1715, "number_empty_cells": 0, "number_distinct_values": 32, "frequent_values": ["No Data", "s", "16", "6", "14"], "dataTypes": [{"type": "INTEGER (LONG)", "count": 86, "max_value": 95, "min_value": 6, "mean": 22.51162790697675, "stddev": 17.62908813616602}, {"type": "TEXT", "count": 1629, "shortest_values": [["s", 1], ["s", 1], ["s", 1], ["s", 1], ["s", 1]], "longest_values": [["No Data", 7], ["No Data", 7], ["No Data", 7], ["No Data", 7], ["No Data", 7]], "average_length": 6.701657458563534}]}, {"column_name": "#Grade_8", "number_non_empty_cells": 1715, "number_empty_cells": 0, "number_distinct_values": 33, "frequent_values": ["No Data", "s", "15", "25", "7"], "dataTypes": [{"type": "INTEGER (LONG)", "count": 76, "max_value": 91, "min_value": 6, "mean": 23.526315789473674, "stddev": 19.23023502347727}, {"type": "TEXT", "count": 1639, "shortest_values": [["s", 1], ["s", 1], ["s", 1], ["s", 1], ["s", 1]], "longest_values": [["No Data", 7], ["No Data", 7], ["No Data", 7], ["No Data", 7], ["No Data", 7]], "average_length": 6.77303233679072}]}, {"column_name": "#Female", "number_non_empty_cells": 1715, "number_empty_cells": 0, "number_distinct_values": 148, "frequent_values": ["s", "12", "9", "15", "7"], "dataTypes": [{"type": "INTEGER (LONG)", "count": 782, "max_value": 506, "min_value": 6, "mean": 48.02429667519179, "stddev": 55.8565771434581}, {"type": "TEXT", "count": 933, "shortest_values": [["s", 1], ["s", 1], ["s", 1], ["s", 1], ["s", 1]], "longest_values": [["s", 1], ["s", 1], ["s", 1], ["s", 1], ["s", 1]], "average_length": 1.0}]}, {"column_name": "%Female", "number_non_empty_cells": 1715, "number_empty_cells": 0, "number_distinct_values": 244, "frequent_values": ["s", "50.0%", "55.6%", "60.0%", "52.2%"], "dataTypes": [{"type": "TEXT", "count": 1715, "shortest_values": [["s", 1], ["s", 1], ["s", 1], ["s", 1], ["s", 1]], "longest_values": [["55.6%", 5], ["64.5%", 5], ["64.4%", 5], ["55.6%", 5], ["57.1%", 5]], "average_length": 2.8239067055393594}]}, {"column_name": "#Male", "number_non_empty_cells": 1715, "number_empty_cells": 0, "number_distinct_values": 139, "frequent_values": ["s", "13", "12", "7", "22"], "dataTypes": [{"type": "INTEGER (LONG)", "count": 782, "max_value": 483, "min_value": 6, "mean": 44.63299232736574, "stddev": 52.950003789198675}, {"type": "TEXT", "count": 933, "shortest_values": [["s", 1], ["s", 1], ["s", 1], ["s", 1], ["s", 1]], "longest_values": [["s", 1], ["s", 1], ["s", 1], ["s", 1], ["s", 1]], "average_length": 1.0}]}, {"column_name": "%Male", "number_non_empty_cells": 1715, "number_empty_cells": 0, "number_distinct_values": 243, "frequent_values": ["s", "50.0%", "44.4%", "40.0%", "47.8%"], "dataTypes": [{"type": "TEXT", "count": 1715, "shortest_values": [["s", 1], ["s", 1], ["s", 1], ["s", 1], ["s", 1]], "longest_values": [["44.4%", 5], ["35.5%", 5], ["35.6%", 5], ["44.4%", 5], ["42.9%", 5]], "average_length": 2.8239067055393594}]}, {"column_name": "#Asian", "number_non_empty_cells": 1715, "number_empty_cells": 0, "number_distinct_values": 103, "frequent_values": ["s", "6", "7", "8", "11"], "dataTypes": [{"type": "INTEGER (LONG)", "count": 287, "max_value": 627, "min_value": 6, "mean": 53.66550522648083, "stddev": 74.39432297525687}, {"type": "TEXT", "count": 1428, "shortest_values": [["s", 1], ["s", 1], ["s", 1], ["s", 1], ["s", 1]], "longest_values": [["s", 1], ["s", 1], ["s", 1], ["s", 1], ["s", 1]], "average_length": 1.0}]}, {"column_name": "%Asian", "number_non_empty_cells": 1715, "number_empty_cells": 0, "number_distinct_values": 193, "frequent_values": ["s", "100.0%", "50.0%", "94.4%", "22.2%"], "dataTypes": [{"type": "TEXT", "count": 1715, "shortest_values": [["s", 1], ["s", 1], ["s", 1], ["s", 1], ["s", 1]], "longest_values": [["100.0%", 6], ["100.0%", 6], ["100.0%", 6], ["100.0%", 6], ["100.0%", 6]], "average_length": 1.667055393586006}]}, {"column_name": "#Black", "number_non_empty_cells": 1715, "number_empty_cells": 0, "number_distinct_values": 52, "frequent_values": ["s", "7", "6", "11", "10"], "dataTypes": [{"type": "INTEGER (LONG)", "count": 255, "max_value": 216, "min_value": 6, "mean": 20.035294117647062, "stddev": 23.590184262547545}, {"type": "TEXT", "count": 1460, "shortest_values": [["s", 1], ["s", 1], ["s", 1], ["s", 1], ["s", 1]], "longest_values": [["s", 1], ["s", 1], ["s", 1], ["s", 1], ["s", 1]], "average_length": 1.0}]}, {"column_name": "%Black", "number_non_empty_cells": 1715, "number_empty_cells": 0, "number_distinct_values": 175, "frequent_values": ["s", "100.0%", "23.1%", "3.8%", "25.0%"], "dataTypes": [{"type": "TEXT", "count": 1715, "shortest_values": [["s", 1], ["s", 1], ["s", 1], ["s", 1], ["s", 1]], "longest_values": [["100.0%", 6], ["100.0%", 6], ["100.0%", 6], ["100.0%", 6], ["100.0%", 6]], "average_length": 1.5609329446064153}]}, {"column_name": "#Hispanic", "number_non_empty_cells": 1715, "number_empty_cells": 0, "number_distinct_values": 155, "frequent_values": ["s", "6", "8", "7", "10"], "dataTypes": [{"type": "INTEGER (LONG)", "count": 799, "max_value": 883, "min_value": 6, "mean": 49.76345431789737, "stddev": 74.89044391188547}, {"type": "TEXT", "count": 916, "shortest_values": [["s", 1], ["s", 1], ["s", 1], ["s", 1], ["s", 1]], "longest_values": [["s", 1], ["s", 1], ["s", 1], ["s", 1], ["s", 1]], "average_length": 1.0}]}, {"column_name": "%Hispanic", "number_non_empty_cells": 1715, "number_empty_cells": 0, "number_distinct_values": 314, "frequent_values": ["s", "100.0%", "85.7%", "75.0%", "98.9%"], "dataTypes": [{"type": "TEXT", "count": 1715, "shortest_values": [["s", 1], ["s", 1], ["s", 1], ["s", 1], ["s", 1]], "longest_values": [["100.0%", 6], ["100.0%", 6], ["100.0%", 6], ["100.0%", 6], ["100.0%", 6]], "average_length": 2.967930029154515}]}, {"column_name": "#Other", "number_non_empty_cells": 1715, "number_empty_cells": 0, "number_distinct_values": 22, "frequent_values": ["s", "6", "10", "8", "11"], "dataTypes": [{"type": "INTEGER (LONG)", "count": 59, "max_value": 68, "min_value": 6, "mean": 16.338983050847446, "stddev": 13.53915873696728}, {"type": "TEXT", "count": 1656, "shortest_values": [["s", 1], ["s", 1], ["s", 1], ["s", 1], ["s", 1]], "longest_values": [["s", 1], ["s", 1], ["s", 1], ["s", 1], ["s", 1]], "average_length": 1.0}]}, {"column_name": "%Other", "number_non_empty_cells": 1715, "number_empty_cells": 0, "number_distinct_values": 46, "frequent_values": ["s", "11.0%", "4.1%", "10.6%", "3.8%"], "dataTypes": [{"type": "TEXT", "count": 1715, "shortest_values": [["s", 1], ["s", 1], ["s", 1], ["s", 1], ["s", 1]], "longest_values": [["11.1%", 5], ["11.1%", 5], ["10.9%", 5], ["12.8%", 5], ["10.6%", 5]], "average_length": 1.1102040816326535}]}, {"column_name": "#White", "number_non_empty_cells": 1715, "number_empty_cells": 0, "number_distinct_values": 83, "frequent_values": ["s", "6", "8", "7", "9"], "dataTypes": [{"type": "INTEGER (LONG)", "count": 254, "max_value": 310, "min_value": 6, "mean": 41.70078740157481, "stddev": 50.323491322716855}, {"type": "TEXT", "count": 1461, "shortest_values": [["s", 1], ["s", 1], ["s", 1], ["s", 1], ["s", 1]], "longest_values": [["s", 1], ["s", 1], ["s", 1], ["s", 1], ["s", 1]], "average_length": 1.0}]}, {"column_name": "%White", "number_non_empty_cells": 1715, "number_empty_cells": 0, "number_distinct_values": 186, "frequent_values": ["s", "100.0%", "91.7%", "18.2%", "66.7%"], "dataTypes": [{"type": "TEXT", "count": 1715, "shortest_values": [["s", 1], ["s", 1], ["s", 1], ["s", 1], ["s", 1]], "longest_values": [["100.0%", 6], ["100.0%", 6], ["100.0%", 6], ["100.0%", 6], ["100.0%", 6]], "average_length": 1.575510204081633}]}, {"column_name": "#ELL_Spanish", "number_non_empty_cells": 1715, "number_empty_cells": 0, "number_distinct_values": 73, "frequent_values": ["No Data", "s", "6", "7", "29"], "dataTypes": [{"type": "INTEGER (LONG)", "count": 125, "max_value": 298, "min_value": 6, "mean": 46.696, "stddev": 48.107916022209906}, {"type": "TEXT", "count": 1590, "shortest_values": [["s", 1], ["s", 1], ["s", 1], ["s", 1], ["s", 1]], "longest_values": [["No Data", 7], ["No Data", 7], ["No Data", 7], ["No Data", 7], ["No Data", 7]], "average_length": 6.483018867924518}]}, {"column_name": "%ELL_Spanish", "number_non_empty_cells": 1715, "number_empty_cells": 0, "number_distinct_values": 38, "frequent_values": ["No Data", "s", "100.0%", "85.7%", "91.7%"], "dataTypes": [{"type": "TEXT", "count": 1715, "shortest_values": [["s", 1], ["s", 1], ["s", 1], ["s", 1], ["s", 1]], "longest_values": [["No Data", 7], ["No Data", 7], ["No Data", 7], ["No Data", 7], ["No Data", 7]], "average_length": 6.4239067055393555}]}, {"column_name": "#ELL_Chinese", "number_non_empty_cells": 1715, "number_empty_cells": 0, "number_distinct_values": 17, "frequent_values": ["No Data", "s", "7", "6", "8"], "dataTypes": [{"type": "INTEGER (LONG)", "count": 16, "max_value": 398, "min_value": 6, "mean": 47.9375, "stddev": 92.73582691576108}, {"type": "TEXT", "count": 1699, "shortest_values": [["s", 1], ["s", 1], ["s", 1], ["s", 1], ["s", 1]], "longest_values": [["No Data", 7], ["No Data", 7], ["No Data", 7], ["No Data", 7], ["No Data", 7]], "average_length": 6.131253678634488}]}, {"column_name": "%ELL_Chinese", "number_non_empty_cells": 1715, "number_empty_cells": 0, "number_distinct_values": 13, "frequent_values": ["No Data", "s", "100.0%", "75.0%", "50.0%"], "dataTypes": [{"type": "TEXT", "count": 1715, "shortest_values": [["s", 1], ["s", 1], ["s", 1], ["s", 1], ["s", 1]], "longest_values": [["No Data", 7], ["No Data", 7], ["No Data", 7], ["No Data", 7], ["No Data", 7]], "average_length": 6.123615160349857}]}, {"column_name": "#ELL_Bengali", "number_non_empty_cells": 1715, "number_empty_cells": 0, "number_distinct_values": 3, "frequent_values": ["No Data", "s", "6"], "dataTypes": [{"type": "INTEGER (LONG)", "count": 1, "max_value": 6, "min_value": 6, "mean": 6.0, "stddev": 0.0}, {"type": "TEXT", "count": 1714, "shortest_values": [["s", 1], ["s", 1], ["s", 1], ["s", 1], ["s", 1]], "longest_values": [["No Data", 7], ["No Data", 7], ["No Data", 7], ["No Data", 7], ["No Data", 7]], "average_length": 6.086347724620767}]}, {"column_name": "%ELL_Bengali", "number_non_empty_cells": 1715, "number_empty_cells": 0, "number_distinct_values": 3, "frequent_values": ["No Data", "s", "1.9%"], "dataTypes": [{"type": "TEXT", "count": 1715, "shortest_values": [["s", 1], ["s", 1], ["s", 1], ["s", 1], ["s", 1]], "longest_values": [["No Data", 7], ["No Data", 7], ["No Data", 7], ["No Data", 7], ["No Data", 7]], "average_length": 6.085131195335273}]}, {"column_name": "#ELL_Arabic", "number_non_empty_cells": 1715, "number_empty_cells": 0, "number_distinct_values": 3, "frequent_values": ["No Data", "s", "16"], "dataTypes": [{"type": "INTEGER (LONG)", "count": 1, "max_value": 16, "min_value": 16, "mean": 16.0, "stddev": 0.0}, {"type": "TEXT", "count": 1714, "shortest_values": [["s", 1], ["s", 1], ["s", 1], ["s", 1], ["s", 1]], "longest_values": [["No Data", 7], ["No Data", 7], ["No Data", 7], ["No Data", 7], ["No Data", 7]], "average_length": 6.086347724620767}]}, {"column_name": "%ELL_Arabic", "number_non_empty_cells": 1715, "number_empty_cells": 0, "number_distinct_values": 3, "frequent_values": ["No Data", "s", "88.9%"], "dataTypes": [{"type": "TEXT", "count": 1715, "shortest_values": [["s", 1], ["s", 1], ["s", 1], ["s", 1], ["s", 1]], "longest_values": [["No Data", 7], ["No Data", 7], ["No Data", 7], ["No Data", 7], ["No Data", 7]], "average_length": 6.08571428571429}]}, {"column_name": "#ELL_Haitian_Creole", "number_non_empty_cells": 1715, "number_empty_cells": 0, "number_distinct_values": 4, "frequent_values": ["No Data", "s", "15", "6"], "dataTypes": [{"type": "INTEGER (LONG)", "count": 2, "max_value": 15, "min_value": 6, "mean": 10.5, "stddev": 4.5}, {"type": "TEXT", "count": 1713, "shortest_values": [["s", 1], ["s", 1], ["s", 1], ["s", 1], ["s", 1]], "longest_values": [["No Data", 7], ["No Data", 7], ["No Data", 7], ["No Data", 7], ["No Data", 7]], "average_length": 6.089316987740802}]}, {"column_name": "%ELL_Haitian_Creole", "number_non_empty_cells": 1715, "number_empty_cells": 0, "number_distinct_values": 4, "frequent_values": ["No Data", "s", "33.3%", "66.7%"], "dataTypes": [{"type": "TEXT", "count": 1715, "shortest_values": [["s", 1], ["s", 1], ["s", 1], ["s", 1], ["s", 1]], "longest_values": [["No Data", 7], ["No Data", 7], ["No Data", 7], ["No Data", 7], ["No Data", 7]], "average_length": 6.088046647230319}]}, {"column_name": "#ELL_French", "number_non_empty_cells": 1715, "number_empty_cells": 0, "number_distinct_values": 7, "frequent_values": ["No Data", "s", "34", "16", "8"], "dataTypes": [{"type": "INTEGER (LONG)", "count": 5, "max_value": 34, "min_value": 7, "mean": 16.4, "stddev": 9.687104830649869}, {"type": "TEXT", "count": 1710, "shortest_values": [["s", 1], ["s", 1], ["s", 1], ["s", 1], ["s", 1]], "longest_values": [["No Data", 7], ["No Data", 7], ["No Data", 7], ["No Data", 7], ["No Data", 7]], "average_length": 6.098245614035086}]}, {"column_name": "%ELL_French", "number_non_empty_cells": 1715, "number_empty_cells": 0, "number_distinct_values": 7, "frequent_values": ["No Data", "s", "70.8%", "91.9%", "88.9%"], "dataTypes": [{"type": "TEXT", "count": 1715, "shortest_values": [["s", 1], ["s", 1], ["s", 1], ["s", 1], ["s", 1]], "longest_values": [["No Data", 7], ["No Data", 7], ["No Data", 7], ["No Data", 7], ["No Data", 7]], "average_length": 6.0950437317784285}]}, {"column_name": "#ELL_Russian", "number_non_empty_cells": 1715, "number_empty_cells": 0, "number_distinct_values": 8, "frequent_values": ["No Data", "s", "17", "8", "18"], "dataTypes": [{"type": "INTEGER (LONG)", "count": 7, "max_value": 44, "min_value": 7, "mean": 17.857142857142858, "stddev": 11.43214229928146}, {"type": "TEXT", "count": 1708, "shortest_values": [["s", 1], ["s", 1], ["s", 1], ["s", 1], ["s", 1]], "longest_values": [["No Data", 7], ["No Data", 7], ["No Data", 7], ["No Data", 7], ["No Data", 7]], "average_length": 6.104215456674473}]}, {"column_name": "%ELL_Russian", "number_non_empty_cells": 1715, "number_empty_cells": 0, "number_distinct_values": 9, "frequent_values": ["No Data", "s", "91.7%", "100.0%", "94.7%"], "dataTypes": [{"type": "TEXT", "count": 1715, "shortest_values": [["s", 1], ["s", 1], ["s", 1], ["s", 1], ["s", 1]], "longest_values": [["No Data", 7], ["No Data", 7], ["No Data", 7], ["No Data", 7], ["No Data", 7]], "average_length": 6.100291545189507}]}, {"column_name": "#ELL_Korean", "number_non_empty_cells": 1715, "number_empty_cells": 0, "number_distinct_values": 3, "frequent_values": ["No Data", "s", "23"], "dataTypes": [{"type": "INTEGER (LONG)", "count": 1, "max_value": 23, "min_value": 23, "mean": 23.0, "stddev": 0.0}, {"type": "TEXT", "count": 1714, "shortest_values": [["s", 1], ["s", 1], ["s", 1], ["s", 1], ["s", 1]], "longest_values": [["No Data", 7], ["No Data", 7], ["No Data", 7], ["No Data", 7], ["No Data", 7]], "average_length": 6.086347724620767}]}, {"column_name": "%ELL_Korean", "number_non_empty_cells": 1715, "number_empty_cells": 0, "number_distinct_values": 3, "frequent_values": ["No Data", "s", "95.8%"], "dataTypes": [{"type": "TEXT", "count": 1715, "shortest_values": [["s", 1], ["s", 1], ["s", 1], ["s", 1], ["s", 1]], "longest_values": [["No Data", 7], ["No Data", 7], ["No Data", 7], ["No Data", 7], ["No Data", 7]], "average_length": 6.08571428571429}]}, {"column_name": "#ELL_Urdu", "number_non_empty_cells": 1715, "number_empty_cells": 0, "number_distinct_values": 2, "frequent_values": ["No Data", "s"], "dataTypes": [{"type": "TEXT", "count": 1715, "shortest_values": [["s", 1], ["s", 1], ["s", 1], ["s", 1], ["s", 1]], "longest_values": [["No Data", 7], ["No Data", 7], ["No Data", 7], ["No Data", 7], ["No Data", 7]], "average_length": 6.083381924198251}]}, {"column_name": "%ELL_Urdu", "number_non_empty_cells": 1715, "number_empty_cells": 0, "number_distinct_values": 2, "frequent_values": ["No Data", "s"], "dataTypes": [{"type": "TEXT", "count": 1715, "shortest_values": [["s", 1], ["s", 1], ["s", 1], ["s", 1], ["s", 1]], "longest_values": [["No Data", 7], ["No Data", 7], ["No Data", 7], ["No Data", 7], ["No Data", 7]], "average_length": 6.083381924198251}]}, {"column_name": "#ELL_Other", "number_non_empty_cells": 1715, "number_empty_cells": 0, "number_distinct_values": 5, "frequent_values": ["No Data", "s", "7", "8", "26"], "dataTypes": [{"type": "INTEGER (LONG)", "count": 3, "max_value": 26, "min_value": 7, "mean": 13.666666666666666, "stddev": 8.73053390247253}, {"type": "TEXT", "count": 1712, "shortest_values": [["s", 1], ["s", 1], ["s", 1], ["s", 1], ["s", 1]], "longest_values": [["No Data", 7], ["No Data", 7], ["No Data", 7], ["No Data", 7], ["No Data", 7]], "average_length": 6.092289719626165}]}, {"column_name": "%ELL_Other", "number_non_empty_cells": 1715, "number_empty_cells": 0, "number_distinct_values": 5, "frequent_values": ["No Data", "s", "100.0%", "32.0%", "2.3%"], "dataTypes": [{"type": "TEXT", "count": 1715, "shortest_values": [["s", 1], ["s", 1], ["s", 1], ["s", 1], ["s", 1]], "longest_values": [["No Data", 7], ["No Data", 7], ["No Data", 7], ["No Data", 7], ["No Data", 7]], "average_length": 6.09037900874635}]}, {"column_name": "ELA_#Test_Takers", "number_non_empty_cells": 1715, "number_empty_cells": 0, "number_distinct_values": 144, "frequent_values": ["No Data", "s", "6", "8", "10"], "dataTypes": [{"type": "INTEGER (LONG)", "count": 705, "max_value": 607, "min_value": 6, "mean": 49.89078014184397, "stddev": 60.31111526256236}, {"type": "TEXT", "count": 1010, "shortest_values": [["s", 1], ["s", 1], ["s", 1], ["s", 1], ["s", 1]], "longest_values": [["No Data", 7], ["No Data", 7], ["No Data", 7], ["No Data", 7], ["No Data", 7]], "average_length": 4.42772277227722}]}, {"column_name": "ELA_#Level_1", "number_non_empty_cells": 1715, "number_empty_cells": 0, "number_distinct_values": 50, "frequent_values": ["s", "No Data", "7", "20", "6"], "dataTypes": [{"type": "INTEGER (LONG)", "count": 267, "max_value": 168, "min_value": 6, "mean": 21.715355805243437, "stddev": 22.198488918542655}, {"type": "TEXT", "count": 1448, "shortest_values": [["s", 1], ["s", 1], ["s", 1], ["s", 1], ["s", 1]], "longest_values": [["No Data", 7], ["No Data", 7], ["No Data", 7], ["No Data", 7], ["No Data", 7]], "average_length": 3.3908839779005513}]}, {"column_name": "ELA_%Level_1", "number_non_empty_cells": 1715, "number_empty_cells": 0, "number_distinct_values": 165, "frequent_values": ["s", "No Data", "50.0%", "100.0%", "71.4%"], "dataTypes": [{"type": "TEXT", "count": 1715, "shortest_values": [["s", 1], ["s", 1], ["s", 1], ["s", 1], ["s", 1]], "longest_values": [["No Data", 7], ["No Data", 7], ["No Data", 7], ["No Data", 7], ["No Data", 7]], "average_length": 3.6355685131195297}]}, {"column_name": "ELA_#Level_2", "number_non_empty_cells": 1715, "number_empty_cells": 0, "number_distinct_values": 57, "frequent_values": ["s", "No Data", "6", "7", "10"], "dataTypes": [{"type": "INTEGER (LONG)", "count": 284, "max_value": 246, "min_value": 6, "mean": 24.225352112676056, "stddev": 28.174355127453186}, {"type": "TEXT", "count": 1431, "shortest_values": [["s", 1], ["s", 1], ["s", 1], ["s", 1], ["s", 1]], "longest_values": [["No Data", 7], ["No Data", 7], ["No Data", 7], ["No Data", 7], ["No Data", 7]], "average_length": 3.419287211740042}]}, {"column_name": "ELA_%Level_2", "number_non_empty_cells": 1715, "number_empty_cells": 0, "number_distinct_values": 157, "frequent_values": ["s", "No Data", "40.0%", "25.0%", "50.0%"], "dataTypes": [{"type": "TEXT", "count": 1715, "shortest_values": [["s", 1], ["s", 1], ["s", 1], ["s", 1], ["s", 1]], "longest_values": [["No Data", 7], ["No Data", 7], ["No Data", 7], ["No Data", 7], ["No Data", 7]], "average_length": 3.681632653061223}]}, {"column_name": "ELA_#Level_3", "number_non_empty_cells": 1715, "number_empty_cells": 0, "number_distinct_values": 67, "frequent_values": ["s", "No Data", "8", "6", "9"], "dataTypes": [{"type": "INTEGER (LONG)", "count": 317, "max_value": 141, "min_value": 6, "mean": 27.470031545741342, "stddev": 22.491846773717356}, {"type": "TEXT", "count": 1398, "shortest_values": [["s", 1], ["s", 1], ["s", 1], ["s", 1], ["s", 1]], "longest_values": [["No Data", 7], ["No Data", 7], ["No Data", 7], ["No Data", 7], ["No Data", 7]], "average_length": 3.47639484978541}]}, {"column_name": "ELA_%Level_3", "number_non_empty_cells": 1715, "number_empty_cells": 0, "number_distinct_values": 175, "frequent_values": ["s", "No Data", "50.0%", "33.3%", "35.3%"], "dataTypes": [{"type": "TEXT", "count": 1715, "shortest_values": [["s", 1], ["s", 1], ["s", 1], ["s", 1], ["s", 1]], "longest_values": [["No Data", 7], ["No Data", 7], ["No Data", 7], ["No Data", 7], ["No Data", 7]], "average_length": 3.7568513119533518}]}, {"column_name": "ELA_#Level_4", "number_non_empty_cells": 1715, "number_empty_cells": 0, "number_distinct_values": 78, "frequent_values": ["s", "No Data", "6", "8", "21"], "dataTypes": [{"type": "INTEGER (LONG)", "count": 283, "max_value": 223, "min_value": 6, "mean": 32.78091872791519, "stddev": 31.24611167109118}, {"type": "TEXT", "count": 1432, "shortest_values": [["s", 1], ["s", 1], ["s", 1], ["s", 1], ["s", 1]], "longest_values": [["No Data", 7], ["No Data", 7], ["No Data", 7], ["No Data", 7], ["No Data", 7]], "average_length": 3.4175977653631215}]}, {"column_name": "ELA_%Level_4", "number_non_empty_cells": 1715, "number_empty_cells": 0, "number_distinct_values": 186, "frequent_values": ["s", "No Data", "50.0%", "58.3%", "58.8%"], "dataTypes": [{"type": "TEXT", "count": 1715, "shortest_values": [["s", 1], ["s", 1], ["s", 1], ["s", 1], ["s", 1]], "longest_values": [["No Data", 7], ["No Data", 7], ["No Data", 7], ["No Data", 7], ["No Data", 7]], "average_length": 3.6693877551020413}]}, {"column_name": "ELA_#L3+L4", "number_non_empty_cells": 1715, "number_empty_cells": 0, "number_distinct_values": 106, "frequent_values": ["s", "No Data", "22", "27", "124"], "dataTypes": [{"type": "INTEGER (LONG)", "count": 250, "max_value": 329, "min_value": 12, "mean": 66.28800000000004, "stddev": 46.80236164981423}, {"type": "TEXT", "count": 1465, "shortest_values": [["s", 1], ["s", 1], ["s", 1], ["s", 1], ["s", 1]], "longest_values": [["No Data", 7], ["No Data", 7], ["No Data", 7], ["No Data", 7], ["No Data", 7]], "average_length": 3.3631399317406157}]}, {"column_name": "ELA_%L3+L4", "number_non_empty_cells": 1715, "number_empty_cells": 0, "number_distinct_values": 151, "frequent_values": ["s", "No Data", "100.0%", "91.7%", "96.6%"], "dataTypes": [{"type": "TEXT", "count": 1715, "shortest_values": [["s", 1], ["s", 1], ["s", 1], ["s", 1], ["s", 1]], "longest_values": [["No Data", 7], ["No Data", 7], ["No Data", 7], ["No Data", 7], ["No Data", 7]], "average_length": 3.606997084548106}]}, {"column_name": "Math_#Test_Takers", "number_non_empty_cells": 1715, "number_empty_cells": 0, "number_distinct_values": 144, "frequent_values": ["No Data", "s", "8", "7", "6"], "dataTypes": [{"type": "INTEGER (LONG)", "count": 709, "max_value": 526, "min_value": 6, "mean": 50.073342736248186, "stddev": 58.49024590698108}, {"type": "TEXT", "count": 1006, "shortest_values": [["s", 1], ["s", 1], ["s", 1], ["s", 1], ["s", 1]], "longest_values": [["No Data", 7], ["No Data", 7], ["No Data", 7], ["No Data", 7], ["No Data", 7]], "average_length": 4.387673956262445}]}, {"column_name": "Math_#Level_1", "number_non_empty_cells": 1715, "number_empty_cells": 0, "number_distinct_values": 56, "frequent_values": ["s", "No Data", "7", "15", "14"], "dataTypes": [{"type": "INTEGER (LONG)", "count": 257, "max_value": 215, "min_value": 6, "mean": 24.120622568093378, "stddev": 27.0955407691653}, {"type": "TEXT", "count": 1458, "shortest_values": [["s", 1], ["s", 1], ["s", 1], ["s", 1], ["s", 1]], "longest_values": [["No Data", 7], ["No Data", 7], ["No Data", 7], ["No Data", 7], ["No Data", 7]], "average_length": 3.337448559670776}]}, {"column_name": "Math_%Level_1", "number_non_empty_cells": 1715, "number_empty_cells": 0, "number_distinct_values": 166, "frequent_values": ["s", "No Data", "66.7%", "50.0%", "64.3%"], "dataTypes": [{"type": "TEXT", "count": 1715, "shortest_values": [["s", 1], ["s", 1], ["s", 1], ["s", 1], ["s", 1]], "longest_values": [["No Data", 7], ["No Data", 7], ["No Data", 7], ["No Data", 7], ["No Data", 7]], "average_length": 3.579008746355684}]}, {"column_name": "Math_#Level_2", "number_non_empty_cells": 1715, "number_empty_cells": 0, "number_distinct_values": 57, "frequent_values": ["s", "No Data", "8", "7", "9"], "dataTypes": [{"type": "INTEGER (LONG)", "count": 264, "max_value": 163, "min_value": 6, "mean": 22.037878787878785, "stddev": 20.727454090558652}, {"type": "TEXT", "count": 1451, "shortest_values": [["s", 1], ["s", 1], ["s", 1], ["s", 1], ["s", 1]], "longest_values": [["No Data", 7], ["No Data", 7], ["No Data", 7], ["No Data", 7], ["No Data", 7]], "average_length": 3.3487250172294902}]}, {"column_name": "Math_%Level_2", "number_non_empty_cells": 1715, "number_empty_cells": 0, "number_distinct_values": 150, "frequent_values": ["s", "No Data", "28.6%", "25.0%", "40.4%"], "dataTypes": [{"type": "TEXT", "count": 1715, "shortest_values": [["s", 1], ["s", 1], ["s", 1], ["s", 1], ["s", 1]], "longest_values": [["No Data", 7], ["No Data", 7], ["No Data", 7], ["No Data", 7], ["No Data", 7]], "average_length": 3.6029154518950404}]}, {"column_name": "Math_#Level_3", "number_non_empty_cells": 1715, "number_empty_cells": 0, "number_distinct_values": 52, "frequent_values": ["s", "No Data", "9", "6", "7"], "dataTypes": [{"type": "INTEGER (LONG)", "count": 305, "max_value": 111, "min_value": 6, "mean": 20.629508196721325, "stddev": 16.61099126800296}, {"type": "TEXT", "count": 1410, "shortest_values": [["s", 1], ["s", 1], ["s", 1], ["s", 1], ["s", 1]], "longest_values": [["No Data", 7], ["No Data", 7], ["No Data", 7], ["No Data", 7], ["No Data", 7]], "average_length": 3.417021276595745}]}, {"column_name": "Math_%Level_3", "number_non_empty_cells": 1715, "number_empty_cells": 0, "number_distinct_values": 179, "frequent_values": ["s", "No Data", "33.3%", "42.9%", "20.0%"], "dataTypes": [{"type": "TEXT", "count": 1715, "shortest_values": [["s", 1], ["s", 1], ["s", 1], ["s", 1], ["s", 1]], "longest_values": [["No Data", 7], ["No Data", 7], ["No Data", 7], ["No Data", 7], ["No Data", 7]], "average_length": 3.6956268221574344}]}, {"column_name": "Math_#Level_4", "number_non_empty_cells": 1715, "number_empty_cells": 0, "number_distinct_values": 94, "frequent_values": ["s", "No Data", "7", "6", "10"], "dataTypes": [{"type": "INTEGER (LONG)", "count": 343, "max_value": 284, "min_value": 6, "mean": 38.498542274052475, "stddev": 38.69849626323205}, {"type": "TEXT", "count": 1372, "shortest_values": [["s", 1], ["s", 1], ["s", 1], ["s", 1], ["s", 1]], "longest_values": [["No Data", 7], ["No Data", 7], ["No Data", 7], ["No Data", 7], ["No Data", 7]], "average_length": 3.483965014577263}]}, {"column_name": "Math_%Level_4", "number_non_empty_cells": 1715, "number_empty_cells": 0, "number_distinct_values": 221, "frequent_values": ["s", "No Data", "85.7%", "87.5%", "100.0%"], "dataTypes": [{"type": "TEXT", "count": 1715, "shortest_values": [["s", 1], ["s", 1], ["s", 1], ["s", 1], ["s", 1]], "longest_values": [["No Data", 7], ["No Data", 7], ["No Data", 7], ["No Data", 7], ["No Data", 7]], "average_length": 3.779008746355686}]}, {"column_name": "Math_#L3+L4", "number_non_empty_cells": 1715, "number_empty_cells": 0, "number_distinct_values": 111, "frequent_values": ["s", "No Data", "78", "24", "77"], "dataTypes": [{"type": "INTEGER (LONG)", "count": 264, "max_value": 334, "min_value": 12, "mean": 67.85606060606061, "stddev": 50.08018306672137}, {"type": "TEXT", "count": 1451, "shortest_values": [["s", 1], ["s", 1], ["s", 1], ["s", 1], ["s", 1]], "longest_values": [["No Data", 7], ["No Data", 7], ["No Data", 7], ["No Data", 7], ["No Data", 7]], "average_length": 3.3487250172295018}]}, {"column_name": "Math_%L3+L4", "number_non_empty_cells": 1715, "number_empty_cells": 0, "number_distinct_values": 148, "frequent_values": ["s", "No Data", "100.0%", "95.7%", "96.6%"], "dataTypes": [{"type": "TEXT", "count": 1715, "shortest_values": [["s", 1], ["s", 1], ["s", 1], ["s", 1], ["s", 1]], "longest_values": [["No Data", 7], ["No Data", 7], ["No Data", 7], ["No Data", 7], ["No Data", 7]], "average_length": 3.6204081632653065}]}]}