{"dataset_name": "/user/hm74/NYCOpenData/7su9-xgtn.tsv.gz", "columns": [{"column_name": "Name of Program", "number_non_empty_cells": 37, "number_empty_cells": 0, "number_distinct_values": 27, "frequent_values": ["- Financial education workshops", "- Long-term financial counseling for all NYCHA residents", "Financial Independence Today (FIT)", "- Comprehensive public benefits screening and enrollment", "38-81 13th Street Long Island City, NY 11101"], "dataTypes": [{"type": "TEXT", "count": 37, "shortest_values": [["\u00e2\u20ac\u00a2 Youth ages 18-24", 20], ["\t\t\t212-487-6607 \t\t\t\t\t\t\t\t\t", 25], ["\t\t\t212-487-6607 \t\t\t\t\t\t\t\t\t", 25], ["FIT Interventions Include:", 26], ["- Tenant advocacy services", 26]], "longest_values": [["\t10005\tManhattan\t(718)218-1538\tDayanna.torres@nycha.nyc.gov\t40.706186\t-74.010907\t1\t1\t7\t1078988\t1000267501\tBattery Park City-Lower Manhattan", 139], ["2. Receive referrals for individual appointments with financial counseling professionals. \"", 91], ["\u00e2\u20ac\u00a2 Services available through zone partners, NRTA and financial counseling providers\"", 86], ["\u00e2\u20ac\u00a2 \u00e2\u20ac\u02dcIndependent Living\u00e2\u20ac\u2122 NYCHA residents that have aged out of Foster Care System", 85], ["- Savings, loans and NYCHA rent payment at the ERDA Federal Credit Union \"", 74]], "average_length": 51.108108108108105}]}, {"column_name": "Description", "number_non_empty_cells": 10, "number_empty_cells": 27, "number_distinct_values": 10, "frequent_values": ["FIT is an innovative public/private partnership between UWNYC and ERDA - run in collaboration with NYCHA - aimed at increasing the financial stability of public housing residents who find themselves in rental arrears. ERDA provides critical financial counseling services for public housing residents facing rental arrears and allows them to pay back their rent so they can achieve self-sufficiency and so the housing authority can collect needed revenue.", "Wed, Thurs", "Mon, Tues, Fri", "Year Up\u00e2\u20ac\u2122s mission is to close the Opportunity Divide by providing urban young adults with the skills, experience, and support that will empower them to reach their potential through professional careers and higher education. ", "Tuesday"], "dataTypes": [{"type": "DATE/TIME", "count": 1, "max_value": "2019-12-10T00:00:00", "min_value": "2019-12-10T00:00:00"}, {"type": "TEXT", "count": 9, "shortest_values": [["Wed, Thurs", 10], ["Tues, Thurs", 11], ["Mon, Tues, Fri", 14], ["Wednesday & Thursday", 20], ["REES staff provide an overview of: ", 35]], "longest_values": [["FIT is an innovative public/private partnership between UWNYC and ERDA - run in collaboration with NYCHA - aimed at increasing the financial stability of public housing residents who find themselves in rental arrears. ERDA provides critical financial counseling services for public housing residents facing rental arrears and allows them to pay back their rent so they can achieve self-sufficiency and so the housing authority can collect needed revenue.", 454], ["FIT is an innovative public/private partnership between UWNYC and ERDA - run in collaboration with NYCHA - aimed at increasing the financial stability of public housing residents who find themselves in rental arrears. ERDA provides critical financial counseling services for public housing residents facing rental arrears and allows them to pay back their rent so they can achieve self-sufficiency and so the housing authority can collect needed revenue.", 454], ["Year Up\u00e2\u20ac\u2122s mission is to close the Opportunity Divide by providing urban young adults with the skills, experience, and support that will empower them to reach their potential through professional careers and higher education. ", 227], ["NYCHA worked with the NYC\u00e2\u20ac\u2122s Office of Financial Empowerment (OFE) and Neighborhood Trust Financial Partners to bring a satellite Financial Empowerment Center to Manhattanville Houses\u00e2\u20ac\u2122 Community Center", 204], ["REES staff provide an overview of: ", 35]], "average_length": 158.77777777777777}]}, {"column_name": "Days", "number_non_empty_cells": 5, "number_empty_cells": 32, "number_distinct_values": 6, "frequent_values": ["8:30am-10:30am", "9am - 7pm", "9am - 5pm", "3:30pm - 5:30pm", "9:30am - 1:30pm "], "dataTypes": [{"type": "DATE/TIME", "count": 1, "max_value": "2019-12-06T08:30:00-10:30", "min_value": "2019-12-06T08:30:00-10:30"}, {"type": "TEXT", "count": 4, "shortest_values": [["9am - 5pm", 9], ["9am - 7pm", 9], ["3:30pm - 5:30pm", 15], ["9:30am - 1:30pm ", 16]], "longest_values": [["9:30am - 1:30pm ", 16], ["3:30pm - 5:30pm", 15], ["9am - 5pm", 9], ["9am - 7pm", 9]], "average_length": 12.25}]}, {"column_name": "Times", "number_non_empty_cells": 5, "number_empty_cells": 32, "number_distinct_values": 5, "frequent_values": ["NYC Financial Empowerment Center at ERDA", "Manhattanville Community Center, 530 W. 133rd Street", "55 Exchange Place Suite 403 New York, NY", "787 Atlantic Avenue 2nd Floor Brooklyn, NY 11238", null], "dataTypes": [{"type": "TEXT", "count": 5, "shortest_values": [["NYC Financial Empowerment Center at ERDA", 40], ["NYC Financial Empowerment Center at ERDA", 40], ["55 Exchange Place Suite 403 New York, NY", 40], ["787 Atlantic Avenue 2nd Floor Brooklyn, NY 11238", 48], ["Manhattanville Community Center, 530 W. 133rd Street", 52]], "longest_values": [["Manhattanville Community Center, 530 W. 133rd Street", 52], ["787 Atlantic Avenue 2nd Floor Brooklyn, NY 11238", 48], ["NYC Financial Empowerment Center at ERDA", 40], ["NYC Financial Empowerment Center at ERDA", 40], ["55 Exchange Place Suite 403 New York, NY", 40]], "average_length": 44.0}]}, {"column_name": "Location", "number_non_empty_cells": 2, "number_empty_cells": 35, "number_distinct_values": 3, "frequent_values": [10027, 11238, null], "dataTypes": [{"type": "INTEGER (LONG)", "count": 2, "max_value": 11238, "min_value": 10027, "mean": 10632.5, "stddev": 605.5}]}, {"column_name": "Postcode", "number_non_empty_cells": 2, "number_empty_cells": 35, "number_distinct_values": 3, "frequent_values": ["Brooklyn", "Manhattan", null], "dataTypes": [{"type": "TEXT", "count": 2, "shortest_values": [["Brooklyn", 8], ["Manhattan", 9]], "longest_values": [["Manhattan", 9], ["Brooklyn", 8]], "average_length": 8.5}]}, {"column_name": "Borough", "number_non_empty_cells": 1, "number_empty_cells": 36, "number_distinct_values": 2, "frequent_values": ["718-289-8100", null], "dataTypes": [{"type": "TEXT", "count": 1, "shortest_values": [["718-289-8100", 12]], "longest_values": [["718-289-8100", 12]], "average_length": 12.0}]}, {"column_name": "Phone Number", "number_non_empty_cells": 0, "number_empty_cells": 37, "number_distinct_values": 1, "frequent_values": [null], "dataTypes": []}, {"column_name": "Email", "number_non_empty_cells": 2, "number_empty_cells": 35, "number_distinct_values": 3, "frequent_values": [40.818127, 40.681945, null], "dataTypes": [{"type": "REAL", "count": 2, "max_value": 40.818127, "min_value": 40.681945, "mean": 40.750035999999994, "stddev": 0.06809100000000079}]}, {"column_name": "Latitude", "number_non_empty_cells": 2, "number_empty_cells": 35, "number_distinct_values": 3, "frequent_values": [-73.954478, -73.968351, null], "dataTypes": [{"type": "REAL", "count": 2, "max_value": -73.954478, "min_value": -73.968351, "mean": -73.96141449999999, "stddev": 0.006936499999998347}]}, {"column_name": "Longitude", "number_non_empty_cells": 2, "number_empty_cells": 35, "number_distinct_values": 3, "frequent_values": [9, 2, null], "dataTypes": [{"type": "INTEGER (LONG)", "count": 2, "max_value": 9, "min_value": 2, "mean": 5.5, "stddev": 3.5}]}, {"column_name": "Community Board", "number_non_empty_cells": 2, "number_empty_cells": 35, "number_distinct_values": 3, "frequent_values": [35, 7, null], "dataTypes": [{"type": "INTEGER (LONG)", "count": 2, "max_value": 35, "min_value": 7, "mean": 21.0, "stddev": 14.0}]}, {"column_name": "Community Council ", "number_non_empty_cells": 2, "number_empty_cells": 35, "number_distinct_values": 3, "frequent_values": [219, 199, null], "dataTypes": [{"type": "INTEGER (LONG)", "count": 2, "max_value": 219, "min_value": 199, "mean": 209.0, "stddev": 10.0}]}, {"column_name": "Census Tract", "number_non_empty_cells": 2, "number_empty_cells": 35, "number_distinct_values": 3, "frequent_values": [1084130, 3335092, null], "dataTypes": [{"type": "INTEGER (LONG)", "count": 2, "max_value": 3335092, "min_value": 1084130, "mean": 2209611.0, "stddev": 1125481.0}]}, {"column_name": "BIN", "number_non_empty_cells": 2, "number_empty_cells": 35, "number_distinct_values": 3, "frequent_values": [3020090001, 1019840001, null], "dataTypes": [{"type": "INTEGER (LONG)", "count": 2, "max_value": 3020090001, "min_value": 1019840001, "mean": 2019965001.0, "stddev": 1000125000.0}]}, {"column_name": "BBL", "number_non_empty_cells": 2, "number_empty_cells": 35, "number_distinct_values": 3, "frequent_values": ["Clinton Hill", "Manhattanville", null], "dataTypes": [{"type": "TEXT", "count": 2, "shortest_values": [["Clinton Hill", 12], ["Manhattanville", 14]], "longest_values": [["Manhattanville", 14], ["Clinton Hill", 12]], "average_length": 13.0}]}, {"column_name": "NTA", "number_non_empty_cells": 0, "number_empty_cells": 37, "number_distinct_values": 1, "frequent_values": [null], "dataTypes": []}]}