{"dataset_name": "/user/hm74/NYCOpenData/7uuj-b95m.tsv.gz", "columns": [{"column_name": "Borough", "number_non_empty_cells": 1599, "number_empty_cells": 0, "number_distinct_values": 5, "frequent_values": ["Brooklyn", "Bronx", "Queens", "Manhattan", "Staten Island"], "dataTypes": [{"type": "TEXT", "count": 1599, "shortest_values": [["Bronx", 5], ["Bronx", 5], ["Bronx", 5], ["Bronx", 5], ["Bronx", 5]], "longest_values": [["Staten Island", 13], ["Staten Island", 13], ["Staten Island", 13], ["Staten Island", 13], ["Staten Island", 13]], "average_length": 7.277673545966231}]}, {"column_name": "Admin_District", "number_non_empty_cells": 1599, "number_empty_cells": 0, "number_distinct_values": 33, "frequent_values": [2, 10, 31, 9, 11], "dataTypes": [{"type": "INTEGER (LONG)", "count": 1599, "max_value": 75, "min_value": 1, "mean": 18.077548467792365, "stddev": 14.404119693991907}]}, {"column_name": "Geographical_District", "number_non_empty_cells": 1599, "number_empty_cells": 0, "number_distinct_values": 33, "frequent_values": [2, 10, 31, 9, 11], "dataTypes": [{"type": "INTEGER (LONG)", "count": 1599, "max_value": 32, "min_value": 0, "mean": 15.942464040025001, "stddev": 9.412867149534497}]}, {"column_name": "Location_Code", "number_non_empty_cells": 1599, "number_empty_cells": 0, "number_distinct_values": 1599, "frequent_values": ["X291", "K656", "K246", "Q013", "Q076"], "dataTypes": [{"type": "DATE/TIME", "count": 35, "max_value": "2019-12-07T00:00:59", "min_value": "2019-12-07T00:00:01"}, {"type": "TEXT", "count": 1564, "shortest_values": [["M063", 4], ["M064", 4], ["M110", 4], ["M134", 4], ["M140", 4]], "longest_values": [["M063", 4], ["M064", 4], ["M110", 4], ["M134", 4], ["M140", 4]], "average_length": 4.0}]}, {"column_name": "DBN", "number_non_empty_cells": 1599, "number_empty_cells": 0, "number_distinct_values": 1599, "frequent_values": ["02M042", "02M529", "08X093", "01M064", "01M539"], "dataTypes": [{"type": "DATE/TIME", "count": 34, "max_value": "2019-12-07T00:06:52", "min_value": "2019-12-07T00:01:15"}, {"type": "TEXT", "count": 1565, "shortest_values": [["01M063", 6], ["01M064", 6], ["01M110", 6], ["01M134", 6], ["01M140", 6]], "longest_values": [["01M063", 6], ["01M064", 6], ["01M110", 6], ["01M134", 6], ["01M140", 6]], "average_length": 6.0}]}, {"column_name": "School_Level_", "number_non_empty_cells": 1599, "number_empty_cells": 0, "number_distinct_values": 7, "frequent_values": ["Elementary                         ", "High School                        ", "Junior High-Intermediate-Middle    ", "K-8                                ", "Secondary School                   "], "dataTypes": [{"type": "TEXT", "count": 1599, "shortest_values": [["Elementary                         ", 35], ["Elementary                         ", 35], ["Elementary                         ", 35], ["K-8                                ", 35], ["Elementary                         ", 35]], "longest_values": [["Elementary                         ", 35], ["Elementary                         ", 35], ["Elementary                         ", 35], ["K-8                                ", 35], ["Elementary                         ", 35]], "average_length": 35.0}]}, {"column_name": "Student_Enrollment", "number_non_empty_cells": 1599, "number_empty_cells": 0, "number_distinct_values": 805, "frequent_values": [375, 283, 259, 439, 451], "dataTypes": [{"type": "INTEGER (LONG)", "count": 1599, "max_value": 5616, "min_value": 47, "mean": 563.0744215134447, "stddev": 479.8786967215043}]}, {"column_name": "Full_Time_Licensed_PE_Teachers", "number_non_empty_cells": 1599, "number_empty_cells": 0, "number_distinct_values": 18, "frequent_values": [1, 0, 2, 3, 4], "dataTypes": [{"type": "INTEGER (LONG)", "count": 1599, "max_value": 19, "min_value": 0, "mean": 1.5822388993120697, "stddev": 2.1073348756513823}]}, {"column_name": "F_Status_PE_Teachers*", "number_non_empty_cells": 1599, "number_empty_cells": 0, "number_distinct_values": 4, "frequent_values": [0, 1, 2, 4], "dataTypes": [{"type": "INTEGER (LONG)", "count": 1599, "max_value": 4, "min_value": 0, "mean": 0.024390243902439015, "stddev": 0.19378843884316563}]}, {"column_name": "Itinerant_PE_Teachers*", "number_non_empty_cells": 1599, "number_empty_cells": 0, "number_distinct_values": 3, "frequent_values": [0, 1, 2], "dataTypes": [{"type": "INTEGER (LONG)", "count": 1599, "max_value": 2, "min_value": 0, "mean": 0.011257035647279565, "stddev": 0.11127037581630639}]}, {"column_name": "Sum_of_F_Status_and_Itinerant*", "number_non_empty_cells": 1599, "number_empty_cells": 0, "number_distinct_values": 4, "frequent_values": [0, 1, 2, 4], "dataTypes": [{"type": "INTEGER (LONG)", "count": 1599, "max_value": 4, "min_value": 0, "mean": 0.03564727954971861, "stddev": 0.2250260287434519}]}, {"column_name": "Total_Part_Time_and_Full_Time_PE_Teachers*", "number_non_empty_cells": 1599, "number_empty_cells": 0, "number_distinct_values": 18, "frequent_values": [1, 0, 2, 3, 4], "dataTypes": [{"type": "INTEGER (LONG)", "count": 1599, "max_value": 20, "min_value": 0, "mean": 1.617886178861788, "stddev": 2.114828739502619}]}, {"column_name": "Shared_PE_teachers_with_another_school*", "number_non_empty_cells": 1599, "number_empty_cells": 0, "number_distinct_values": 2, "frequent_values": [0, 1], "dataTypes": [{"type": "INTEGER (LONG)", "count": 1599, "max_value": 1, "min_value": 0, "mean": 0.024390243902438984, "stddev": 0.15425744683748197}]}, {"column_name": "Ratio_of_Full_Time_Licensed_PE_Teachers_to_Students*", "number_non_empty_cells": 1599, "number_empty_cells": 0, "number_distinct_values": 549, "frequent_values": ["0", "1:188", "1:246", "1:138", "1:136"], "dataTypes": [{"type": "INTEGER (LONG)", "count": 391, "max_value": 0, "min_value": 0, "mean": 0.0, "stddev": 0.0}, {"type": "DATE/TIME", "count": 15, "max_value": "2019-12-07T01:59:00", "min_value": "2019-12-07T01:37:00"}, {"type": "TEXT", "count": 1193, "shortest_values": [["1:66", 4], ["1:87", 4], ["1:92", 4], ["1:90", 4], ["1:85", 4]], "longest_values": [["1:1025", 6], ["1:1196", 6], ["1:1150", 6], ["1:1001", 6], ["1:1534", 6]], "average_length": 4.987426655490354}]}]}