{"dataset_name": "/user/hm74/NYCOpenData/7vk6-9w2d.tsv.gz", "columns": [{"column_name": "ISP Name (DBA Name)", "number_non_empty_cells": 12, "number_empty_cells": 0, "number_distinct_values": 10, "frequent_values": ["RCN", "Optimum", "Fairpoint Communications", "Xchange Telecom", "Brooklyn Fiber"], "dataTypes": [{"type": "TEXT", "count": 12, "shortest_values": [["RCN", 3], ["RCN", 3], ["RCN", 3], ["Optimum", 7], ["Comcast", 7]], "longest_values": [["Atlantic Broadband Finance, LLC", 31], ["Charter Communications Inc.", 27], ["Fairpoint Communications", 24], ["Verizon New York Inc.", 21], ["Xchange Telecom", 15]], "average_length": 14.0}]}, {"column_name": "Technology Type", "number_non_empty_cells": 12, "number_empty_cells": 0, "number_distinct_values": 3, "frequent_values": ["Cable Modem-DOCSIS 3.0", "Optical Carrier / Fiber to the end user", "Cable Modem-DOCSIS 3.1"], "dataTypes": [{"type": "TEXT", "count": 12, "shortest_values": [["Cable Modem-DOCSIS 3.0", 22], ["Cable Modem-DOCSIS 3.0", 22], ["Cable Modem-DOCSIS 3.0", 22], ["Cable Modem-DOCSIS 3.1", 22], ["Cable Modem-DOCSIS 3.0", 22]], "longest_values": [["Optical Carrier / Fiber to the end user", 39], ["Optical Carrier / Fiber to the end user", 39], ["Optical Carrier / Fiber to the end user", 39], ["Optical Carrier / Fiber to the end user", 39], ["Optical Carrier / Fiber to the end user", 39]], "average_length": 29.08333333333334}]}, {"column_name": "Number of Census Blocks Served", "number_non_empty_cells": 12, "number_empty_cells": 0, "number_distinct_values": 10, "frequent_values": [1, 12896, 2554, 3, 619], "dataTypes": [{"type": "INTEGER (LONG)", "count": 12, "max_value": 27813, "min_value": 1, "mean": 5794.666666666666, "stddev": 9960.598897098953}]}]}