{"dataset_name": "/user/hm74/NYCOpenData/7vy4-ats6.tsv.gz", "columns": [{"column_name": "Borough", "number_non_empty_cells": 490, "number_empty_cells": 0, "number_distinct_values": 5, "frequent_values": ["QUEENS", "BROOKLYN", "BRONX", "MANHATTAN", "STATEN ISLAND"], "dataTypes": [{"type": "TEXT", "count": 490, "shortest_values": [["BRONX", 5], ["BRONX", 5], ["BRONX", 5], ["BRONX", 5], ["BRONX", 5]], "longest_values": [["STATEN ISLAND", 13], ["STATEN ISLAND", 13], ["STATEN ISLAND", 13], ["STATEN ISLAND", 13], ["STATEN ISLAND", 13]], "average_length": 8.199999999999998}]}, {"column_name": "Grade", "number_non_empty_cells": 490, "number_empty_cells": 0, "number_distinct_values": 7, "frequent_values": ["7", "3", "8", "5", "6"], "dataTypes": [{"type": "INTEGER (LONG)", "count": 420, "max_value": 8, "min_value": 3, "mean": 5.5, "stddev": 1.707825127659933}, {"type": "TEXT", "count": 70, "shortest_values": [["All Grades", 10], ["All Grades", 10], ["All Grades", 10], ["All Grades", 10], ["All Grades", 10]], "longest_values": [["All Grades", 10], ["All Grades", 10], ["All Grades", 10], ["All Grades", 10], ["All Grades", 10]], "average_length": 10.0}]}, {"column_name": "Year", "number_non_empty_cells": 490, "number_empty_cells": 0, "number_distinct_values": 7, "frequent_values": [2007, 2006, 2012, 2009, 2010], "dataTypes": [{"type": "INTEGER (LONG)", "count": 490, "max_value": 2012, "min_value": 2006, "mean": 2008.9999999999998, "stddev": 2.0000000000000036}]}, {"column_name": "Demographic", "number_non_empty_cells": 490, "number_empty_cells": 0, "number_distinct_values": 2, "frequent_values": ["Not SWD", "SWD"], "dataTypes": [{"type": "TEXT", "count": 490, "shortest_values": [["SWD", 3], ["SWD", 3], ["SWD", 3], ["SWD", 3], ["SWD", 3]], "longest_values": [["Not SWD", 7], ["Not SWD", 7], ["Not SWD", 7], ["Not SWD", 7], ["Not SWD", 7]], "average_length": 5.0}]}, {"column_name": "Number_Tested", "number_non_empty_cells": 490, "number_empty_cells": 0, "number_distinct_values": 474, "frequent_values": [3546, 3346, 3456, 2835, 1488], "dataTypes": [{"type": "INTEGER (LONG)", "count": 490, "max_value": 121937, "min_value": 621, "mean": 12245.734693877555, "stddev": 19748.853459229027}]}, {"column_name": "Mean_Scale_Score", "number_non_empty_cells": 490, "number_empty_cells": 0, "number_distinct_values": 100, "frequent_values": [654, 669, 652, 683, 688], "dataTypes": [{"type": "INTEGER (LONG)", "count": 490, "max_value": 703, "min_value": 593, "mean": 663.1408163265311, "stddev": 23.220473183029956}]}, {"column_name": "Num_Level_1", "number_non_empty_cells": 490, "number_empty_cells": 0, "number_distinct_values": 428, "frequent_values": [148, 160, 919, 108, 111], "dataTypes": [{"type": "INTEGER (LONG)", "count": 490, "max_value": 13630, "min_value": 7, "mean": 1139.310204081633, "stddev": 1676.5428245496569}]}, {"column_name": "Pct_Level_1", "number_non_empty_cells": 490, "number_empty_cells": 0, "number_distinct_values": 270, "frequent_values": [3.8, 2.0, 4.0, 6.5, 1.2], "dataTypes": [{"type": "REAL", "count": 490, "max_value": 66.1, "min_value": 0.2, "mean": 15.890408163265317, "stddev": 13.795341192189227}]}, {"column_name": "Num_Level_2", "number_non_empty_cells": 490, "number_empty_cells": 0, "number_distinct_values": 464, "frequent_values": [871, 606, 814, 879, 633], "dataTypes": [{"type": "INTEGER (LONG)", "count": 490, "max_value": 37056, "min_value": 75, "mean": 3239.8693877551013, "stddev": 5135.379426325599}]}, {"column_name": "Pct_Level_2", "number_non_empty_cells": 490, "number_empty_cells": 0, "number_distinct_values": 303, "frequent_values": [42.5, 45.1, 37.4, 31.7, 18.3], "dataTypes": [{"type": "REAL", "count": 490, "max_value": 58.4, "min_value": 2.1, "mean": 30.874489795918368, "stddev": 12.263961733173872}]}, {"column_name": "Num_Level_3", "number_non_empty_cells": 490, "number_empty_cells": 0, "number_distinct_values": 472, "frequent_values": [1565, 744, 472, 329, 330], "dataTypes": [{"type": "INTEGER (LONG)", "count": 490, "max_value": 63652, "min_value": 64, "mean": 5275.130612244898, "stddev": 9330.996787495247}]}, {"column_name": "Pct_Level_3", "number_non_empty_cells": 490, "number_empty_cells": 0, "number_distinct_values": 316, "frequent_values": [38.9, 22.1, 52.9, 56.4, 32.5], "dataTypes": [{"type": "REAL", "count": 490, "max_value": 73.3, "min_value": 4.4, "mean": 38.080816326530616, "stddev": 14.336888319316365}]}, {"column_name": "Num_Level_4", "number_non_empty_cells": 490, "number_empty_cells": 0, "number_distinct_values": 416, "frequent_values": [20, 57, 26, 42, 137], "dataTypes": [{"type": "INTEGER (LONG)", "count": 490, "max_value": 37561, "min_value": 0, "mean": 2591.4244897959184, "stddev": 5286.063956716969}]}, {"column_name": "Pct_Level_4", "number_non_empty_cells": 490, "number_empty_cells": 0, "number_distinct_values": 259, "frequent_values": [3.7, 3.0, 8.5, 1.7, 0.9], "dataTypes": [{"type": "REAL", "count": 490, "max_value": 50.7, "min_value": 0.0, "mean": 15.153673469387753, "stddev": 12.597647852023083}]}, {"column_name": "Num_Level_3_and_4", "number_non_empty_cells": 490, "number_empty_cells": 0, "number_distinct_values": 479, "frequent_values": [2694, 1288, 206, 1064, 227], "dataTypes": [{"type": "INTEGER (LONG)", "count": 490, "max_value": 95495, "min_value": 64, "mean": 7866.5551020408175, "stddev": 14348.597279305679}]}, {"column_name": "Pct_Level_3_and_4", "number_non_empty_cells": 490, "number_empty_cells": 0, "number_distinct_values": 364, "frequent_values": [74.6, 17.6, 67.8, 89.9, 42.3], "dataTypes": [{"type": "REAL", "count": 490, "max_value": 97.5, "min_value": 4.6, "mean": 53.23204081632653, "stddev": 23.57955820669301}]}]}