{"dataset_name": "/user/hm74/NYCOpenData/7xjx-2mhj.tsv.gz", "columns": [{"column_name": "District", "number_non_empty_cells": 2989, "number_empty_cells": 0, "number_distinct_values": 45, "frequent_values": ["78K", "78Q", "31", "78M", "78X"], "dataTypes": [{"type": "INTEGER (LONG)", "count": 2219, "max_value": 32, "min_value": 1, "mean": 17.39251915277151, "stddev": 9.081849928034405}, {"type": "TEXT", "count": 770, "shortest_values": [["78Q", 3], ["78K", 3], ["78Q", 3], ["78M", 3], ["78K", 3]], "longest_values": [["78Q", 3], ["78K", 3], ["78Q", 3], ["78M", 3], ["78K", 3]], "average_length": 3.0}]}, {"column_name": "Bldg_ID", "number_non_empty_cells": 2989, "number_empty_cells": 0, "number_distinct_values": 1059, "frequent_values": ["M460", "R722", "K420", "X174", "Q465"], "dataTypes": [{"type": "DATE/TIME", "count": 89, "max_value": "2019-12-07T00:00:58", "min_value": "2019-12-07T00:00:01"}, {"type": "TEXT", "count": 2900, "shortest_values": [["M060", 4], ["M060", 4], ["M061", 4], ["M061", 4], ["M061", 4]], "longest_values": [["M060", 4], ["M060", 4], ["M061", 4], ["M061", 4], ["M061", 4]], "average_length": 4.0}]}, {"column_name": "School", "number_non_empty_cells": 2951, "number_empty_cells": 38, "number_distinct_values": 766, "frequent_values": ["P.S. 130", "P.S. 36", "WASHINGTON IRVING HS", "P.S. 197", "P.S. 41"], "dataTypes": [{"type": "TEXT", "count": 2989, "shortest_values": [["FIT", 3], ["FIT", 3], ["FIT", 3], ["FIT", 3], ["FIT", 3]], "longest_values": [["THE LT. CURTIS MEYRAN AND JOHN BELLEW EDUCATION COMPLEX", 55], ["THE LT. CURTIS MEYRAN AND JOHN BELLEW EDUCATION COMPLEX", 55], ["QUEENS GATEWAY TO HEALTH SCIENCES SECONDARY SCHOOL", 50], ["THE CASITA MARIA CENTER FOR ARTS AND EDUCATION", 46], ["THE COMMUNITY HEALTH ACADEMY OF THE HEIGHTS", 43]], "average_length": 11.714620274339232}]}, {"column_name": "Boro", "number_non_empty_cells": 2989, "number_empty_cells": 0, "number_distinct_values": 5, "frequent_values": ["K", "Q", "X", "M", "R"], "dataTypes": [{"type": "TEXT", "count": 2989, "shortest_values": [["M", 1], ["M", 1], ["M", 1], ["M", 1], ["M", 1]], "longest_values": [["M", 1], ["M", 1], ["M", 1], ["M", 1], ["M", 1]], "average_length": 1.0}]}, {"column_name": "Program_Category", "number_non_empty_cells": 2989, "number_empty_cells": 0, "number_distinct_values": 50, "frequent_values": ["Student Toilets", "Heating Plant Upgrade", "Lighting Fixtures", "Electrical Systems", "IP Digital Video Surveillance System"], "dataTypes": [{"type": "TEXT", "count": 2989, "shortest_values": [["Roofs", 5], ["Roofs", 5], ["Roofs", 5], ["Roofs", 5], ["Roofs", 5]], "longest_values": [["Emergency Lighting and Fire Safety Retrofits", 44], ["Emergency Lighting and Fire Safety Retrofits", 44], ["Emergency Lighting and Fire Safety Retrofits", 44], ["Playground Redevelopment and TCU Removal", 40], ["Playground Redevelopment and TCU Removal", 40]], "average_length": 19.117430578788856}]}]}