{"dataset_name": "/user/hm74/NYCOpenData/7xq6-k6zy.tsv.gz", "columns": [{"column_name": "Appeal_Type", "number_non_empty_cells": 1265, "number_empty_cells": 0, "number_distinct_values": 7, "frequent_values": ["Section 50", "Waiting for DQ", "Section 76", "Waiting for Appeal Request", "Other"], "dataTypes": [{"type": "TEXT", "count": 1265, "shortest_values": [["Other", 5], ["Other", 5], ["Other", 5], ["Other", 5], ["Other", 5]], "longest_values": [["Waiting for Appeal Request", 26], ["Waiting for Appeal Request", 26], ["Waiting for Appeal Request", 26], ["Waiting for Appeal Request", 26], ["Waiting for Appeal Request", 26]], "average_length": 10.605533596837953}]}, {"column_name": "Appeal_Subtype", "number_non_empty_cells": 1103, "number_empty_cells": 162, "number_distinct_values": 15, "frequent_values": ["Education and Experience", "Character", "Psych", "Medical", "Timeliness"], "dataTypes": [{"type": "TEXT", "count": 1103, "shortest_values": [["Score", 5], ["Psych", 5], ["Psych", 5], ["Score", 5], ["Score", 5]], "longest_values": [["Education and Experience", 24], ["Education and Experience", 24], ["Education and Experience", 24], ["Education and Experience", 24], ["Education and Experience", 24]], "average_length": 11.978241160471432}]}, {"column_name": "Agency", "number_non_empty_cells": 1265, "number_empty_cells": 0, "number_distinct_values": 22, "frequent_values": ["Department of Citywide Administrative Services - DCAS", "Police Department - NYPD", "Department of Correction - DOC", "Fire Department - FDNY", "MTA New York City Transit - NYCT"], "dataTypes": [{"type": "TEXT", "count": 1265, "shortest_values": [["Other - OTH", 11], ["Other - OTH", 11], ["Other - OTH", 11], ["Fire Department - FDNY", 22], ["Fire Department - FDNY", 22]], "longest_values": [["Department of Citywide Administrative Services - DCAS", 53], ["Department of Citywide Administrative Services - DCAS", 53], ["Department of Citywide Administrative Services - DCAS", 53], ["Department of Citywide Administrative Services - DCAS", 53], ["Department of Citywide Administrative Services - DCAS", 53]], "average_length": 38.25770750988141}]}, {"column_name": "Status", "number_non_empty_cells": 1265, "number_empty_cells": 0, "number_distinct_values": 2, "frequent_values": ["Closed", "Open"], "dataTypes": [{"type": "TEXT", "count": 1265, "shortest_values": [["Open", 4], ["Open", 4], ["Open", 4], ["Open", 4], ["Open", 4]], "longest_values": [["Closed", 6], ["Closed", 6], ["Closed", 6], ["Closed", 6], ["Closed", 6]], "average_length": 5.2569169960474245}]}, {"column_name": "Date_Filed", "number_non_empty_cells": 1265, "number_empty_cells": 0, "number_distinct_values": 264, "frequent_values": ["07/24/2017", "07/17/2017", "02/13/2017", "04/03/2017", "05/15/2017"], "dataTypes": [{"type": "DATE/TIME", "count": 1265, "max_value": "2017-12-29T00:00:00", "min_value": "2017-01-03T00:00:00"}]}, {"column_name": "Date_Closed", "number_non_empty_cells": 794, "number_empty_cells": 471, "number_distinct_values": 196, "frequent_values": ["11/02/2017", "06/13/2017", "07/20/2017", "06/30/2017", "06/21/2017"], "dataTypes": [{"type": "DATE/TIME", "count": 794, "max_value": "2018-01-02T00:00:00", "min_value": "2017-01-09T00:00:00"}]}, {"column_name": "Exam_No", "number_non_empty_cells": 1064, "number_empty_cells": 201, "number_distinct_values": 222, "frequent_values": [2000, 7002, 7035, 6012, 6315], "dataTypes": [{"type": "INTEGER (LONG)", "count": 1064, "max_value": 8213, "min_value": 113, "mean": 5321.635338345877, "stddev": 1626.1059887260585}]}, {"column_name": "Title", "number_non_empty_cells": 1064, "number_empty_cells": 201, "number_distinct_values": 145, "frequent_values": ["Police Officer", "Correction Officer", "Firefighter", "Computer Associate (Software)", "School Safety Agent"], "dataTypes": [{"type": "TEXT", "count": 1064, "shortest_values": [["EMS-EMT", 7], ["Gardener", 8], ["Conductor", 9], ["Conductor", 9], ["Secretary", 9]], "longest_values": [["Promotion to Heating Plant Technician (Housing Authority)", 57], ["Promotion to Child Protective Specialist Supervisor", 51], ["Promotion to Child Protective Specialist Supervisor", 51], ["Promotion to Child Protective Specialist Supervisor", 51], ["Promotion to Child Protective Specialist Supervisor", 51]], "average_length": 21.787593984962403}]}, {"column_name": "Expiration", "number_non_empty_cells": 795, "number_empty_cells": 470, "number_distinct_values": 147, "frequent_values": ["06/26/2017", "06/15/2020", "09/28/2020", "05/10/2021", "12/22/2019"], "dataTypes": [{"type": "DATE/TIME", "count": 795, "max_value": "2021-09-21T00:00:00", "min_value": "2016-12-19T00:00:00"}]}, {"column_name": "Extension", "number_non_empty_cells": 0, "number_empty_cells": 1265, "number_distinct_values": 1, "frequent_values": [null], "dataTypes": []}, {"column_name": "Acronym", "number_non_empty_cells": 1265, "number_empty_cells": 0, "number_distinct_values": 22, "frequent_values": ["DCAS", "NYPD", "DOC", "FDNY", "NYCT"], "dataTypes": [{"type": "TEXT", "count": 1265, "shortest_values": [["DOC", 3], ["DOC", 3], ["DOC", 3], ["DOC", 3], ["DOC", 3]], "longest_values": [["NYCCSC", 6], ["NYCCSC", 6], ["NYCCSC", 6], ["NYCHA", 5], ["NYCHA", 5]], "average_length": 3.9106719367588885}]}]}