{"dataset_name": "/user/hm74/NYCOpenData/7yay-m4ae.tsv.gz", "columns": [{"column_name": "PUBLICATION_DATE", "number_non_empty_cells": 1488, "number_empty_cells": 0, "number_distinct_values": 2, "frequent_values": [20171130, 20171201], "dataTypes": [{"type": "INTEGER (LONG)", "count": 1488, "max_value": 20171201, "min_value": 20171130, "mean": 20171134.43750001, "stddev": 17.186363599441407}]}, {"column_name": "FISCAL_YEAR", "number_non_empty_cells": 1488, "number_empty_cells": 0, "number_distinct_values": 16, "frequent_values": [2003, 2007, 2015, 2006, 2013], "dataTypes": [{"type": "INTEGER (LONG)", "count": 1488, "max_value": 2017, "min_value": 2002, "mean": 2009.5000000000027, "stddev": 4.60977222864662}]}, {"column_name": "AGENCY_CODE", "number_non_empty_cells": 1488, "number_empty_cells": 0, "number_distinct_values": 93, "frequent_values": ["829", "125", "944", "030", "132"], "dataTypes": [{"type": "INTEGER (LONG)", "count": 1440, "max_value": 998, "min_value": 2, "mean": 408.4777777777788, "stddev": 397.6214343590252}, {"type": "TEXT", "count": 48, "shortest_values": [["ICA", 3], ["PDA", 3], ["TCW", 3], ["ICA", 3], ["PDA", 3]], "longest_values": [["ICA", 3], ["PDA", 3], ["TCW", 3], ["ICA", 3], ["PDA", 3]], "average_length": 3.0}]}, {"column_name": "AGENCY_NAME", "number_non_empty_cells": 1488, "number_empty_cells": 0, "number_distinct_values": 93, "frequent_values": ["Miscellaneous", "Intra-City Adjustment", "Law Department", "Fire Department", "Department of Veterans' Services"], "dataTypes": [{"type": "TEXT", "count": 1488, "shortest_values": [["Mayoralty", 9], ["Mayoralty", 9], ["Mayoralty", 9], ["Mayoralty", 9], ["Mayoralty", 9]], "longest_values": [["Office of Administrative Trials and Hearings", 44], ["Office of Administrative Trials and Hearings", 44], ["Office of Administrative Trials and Hearings", 44], ["Office of Administrative Trials and Hearings", 44], ["Office of Administrative Trials and Hearings", 44]], "average_length": 24.51612903225803}]}, {"column_name": "ALL_FUNDS", "number_non_empty_cells": 1488, "number_empty_cells": 0, "number_distinct_values": 1316, "frequent_values": [0, 421, 4219, 471, 10000], "dataTypes": [{"type": "INTEGER (LONG)", "count": 1488, "max_value": 84095876, "min_value": -2496716, "mean": 1358915.0255376352, "stddev": 6970554.490424238}]}, {"column_name": "CITY_FUND", "number_non_empty_cells": 1488, "number_empty_cells": 0, "number_distinct_values": 1292, "frequent_values": [0, 421, 830, 471, 2054], "dataTypes": [{"type": "INTEGER (LONG)", "count": 1488, "max_value": 60337998, "min_value": -2496716, "mean": 950879.6626344087, "stddev": 4854702.355331746}]}, {"column_name": "REMARK", "number_non_empty_cells": 0, "number_empty_cells": 1488, "number_distinct_values": 1, "frequent_values": [null], "dataTypes": []}]}