{"dataset_name": "/user/hm74/NYCOpenData/7yds-6i8e.tsv.gz", "columns": [{"column_name": "BOROUGH", "number_non_empty_cells": 658, "number_empty_cells": 0, "number_distinct_values": 5, "frequent_values": ["Brooklyn", "Bronx", "Manhattan", "Queens", "Staten Island"], "dataTypes": [{"type": "TEXT", "count": 658, "shortest_values": [["Bronx", 5], ["Bronx", 5], ["Bronx", 5], ["Bronx", 5], ["Bronx", 5]], "longest_values": [["Staten Island", 13], ["Staten Island", 13], ["Staten Island", 13], ["Staten Island", 13], ["Staten Island", 13]], "average_length": 8.015197568389064}]}, {"column_name": "GRADE_", "number_non_empty_cells": 658, "number_empty_cells": 0, "number_distinct_values": 13, "frequent_values": ["09-12", "MS Core", "0K-09", "0K", "01"], "dataTypes": [{"type": "INTEGER (LONG)", "count": 122, "max_value": 9, "min_value": 1, "mean": 4.622950819672132, "stddev": 2.4101148494927016}, {"type": "DATE/TIME", "count": 310, "max_value": "2019-09-12T00:00:00", "min_value": "2019-09-12T00:00:00"}, {"type": "TEXT", "count": 226, "shortest_values": [["0K", 2], ["0K", 2], ["0K", 2], ["0K", 2], ["0K", 2]], "longest_values": [["MS Core", 7], ["MS Core", 7], ["MS Core", 7], ["MS Core", 7], ["MS Core", 7]], "average_length": 6.517699115044251}]}, {"column_name": "PROGRAM_TYPE", "number_non_empty_cells": 658, "number_empty_cells": 0, "number_distinct_values": 4, "frequent_values": ["GEN ED", "CTT", "SPEC ED", "G&T"], "dataTypes": [{"type": "TEXT", "count": 658, "shortest_values": [["CTT", 3], ["G&T", 3], ["CTT", 3], ["G&T", 3], ["CTT", 3]], "longest_values": [["SPEC ED", 7], ["SPEC ED", 7], ["SPEC ED", 7], ["SPEC ED", 7], ["SPEC ED", 7]], "average_length": 5.107902735562307}]}, {"column_name": "CORE_SUBJECT_(MS_CORE_and_9-12_ONLY)", "number_non_empty_cells": 658, "number_empty_cells": 0, "number_distinct_values": 5, "frequent_values": ["-", "SOCIAL STUDIES", "MATH", "SCIENCE", "ENGLISH"], "dataTypes": [{"type": "TEXT", "count": 658, "shortest_values": [["-", 1], ["-", 1], ["-", 1], ["-", 1], ["-", 1]], "longest_values": [["SOCIAL STUDIES", 14], ["SOCIAL STUDIES", 14], ["SOCIAL STUDIES", 14], ["SOCIAL STUDIES", 14], ["SOCIAL STUDIES", 14]], "average_length": 6.41489361702128}]}, {"column_name": "CORE_COURSE_(MS_CORE_and_9-12_ONLY)", "number_non_empty_cells": 658, "number_empty_cells": 0, "number_distinct_values": 26, "frequent_values": ["-", "Other Science", "Other Social Studies", "MS English Core", "US History & Government"], "dataTypes": [{"type": "TEXT", "count": 658, "shortest_values": [["-", 1], ["-", 1], ["-", 1], ["-", 1], ["-", 1]], "longest_values": [["Participation in Government", 27], ["Participation in Government", 27], ["Participation in Government", 27], ["Participation in Government", 27], ["Participation in Government", 27]], "average_length": 11.341945288753806}]}, {"column_name": "SERVICE_CATEGORY(K-9*_ONLY)", "number_non_empty_cells": 658, "number_empty_cells": 0, "number_distinct_values": 6, "frequent_values": ["-", "12:1", "12:1:1", "6:1:1", "8:1:1"], "dataTypes": [{"type": "DATE/TIME", "count": 17, "max_value": "2019-12-07T15:01:00", "min_value": "2019-12-07T06:01:01"}, {"type": "TEXT", "count": 641, "shortest_values": [["-", 1], ["-", 1], ["-", 1], ["-", 1], ["-", 1]], "longest_values": [["-", 1], ["-", 1], ["-", 1], ["-", 1], ["-", 1]], "average_length": 1.0}]}, {"column_name": "NUMBER_OF_STUDENTS_/_SEATS_FILLED", "number_non_empty_cells": 658, "number_empty_cells": 0, "number_distinct_values": 561, "frequent_values": [12, 10, 21, 148, 81], "dataTypes": [{"type": "INTEGER (LONG)", "count": 658, "max_value": 50800, "min_value": 2, "mean": 4214.566869300921, "stddev": 7615.759538939695}]}, {"column_name": "NUMBER_OF_SECTIONS", "number_non_empty_cells": 658, "number_empty_cells": 0, "number_distinct_values": 278, "frequent_values": [1, 2, 3, 5, 4], "dataTypes": [{"type": "INTEGER (LONG)", "count": 658, "max_value": 1927, "min_value": 1, "mean": 170.0683890577503, "stddev": 288.4436434461979}]}, {"column_name": "AVERAGE_CLASS_SIZE", "number_non_empty_cells": 658, "number_empty_cells": 0, "number_distinct_values": 177, "frequent_values": [27.0, 25.1, 12.0, 26.5, 24.1], "dataTypes": [{"type": "REAL", "count": 658, "max_value": 34.0, "min_value": 2.0, "mean": 22.00972644376897, "stddev": 6.954452090318458}]}]}