{"dataset_name": "/user/hm74/NYCOpenData/7yig-nj52.tsv.gz", "columns": [{"column_name": "District", "number_non_empty_cells": 1568, "number_empty_cells": 0, "number_distinct_values": 32, "frequent_values": [31, 28, 26, 27, 12], "dataTypes": [{"type": "INTEGER (LONG)", "count": 1568, "max_value": 32, "min_value": 1, "mean": 16.49999999999999, "stddev": 9.23309265630969}]}, {"column_name": "Grade", "number_non_empty_cells": 1568, "number_empty_cells": 0, "number_distinct_values": 7, "frequent_values": ["7", "3", "8", "5", "6"], "dataTypes": [{"type": "INTEGER (LONG)", "count": 1344, "max_value": 8, "min_value": 3, "mean": 5.500000000000003, "stddev": 1.707825127659932}, {"type": "TEXT", "count": 224, "shortest_values": [["All Grades", 10], ["All Grades", 10], ["All Grades", 10], ["All Grades", 10], ["All Grades", 10]], "longest_values": [["All Grades", 10], ["All Grades", 10], ["All Grades", 10], ["All Grades", 10], ["All Grades", 10]], "average_length": 10.0}]}, {"column_name": "Year", "number_non_empty_cells": 1568, "number_empty_cells": 0, "number_distinct_values": 7, "frequent_values": [2007, 2006, 2012, 2009, 2010], "dataTypes": [{"type": "INTEGER (LONG)", "count": 1568, "max_value": 2012, "min_value": 2006, "mean": 2009.000000000001, "stddev": 1.9999999999999951}]}, {"column_name": "Demographic", "number_non_empty_cells": 1568, "number_empty_cells": 0, "number_distinct_values": 1, "frequent_values": ["All Students"], "dataTypes": [{"type": "TEXT", "count": 1568, "shortest_values": [["All Students", 12], ["All Students", 12], ["All Students", 12], ["All Students", 12], ["All Students", 12]], "longest_values": [["All Students", 12], ["All Students", 12], ["All Students", 12], ["All Students", 12], ["All Students", 12]], "average_length": 12.0}]}, {"column_name": "Number_Tested", "number_non_empty_cells": 1568, "number_empty_cells": 0, "number_distinct_values": 1322, "frequent_values": [2273, 1238, 1383, 1339, 3796], "dataTypes": [{"type": "INTEGER (LONG)", "count": 1568, "max_value": 26626, "min_value": 643, "mean": 3827.982142857145, "stddev": 4538.295090533752}]}, {"column_name": "Mean_Scale_Score", "number_non_empty_cells": 1568, "number_empty_cells": 0, "number_distinct_values": 97, "frequent_values": [680, 666, 667, 672, 682], "dataTypes": [{"type": "INTEGER (LONG)", "count": 1568, "max_value": 723, "min_value": 615, "mean": 672.2627551020424, "stddev": 17.045402772440294}]}, {"column_name": "Num_Level_1", "number_non_empty_cells": 1568, "number_empty_cells": 0, "number_distinct_values": 651, "frequent_values": [81, 35, 142, 177, 106], "dataTypes": [{"type": "INTEGER (LONG)", "count": 1568, "max_value": 5120, "min_value": 1, "mean": 356.1964285714294, "stddev": 505.1473539185558}]}, {"column_name": "Pct_Level_1", "number_non_empty_cells": 1568, "number_empty_cells": 0, "number_distinct_values": 265, "frequent_values": [5.9, 7.6, 3.8, 4.4, 3.7], "dataTypes": [{"type": "REAL", "count": 1568, "max_value": 42.1, "min_value": 0.1, "mean": 9.805548469387766, "stddev": 6.455130737400792}]}, {"column_name": "Num_Level_2", "number_non_empty_cells": 1568, "number_empty_cells": 0, "number_distinct_values": 1028, "frequent_values": [304, 371, 556, 440, 333], "dataTypes": [{"type": "INTEGER (LONG)", "count": 1568, "max_value": 9825, "min_value": 11, "mean": 1012.8520408163251, "stddev": 1301.4427119334957}]}, {"column_name": "Pct_Level_2", "number_non_empty_cells": 1568, "number_empty_cells": 0, "number_distinct_values": 455, "frequent_values": [38.7, 29.4, 20.5, 27.5, 40.3], "dataTypes": [{"type": "REAL", "count": 1568, "max_value": 53.5, "min_value": 0.6, "mean": 27.356058673469402, "stddev": 11.903185199110055}]}, {"column_name": "Num_Level_3", "number_non_empty_cells": 1568, "number_empty_cells": 0, "number_distinct_values": 1135, "frequent_values": [676, 565, 727, 969, 379], "dataTypes": [{"type": "INTEGER (LONG)", "count": 1568, "max_value": 14658, "min_value": 151, "mean": 1648.9808673469397, "stddev": 2052.250119863775}]}, {"column_name": "Pct_Level_3", "number_non_empty_cells": 1568, "number_empty_cells": 0, "number_distinct_values": 418, "frequent_values": [49.8, 35.4, 47.8, 53.5, 29.0], "dataTypes": [{"type": "REAL", "count": 1568, "max_value": 72.7, "min_value": 15.0, "mean": 42.6405612244898, "stddev": 10.894794918569145}]}, {"column_name": "Num_Level_4", "number_non_empty_cells": 1568, "number_empty_cells": 0, "number_distinct_values": 942, "frequent_values": [222, 150, 135, 120, 209], "dataTypes": [{"type": "INTEGER (LONG)", "count": 1568, "max_value": 8117, "min_value": 9, "mean": 809.952806122449, "stddev": 1181.3408081140665}]}, {"column_name": "Pct_Level_4", "number_non_empty_cells": 1568, "number_empty_cells": 0, "number_distinct_values": 447, "frequent_values": [13.3, 8.5, 10.4, 12.9, 18.7], "dataTypes": [{"type": "REAL", "count": 1568, "max_value": 72.0, "min_value": 0.6, "mean": 20.196875, "stddev": 12.597041043058388}]}, {"column_name": "Num_Level_3_and_4", "number_non_empty_cells": 1568, "number_empty_cells": 0, "number_distinct_values": 1248, "frequent_values": [965, 771, 1973, 761, 995], "dataTypes": [{"type": "INTEGER (LONG)", "count": 1568, "max_value": 22481, "min_value": 198, "mean": 2458.933673469389, "stddev": 3106.4014235565664}]}, {"column_name": "Pct_Level_3_and_4", "number_non_empty_cells": 1568, "number_empty_cells": 0, "number_distinct_values": 606, "frequent_values": [63.7, 71.5, 47.9, 70.0, 65.7], "dataTypes": [{"type": "REAL", "count": 1568, "max_value": 99.3, "min_value": 15.6, "mean": 62.83813775510213, "stddev": 17.357297533155705}]}]}