{"dataset_name": "/user/hm74/NYCOpenData/7yq2-hq9c.tsv.gz", "columns": [{"column_name": "ProviderType", "number_non_empty_cells": 4, "number_empty_cells": 0, "number_distinct_values": 1, "frequent_values": ["GERIATRIC MENTAL HEALTH SERVICES CONTRACTS"], "dataTypes": [{"type": "TEXT", "count": 4, "shortest_values": [["GERIATRIC MENTAL HEALTH SERVICES CONTRACTS", 42], ["GERIATRIC MENTAL HEALTH SERVICES CONTRACTS", 42], ["GERIATRIC MENTAL HEALTH SERVICES CONTRACTS", 42], ["GERIATRIC MENTAL HEALTH SERVICES CONTRACTS", 42]], "longest_values": [["GERIATRIC MENTAL HEALTH SERVICES CONTRACTS", 42], ["GERIATRIC MENTAL HEALTH SERVICES CONTRACTS", 42], ["GERIATRIC MENTAL HEALTH SERVICES CONTRACTS", 42], ["GERIATRIC MENTAL HEALTH SERVICES CONTRACTS", 42]], "average_length": 42.0}]}, {"column_name": "DFTA ID", "number_non_empty_cells": 4, "number_empty_cells": 0, "number_distinct_values": 4, "frequent_values": ["3G101", "5G301", "4G801", "1G701"], "dataTypes": [{"type": "TEXT", "count": 4, "shortest_values": [["3G101", 5], ["5G301", 5], ["4G801", 5], ["1G701", 5]], "longest_values": [["3G101", 5], ["5G301", 5], ["4G801", 5], ["1G701", 5]], "average_length": 5.0}]}, {"column_name": "ProgramName", "number_non_empty_cells": 4, "number_empty_cells": 0, "number_distinct_values": 4, "frequent_values": ["WEILL CORNELL MENTAL HEALTH", "SPOP MENTAL HEALTH", "SAMUEL FIELD MENTAL HEALTH", "JASA MENTAL HEALTH"], "dataTypes": [{"type": "TEXT", "count": 4, "shortest_values": [["SPOP MENTAL HEALTH", 18], ["JASA MENTAL HEALTH", 18], ["SAMUEL FIELD MENTAL HEALTH", 26], ["WEILL CORNELL MENTAL HEALTH", 27]], "longest_values": [["WEILL CORNELL MENTAL HEALTH", 27], ["SAMUEL FIELD MENTAL HEALTH", 26], ["SPOP MENTAL HEALTH", 18], ["JASA MENTAL HEALTH", 18]], "average_length": 22.25}]}, {"column_name": "SponsorName", "number_non_empty_cells": 4, "number_empty_cells": 0, "number_distinct_values": 4, "frequent_values": ["THE JEWISH ASSOCIATION FOR SERVICES FOR THE AGED", "SERVICE PROGRAM FOR OLDER PEOPLE INC", "SAMUEL FIELD YM & YWHA INC", "WEILL MEDICAL COLLEGE OF CORNELL UNIVERSITY"], "dataTypes": [{"type": "TEXT", "count": 4, "shortest_values": [["SAMUEL FIELD YM & YWHA INC", 26], ["SERVICE PROGRAM FOR OLDER PEOPLE INC", 36], ["WEILL MEDICAL COLLEGE OF CORNELL UNIVERSITY", 43], ["THE JEWISH ASSOCIATION FOR SERVICES FOR THE AGED", 48]], "longest_values": [["THE JEWISH ASSOCIATION FOR SERVICES FOR THE AGED", 48], ["WEILL MEDICAL COLLEGE OF CORNELL UNIVERSITY", 43], ["SERVICE PROGRAM FOR OLDER PEOPLE INC", 36], ["SAMUEL FIELD YM & YWHA INC", 26]], "average_length": 38.25}]}, {"column_name": "ProgramAddress", "number_non_empty_cells": 4, "number_empty_cells": 0, "number_distinct_values": 4, "frequent_values": ["302 WEST 91ST STREET", "58-20 Little Neck Parkway", "1 Fordham Plaza", "478 1st Street"], "dataTypes": [{"type": "TEXT", "count": 4, "shortest_values": [["478 1st Street", 14], ["1 Fordham Plaza", 15], ["302 WEST 91ST STREET", 20], ["58-20 Little Neck Parkway", 25]], "longest_values": [["58-20 Little Neck Parkway", 25], ["302 WEST 91ST STREET", 20], ["1 Fordham Plaza", 15], ["478 1st Street", 14]], "average_length": 18.5}]}, {"column_name": "ProgramCity", "number_non_empty_cells": 4, "number_empty_cells": 0, "number_distinct_values": 3, "frequent_values": ["NEW YORK", "FLUSHING", "BRONX"], "dataTypes": [{"type": "TEXT", "count": 4, "shortest_values": [["BRONX", 5], ["NEW YORK", 8], ["NEW YORK", 8], ["FLUSHING", 8]], "longest_values": [["NEW YORK", 8], ["NEW YORK", 8], ["FLUSHING", 8], ["BRONX", 5]], "average_length": 7.25}]}, {"column_name": "ProgramState", "number_non_empty_cells": 4, "number_empty_cells": 0, "number_distinct_values": 1, "frequent_values": ["NY"], "dataTypes": [{"type": "TEXT", "count": 4, "shortest_values": [["NY", 2], ["NY", 2], ["NY", 2], ["NY", 2]], "longest_values": [["NY", 2], ["NY", 2], ["NY", 2], ["NY", 2]], "average_length": 2.0}]}, {"column_name": "Postcode", "number_non_empty_cells": 4, "number_empty_cells": 0, "number_distinct_values": 4, "frequent_values": [10010, 10458, 10024, 11362], "dataTypes": [{"type": "INTEGER (LONG)", "count": 4, "max_value": 11362, "min_value": 10010, "mean": 10463.5, "stddev": 549.1254410423904}]}, {"column_name": "Borough", "number_non_empty_cells": 4, "number_empty_cells": 0, "number_distinct_values": 3, "frequent_values": ["MANHATTAN", "QUEENS", "BRONX"], "dataTypes": [{"type": "TEXT", "count": 4, "shortest_values": [["BRONX", 5], ["QUEENS", 6], ["MANHATTAN", 9], ["MANHATTAN", 9]], "longest_values": [["MANHATTAN", 9], ["MANHATTAN", 9], ["QUEENS", 6], ["BRONX", 5]], "average_length": 7.25}]}, {"column_name": "ProgramPhone", "number_non_empty_cells": 4, "number_empty_cells": 0, "number_distinct_values": 4, "frequent_values": ["914-997-4333", "718-365-4044", "212-787-7120", "718-225-6750"], "dataTypes": [{"type": "TEXT", "count": 4, "shortest_values": [["212-787-7120", 12], ["914-997-4333", 12], ["718-225-6750", 12], ["718-365-4044", 12]], "longest_values": [["212-787-7120", 12], ["914-997-4333", 12], ["718-225-6750", 12], ["718-365-4044", 12]], "average_length": 12.0}]}, {"column_name": "DFTA Funded", "number_non_empty_cells": 4, "number_empty_cells": 0, "number_distinct_values": 1, "frequent_values": ["Y"], "dataTypes": [{"type": "TEXT", "count": 4, "shortest_values": [["Y", 1], ["Y", 1], ["Y", 1], ["Y", 1]], "longest_values": [["Y", 1], ["Y", 1], ["Y", 1], ["Y", 1]], "average_length": 1.0}]}, {"column_name": "MonHourOpen", "number_non_empty_cells": 4, "number_empty_cells": 0, "number_distinct_values": 3, "frequent_values": ["09:00", "9 :00", "8 :00"], "dataTypes": [{"type": "DATE/TIME", "count": 2, "max_value": "2019-12-06T09:00:00", "min_value": "2019-12-06T09:00:00"}, {"type": "TEXT", "count": 2, "shortest_values": [["9 :00", 5], ["8 :00", 5]], "longest_values": [["9 :00", 5], ["8 :00", 5]], "average_length": 5.0}]}, {"column_name": "MonHourClose", "number_non_empty_cells": 4, "number_empty_cells": 0, "number_distinct_values": 3, "frequent_values": ["5 :00", "05:00", "4 :00"], "dataTypes": [{"type": "DATE/TIME", "count": 1, "max_value": "2019-12-06T05:00:00", "min_value": "2019-12-06T05:00:00"}, {"type": "TEXT", "count": 3, "shortest_values": [["5 :00", 5], ["4 :00", 5], ["5 :00", 5]], "longest_values": [["5 :00", 5], ["4 :00", 5], ["5 :00", 5]], "average_length": 5.0}]}, {"column_name": "TueHourOpen", "number_non_empty_cells": 4, "number_empty_cells": 0, "number_distinct_values": 3, "frequent_values": ["09:00", "9 :00", "8 :00"], "dataTypes": [{"type": "DATE/TIME", "count": 2, "max_value": "2019-12-06T09:00:00", "min_value": "2019-12-06T09:00:00"}, {"type": "TEXT", "count": 2, "shortest_values": [["9 :00", 5], ["8 :00", 5]], "longest_values": [["9 :00", 5], ["8 :00", 5]], "average_length": 5.0}]}, {"column_name": "TueHourClose", "number_non_empty_cells": 4, "number_empty_cells": 0, "number_distinct_values": 3, "frequent_values": ["5 :00", "05:00", "4 :00"], "dataTypes": [{"type": "DATE/TIME", "count": 1, "max_value": "2019-12-06T05:00:00", "min_value": "2019-12-06T05:00:00"}, {"type": "TEXT", "count": 3, "shortest_values": [["5 :00", 5], ["4 :00", 5], ["5 :00", 5]], "longest_values": [["5 :00", 5], ["4 :00", 5], ["5 :00", 5]], "average_length": 5.0}]}, {"column_name": "WedHourOpen", "number_non_empty_cells": 4, "number_empty_cells": 0, "number_distinct_values": 3, "frequent_values": ["09:00", "9 :00", "8 :00"], "dataTypes": [{"type": "DATE/TIME", "count": 2, "max_value": "2019-12-06T09:00:00", "min_value": "2019-12-06T09:00:00"}, {"type": "TEXT", "count": 2, "shortest_values": [["9 :00", 5], ["8 :00", 5]], "longest_values": [["9 :00", 5], ["8 :00", 5]], "average_length": 5.0}]}, {"column_name": "WedHourClose", "number_non_empty_cells": 4, "number_empty_cells": 0, "number_distinct_values": 3, "frequent_values": ["5 :00", "05:00", "4 :00"], "dataTypes": [{"type": "DATE/TIME", "count": 1, "max_value": "2019-12-06T05:00:00", "min_value": "2019-12-06T05:00:00"}, {"type": "TEXT", "count": 3, "shortest_values": [["5 :00", 5], ["4 :00", 5], ["5 :00", 5]], "longest_values": [["5 :00", 5], ["4 :00", 5], ["5 :00", 5]], "average_length": 5.0}]}, {"column_name": "ThuHourOpen", "number_non_empty_cells": 4, "number_empty_cells": 0, "number_distinct_values": 3, "frequent_values": ["09:00", "9 :00", "8 :00"], "dataTypes": [{"type": "DATE/TIME", "count": 2, "max_value": "2019-12-06T09:00:00", "min_value": "2019-12-06T09:00:00"}, {"type": "TEXT", "count": 2, "shortest_values": [["9 :00", 5], ["8 :00", 5]], "longest_values": [["9 :00", 5], ["8 :00", 5]], "average_length": 5.0}]}, {"column_name": "ThuHourClose", "number_non_empty_cells": 4, "number_empty_cells": 0, "number_distinct_values": 3, "frequent_values": ["5 :00", "05:00", "4 :00"], "dataTypes": [{"type": "DATE/TIME", "count": 1, "max_value": "2019-12-06T05:00:00", "min_value": "2019-12-06T05:00:00"}, {"type": "TEXT", "count": 3, "shortest_values": [["5 :00", 5], ["4 :00", 5], ["5 :00", 5]], "longest_values": [["5 :00", 5], ["4 :00", 5], ["5 :00", 5]], "average_length": 5.0}]}, {"column_name": "FriHourOpen", "number_non_empty_cells": 4, "number_empty_cells": 0, "number_distinct_values": 3, "frequent_values": ["09:00", "9 :00", "8 :00"], "dataTypes": [{"type": "DATE/TIME", "count": 2, "max_value": "2019-12-06T09:00:00", "min_value": "2019-12-06T09:00:00"}, {"type": "TEXT", "count": 2, "shortest_values": [["9 :00", 5], ["8 :00", 5]], "longest_values": [["9 :00", 5], ["8 :00", 5]], "average_length": 5.0}]}, {"column_name": "FriHourClose", "number_non_empty_cells": 4, "number_empty_cells": 0, "number_distinct_values": 3, "frequent_values": ["5 :00", "05:00", "4 :00"], "dataTypes": [{"type": "DATE/TIME", "count": 1, "max_value": "2019-12-06T05:00:00", "min_value": "2019-12-06T05:00:00"}, {"type": "TEXT", "count": 3, "shortest_values": [["5 :00", 5], ["4 :00", 5], ["5 :00", 5]], "longest_values": [["5 :00", 5], ["4 :00", 5], ["5 :00", 5]], "average_length": 5.0}]}, {"column_name": "SatHourOpen", "number_non_empty_cells": 4, "number_empty_cells": 0, "number_distinct_values": 1, "frequent_values": [":"], "dataTypes": [{"type": "TEXT", "count": 4, "shortest_values": [[":", 1], [":", 1], [":", 1], [":", 1]], "longest_values": [[":", 1], [":", 1], [":", 1], [":", 1]], "average_length": 1.0}]}, {"column_name": "SatHourClose", "number_non_empty_cells": 4, "number_empty_cells": 0, "number_distinct_values": 1, "frequent_values": [":"], "dataTypes": [{"type": "TEXT", "count": 4, "shortest_values": [[":", 1], [":", 1], [":", 1], [":", 1]], "longest_values": [[":", 1], [":", 1], [":", 1], [":", 1]], "average_length": 1.0}]}, {"column_name": "SunHourOpen", "number_non_empty_cells": 4, "number_empty_cells": 0, "number_distinct_values": 1, "frequent_values": [":"], "dataTypes": [{"type": "TEXT", "count": 4, "shortest_values": [[":", 1], [":", 1], [":", 1], [":", 1]], "longest_values": [[":", 1], [":", 1], [":", 1], [":", 1]], "average_length": 1.0}]}, {"column_name": "SunHourClose", "number_non_empty_cells": 4, "number_empty_cells": 0, "number_distinct_values": 1, "frequent_values": [":"], "dataTypes": [{"type": "TEXT", "count": 4, "shortest_values": [[":", 1], [":", 1], [":", 1], [":", 1]], "longest_values": [[":", 1], [":", 1], [":", 1], [":", 1]], "average_length": 1.0}]}, {"column_name": "Latitude", "number_non_empty_cells": 4, "number_empty_cells": 0, "number_distinct_values": 4, "frequent_values": [40.792171, 40.671232, 40.761577, 40.860739], "dataTypes": [{"type": "REAL", "count": 4, "max_value": 40.860739, "min_value": 40.671232, "mean": 40.77142975, "stddev": 0.06808635578210488}]}, {"column_name": "Longitude", "number_non_empty_cells": 4, "number_empty_cells": 0, "number_distinct_values": 4, "frequent_values": [-73.976579, -73.975796, -73.889585, -73.723122], "dataTypes": [{"type": "REAL", "count": 4, "max_value": -73.723122, "min_value": -73.976579, "mean": -73.8912705, "stddev": 0.10331851151294454}]}, {"column_name": "Community Board", "number_non_empty_cells": 4, "number_empty_cells": 0, "number_distinct_values": 4, "frequent_values": [206, 306, 107, 411], "dataTypes": [{"type": "INTEGER (LONG)", "count": 4, "max_value": 411, "min_value": 107, "mean": 257.5, "stddev": 113.15586595488543}]}, {"column_name": "Council District", "number_non_empty_cells": 4, "number_empty_cells": 0, "number_distinct_values": 4, "frequent_values": [6, 15, 39, 23], "dataTypes": [{"type": "INTEGER (LONG)", "count": 4, "max_value": 39, "min_value": 6, "mean": 20.75, "stddev": 12.132085558550928}]}, {"column_name": "Census Tract", "number_non_empty_cells": 4, "number_empty_cells": 0, "number_distinct_values": 4, "frequent_values": [155, 179, 387, 152902], "dataTypes": [{"type": "INTEGER (LONG)", "count": 4, "max_value": 152902, "min_value": 155, "mean": 38405.75, "stddev": 66104.50231782628}]}, {"column_name": "BIN", "number_non_empty_cells": 4, "number_empty_cells": 0, "number_distinct_values": 4, "frequent_values": [3025180, 4173029, 2088325, 1034085], "dataTypes": [{"type": "INTEGER (LONG)", "count": 4, "max_value": 4173029, "min_value": 1034085, "mean": 2580154.75, "stddev": 1158395.8762336767}]}, {"column_name": "BBL", "number_non_empty_cells": 4, "number_empty_cells": 0, "number_distinct_values": 4, "frequent_values": [4083520051, 2030330053, 3010760019, 1012510022], "dataTypes": [{"type": "INTEGER (LONG)", "count": 4, "max_value": 4083520051, "min_value": 1012510022, "mean": 2534280036.25, "stddev": 1139838514.7853336}]}, {"column_name": "NTA", "number_non_empty_cells": 4, "number_empty_cells": 0, "number_distinct_values": 4, "frequent_values": ["Douglas Manor-Douglaston-Little Neck", "Upper West Side", "Belmont", "Park Slope-Gowanus"], "dataTypes": [{"type": "TEXT", "count": 4, "shortest_values": [["Belmont", 7], ["Upper West Side", 15], ["Park Slope-Gowanus", 18], ["Douglas Manor-Douglaston-Little Neck", 36]], "longest_values": [["Douglas Manor-Douglaston-Little Neck", 36], ["Park Slope-Gowanus", 18], ["Upper West Side", 15], ["Belmont", 7]], "average_length": 19.0}]}, {"column_name": "Location1", "number_non_empty_cells": 4, "number_empty_cells": 0, "number_distinct_values": 4, "frequent_values": ["(40.761577, -73.723122)", "(40.860739, -73.889585)", "(40.792171, -73.975796)", "(40.671232, -73.976579)"], "dataTypes": [{"type": "TEXT", "count": 4, "shortest_values": [["(40.792171, -73.975796)", 23], ["(40.671232, -73.976579)", 23], ["(40.761577, -73.723122)", 23], ["(40.860739, -73.889585)", 23]], "longest_values": [["(40.792171, -73.975796)", 23], ["(40.671232, -73.976579)", 23], ["(40.761577, -73.723122)", 23], ["(40.860739, -73.889585)", 23]], "average_length": 23.0}]}]}