{"dataset_name": "/user/hm74/NYCOpenData/7z8d-msnt.tsv.gz", "columns": [{"column_name": "District", "number_non_empty_cells": 34, "number_empty_cells": 1, "number_distinct_values": 35, "frequent_values": ["DISTRICT 29", "DISTRICT 06", "DISTRICT 23", "DISTRICT 17", "DISTRICT 16"], "dataTypes": [{"type": "TEXT", "count": 35, "shortest_values": [["Citywide", 8], ["DISTRICT 01", 11], ["DISTRICT 02", 11], ["DISTRICT 03", 11], ["DISTRICT 04", 11]], "longest_values": [["ALTERNATIVE HIGH SCHOOLS", 24], ["SPECIAL ED DISTRICT 75", 22], ["DISTRICT 01", 11], ["DISTRICT 02", 11], ["DISTRICT 03", 11]], "average_length": 11.600000000000001}]}, {"column_name": "YTD % Attendance (Avg)", "number_non_empty_cells": 35, "number_empty_cells": 0, "number_distinct_values": 34, "frequent_values": [89.28, 89.99, 92.57, 89.88, 89.08], "dataTypes": [{"type": "REAL", "count": 35, "max_value": 93.34, "min_value": 63.81, "mean": 89.06942857142857, "stddev": 4.849141274704298}]}, {"column_name": "YTD Enrollment(Avg)", "number_non_empty_cells": 35, "number_empty_cells": 0, "number_distinct_values": 35, "frequent_values": [12367, 39742, 31988, 13170, 36352], "dataTypes": [{"type": "INTEGER (LONG)", "count": 35, "max_value": 1002463, "min_value": 7288, "mean": 57283.6, "stddev": 162691.01274540555}]}]}