{"dataset_name": "/user/hm74/NYCOpenData/7zb8-7bpk.tsv.gz", "columns": [{"column_name": "YEAR", "number_non_empty_cells": 19, "number_empty_cells": 0, "number_distinct_values": 19, "frequent_values": ["06/07", "9/10", "10/11", "00/01", "03/04"], "dataTypes": [{"type": "DATE/TIME", "count": 10, "max_value": "2019-12-13T00:00:00", "min_value": "2019-01-02T00:00:00"}, {"type": "TEXT", "count": 9, "shortest_values": [["15/16", 5], ["14/15", 5], ["13/14", 5], ["00/01", 5], ["08/09 3rd & 4th Qtr.", 20]], "longest_values": [["Average Annual Tax Rate 08/09", 29], ["08/09 3rd & 4th Qtr.", 20], ["08/09 1st & 2nd Qtr.", 20], ["02/03 3rd & 4th Qtr.", 20], ["02/03 1st & 2nd Qtr.", 20]], "average_length": 14.333333333333334}]}, {"column_name": "CLASS 1", "number_non_empty_cells": 19, "number_empty_cells": 0, "number_distinct_values": 19, "frequent_values": [11.609, 17.364, 18.205, 17.088, 14.55], "dataTypes": [{"type": "REAL", "count": 19, "max_value": 19.554, "min_value": 11.255, "mean": 15.979894736842102, "stddev": 2.439930281461613}]}, {"column_name": "CLASS 2", "number_non_empty_cells": 19, "number_empty_cells": 0, "number_distinct_values": 19, "frequent_values": [12.396, 10.847, 12.737, 13.053, 12.883], "dataTypes": [{"type": "REAL", "count": 19, "max_value": 13.433, "min_value": 10.564, "mean": 12.447157894736842, "stddev": 0.8453978984171884}]}, {"column_name": "CLASS 3", "number_non_empty_cells": 19, "number_empty_cells": 0, "number_distinct_values": 19, "frequent_values": [12.309, 10.813, 12.553, 10.54, 11.902], "dataTypes": [{"type": "REAL", "count": 19, "max_value": 12.743, "min_value": 10.54, "mean": 11.878578947368421, "stddev": 0.7616946698534144}]}, {"column_name": "CLASS 4", "number_non_empty_cells": 19, "number_empty_cells": 0, "number_distinct_values": 19, "frequent_values": [10.323, 9.776, 10.612, 10.997, 11.558], "dataTypes": [{"type": "REAL", "count": 19, "max_value": 11.58, "min_value": 9.712, "mean": 10.513210526315786, "stddev": 0.5935705144956838}]}]}