{"dataset_name": "/user/hm74/NYCOpenData/7zhs-43jt.tsv.gz", "columns": [{"column_name": "Revenue and Expenditure Summary (in millions)", "number_non_empty_cells": 25, "number_empty_cells": 0, "number_distinct_values": 25, "frequent_values": ["Non-Government Grants", "Total Expenditures", "Taxes:", "Fund Transfers and Disallowances", "Total Non-Tax Revenues"], "dataTypes": [{"type": "TEXT", "count": 25, "shortest_values": [["Taxes:", 6], ["Property", 8], ["Revenues:", 9], ["All Other", 9], ["Other Taxes", 11]], "longest_values": [["Less: Transfers to Debt Service Funds and Adjustments", 53], ["Personal Income, General Fund Revenue", 37], ["Total City and Other Revenue Funding", 36], ["Unrestricted State and Federal Aid", 34], ["Charges for Services, Fines, etc.", 33]], "average_length": 22.479999999999997}]}, {"column_name": "FY 2018", "number_non_empty_cells": 21, "number_empty_cells": 4, "number_distinct_values": 20, "frequent_values": [13411, 0, 58914, 33547, 19284], "dataTypes": [{"type": "INTEGER (LONG)", "count": 21, "max_value": 87936, "min_value": 0, "mean": 23627.809523809523, "stddev": 27168.116729548725}]}, {"column_name": "FY 2017", "number_non_empty_cells": 21, "number_empty_cells": 4, "number_distinct_values": 21, "frequent_values": [11258.0, 54662.19, 5.190000000002328, 0.0, 31512.0], "dataTypes": [{"type": "REAL", "count": 21, "max_value": 83467.19, "min_value": 0.0, "mean": 22315.235714285714, "stddev": 25647.504942747786}]}, {"column_name": "FY 2016", "number_non_empty_cells": 21, "number_empty_cells": 4, "number_distinct_values": 21, "frequent_values": [11392, 59789, 19048, 16467, 79986], "dataTypes": [{"type": "INTEGER (LONG)", "count": 21, "max_value": 79986, "min_value": 0, "mean": 21471.857142857145, "stddev": 24732.44192647096}]}, {"column_name": "FY 2015", "number_non_empty_cells": 21, "number_empty_cells": 4, "number_distinct_values": 20, "frequent_values": [11295, 0, 667, 59154, 9405], "dataTypes": [{"type": "INTEGER (LONG)", "count": 21, "max_value": 78035, "min_value": 0, "mean": 21035.142857142855, "stddev": 24144.20068845423}]}, {"column_name": "FY 2014", "number_non_empty_cells": 21, "number_empty_cells": 4, "number_distinct_values": 20, "frequent_values": [10174, 0, 55197, 731, 602], "dataTypes": [{"type": "INTEGER (LONG)", "count": 21, "max_value": 72880, "min_value": 0, "mean": 19622.999999999993, "stddev": 22518.211857030194}]}, {"column_name": "FY 2013", "number_non_empty_cells": 21, "number_empty_cells": 4, "number_distinct_values": 20, "frequent_values": [9815, 0, 51583, 871, 71029], "dataTypes": [{"type": "INTEGER (LONG)", "count": 21, "max_value": 71029, "min_value": 0, "mean": 18909.238095238095, "stddev": 21659.684146456595}]}, {"column_name": "FY 2012", "number_non_empty_cells": 21, "number_empty_cells": 4, "number_distinct_values": 21, "frequent_values": [8557, 19879, 665, 66977, 5129], "dataTypes": [{"type": "INTEGER (LONG)", "count": 21, "max_value": 66982, "min_value": 0, "mean": 17819.85714285714, "stddev": 20318.05349761568}]}, {"column_name": "FY 2011", "number_non_empty_cells": 21, "number_empty_cells": 4, "number_distinct_values": 21, "frequent_values": [8166, 65320, 15098, 23556, 8708], "dataTypes": [{"type": "INTEGER (LONG)", "count": 21, "max_value": 65320, "min_value": 0, "mean": 17242.04761904762, "stddev": 19705.847218954583}]}, {"column_name": "FY 2010", "number_non_empty_cells": 21, "number_empty_cells": 4, "number_distinct_values": 21, "frequent_values": [7593, 14031, 6266, 4568, 16369], "dataTypes": [{"type": "INTEGER (LONG)", "count": 21, "max_value": 62813, "min_value": -18, "mean": 16465.380952380954, "stddev": 18735.529192968894}]}, {"column_name": "FY 2009", "number_non_empty_cells": 21, "number_empty_cells": 4, "number_distinct_values": 22, "frequent_values": [13994, 322, 4481, 7519, 7657], "dataTypes": [{"type": "INTEGER (LONG)", "count": 21, "max_value": 60171, "min_value": -138, "mean": 15829.047619047618, "stddev": 17976.526518334933}]}, {"column_name": "FY 2008", "number_non_empty_cells": 21, "number_empty_cells": 4, "number_distinct_values": 22, "frequent_values": [5692, -164, 38600, 17476, 1089], "dataTypes": [{"type": "INTEGER (LONG)", "count": 21, "max_value": 61976, "min_value": -164, "mean": 16542.190476190477, "stddev": 18714.129117604847}]}, {"column_name": "FY 2007", "number_non_empty_cells": 21, "number_empty_cells": 4, "number_distinct_values": 22, "frequent_values": [16756, 5212, 21904, 13123, 10247], "dataTypes": [{"type": "INTEGER (LONG)", "count": 21, "max_value": 58773, "min_value": -685, "mean": 15674.142857142855, "stddev": 17972.703758983047}]}, {"column_name": "FY 2006", "number_non_empty_cells": 21, "number_empty_cells": 4, "number_distinct_values": 22, "frequent_values": [5, 7676, 39175, 3759, 5243], "dataTypes": [{"type": "INTEGER (LONG)", "count": 21, "max_value": 54004, "min_value": -439, "mean": 14382.714285714286, "stddev": 16376.129954886157}]}, {"column_name": "FY 2005", "number_non_empty_cells": 21, "number_empty_cells": 4, "number_distinct_values": 22, "frequent_values": [6654, 4443, 6820, 11616, 603], "dataTypes": [{"type": "INTEGER (LONG)", "count": 21, "max_value": 52795, "min_value": -544, "mean": 13927.142857142859, "stddev": 15724.15199404956}]}, {"column_name": "FY 2004", "number_non_empty_cells": 21, "number_empty_cells": 4, "number_distinct_values": 22, "frequent_values": [13554, 3370, -27, 10570, 5], "dataTypes": [{"type": "INTEGER (LONG)", "count": 21, "max_value": 47297, "min_value": -56, "mean": 12478.666666666666, "stddev": 14104.806426089666}]}, {"column_name": "FY 2003", "number_non_empty_cells": 21, "number_empty_cells": 4, "number_distinct_values": 22, "frequent_values": [3042, 5030, 10063, 11562, 13117], "dataTypes": [{"type": "INTEGER (LONG)", "count": 21, "max_value": 44345, "min_value": -537, "mean": 11556.571428571426, "stddev": 12927.453038182804}]}, {"column_name": "FY 2002", "number_non_empty_cells": 21, "number_empty_cells": 4, "number_distinct_values": 22, "frequent_values": [458, 5006, 519, -451, 665], "dataTypes": [{"type": "INTEGER (LONG)", "count": 21, "max_value": 40865, "min_value": -451, "mean": 10546.999999999998, "stddev": 11867.00546734115}]}, {"column_name": "FY 2001", "number_non_empty_cells": 21, "number_empty_cells": 4, "number_distinct_values": 22, "frequent_values": [7768, 11517, 6096, 40232, -46], "dataTypes": [{"type": "INTEGER (LONG)", "count": 21, "max_value": 40232, "min_value": -407, "mean": 10595.619047619048, "stddev": 11881.307425556734}]}, {"column_name": "FY 2000", "number_non_empty_cells": 21, "number_empty_cells": 4, "number_distinct_values": 22, "frequent_values": [5612, 5365, 7850, 631, 22259], "dataTypes": [{"type": "INTEGER (LONG)", "count": 21, "max_value": 37885, "min_value": -247, "mean": 9986.285714285714, "stddev": 11225.171311208858}]}, {"column_name": "FY 1999", "number_non_empty_cells": 21, "number_empty_cells": 4, "number_distinct_values": 22, "frequent_values": [11059, 6639, 3673, 367, 35864], "dataTypes": [{"type": "INTEGER (LONG)", "count": 21, "max_value": 35864, "min_value": -138, "mean": 9465.095238095239, "stddev": 10638.24670438276}]}, {"column_name": "FY 1998", "number_non_empty_cells": 21, "number_empty_cells": 4, "number_distinct_values": 22, "frequent_values": [7239, 11346, 5062, -15, 9176], "dataTypes": [{"type": "INTEGER (LONG)", "count": 21, "max_value": 34928, "min_value": -16, "mean": 9208.190476190479, "stddev": 10333.53943704925}]}, {"column_name": "FY 1997", "number_non_empty_cells": 21, "number_empty_cells": 4, "number_distinct_values": 21, "frequent_values": [4377, 9197, 19297, 11346, 3049], "dataTypes": [{"type": "INTEGER (LONG)", "count": 21, "max_value": 33741, "min_value": -36, "mean": 8858.0, "stddev": 9965.196650629343}]}, {"column_name": "FY  1996", "number_non_empty_cells": 21, "number_empty_cells": 4, "number_distinct_values": 21, "frequent_values": [3920, 21798, 9731, 32071, 647], "dataTypes": [{"type": "INTEGER (LONG)", "count": 21, "max_value": 32071, "min_value": -14, "mean": 8371.238095238095, "stddev": 9434.83349288946}]}, {"column_name": "FY 1995", "number_non_empty_cells": 21, "number_empty_cells": 4, "number_distinct_values": 21, "frequent_values": [3602, 319, 2542, 4199, 17685], "dataTypes": [{"type": "INTEGER (LONG)", "count": 21, "max_value": 31591, "min_value": 0, "mean": 8203.523809523811, "stddev": 9293.24531771046}]}, {"column_name": "FY 1994", "number_non_empty_cells": 21, "number_empty_cells": 4, "number_distinct_values": 21, "frequent_values": [3556, 6786, 31352, 2331, 31348], "dataTypes": [{"type": "INTEGER (LONG)", "count": 21, "max_value": 31352, "min_value": 0, "mean": 8187.52380952381, "stddev": 9296.28250133736}]}, {"column_name": "FY 1993", "number_non_empty_cells": 21, "number_empty_cells": 4, "number_distinct_values": 21, "frequent_values": [3458, 20845, 9597, 707, 7786], "dataTypes": [{"type": "INTEGER (LONG)", "count": 21, "max_value": 30154, "min_value": -38, "mean": 7888.095238095238, "stddev": 8961.106872026585}]}, {"column_name": "FY 1992", "number_non_empty_cells": 21, "number_empty_cells": 4, "number_distinct_values": 21, "frequent_values": [3233, -39, 29022, 3116, 17049], "dataTypes": [{"type": "INTEGER (LONG)", "count": 21, "max_value": 29022, "min_value": -39, "mean": 7602.238095238096, "stddev": 8657.524741956928}]}, {"column_name": "FY 1991", "number_non_empty_cells": 21, "number_empty_cells": 4, "number_distinct_values": 21, "frequent_values": [2798, 6, 8654, 27476, 3666], "dataTypes": [{"type": "INTEGER (LONG)", "count": 21, "max_value": 27482, "min_value": 0, "mean": 7160.285714285715, "stddev": 8163.56002024127}]}, {"column_name": "FY 1990", "number_non_empty_cells": 21, "number_empty_cells": 4, "number_distinct_values": 21, "frequent_values": [2538, 6543, 5934, -44, 25932], "dataTypes": [{"type": "INTEGER (LONG)", "count": 21, "max_value": 25937, "min_value": -44, "mean": 6764.999999999999, "stddev": 7710.890461826423}]}, {"column_name": "FY 1989", "number_non_empty_cells": 21, "number_empty_cells": 4, "number_distinct_values": 21, "frequent_values": [2445, 14353, 2809, 1939, 6692], "dataTypes": [{"type": "INTEGER (LONG)", "count": 21, "max_value": 24488, "min_value": 0, "mean": 6415.0952380952385, "stddev": 7309.54536339307}]}, {"column_name": "FY 1988", "number_non_empty_cells": 21, "number_empty_cells": 4, "number_distinct_values": 21, "frequent_values": [2088, 15, 4291, 5382, 13271], "dataTypes": [{"type": "INTEGER (LONG)", "count": 21, "max_value": 22426, "min_value": 0, "mean": 5863.047619047618, "stddev": 6712.955267712116}]}, {"column_name": "FY 1987", "number_non_empty_cells": 21, "number_empty_cells": 4, "number_distinct_values": 21, "frequent_values": [2163, 2882, 2342, 21382, 3972], "dataTypes": [{"type": "INTEGER (LONG)", "count": 21, "max_value": 21390, "min_value": 0, "mean": 5607.285714285715, "stddev": 6400.52892265912}]}, {"column_name": "FY 1986", "number_non_empty_cells": 21, "number_empty_cells": 4, "number_distinct_values": 21, "frequent_values": [1816, 2580, 20020, 1533, 2484], "dataTypes": [{"type": "INTEGER (LONG)", "count": 21, "max_value": 20020, "min_value": 0, "mean": 5202.238095238095, "stddev": 5923.318945005666}]}, {"column_name": "FY 1985", "number_non_empty_cells": 21, "number_empty_cells": 4, "number_distinct_values": 21, "frequent_values": [1740, 2489, 4227, 12, 1391], "dataTypes": [{"type": "INTEGER (LONG)", "count": 21, "max_value": 18808, "min_value": 0, "mean": 4893.9047619047615, "stddev": 5570.410191827476}]}, {"column_name": "FY 1984", "number_non_empty_cells": 21, "number_empty_cells": 4, "number_distinct_values": 21, "frequent_values": [1547, 6112, 17036, 3817, 12], "dataTypes": [{"type": "INTEGER (LONG)", "count": 21, "max_value": 17036, "min_value": 0, "mean": 4431.904761904762, "stddev": 5042.848570521964}]}, {"column_name": "FY 1983", "number_non_empty_cells": 21, "number_empty_cells": 4, "number_distinct_values": 21, "frequent_values": [1331, 5995, 15733, 34, 26], "dataTypes": [{"type": "INTEGER (LONG)", "count": 21, "max_value": 15733, "min_value": 0, "mean": 4091.5714285714284, "stddev": 4663.2830819113715}]}, {"column_name": "FY 1982", "number_non_empty_cells": 21, "number_empty_cells": 4, "number_distinct_values": 21, "frequent_values": [1159, 15076, 804, 8207, 4162], "dataTypes": [{"type": "INTEGER (LONG)", "count": 21, "max_value": 15117, "min_value": 0, "mean": 3898.095238095238, "stddev": 4457.365780953523}]}, {"column_name": "FY 1981", "number_non_empty_cells": 21, "number_empty_cells": 4, "number_distinct_values": 21, "frequent_values": [1019, 34, 7649, 3885, 128], "dataTypes": [{"type": "INTEGER (LONG)", "count": 21, "max_value": 14099, "min_value": 0, "mean": 3633.190476190476, "stddev": 4149.831110952963}]}, {"column_name": "FY 1980", "number_non_empty_cells": 21, "number_empty_cells": 4, "number_distinct_values": 21, "frequent_values": [879, 1823, 1489, 939, 3196], "dataTypes": [{"type": "INTEGER (LONG)", "count": 21, "max_value": 13493, "min_value": -356, "mean": 3391.3809523809523, "stddev": 3925.2989388882456}]}]}