{"dataset_name": "/user/hm74/NYCOpenData/825b-niea.tsv.gz", "columns": [{"column_name": "Grade", "number_non_empty_cells": 168, "number_empty_cells": 0, "number_distinct_values": 7, "frequent_values": ["7", "3", "8", "5", "6"], "dataTypes": [{"type": "INTEGER (LONG)", "count": 144, "max_value": 8, "min_value": 3, "mean": 5.500000000000001, "stddev": 1.707825127659933}, {"type": "TEXT", "count": 24, "shortest_values": [["All Grades", 10], ["All Grades", 10], ["All Grades", 10], ["All Grades", 10], ["All Grades", 10]], "longest_values": [["All Grades", 10], ["All Grades", 10], ["All Grades", 10], ["All Grades", 10], ["All Grades", 10]], "average_length": 10.0}]}, {"column_name": "Year", "number_non_empty_cells": 168, "number_empty_cells": 0, "number_distinct_values": 6, "frequent_values": [2007, 2006, 2009, 2010, 2011], "dataTypes": [{"type": "INTEGER (LONG)", "count": 168, "max_value": 2011, "min_value": 2006, "mean": 2008.4999999999998, "stddev": 1.70782512765998}]}, {"column_name": "Category", "number_non_empty_cells": 168, "number_empty_cells": 0, "number_distinct_values": 4, "frequent_values": ["White", "Black", "Hispanic", "Asian"], "dataTypes": [{"type": "TEXT", "count": 168, "shortest_values": [["Asian", 5], ["Asian", 5], ["Asian", 5], ["Asian", 5], ["Asian", 5]], "longest_values": [["Hispanic", 8], ["Hispanic", 8], ["Hispanic", 8], ["Hispanic", 8], ["Hispanic", 8]], "average_length": 5.7500000000000036}]}, {"column_name": "Number Tested", "number_non_empty_cells": 168, "number_empty_cells": 0, "number_distinct_values": 167, "frequent_values": [9973, 10081, 27760, 20268, 28298], "dataTypes": [{"type": "INTEGER (LONG)", "count": 168, "max_value": 177382, "min_value": 9433, "mean": 30543.142857142848, "stddev": 36792.30023700058}]}, {"column_name": "Mean Scale Score", "number_non_empty_cells": 168, "number_empty_cells": 0, "number_distinct_values": 66, "frequent_values": [695, 700, 664, 676, 667], "dataTypes": [{"type": "INTEGER (LONG)", "count": 168, "max_value": 716, "min_value": 628, "mean": 678.4583333333329, "stddev": 19.686185078285444}]}, {"column_name": "Level 1 #", "number_non_empty_cells": 168, "number_empty_cells": 0, "number_distinct_values": 162, "frequent_values": [992, 333, 319, 76, 2569], "dataTypes": [{"type": "INTEGER (LONG)", "count": 168, "max_value": 33091, "min_value": 43, "mean": 2876.2380952380963, "stddev": 5035.519680749487}]}, {"column_name": "Level 1 %", "number_non_empty_cells": 168, "number_empty_cells": 0, "number_distinct_values": 107, "frequent_values": [2.9, 4.4, 0.7, 3.7, 15.9], "dataTypes": [{"type": "REAL", "count": 168, "max_value": 31.1, "min_value": 0.4, "mean": 7.532142857142855, "stddev": 6.2190980955801765}]}, {"column_name": "Level 2 #", "number_non_empty_cells": 168, "number_empty_cells": 0, "number_distinct_values": 167, "frequent_values": [599, 1823, 8665, 1537, 1344], "dataTypes": [{"type": "INTEGER (LONG)", "count": 168, "max_value": 70036, "min_value": 216, "mean": 7855.916666666656, "stddev": 12218.399938800665}]}, {"column_name": "Level 2 %", "number_non_empty_cells": 168, "number_empty_cells": 0, "number_distinct_values": 142, "frequent_values": [11.8, 22.9, 6.0, 18.0, 41.4], "dataTypes": [{"type": "REAL", "count": 168, "max_value": 49.6, "min_value": 2.0, "mean": 21.653571428571436, "stddev": 13.115108031330488}]}, {"column_name": "Level 3 #", "number_non_empty_cells": 168, "number_empty_cells": 0, "number_distinct_values": 168, "frequent_values": [7982, 12471, 5287, 21484, 4097], "dataTypes": [{"type": "INTEGER (LONG)", "count": 168, "max_value": 102188, "min_value": 2762, "mean": 13487.13095238095, "stddev": 17146.414737197814}]}, {"column_name": "Level 3 %", "number_non_empty_cells": 168, "number_empty_cells": 0, "number_distinct_values": 134, "frequent_values": [51.0, 36.9, 48.4, 42.6, 51.3], "dataTypes": [{"type": "REAL", "count": 168, "max_value": 71.8, "min_value": 24.3, "mean": 43.790476190476184, "stddev": 10.100832344859354}]}, {"column_name": "Level 4 #", "number_non_empty_cells": 168, "number_empty_cells": 0, "number_distinct_values": 166, "frequent_values": [3975, 4685, 1339, 2488, 5155], "dataTypes": [{"type": "INTEGER (LONG)", "count": 168, "max_value": 33594, "min_value": 605, "mean": 6323.857142857142, "stddev": 7002.36233206993}]}, {"column_name": "Level 4 %", "number_non_empty_cells": 168, "number_empty_cells": 0, "number_distinct_values": 142, "frequent_values": [13.7, 11.4, 42.6, 54.2, 7.0], "dataTypes": [{"type": "REAL", "count": 168, "max_value": 64.0, "min_value": 2.3, "mean": 27.01666666666665, "stddev": 16.94019475722456}]}, {"column_name": "Level 3+4 #", "number_non_empty_cells": 168, "number_empty_cells": 0, "number_distinct_values": 167, "frequent_values": [9188, 23267, 8924, 10708, 8911], "dataTypes": [{"type": "INTEGER (LONG)", "count": 168, "max_value": 132637, "min_value": 6491, "mean": 19810.98809523811, "stddev": 22508.668941889307}]}, {"column_name": "Level 3+4 %", "number_non_empty_cells": 168, "number_empty_cells": 0, "number_distinct_values": 142, "frequent_values": [72.6, 75.0, 49.7, 79.8, 74.5], "dataTypes": [{"type": "REAL", "count": 168, "max_value": 97.6, "min_value": 27.3, "mean": 70.81071428571423, "stddev": 18.64950540552613}]}]}