{"dataset_name": "/user/hm74/NYCOpenData/82rt-zc4y.tsv.gz", "columns": [{"column_name": "CSD", "number_non_empty_cells": 3335, "number_empty_cells": 0, "number_distinct_values": 32, "frequent_values": [10, 27, 21, 8, 2], "dataTypes": [{"type": "INTEGER (LONG)", "count": 3335, "max_value": 32, "min_value": 1, "mean": 16.488755622188922, "stddev": 9.16716859290502}]}, {"column_name": "BORO", "number_non_empty_cells": 3335, "number_empty_cells": 0, "number_distinct_values": 5, "frequent_values": ["K", "Q", "X", "M", "R"], "dataTypes": [{"type": "TEXT", "count": 3335, "shortest_values": [["M", 1], ["M", 1], ["M", 1], ["M", 1], ["M", 1]], "longest_values": [["M", 1], ["M", 1], ["M", 1], ["M", 1], ["M", 1]], "average_length": 1.0}]}, {"column_name": "GRADE_", "number_non_empty_cells": 3335, "number_empty_cells": 0, "number_distinct_values": 13, "frequent_values": ["09-12", "MS Core", "04", "05", "01"], "dataTypes": [{"type": "INTEGER (LONG)", "count": 701, "max_value": 9, "min_value": 1, "mean": 4.465049928673326, "stddev": 2.316717672692963}, {"type": "DATE/TIME", "count": 1704, "max_value": "2019-09-12T00:00:00", "min_value": "2019-09-12T00:00:00"}, {"type": "TEXT", "count": 930, "shortest_values": [["0K", 2], ["0K", 2], ["0K", 2], ["0K", 2], ["0K", 2]], "longest_values": [["MS Core", 7], ["MS Core", 7], ["MS Core", 7], ["MS Core", 7], ["MS Core", 7]], "average_length": 6.3752688172043035}]}, {"column_name": "PROGRAM_TYPE", "number_non_empty_cells": 3335, "number_empty_cells": 0, "number_distinct_values": 4, "frequent_values": ["GEN ED", "CTT", "SPEC ED", "G&T"], "dataTypes": [{"type": "TEXT", "count": 3335, "shortest_values": [["CTT", 3], ["CTT", 3], ["G&T", 3], ["CTT", 3], ["CTT", 3]], "longest_values": [["SPEC ED", 7], ["SPEC ED", 7], ["SPEC ED", 7], ["SPEC ED", 7], ["SPEC ED", 7]], "average_length": 5.034782608695639}]}, {"column_name": "CORE_SUBJECT_(MS_CORE_and_9-12_ONLY)", "number_non_empty_cells": 3335, "number_empty_cells": 0, "number_distinct_values": 5, "frequent_values": ["-", "SCIENCE", "ENGLISH", "SOCIAL STUDIES", "MATH"], "dataTypes": [{"type": "TEXT", "count": 3335, "shortest_values": [["-", 1], ["-", 1], ["-", 1], ["-", 1], ["-", 1]], "longest_values": [["SOCIAL STUDIES", 14], ["SOCIAL STUDIES", 14], ["SOCIAL STUDIES", 14], ["SOCIAL STUDIES", 14], ["SOCIAL STUDIES", 14]], "average_length": 6.237781109445277}]}, {"column_name": "CORE_COURSE_(MS_CORE_and_9-12_ONLY)", "number_non_empty_cells": 3335, "number_empty_cells": 0, "number_distinct_values": 26, "frequent_values": ["-", "MS English Core", "Living Environment", "Integrated Algebra", "Other Science"], "dataTypes": [{"type": "TEXT", "count": 3335, "shortest_values": [["-", 1], ["-", 1], ["-", 1], ["-", 1], ["-", 1]], "longest_values": [["Participation in Government", 27], ["Participation in Government", 27], ["Participation in Government", 27], ["Participation in Government", 27], ["Participation in Government", 27]], "average_length": 11.227286356821585}]}, {"column_name": "SERVICE_CATEGORY(K-9*_ONLY)", "number_non_empty_cells": 3335, "number_empty_cells": 0, "number_distinct_values": 6, "frequent_values": ["-", "12:1", "12:1:1", "6:1:1", "15:1"], "dataTypes": [{"type": "DATE/TIME", "count": 73, "max_value": "2019-12-07T15:01:00", "min_value": "2019-12-07T06:01:01"}, {"type": "TEXT", "count": 3262, "shortest_values": [["-", 1], ["-", 1], ["-", 1], ["-", 1], ["-", 1]], "longest_values": [["-", 1], ["-", 1], ["-", 1], ["-", 1], ["-", 1]], "average_length": 1.0}]}, {"column_name": "NUMBER_OF_STUDENTS_/_SEATS_FILLED", "number_non_empty_cells": 3335, "number_empty_cells": 0, "number_distinct_values": 1427, "frequent_values": [25, 10, 23, 12, 28], "dataTypes": [{"type": "INTEGER (LONG)", "count": 3335, "max_value": 15568, "min_value": 2, "mean": 831.5397301349307, "stddev": 1403.1389349990513}]}, {"column_name": "NUMBER_OF_SECTIONS", "number_non_empty_cells": 3335, "number_empty_cells": 0, "number_distinct_values": 232, "frequent_values": [1, 2, 3, 5, 4], "dataTypes": [{"type": "INTEGER (LONG)", "count": 3335, "max_value": 588, "min_value": 1, "mean": 33.554722638680495, "stddev": 52.23001762937437}]}, {"column_name": "AVERAGE_CLASS_SIZE", "number_non_empty_cells": 3335, "number_empty_cells": 0, "number_distinct_values": 260, "frequent_values": [25.0, 11.0, 27.0, 28.0, 10.0], "dataTypes": [{"type": "REAL", "count": 3335, "max_value": 46.0, "min_value": 2.0, "mean": 22.316161919040493, "stddev": 6.659496018330501}]}]}