{"dataset_name": "/user/hm74/NYCOpenData/83z6-smyr.tsv.gz", "columns": [{"column_name": "2016_ORGANIZATION", "number_non_empty_cells": 256, "number_empty_cells": 0, "number_distinct_values": 253, "frequent_values": ["Project\"", "Gouverneur Health", "Harlem Hospital Center", "Replacement\"", "Roundabout Theatre Company"], "dataTypes": [{"type": "TEXT", "count": 256, "shortest_values": [["I\"", 2], ["LDC\"", 4], ["WNET", 4], ["PS 6", 4], ["PS 7", 4]], "longest_values": [["Columbia Secondary School for Math, Science and Engineering", 59], ["Wadleigh Secondary School for the Performace and Visual Art", 59], ["Enterprises Inc. (D.B.A. Lower East Side Ecology Center)\"", 57], ["Association of the Bar of the City of New York Fund, Inc", 56], ["Smithsonian National Museum of the American Indian", 50]], "average_length": 19.582031249999993}]}, {"column_name": "PROJECT_ADDRESS", "number_non_empty_cells": 222, "number_empty_cells": 34, "number_distinct_values": 206, "frequent_values": ["215 W 114th St, New York, NY 10026", "1230 5th Avenue", "19 E 103rd St, New York, NY 10029", "525 W 50th St, New York, NY 10019", "225 E 23rd St, New York, NY 10010"], "dataTypes": [{"type": "INTEGER (LONG)", "count": 11, "max_value": 10, "min_value": 1, "mean": 4.8181818181818175, "stddev": 3.214121732666125}, {"type": "TEXT", "count": 211, "shortest_values": [["Greenroof", 9], ["101 Avenue D", 12], ["236 East 3rd", 12], ["3940 Broadway", 13], ["150 W 100th St", 14]], "longest_values": [["Roughly from Battery Park to City Hall, the East River to West Street.", 70], ["East River Park, East River Promenade, New York, NY, United States", 66], ["1 Randalls Island Park, New York, NY 10035", 42], ["17, 1 Whitehall Street, New York, NY 10004", 42], ["Amsterdam Ave., W. 104 St. and W. 105 St.", 41]], "average_length": 28.881516587677716}]}, {"column_name": "PROJECT_TITLE", "number_non_empty_cells": 208, "number_empty_cells": 48, "number_distinct_values": 146, "frequent_values": ["Technology Upgrades", "3", "9", "Auditorium Upgrade", "7"], "dataTypes": [{"type": "INTEGER (LONG)", "count": 22, "max_value": 12, "min_value": 1, "mean": 6.181818181818181, "stddev": 3.2702010452008996}, {"type": "TEXT", "count": 186, "shortest_values": [["HVAC", 4], ["Music Lab", 9], ["Greenroof", 9], ["New Branch", 10], ["Greenhouse", 10]], "longest_values": [["Construction of Richard Gilder Center for Science, Education, and Innovation", 76], ["Abrons Arts Center Accessibility Improvements", 45], ["125 Street Firehouse Initial Outifitting", 40], ["Initial Outfitting of Education Center", 38], ["East River Fire Boat House Renovation", 37]], "average_length": 21.44623655913978}]}, {"column_name": "COUNCIL_DISTRICT", "number_non_empty_cells": 194, "number_empty_cells": 62, "number_distinct_values": 23, "frequent_values": [8.0, 1.0, 2.0, 9.0, 3.0], "dataTypes": [{"type": "REAL", "count": 194, "max_value": 500000.0, "min_value": 1.0, "mean": 14633.96391752578, "stddev": 71872.32180551282}]}, {"column_name": "COMMUNITY_BOARD", "number_non_empty_cells": 192, "number_empty_cells": 64, "number_distinct_values": 25, "frequent_values": [11.0, 7.0, 3.0, 8.0, 1.0], "dataTypes": [{"type": "REAL", "count": 192, "max_value": 350000.0, "min_value": 1.0, "mean": 10397.463541666666, "stddev": 46994.027871221784}]}, {"column_name": "2016_AWARD", "number_non_empty_cells": 197, "number_empty_cells": 59, "number_distinct_values": 60, "frequent_values": ["100000.00", "150000.00", "250000.00", "MANHATTAN", "75000.00"], "dataTypes": [{"type": "INTEGER (LONG)", "count": 10, "max_value": 10040, "min_value": 10009, "mean": 10024.4, "stddev": 10.518555033843839}, {"type": "REAL", "count": 176, "max_value": 600000.0, "min_value": 35000.0, "mean": 146892.04545454532, "stddev": 111843.00453760142}, {"type": "TEXT", "count": 11, "shortest_values": [["MANHATTAN", 9], ["MANHATTAN", 9], ["MANHATTAN", 9], ["MANHATTAN", 9], ["MANHATTAN", 9]], "longest_values": [["MANHATTAN", 9], ["MANHATTAN", 9], ["MANHATTAN", 9], ["MANHATTAN", 9], ["MANHATTAN", 9]], "average_length": 9.0}]}, {"column_name": "POSTCODE", "number_non_empty_cells": 126, "number_empty_cells": 130, "number_distinct_values": 45, "frequent_values": ["10029", "MANHATTAN", "10035", "10019", "10025"], "dataTypes": [{"type": "INTEGER (LONG)", "count": 107, "max_value": 10282, "min_value": 10001, "mean": 10031.448598130846, "stddev": 32.6293926451273}, {"type": "REAL", "count": 8, "max_value": 40.802929, "min_value": 40.712784, "mean": 40.75378375, "stddev": 0.028318808933947823}, {"type": "TEXT", "count": 11, "shortest_values": [["MANHATTAN", 9], ["MANHATTAN", 9], ["MANHATTAN", 9], ["MANHATTAN", 9], ["MANHATTAN", 9]], "longest_values": [["MANHATTAN", 9], ["MANHATTAN", 9], ["MANHATTAN", 9], ["MANHATTAN", 9], ["MANHATTAN", 9]], "average_length": 9.0}]}, {"column_name": "Borough", "number_non_empty_cells": 195, "number_empty_cells": 61, "number_distinct_values": 19, "frequent_values": ["MANHATTAN", "40.7244", "40.855954", "40.763866", "-73.988417"], "dataTypes": [{"type": "REAL", "count": 17, "max_value": 40.855954, "min_value": -73.991427, "mean": -13.217676352941176, "stddev": 57.28629219291148}, {"type": "TEXT", "count": 178, "shortest_values": [["MANHATTAN", 9], ["MANHATTAN", 9], ["MANHATTAN", 9], ["MANHATTAN", 9], ["MANHATTAN", 9]], "longest_values": [["MANHATTAN", 9], ["MANHATTAN", 9], ["MANHATTAN", 9], ["MANHATTAN", 9], ["MANHATTAN", 9]], "average_length": 9.0}]}, {"column_name": "Latitude", "number_non_empty_cells": 181, "number_empty_cells": 75, "number_distinct_values": 165, "frequent_values": [40.802207, 149.0, 40.765184, 40.817372, 40.774919], "dataTypes": [{"type": "REAL", "count": 181, "max_value": 2602.0, "min_value": -74.004625, "mean": 51.91970384530387, "stddev": 192.64516060281295}]}, {"column_name": "Longitude", "number_non_empty_cells": 181, "number_empty_cells": 75, "number_distinct_values": 166, "frequent_values": [-73.954142, -73.976855, -73.951961, -73.947712, -73.940659], "dataTypes": [{"type": "REAL", "count": 181, "max_value": 1089381.0, "min_value": -74.015523, "mean": 46303.30570837019, "stddev": 214690.11013832525}]}, {"column_name": "Census_Tract", "number_non_empty_cells": 181, "number_empty_cells": 75, "number_distinct_values": 124, "frequent_values": [196, 168, 21703, 21303, 192], "dataTypes": [{"type": "INTEGER (LONG)", "count": 181, "max_value": 1017700071, "min_value": 5, "mean": 44648508.24309392, "stddev": 207362318.42109415}]}, {"column_name": "BIN", "number_non_empty_cells": 179, "number_empty_cells": 77, "number_distinct_values": 160, "frequent_values": ["1000000", "1055204", "1084005", "1053899", "Lincoln Square                                                             "], "dataTypes": [{"type": "INTEGER (LONG)", "count": 171, "max_value": 1021600018, "min_value": 1000000, "mean": 54427348.38011699, "stddev": 226459997.05946183}, {"type": "TEXT", "count": 8, "shortest_values": [["Clinton                                                                    ", 75], ["Lower East Side                                                            ", 75], ["East Village                                                               ", 75], ["Lincoln Square                                                             ", 75], ["Lower East Side                                                            ", 75]], "longest_values": [["Clinton                                                                    ", 75], ["Lower East Side                                                            ", 75], ["East Village                                                               ", 75], ["Lincoln Square                                                             ", 75], ["Lower East Side                                                            ", 75]], "average_length": 75.0}]}, {"column_name": "BBL", "number_non_empty_cells": 171, "number_empty_cells": 85, "number_distinct_values": 153, "frequent_values": ["1018300019", "1019570200", "1011390008", "1007420007", "1004370001"], "dataTypes": [{"type": "INTEGER (LONG)", "count": 162, "max_value": 1022310001, "min_value": 1000010010, "mean": 1012709397.6543211, "stddev": 6227356.982054487}, {"type": "TEXT", "count": 9, "shortest_values": [["West Village                                                               ", 75], ["Central Harlem South                                                       ", 75], ["Clinton                                                                    ", 75], ["Central Harlem North-Polo Grounds                                          ", 75], ["Manhattanville                                                             ", 75]], "longest_values": [["West Village                                                               ", 75], ["Central Harlem South                                                       ", 75], ["Clinton                                                                    ", 75], ["Central Harlem North-Polo Grounds                                          ", 75], ["Manhattanville                                                             ", 75]], "average_length": 75.0}]}, {"column_name": "NTA", "number_non_empty_cells": 164, "number_empty_cells": 92, "number_distinct_values": 28, "frequent_values": ["East Harlem North                                                          ", "Lincoln Square                                                             ", "Upper West Side                                                            ", "Central Harlem North-Polo Grounds                                          ", "East Harlem South                                                          "], "dataTypes": [{"type": "TEXT", "count": 164, "shortest_values": [["East Harlem North                                                          ", 75], ["Manhattanville                                                             ", 75], ["Manhattanville                                                             ", 75], ["park-cemetery-etc-Manhattan                                                ", 75], ["Upper West Side                                                            ", 75]], "longest_values": [["East Harlem North                                                          ", 75], ["Manhattanville                                                             ", 75], ["Manhattanville                                                             ", 75], ["park-cemetery-etc-Manhattan                                                ", 75], ["Upper West Side                                                            ", 75]], "average_length": 75.0}]}]}