{"dataset_name": "/user/hm74/NYCOpenData/8586-3zfm.tsv.gz", "columns": [{"column_name": "School_Name", "number_non_empty_cells": 2797, "number_empty_cells": 37, "number_distinct_values": 819, "frequent_values": ["THE BROOKLYN SCHOOL FOR SOCIAL", "FORT HAMILTON HS - K", "MARTIN VAN BUREN HS - QUEENS", "NEW DORP HS - STATEN ISLAND", "HERBERT H. LEHMAN HS - X"], "dataTypes": [{"type": "TEXT", "count": 2831, "shortest_values": [["ISHS @ M837", 11], ["ISHS @ M837", 11], ["ISHS @ M837", 11], ["MORRIS H.S.", 11], ["LYFE PROGRAM", 12]], "longest_values": [["D75 REPLACEMENT @ 15 FAIRFIELD STREET - STATEN ISLAND", 53], ["D75 REPLACEMENT @ 15 FAIRFIELD STREET - STATEN ISLAND", 53], ["D75 REPLACEMENT @ 15 FAIRFIELD STREET - STATEN ISLAND", 53], ["D75 REPLACEMENT @ 15 FAIRFIELD STREET - STATEN ISLAND", 53], ["TEACHER'S COLLEGE COMMUNITY SCHOOL ANNEX - MANHATTAN", 52]], "average_length": 21.181561285764786}]}, {"column_name": "BoroughCode", "number_non_empty_cells": 2834, "number_empty_cells": 0, "number_distinct_values": 5, "frequent_values": ["K", "Q", "X", "M", "R"], "dataTypes": [{"type": "TEXT", "count": 2834, "shortest_values": [["Q", 1], ["K", 1], ["M", 1], ["K", 1], ["M", 1]], "longest_values": [["Q", 1], ["K", 1], ["M", 1], ["K", 1], ["M", 1]], "average_length": 1.0}]}, {"column_name": "Geographical_District", "number_non_empty_cells": 2834, "number_empty_cells": 0, "number_distinct_values": 35, "frequent_values": [31, 2, 10, 27, 24], "dataTypes": [{"type": "INTEGER (LONG)", "count": 2834, "max_value": 84, "min_value": 1, "mean": 18.930839802399422, "stddev": 12.22755955343379}]}, {"column_name": "Project_Description", "number_non_empty_cells": 2609, "number_empty_cells": 225, "number_distinct_values": 632, "frequent_values": ["Addition", "IP DIGITAL VIDEO SURVEILLANCE SYSTEM", "New", "Lease", "PLANYC BOILER CNVRSN/PLANYC CLIMATE CTRL"], "dataTypes": [{"type": "TEXT", "count": 2831, "shortest_values": [["New", 3], ["New", 3], ["New", 3], ["New", 3], ["New", 3]], "longest_values": [["LSP-VACUUM/PUMP SET/RADIATOR VALVE/FLOAT AND THERMOSTATIC STEAM TRAPS", 69], ["LSP- VACUUM/PUMP CONDENSATE PUMPS, THERMOSTAT, CHEMICAL FEED SYSTEM", 67], ["IRON FENCE/FY16 RESO PLAYGRD/WATER INFILTRA/BOILER", 50], ["STAIRS/EXT MASONRY/PARAPETS/ROOF/FLOOD/WATER PNTRN", 50], ["C OF O/FIRE ALARM/PLANYC BOILER/PLANYC CLIMATE CTR", 50]], "average_length": 29.834334157541516}]}, {"column_name": "Construction_Award", "number_non_empty_cells": 2834, "number_empty_cells": 0, "number_distinct_values": 1101, "frequent_values": [0.0, 3777000.0, 415000.0, 8985000.0, 295000.0], "dataTypes": [{"type": "REAL", "count": 2834, "max_value": 98820000.0, "min_value": 0.0, "mean": 7319134.406534945, "stddev": 14036153.37660792}]}, {"column_name": "Project_type", "number_non_empty_cells": 2834, "number_empty_cells": 0, "number_distinct_values": 2, "frequent_values": ["CIP", "CAP"], "dataTypes": [{"type": "TEXT", "count": 2834, "shortest_values": [["CIP", 3], ["CIP", 3], ["CIP", 3], ["CIP", 3], ["CIP", 3]], "longest_values": [["CIP", 3], ["CIP", 3], ["CIP", 3], ["CIP", 3], ["CIP", 3]], "average_length": 3.0}]}, {"column_name": "Building_ID", "number_non_empty_cells": 2834, "number_empty_cells": 0, "number_distinct_values": 765, "frequent_values": ["K480", "M460", "K490", "Q435", "X420"], "dataTypes": [{"type": "DATE/TIME", "count": 49, "max_value": "2019-12-09T00:00:56", "min_value": "2019-12-09T00:00:01"}, {"type": "TEXT", "count": 2785, "shortest_values": [["Q126", 4], ["K845", 4], ["M470", 4], ["K620", 4], ["M451", 4]], "longest_values": [["Q126", 4], ["K845", 4], ["M470", 4], ["K620", 4], ["M451", 4]], "average_length": 4.0}]}, {"column_name": "Building_Address", "number_non_empty_cells": 2799, "number_empty_cells": 35, "number_distinct_values": 756, "frequent_values": ["400 IRVING AVENUE", "40 IRVING PLACE", "8301 SHORE ROAD", "230-17 HILLSIDE AVENUE", "465 NEW DORP LANE"], "dataTypes": [{"type": "TEXT", "count": 2834, "shortest_values": [["50 AVENUE P", 11], ["50 AVENUE X", 11], ["50 AVENUE P", 11], ["50 AVENUE X", 11], ["50 AVENUE X", 11]], "longest_values": [["2ND STREET BETWEEN 56TH AND 57TH AVENUE", 39], ["2ND STREET BETWEEN 56TH AND 57TH AVENUE", 39], ["2ND STREET BETWEEN 56TH AND 57TH AVENUE", 39], ["2ND STREET BETWEEN 56TH AND 57TH AVENUE", 39], ["2ND STREET BETWEEN 56TH AND 57TH AVENUE", 39]], "average_length": 18.005998588567397}]}, {"column_name": "City", "number_non_empty_cells": 2834, "number_empty_cells": 0, "number_distinct_values": 6, "frequent_values": ["Brooklyn", "Queens", "Bronx", "Manhattan", "Staten Island"], "dataTypes": [{"type": "TEXT", "count": 2834, "shortest_values": [["Bronx", 5], ["Bronx", 5], ["Bronx", 5], ["Bronx", 5], ["Bronx", 5]], "longest_values": [["Staten Island", 13], ["Staten Island", 13], ["Staten Island", 13], ["Staten Island", 13], ["Staten Island", 13]], "average_length": 7.33980239943544}]}, {"column_name": "Postcode", "number_non_empty_cells": 2828, "number_empty_cells": 6, "number_distinct_values": 162, "frequent_values": [10025, 11368, 10458, 11434, 10472], "dataTypes": [{"type": "INTEGER (LONG)", "count": 2828, "max_value": 11694, "min_value": 10002, "mean": 10882.019448373414, "stddev": 530.91204915293}]}, {"column_name": "Borough", "number_non_empty_cells": 2826, "number_empty_cells": 8, "number_distinct_values": 14, "frequent_values": ["BROOKLYN ", "MANHATTAN", "QUEENS   ", "BROOKLYN", "QUEENS"], "dataTypes": [{"type": "TEXT", "count": 2826, "shortest_values": [["Q", 1], ["K", 1], ["M", 1], ["K", 1], ["M", 1]], "longest_values": [["STATEN IS", 9], ["MANHATTAN", 9], ["STATEN IS", 9], ["MANHATTAN", 9], ["STATEN IS", 9]], "average_length": 6.535031847133755}]}, {"column_name": "Latitude", "number_non_empty_cells": 2824, "number_empty_cells": 10, "number_distinct_values": 770, "frequent_values": [40.735494, 40.69697, 40.740724, 40.733066, 40.831601], "dataTypes": [{"type": "REAL", "count": 2824, "max_value": 40.903553, "min_value": 40.508284, "mean": 40.72170412464586, "stddev": 0.08874300992474224}]}, {"column_name": "Longitude", "number_non_empty_cells": 2824, "number_empty_cells": 10, "number_distinct_values": 769, "frequent_values": [-73.987659, -73.910791, -73.79283, -73.738756, -73.838545], "dataTypes": [{"type": "REAL", "count": 2824, "max_value": -73.709137, "min_value": -74.244118, "mean": -73.91960232967423, "stddev": 0.09441412536392092}]}, {"column_name": "Community_Board", "number_non_empty_cells": 2824, "number_empty_cells": 10, "number_distinct_values": 78, "frequent_values": [7, 3, 12, 1, 2], "dataTypes": [{"type": "INTEGER (LONG)", "count": 2824, "max_value": 503, "min_value": 1, "mean": 71.80665722379581, "stddev": 134.61286222062162}]}, {"column_name": "Council_District", "number_non_empty_cells": 2824, "number_empty_cells": 10, "number_distinct_values": 52, "frequent_values": [3, 8, 11, 37, 6], "dataTypes": [{"type": "INTEGER (LONG)", "count": 2824, "max_value": 51, "min_value": 1, "mean": 23.1345609065156, "stddev": 15.027581663158276}]}, {"column_name": "Census_Tract", "number_non_empty_cells": 2824, "number_empty_cells": 10, "number_distinct_values": 524, "frequent_values": [409, 151, 435, 33, 177], "dataTypes": [{"type": "INTEGER (LONG)", "count": 2824, "max_value": 157903, "min_value": 1, "mean": 9452.967422096284, "stddev": 26758.63306832394}]}, {"column_name": "BIN", "number_non_empty_cells": 2810, "number_empty_cells": 24, "number_distinct_values": 744, "frequent_values": [3076908, 1017828, 4148763, 3152318, 4166101], "dataTypes": [{"type": "INTEGER (LONG)", "count": 2810, "max_value": 5164530, "min_value": 1000849, "mean": 3050973.446975085, "stddev": 1222604.837721241}]}, {"column_name": "BBL", "number_non_empty_cells": 2810, "number_empty_cells": 24, "number_distinct_values": 739, "frequent_values": [3033650098, 1008720057, 4068820001, 3060130001, 4079300002], "dataTypes": [{"type": "INTEGER (LONG)", "count": 2810, "max_value": 5078980001, "min_value": 1000290070, "mean": 2975671354.1419997, "stddev": 1185576645.128596}]}, {"column_name": "NTA", "number_non_empty_cells": 2824, "number_empty_cells": 10, "number_distinct_values": 341, "frequent_values": ["Upper West Side", "Sunset Park West", "Bushwick North", "Forest Hills", "Crown Heights North"], "dataTypes": [{"type": "TEXT", "count": 2824, "shortest_values": [["Corona", 6], ["Corona", 6], ["Corona", 6], ["Corona", 6], ["Corona", 6]], "longest_values": [["Forest Hills                                                               ", 75], ["Gravesend                                                                  ", 75], ["Sunset Park West                                                           ", 75], ["Hunters Point-Sunnyside-West Maspeth                                       ", 75], ["Bayside-Bayside Hills                                                      ", 75]], "average_length": 42.237606232294624}]}, {"column_name": "Location_1", "number_non_empty_cells": 2824, "number_empty_cells": 10, "number_distinct_values": 772, "frequent_values": ["(40.69697, -73.910791)", "(40.735494, -73.987659)", "(40.740724, -73.79283)", "(40.733066, -73.738756)", "(40.569393, -74.107737)"], "dataTypes": [{"type": "TEXT", "count": 2824, "shortest_values": [["(40.76337, -73.9906)", 20], ["(40.76337, -73.9906)", 20], ["(40.67956, -73.8106)", 20], ["(40.67956, -73.8106)", 20], ["(40.67956, -73.8106)", 20]], "longest_values": [["(40.766264, -73.930709)", 23], ["(40.660976, -73.988297)", 23], ["(40.785803, -73.974614)", 23], ["(40.582585, -73.963477)", 23], ["(40.741657, -73.999307)", 23]], "average_length": 22.768059490084998}]}, {"column_name": "Data_As_Of", "number_non_empty_cells": 2478, "number_empty_cells": 356, "number_distinct_values": 6, "frequent_values": ["05/05/2019", "10/30/2018", "02/06/2019", "11/13/2017", "01/31/2018"], "dataTypes": [{"type": "DATE/TIME", "count": 2478, "max_value": "2019-05-05T00:00:00", "min_value": "2017-11-13T00:00:00"}]}]}