{"dataset_name": "/user/hm74/NYCOpenData/85ty-ti6v.tsv.gz", "columns": [{"column_name": "District", "number_non_empty_cells": 1344, "number_empty_cells": 0, "number_distinct_values": 32, "frequent_values": [31, 28, 26, 27, 12], "dataTypes": [{"type": "INTEGER (LONG)", "count": 1344, "max_value": 32, "min_value": 1, "mean": 16.500000000000032, "stddev": 9.233092656309692}]}, {"column_name": "Grade", "number_non_empty_cells": 1344, "number_empty_cells": 0, "number_distinct_values": 7, "frequent_values": ["7", "3", "8", "5", "6"], "dataTypes": [{"type": "INTEGER (LONG)", "count": 1152, "max_value": 8, "min_value": 3, "mean": 5.500000000000009, "stddev": 1.707825127659933}, {"type": "TEXT", "count": 192, "shortest_values": [["All Grades", 10], ["All Grades", 10], ["All Grades", 10], ["All Grades", 10], ["All Grades", 10]], "longest_values": [["All Grades", 10], ["All Grades", 10], ["All Grades", 10], ["All Grades", 10], ["All Grades", 10]], "average_length": 10.0}]}, {"column_name": "Year", "number_non_empty_cells": 1344, "number_empty_cells": 0, "number_distinct_values": 6, "frequent_values": [2007, 2006, 2009, 2010, 2011], "dataTypes": [{"type": "INTEGER (LONG)", "count": 1344, "max_value": 2011, "min_value": 2006, "mean": 2008.5000000000002, "stddev": 1.7078251276596574}]}, {"column_name": "Category", "number_non_empty_cells": 1344, "number_empty_cells": 0, "number_distinct_values": 1, "frequent_values": ["All Students"], "dataTypes": [{"type": "TEXT", "count": 1344, "shortest_values": [["All Students", 12], ["All Students", 12], ["All Students", 12], ["All Students", 12], ["All Students", 12]], "longest_values": [["All Students", 12], ["All Students", 12], ["All Students", 12], ["All Students", 12], ["All Students", 12]], "average_length": 12.0}]}, {"column_name": "Number_Tested", "number_non_empty_cells": 1344, "number_empty_cells": 0, "number_distinct_values": 1131, "frequent_values": [2235, 2346, 2915, 2662, 2923], "dataTypes": [{"type": "INTEGER (LONG)", "count": 1344, "max_value": 26389, "min_value": 636, "mean": 3712.026785714286, "stddev": 4378.294013599435}]}, {"column_name": "Mean_Scale_Score", "number_non_empty_cells": 1344, "number_empty_cells": 0, "number_distinct_values": 69, "frequent_values": [656, 658, 655, 657, 654], "dataTypes": [{"type": "INTEGER (LONG)", "count": 1344, "max_value": 693, "min_value": 620, "mean": 655.9501488095242, "stddev": 11.93751277642787}]}, {"column_name": "Level_1_#", "number_non_empty_cells": 1344, "number_empty_cells": 0, "number_distinct_values": 610, "frequent_values": [7, 185, 2, 9, 233], "dataTypes": [{"type": "INTEGER (LONG)", "count": 1344, "max_value": 4628, "min_value": 0, "mean": 354.20833333333326, "stddev": 510.29954997468406}]}, {"column_name": "Level_1_%", "number_non_empty_cells": 1344, "number_empty_cells": 0, "number_distinct_values": 258, "frequent_values": [9.9, 2.7, 0.2, 1.9, 13.1], "dataTypes": [{"type": "REAL", "count": 1344, "max_value": 32.4, "min_value": 0.0, "mean": 9.916815476190477, "stddev": 6.560184964127918}]}, {"column_name": "Level_2_#", "number_non_empty_cells": 1344, "number_empty_cells": 0, "number_distinct_values": 971, "frequent_values": [675, 408, 688, 344, 602], "dataTypes": [{"type": "INTEGER (LONG)", "count": 1344, "max_value": 11441, "min_value": 103, "mean": 1411.5625000000005, "stddev": 1716.5295888586022}]}, {"column_name": "Level_2_%", "number_non_empty_cells": 1344, "number_empty_cells": 0, "number_distinct_values": 459, "frequent_values": [40.0, 37.0, 43.3, 44.4, 35.6], "dataTypes": [{"type": "REAL", "count": 1344, "max_value": 67.9, "min_value": 6.2, "mean": 38.73005952380945, "stddev": 11.691007100342837}]}, {"column_name": "Level_3_#", "number_non_empty_cells": 1344, "number_empty_cells": 0, "number_distinct_values": 1056, "frequent_values": [453, 1318, 531, 462, 974], "dataTypes": [{"type": "INTEGER (LONG)", "count": 1344, "max_value": 17672, "min_value": 116, "mean": 1758.1041666666658, "stddev": 2233.9785006866678}]}, {"column_name": "Level_3_%", "number_non_empty_cells": 1344, "number_empty_cells": 0, "number_distinct_values": 502, "frequent_values": [38.3, 44.4, 27.6, 46.3, 50.3], "dataTypes": [{"type": "REAL", "count": 1344, "max_value": 79.1, "min_value": 15.3, "mean": 46.41517857142864, "stddev": 13.716556470072357}]}, {"column_name": "Level_4_#", "number_non_empty_cells": 1344, "number_empty_cells": 0, "number_distinct_values": 442, "frequent_values": [24, 10, 16, 14, 64], "dataTypes": [{"type": "INTEGER (LONG)", "count": 1344, "max_value": 2316, "min_value": 0, "mean": 188.15178571428586, "stddev": 302.37183805571567}]}, {"column_name": "Level_4_%", "number_non_empty_cells": 1344, "number_empty_cells": 0, "number_distinct_values": 183, "frequent_values": [1.1, 1.2, 1.5, 0.6, 0.5], "dataTypes": [{"type": "REAL", "count": 1344, "max_value": 29.9, "min_value": 0.0, "mean": 4.93883928571429, "stddev": 4.5338092189344135}]}, {"column_name": "Level_3+4_#", "number_non_empty_cells": 1344, "number_empty_cells": 0, "number_distinct_values": 1054, "frequent_values": [611, 609, 431, 556, 432], "dataTypes": [{"type": "INTEGER (LONG)", "count": 1344, "max_value": 19575, "min_value": 118, "mean": 1946.2559523809525, "stddev": 2483.310310788192}]}, {"column_name": "Level_3+4_%", "number_non_empty_cells": 1344, "number_empty_cells": 0, "number_distinct_values": 564, "frequent_values": [57.3, 46.6, 40.3, 33.7, 56.2], "dataTypes": [{"type": "REAL", "count": 1344, "max_value": 93.4, "min_value": 15.3, "mean": 51.351413690476235, "stddev": 16.18892040362211}]}]}