{"dataset_name": "/user/hm74/NYCOpenData/86a8-pqby.tsv.gz", "columns": [{"column_name": "Inventory_ID", "number_non_empty_cells": 49647, "number_empty_cells": 0, "number_distinct_values": 49647, "frequent_values": [62680, 62985, 63087, 63155, 63106], "dataTypes": [{"type": "INTEGER (LONG)", "count": ["49647"], "mean": ["29574.509980462062"], "stddev": ["19065.233743203087"], "min_value": ["4"], "max_value": ["63711"]}]}, {"column_name": "Prop_ID", "number_non_empty_cells": 49647, "number_empty_cells": 0, "number_distinct_values": 3758, "frequent_values": ["Q411-G01", "B057-G01", "Q015-G01", "X092-G01", "R022-G01"], "dataTypes": [{"type": "DATE/TIME", "count": 1751, "min_value": "2059-12-09T00:00:10", "max_value": "0103-12-09T00:00:10"}, {"type": "TEXT", "count": "47896", "shortest_values": [["Q439", 4], ["Q353", 4], ["M233", 4], ["B001", 4], ["B381", 4]], "longest_values": [["M010-ZN42&43", 12], ["M010-ZN18&19", 12], ["M010-ZN24&25", 12], ["M010-ZN12&13", 12], ["M010-ZN42&43", 12]], "average_length": "5.8071655253048275"}]}, {"column_name": "Feature", "number_non_empty_cells": 49647, "number_empty_cells": 0, "number_distinct_values": 21, "frequent_values": ["Paved Surfaces", "Sidewalks", "Fences", "Play Equipment", "Horticultural Areas"], "dataTypes": [{"type": "TEXT", "count": "49647", "shortest_values": [["Lawn", 4], ["Lawn", 4], ["Lawns", 5], ["Lawns", 5], ["Lawns", 5]], "longest_values": [["Horticultural Areas", 19], ["Horticultural Areas", 19], ["Horticultural Areas", 19], ["Horticultural Areas", 19], ["Horticultural Areas", 19]], "average_length": "10.965395693596793"}]}, {"column_name": "Type", "number_non_empty_cells": 49647, "number_empty_cells": 0, "number_distinct_values": 268, "frequent_values": ["Concrete Curbs", "Concrete Flags", "Bushes", "Belgian Blocks", "Concrete"], "dataTypes": [{"type": "DATE/TIME", "count": 1352, "min_value": "2019-06-10T00:00:00", "max_value": "2019-01-05T00:00:00"}, {"type": "TEXT", "count": "48295", "shortest_values": [[">10", 3], [">10", 3], [">10", 3], [">10", 3], [">10", 3]], "longest_values": [["\"\"\"C\"\" Multi-Use Fields - Artificial\"", 37], ["\"\"\"C\"\" Multi-Use Fields - Artificial\"", 37], ["\"\"\"C\"\" Multi-Use Fields - Artificial\"", 37], ["\"\"\"C\"\" Multi-Use Fields - Artificial\"", 37], ["\"\"\"C\"\" Multi-Use Fields - Artificial\"", 37]], "average_length": "10.71922559271146"}]}, {"column_name": "Category", "number_non_empty_cells": 49638, "number_empty_cells": 9, "number_distinct_values": 6, "frequent_values": ["Structural Features", "Landscape Features", "Structural features", "Landscape Featuers", "Structural Featres"], "dataTypes": [{"type": "TEXT", "count": "49638", "shortest_values": [["Landscape Features", 18], ["Landscape Features", 18], ["Landscape Features", 18], ["Landscape Features", 18], ["Landscape Features", 18]], "longest_values": [["Structural Features", 19], ["Structural Features", 19], ["Structural Features", 19], ["Structural Features", 19], ["Structural Features", 19]], "average_length": "18.75399895241549"}]}, {"column_name": "Sub-Category", "number_non_empty_cells": 1347, "number_empty_cells": 48300, "number_distinct_values": 27, "frequent_values": ["Manual", "Natural Turf", "Artificial Turf", "Timer", "Hard Surface"], "dataTypes": [{"type": "TEXT", "count": "1347", "shortest_values": [["Clay", 4], ["Timer", 5], ["Timer", 5], ["Timer", 5], ["Timer", 5]], "longest_values": [["Industrial Structure", 20], ["Concrete, Gravel", 16], ["Artificial Turf", 15], ["Artificial Turf", 15], ["Artificial Turf", 15]], "average_length": "9.424647364513735"}]}]}