{"dataset_name": "/user/hm74/NYCOpenData/87b8-3t9t.tsv.gz", "columns": [{"column_name": "District", "number_non_empty_cells": 192, "number_empty_cells": 0, "number_distinct_values": 32, "frequent_values": [31, 28, 26, 27, 12], "dataTypes": [{"type": "INTEGER (LONG)", "count": 192, "max_value": 32, "min_value": 1, "mean": 16.499999999999996, "stddev": 9.233092656309696}]}, {"column_name": "Category_", "number_non_empty_cells": 192, "number_empty_cells": 0, "number_distinct_values": 6, "frequent_values": ["All Students", "English Language Learners", "Poverty", "Students with Disabilities", "Reside in temporary housing"], "dataTypes": [{"type": "TEXT", "count": 192, "shortest_values": [["Poverty", 7], ["Poverty", 7], ["Poverty", 7], ["Poverty", 7], ["Poverty", 7]], "longest_values": [["Reside in temporary housing", 27], ["Reside in temporary housing", 27], ["Reside in temporary housing", 27], ["Reside in temporary housing", 27], ["Reside in temporary housing", 27]], "average_length": 20.333333333333325}]}, {"column_name": "Year", "number_non_empty_cells": 192, "number_empty_cells": 0, "number_distinct_values": 1, "frequent_values": ["2015-16"], "dataTypes": [{"type": "TEXT", "count": 192, "shortest_values": [["2015-16", 7], ["2015-16", 7], ["2015-16", 7], ["2015-16", 7], ["2015-16", 7]], "longest_values": [["2015-16", 7], ["2015-16", 7], ["2015-16", 7], ["2015-16", 7], ["2015-16", 7]], "average_length": 7.0}]}, {"column_name": "Total_Enrollment", "number_non_empty_cells": 192, "number_empty_cells": 0, "number_distinct_values": 189, "frequent_values": [1302, 367, 522, 516, 1829], "dataTypes": [{"type": "INTEGER (LONG)", "count": 192, "max_value": 36253, "min_value": 49, "mean": 3344.505208333334, "stddev": 4711.641784140238}]}, {"column_name": "#Grade_9", "number_non_empty_cells": 192, "number_empty_cells": 0, "number_distinct_values": 182, "frequent_values": [109, 469, 92, 238, 206], "dataTypes": [{"type": "INTEGER (LONG)", "count": 192, "max_value": 9971, "min_value": 6, "mean": 982.3541666666666, "stddev": 1326.7596568580052}]}, {"column_name": "#Grade_10", "number_non_empty_cells": 192, "number_empty_cells": 0, "number_distinct_values": 173, "frequent_values": [261, 19, 210, 253, 368], "dataTypes": [{"type": "INTEGER (LONG)", "count": 192, "max_value": 9765, "min_value": 19, "mean": 924.5364583333329, "stddev": 1268.9261489887642}]}, {"column_name": "#Grade_11", "number_non_empty_cells": 192, "number_empty_cells": 0, "number_distinct_values": 174, "frequent_values": ["107", "36", "89", "155", "120"], "dataTypes": [{"type": "INTEGER (LONG)", "count": 191, "max_value": 8239, "min_value": 8, "mean": 726.7434554973819, "stddev": 1064.539485591714}, {"type": "TEXT", "count": 1, "shortest_values": [["s", 1]], "longest_values": [["s", 1]], "average_length": 1.0}]}, {"column_name": "#Grade_12", "number_non_empty_cells": 192, "number_empty_cells": 0, "number_distinct_values": 170, "frequent_values": ["48", "97", "146", "101", "184"], "dataTypes": [{"type": "INTEGER (LONG)", "count": 191, "max_value": 8278, "min_value": 11, "mean": 718.2408376963349, "stddev": 1067.8155343015162}, {"type": "TEXT", "count": 1, "shortest_values": [["s", 1]], "longest_values": [["s", 1]], "average_length": 1.0}]}, {"column_name": "#Female", "number_non_empty_cells": 192, "number_empty_cells": 0, "number_distinct_values": 182, "frequent_values": [447, 212, 377, 224, 196], "dataTypes": [{"type": "INTEGER (LONG)", "count": 192, "max_value": 19930, "min_value": 17, "mean": 1591.6822916666674, "stddev": 2427.769775195555}]}, {"column_name": "%Female", "number_non_empty_cells": 192, "number_empty_cells": 0, "number_distinct_values": 192, "frequent_values": [0.5334394904458599, 0.34363081617086194, 0.5014282867202551, 0.3252336448598131, 0.45058139534883723], "dataTypes": [{"type": "REAL", "count": 192, "max_value": 0.5892285619688776, "min_value": 0.2866716306775875, "mean": 0.4512073260237663, "stddev": 0.06491325044812393}]}, {"column_name": "#Male", "number_non_empty_cells": 192, "number_empty_cells": 0, "number_distinct_values": 179, "frequent_values": [276, 425, 233, 225, 122], "dataTypes": [{"type": "INTEGER (LONG)", "count": 192, "max_value": 16323, "min_value": 32, "mean": 1752.8229166666663, "stddev": 2311.5319347368227}]}, {"column_name": "%Male", "number_non_empty_cells": 192, "number_empty_cells": 0, "number_distinct_values": 192, "frequent_values": [0.4772065955383123, 0.5130748422001803, 0.645, 0.5218340611353712, 0.48283261802575106], "dataTypes": [{"type": "REAL", "count": 192, "max_value": 0.7133283693224125, "min_value": 0.41077143803112237, "mean": 0.5487926739762335, "stddev": 0.06491325044812385}]}, {"column_name": "#Asian", "number_non_empty_cells": 192, "number_empty_cells": 0, "number_distinct_values": 133, "frequent_values": ["s", "13", "86", "7", "30"], "dataTypes": [{"type": "INTEGER (LONG)", "count": 170, "max_value": 6468, "min_value": 7, "mean": 602.2176470588237, "stddev": 1159.0776225010552}, {"type": "TEXT", "count": 22, "shortest_values": [["s", 1], ["s", 1], ["s", 1], ["s", 1], ["s", 1]], "longest_values": [["s", 1], ["s", 1], ["s", 1], ["s", 1], ["s", 1]], "average_length": 1.0}]}, {"column_name": "%Asian", "number_non_empty_cells": 192, "number_empty_cells": 0, "number_distinct_values": 170, "frequent_values": ["s", "0.022988505747126436", "0.06809001731102135", "0.1722252597047567", "0.007462686567164179"], "dataTypes": [{"type": "REAL", "count": 170, "max_value": 0.6981981981981982, "min_value": 0.005402160864345739, "mean": 0.1401444671475925, "stddev": 0.14230373755186926}, {"type": "TEXT", "count": 22, "shortest_values": [["s", 1], ["s", 1], ["s", 1], ["s", 1], ["s", 1]], "longest_values": [["s", 1], ["s", 1], ["s", 1], ["s", 1], ["s", 1]], "average_length": 1.0}]}, {"column_name": "#Black", "number_non_empty_cells": 192, "number_empty_cells": 0, "number_distinct_values": 180, "frequent_values": ["33", "s", "327", "98", "60"], "dataTypes": [{"type": "INTEGER (LONG)", "count": 189, "max_value": 8196, "min_value": 9, "mean": 955.825396825397, "stddev": 1306.9136332007586}, {"type": "TEXT", "count": 3, "shortest_values": [["s", 1], ["s", 1], ["s", 1]], "longest_values": [["s", 1], ["s", 1], ["s", 1]], "average_length": 1.0}]}, {"column_name": "%Black", "number_non_empty_cells": 192, "number_empty_cells": 0, "number_distinct_values": 190, "frequent_values": ["s", "0.8431158629718525", "0.08571428571428572", "0.06673400187576654", "0.26666666666666666"], "dataTypes": [{"type": "REAL", "count": 189, "max_value": 0.846820809248555, "min_value": 0.010391686650679457, "mean": 0.33582696773156495, "stddev": 0.23534653064776212}, {"type": "TEXT", "count": 3, "shortest_values": [["s", 1], ["s", 1], ["s", 1]], "longest_values": [["s", 1], ["s", 1], ["s", 1]], "average_length": 1.0}]}, {"column_name": "#Hispanic", "number_non_empty_cells": 192, "number_empty_cells": 0, "number_distinct_values": 185, "frequent_values": ["167", "90", "345", "272", "65"], "dataTypes": [{"type": "INTEGER (LONG)", "count": 191, "max_value": 16365, "min_value": 24, "mean": 1457.717277486911, "stddev": 2187.461859332996}, {"type": "TEXT", "count": 1, "shortest_values": [["s", 1]], "longest_values": [["s", 1]], "average_length": 1.0}]}, {"column_name": "%Hispanic", "number_non_empty_cells": 192, "number_empty_cells": 0, "number_distinct_values": 192, "frequent_values": ["0.4919011082693947", "0.7375615090213231", "0.1453900709219858", "0.13246471226927253", "0.7096985583224116"], "dataTypes": [{"type": "REAL", "count": 191, "max_value": 0.9586160108548168, "min_value": 0.07168458781362007, "mean": 0.4508031001605842, "stddev": 0.22590748111546535}, {"type": "TEXT", "count": 1, "shortest_values": [["s", 1]], "longest_values": [["s", 1]], "average_length": 1.0}]}, {"column_name": "#Other", "number_non_empty_cells": 192, "number_empty_cells": 0, "number_distinct_values": 87, "frequent_values": ["s", "6", "11", "12", "8"], "dataTypes": [{"type": "INTEGER (LONG)", "count": 148, "max_value": 1019, "min_value": 6, "mean": 81.21621621621621, "stddev": 129.96093698661818}, {"type": "TEXT", "count": 44, "shortest_values": [["s", 1], ["s", 1], ["s", 1], ["s", 1], ["s", 1]], "longest_values": [["s", 1], ["s", 1], ["s", 1], ["s", 1], ["s", 1]], "average_length": 1.0}]}, {"column_name": "%_Other", "number_non_empty_cells": 192, "number_empty_cells": 0, "number_distinct_values": 149, "frequent_values": ["s", "0.010415548158488134", "0.040842311459353575", "0.016420361247947456", "0.02131782945736434"], "dataTypes": [{"type": "REAL", "count": 148, "max_value": 0.06619385342789598, "min_value": 0.003601440576230492, "mean": 0.016619510929216787, "stddev": 0.009310389158917104}, {"type": "TEXT", "count": 44, "shortest_values": [["s", 1], ["s", 1], ["s", 1], ["s", 1], ["s", 1]], "longest_values": [["s", 1], ["s", 1], ["s", 1], ["s", 1], ["s", 1]], "average_length": 1.0}]}, {"column_name": "#White", "number_non_empty_cells": 192, "number_empty_cells": 0, "number_distinct_values": 124, "frequent_values": ["s", "9", "8", "11", "18"], "dataTypes": [{"type": "INTEGER (LONG)", "count": 162, "max_value": 8547, "min_value": 7, "mean": 418.9876543209876, "stddev": 947.8132140545797}, {"type": "TEXT", "count": 30, "shortest_values": [["s", 1], ["s", 1], ["s", 1], ["s", 1], ["s", 1]], "longest_values": [["s", 1], ["s", 1], ["s", 1], ["s", 1], ["s", 1]], "average_length": 1.0}]}, {"column_name": "%_White", "number_non_empty_cells": 192, "number_empty_cells": 0, "number_distinct_values": 163, "frequent_values": ["s", "0.04094707520891365", "0.0215633423180593", "0.14116094986807387", "0.011809163911195087"], "dataTypes": [{"type": "REAL", "count": 162, "max_value": 0.47759275815824764, "min_value": 0.004885993485342019, "mean": 0.08754205097092452, "stddev": 0.09429693290572519}, {"type": "TEXT", "count": 30, "shortest_values": [["s", 1], ["s", 1], ["s", 1], ["s", 1], ["s", 1]], "longest_values": [["s", 1], ["s", 1], ["s", 1], ["s", 1], ["s", 1]], "average_length": 1.0}]}, {"column_name": "#ELL_Spanish", "number_non_empty_cells": 32, "number_empty_cells": 160, "number_distinct_values": 32, "frequent_values": [33, 1300, 1415, 988, 157], "dataTypes": [{"type": "INTEGER (LONG)", "count": 32, "max_value": 2408, "min_value": 33, "mean": 625.3750000000001, "stddev": 587.5874801891204}]}, {"column_name": "%_ELL_Chinese", "number_non_empty_cells": 32, "number_empty_cells": 160, "number_distinct_values": 26, "frequent_values": [0.0, 0.019021739130434784, 0.5022522522522522, 0.023485784919653894, 0.010256410256410256], "dataTypes": [{"type": "REAL", "count": 32, "max_value": 0.6142557651991615, "min_value": 0.0, "mean": 0.09005376953026241, "stddev": 0.15747933404170125}]}, {"column_name": "#ELL_Chinese", "number_non_empty_cells": 32, "number_empty_cells": 160, "number_distinct_values": 17, "frequent_values": ["s", "107", "446", "425", "1045"], "dataTypes": [{"type": "INTEGER (LONG)", "count": 15, "max_value": 1045, "min_value": 7, "mean": 236.73333333333332, "stddev": 281.7583992635456}, {"type": "TEXT", "count": 17, "shortest_values": [["s", 1], ["s", 1], ["s", 1], ["s", 1], ["s", 1]], "longest_values": [["s", 1], ["s", 1], ["s", 1], ["s", 1], ["s", 1]], "average_length": 1.0}]}, {"column_name": "%_ELL_Chinese2", "number_non_empty_cells": 32, "number_empty_cells": 160, "number_distinct_values": 17, "frequent_values": ["s", "0.12411347517730496", "0.08218125960061444", "0.12378259503612944", "0.41766586730615507"], "dataTypes": [{"type": "REAL", "count": 15, "max_value": 0.6142557651991615, "min_value": 0.019021739130434784, "mean": 0.18732668611460485, "stddev": 0.18705477163191758}, {"type": "TEXT", "count": 17, "shortest_values": [["s", 1], ["s", 1], ["s", 1], ["s", 1], ["s", 1]], "longest_values": [["s", 1], ["s", 1], ["s", 1], ["s", 1], ["s", 1]], "average_length": 1.0}]}, {"column_name": "#ELL_Bengali", "number_non_empty_cells": 32, "number_empty_cells": 160, "number_distinct_values": 23, "frequent_values": ["s", "10", "29", "87", "42"], "dataTypes": [{"type": "INTEGER (LONG)", "count": 25, "max_value": 171, "min_value": 6, "mean": 55.6, "stddev": 46.31803104623511}, {"type": "TEXT", "count": 7, "shortest_values": [["s", 1], ["s", 1], ["s", 1], ["s", 1], ["s", 1]], "longest_values": [["s", 1], ["s", 1], ["s", 1], ["s", 1], ["s", 1]], "average_length": 1.0}]}, {"column_name": "%_ELL_Bengali", "number_non_empty_cells": 32, "number_empty_cells": 160, "number_distinct_values": 27, "frequent_values": ["s", "0.027464788732394368", "0.07700101317122594", "0.01773049645390071", "0.04279279279279279"], "dataTypes": [{"type": "REAL", "count": 25, "max_value": 0.18688524590163935, "min_value": 0.011881188118811881, "mean": 0.053164041035839715, "stddev": 0.04380593769501434}, {"type": "TEXT", "count": 7, "shortest_values": [["s", 1], ["s", 1], ["s", 1], ["s", 1], ["s", 1]], "longest_values": [["s", 1], ["s", 1], ["s", 1], ["s", 1], ["s", 1]], "average_length": 1.0}]}, {"column_name": "#ELL_Arabic", "number_non_empty_cells": 32, "number_empty_cells": 160, "number_distinct_values": 30, "frequent_values": ["33", "8", "s", "29", "30"], "dataTypes": [{"type": "INTEGER (LONG)", "count": 30, "max_value": 244, "min_value": 6, "mean": 53.099999999999994, "stddev": 51.910403581555784}, {"type": "TEXT", "count": 2, "shortest_values": [["s", 1], ["s", 1]], "longest_values": [["s", 1], ["s", 1]], "average_length": 1.0}]}, {"column_name": "%ELL_Arabic", "number_non_empty_cells": 32, "number_empty_cells": 160, "number_distinct_values": 32, "frequent_values": ["s", "0.01821608040201005", "0.0189328743545611", "0.04060017652250662", "0.012211668928086838"], "dataTypes": [{"type": "REAL", "count": 30, "max_value": 0.2603036876355748, "min_value": 0.009009009009009009, "mean": 0.059875105694814634, "stddev": 0.04801116688720672}, {"type": "TEXT", "count": 2, "shortest_values": [["s", 1], ["s", 1]], "longest_values": [["s", 1], ["s", 1]], "average_length": 1.0}]}, {"column_name": "#ELL_Haitian_Creole", "number_non_empty_cells": 32, "number_empty_cells": 160, "number_distinct_values": 15, "frequent_values": ["s", "18", "9", "7", "8"], "dataTypes": [{"type": "INTEGER (LONG)", "count": 16, "max_value": 253, "min_value": 6, "mean": 45.0, "stddev": 63.526569244686904}, {"type": "TEXT", "count": 16, "shortest_values": [["s", 1], ["s", 1], ["s", 1], ["s", 1], ["s", 1]], "longest_values": [["s", 1], ["s", 1], ["s", 1], ["s", 1], ["s", 1]], "average_length": 1.0}]}, {"column_name": "%ELL_Haitian_Creole", "number_non_empty_cells": 32, "number_empty_cells": 160, "number_distinct_values": 18, "frequent_values": ["s", "0.32298136645962733", "0.043689320388349516", "0.005376344086021506", "0.00794351279788173"], "dataTypes": [{"type": "REAL", "count": 16, "max_value": 0.5276752767527675, "min_value": 0.0031974420463629096, "mean": 0.0959493782069867, "stddev": 0.14850501382961095}, {"type": "TEXT", "count": 16, "shortest_values": [["s", 1], ["s", 1], ["s", 1], ["s", 1], ["s", 1]], "longest_values": [["s", 1], ["s", 1], ["s", 1], ["s", 1], ["s", 1]], "average_length": 1.0}]}, {"column_name": "#ELL_French", "number_non_empty_cells": 32, "number_empty_cells": 160, "number_distinct_values": 18, "frequent_values": ["s", "15", "8", "17", "42"], "dataTypes": [{"type": "INTEGER (LONG)", "count": 19, "max_value": 186, "min_value": 6, "mean": 34.5263157894737, "stddev": 41.96410549010294}, {"type": "TEXT", "count": 13, "shortest_values": [["s", 1], ["s", 1], ["s", 1], ["s", 1], ["s", 1]], "longest_values": [["s", 1], ["s", 1], ["s", 1], ["s", 1], ["s", 1]], "average_length": 1.0}]}, {"column_name": "%ELL_French", "number_non_empty_cells": 32, "number_empty_cells": 160, "number_distinct_values": 21, "frequent_values": ["s", "0.04934021801491681", "0.03972868217054264", "0.012578616352201259", "0.08967391304347826"], "dataTypes": [{"type": "REAL", "count": 19, "max_value": 0.1095890410958904, "min_value": 0.007537688442211055, "mean": 0.04151025769874261, "stddev": 0.03002379868775986}, {"type": "TEXT", "count": 13, "shortest_values": [["s", 1], ["s", 1], ["s", 1], ["s", 1], ["s", 1]], "longest_values": [["s", 1], ["s", 1], ["s", 1], ["s", 1], ["s", 1]], "average_length": 1.0}]}, {"column_name": "#ELL_Russian", "number_non_empty_cells": 32, "number_empty_cells": 160, "number_distinct_values": 10, "frequent_values": ["s", "12", "132", "29", "113"], "dataTypes": [{"type": "INTEGER (LONG)", "count": 9, "max_value": 211, "min_value": 12, "mean": 66.33333333333333, "stddev": 66.71997868371629}, {"type": "TEXT", "count": 23, "shortest_values": [["s", 1], ["s", 1], ["s", 1], ["s", 1], ["s", 1]], "longest_values": [["s", 1], ["s", 1], ["s", 1], ["s", 1], ["s", 1]], "average_length": 1.0}]}, {"column_name": "%ELL_Korean", "number_non_empty_cells": 32, "number_empty_cells": 160, "number_distinct_values": 7, "frequent_values": ["s", "0", "6.389776357827476E-4", "0.001092896174863388", "9.42507068803016E-4"], "dataTypes": [{"type": "INTEGER (LONG)", "count": 5, "max_value": 0, "min_value": 0, "mean": 0.0, "stddev": 0.0}, {"type": "REAL", "count": 4, "max_value": 0.0010934937124111536, "min_value": 0.0006389776357827476, "mean": 0.0009419686479650763, "stddev": 0.0001854338203317421}, {"type": "TEXT", "count": 23, "shortest_values": [["s", 1], ["s", 1], ["s", 1], ["s", 1], ["s", 1]], "longest_values": [["s", 1], ["s", 1], ["s", 1], ["s", 1], ["s", 1]], "average_length": 1.0}]}, {"column_name": "#ELL_Korean", "number_non_empty_cells": 32, "number_empty_cells": 160, "number_distinct_values": 4, "frequent_values": ["s", "44", "20", null], "dataTypes": [{"type": "INTEGER (LONG)", "count": 2, "max_value": 44, "min_value": 20, "mean": 32.0, "stddev": 12.0}, {"type": "TEXT", "count": 30, "shortest_values": [["s", 1], ["s", 1], ["s", 1], ["s", 1], ["s", 1]], "longest_values": [["s", 1], ["s", 1], ["s", 1], ["s", 1], ["s", 1]], "average_length": 1.0}]}, {"column_name": "%ELL_Korean3", "number_non_empty_cells": 32, "number_empty_cells": 160, "number_distinct_values": 4, "frequent_values": ["s", "0.01256281407035176", "0.04954954954954955", null], "dataTypes": [{"type": "REAL", "count": 2, "max_value": 0.04954954954954955, "min_value": 0.01256281407035176, "mean": 0.031056181809950657, "stddev": 0.018493367739598893}, {"type": "TEXT", "count": 30, "shortest_values": [["s", 1], ["s", 1], ["s", 1], ["s", 1], ["s", 1]], "longest_values": [["s", 1], ["s", 1], ["s", 1], ["s", 1], ["s", 1]], "average_length": 1.0}]}, {"column_name": "#ELL_Urdu", "number_non_empty_cells": 32, "number_empty_cells": 160, "number_distinct_values": 14, "frequent_values": ["s", "25", "15", "8", "22"], "dataTypes": [{"type": "INTEGER (LONG)", "count": 13, "max_value": 156, "min_value": 6, "mean": 42.23076923076923, "stddev": 43.87421504211933}, {"type": "TEXT", "count": 19, "shortest_values": [["s", 1], ["s", 1], ["s", 1], ["s", 1], ["s", 1]], "longest_values": [["s", 1], ["s", 1], ["s", 1], ["s", 1], ["s", 1]], "average_length": 1.0}]}, {"column_name": "%ELL_Urdu", "number_non_empty_cells": 32, "number_empty_cells": 160, "number_distinct_values": 15, "frequent_values": ["s", "0.0029250457038391227", "0.02027027027027027", "0.02736098852603707", "0.03015075376884422"], "dataTypes": [{"type": "REAL", "count": 13, "max_value": 0.12411347517730496, "min_value": 0.0029250457038391227, "mean": 0.03609965760801327, "stddev": 0.035370933816642795}, {"type": "TEXT", "count": 19, "shortest_values": [["s", 1], ["s", 1], ["s", 1], ["s", 1], ["s", 1]], "longest_values": [["s", 1], ["s", 1], ["s", 1], ["s", 1], ["s", 1]], "average_length": 1.0}]}, {"column_name": "#ELL_Other", "number_non_empty_cells": 32, "number_empty_cells": 160, "number_distinct_values": 30, "frequent_values": ["34", "15", "s", "87", "42"], "dataTypes": [{"type": "INTEGER (LONG)", "count": 30, "max_value": 256, "min_value": 6, "mean": 78.43333333333332, "stddev": 67.26152111142167}, {"type": "TEXT", "count": 2, "shortest_values": [["s", 1], ["s", 1]], "longest_values": [["s", 1], ["s", 1]], "average_length": 1.0}]}, {"column_name": "%ELL_Other", "number_non_empty_cells": 32, "number_empty_cells": 160, "number_distinct_values": 32, "frequent_values": ["s", "0.15867158671586715", "0.09984639016897082", "0.14189189189189189", "0.10194174757281553"], "dataTypes": [{"type": "REAL", "count": 30, "max_value": 0.2111801242236025, "min_value": 0.015603799185888738, "mean": 0.0874238660392479, "stddev": 0.05212051173518115}, {"type": "TEXT", "count": 2, "shortest_values": [["s", 1], ["s", 1]], "longest_values": [["s", 1], ["s", 1]], "average_length": 1.0}]}, {"column_name": "ELA_#Test_Takers", "number_non_empty_cells": 192, "number_empty_cells": 0, "number_distinct_values": 165, "frequent_values": ["157", "23", "62", "101", "14"], "dataTypes": [{"type": "INTEGER (LONG)", "count": 191, "max_value": 7522, "min_value": 8, "mean": 671.7172774869106, "stddev": 1004.9874598289917}, {"type": "TEXT", "count": 1, "shortest_values": [["s", 1]], "longest_values": [["s", 1]], "average_length": 1.0}]}, {"column_name": "ELA_#Level_1", "number_non_empty_cells": 192, "number_empty_cells": 0, "number_distinct_values": 144, "frequent_values": ["26", "33", "s", "34", "19"], "dataTypes": [{"type": "INTEGER (LONG)", "count": 188, "max_value": 1716, "min_value": 6, "mean": 239.7978723404256, "stddev": 269.17241487872286}, {"type": "TEXT", "count": 4, "shortest_values": [["s", 1], ["s", 1], ["s", 1], ["s", 1]], "longest_values": [["s", 1], ["s", 1], ["s", 1], ["s", 1]], "average_length": 1.0}]}, {"column_name": "ELA_%Level_1", "number_non_empty_cells": 192, "number_empty_cells": 0, "number_distinct_values": 183, "frequent_values": ["s", "0.42857142857142855", "0.4305555555555556", "0.8888888888888888", "0.47058823529411764"], "dataTypes": [{"type": "REAL", "count": 188, "max_value": 0.9393939393939394, "min_value": 0.11931818181818182, "mean": 0.5019177450084131, "stddev": 0.21491825940582382}, {"type": "TEXT", "count": 4, "shortest_values": [["s", 1], ["s", 1], ["s", 1], ["s", 1]], "longest_values": [["s", 1], ["s", 1], ["s", 1], ["s", 1]], "average_length": 1.0}]}, {"column_name": "ELA_#Level_2", "number_non_empty_cells": 192, "number_empty_cells": 0, "number_distinct_values": 131, "frequent_values": ["s", "12", "27", "35", "8"], "dataTypes": [{"type": "INTEGER (LONG)", "count": 183, "max_value": 2859, "min_value": 6, "mean": 265.17486338797823, "stddev": 403.35210454696727}, {"type": "TEXT", "count": 9, "shortest_values": [["s", 1], ["s", 1], ["s", 1], ["s", 1], ["s", 1]], "longest_values": [["s", 1], ["s", 1], ["s", 1], ["s", 1], ["s", 1]], "average_length": 1.0}]}, {"column_name": "ELA_%Level_2", "number_non_empty_cells": 192, "number_empty_cells": 0, "number_distinct_values": 175, "frequent_values": ["s", "0.5", "0.1111111111111111", "0.25477707006369427", "0.4523809523809524"], "dataTypes": [{"type": "REAL", "count": 183, "max_value": 0.5714285714285714, "min_value": 0.06060606060606061, "mean": 0.3451018465404099, "stddev": 0.10788772563495282}, {"type": "TEXT", "count": 9, "shortest_values": [["s", 1], ["s", 1], ["s", 1], ["s", 1], ["s", 1]], "longest_values": [["s", 1], ["s", 1], ["s", 1], ["s", 1], ["s", 1]], "average_length": 1.0}]}, {"column_name": "ELA_#Level_3", "number_non_empty_cells": 192, "number_empty_cells": 0, "number_distinct_values": 65, "frequent_values": ["s", "285", "99", "25", "8"], "dataTypes": [{"type": "INTEGER (LONG)", "count": 70, "max_value": 1941, "min_value": 8, "mean": 353.55714285714276, "stddev": 349.0847066959245}, {"type": "TEXT", "count": 122, "shortest_values": [["s", 1], ["s", 1], ["s", 1], ["s", 1], ["s", 1]], "longest_values": [["s", 1], ["s", 1], ["s", 1], ["s", 1], ["s", 1]], "average_length": 1.0}]}, {"column_name": "ELA_%Level_3", "number_non_empty_cells": 192, "number_empty_cells": 0, "number_distinct_values": 71, "frequent_values": ["s", "0.3273809523809524", "0.15926892950391644", "0.11938382541720154", "0.1785243741765481"], "dataTypes": [{"type": "REAL", "count": 70, "max_value": 0.39484583525080535, "min_value": 0.07787391841779975, "mean": 0.2126782401986708, "stddev": 0.08117198636757558}, {"type": "TEXT", "count": 122, "shortest_values": [["s", 1], ["s", 1], ["s", 1], ["s", 1], ["s", 1]], "longest_values": [["s", 1], ["s", 1], ["s", 1], ["s", 1], ["s", 1]], "average_length": 1.0}]}, {"column_name": "ELA_#Level_4", "number_non_empty_cells": 192, "number_empty_cells": 0, "number_distinct_values": 54, "frequent_values": ["s", "7", "22", "6", "8"], "dataTypes": [{"type": "INTEGER (LONG)", "count": 69, "max_value": 1006, "min_value": 6, "mean": 124.50724637681165, "stddev": 179.1456878736463}, {"type": "TEXT", "count": 123, "shortest_values": [["s", 1], ["s", 1], ["s", 1], ["s", 1], ["s", 1]], "longest_values": [["s", 1], ["s", 1], ["s", 1], ["s", 1], ["s", 1]], "average_length": 1.0}]}, {"column_name": "ELA_%Level_4", "number_non_empty_cells": 192, "number_empty_cells": 0, "number_distinct_values": 70, "frequent_values": ["s", "0.01996476805637111", "0.04026115342763874", "0.0536", "0.08933002481389578"], "dataTypes": [{"type": "REAL", "count": 69, "max_value": 0.26836813611755606, "min_value": 0.006607929515418502, "mean": 0.06605424400985466, "stddev": 0.05463340558700572}, {"type": "TEXT", "count": 123, "shortest_values": [["s", 1], ["s", 1], ["s", 1], ["s", 1], ["s", 1]], "longest_values": [["s", 1], ["s", 1], ["s", 1], ["s", 1], ["s", 1]], "average_length": 1.0}]}, {"column_name": "ELA_#L3+L4", "number_non_empty_cells": 192, "number_empty_cells": 0, "number_distinct_values": 90, "frequent_values": ["s", "7", "14", "16", "8"], "dataTypes": [{"type": "INTEGER (LONG)", "count": 133, "max_value": 2947, "min_value": 7, "mean": 259.8421052631578, "stddev": 439.1808992742025}, {"type": "TEXT", "count": 59, "shortest_values": [["s", 1], ["s", 1], ["s", 1], ["s", 1], ["s", 1]], "longest_values": [["s", 1], ["s", 1], ["s", 1], ["s", 1], ["s", 1]], "average_length": 1.0}]}, {"column_name": "ELA_%L3+L4", "number_non_empty_cells": 192, "number_empty_cells": 0, "number_distinct_values": 131, "frequent_values": ["s", "0.2222222222222222", "0.3333333333333333", "0.3156089193825043", "0.09104258443465492"], "dataTypes": [{"type": "REAL", "count": 133, "max_value": 0.6295436968290796, "min_value": 0.01818181818181818, "mean": 0.21207549679170715, "stddev": 0.131947374681221}, {"type": "TEXT", "count": 59, "shortest_values": [["s", 1], ["s", 1], ["s", 1], ["s", 1], ["s", 1]], "longest_values": [["s", 1], ["s", 1], ["s", 1], ["s", 1], ["s", 1]], "average_length": 1.0}]}, {"column_name": "MATH_#Test_Takers", "number_non_empty_cells": 192, "number_empty_cells": 0, "number_distinct_values": 172, "frequent_values": ["65", "68", "43", "99", "129"], "dataTypes": [{"type": "INTEGER (LONG)", "count": 191, "max_value": 6216, "min_value": 7, "mean": 604.7068062827228, "stddev": 853.4299738819624}, {"type": "TEXT", "count": 1, "shortest_values": [["s", 1]], "longest_values": [["s", 1]], "average_length": 1.0}]}, {"column_name": "MATH_#Level_1", "number_non_empty_cells": 192, "number_empty_cells": 0, "number_distinct_values": 157, "frequent_values": ["s", "79", "31", "24", "16"], "dataTypes": [{"type": "INTEGER (LONG)", "count": 187, "max_value": 2270, "min_value": 7, "mean": 285.0534759358289, "stddev": 334.9003480583875}, {"type": "TEXT", "count": 5, "shortest_values": [["s", 1], ["s", 1], ["s", 1], ["s", 1], ["s", 1]], "longest_values": [["s", 1], ["s", 1], ["s", 1], ["s", 1], ["s", 1]], "average_length": 1.0}]}, {"column_name": "MATH_%Level_1", "number_non_empty_cells": 192, "number_empty_cells": 0, "number_distinct_values": 179, "frequent_values": ["s", "0.6", "0.5", "0.7906976744186046", "0.6607142857142857"], "dataTypes": [{"type": "REAL", "count": 187, "max_value": 0.8928571428571429, "min_value": 0.2006253256904638, "mean": 0.5717566343826938, "stddev": 0.17212849154493426}, {"type": "TEXT", "count": 5, "shortest_values": [["s", 1], ["s", 1], ["s", 1], ["s", 1], ["s", 1]], "longest_values": [["s", 1], ["s", 1], ["s", 1], ["s", 1], ["s", 1]], "average_length": 1.0}]}, {"column_name": "MATH_#Level_2", "number_non_empty_cells": 192, "number_empty_cells": 0, "number_distinct_values": 130, "frequent_values": ["s", "18", "11", "9", "22"], "dataTypes": [{"type": "INTEGER (LONG)", "count": 184, "max_value": 2358, "min_value": 6, "mean": 217.00543478260875, "stddev": 332.83940665527734}, {"type": "TEXT", "count": 8, "shortest_values": [["s", 1], ["s", 1], ["s", 1], ["s", 1], ["s", 1]], "longest_values": [["s", 1], ["s", 1], ["s", 1], ["s", 1], ["s", 1]], "average_length": 1.0}]}, {"column_name": "MATH_%Level_2", "number_non_empty_cells": 192, "number_empty_cells": 0, "number_distinct_values": 175, "frequent_values": ["s", "0.3333333333333333", "0.3230769230769231", "0.3076923076923077", "0.23255813953488372"], "dataTypes": [{"type": "REAL", "count": 184, "max_value": 0.6428571428571429, "min_value": 0.10714285714285714, "mean": 0.30952434177881155, "stddev": 0.09245561580871005}, {"type": "TEXT", "count": 8, "shortest_values": [["s", 1], ["s", 1], ["s", 1], ["s", 1], ["s", 1]], "longest_values": [["s", 1], ["s", 1], ["s", 1], ["s", 1], ["s", 1]], "average_length": 1.0}]}, {"column_name": "MATH_#Level_3", "number_non_empty_cells": 192, "number_empty_cells": 0, "number_distinct_values": 70, "frequent_values": ["s", "14", "74", "9", "48"], "dataTypes": [{"type": "INTEGER (LONG)", "count": 74, "max_value": 995, "min_value": 9, "mean": 184.01351351351352, "stddev": 188.37286868130133}, {"type": "TEXT", "count": 118, "shortest_values": [["s", 1], ["s", 1], ["s", 1], ["s", 1], ["s", 1]], "longest_values": [["s", 1], ["s", 1], ["s", 1], ["s", 1], ["s", 1]], "average_length": 1.0}]}, {"column_name": "MATH_%Level_3", "number_non_empty_cells": 192, "number_empty_cells": 0, "number_distinct_values": 73, "frequent_values": ["s", "0.1414141414141414", "0.06620689655172414", "0.15950559152442614", "0.08571428571428572"], "dataTypes": [{"type": "REAL", "count": 74, "max_value": 0.2542991141219385, "min_value": 0.0406885758998435, "mean": 0.1316220456041137, "stddev": 0.06097869890825382}, {"type": "TEXT", "count": 118, "shortest_values": [["s", 1], ["s", 1], ["s", 1], ["s", 1], ["s", 1]], "longest_values": [["s", 1], ["s", 1], ["s", 1], ["s", 1], ["s", 1]], "average_length": 1.0}]}, {"column_name": "MATH_#Level_4", "number_non_empty_cells": 192, "number_empty_cells": 0, "number_distinct_values": 57, "frequent_values": ["s", "15", "7", "13", "6"], "dataTypes": [{"type": "INTEGER (LONG)", "count": 74, "max_value": 622, "min_value": 6, "mean": 103.43243243243245, "stddev": 134.1792952450625}, {"type": "TEXT", "count": 118, "shortest_values": [["s", 1], ["s", 1], ["s", 1], ["s", 1], ["s", 1]], "longest_values": [["s", 1], ["s", 1], ["s", 1], ["s", 1], ["s", 1]], "average_length": 1.0}]}, {"column_name": "MATH_%Level_4", "number_non_empty_cells": 192, "number_empty_cells": 0, "number_distinct_values": 75, "frequent_values": ["s", "0.0960735171261487", "0.05263157894736842", "0.130374479889043", "0.008"], "dataTypes": [{"type": "REAL", "count": 74, "max_value": 0.3395196506550218, "min_value": 0.0071633237822349575, "mean": 0.07309596100195902, "stddev": 0.06507054495326722}, {"type": "TEXT", "count": 118, "shortest_values": [["s", 1], ["s", 1], ["s", 1], ["s", 1], ["s", 1]], "longest_values": [["s", 1], ["s", 1], ["s", 1], ["s", 1], ["s", 1]], "average_length": 1.0}]}, {"column_name": "MATH_#L3+L4", "number_non_empty_cells": 192, "number_empty_cells": 0, "number_distinct_values": 87, "frequent_values": ["s", "8", "6", "7", "11"], "dataTypes": [{"type": "INTEGER (LONG)", "count": 135, "max_value": 1588, "min_value": 6, "mean": 163.56296296296293, "stddev": 265.04212404285255}, {"type": "TEXT", "count": 57, "shortest_values": [["s", 1], ["s", 1], ["s", 1], ["s", 1], ["s", 1]], "longest_values": [["s", 1], ["s", 1], ["s", 1], ["s", 1], ["s", 1]], "average_length": 1.0}]}, {"column_name": "MATH_%L3_+_L4", "number_non_empty_cells": 192, "number_empty_cells": 0, "number_distinct_values": 135, "frequent_values": ["s", "0.12307692307692308", "0.05263157894736842", "0.06933333333333333", "0.21199143468950749"], "dataTypes": [{"type": "REAL", "count": 135, "max_value": 0.49290393013100436, "min_value": 0.012987012987012988, "mean": 0.1537827388680225, "stddev": 0.11351287363822336}, {"type": "TEXT", "count": 57, "shortest_values": [["s", 1], ["s", 1], ["s", 1], ["s", 1], ["s", 1]], "longest_values": [["s", 1], ["s", 1], ["s", 1], ["s", 1], ["s", 1]], "average_length": 1.0}]}]}