{"dataset_name": "/user/hm74/NYCOpenData/87hk-978a.tsv.gz", "columns": [{"column_name": "ADMINISTRATIVE DISTRICT", "number_non_empty_cells": 37, "number_empty_cells": 0, "number_distinct_values": 37, "frequent_values": ["07", "15", "11", "29", "30"], "dataTypes": [{"type": "INTEGER (LONG)", "count": 36, "max_value": 96, "min_value": 1, "mean": 24.055555555555557, "stddev": 23.23424728528084}, {"type": "TEXT", "count": 1, "shortest_values": [["Grand Total", 11]], "longest_values": [["Grand Total", 11]], "average_length": 11.0}]}, {"column_name": "JANUARY EMS TRANSPORTS for EMOTIONAL/PSYCHOLOGICAL CONDITIONS", "number_non_empty_cells": 37, "number_empty_cells": 0, "number_distinct_values": 8, "frequent_values": ["*", "0", "9", "6", "11"], "dataTypes": [{"type": "INTEGER (LONG)", "count": 13, "max_value": 126, "min_value": 0, "mean": 16.0, "stddev": 32.413197691918405}, {"type": "TEXT", "count": 24, "shortest_values": [["*", 1], ["*", 1], ["*", 1], ["*", 1], ["*", 1]], "longest_values": [["*", 1], ["*", 1], ["*", 1], ["*", 1], ["*", 1]], "average_length": 1.0}]}, {"column_name": "JANUARY EMS TRANSPORTS", "number_non_empty_cells": 37, "number_empty_cells": 0, "number_distinct_values": 26, "frequent_values": [30, 11, 18, 16, 24], "dataTypes": [{"type": "INTEGER (LONG)", "count": 37, "max_value": 977, "min_value": 7, "mean": 52.81081081081081, "stddev": 155.1596976505763}]}, {"column_name": "FEBRUARY EMS TRANSPORTS for EMOTIONAL/PSYCHOLOGICAL CONDITIONS", "number_non_empty_cells": 37, "number_empty_cells": 0, "number_distinct_values": 7, "frequent_values": ["*", "0", "6", "8", "118"], "dataTypes": [{"type": "INTEGER (LONG)", "count": 12, "max_value": 118, "min_value": 0, "mean": 15.75, "stddev": 31.68628778088928}, {"type": "TEXT", "count": 25, "shortest_values": [["*", 1], ["*", 1], ["*", 1], ["*", 1], ["*", 1]], "longest_values": [["*", 1], ["*", 1], ["*", 1], ["*", 1], ["*", 1]], "average_length": 1.0}]}, {"column_name": "FEBRUARY EMS TRANSPORTS", "number_non_empty_cells": 37, "number_empty_cells": 0, "number_distinct_values": 23, "frequent_values": [9, 17, 20, 10, 22], "dataTypes": [{"type": "INTEGER (LONG)", "count": 37, "max_value": 821, "min_value": 6, "mean": 44.37837837837838, "stddev": 130.66345285076412}]}, {"column_name": "MARCH EMS TRANSPORTS for EMOTIONAL/PSYCHOLOGICAL CONDITIONS", "number_non_empty_cells": 37, "number_empty_cells": 0, "number_distinct_values": 11, "frequent_values": ["*", "6", "11", "16", "34"], "dataTypes": [{"type": "INTEGER (LONG)", "count": 11, "max_value": 212, "min_value": 6, "mean": 31.36363636363636, "stddev": 57.583572037474724}, {"type": "TEXT", "count": 26, "shortest_values": [["*", 1], ["*", 1], ["*", 1], ["*", 1], ["*", 1]], "longest_values": [["*", 1], ["*", 1], ["*", 1], ["*", 1], ["*", 1]], "average_length": 1.0}]}, {"column_name": "MARCH EMS TRANSPORTS", "number_non_empty_cells": 37, "number_empty_cells": 0, "number_distinct_values": 26, "frequent_values": [41, 27, 20, 61, 17], "dataTypes": [{"type": "INTEGER (LONG)", "count": 37, "max_value": 1434, "min_value": 11, "mean": 77.51351351351352, "stddev": 227.4379774821451}]}, {"column_name": "APRIL EMS TRANSPORTS for EMOTIONAL/PSYCHOLOGICAL CONDITIONS", "number_non_empty_cells": 37, "number_empty_cells": 0, "number_distinct_values": 10, "frequent_values": ["*", "0", "7", "8", "6"], "dataTypes": [{"type": "INTEGER (LONG)", "count": 19, "max_value": 164, "min_value": 0, "mean": 15.105263157894735, "stddev": 35.73277242155649}, {"type": "TEXT", "count": 18, "shortest_values": [["*", 1], ["*", 1], ["*", 1], ["*", 1], ["*", 1]], "longest_values": [["*", 1], ["*", 1], ["*", 1], ["*", 1], ["*", 1]], "average_length": 1.0}]}, {"column_name": "APRIL EMS TRANSPORTS", "number_non_empty_cells": 36, "number_empty_cells": 1, "number_distinct_values": 30, "frequent_values": [20, 25, 16, 7, 11], "dataTypes": [{"type": "INTEGER (LONG)", "count": 36, "max_value": 1031, "min_value": 7, "mean": 57.138888888888886, "stddev": 165.79256664374608}]}, {"column_name": "MAY EMS TRANSPORTS for EMOTIONAL/PSYCHOLOGICAL CONDITIONS", "number_non_empty_cells": 37, "number_empty_cells": 0, "number_distinct_values": 8, "frequent_values": ["*", "11", "0", "13", "7"], "dataTypes": [{"type": "INTEGER (LONG)", "count": 14, "max_value": 191, "min_value": 0, "mean": 23.07142857142857, "stddev": 47.437875593415086}, {"type": "TEXT", "count": 23, "shortest_values": [["*", 1], ["*", 1], ["*", 1], ["*", 1], ["*", 1]], "longest_values": [["*", 1], ["*", 1], ["*", 1], ["*", 1], ["*", 1]], "average_length": 1.0}]}, {"column_name": "MAY EMS TRANSPORTS", "number_non_empty_cells": 37, "number_empty_cells": 0, "number_distinct_values": 29, "frequent_values": [8, 29, 38, 28, 57], "dataTypes": [{"type": "INTEGER (LONG)", "count": 37, "max_value": 1355, "min_value": 8, "mean": 73.24324324324326, "stddev": 215.42496096250682}]}, {"column_name": "JUNE EMS TRANSPORTS for EMOTIONAL/PSYCHOLOGICAL CONDITIONS", "number_non_empty_cells": 37, "number_empty_cells": 0, "number_distinct_values": 6, "frequent_values": ["*", "0", "6", "95", "24"], "dataTypes": [{"type": "INTEGER (LONG)", "count": 12, "max_value": 95, "min_value": 0, "mean": 11.75, "stddev": 26.006810005586356}, {"type": "TEXT", "count": 25, "shortest_values": [["*", 1], ["*", 1], ["*", 1], ["*", 1], ["*", 1]], "longest_values": [["*", 1], ["*", 1], ["*", 1], ["*", 1], ["*", 1]], "average_length": 1.0}]}, {"column_name": "JUNE EMS TRANSPORTS", "number_non_empty_cells": 36, "number_empty_cells": 1, "number_distinct_values": 25, "frequent_values": [15, 17, 13, 22, 6], "dataTypes": [{"type": "INTEGER (LONG)", "count": 36, "max_value": 724, "min_value": 6, "mean": 40.083333333333336, "stddev": 116.27419103137204}]}, {"column_name": "TOTAL EMS TRANSPORTS for EMOTIONAL/PSYCHOLOGICAL CONDITIONS", "number_non_empty_cells": 37, "number_empty_cells": 0, "number_distinct_values": 25, "frequent_values": ["*", "9", "15", "19", "10"], "dataTypes": [{"type": "INTEGER (LONG)", "count": 33, "max_value": 906, "min_value": 6, "mean": 54.45454545454546, "stddev": 153.58900112709122}, {"type": "TEXT", "count": 4, "shortest_values": [["*", 1], ["*", 1], ["*", 1], ["*", 1]], "longest_values": [["*", 1], ["*", 1], ["*", 1], ["*", 1]], "average_length": 1.0}]}, {"column_name": "TOTAL EMS TRANSPORTS", "number_non_empty_cells": 37, "number_empty_cells": 0, "number_distinct_values": 34, "frequent_values": [279, 120, 166, 6342, 183], "dataTypes": [{"type": "INTEGER (LONG)", "count": 37, "max_value": 6342, "min_value": 48, "mean": 342.81081081081084, "stddev": 1006.7574075818684}]}]}