{"dataset_name": "/user/hm74/NYCOpenData/87y3-sqsx.tsv.gz", "columns": [{"column_name": "District", "number_non_empty_cells": 2688, "number_empty_cells": 0, "number_distinct_values": 32, "frequent_values": [31, 28, 26, 27, 12], "dataTypes": [{"type": "INTEGER (LONG)", "count": 2688, "max_value": 32, "min_value": 1, "mean": 16.49999999999998, "stddev": 9.233092656309696}]}, {"column_name": "Grade", "number_non_empty_cells": 2688, "number_empty_cells": 0, "number_distinct_values": 7, "frequent_values": ["7", "3", "8", "5", "6"], "dataTypes": [{"type": "INTEGER (LONG)", "count": 2304, "max_value": 8, "min_value": 3, "mean": 5.49999999999999, "stddev": 1.7078251276599314}, {"type": "TEXT", "count": 384, "shortest_values": [["All Grades", 10], ["All Grades", 10], ["All Grades", 10], ["All Grades", 10], ["All Grades", 10]], "longest_values": [["All Grades", 10], ["All Grades", 10], ["All Grades", 10], ["All Grades", 10], ["All Grades", 10]], "average_length": 10.0}]}, {"column_name": "Year", "number_non_empty_cells": 2688, "number_empty_cells": 0, "number_distinct_values": 6, "frequent_values": [2007, 2006, 2009, 2010, 2011], "dataTypes": [{"type": "INTEGER (LONG)", "count": 2688, "max_value": 2011, "min_value": 2006, "mean": 2008.5000000000002, "stddev": 1.7078251276605259}]}, {"column_name": "Category", "number_non_empty_cells": 2688, "number_empty_cells": 0, "number_distinct_values": 2, "frequent_values": ["ELL", "EP"], "dataTypes": [{"type": "TEXT", "count": 2688, "shortest_values": [["EP", 2], ["EP", 2], ["EP", 2], ["EP", 2], ["EP", 2]], "longest_values": [["ELL", 3], ["ELL", 3], ["ELL", 3], ["ELL", 3], ["ELL", 3]], "average_length": 2.4999999999999973}]}, {"column_name": "Number_Tested", "number_non_empty_cells": 2688, "number_empty_cells": 0, "number_distinct_values": 1687, "frequent_values": [28, 126, 78, 53, 103], "dataTypes": [{"type": "INTEGER (LONG)", "count": 2688, "max_value": 25023, "min_value": 7, "mean": 1830.4308035714291, "stddev": 3089.3742693568543}]}, {"column_name": "Mean_Scale_Score", "number_non_empty_cells": 2688, "number_empty_cells": 0, "number_distinct_values": 109, "frequent_values": [641, 657, 645, 646, 662], "dataTypes": [{"type": "INTEGER (LONG)", "count": 2688, "max_value": 695, "min_value": 583, "mean": 644.6320684523798, "stddev": 20.216067945127275}]}, {"column_name": "Level_1_#", "number_non_empty_cells": 2688, "number_empty_cells": 0, "number_distinct_values": 575, "frequent_values": [2, 16, 12, 19, 0], "dataTypes": [{"type": "INTEGER (LONG)", "count": 2688, "max_value": 2814, "min_value": 0, "mean": 172.24999999999957, "stddev": 287.0844356879797}]}, {"column_name": "Level_1_%", "number_non_empty_cells": 2688, "number_empty_cells": 0, "number_distinct_values": 559, "frequent_values": [0.0, 0.2, 2.2, 0.1, 1.7], "dataTypes": [{"type": "REAL", "count": 2688, "max_value": 72.2, "min_value": 0.0, "mean": 18.413653273809565, "stddev": 16.317737584232567}]}, {"column_name": "Level_2_#", "number_non_empty_cells": 2688, "number_empty_cells": 0, "number_distinct_values": 1184, "frequent_values": [65, 100, 43, 16, 19], "dataTypes": [{"type": "INTEGER (LONG)", "count": 2688, "max_value": 9560, "min_value": 0, "mean": 692.3474702380945, "stddev": 1144.432972879251}]}, {"column_name": "Level_2_%", "number_non_empty_cells": 2688, "number_empty_cells": 0, "number_distinct_values": 636, "frequent_values": [50.0, 43.8, 48.4, 47.5, 48.3], "dataTypes": [{"type": "REAL", "count": 2688, "max_value": 85.7, "min_value": 0.0, "mean": 44.52950148809532, "stddev": 14.41931691678647}]}, {"column_name": "Level_3_#", "number_non_empty_cells": 2688, "number_empty_cells": 0, "number_distinct_values": 1261, "frequent_values": [3, 7, 10, 5, 4], "dataTypes": [{"type": "INTEGER (LONG)", "count": 2688, "max_value": 17195, "min_value": 0, "mean": 872.0059523809529, "stddev": 1695.3540611983422}]}, {"column_name": "Level_3_%", "number_non_empty_cells": 2688, "number_empty_cells": 0, "number_distinct_values": 749, "frequent_values": [0.0, 15.2, 2.8, 3.7, 32.3], "dataTypes": [{"type": "REAL", "count": 2688, "max_value": 81.4, "min_value": 0.0, "mean": 34.115959821428625, "stddev": 21.01232105001967}]}, {"column_name": "Level_4_#", "number_non_empty_cells": 2688, "number_empty_cells": 0, "number_distinct_values": 443, "frequent_values": [0, 1, 2, 4, 3], "dataTypes": [{"type": "INTEGER (LONG)", "count": 2688, "max_value": 2292, "min_value": 0, "mean": 93.82738095238088, "stddev": 230.84270430584493}]}, {"column_name": "Level_4_%", "number_non_empty_cells": 2688, "number_empty_cells": 0, "number_distinct_values": 196, "frequent_values": [0.0, 0.4, 0.1, 0.2, 0.3], "dataTypes": [{"type": "REAL", "count": 2688, "max_value": 32.5, "min_value": 0.0, "mean": 2.9395461309523836, "stddev": 4.387437518475534}]}, {"column_name": "Level_3+4_#", "number_non_empty_cells": 2688, "number_empty_cells": 0, "number_distinct_values": 1293, "frequent_values": [7, 3, 4, 5, 11], "dataTypes": [{"type": "INTEGER (LONG)", "count": 2688, "max_value": 19092, "min_value": 0, "mean": 965.8333333333335, "stddev": 1893.7251924877326}]}, {"column_name": "Level_3+4_%", "number_non_empty_cells": 2688, "number_empty_cells": 0, "number_distinct_values": 816, "frequent_values": [0.0, 3.7, 33.3, 15.2, 2.8], "dataTypes": [{"type": "REAL", "count": 2688, "max_value": 95.7, "min_value": 0.0, "mean": 37.054538690476136, "stddev": 23.953401443423683}]}]}