{"dataset_name": "/user/hm74/NYCOpenData/89bd-raqa.tsv.gz", "columns": [{"column_name": "ADMIN DISTRICT", "number_non_empty_cells": 36, "number_empty_cells": 0, "number_distinct_values": 36, "frequent_values": ["07", "15", "11", "29", "30"], "dataTypes": [{"type": "INTEGER (LONG)", "count": 35, "max_value": 88, "min_value": 1, "mean": 22.0, "stddev": 20.07841769519842}, {"type": "TEXT", "count": 1, "shortest_values": [["Grand Total", 11]], "longest_values": [["Grand Total", 11]], "average_length": 11.0}]}, {"column_name": "January Transports", "number_non_empty_cells": 36, "number_empty_cells": 0, "number_distinct_values": 25, "frequent_values": ["18", "11", "12", "20", "23"], "dataTypes": [{"type": "INTEGER (LONG)", "count": 34, "max_value": 106, "min_value": 9, "mean": 25.26470588235294, "stddev": 18.272945001590244}, {"type": "TEXT", "count": 2, "shortest_values": [["R", 1], ["R", 1]], "longest_values": [["R", 1], ["R", 1]], "average_length": 1.0}]}, {"column_name": "January Emotional/Psych Transports", "number_non_empty_cells": 36, "number_empty_cells": 0, "number_distinct_values": 9, "frequent_values": ["R", "6", "0", "8", "130"], "dataTypes": [{"type": "INTEGER (LONG)", "count": 11, "max_value": 130, "min_value": 0, "mean": 19.272727272727273, "stddev": 35.53766480559339}, {"type": "TEXT", "count": 25, "shortest_values": [["R", 1], ["R", 1], ["R", 1], ["R", 1], ["R", 1]], "longest_values": [["R", 1], ["R", 1], ["R", 1], ["R", 1], ["R", 1]], "average_length": 1.0}]}, {"column_name": "February Transports", "number_non_empty_cells": 36, "number_empty_cells": 0, "number_distinct_values": 22, "frequent_values": ["12", "17", "6", "7", "16"], "dataTypes": [{"type": "INTEGER (LONG)", "count": 34, "max_value": 86, "min_value": 6, "mean": 20.647058823529406, "stddev": 16.404594680869096}, {"type": "TEXT", "count": 2, "shortest_values": [["R", 1], ["R", 1]], "longest_values": [["R", 1], ["R", 1]], "average_length": 1.0}]}, {"column_name": "February Emotional/Psych Transports", "number_non_empty_cells": 36, "number_empty_cells": 0, "number_distinct_values": 7, "frequent_values": ["R", "7", "0", "6", "122"], "dataTypes": [{"type": "INTEGER (LONG)", "count": 10, "max_value": 122, "min_value": 0, "mean": 18.3, "stddev": 35.20525528951608}, {"type": "TEXT", "count": 26, "shortest_values": [["R", 1], ["R", 1], ["R", 1], ["R", 1], ["R", 1]], "longest_values": [["R", 1], ["R", 1], ["R", 1], ["R", 1], ["R", 1]], "average_length": 1.0}]}, {"column_name": "March Transports", "number_non_empty_cells": 36, "number_empty_cells": 0, "number_distinct_values": 25, "frequent_values": ["41", "18", "15", "23", "17"], "dataTypes": [{"type": "INTEGER (LONG)", "count": 34, "max_value": 1019, "min_value": 7, "mean": 59.647058823529406, "stddev": 168.22007335506893}, {"type": "TEXT", "count": 2, "shortest_values": [["R", 1], ["R", 1]], "longest_values": [["R", 1], ["R", 1]], "average_length": 1.0}]}, {"column_name": "March Emotional/Psych Transports", "number_non_empty_cells": 36, "number_empty_cells": 0, "number_distinct_values": 10, "frequent_values": ["R", "8", "0", "15", "184"], "dataTypes": [{"type": "INTEGER (LONG)", "count": 15, "max_value": 184, "min_value": 0, "mean": 20.6, "stddev": 44.698694984678625}, {"type": "TEXT", "count": 21, "shortest_values": [["R", 1], ["R", 1], ["R", 1], ["R", 1], ["R", 1]], "longest_values": [["R", 1], ["R", 1], ["R", 1], ["R", 1], ["R", 1]], "average_length": 1.0}]}, {"column_name": "April Transports", "number_non_empty_cells": 36, "number_empty_cells": 0, "number_distinct_values": 25, "frequent_values": ["R", "17", "6", "15", "18"], "dataTypes": [{"type": "INTEGER (LONG)", "count": 32, "max_value": 625, "min_value": 6, "mean": 38.5, "stddev": 106.01680291350046}, {"type": "TEXT", "count": 4, "shortest_values": [["R", 1], ["R", 1], ["R", 1], ["R", 1]], "longest_values": [["R", 1], ["R", 1], ["R", 1], ["R", 1]], "average_length": 1.0}]}, {"column_name": "April Emotional/Psych Transports", "number_non_empty_cells": 36, "number_empty_cells": 0, "number_distinct_values": 5, "frequent_values": ["R", "0", "7", "97", "23"], "dataTypes": [{"type": "INTEGER (LONG)", "count": 12, "max_value": 97, "min_value": 0, "mean": 10.583333333333332, "stddev": 26.837344420705183}, {"type": "TEXT", "count": 24, "shortest_values": [["R", 1], ["R", 1], ["R", 1], ["R", 1], ["R", 1]], "longest_values": [["R", 1], ["R", 1], ["R", 1], ["R", 1], ["R", 1]], "average_length": 1.0}]}, {"column_name": "May Transports", "number_non_empty_cells": 36, "number_empty_cells": 0, "number_distinct_values": 29, "frequent_values": [28, 35, 19, 15, 11], "dataTypes": [{"type": "INTEGER (LONG)", "count": 36, "max_value": 1306, "min_value": 6, "mean": 72.55555555555556, "stddev": 210.20326729203546}]}, {"column_name": "May Emotional/Psych Transports", "number_non_empty_cells": 36, "number_empty_cells": 0, "number_distinct_values": 11, "frequent_values": ["R", "6", "0", "8", "13"], "dataTypes": [{"type": "INTEGER (LONG)", "count": 17, "max_value": 219, "min_value": 0, "mean": 22.294117647058826, "stddev": 50.30701588994188}, {"type": "TEXT", "count": 19, "shortest_values": [["R", 1], ["R", 1], ["R", 1], ["R", 1], ["R", 1]], "longest_values": [["R", 1], ["R", 1], ["R", 1], ["R", 1], ["R", 1]], "average_length": 1.0}]}, {"column_name": "June Transports", "number_non_empty_cells": 36, "number_empty_cells": 0, "number_distinct_values": 23, "frequent_values": ["15", "8", "14", "0", "11"], "dataTypes": [{"type": "INTEGER (LONG)", "count": 34, "max_value": 597, "min_value": 0, "mean": 34.882352941176464, "stddev": 98.78519914913497}, {"type": "TEXT", "count": 2, "shortest_values": [["R", 1], ["R", 1]], "longest_values": [["R", 1], ["R", 1]], "average_length": 1.0}]}, {"column_name": "June Emotional/Psych Transports", "number_non_empty_cells": 36, "number_empty_cells": 0, "number_distinct_values": 5, "frequent_values": ["R", "0", "19", "84", "9"], "dataTypes": [{"type": "INTEGER (LONG)", "count": 10, "max_value": 84, "min_value": 0, "mean": 11.2, "stddev": 24.9871967215212}, {"type": "TEXT", "count": 26, "shortest_values": [["R", 1], ["R", 1], ["R", 1], ["R", 1], ["R", 1]], "longest_values": [["R", 1], ["R", 1], ["R", 1], ["R", 1], ["R", 1]], "average_length": 1.0}]}]}