{"dataset_name": "/user/hm74/NYCOpenData/89di-hi4s.tsv.gz", "columns": [{"column_name": "Grade", "number_non_empty_cells": 49, "number_empty_cells": 0, "number_distinct_values": 7, "frequent_values": ["7", "3", "8", "5", "6"], "dataTypes": [{"type": "INTEGER (LONG)", "count": 42, "max_value": 8, "min_value": 3, "mean": 5.500000000000001, "stddev": 1.707825127659933}, {"type": "TEXT", "count": 7, "shortest_values": [["All Grades", 10], ["All Grades", 10], ["All Grades", 10], ["All Grades", 10], ["All Grades", 10]], "longest_values": [["All Grades", 10], ["All Grades", 10], ["All Grades", 10], ["All Grades", 10], ["All Grades", 10]], "average_length": 10.0}]}, {"column_name": "Year", "number_non_empty_cells": 49, "number_empty_cells": 0, "number_distinct_values": 7, "frequent_values": [2007, 2006, 2012, 2009, 2010], "dataTypes": [{"type": "INTEGER (LONG)", "count": 49, "max_value": 2012, "min_value": 2006, "mean": 2008.9999999999998, "stddev": 2.000000000000016}]}, {"column_name": "Demographic", "number_non_empty_cells": 49, "number_empty_cells": 0, "number_distinct_values": 1, "frequent_values": ["All Students"], "dataTypes": [{"type": "TEXT", "count": 49, "shortest_values": [["All Students", 12], ["All Students", 12], ["All Students", 12], ["All Students", 12], ["All Students", 12]], "longest_values": [["All Students", 12], ["All Students", 12], ["All Students", 12], ["All Students", 12], ["All Students", 12]], "average_length": 12.0}]}, {"column_name": "Number Tested", "number_non_empty_cells": 49, "number_empty_cells": 0, "number_distinct_values": 49, "frequent_values": [67864, 71045, 67787, 70758, 68997], "dataTypes": [{"type": "INTEGER (LONG)", "count": 49, "max_value": 428143, "min_value": 61478, "mean": 118996.1224489796, "stddev": 121485.85538639713}]}, {"column_name": "Mean Scale Score", "number_non_empty_cells": 49, "number_empty_cells": 0, "number_distinct_values": 26, "frequent_values": [662, 661, 660, 669, 654], "dataTypes": [{"type": "INTEGER (LONG)", "count": 49, "max_value": 670, "min_value": 639, "mean": 657.3877551020408, "stddev": 7.336841133456253}]}, {"column_name": "Num Level 1", "number_non_empty_cells": 49, "number_empty_cells": 0, "number_distinct_values": 49, "frequent_values": [463, 24482, 7602, 7331, 7306], "dataTypes": [{"type": "INTEGER (LONG)", "count": 49, "max_value": 63399, "min_value": 146, "mean": 11921.795918367347, "stddev": 14068.501520047372}]}, {"column_name": "Pct Level 1", "number_non_empty_cells": 49, "number_empty_cells": 0, "number_distinct_values": 39, "frequent_values": [8.9, 2.7, 2.8, 11.4, 10.7], "dataTypes": [{"type": "REAL", "count": 49, "max_value": 18.1, "min_value": 0.2, "mean": 10.018367346938778, "stddev": 4.686092034833905}]}, {"column_name": "Num Level 2", "number_non_empty_cells": 49, "number_empty_cells": 0, "number_distinct_values": 49, "frequent_values": [25520, 19317, 23740, 178686, 175575], "dataTypes": [{"type": "INTEGER (LONG)", "count": 49, "max_value": 178686, "min_value": 16353, "mean": 45696.77551020408, "stddev": 47542.53318796965}]}, {"column_name": "Pct Level 2", "number_non_empty_cells": 49, "number_empty_cells": 0, "number_distinct_values": 46, "frequent_values": [42.6, 46.4, 44.4, 25.2, 26.6], "dataTypes": [{"type": "REAL", "count": 49, "max_value": 53.4, "min_value": 24.1, "mean": 38.33673469387754, "stddev": 7.731137516365858}]}, {"column_name": "Num Level 3", "number_non_empty_cells": 49, "number_empty_cells": 0, "number_distinct_values": 49, "frequent_values": [36869, 31807, 198060, 30705, 34718], "dataTypes": [{"type": "INTEGER (LONG)", "count": 49, "max_value": 260830, "min_value": 21159, "mean": 55665.63265306123, "stddev": 58643.30342920278}]}, {"column_name": "Pct Level 3", "number_non_empty_cells": 49, "number_empty_cells": 0, "number_distinct_values": 46, "frequent_values": [43.6, 64.9, 41.2, 54.2, 44.1], "dataTypes": [{"type": "REAL", "count": 49, "max_value": 66.7, "min_value": 30.9, "mean": 46.83469387755103, "stddev": 9.762768740358322}]}, {"column_name": "Num Level 4", "number_non_empty_cells": 49, "number_empty_cells": 0, "number_distinct_values": 49, "frequent_values": [3179, 1990, 1139, 9018, 3026], "dataTypes": [{"type": "INTEGER (LONG)", "count": 49, "max_value": 30235, "min_value": 689, "mean": 5712.408163265307, "stddev": 6502.558802214701}]}, {"column_name": "Pct Level 4", "number_non_empty_cells": 49, "number_empty_cells": 0, "number_distinct_values": 40, "frequent_values": [4.4, 2.7, 7.3, 2.3, 5.7], "dataTypes": [{"type": "REAL", "count": 49, "max_value": 13.0, "min_value": 1.0, "mean": 4.818367346938775, "stddev": 2.498871048717291}]}, {"column_name": "Num Level 3 and 4", "number_non_empty_cells": 49, "number_empty_cells": 0, "number_distinct_values": 49, "frequent_values": [30721, 27039, 37989, 37794, 29350], "dataTypes": [{"type": "INTEGER (LONG)", "count": 49, "max_value": 286032, "min_value": 24522, "mean": 61378.040816326524, "stddev": 64387.34955860513}]}, {"column_name": "Pct Level 3 and 4", "number_non_empty_cells": 49, "number_empty_cells": 0, "number_distinct_values": 48, "frequent_values": [49.0, 59.5, 45.3, 58.9, 43.3], "dataTypes": [{"type": "REAL", "count": 49, "max_value": 74.7, "min_value": 35.0, "mean": 51.646938775510186, "stddev": 10.333403375596161}]}]}