{"dataset_name": "/user/hm74/NYCOpenData/8a4n-zmpj.tsv.gz", "columns": [{"column_name": "Accession", "number_non_empty_cells": 2273, "number_empty_cells": 0, "number_distinct_values": 1772, "frequent_values": [71124, 11042, 11032, 60001, 10054], "dataTypes": [{"type": "INTEGER (LONG)", "count": 2273, "max_value": 72001, "min_value": 10001, "mean": 32158.00791904976, "stddev": 20695.987783381996}]}, {"column_name": "Artwork_Title", "number_non_empty_cells": 2155, "number_empty_cells": 118, "number_distinct_values": 1551, "frequent_values": ["UNTITLED", "\"\"\"UNTITLED\"\"\"", "\"BOOK ABOUT CERAMIC TITLES PROJECT \"\"PORTRAITS AND PATTERNS\"\"\"", "\"\"\"ABSTRACT\"\"\"", "CELEBRATION (RICHARD ROTHENBERG MEMORIAL)"], "dataTypes": [{"type": "DATE/TIME", "count": 1, "max_value": "2019-07-04T00:00:00", "min_value": "2019-07-04T00:00:00"}, {"type": "TEXT", "count": 2262, "shortest_values": [["BUS", 3], ["BUS", 3], ["BUS", 3], ["ROCK", 4], ["ROCK", 4]], "longest_values": [["\"\"\"LINCOLN AT GETTYSBURG\"\", \"\"PIONEERS PLANTING...\"\",\"\"WASHINGTON PRAYING AT VALLY...\"\"\"", 88], ["CANTORIA FRIEZE AFTER LUCA DELLA ROBBIA - 4 CASTS AND 1 CAST OF BACCHANTES DANCI", 80], ["A STORY IS TOLD...A VIEW OF FOUR CULTURES: NATIVE AMERICAN, MAYAN, AFRICAN, ...", 79], ["INSPIRATIONAL AMERICAN PORTRAIT INSTALLATION FOR PS 169: ELIZABETH CADY STANTON", 79], ["\"\"\"CHARLES E. SPRINGMEYER PRINCIPAL OF FRANKLIN K. LANE HIGH SCHOOL 1923-1948\"", 78]], "average_length": 21.25154730327145}]}, {"column_name": "Artist_Lastname", "number_non_empty_cells": 2155, "number_empty_cells": 118, "number_distinct_values": 857, "frequent_values": ["ANONYMOUS", "CONANT", "LEWIS", "BROOKS", "STEWART"], "dataTypes": [{"type": "DATE/TIME", "count": 4, "max_value": "2019-12-08T00:00:00", "min_value": "2019-12-08T00:00:00"}, {"type": "TEXT", "count": 2269, "shortest_values": [["LUX", 3], ["LUX", 3], ["LUX", 3], ["ELL", 3], ["LUX", 3]], "longest_values": [["CHURCH GLASS (FABRICATOR)", 25], ["NOLAN SCENERY STUDIOS", 21], ["HELMICK AND SCHECHTER", 21], ["HELMICK AND SCHECHTER", 21], ["YANKOWITZ AND HOLDEN", 20]], "average_length": 6.740855002203612}]}, {"column_name": "Artist_FirstName", "number_non_empty_cells": 2024, "number_empty_cells": 249, "number_distinct_values": 547, "frequent_values": ["HOWARD", "JACK", "ROLAND", "GOLDA", "JOHN"], "dataTypes": [{"type": "DATE/TIME", "count": 2, "max_value": "2019-01-08T00:00:00", "min_value": "2019-01-08T00:00:00"}, {"type": "TEXT", "count": 2078, "shortest_values": [["N", 1], ["S", 1], ["S", 1], ["G", 1], ["Y", 1]], "longest_values": [["NOBUKAZU (NOBI)", 15], ["NOBUKAZU (NOBI)", 15], ["ELLEN AND ALLAN", 15], ["ELLEN AND ALLAN", 15], ["ELLEN AND ALLAN", 15]], "average_length": 5.560635226179019}]}, {"column_name": "Medium", "number_non_empty_cells": 2202, "number_empty_cells": 71, "number_distinct_values": 177, "frequent_values": ["OIL ON CANVAS", "ACRYLIC ON CANVAS", "WATERCOLOR", "BRONZE", "LITHOGRAPH"], "dataTypes": [{"type": "TEXT", "count": 2228, "shortest_values": [["MDF", 3], ["PVC", 3], ["INK", 3], ["INK", 3], ["INK", 3]], "longest_values": [["ACRYLIC ON ILLUSTRATION BOARD", 29], ["ACRYLIC ON ILLUSTRATION BOARD", 29], ["ACRYLIC ON ILLUSTRATION BOARD", 29], ["ACRYLIC ON ILLUSTRATION BOARD", 29], ["ACRYLIC ON ILLUSTRATION BOARD", 29]], "average_length": 11.25718132854577}]}, {"column_name": "Artwork_Year", "number_non_empty_cells": 1784, "number_empty_cells": 489, "number_distinct_values": 130, "frequent_values": ["01/01/1937 12:00:00 AM", "01/01/1976 12:00:00 AM", "01/01/1940 12:00:00 AM", "01/01/1994 12:00:00 AM", "01/01/1996 12:00:00 AM"], "dataTypes": [{"type": "DATE/TIME", "count": 1784, "max_value": "2013-01-01T00:00:00", "min_value": "1641-01-01T00:00:00"}]}, {"column_name": "Dimension", "number_non_empty_cells": 614, "number_empty_cells": 1659, "number_distinct_values": 383, "frequent_values": ["\"49 1/2\"\" X 97 1/2\"\"\"", "\"15\"\" X 18\"\"\"", "\"MATTE: 16\"\" X 20\"\"\"", "\"14\"\" X 12\"\"\"", "\"18\"\" X 15\"\"\""], "dataTypes": [{"type": "TEXT", "count": 614, "shortest_values": [["N/A", 3], ["N/A", 3], ["N/A", 3], ["N/A", 3], ["N/A", 3]], "longest_values": [["\"MAN: 59\"\" X 26\"\" FEMALE: 59\"\" X 25 3/4\"\"\"", 42], ["\"MAN: 59\"\" X 26\"\" FEMALE: 59\"\" X 25 3/4\"\"\"", 42], ["\"MAN: 59\"\" X 26\"\" FEMALE: 59\"\" X 25 3/4\"\"\"", 42], ["\"33 3/4\"\" X 37 1/2\"\"  (3 3/4\"\" X 2 1/2\"\")\"", 42], ["26 1/4X16,  25 1/4 X18 1/4, 21 1/4 X 15\"\"", 41]], "average_length": 17.307817589576555}]}, {"column_name": "BLDGID", "number_non_empty_cells": 2266, "number_empty_cells": 7, "number_distinct_values": 613, "frequent_values": ["Q801", "K490", "Q460", "M115", "K410"], "dataTypes": [{"type": "DATE/TIME", "count": 63, "max_value": "2019-12-08T00:00:57", "min_value": "2019-12-08T00:00:02"}, {"type": "TEXT", "count": 2203, "shortest_values": [["M470", 4], ["M470", 4], ["M070", 4], ["M501", 4], ["M490", 4]], "longest_values": [["M470", 4], ["M470", 4], ["M070", 4], ["M501", 4], ["M490", 4]], "average_length": 4.0}]}, {"column_name": "School_Name", "number_non_empty_cells": 2229, "number_empty_cells": 44, "number_distinct_values": 611, "frequent_values": ["OSSS / DSF - QUEENS", "FORT HAMILTON HS - K", "FLUSHING HS - Q", "P.S. 115 - MANHATTAN", "ABRAHAM LINCOLN HS - K"], "dataTypes": [{"type": "TEXT", "count": 2264, "shortest_values": [["MORRIS HS - X", 13], ["WALTON HS - X", 13], ["WALTON HS - X", 13], ["WALTON HS - X", 13], ["WALTON HS - X", 13]], "longest_values": [["THE LT. CURTIS MEYRAN AND JOHN BELLEW EDUCATION COMPLEX - BRONX", 63], ["QUEENS GATEWAY TO HEALTH SCIENCES SECONDARY SCHOOL - QUEENS", 59], ["PS 264 BAY RIDGE ELEMENTARY SCHOOL FOR THE ARTS - BROOKLYN", 58], ["HIGHBRIDGE ENVIRONMENTAL EDUCATION CAMPUS - BRONX", 49], ["HIGHBRIDGE ENVIRONMENTAL EDUCATION CAMPUS - BRONX", 49]], "average_length": 21.18639575971733}]}, {"column_name": "Borough", "number_non_empty_cells": 2264, "number_empty_cells": 9, "number_distinct_values": 10, "frequent_values": ["QUEENS", "BROOKLYN", "BRONX", "MANHATTAN", "STATEN ISLAND"], "dataTypes": [{"type": "INTEGER (LONG)", "count": 14, "max_value": 1376, "min_value": 399, "mean": 1047.357142857143, "stddev": 232.96462243465737}, {"type": "TEXT", "count": 2250, "shortest_values": [["BRONX", 5], ["BRONX", 5], ["BRONX", 5], ["BRONX", 5], ["BRONX", 5]], "longest_values": [["STATEN ISLAND", 13], ["STATEN ISLAND", 13], ["STATEN ISLAND", 13], ["STATEN ISLAND", 13], ["STATEN ISLAND", 13]], "average_length": 7.174666666666659}]}]}