{"dataset_name": "/user/hm74/NYCOpenData/8b9a-pywy.tsv.gz", "columns": [{"column_name": "Geo_Dist", "number_non_empty_cells": 11407, "number_empty_cells": 0, "number_distinct_values": 32, "frequent_values": [2, 31, 10, 9, 27], "dataTypes": [{"type": "INTEGER (LONG)", "count": 11407, "max_value": 32, "min_value": 1, "mean": 16.061716489874613, "stddev": 9.522226271272693}]}, {"column_name": "Org_ID", "number_non_empty_cells": 11407, "number_empty_cells": 0, "number_distinct_values": 1927, "frequent_values": ["KCBO", "MCBO", "QCBO", "MSBH", "XSBH"], "dataTypes": [{"type": "DATE/TIME", "count": 158, "max_value": "2019-12-09T00:00:59", "min_value": "2019-12-09T00:00:01"}, {"type": "TEXT", "count": 11249, "shortest_values": [["X524", 4], ["XUFT", 4], ["X080", 4], ["X127", 4], ["X071", 4]], "longest_values": [["X524", 4], ["XUFT", 4], ["X080", 4], ["X127", 4], ["X071", 4]], "average_length": 4.0}]}, {"column_name": "Organization_Name", "number_non_empty_cells": 11054, "number_empty_cells": 353, "number_distinct_values": 2357, "frequent_values": ["COMMUNITY BASED ORGANIZATION - K", "SCHOOL SAFETY - Q", "COMMUNITY BASED ORGANIZATION - M", "LYFE PROGRAM", "LYFE"], "dataTypes": [{"type": "INTEGER (LONG)", "count": 1, "max_value": 333, "min_value": 333, "mean": 333.0, "stddev": 0.0}, {"type": "TEXT", "count": 11406, "shortest_values": [["LYFE", 4], ["LYFE", 4], ["LYFE", 4], ["LYFE", 4], ["LYFE", 4]], "longest_values": [["CITY POLYTECHNIC HIGH SCHOOL OF ENGINEERING, ARCHITECTURE, AND TECHNOLOGY - K", 77], ["CITY POLYTECHNIC HIGH SCHOOL OF ENGINEERING, ARCHITECTURE, AND TECHNOLOGY - K", 77], ["CITY POLYTECHNIC HIGH SCHOOL OF ENGINEERING, ARCHITECTURE, AND TECHNOLOGY - K", 77], ["CITY POLYTECHNIC HIGH SCHOOL OF ENGINEERING, ARCHITECTURE, AND TECHNOLOGY - K", 77], ["EMBER CHARTER SCHOOL FOR MINDFUL EDUCATION, INNOVATION AND TRANSFORMATION", 73]], "average_length": 19.26705242854628}]}, {"column_name": "Bldg_ID", "number_non_empty_cells": 11407, "number_empty_cells": 0, "number_distinct_values": 1505, "frequent_values": ["K515", "M460", "X435", "X450", "M470"], "dataTypes": [{"type": "DATE/TIME", "count": 381, "max_value": "2019-12-09T00:00:58", "min_value": "2019-12-09T00:00:01"}, {"type": "TEXT", "count": 11026, "shortest_values": [["X660", 4], ["X044", 4], ["X080", 4], ["X127", 4], ["X071", 4]], "longest_values": [["X660", 4], ["X044", 4], ["X080", 4], ["X127", 4], ["X071", 4]], "average_length": 4.0}]}, {"column_name": "Incl_Class", "number_non_empty_cells": 525, "number_empty_cells": 10882, "number_distinct_values": 3, "frequent_values": ["*", "#", null], "dataTypes": [{"type": "TEXT", "count": 525, "shortest_values": [["*", 1], ["#", 1], ["#", 1], ["#", 1], ["#", 1]], "longest_values": [["*", 1], ["#", 1], ["#", 1], ["#", 1], ["#", 1]], "average_length": 1.0}]}, {"column_name": "Building_Name", "number_non_empty_cells": 11246, "number_empty_cells": 161, "number_distinct_values": 2906, "frequent_values": ["K515", "M460", "X435", "M470", "X450"], "dataTypes": [{"type": "DATE/TIME", "count": 277, "max_value": "2019-12-09T00:00:58", "min_value": "2019-12-09T00:00:01"}, {"type": "TEXT", "count": 11130, "shortest_values": [["K805", 4], ["K345", 4], ["K400", 4], ["Q061", 4], ["X127", 4]], "longest_values": [["THE KATHLEEN GRIMM SCHOOL FOR LEADERSHIP AND SUSTAINABILITY AT SANDY GROUND - S.I.", 82], ["THE LT. CURTIS MEYRAN AND JOHN BELLEW EDUCATION COMPLEX - X", 59], ["THE LT. CURTIS MEYRAN AND JOHN BELLEW EDUCATION COMPLEX - X", 59], ["THE LT. CURTIS MEYRAN AND JOHN BELLEW EDUCATION COMPLEX - X", 59], ["QUEENS GATEWAY TO HEALTH SCIENCES SECONDARY SCHOOL - Q", 54]], "average_length": 7.9830188679245575}]}, {"column_name": "Enroll", "number_non_empty_cells": 9200, "number_empty_cells": 2207, "number_distinct_values": 1505, "frequent_values": [0, 100, 36, 8, 54], "dataTypes": [{"type": "INTEGER (LONG)", "count": 9200, "max_value": 5838, "min_value": 0, "mean": 448.5047826086952, "stddev": 469.1224216543748}]}, {"column_name": "Target_Capacity", "number_non_empty_cells": 8653, "number_empty_cells": 2754, "number_distinct_values": 1416, "frequent_values": [0, 77, 98, 538, 96], "dataTypes": [{"type": "INTEGER (LONG)", "count": 8653, "max_value": 4502, "min_value": 0, "mean": 505.31850225355504, "stddev": 412.7336815667745}]}, {"column_name": "Target_Utilization", "number_non_empty_cells": 8742, "number_empty_cells": 2665, "number_distinct_values": 247, "frequent_values": [0, 86, 91, 100, 93], "dataTypes": [{"type": "INTEGER (LONG)", "count": 8742, "max_value": 1233, "min_value": 0, "mean": 91.70315717227164, "stddev": 42.97629697492786}]}, {"column_name": "PreK_Cap", "number_non_empty_cells": 6186, "number_empty_cells": 5221, "number_distinct_values": 91, "frequent_values": [0, 36, 18, 54, 72], "dataTypes": [{"type": "INTEGER (LONG)", "count": 6186, "max_value": 144, "min_value": 0, "mean": 16.86922082120918, "stddev": 24.922762029741687}]}, {"column_name": "No_of_Cluster_/_Spec_Rms_Reported", "number_non_empty_cells": 6796, "number_empty_cells": 4611, "number_distinct_values": 53, "frequent_values": [2, 3, 4, 1, 5], "dataTypes": [{"type": "INTEGER (LONG)", "count": 6796, "max_value": 59, "min_value": 0, "mean": 4.602854620364939, "stddev": 5.666147221952702}]}, {"column_name": "No_of_Cluster_Rms_Needed", "number_non_empty_cells": 7023, "number_empty_cells": 4384, "number_distinct_values": 11, "frequent_values": [0, 3, 4, 2, 5], "dataTypes": [{"type": "INTEGER (LONG)", "count": 7023, "max_value": 10, "min_value": 0, "mean": 1.6695144525131653, "stddev": 1.7714308099327232}]}, {"column_name": "Data_As_Of", "number_non_empty_cells": 11407, "number_empty_cells": 0, "number_distinct_values": 4, "frequent_values": ["01/31/2019", "01/08/2018", "09/12/2017", "04/27/2015"], "dataTypes": [{"type": "DATE/TIME", "count": 11407, "max_value": "2019-01-31T00:00:00", "min_value": "2015-04-27T00:00:00"}]}]}