{"dataset_name": "/user/hm74/NYCOpenData/8bug-hj9w.tsv.gz", "columns": [{"column_name": "DBN", "number_non_empty_cells": 1244, "number_empty_cells": 0, "number_distinct_values": 63, "frequent_values": ["84M279", "84X703", "84Q705", "84M707", "84M353"], "dataTypes": [{"type": "TEXT", "count": 1244, "shortest_values": [["84K355", 6], ["84K355", 6], ["84K355", 6], ["84K355", 6], ["84K355", 6]], "longest_values": [["84K355", 6], ["84K355", 6], ["84K355", 6], ["84K355", 6], ["84K355", 6]], "average_length": 6.0}]}, {"column_name": "School_Name", "number_non_empty_cells": 1244, "number_empty_cells": 0, "number_distinct_values": 63, "frequent_values": ["New Heights Academy Charter School", "Renaissance Charter School", "Bronx Preparatory Charter School", "John V. Lindsay Wildcat Academy Charter School", "Williamsburg Charter High School"], "dataTypes": [{"type": "TEXT", "count": 1244, "shortest_values": [["The Uft Charter School", 22], ["The Uft Charter School", 22], ["The Uft Charter School", 22], ["The Uft Charter School", 22], ["The Uft Charter School", 22]], "longest_values": [["NYC Charter High School for Architecture, Engineering and Construction Industries (AECI)", 88], ["NYC Charter High School for Architecture, Engineering and Construction Industries (AECI)", 88], ["NYC Charter High School for Architecture, Engineering and Construction Industries (AECI)", 88], ["NYC Charter High School for Architecture, Engineering and Construction Industries (AECI)", 88], ["NYC Charter High School for Architecture, Engineering and Construction Industries (AECI)", 88]], "average_length": 39.15996784565917}]}, {"column_name": "Category", "number_non_empty_cells": 1244, "number_empty_cells": 0, "number_distinct_values": 1, "frequent_values": ["All Students"], "dataTypes": [{"type": "TEXT", "count": 1244, "shortest_values": [["All Students", 12], ["All Students", 12], ["All Students", 12], ["All Students", 12], ["All Students", 12]], "longest_values": [["All Students", 12], ["All Students", 12], ["All Students", 12], ["All Students", 12], ["All Students", 12]], "average_length": 12.0}]}, {"column_name": "Cohort_Year", "number_non_empty_cells": 1244, "number_empty_cells": 0, "number_distinct_values": 10, "frequent_values": [2012, 2013, 2011, 2010, 2009], "dataTypes": [{"type": "INTEGER (LONG)", "count": 1244, "max_value": 2014, "min_value": 2005, "mean": 2010.913987138263, "stddev": 2.054677947044961}]}, {"column_name": "Cohort", "number_non_empty_cells": 1244, "number_empty_cells": 0, "number_distinct_values": 5, "frequent_values": ["4 year June", "4 year August", "5 year June", "5 year August", "6 year June"], "dataTypes": [{"type": "TEXT", "count": 1244, "shortest_values": [["4 year June", 11], ["4 year June", 11], ["4 year June", 11], ["4 year June", 11], ["5 year June", 11]], "longest_values": [["4 year August", 13], ["4 year August", 13], ["4 year August", 13], ["4 year August", 13], ["5 year August", 13]], "average_length": 11.839228295819941}]}, {"column_name": "Cohort_#", "number_non_empty_cells": 1244, "number_empty_cells": 0, "number_distinct_values": 150, "frequent_values": [1, 51, 50, 54, 2], "dataTypes": [{"type": "INTEGER (LONG)", "count": 1244, "max_value": 265, "min_value": 1, "mean": 62.37540192926051, "stddev": 50.73857788320598}]}, {"column_name": "Total_Grads_#", "number_non_empty_cells": 1244, "number_empty_cells": 0, "number_distinct_values": 148, "frequent_values": ["s", "0", "58", "54", "37"], "dataTypes": [{"type": "INTEGER (LONG)", "count": 1091, "max_value": 230, "min_value": 0, "mean": 51.04491292392298, "stddev": 36.003523598649956}, {"type": "TEXT", "count": 153, "shortest_values": [["s", 1], ["s", 1], ["s", 1], ["s", 1], ["s", 1]], "longest_values": [["s", 1], ["s", 1], ["s", 1], ["s", 1], ["s", 1]], "average_length": 1.0}]}, {"column_name": "Total_Grads_%_of_cohort", "number_non_empty_cells": 1244, "number_empty_cells": 0, "number_distinct_values": 375, "frequent_values": ["s", "100.0", "0.0", "96.2", "95.7"], "dataTypes": [{"type": "REAL", "count": 1091, "max_value": 100.0, "min_value": 0.0, "mean": 75.71365719523375, "stddev": 29.679912110161357}, {"type": "TEXT", "count": 153, "shortest_values": [["s", 1], ["s", 1], ["s", 1], ["s", 1], ["s", 1]], "longest_values": [["s", 1], ["s", 1], ["s", 1], ["s", 1], ["s", 1]], "average_length": 1.0}]}, {"column_name": "Total_Regents#", "number_non_empty_cells": 1244, "number_empty_cells": 0, "number_distinct_values": 130, "frequent_values": ["s", "0", "22", "21", "47"], "dataTypes": [{"type": "INTEGER (LONG)", "count": 1091, "max_value": 216, "min_value": 0, "mean": 46.71310724106326, "stddev": 33.84735782967276}, {"type": "TEXT", "count": 153, "shortest_values": [["s", 1], ["s", 1], ["s", 1], ["s", 1], ["s", 1]], "longest_values": [["s", 1], ["s", 1], ["s", 1], ["s", 1], ["s", 1]], "average_length": 1.0}]}, {"column_name": "Total_Regents%_of_cohort", "number_non_empty_cells": 1244, "number_empty_cells": 0, "number_distinct_values": 401, "frequent_values": ["s", "100.0", "0.0", "96.2", "93.9"], "dataTypes": [{"type": "REAL", "count": 1091, "max_value": 100.0, "min_value": 0.0, "mean": 70.49303391384055, "stddev": 30.611848485468705}, {"type": "TEXT", "count": 153, "shortest_values": [["s", 1], ["s", 1], ["s", 1], ["s", 1], ["s", 1]], "longest_values": [["s", 1], ["s", 1], ["s", 1], ["s", 1], ["s", 1]], "average_length": 1.0}]}, {"column_name": "Total_Regents%_of_grads", "number_non_empty_cells": 1212, "number_empty_cells": 32, "number_distinct_values": 238, "frequent_values": ["100.0", "s", "91.7", "97.9", "97.1"], "dataTypes": [{"type": "REAL", "count": 1059, "max_value": 100.0, "min_value": 0.0, "mean": 90.52228517469315, "stddev": 15.022980007314379}, {"type": "TEXT", "count": 153, "shortest_values": [["s", 1], ["s", 1], ["s", 1], ["s", 1], ["s", 1]], "longest_values": [["s", 1], ["s", 1], ["s", 1], ["s", 1], ["s", 1]], "average_length": 1.0}]}, {"column_name": "Advanced_Regents#", "number_non_empty_cells": 1244, "number_empty_cells": 0, "number_distinct_values": 55, "frequent_values": ["0", "s", "1", "7", "3"], "dataTypes": [{"type": "INTEGER (LONG)", "count": 1091, "max_value": 69, "min_value": 0, "mean": 8.173235563703022, "stddev": 13.060118288685054}, {"type": "TEXT", "count": 153, "shortest_values": [["s", 1], ["s", 1], ["s", 1], ["s", 1], ["s", 1]], "longest_values": [["s", 1], ["s", 1], ["s", 1], ["s", 1], ["s", 1]], "average_length": 1.0}]}, {"column_name": "Advanced_Regents%_of_cohort", "number_non_empty_cells": 1244, "number_empty_cells": 0, "number_distinct_values": 193, "frequent_values": ["0.0", "s", "25.0", "1.1", "2.0"], "dataTypes": [{"type": "REAL", "count": 1091, "max_value": 97.9, "min_value": 0.0, "mean": 13.470760769935845, "stddev": 20.751708758031192}, {"type": "TEXT", "count": 153, "shortest_values": [["s", 1], ["s", 1], ["s", 1], ["s", 1], ["s", 1]], "longest_values": [["s", 1], ["s", 1], ["s", 1], ["s", 1], ["s", 1]], "average_length": 1.0}]}, {"column_name": "Advanced_Regents%_of_grads", "number_non_empty_cells": 1212, "number_empty_cells": 32, "number_distinct_values": 267, "frequent_values": ["0.0", "s", "6.7", "14.3", "25.0"], "dataTypes": [{"type": "REAL", "count": 1059, "max_value": 100.0, "min_value": 0.0, "mean": 15.46156751652502, "stddev": 23.424873300377467}, {"type": "TEXT", "count": 153, "shortest_values": [["s", 1], ["s", 1], ["s", 1], ["s", 1], ["s", 1]], "longest_values": [["s", 1], ["s", 1], ["s", 1], ["s", 1], ["s", 1]], "average_length": 1.0}]}, {"column_name": "Regents_without_Advanced#", "number_non_empty_cells": 1244, "number_empty_cells": 0, "number_distinct_values": 117, "frequent_values": ["s", "0", "22", "20", "21"], "dataTypes": [{"type": "INTEGER (LONG)", "count": 1091, "max_value": 189, "min_value": 0, "mean": 38.53987167736016, "stddev": 31.22267113841236}, {"type": "TEXT", "count": 153, "shortest_values": [["s", 1], ["s", 1], ["s", 1], ["s", 1], ["s", 1]], "longest_values": [["s", 1], ["s", 1], ["s", 1], ["s", 1], ["s", 1]], "average_length": 1.0}]}, {"column_name": "Regents_without_Advanced%_of_cohort", "number_non_empty_cells": 1244, "number_empty_cells": 0, "number_distinct_values": 424, "frequent_values": ["s", "0.0", "100.0", "75.0", "50.0"], "dataTypes": [{"type": "REAL", "count": 1091, "max_value": 100.0, "min_value": 0.0, "mean": 57.02318973418884, "stddev": 29.343157344620703}, {"type": "TEXT", "count": 153, "shortest_values": [["s", 1], ["s", 1], ["s", 1], ["s", 1], ["s", 1]], "longest_values": [["s", 1], ["s", 1], ["s", 1], ["s", 1], ["s", 1]], "average_length": 1.0}]}, {"column_name": "Regents_without_Advanced%_of_grads", "number_non_empty_cells": 1212, "number_empty_cells": 32, "number_distinct_values": 354, "frequent_values": ["100.0", "s", "85.7", "73.3", "75.0"], "dataTypes": [{"type": "REAL", "count": 1059, "max_value": 100.0, "min_value": 0.0, "mean": 75.05901794145437, "stddev": 23.662496301864472}, {"type": "TEXT", "count": 153, "shortest_values": [["s", 1], ["s", 1], ["s", 1], ["s", 1], ["s", 1]], "longest_values": [["s", 1], ["s", 1], ["s", 1], ["s", 1], ["s", 1]], "average_length": 1.0}]}, {"column_name": "Local#", "number_non_empty_cells": 1244, "number_empty_cells": 0, "number_distinct_values": 37, "frequent_values": ["0", "s", "1", "2", "4"], "dataTypes": [{"type": "INTEGER (LONG)", "count": 1091, "max_value": 47, "min_value": 0, "mean": 4.331805682859758, "stddev": 6.200727784877293}, {"type": "TEXT", "count": 153, "shortest_values": [["s", 1], ["s", 1], ["s", 1], ["s", 1], ["s", 1]], "longest_values": [["s", 1], ["s", 1], ["s", 1], ["s", 1], ["s", 1]], "average_length": 1.0}]}, {"column_name": "Local%_of_cohort", "number_non_empty_cells": 1244, "number_empty_cells": 0, "number_distinct_values": 178, "frequent_values": ["0.0", "s", "1.9", "2.0", "3.4"], "dataTypes": [{"type": "REAL", "count": 1091, "max_value": 83.3, "min_value": 0.0, "mean": 5.220989917506879, "stddev": 7.199467169591179}, {"type": "TEXT", "count": 153, "shortest_values": [["s", 1], ["s", 1], ["s", 1], ["s", 1], ["s", 1]], "longest_values": [["s", 1], ["s", 1], ["s", 1], ["s", 1], ["s", 1]], "average_length": 1.0}]}, {"column_name": "Local%_of_grads", "number_non_empty_cells": 1212, "number_empty_cells": 32, "number_distinct_values": 237, "frequent_values": ["0.0", "s", "8.3", "2.1", "3.1"], "dataTypes": [{"type": "REAL", "count": 1059, "max_value": 100.0, "min_value": 0.0, "mean": 9.478186968838525, "stddev": 15.02294141511645}, {"type": "TEXT", "count": 153, "shortest_values": [["s", 1], ["s", 1], ["s", 1], ["s", 1], ["s", 1]], "longest_values": [["s", 1], ["s", 1], ["s", 1], ["s", 1], ["s", 1]], "average_length": 1.0}]}, {"column_name": "Still_Enrolled#", "number_non_empty_cells": 1244, "number_empty_cells": 0, "number_distinct_values": 96, "frequent_values": ["0", "s", "1", "2", "3"], "dataTypes": [{"type": "INTEGER (LONG)", "count": 1091, "max_value": 155, "min_value": 0, "mean": 12.70027497708524, "stddev": 24.098350840149745}, {"type": "TEXT", "count": 153, "shortest_values": [["s", 1], ["s", 1], ["s", 1], ["s", 1], ["s", 1]], "longest_values": [["s", 1], ["s", 1], ["s", 1], ["s", 1], ["s", 1]], "average_length": 1.0}]}, {"column_name": "Still_Enrolled%_of_cohort", "number_non_empty_cells": 1244, "number_empty_cells": 0, "number_distinct_values": 326, "frequent_values": ["0.0", "s", "1.9", "3.8", "2.0"], "dataTypes": [{"type": "REAL", "count": 1091, "max_value": 100.0, "min_value": 0.0, "mean": 15.324197983501369, "stddev": 21.164345811159187}, {"type": "TEXT", "count": 153, "shortest_values": [["s", 1], ["s", 1], ["s", 1], ["s", 1], ["s", 1]], "longest_values": [["s", 1], ["s", 1], ["s", 1], ["s", 1], ["s", 1]], "average_length": 1.0}]}, {"column_name": "Dropout#", "number_non_empty_cells": 1244, "number_empty_cells": 0, "number_distinct_values": 61, "frequent_values": ["0", "1", "s", "2", "3"], "dataTypes": [{"type": "INTEGER (LONG)", "count": 1091, "max_value": 119, "min_value": 0, "mean": 5.865261228230987, "stddev": 13.952952024977368}, {"type": "TEXT", "count": 153, "shortest_values": [["s", 1], ["s", 1], ["s", 1], ["s", 1], ["s", 1]], "longest_values": [["s", 1], ["s", 1], ["s", 1], ["s", 1], ["s", 1]], "average_length": 1.0}]}, {"column_name": "Dropout%_of_cohort", "number_non_empty_cells": 1244, "number_empty_cells": 0, "number_distinct_values": 175, "frequent_values": ["0.0", "s", "2.0", "1.1", "2.7"], "dataTypes": [{"type": "REAL", "count": 1091, "max_value": 100.0, "min_value": 0.0, "mean": 7.238863428047673, "stddev": 14.488695052272197}, {"type": "TEXT", "count": 153, "shortest_values": [["s", 1], ["s", 1], ["s", 1], ["s", 1], ["s", 1]], "longest_values": [["s", 1], ["s", 1], ["s", 1], ["s", 1], ["s", 1]], "average_length": 1.0}]}]}