{"dataset_name": "/user/hm74/NYCOpenData/8dhd-zvi6.tsv.gz", "columns": [{"column_name": "ELECTION", "number_non_empty_cells": 284, "number_empty_cells": 1, "number_distinct_values": 2, "frequent_values": [2001, null], "dataTypes": [{"type": "INTEGER (LONG)", "count": 284, "max_value": 2001, "min_value": 2001, "mean": 2001.0, "stddev": 0.0}]}, {"column_name": "CANDID", "number_non_empty_cells": 285, "number_empty_cells": 0, "number_distinct_values": 285, "frequent_values": ["296", "51", "591", "574", "FI"], "dataTypes": [{"type": "INTEGER (LONG)", "count": 219, "max_value": 998, "min_value": 25, "mean": 404.9771689497718, "stddev": 128.6055326974193}, {"type": "TEXT", "count": 66, "shortest_values": [["B4", 2], ["HF", 2], ["IR", 2], ["BR", 2], ["KH", 2]], "longest_values": [["CANDID", 6], ["B4", 2], ["HF", 2], ["IR", 2], ["BR", 2]], "average_length": 2.0606060606060606}]}, {"column_name": "CANDNAME", "number_non_empty_cells": 284, "number_empty_cells": 1, "number_distinct_values": 285, "frequent_values": ["Imprescia, Richard V", "Baez, Maria", "Miranda, Anthony", "Rodriguez, Angel", "Del Giorno, Jon R"], "dataTypes": [{"type": "TEXT", "count": 285, "shortest_values": [["CANDNAME", 8], ["Eagan, Ann", 10], ["Golub, Jay", 10], ["Bader, Paul", 11], ["Baez, Maria", 11]], "longest_values": [["Detiege-Cormier, Roy-Pierre", 27], ["Baldwin-Ferguson, Imogene", 25], ["Williams-Pereira, Dorothy", 25], ["Castellanos, Francesca M", 24], ["DeMarco Jr., Alexander A", 24]], "average_length": 16.08421052631579}]}, {"column_name": "OFFICECD", "number_non_empty_cells": 284, "number_empty_cells": 1, "number_distinct_values": 6, "frequent_values": [5, 4, 1, 2, 3], "dataTypes": [{"type": "INTEGER (LONG)", "count": 284, "max_value": 5, "min_value": 1, "mean": 4.700704225352113, "stddev": 0.8911929399290199}]}, {"column_name": "OFFICEBORO", "number_non_empty_cells": 21, "number_empty_cells": 264, "number_distinct_values": 7, "frequent_values": ["Q", "X", "K", "S", "M"], "dataTypes": [{"type": "TEXT", "count": 21, "shortest_values": [["X", 1], ["X", 1], ["X", 1], ["M", 1], ["M", 1]], "longest_values": [["OFFICEBORO", 10], ["X", 1], ["X", 1], ["X", 1], ["M", 1]], "average_length": 1.4285714285714286}]}, {"column_name": "OFFICEDIST", "number_non_empty_cells": 245, "number_empty_cells": 40, "number_distinct_values": 52, "frequent_values": [7, 20, 40, 31, 28], "dataTypes": [{"type": "INTEGER (LONG)", "count": 245, "max_value": 51, "min_value": 1, "mean": 26.33061224489795, "stddev": 14.160050214393154}]}, {"column_name": "CANCLASS", "number_non_empty_cells": 285, "number_empty_cells": 0, "number_distinct_values": 2, "frequent_values": ["P", "CANCLASS"], "dataTypes": [{"type": "TEXT", "count": 285, "shortest_values": [["P", 1], ["P", 1], ["P", 1], ["P", 1], ["P", 1]], "longest_values": [["CANCLASS", 8], ["P", 1], ["P", 1], ["P", 1], ["P", 1]], "average_length": 1.0245614035087707}]}, {"column_name": "PRIMARYPAY", "number_non_empty_cells": 284, "number_empty_cells": 1, "number_distinct_values": 113, "frequent_values": [0, 75350, 91333, 74850, 647350], "dataTypes": [{"type": "INTEGER (LONG)", "count": 284, "max_value": 2846148, "min_value": 0, "mean": 112243.96126760569, "stddev": 342626.2579174209}]}, {"column_name": "GENERALPAY", "number_non_empty_cells": 284, "number_empty_cells": 1, "number_distinct_values": 91, "frequent_values": [0, 75350, 75170, 21946, 68332], "dataTypes": [{"type": "INTEGER (LONG)", "count": 284, "max_value": 976545, "min_value": 0, "mean": 28753.57394366196, "stddev": 85141.54636531406}]}, {"column_name": "RUNOFFPAY", "number_non_empty_cells": 284, "number_empty_cells": 1, "number_distinct_values": 8, "frequent_values": [0, 237673, 267331, 114407, 711537], "dataTypes": [{"type": "INTEGER (LONG)", "count": 284, "max_value": 711537, "min_value": 0, "mean": 7776.778169014083, "stddev": 60863.66286914286}]}, {"column_name": "TOTALPAY", "number_non_empty_cells": 284, "number_empty_cells": 1, "number_distinct_values": 168, "frequent_values": [0, 75350, 150700, 150520, 647350], "dataTypes": [{"type": "INTEGER (LONG)", "count": 284, "max_value": 4534230, "min_value": 0, "mean": 148774.31338028176, "stddev": 428583.0713107375}]}]}