{"dataset_name": "/user/hm74/NYCOpenData/8ecp-kw89.tsv.gz", "columns": [{"column_name": "DBN", "number_non_empty_cells": 2100, "number_empty_cells": 0, "number_distinct_values": 2100, "frequent_values": ["02M042", "02M529", "05M362_A", "08X093", "10X342_A"], "dataTypes": [{"type": "DATE/TIME", "count": 35, "max_value": "2019-12-07T00:06:52", "min_value": "2019-12-07T00:01:15"}, {"type": "TEXT", "count": 2065, "shortest_values": [["dbn", 3], ["01M063", 6], ["01M064", 6], ["01M110", 6], ["01M134", 6]], "longest_values": [["Response Rate\"", 14], ["01M292_A", 8], ["01M292_B", 8], ["01M450_A", 8], ["01M450_B", 8]], "average_length": 6.2348668280871635}]}, {"column_name": "School_Name", "number_non_empty_cells": 2096, "number_empty_cells": 4, "number_distinct_values": 1859, "frequent_values": ["Riverdale / Kingsbridge Academy (Middle School / High School 141)", "Harlem Village Academy Leadership Charter School", "Frederick Douglass Academy", "Coney Island Preparatory Public Charter School", "East Bronx Academy for the Future"], "dataTypes": [{"type": "TEXT", "count": 2099, "shortest_values": [["Kappa", 5], ["PS 78", 5], ["PS 536", 6], ["PS 110", 6], ["PS 354", 6]], "longest_values": [["NYC Charter High School for Architecture, Engineering and Construction Industries (AECI)", 88], ["English Language Learners and International Support Preparatory Academy (ELLIS)", 79], ["Science Skills Center High School for Science, Technology and the Creative Arts", 79], ["Academy for College Preparation and Career Exploration: A College Board School", 78], ["Academy for College Preparation and Career Exploration: A College Board School", 78]], "average_length": 30.592186755597893}]}, {"column_name": "Total_Parent_", "number_non_empty_cells": 1860, "number_empty_cells": 240, "number_distinct_values": 104, "frequent_values": ["100", "62", "50", "28", "51"], "dataTypes": [{"type": "INTEGER (LONG)", "count": 1858, "max_value": 100, "min_value": 0, "mean": 51.94617868675994, "stddev": 24.66477746721752}, {"type": "TEXT", "count": 2, "shortest_values": [["rr_p", 4], ["Total Student Response Rate", 27]], "longest_values": [["Total Student Response Rate", 27], ["rr_p", 4]], "average_length": 15.5}]}]}