{"dataset_name": "/user/hm74/NYCOpenData/8ek7-jxw6.tsv.gz", "columns": [{"column_name": "Domain", "number_non_empty_cells": 1590, "number_empty_cells": 2, "number_distinct_values": 9, "frequent_values": ["Housing", "Economic Security and Mobility", "Core Infrastructure & the Environment", "Education", "Health & Wellbeing"], "dataTypes": [{"type": "TEXT", "count": 1590, "shortest_values": [["Housing", 7], ["Housing", 7], ["Housing", 7], ["Housing", 7], ["Housing", 7]], "longest_values": [["Core Infrastructure & the Environment", 37], ["Core Infrastructure & the Environment", 37], ["Core Infrastructure & the Environment", 37], ["Core Infrastructure & the Environment", 37], ["Core Infrastructure & the Environment", 37]], "average_length": 17.699371069182387}]}, {"column_name": "Indicator", "number_non_empty_cells": 1592, "number_empty_cells": 0, "number_distinct_values": 60, "frequent_values": ["Total Number of Families on Section 8 Wait List", "Total Supplemental Nutrition Assistance Program Recipients", "Premature Mortality Rate", "Serious Housing Code Violations (per 1,000 privately owned rental units)", "Notices of Foreclosure Rate per 1,000 (1-4 family & condo properties)"], "dataTypes": [{"type": "TEXT", "count": 1592, "shortest_values": [["Unemployment Rate", 17], ["Unemployment Rate", 17], ["Unemployment Rate", 17], ["Unemployment Rate", 17], ["Unemployment Rate", 17]], "longest_values": [["NYCgov Near Poverty Rate: Percent of New Yorkers with Income up to 150 Percent of the NYCgov Threshold", 102], ["NYCgov Near Poverty Rate: Percent of New Yorkers with Income up to 150 Percent of the NYCgov Threshold", 102], ["NYCgov Near Poverty Rate: Percent of New Yorkers with Income up to 150 Percent of the NYCgov Threshold", 102], ["NYCgov Near Poverty Rate: Percent of New Yorkers with Income up to 150 Percent of the NYCgov Threshold", 102], ["NYCgov Near Poverty Rate: Percent of New Yorkers with Income up to 150 Percent of the NYCgov Threshold", 102]], "average_length": 47.31281407035175}]}, {"column_name": "Dimension_Category", "number_non_empty_cells": 1592, "number_empty_cells": 0, "number_distinct_values": 48, "frequent_values": ["Community District", "Neighborhood Tabulation Area", "Race/Ethnicity", "Race/Ethnicity/Gender", "Borough"], "dataTypes": [{"type": "TEXT", "count": 1592, "shortest_values": [["Age", 3], ["Age", 3], ["Age", 3], ["Age", 3], ["Age", 3]], "longest_values": [["Working Age Adults (18 through 64), by Work Experience in Past 12 Months*", 73], ["Working Age Adults (18 through 64), by Work Experience in Past 12 Months*", 73], ["Working Age Adults (18 through 64), by Work Experience in Past 12 Months*", 73], ["Working Age Adults (18 through 64), by Work Experience in Past 12 Months*", 73], ["Working Age Adults (18 through 64), by Work Experience in Past 12 Months*", 73]], "average_length": 18.398241206030146}]}, {"column_name": "Dimension", "number_non_empty_cells": 1592, "number_empty_cells": 0, "number_distinct_values": 441, "frequent_values": ["Citywide", "Female", "Male", "Staten Island", "Queens"], "dataTypes": [{"type": "INTEGER (LONG)", "count": 15, "max_value": 5, "min_value": 1, "mean": 3.0000000000000004, "stddev": 1.4142135623730951}, {"type": "TEXT", "count": 1577, "shortest_values": [["65+", 3], ["<18", 3], ["40+", 3], ["Male", 4], ["Male", 4]], "longest_values": [["Administrative and Support and Waste Management and Remediation Services", 72], ["Families with a Non-Elderly Head of Household (Less than Age 62)", 64], ["Families with a Non-Elderly Head of Household (Less than Age 62)", 64], ["Families with a Non-Elderly Head of Household (Less than Age 62)", 64], ["Families with a Non-Elderly Head of Household (Less than Age 62)", 64]], "average_length": 20.14774889029805}]}, {"column_name": "2000", "number_non_empty_cells": 1592, "number_empty_cells": 0, "number_distinct_values": 56, "frequent_values": ["*", "2.4", "10.4", "20.6", "2.6"], "dataTypes": [{"type": "REAL", "count": 65, "max_value": 70.0, "min_value": 0.9, "mean": 12.130769230769236, "stddev": 12.362037709510556}, {"type": "TEXT", "count": 1527, "shortest_values": [["*", 1], ["*", 1], ["*", 1], ["*", 1], ["*", 1]], "longest_values": [["*", 1], ["*", 1], ["*", 1], ["*", 1], ["*", 1]], "average_length": 1.0}]}, {"column_name": "2001", "number_non_empty_cells": 1592, "number_empty_cells": 0, "number_distinct_values": 54, "frequent_values": ["*", "2.2", "1.6", "10.8", "15.7"], "dataTypes": [{"type": "REAL", "count": 65, "max_value": 35.9, "min_value": 0.7, "mean": 11.341538461538462, "stddev": 9.764974966413101}, {"type": "TEXT", "count": 1527, "shortest_values": [["*", 1], ["*", 1], ["*", 1], ["*", 1], ["*", 1]], "longest_values": [["*", 1], ["*", 1], ["*", 1], ["*", 1], ["*", 1]], "average_length": 1.0}]}, {"column_name": "2002", "number_non_empty_cells": 1592, "number_empty_cells": 0, "number_distinct_values": 57, "frequent_values": ["*", "2.3", "3.9", "14.4", "10.7"], "dataTypes": [{"type": "REAL", "count": 65, "max_value": 37.8, "min_value": 1.3, "mean": 12.381538461538465, "stddev": 10.411397487039679}, {"type": "TEXT", "count": 1527, "shortest_values": [["*", 1], ["*", 1], ["*", 1], ["*", 1], ["*", 1]], "longest_values": [["*", 1], ["*", 1], ["*", 1], ["*", 1], ["*", 1]], "average_length": 1.0}]}, {"column_name": "2003", "number_non_empty_cells": 1592, "number_empty_cells": 0, "number_distinct_values": 56, "frequent_values": ["*", "3.4", "2.6", "4.6", "27.5"], "dataTypes": [{"type": "REAL", "count": 65, "max_value": 37.4, "min_value": 1.4, "mean": 10.661538461538456, "stddev": 8.77320557690714}, {"type": "TEXT", "count": 1527, "shortest_values": [["*", 1], ["*", 1], ["*", 1], ["*", 1], ["*", 1]], "longest_values": [["*", 1], ["*", 1], ["*", 1], ["*", 1], ["*", 1]], "average_length": 1.0}]}, {"column_name": "2004", "number_non_empty_cells": 1592, "number_empty_cells": 0, "number_distinct_values": 118, "frequent_values": ["*", "1.7", "5.3", "2.3", "1.4"], "dataTypes": [{"type": "REAL", "count": 130, "max_value": 182.6, "min_value": 0.5, "mean": 28.325384615384614, "stddev": 34.07859764074459}, {"type": "TEXT", "count": 1462, "shortest_values": [["*", 1], ["*", 1], ["*", 1], ["*", 1], ["*", 1]], "longest_values": [["*", 1], ["*", 1], ["*", 1], ["*", 1], ["*", 1]], "average_length": 1.0}]}, {"column_name": "2005", "number_non_empty_cells": 1592, "number_empty_cells": 0, "number_distinct_values": 270, "frequent_values": ["*", "3.8", "19.8%", "1.5", "67.7%"], "dataTypes": [{"type": "INTEGER (LONG)", "count": 8, "max_value": 35295, "min_value": 47, "mean": 10507.124999999998, "stddev": 10250.587390943749}, {"type": "REAL", "count": 173, "max_value": 209.4, "min_value": 0.5, "mean": 33.83468208092484, "stddev": 42.61262478858718}, {"type": "TEXT", "count": 1411, "shortest_values": [["*", 1], ["*", 1], ["*", 1], ["*", 1], ["*", 1]], "longest_values": [["$1,770.17", 9], ["$1,050.28", 9], ["$1,436.67", 9], ["$709.83", 7], ["$907.98", 7]], "average_length": 1.3664068036853296}]}, {"column_name": "2006", "number_non_empty_cells": 1592, "number_empty_cells": 0, "number_distinct_values": 285, "frequent_values": ["*", "3.7", "5.2", "39.5", "1.7"], "dataTypes": [{"type": "INTEGER (LONG)", "count": 8, "max_value": 35515, "min_value": 47, "mean": 10608.125, "stddev": 10293.91782118815}, {"type": "REAL", "count": 179, "max_value": 198.8, "min_value": 0.8, "mean": 33.740782122905, "stddev": 40.104218441685795}, {"type": "TEXT", "count": 1405, "shortest_values": [["*", 1], ["*", 1], ["*", 1], ["*", 1], ["*", 1]], "longest_values": [["$1,828.04", 9], ["$1,064.71", 9], ["$1,440.73", 9], ["$710.33", 7], ["$910.74", 7]], "average_length": 1.4106761565836305}]}, {"column_name": "2007", "number_non_empty_cells": 1592, "number_empty_cells": 0, "number_distinct_values": 337, "frequent_values": ["*", "0.2%", "5.1%", "4.9", "40.3%"], "dataTypes": [{"type": "INTEGER (LONG)", "count": 8, "max_value": 33458, "min_value": 47, "mean": 10128.375, "stddev": 9730.195963307984}, {"type": "REAL", "count": 185, "max_value": 201.3, "min_value": 0.8, "mean": 34.46648648648652, "stddev": 38.40143805135403}, {"type": "TEXT", "count": 1399, "shortest_values": [["*", 1], ["*", 1], ["*", 1], ["*", 1], ["*", 1]], "longest_values": [["$1,977.79", 9], ["$1,113.63", 9], ["$1,558.60", 9], ["$795.64", 7], ["$948.18", 7]], "average_length": 1.5425303788420321}]}, {"column_name": "2008", "number_non_empty_cells": 1592, "number_empty_cells": 0, "number_distinct_values": 307, "frequent_values": ["*", "7.9", "23.5%", "4.8", "24.5%"], "dataTypes": [{"type": "INTEGER (LONG)", "count": 9, "max_value": 3559343, "min_value": 50, "mean": 404097.111111111, "stddev": 1115582.3402453132}, {"type": "REAL", "count": 191, "max_value": 203.9, "min_value": 0.7, "mean": 34.14450261780106, "stddev": 39.06520202233446}, {"type": "TEXT", "count": 1392, "shortest_values": [["*", 1], ["*", 1], ["*", 1], ["*", 1], ["*", 1]], "longest_values": [["$2,067.90", 9], ["$1,103.81", 9], ["$1,071.85", 9], ["$1,601.83", 9], ["$112,887", 8]], "average_length": 1.4741379310344833}]}, {"column_name": "2009", "number_non_empty_cells": 1592, "number_empty_cells": 0, "number_distinct_values": 384, "frequent_values": ["*", "9.5", "3.5", "4.9", "8.8"], "dataTypes": [{"type": "INTEGER (LONG)", "count": 9, "max_value": 3639220, "min_value": 51, "mean": 412463.9999999999, "stddev": 1140860.041433265}, {"type": "REAL", "count": 239, "max_value": 405.1, "min_value": 1.2, "mean": 46.64476987447699, "stddev": 63.09532241885694}, {"type": "TEXT", "count": 1344, "shortest_values": [["*", 1], ["*", 1], ["*", 1], ["*", 1], ["*", 1]], "longest_values": [["$2,026.30", 9], ["$1,091.80", 9], ["$1,069.61", 9], ["$1,599.39", 9], ["$108,892", 8]], "average_length": 1.619047619047618}]}, {"column_name": "2010", "number_non_empty_cells": 1592, "number_empty_cells": 0, "number_distinct_values": 351, "frequent_values": ["*", "22.7%", "3.8", "4.2", "5.4"], "dataTypes": [{"type": "INTEGER (LONG)", "count": 9, "max_value": 3678106, "min_value": 53, "mean": 416520.11111111107, "stddev": 1153171.8623325112}, {"type": "REAL", "count": 239, "max_value": 390.2, "min_value": 1.5, "mean": 43.787447698744735, "stddev": 59.281978547574205}, {"type": "TEXT", "count": 1344, "shortest_values": [["*", 1], ["*", 1], ["*", 1], ["*", 1], ["*", 1]], "longest_values": [["$1,996.39", 9], ["$1,177.57", 9], ["$1,052.80", 9], ["$1,610.62", 9], ["$112,537", 8]], "average_length": 1.5133928571428585}]}, {"column_name": "2011", "number_non_empty_cells": 1592, "number_empty_cells": 0, "number_distinct_values": 602, "frequent_values": ["*", "1.5", "1.3", "3.7", "1.0"], "dataTypes": [{"type": "INTEGER (LONG)", "count": 177, "max_value": 46268257, "min_value": 0, "mean": 425703.03389830503, "stddev": 3489808.258513548}, {"type": "REAL", "count": 298, "max_value": 387.5, "min_value": 0.9, "mean": 33.94932885906043, "stddev": 55.26179441864301}, {"type": "TEXT", "count": 1117, "shortest_values": [["*", 1], ["*", 1], ["*", 1], ["*", 1], ["*", 1]], "longest_values": [["$1,008.47", 9], ["$1,959.14", 9], ["$1,158.37", 9], ["$1,013.95", 9], ["$1,506.55", 9]], "average_length": 1.8979409131602514}]}, {"column_name": "2012", "number_non_empty_cells": 1592, "number_empty_cells": 0, "number_distinct_values": 583, "frequent_values": ["*", "1.6", "2.2", "2.1", "2.9"], "dataTypes": [{"type": "INTEGER (LONG)", "count": 178, "max_value": 47710283, "min_value": 0, "mean": 434434.41011235944, "stddev": 3587651.554192979}, {"type": "REAL", "count": 322, "max_value": 366.6, "min_value": 0.6, "mean": 30.8052795031056, "stddev": 50.202389175806594}, {"type": "TEXT", "count": 1092, "shortest_values": [["*", 1], ["*", 1], ["*", 1], ["*", 1], ["*", 1]], "longest_values": [["$1,012.63", 9], ["$2,008.98", 9], ["$1,153.89", 9], ["$1,008.67", 9], ["$1,531.47", 9]], "average_length": 1.8269230769230775}]}, {"column_name": "2013", "number_non_empty_cells": 1592, "number_empty_cells": 0, "number_distinct_values": 700, "frequent_values": ["*", "8.7", "1.2", "8.4", "1.6"], "dataTypes": [{"type": "INTEGER (LONG)", "count": 183, "max_value": 47305724, "min_value": 0, "mean": 423420.1530054644, "stddev": 3510776.7447078526}, {"type": "REAL", "count": 381, "max_value": 353.6, "min_value": 0.6, "mean": 27.090026246719173, "stddev": 45.111427575499924}, {"type": "TEXT", "count": 1028, "shortest_values": [["*", 1], ["*", 1], ["*", 1], ["*", 1], ["*", 1]], "longest_values": [["$1,092.74", 9], ["$2,052.74", 9], ["$1,205.27", 9], ["$1,116.03", 9], ["$1,570.65", 9]], "average_length": 2.324902723735407}]}, {"column_name": "2014", "number_non_empty_cells": 1592, "number_empty_cells": 0, "number_distinct_values": 767, "frequent_values": ["*", "8.9", "4.5", "9.2", "9.1"], "dataTypes": [{"type": "INTEGER (LONG)", "count": 214, "max_value": 46459930, "min_value": 0, "mean": 360221.75700934604, "stddev": 3192697.339949407}, {"type": "REAL", "count": 381, "max_value": 363.7, "min_value": 1.2, "mean": 53.47900262467192, "stddev": 72.80147441652858}, {"type": "TEXT", "count": 997, "shortest_values": [["*", 1], ["*", 1], ["*", 1], ["*", 1], ["*", 1]], "longest_values": [["$1,086.32", 9], ["$2,163.05", 9], ["$1,006.59", 9], ["$1,182.23", 9], ["$1,094.04", 9]], "average_length": 2.323971915747238}]}, {"column_name": "2015", "number_non_empty_cells": 1592, "number_empty_cells": 0, "number_distinct_values": 1110, "frequent_values": ["*", "8.7", "9.0", "8.2", "9.3"], "dataTypes": [{"type": "INTEGER (LONG)", "count": 561, "max_value": 45415445, "min_value": 0, "mean": 138165.34937611406, "stddev": 1936160.4134991146}, {"type": "REAL", "count": 381, "max_value": 351.8, "min_value": 1.1, "mean": 52.26115485564307, "stddev": 72.0545831505326}, {"type": "TEXT", "count": 650, "shortest_values": [["*", 1], ["*", 1], ["*", 1], ["*", 1], ["*", 1]], "longest_values": [["$1,146.14", 9], ["$2,204.96", 9], ["$1,026.14", 9], ["$1,137.70", 9], ["$1,120.37", 9]], "average_length": 3.3446153846153868}]}, {"column_name": "2016", "number_non_empty_cells": 1592, "number_empty_cells": 0, "number_distinct_values": 1006, "frequent_values": ["*", "0%", "2%", "1%", "3%"], "dataTypes": [{"type": "INTEGER (LONG)", "count": 516, "max_value": 43493149, "min_value": 0, "mean": 135812.1201550388, "stddev": 1928194.8074452274}, {"type": "REAL", "count": 209, "max_value": 136.7, "min_value": 1.1, "mean": 27.114354066985637, "stddev": 27.433667449873255}, {"type": "TEXT", "count": 867, "shortest_values": [["*", 1], ["*", 1], ["*", 1], ["*", 1], ["*", 1]], "longest_values": [["$1,219.47", 9], ["$2,299.34", 9], ["$1,069.06", 9], ["$1,299.10", 9], ["$1,157.47", 9]], "average_length": 2.9123414071511005}]}, {"column_name": "2017", "number_non_empty_cells": 1592, "number_empty_cells": 0, "number_distinct_values": 348, "frequent_values": ["*", "17.4%", "0.1%", "19.9%", "13.1%"], "dataTypes": [{"type": "INTEGER (LONG)", "count": 33, "max_value": 42644402, "min_value": 214, "mean": 1631938.3636363633, "stddev": 7271824.54215607}, {"type": "REAL", "count": 130, "max_value": 122.7, "min_value": 1.3, "mean": 30.653076923076917, "stddev": 32.40383450353591}, {"type": "TEXT", "count": 1429, "shortest_values": [["*", 1], ["*", 1], ["*", 1], ["*", 1], ["*", 1]], "longest_values": [["69,510", 6], ["20.5%", 5], ["32.3%", 5], ["11.8%", 5], ["29.6%", 5]], "average_length": 1.6703988803359016}]}, {"column_name": "Defintion", "number_non_empty_cells": 1446, "number_empty_cells": 146, "number_distinct_values": 93, "frequent_values": ["Total Number of Families on the Section 8 (Housing Choice Voucher) Wait List", "Total number of families on the public housing wait list", "SNAP is a broad-based, means-tested public benefit program for low-income New Yorkers that provides critical nutrition assistance.", "Age-adjusted rate of deaths under the age of 65 years per 100,000 population", "Average concentration of PM2.5 (fine particulate matter with a diameter smaller than 2.5 microns), micrograms (one-millionth of a gram) of PM2.5 per cubic meter of air (\u03bcg/m3)."], "dataTypes": [{"type": "TEXT", "count": 1592, "shortest_values": [["Citywide hourly wages", 21], ["Turnout among NYC population age 18+", 36], ["Turnout among NYC population age 18+", 36], ["Turnout among NYC population age 18+", 36], ["Turnout among NYC population age 18+", 36]], "longest_values": [["The percentage of students are college ready according to the the College Readiness Index (CRI).The College Readiness Index (CRI) is calculated by the NYC Department of Education and includes students who meet CUNY\u2019s remediation standards, which are currently defined as: (1) graduated by August with a Regents diploma, (2) earned a 75+ on the English Regents exam, or scored 480+ on the Critical Reading SAT, or scored a 20+ on the ACT English, or scored a 70+ on the CUNY Reading Assessment and a 56+ on the CUNY Writing Assessment, and (3) scored an 80+ on a Math Regents, or 70+ on a Common Core Algebra or Geometry Regents and completed coursework in Algebra II/Trigonometry or higher, or scored 480+ on the Math SAT, or scored a 20+ on the ACT Math, or scored a 40+ on the CUNY Math Assessment, or scored an 80+ on the PBAT and completed required coursework.", 864], ["The percentage of students are college ready according to the the College Readiness Index (CRI).The College Readiness Index (CRI) is calculated by the NYC Department of Education and includes students who meet CUNY\u2019s remediation standards, which are currently defined as: (1) graduated by August with a Regents diploma, (2) earned a 75+ on the English Regents exam, or scored 480+ on the Critical Reading SAT, or scored a 20+ on the ACT English, or scored a 70+ on the CUNY Reading Assessment and a 56+ on the CUNY Writing Assessment, and (3) scored an 80+ on a Math Regents, or 70+ on a Common Core Algebra or Geometry Regents and completed coursework in Algebra II/Trigonometry or higher, or scored 480+ on the Math SAT, or scored a 20+ on the ACT Math, or scored a 40+ on the CUNY Math Assessment, or scored an 80+ on the PBAT and completed required coursework.", 864], ["The percentage of students are college ready according to the the College Readiness Index (CRI).The College Readiness Index (CRI) is calculated by the NYC Department of Education and includes students who meet CUNY\u2019s remediation standards, which are currently defined as: (1) graduated by August with a Regents diploma, (2) earned a 75+ on the English Regents exam, or scored 480+ on the Critical Reading SAT, or scored a 20+ on the ACT English, or scored a 70+ on the CUNY Reading Assessment and a 56+ on the CUNY Writing Assessment, and (3) scored an 80+ on a Math Regents, or 70+ on a Common Core Algebra or Geometry Regents and completed coursework in Algebra II/Trigonometry or higher, or scored 480+ on the Math SAT, or scored a 20+ on the ACT Math, or scored a 40+ on the CUNY Math Assessment, or scored an 80+ on the PBAT and completed required coursework.", 864], ["The percentage of students are college ready according to the the College Readiness Index (CRI).The College Readiness Index (CRI) is calculated by the NYC Department of Education and includes students who meet CUNY\u2019s remediation standards, which are currently defined as: (1) graduated by August with a Regents diploma, (2) earned a 75+ on the English Regents exam, or scored 480+ on the Critical Reading SAT, or scored a 20+ on the ACT English, or scored a 70+ on the CUNY Reading Assessment and a 56+ on the CUNY Writing Assessment, and (3) scored an 80+ on a Math Regents, or 70+ on a Common Core Algebra or Geometry Regents and completed coursework in Algebra II/Trigonometry or higher, or scored 480+ on the Math SAT, or scored a 20+ on the ACT Math, or scored a 40+ on the CUNY Math Assessment, or scored an 80+ on the PBAT and completed required coursework.", 864], ["The percentage of students are college ready according to the the College Readiness Index (CRI).The College Readiness Index (CRI) is calculated by the NYC Department of Education and includes students who meet CUNY\u2019s remediation standards, which are currently defined as: (1) graduated by August with a Regents diploma, (2) earned a 75+ on the English Regents exam, or scored 480+ on the Critical Reading SAT, or scored a 20+ on the ACT English, or scored a 70+ on the CUNY Reading Assessment and a 56+ on the CUNY Writing Assessment, and (3) scored an 80+ on a Math Regents, or 70+ on a Common Core Algebra or Geometry Regents and completed coursework in Algebra II/Trigonometry or higher, or scored 480+ on the Math SAT, or scored a 20+ on the ACT Math, or scored a 40+ on the CUNY Math Assessment, or scored an 80+ on the PBAT and completed required coursework.", 864]], "average_length": 161.47927135678404}]}, {"column_name": "Source", "number_non_empty_cells": 1586, "number_empty_cells": 6, "number_distinct_values": 82, "frequent_values": ["NYCHA's Section 8 (Housing Choice Voucher) Wait List Data in the Seibel IT system  as of May 17, 2017", "NYCHA's Public Housing Wait List Data in the Seibel IT system as of July 7, 2017", "NYC DOHMH, Bureau of Vital Statistics", "NYC Department of Education", "New York City Community Air Survey (NYCCAS)"], "dataTypes": [{"type": "TEXT", "count": 1586, "shortest_values": [["NYCHA's Siebel Data", 19], ["NYCHA's Siebel Data", 19], ["NYCHA's Siebel Data", 19], ["NYCHA's Siebel Data", 19], ["NYCHA's Siebel Data", 19]], "longest_values": [["NYC Community Health Survey 2009-10, 2012-13, 2015. CHS 2002\u20102008 data are weighted to the NYC adult population per Census 2000; starting in 2009, data are weighted to the 2008 HVS for phone usage and the Census 2000.CHS 2012 data are weighted to the adult residential population per the American Community Survey, 2011.CHS 2013 data are weighted to the adult residential population per the American Community Survey, 2012. CHS 2015 data are weighted to the adult residential population per the American Community Survey, 2014.", 527], ["NYC Community Health Survey 2009-10, 2012-13, 2015. CHS 2002\u20102008 data are weighted to the NYC adult population per Census 2000; starting in 2009, data are weighted to the 2008 HVS for phone usage and the Census 2000.CHS 2012 data are weighted to the adult residential population per the American Community Survey, 2011.CHS 2013 data are weighted to the adult residential population per the American Community Survey, 2012. CHS 2015 data are weighted to the adult residential population per the American Community Survey, 2014.", 527], ["NYC Community Health Survey 2009-10, 2012-13, 2015. CHS 2002\u20102008 data are weighted to the NYC adult population per Census 2000; starting in 2009, data are weighted to the 2008 HVS for phone usage and the Census 2000.CHS 2012 data are weighted to the adult residential population per the American Community Survey, 2011.CHS 2013 data are weighted to the adult residential population per the American Community Survey, 2012. CHS 2015 data are weighted to the adult residential population per the American Community Survey, 2014.", 527], ["NYC Community Health Survey 2009-10, 2012-13, 2015. CHS 2002\u20102008 data are weighted to the NYC adult population per Census 2000; starting in 2009, data are weighted to the 2008 HVS for phone usage and the Census 2000.CHS 2012 data are weighted to the adult residential population per the American Community Survey, 2011.CHS 2013 data are weighted to the adult residential population per the American Community Survey, 2012. CHS 2015 data are weighted to the adult residential population per the American Community Survey, 2014.", 527], ["NYC Community Health Survey 2009-10, 2012-13, 2015. CHS 2002\u20102008 data are weighted to the NYC adult population per Census 2000; starting in 2009, data are weighted to the 2008 HVS for phone usage and the Census 2000.CHS 2012 data are weighted to the adult residential population per the American Community Survey, 2011.CHS 2013 data are weighted to the adult residential population per the American Community Survey, 2012. CHS 2015 data are weighted to the adult residential population per the American Community Survey, 2014.", 527]], "average_length": 89.46090794451459}]}, {"column_name": "Notes", "number_non_empty_cells": 835, "number_empty_cells": 757, "number_distinct_values": 49, "frequent_values": ["NYCHA's Section 8 Wait List has been closed since May 2007. NYCHA created an online housing application portal in 2014. Previously applications were submitted on paper by mail. The data reported from 2011 through 2014 are from earlier reports. Information on the gender of the head household and borough of current residence are not available for those years. The maximum income for applicants on the Section 8 Wait List is 50% of Area Median Income.", "NYCHA created an online housing application portal in 2014. Previously applications were submitted on paper by mail. The data reported from 2011 through 2014 are from earlier reports. Information on the gender of the head household and borough of current residence are not available for those years.", "*", "PM2.5 is considered the most harmful urban air pollutant. It is a known carcinogen, and studies have shown increased levels to be associated with decreases in birth weight.6 PM2.5 is estimated to contribute to more than 2,000 deaths and over 6,000 emergency visits and hospitalizations each year.7 Young children, seniors, and those with preexisting health conditions such as chronic bronchitis, asthma, and heart disease are especially vulnerable.", "New admission for the years 2014 and 2015 do not include admissions to NYCHA's private management developments."], "dataTypes": [{"type": "TEXT", "count": 835, "shortest_values": [["*", 1], ["*", 1], ["*", 1], ["*", 1], ["*", 1]], "longest_values": [["NYCHA's Section 8 Wait List has been closed since May 2007. NYCHA created an online housing application portal in 2014. Previously applications were submitted on paper by mail. The data reported from 2011 through 2014 are from earlier reports. Information on the gender of the head household and borough of current residence are not available for those years. The maximum income for applicants on the Section 8 Wait List is 50% of Area Median Income.", 450], ["NYCHA's Section 8 Wait List has been closed since May 2007. NYCHA created an online housing application portal in 2014. Previously applications were submitted on paper by mail. The data reported from 2011 through 2014 are from earlier reports. Information on the gender of the head household and borough of current residence are not available for those years. The maximum income for applicants on the Section 8 Wait List is 50% of Area Median Income.", 450], ["NYCHA's Section 8 Wait List has been closed since May 2007. NYCHA created an online housing application portal in 2014. Previously applications were submitted on paper by mail. The data reported from 2011 through 2014 are from earlier reports. Information on the gender of the head household and borough of current residence are not available for those years. The maximum income for applicants on the Section 8 Wait List is 50% of Area Median Income.", 450], ["NYCHA's Section 8 Wait List has been closed since May 2007. NYCHA created an online housing application portal in 2014. Previously applications were submitted on paper by mail. The data reported from 2011 through 2014 are from earlier reports. Information on the gender of the head household and borough of current residence are not available for those years. The maximum income for applicants on the Section 8 Wait List is 50% of Area Median Income.", 450], ["NYCHA's Section 8 Wait List has been closed since May 2007. NYCHA created an online housing application portal in 2014. Previously applications were submitted on paper by mail. The data reported from 2011 through 2014 are from earlier reports. Information on the gender of the head household and borough of current residence are not available for those years. The maximum income for applicants on the Section 8 Wait List is 50% of Area Median Income.", 450]], "average_length": 289.2371257485028}]}]}