{"dataset_name": "/user/hm74/NYCOpenData/8eux-rfe8.tsv.gz", "columns": [{"column_name": "File_Name", "number_non_empty_cells": 1295, "number_empty_cells": 1, "number_distinct_values": 2, "frequent_values": ["Open Data SET_BP Checks on HealthMap.xlsx", null], "dataTypes": [{"type": "TEXT", "count": 1295, "shortest_values": [["Open Data SET_BP Checks on HealthMap.xlsx", 41], ["Open Data SET_BP Checks on HealthMap.xlsx", 41], ["Open Data SET_BP Checks on HealthMap.xlsx", 41], ["Open Data SET_BP Checks on HealthMap.xlsx", 41], ["Open Data SET_BP Checks on HealthMap.xlsx", 41]], "longest_values": [["Open Data SET_BP Checks on HealthMap.xlsx", 41], ["Open Data SET_BP Checks on HealthMap.xlsx", 41], ["Open Data SET_BP Checks on HealthMap.xlsx", 41], ["Open Data SET_BP Checks on HealthMap.xlsx", 41], ["Open Data SET_BP Checks on HealthMap.xlsx", 41]], "average_length": 41.0}]}, {"column_name": "INPUT_1_BuildingNumber", "number_non_empty_cells": 0, "number_empty_cells": 1296, "number_distinct_values": 1, "frequent_values": [null], "dataTypes": []}, {"column_name": "Service_Type", "number_non_empty_cells": 1295, "number_empty_cells": 1, "number_distinct_values": 3, "frequent_values": ["Free Blood Pressure Check by Pharmacy Staff", "Free Blood Pressure Check at a Kiosk (Self-serve)", null], "dataTypes": [{"type": "TEXT", "count": 1295, "shortest_values": [["Free Blood Pressure Check by Pharmacy Staff", 43], ["Free Blood Pressure Check by Pharmacy Staff", 43], ["Free Blood Pressure Check by Pharmacy Staff", 43], ["Free Blood Pressure Check by Pharmacy Staff", 43], ["Free Blood Pressure Check by Pharmacy Staff", 43]], "longest_values": [["Free Blood Pressure Check at a Kiosk (Self-serve)", 49], ["Free Blood Pressure Check at a Kiosk (Self-serve)", 49], ["Free Blood Pressure Check at a Kiosk (Self-serve)", 49], ["Free Blood Pressure Check at a Kiosk (Self-serve)", 49], ["Free Blood Pressure Check at a Kiosk (Self-serve)", 49]], "average_length": 45.03861003861003}]}, {"column_name": "Service_Category", "number_non_empty_cells": 1295, "number_empty_cells": 1, "number_distinct_values": 2, "frequent_values": ["Blood Pressure", null], "dataTypes": [{"type": "TEXT", "count": 1295, "shortest_values": [["Blood Pressure", 14], ["Blood Pressure", 14], ["Blood Pressure", 14], ["Blood Pressure", 14], ["Blood Pressure", 14]], "longest_values": [["Blood Pressure", 14], ["Blood Pressure", 14], ["Blood Pressure", 14], ["Blood Pressure", 14], ["Blood Pressure", 14]], "average_length": 14.0}]}, {"column_name": "INPUT_1_FacilityName", "number_non_empty_cells": 1295, "number_empty_cells": 1, "number_distinct_values": 852, "frequent_values": ["Duane Reade", "Rite Aid Pharmacy", "CVS Pharmacy", "Stop & Shop", "ShopRite"], "dataTypes": [{"type": "TEXT", "count": 1295, "shortest_values": [["ASFC", 4], ["Asara", 5], ["MSN Rx", 6], ["Pro Rx", 6], ["Erxcity", 7]], "longest_values": [["Medicmasters Pharmacy & Surgical Supplies", 41], ["Greenfield Chemist & Surgical Supplies", 38], ["Heritage Pharmacy & Surgical Supplies", 37], ["Mott Haven Pharmacy & Surgical Supply", 37], ["Walgreens - 109-62 Francis Lewis Blvd", 37]], "average_length": 16.43243243243243}]}, {"column_name": "INPUT_1_Address", "number_non_empty_cells": 1295, "number_empty_cells": 1, "number_distinct_values": 1289, "frequent_values": ["1220 Morris Avenue", "35-06 Broadway", "143-03 Hillside Avenue", "72 Manhattan Avenue", "2232 Pitkin Avenue"], "dataTypes": [{"type": "TEXT", "count": 1295, "shortest_values": [["86 Bowery", 9], ["25 Bowery", 9], ["41 Avenue A", 11], ["77 7 Avenue", 11], ["37 Broadway", 11]], "longest_values": [["2046 Adam Clayton Powell Jr Boulevard", 37], ["2258 Adam Clayton Powell Jr Boulevard", 37], ["2454 Adam Clayton Powell Jr Boulevard", 37], ["2541 Adam Clayton Powell Jr Boulevard", 37], ["2170 Frederick Douglass Boulevard", 33]], "average_length": 19.009266409266417}]}, {"column_name": "INPUT_2__Address", "number_non_empty_cells": 0, "number_empty_cells": 1296, "number_distinct_values": 1, "frequent_values": [null], "dataTypes": []}, {"column_name": "Building_Number", "number_non_empty_cells": 0, "number_empty_cells": 1296, "number_distinct_values": 1, "frequent_values": [null], "dataTypes": []}, {"column_name": "INPUT_1_Borough", "number_non_empty_cells": 1295, "number_empty_cells": 1, "number_distinct_values": 8, "frequent_values": ["BROOKLYN", "MANHATTAN", "QUEENS", "BRONX", "STATEN ISLAND"], "dataTypes": [{"type": "TEXT", "count": 1295, "shortest_values": [["BRONX", 5], ["BRONX", 5], ["BRONX", 5], ["BRONX", 5], ["BRONX", 5]], "longest_values": [["STATEN ISLAND", 13], ["STATEN ISLAND", 13], ["STATEN ISLAND", 13], ["STATEN ISLAND", 13], ["STATEN ISLAND", 13]], "average_length": 7.374517374517363}]}, {"column_name": "INPUT_1_ZipCode", "number_non_empty_cells": 1295, "number_empty_cells": 1, "number_distinct_values": 437, "frequent_values": [11226, 11220, 11235, 11229, 11209], "dataTypes": [{"type": "INTEGER (LONG)", "count": 1295, "max_value": 11694, "min_value": 10001, "mean": 11025.922779922781, "stddev": 525.1418666774206}]}, {"column_name": "Latitude2", "number_non_empty_cells": 1295, "number_empty_cells": 1, "number_distinct_values": 1286, "frequent_values": [40.77661914, 40.81271092, 40.67274422, 40.7460766, 40.83359938], "dataTypes": [{"type": "REAL", "count": 1295, "max_value": 40.90363168, "min_value": 40.51789347, "mean": 40.730039875297344, "stddev": 0.08117762097075278}]}, {"column_name": "Longitude2", "number_non_empty_cells": 1295, "number_empty_cells": 1, "number_distinct_values": 1286, "frequent_values": [-73.81263765, -73.92204762, -73.89000844, -73.98213463, -73.95567713], "dataTypes": [{"type": "REAL", "count": 1295, "max_value": -73.7116953, "min_value": -74.23518138, "mean": -73.92432187039381, "stddev": 0.0724018463367751}]}, {"column_name": "INPUT_1_Phone2", "number_non_empty_cells": 950, "number_empty_cells": 346, "number_distinct_values": 947, "frequent_values": ["(212) 665-6007", "(212) 579-9955", "(718) 388-8500", "(718) 204-5253", "(718) 410-4711"], "dataTypes": [{"type": "TEXT", "count": 950, "shortest_values": [["718) 252-8535", 13], ["(718) 998-4100", 14], ["(718) 647-2423", 14], ["(718) 982-8615", 14], ["(718) 434-4649", 14]], "longest_values": [["(718) 998-4100", 14], ["(718) 647-2423", 14], ["(718) 982-8615", 14], ["(718) 434-4649", 14], ["(718) 979-3303", 14]], "average_length": 13.998947368421051}]}, {"column_name": "Column3", "number_non_empty_cells": 0, "number_empty_cells": 1296, "number_distinct_values": 1, "frequent_values": [null], "dataTypes": []}, {"column_name": "INPUT_1_AdditionalInfo2", "number_non_empty_cells": 853, "number_empty_cells": 443, "number_distinct_values": 2, "frequent_values": ["<p>Ask a staff member to check your blood pressure.</p>", null], "dataTypes": [{"type": "TEXT", "count": 853, "shortest_values": [["<p>Ask a staff member to check your blood pressure.</p>", 55], ["<p>Ask a staff member to check your blood pressure.</p>", 55], ["<p>Ask a staff member to check your blood pressure.</p>", 55], ["<p>Ask a staff member to check your blood pressure.</p>", 55], ["<p>Ask a staff member to check your blood pressure.</p>", 55]], "longest_values": [["<p>Ask a staff member to check your blood pressure.</p>", 55], ["<p>Ask a staff member to check your blood pressure.</p>", 55], ["<p>Ask a staff member to check your blood pressure.</p>", 55], ["<p>Ask a staff member to check your blood pressure.</p>", 55], ["<p>Ask a staff member to check your blood pressure.</p>", 55]], "average_length": 55.0}]}, {"column_name": "OUTPUT_BBL", "number_non_empty_cells": 1017, "number_empty_cells": 279, "number_distinct_values": 1010, "frequent_values": [1019660046, 2039447501, 3040100019, 2051410394, 2024390001], "dataTypes": [{"type": "INTEGER (LONG)", "count": 1017, "max_value": 5080080134, "min_value": 1000160125, "mean": 2827592836.0835743, "stddev": 1052032061.9153662}]}, {"column_name": "OUTPUT_BIN", "number_non_empty_cells": 1017, "number_empty_cells": 279, "number_distinct_values": 1004, "frequent_values": [3000000, 4000000, 2118946, 1059535, 3071393], "dataTypes": [{"type": "INTEGER (LONG)", "count": 1017, "max_value": 5159274, "min_value": 1000058, "mean": 2911084.1878072764, "stddev": 1095982.3714000096}]}, {"column_name": "OUTPUT_City_Council_District", "number_non_empty_cells": 1024, "number_empty_cells": 272, "number_distinct_values": 52, "frequent_values": [17, 48, 8, 38, 40], "dataTypes": [{"type": "INTEGER (LONG)", "count": 1024, "max_value": 51, "min_value": 1, "mean": 27.14941406249996, "stddev": 14.214667671121518}]}, {"column_name": "OUTPUT_Community_District", "number_non_empty_cells": 1024, "number_empty_cells": 272, "number_distinct_values": 60, "frequent_values": [315, 314, 301, 201, 112], "dataTypes": [{"type": "INTEGER (LONG)", "count": 1024, "max_value": 503, "min_value": 101, "mean": 286.95117187499966, "stddev": 103.87081425171478}]}, {"column_name": "OUTPUT_NTA_Name", "number_non_empty_cells": 1024, "number_empty_cells": 272, "number_distinct_values": 175, "frequent_values": ["Flatbush", "Bay Ridge", "Sunset Park East", "Forest Hills", "Crown Heights North"], "dataTypes": [{"type": "TEXT", "count": 1024, "shortest_values": [["Hollis", 6], ["Corona", 6], ["Hollis", 6], ["Corona", 6], ["Corona", 6]], "longest_values": [["Todt Hill-Emerson Hill-Heartland Village-Lighthouse Hill", 56], ["Todt Hill-Emerson Hill-Heartland Village-Lighthouse Hill", 56], ["Breezy Point-Belle Harbor-Rockaway Park-Broad Channel", 53], ["Mariner's Harbor-Arlington-Port Ivory-Graniteville", 50], ["Mariner's Harbor-Arlington-Port Ivory-Graniteville", 50]], "average_length": 17.771484374999986}]}, {"column_name": "Location", "number_non_empty_cells": 1295, "number_empty_cells": 1, "number_distinct_values": 1286, "frequent_values": ["(40.67274422, -73.89000844)", "(40.83359938, -73.91388483)", "(40.7460766, -73.71375099)", "(40.76038901, -73.92204762)", "(40.77661914, -73.98213463)"], "dataTypes": [{"type": "TEXT", "count": 1295, "shortest_values": [["(40.820372, -73.94037)", 22], ["(40.805271, -73.954405)", 23], ["(40.822375, -73.941883)", 23], ["(40.801973, -73.956811)", 23], ["(40.807426, -73.949874)", 23]], "longest_values": [["(40.69516368, -73.84499117)", 27], ["(40.60624615, -73.96181102)", 27], ["(40.62290095, -74.14944053)", 27], ["(40.65198071, -73.92923473)", 27], ["(40.52797357, -74.23518138)", 27]], "average_length": 26.73359073359073}]}]}