{"dataset_name": "/user/hm74/NYCOpenData/8fcu-mcx2.tsv.gz", "columns": [{"column_name": "Agency", "number_non_empty_cells": 200, "number_empty_cells": 0, "number_distinct_values": 45, "frequent_values": ["DPR", "NYPD", "ACS", "HRA", "DFTA"], "dataTypes": [{"type": "INTEGER (LONG)", "count": 3, "max_value": 311, "min_value": 311, "mean": 311.0, "stddev": 0.0}, {"type": "TEXT", "count": 197, "shortest_values": [["ACS", 3], ["ACS", 3], ["ACS", 3], ["ACS", 3], ["ACS", 3]], "longest_values": [["DOHMH", 5], ["DOHMH", 5], ["DOHMH", 5], ["DOHMH", 5], ["DOHMH", 5]], "average_length": 3.553299492385788}]}, {"column_name": "Resource Indicators", "number_non_empty_cells": 200, "number_empty_cells": 0, "number_distinct_values": 15, "frequent_values": ["Expenditures ($000,000)", "Personnel", "Revenues ($000,000)", "Overtime paid ($000)", "Overtime paid ($000,000)"], "dataTypes": [{"type": "TEXT", "count": 200, "shortest_values": [["Personnel", 9], ["Personnel", 9], ["Personnel", 9], ["Personnel", 9], ["Personnel", 9]], "longest_values": [["Capital commitments (capital projects managed for client agencies) ($000,000)", 77], ["    - Parks Opportunity Program (POP) participants", 50], ["Human services contract budget ($000,000)", 41], ["Human services contract budget ($000,000)", 41], ["Human services contract budget ($000,000)", 41]], "average_length": 21.044999999999995}]}, {"column_name": "FY14 Actual", "number_non_empty_cells": 197, "number_empty_cells": 3, "number_distinct_values": 192, "frequent_values": ["NA", "$0", "64", "$5.60", "$6.40"], "dataTypes": [{"type": "INTEGER (LONG)", "count": 21, "max_value": 960, "min_value": 51, "mean": 345.42857142857144, "stddev": 249.38124789711256}, {"type": "DATE/TIME", "count": 24, "max_value": "2019-02-01T00:00:00", "min_value": "0134-12-07T00:00:00"}, {"type": "TEXT", "count": 155, "shortest_values": [["$4", 2], ["$0", 2], ["NA", 2], ["NA", 2], ["NA", 2]], "longest_values": [["$20,085.30", 10], ["$2,785.50", 9], ["$1,629.50", 9], ["$1,201.70", 9], ["$1,301.30", 9]], "average_length": 6.09677419354839}]}, {"column_name": "FY15 Actual", "number_non_empty_cells": 197, "number_empty_cells": 3, "number_distinct_values": 194, "frequent_values": ["NA", "$35.00", "$5.80", "$41", "$37.40"], "dataTypes": [{"type": "INTEGER (LONG)", "count": 21, "max_value": 945, "min_value": 53, "mean": 362.23809523809524, "stddev": 252.80707961038945}, {"type": "DATE/TIME", "count": 24, "max_value": "2019-03-08T00:00:00", "min_value": "0105-02-07T00:00:00"}, {"type": "TEXT", "count": 155, "shortest_values": [["$9", 2], ["$0", 2], ["NA", 2], ["NA", 2], ["NA", 2]], "longest_values": [["$20,999.40", 10], ["$2,826.70", 9], ["$1,647.80", 9], ["$1,157.80", 9], ["$1,439.20", 9]], "average_length": 6.0838709677419365}]}, {"column_name": "FY16 Actual", "number_non_empty_cells": 197, "number_empty_cells": 3, "number_distinct_values": 193, "frequent_values": ["NA", "$360.00", "$89.00", "$0.00", "$7.20"], "dataTypes": [{"type": "TEXT", "count": 200, "shortest_values": [["NA", 2], ["NA", 2], ["NA", 2], ["$7.20", 5], ["$8.10", 5]], "longest_values": [["$141,311.00", 11], ["$22,421.60", 10], ["$10,945.00", 10], ["$39,443.00", 10], ["$13,401.00", 10]], "average_length": 7.039999999999999}]}, {"column_name": "FY17 Actual", "number_non_empty_cells": 200, "number_empty_cells": 0, "number_distinct_values": 193, "frequent_values": ["$65.00", "$51.00", "$28.50", "$5.50", "$76.00"], "dataTypes": [{"type": "TEXT", "count": 200, "shortest_values": [["$8.50", 5], ["$9.60", 5], ["$4.80", 5], ["$8.30", 5], ["$5.00", 5]], "longest_values": [["$144,740.00", 11], ["$10,862.00", 10], ["$23,508.00", 10], ["$11,090.00", 10], ["$37,575.00", 10]], "average_length": 7.144999999999999}]}, {"column_name": "FY18 Actual (Not Yet Final)", "number_non_empty_cells": 200, "number_empty_cells": 0, "number_distinct_values": 193, "frequent_values": ["$7.00", "$17.20", "$0.00", "$3.30", "$2.00"], "dataTypes": [{"type": "TEXT", "count": 200, "shortest_values": [["$9.50", 5], ["$9.00", 5], ["$7.40", 5], ["$5.80", 5], ["$0.00", 5]], "longest_values": [["$146,134.00", 11], ["$10,653.00", 10], ["$25,019.50", 10], ["$11,244.00", 10], ["$36,574.00", 10]], "average_length": 7.105000000000004}]}, {"column_name": "FY18 Plan (Authorized Budget Level)", "number_non_empty_cells": 200, "number_empty_cells": 0, "number_distinct_values": 194, "frequent_values": ["$1.00", "$0.00", "$3.40", "$742.00", "$22.20"], "dataTypes": [{"type": "TEXT", "count": 200, "shortest_values": [["$3.40", 5], ["$9.00", 5], ["$6.60", 5], ["$5.70", 5], ["$0.00", 5]], "longest_values": [["$145,459.00", 11], ["$10,427.00", 10], ["$24,399.20", 10], ["$10,914.00", 10], ["$37,575.00", 10]], "average_length": 7.215000000000002}]}, {"column_name": "FY19 Plan (Authorized Budget Level)", "number_non_empty_cells": 200, "number_empty_cells": 0, "number_distinct_values": 192, "frequent_values": ["$0.00", "$1.00", "$5.10", "$2.00", "$2,582.00"], "dataTypes": [{"type": "TEXT", "count": 200, "shortest_values": [["$3.40", 5], ["$8.60", 5], ["$5.10", 5], ["$8.30", 5], ["$0.00", 5]], "longest_values": [["$146,748.00", 11], ["$10,102.00", 10], ["$10,226.00", 10], ["$25,593.20", 10], ["$10,946.00", 10]], "average_length": 7.1899999999999995}]}, {"column_name": "5 Yr Trend", "number_non_empty_cells": 196, "number_empty_cells": 4, "number_distinct_values": 4, "frequent_values": ["Up", "Neutral", "Down", "NA"], "dataTypes": [{"type": "TEXT", "count": 200, "shortest_values": [["Up", 2], ["Up", 2], ["Up", 2], ["Up", 2], ["Up", 2]], "longest_values": [["Neutral", 7], ["Neutral", 7], ["Neutral", 7], ["Neutral", 7], ["Neutral", 7]], "average_length": 3.6149999999999998}]}, {"column_name": "Includes all Funds", "number_non_empty_cells": 43, "number_empty_cells": 157, "number_distinct_values": 2, "frequent_values": ["Y", null], "dataTypes": [{"type": "TEXT", "count": 43, "shortest_values": [["Y", 1], ["Y", 1], ["Y", 1], ["Y", 1], ["Y", 1]], "longest_values": [["Y", 1], ["Y", 1], ["Y", 1], ["Y", 1], ["Y", 1]], "average_length": 1.0}]}, {"column_name": "Notes", "number_non_empty_cells": 5, "number_empty_cells": 195, "number_distinct_values": 4, "frequent_values": ["This is a subtotal of the Department of Information Technology and Telecommunications total.", "The Parks Opportunity Program participants, reflected as full-time equivalents, are a subtotal of the Department's total Personnel count reported above.", "DEP revenues shown here do not include any of the approximately $1.5 billion the City receives annually from the NYC Water Board in reimbursement for operations & maintenance and in rent.", null], "dataTypes": [{"type": "TEXT", "count": 5, "shortest_values": [["This is a subtotal of the Department of Information Technology and Telecommunications total.", 92], ["This is a subtotal of the Department of Information Technology and Telecommunications total.", 92], ["This is a subtotal of the Department of Information Technology and Telecommunications total.", 92], ["The Parks Opportunity Program participants, reflected as full-time equivalents, are a subtotal of the Department's total Personnel count reported above.", 152], ["DEP revenues shown here do not include any of the approximately $1.5 billion the City receives annually from the NYC Water Board in reimbursement for operations & maintenance and in rent.", 187]], "longest_values": [["DEP revenues shown here do not include any of the approximately $1.5 billion the City receives annually from the NYC Water Board in reimbursement for operations & maintenance and in rent.", 187], ["The Parks Opportunity Program participants, reflected as full-time equivalents, are a subtotal of the Department's total Personnel count reported above.", 152], ["This is a subtotal of the Department of Information Technology and Telecommunications total.", 92], ["This is a subtotal of the Department of Information Technology and Telecommunications total.", 92], ["This is a subtotal of the Department of Information Technology and Telecommunications total.", 92]], "average_length": 123.0}]}]}