{"dataset_name": "/user/hm74/NYCOpenData/8fhd-nzw8.tsv.gz", "columns": [{"column_name": "Indicator", "number_non_empty_cells": 4, "number_empty_cells": 0, "number_distinct_values": 1, "frequent_values": ["Calendar Year Collections"], "dataTypes": [{"type": "TEXT", "count": 4, "shortest_values": [["Calendar Year Collections", 25], ["Calendar Year Collections", 25], ["Calendar Year Collections", 25], ["Calendar Year Collections", 25]], "longest_values": [["Calendar Year Collections", 25], ["Calendar Year Collections", 25], ["Calendar Year Collections", 25], ["Calendar Year Collections", 25]], "average_length": 25.0}]}, {"column_name": "Case Type", "number_non_empty_cells": 4, "number_empty_cells": 0, "number_distinct_values": 4, "frequent_values": ["Total", "Former", "Never", "Current"], "dataTypes": [{"type": "TEXT", "count": 4, "shortest_values": [["Total", 5], ["Never", 5], ["Former", 6], ["Current", 7]], "longest_values": [["Current", 7], ["Former", 6], ["Total", 5], ["Never", 5]], "average_length": 5.75}]}, {"column_name": "August 2019", "number_non_empty_cells": 4, "number_empty_cells": 0, "number_distinct_values": 4, "frequent_values": [2799664, 28201882, 72030022, 41028476], "dataTypes": [{"type": "INTEGER (LONG)", "count": 4, "max_value": 72030022, "min_value": 2799664, "mean": 36015011.0, "stddev": 24932509.44919803}]}, {"column_name": "July 2019", "number_non_empty_cells": 4, "number_empty_cells": 0, "number_distinct_values": 4, "frequent_values": ["$2,271,424", "$58,206,397", "$33,063,292", "$22,871,681"], "dataTypes": [{"type": "TEXT", "count": 4, "shortest_values": [["$2,271,424", 10], ["$58,206,397", 11], ["$22,871,681", 11], ["$33,063,292", 11]], "longest_values": [["$58,206,397", 11], ["$22,871,681", 11], ["$33,063,292", 11], ["$2,271,424", 10]], "average_length": 10.75}]}, {"column_name": "June 2019", "number_non_empty_cells": 4, "number_empty_cells": 0, "number_distinct_values": 4, "frequent_values": ["$24,235,214", "$34,279,266", "$60,954,823", "$2,440,343"], "dataTypes": [{"type": "TEXT", "count": 4, "shortest_values": [["$2,440,343", 10], ["$60,954,823", 11], ["$24,235,214", 11], ["$34,279,266", 11]], "longest_values": [["$60,954,823", 11], ["$24,235,214", 11], ["$34,279,266", 11], ["$2,440,343", 10]], "average_length": 10.75}]}, {"column_name": "CYTD 2019", "number_non_empty_cells": 4, "number_empty_cells": 0, "number_distinct_values": 4, "frequent_values": [207088874.0, 301717910.0, 22291858.0, 531098642.0], "dataTypes": [{"type": "REAL", "count": 4, "max_value": 531098642.0, "min_value": 22291858.0, "mean": 265549321.0, "stddev": 183314228.77292433}]}, {"column_name": "CYTD 2018", "number_non_empty_cells": 4, "number_empty_cells": 0, "number_distinct_values": 4, "frequent_values": [212102185.0, 286271496.0, 520931295.0, 22557614.0], "dataTypes": [{"type": "REAL", "count": 4, "max_value": 520931295.0, "min_value": 22557614.0, "mean": 260465647.5, "stddev": 178498986.1688472}]}, {"column_name": "CY Change", "number_non_empty_cells": 4, "number_empty_cells": 0, "number_distinct_values": 4, "frequent_values": [-0.02, 0.05, -0.01, 0.02], "dataTypes": [{"type": "REAL", "count": 4, "max_value": 0.05, "min_value": -0.02, "mean": 0.01, "stddev": 0.027386127875258306}]}, {"column_name": "CY2018", "number_non_empty_cells": 1, "number_empty_cells": 3, "number_distinct_values": 2, "frequent_values": [520931295, null], "dataTypes": [{"type": "INTEGER (LONG)", "count": 1, "max_value": 520931295, "min_value": 520931295, "mean": 520931295.0, "stddev": 0.0}]}, {"column_name": "CY2019", "number_non_empty_cells": 1, "number_empty_cells": 3, "number_distinct_values": 2, "frequent_values": [531098642, null], "dataTypes": [{"type": "INTEGER (LONG)", "count": 1, "max_value": 531098642, "min_value": 531098642, "mean": 531098642.0, "stddev": 0.0}]}]}