{"dataset_name": "/user/hm74/NYCOpenData/8fwe-y7ui.tsv.gz", "columns": [{"column_name": "DBN", "number_non_empty_cells": 6831, "number_empty_cells": 0, "number_distinct_values": 1144, "frequent_values": ["02M042", "08X093", "01M064", "01M539", "02M177"], "dataTypes": [{"type": "DATE/TIME", "count": 202, "min_value": "2019-12-09T00:06:52", "max_value": "2019-12-09T00:01:15"}, {"type": "TEXT", "count": "6629", "shortest_values": [["01M063", 6], ["01M063", 6], ["01M063", 6], ["01M063", 6], ["01M063", 6]], "longest_values": [["01M063", 6], ["01M063", 6], ["01M063", 6], ["01M063", 6], ["01M063", 6]], "average_length": "6.0"}]}, {"column_name": "School_Name", "number_non_empty_cells": 6831, "number_empty_cells": 0, "number_distinct_values": 1140, "frequent_values": ["P.S. 253", "P.S. 212", "P.S. 376", "P.S. 360", "P.S. 185 Walter Kassenbrock"], "dataTypes": [{"type": "TEXT", "count": "6831", "shortest_values": [["Kappa", 5], ["Kappa", 5], ["Kappa", 5], ["Kappa", 5], ["Kappa", 5]], "longest_values": [["New Explorations into Science, Technology and Math", 50], ["New Explorations into Science, Technology and Math", 50], ["New Explorations into Science, Technology and Math", 50], ["New Explorations into Science, Technology and Math", 50], ["New Explorations into Science, Technology and Math", 50]], "average_length": "26.232176840872494"}]}, {"column_name": "Category", "number_non_empty_cells": 6831, "number_empty_cells": 0, "number_distinct_values": 6, "frequent_values": ["Receive free or reduced price lunch", "All Students", "Students with Disabilities", "Students in temporary housing", "English Language Learners"], "dataTypes": [{"type": "TEXT", "count": "6831", "shortest_values": [["All Students", 12], ["All Students", 12], ["All Students", 12], ["All Students", 12], ["All Students", 12]], "longest_values": [["Attend school outside district of residence", 43], ["Attend school outside district of residence", 43], ["Attend school outside district of residence", 43], ["Attend school outside district of residence", 43], ["Attend school outside district of residence", 43]], "average_length": "28.309471526862833"}]}, {"column_name": "Year", "number_non_empty_cells": 6831, "number_empty_cells": 0, "number_distinct_values": 1, "frequent_values": ["2017-18"], "dataTypes": [{"type": "TEXT", "count": "6831", "shortest_values": [["2017-18", 7], ["2017-18", 7], ["2017-18", 7], ["2017-18", 7], ["2017-18", 7]], "longest_values": [["2017-18", 7], ["2017-18", 7], ["2017-18", 7], ["2017-18", 7], ["2017-18", 7]], "average_length": "7.0"}]}, {"column_name": "Total_Enrollment", "number_non_empty_cells": 6831, "number_empty_cells": 0, "number_distinct_values": 1009, "frequent_values": ["s", "16", "14", "44", "29"], "dataTypes": [{"type": "INTEGER (LONG)", "count": "6624", "mean": "219.78336352657004", "stddev": "276.1076418441623", "min_value": "6", "max_value": "2238"}, {"type": "TEXT", "count": "207", "shortest_values": [["s", 1], ["s", 1], ["s", 1], ["s", 1], ["s", 1]], "longest_values": [["s", 1], ["s", 1], ["s", 1], ["s", 1], ["s", 1]], "average_length": "1.0"}]}, {"column_name": "#Grade_K", "number_non_empty_cells": 6831, "number_empty_cells": 0, "number_distinct_values": 202, "frequent_values": ["No Data", "s", "9", "8", "10"], "dataTypes": [{"type": "INTEGER (LONG)", "count": "3448", "mean": "44.0046403712297", "stddev": "42.948035763766725", "min_value": "6", "max_value": "314"}, {"type": "TEXT", "count": "3383", "shortest_values": [["s", 1], ["s", 1], ["s", 1], ["s", 1], ["s", 1]], "longest_values": [["No Data", 7], ["No Data", 7], ["No Data", 7], ["No Data", 7], ["No Data", 7]], "average_length": "5.045521726278451"}]}, {"column_name": "#Grade_1", "number_non_empty_cells": 6831, "number_empty_cells": 0, "number_distinct_values": 214, "frequent_values": ["No Data", "s", "9", "7", "8"], "dataTypes": [{"type": "INTEGER (LONG)", "count": "3537", "mean": "44.5405711054566", "stddev": "43.60311291519746", "min_value": "6", "max_value": "331"}, {"type": "TEXT", "count": "3294", "shortest_values": [["s", 1], ["s", 1], ["s", 1], ["s", 1], ["s", 1]], "longest_values": [["No Data", 7], ["No Data", 7], ["No Data", 7], ["No Data", 7], ["No Data", 7]], "average_length": "5.131147540983607"}]}, {"column_name": "#Grade_2", "number_non_empty_cells": 6831, "number_empty_cells": 0, "number_distinct_values": 210, "frequent_values": ["No Data", "s", "7", "9", "8"], "dataTypes": [{"type": "INTEGER (LONG)", "count": "3640", "mean": "44.84505494505495", "stddev": "43.58837352952553", "min_value": "6", "max_value": "321"}, {"type": "TEXT", "count": "3191", "shortest_values": [["s", 1], ["s", 1], ["s", 1], ["s", 1], ["s", 1]], "longest_values": [["No Data", 7], ["No Data", 7], ["No Data", 7], ["No Data", 7], ["No Data", 7]], "average_length": "5.260733312441241"}]}, {"column_name": "#Grade_3", "number_non_empty_cells": 6831, "number_empty_cells": 0, "number_distinct_values": 221, "frequent_values": ["No Data", "s", "8", "9", "10"], "dataTypes": [{"type": "INTEGER (LONG)", "count": "3628", "mean": "45.60170893054024", "stddev": "45.51881927923718", "min_value": "6", "max_value": "340"}, {"type": "TEXT", "count": "3203", "shortest_values": [["s", 1], ["s", 1], ["s", 1], ["s", 1], ["s", 1]], "longest_values": [["No Data", 7], ["No Data", 7], ["No Data", 7], ["No Data", 7], ["No Data", 7]], "average_length": "5.344052450827349"}]}, {"column_name": "#Grade_4", "number_non_empty_cells": 6831, "number_empty_cells": 0, "number_distinct_values": 224, "frequent_values": ["No Data", "s", "9", "7", "10"], "dataTypes": [{"type": "INTEGER (LONG)", "count": "3553", "mean": "46.05375738812271", "stddev": "46.16497764682055", "min_value": "6", "max_value": "357"}, {"type": "TEXT", "count": "3278", "shortest_values": [["s", 1], ["s", 1], ["s", 1], ["s", 1], ["s", 1]], "longest_values": [["No Data", 7], ["No Data", 7], ["No Data", 7], ["No Data", 7], ["No Data", 7]], "average_length": "5.418547895057962"}]}, {"column_name": "#Grade_5", "number_non_empty_cells": 6831, "number_empty_cells": 0, "number_distinct_values": 226, "frequent_values": ["No Data", "s", "8", "13", "11"], "dataTypes": [{"type": "INTEGER (LONG)", "count": "3534", "mean": "46.02546689303905", "stddev": "46.7617786472343", "min_value": "6", "max_value": "351"}, {"type": "TEXT", "count": "3297", "shortest_values": [["s", 1], ["s", 1], ["s", 1], ["s", 1], ["s", 1]], "longest_values": [["No Data", 7], ["No Data", 7], ["No Data", 7], ["No Data", 7], ["No Data", 7]], "average_length": "5.494995450409463"}]}, {"column_name": "#Grade_6", "number_non_empty_cells": 6831, "number_empty_cells": 0, "number_distinct_values": 295, "frequent_values": ["No Data", "s", "9", "8", "11"], "dataTypes": [{"type": "INTEGER (LONG)", "count": "2462", "mean": "64.07879772542648", "stddev": "87.39369164760893", "min_value": "6", "max_value": "771"}, {"type": "TEXT", "count": "4369", "shortest_values": [["s", 1], ["s", 1], ["s", 1], ["s", 1], ["s", 1]], "longest_values": [["No Data", 7], ["No Data", 7], ["No Data", 7], ["No Data", 7], ["No Data", 7]], "average_length": "6.443808651865416"}]}, {"column_name": "#Grade_7", "number_non_empty_cells": 6732, "number_empty_cells": 99, "number_distinct_values": 294, "frequent_values": ["No Data", "s", "10", "9", "16"], "dataTypes": [{"type": "INTEGER (LONG)", "count": "2392", "mean": "65.4423076923077", "stddev": "89.42399448593646", "min_value": "6", "max_value": "752"}, {"type": "TEXT", "count": "4340", "shortest_values": [["s", 1], ["s", 1], ["s", 1], ["s", 1], ["s", 1]], "longest_values": [["No Data", 7], ["No Data", 7], ["No Data", 7], ["No Data", 7], ["No Data", 7]], "average_length": "6.4069124423963135"}]}, {"column_name": "#Grade_8", "number_non_empty_cells": 6724, "number_empty_cells": 107, "number_distinct_values": 298, "frequent_values": ["No Data", "s", "9", "8", "13"], "dataTypes": [{"type": "INTEGER (LONG)", "count": "2386", "mean": "64.71961441743504", "stddev": "88.53646140862598", "min_value": "6", "max_value": "768"}, {"type": "TEXT", "count": "4338", "shortest_values": [["s", 1], ["s", 1], ["s", 1], ["s", 1], ["s", 1]], "longest_values": [["No Data", 7], ["No Data", 7], ["No Data", 7], ["No Data", 7], ["No Data", 7]], "average_length": "6.408022130013832"}]}, {"column_name": "#Female", "number_non_empty_cells": 6831, "number_empty_cells": 0, "number_distinct_values": 598, "frequent_values": ["s", "18", "12", "16", "14"], "dataTypes": [{"type": "INTEGER (LONG)", "count": "6164", "mean": "110.91953277092797", "stddev": "138.12744004965293", "min_value": "6", "max_value": "1030"}, {"type": "TEXT", "count": "667", "shortest_values": [["s", 1], ["s", 1], ["s", 1], ["s", 1], ["s", 1]], "longest_values": [["s", 1], ["s", 1], ["s", 1], ["s", 1], ["s", 1]], "average_length": "1.0"}]}, {"column_name": "%Female", "number_non_empty_cells": 6831, "number_empty_cells": 0, "number_distinct_values": 462, "frequent_values": ["s", "50.0%", "47.1%", "48.3%", "48.9%"], "dataTypes": [{"type": "TEXT", "count": "6831", "shortest_values": [["s", 1], ["s", 1], ["s", 1], ["s", 1], ["s", 1]], "longest_values": [["33.3%", 5], ["48.1%", 5], ["43.4%", 5], ["56.8%", 5], ["42.1%", 5]], "average_length": "4.609427609427609"}]}, {"column_name": "#Male", "number_non_empty_cells": 6831, "number_empty_cells": 0, "number_distinct_values": 611, "frequent_values": ["s", "20", "13", "25", "11"], "dataTypes": [{"type": "INTEGER (LONG)", "count": "6164", "mean": "123.4229396495782", "stddev": "143.48872266410234", "min_value": "6", "max_value": "1208"}, {"type": "TEXT", "count": "667", "shortest_values": [["s", 1], ["s", 1], ["s", 1], ["s", 1], ["s", 1]], "longest_values": [["s", 1], ["s", 1], ["s", 1], ["s", 1], ["s", 1]], "average_length": "1.0"}]}, {"column_name": "%Male", "number_non_empty_cells": 6831, "number_empty_cells": 0, "number_distinct_values": 462, "frequent_values": ["s", "50.0%", "52.9%", "51.7%", "51.1%"], "dataTypes": [{"type": "TEXT", "count": "6831", "shortest_values": [["s", 1], ["s", 1], ["s", 1], ["s", 1], ["s", 1]], "longest_values": [["66.7%", 5], ["51.9%", 5], ["56.6%", 5], ["43.2%", 5], ["57.9%", 5]], "average_length": "4.609427609427609"}]}, {"column_name": "#Asian", "number_non_empty_cells": 6831, "number_empty_cells": 0, "number_distinct_values": 435, "frequent_values": ["s", "7", "6", "8", "9"], "dataTypes": [{"type": "INTEGER (LONG)", "count": "2701", "mean": "89.01036653091448", "stddev": "151.56500342382998", "min_value": "6", "max_value": "1381"}, {"type": "TEXT", "count": "4130", "shortest_values": [["s", 1], ["s", 1], ["s", 1], ["s", 1], ["s", 1]], "longest_values": [["s", 1], ["s", 1], ["s", 1], ["s", 1], ["s", 1]], "average_length": "1.0"}]}, {"column_name": "%Asian", "number_non_empty_cells": 6831, "number_empty_cells": 0, "number_distinct_values": 722, "frequent_values": ["s", "3.0%", "33.3%", "3.7%", "2.1%"], "dataTypes": [{"type": "TEXT", "count": "6831", "shortest_values": [["s", 1], ["s", 1], ["s", 1], ["s", 1], ["s", 1]], "longest_values": [["100.0%", 6], ["100.0%", 6], ["100.0%", 6], ["100.0%", 6], ["30.8%", 5]], "average_length": "2.4570341092080223"}]}, {"column_name": "#Black", "number_non_empty_cells": 6831, "number_empty_cells": 0, "number_distinct_values": 406, "frequent_values": ["s", "6", "8", "7", "9"], "dataTypes": [{"type": "INTEGER (LONG)", "count": "4396", "mean": "70.18607825295723", "stddev": "92.67725910109381", "min_value": "6", "max_value": "1136"}, {"type": "TEXT", "count": "2435", "shortest_values": [["s", 1], ["s", 1], ["s", 1], ["s", 1], ["s", 1]], "longest_values": [["s", 1], ["s", 1], ["s", 1], ["s", 1], ["s", 1]], "average_length": "1.0"}]}, {"column_name": "%Black", "number_non_empty_cells": 6831, "number_empty_cells": 0, "number_distinct_values": 899, "frequent_values": ["s", "50.0%", "33.3%", "25.0%", "20.0%"], "dataTypes": [{"type": "TEXT", "count": "6831", "shortest_values": [["s", 1], ["s", 1], ["s", 1], ["s", 1], ["s", 1]], "longest_values": [["100.0%", 6], ["100.0%", 6], ["100.0%", 6], ["100.0%", 6], ["100.0%", 6]], "average_length": "3.473283560240082"}]}, {"column_name": "#Hispanic", "number_non_empty_cells": 6831, "number_empty_cells": 0, "number_distinct_values": 621, "frequent_values": ["s", "6", "7", "8", "9"], "dataTypes": [{"type": "INTEGER (LONG)", "count": "5979", "mean": "112.10904833584212", "stddev": "158.90599813402812", "min_value": "6", "max_value": "1968"}, {"type": "TEXT", "count": "852", "shortest_values": [["s", 1], ["s", 1], ["s", 1], ["s", 1], ["s", 1]], "longest_values": [["s", 1], ["s", 1], ["s", 1], ["s", 1], ["s", 1]], "average_length": "1.0"}]}, {"column_name": "%Hispanic", "number_non_empty_cells": 6831, "number_empty_cells": 0, "number_distinct_values": 953, "frequent_values": ["s", "50.0%", "100.0%", "66.7%", "33.3%"], "dataTypes": [{"type": "TEXT", "count": "6831", "shortest_values": [["s", 1], ["s", 1], ["s", 1], ["s", 1], ["s", 1]], "longest_values": [["100.0%", 6], ["100.0%", 6], ["100.0%", 6], ["100.0%", 6], ["100.0%", 6]], "average_length": "4.474747474747475"}]}, {"column_name": "#Other", "number_non_empty_cells": 6831, "number_empty_cells": 0, "number_distinct_values": 82, "frequent_values": ["s", "6", "7", "10", "8"], "dataTypes": [{"type": "INTEGER (LONG)", "count": "1152", "mean": "18.092881944444443", "stddev": "19.60826306857432", "min_value": "6", "max_value": "253"}, {"type": "TEXT", "count": "5679", "shortest_values": [["s", 1], ["s", 1], ["s", 1], ["s", 1], ["s", 1]], "longest_values": [["s", 1], ["s", 1], ["s", 1], ["s", 1], ["s", 1]], "average_length": "1.0"}]}, {"column_name": "%Other", "number_non_empty_cells": 6831, "number_empty_cells": 0, "number_distinct_values": 148, "frequent_values": ["s", "1.1%", "1.5%", "1.4%", "1.0%"], "dataTypes": [{"type": "TEXT", "count": "6831", "shortest_values": [["s", 1], ["s", 1], ["s", 1], ["s", 1], ["s", 1]], "longest_values": [["11.0%", 5], ["10.1%", 5], ["14.3%", 5], ["11.7%", 5], ["14.0%", 5]], "average_length": "1.5174937783633435"}]}, {"column_name": "#White", "number_non_empty_cells": 6831, "number_empty_cells": 0, "number_distinct_values": 357, "frequent_values": ["s", "6", "9", "7", "8"], "dataTypes": [{"type": "INTEGER (LONG)", "count": "2667", "mean": "68.1931008623922", "stddev": "115.88845872696918", "min_value": "6", "max_value": "1101"}, {"type": "TEXT", "count": "4164", "shortest_values": [["s", 1], ["s", 1], ["s", 1], ["s", 1], ["s", 1]], "longest_values": [["s", 1], ["s", 1], ["s", 1], ["s", 1], ["s", 1]], "average_length": "1.0"}]}, {"column_name": "%White", "number_non_empty_cells": 6831, "number_empty_cells": 0, "number_distinct_values": 669, "frequent_values": ["s", "2.2%", "2.6%", "2.1%", "2.8%"], "dataTypes": [{"type": "TEXT", "count": "6831", "shortest_values": [["s", 1], ["s", 1], ["s", 1], ["s", 1], ["s", 1]], "longest_values": [["100.0%", 6], ["14.1%", 5], ["13.8%", 5], ["22.2%", 5], ["10.6%", 5]], "average_length": "2.408285756111843"}]}, {"column_name": "#ELL_Spanish", "number_non_empty_cells": 4421, "number_empty_cells": 2410, "number_distinct_values": 213, "frequent_values": ["No Data", "s", "6", "7", "8"], "dataTypes": [{"type": "INTEGER (LONG)", "count": "910", "mean": "67.04285714285714", "stddev": "86.99161807662921", "min_value": "6", "max_value": "1041"}, {"type": "TEXT", "count": "3511", "shortest_values": [["s", 1], ["s", 1], ["s", 1], ["s", 1], ["s", 1]], "longest_values": [["No Data", 7], ["No Data", 7], ["No Data", 7], ["No Data", 7], ["No Data", 7]], "average_length": "6.622329820563942"}]}, {"column_name": "%ELL_Spanish", "number_non_empty_cells": 4421, "number_empty_cells": 2410, "number_distinct_values": 500, "frequent_values": ["No Data", "s", "100.0%", "66.7%", "50.0%"], "dataTypes": [{"type": "TEXT", "count": "4421", "shortest_values": [["s", 1], ["s", 1], ["s", 1], ["s", 1], ["s", 1]], "longest_values": [["No Data", 7], ["No Data", 7], ["No Data", 7], ["No Data", 7], ["No Data", 7]], "average_length": "6.290205835783759"}]}, {"column_name": "#ELL_Chinese", "number_non_empty_cells": 4421, "number_empty_cells": 2410, "number_distinct_values": 105, "frequent_values": ["No Data", "s", "7", "8", "6"], "dataTypes": [{"type": "INTEGER (LONG)", "count": "217", "mean": "66.52073732718894", "stddev": "104.04798031130277", "min_value": "6", "max_value": "742"}, {"type": "TEXT", "count": "4204", "shortest_values": [["s", 1], ["s", 1], ["s", 1], ["s", 1], ["s", 1]], "longest_values": [["No Data", 7], ["No Data", 7], ["No Data", 7], ["No Data", 7], ["No Data", 7]], "average_length": "5.695528068506184"}]}, {"column_name": "%ELL_Chinese", "number_non_empty_cells": 4421, "number_empty_cells": 2410, "number_distinct_values": 190, "frequent_values": ["No Data", "s", "33.3%", "68.8%", "20.0%"], "dataTypes": [{"type": "TEXT", "count": "4421", "shortest_values": [["s", 1], ["s", 1], ["s", 1], ["s", 1], ["s", 1]], "longest_values": [["No Data", 7], ["No Data", 7], ["No Data", 7], ["No Data", 7], ["No Data", 7]], "average_length": "5.651888712960869"}]}, {"column_name": "#ELL_Bengali", "number_non_empty_cells": 4421, "number_empty_cells": 2410, "number_distinct_values": 49, "frequent_values": ["No Data", "s", "10", "11", "6"], "dataTypes": [{"type": "INTEGER (LONG)", "count": "131", "mean": "26.732824427480917", "stddev": "26.64548581409123", "min_value": "6", "max_value": "109"}, {"type": "TEXT", "count": "4290", "shortest_values": [["s", 1], ["s", 1], ["s", 1], ["s", 1], ["s", 1]], "longest_values": [["No Data", 7], ["No Data", 7], ["No Data", 7], ["No Data", 7], ["No Data", 7]], "average_length": "5.601398601398602"}]}, {"column_name": "%ELL_Bengali", "number_non_empty_cells": 4421, "number_empty_cells": 2410, "number_distinct_values": 115, "frequent_values": ["No Data", "s", "13.3%", "3.6%", "14.3%"], "dataTypes": [{"type": "TEXT", "count": "4421", "shortest_values": [["s", 1], ["s", 1], ["s", 1], ["s", 1], ["s", 1]], "longest_values": [["No Data", 7], ["No Data", 7], ["No Data", 7], ["No Data", 7], ["No Data", 7]], "average_length": "5.572268717484732"}]}, {"column_name": "#ELL_Arabic", "number_non_empty_cells": 4421, "number_empty_cells": 2410, "number_distinct_values": 40, "frequent_values": ["No Data", "s", "6", "9", "8"], "dataTypes": [{"type": "INTEGER (LONG)", "count": "349", "mean": "15.28080229226361", "stddev": "14.26599539611008", "min_value": "6", "max_value": "130"}, {"type": "TEXT", "count": "4072", "shortest_values": [["s", 1], ["s", 1], ["s", 1], ["s", 1], ["s", 1]], "longest_values": [["No Data", 7], ["No Data", 7], ["No Data", 7], ["No Data", 7], ["No Data", 7]], "average_length": "5.847740667976424"}]}, {"column_name": "%ELL_Arabic", "number_non_empty_cells": 4421, "number_empty_cells": 2410, "number_distinct_values": 227, "frequent_values": ["No Data", "s", "8.6%", "6.3%", "5.1%"], "dataTypes": [{"type": "TEXT", "count": "4421", "shortest_values": [["s", 1], ["s", 1], ["s", 1], ["s", 1], ["s", 1]], "longest_values": [["No Data", 7], ["No Data", 7], ["No Data", 7], ["No Data", 7], ["No Data", 7]], "average_length": "5.7509613209681065"}]}, {"column_name": "#ELL_Haitian_Creole", "number_non_empty_cells": 4421, "number_empty_cells": 2410, "number_distinct_values": 27, "frequent_values": ["No Data", "s", "7", "6", "11"], "dataTypes": [{"type": "INTEGER (LONG)", "count": "64", "mean": "16.484375", "stddev": "12.666656876562632", "min_value": "6", "max_value": "58"}, {"type": "TEXT", "count": "4357", "shortest_values": [["s", 1], ["s", 1], ["s", 1], ["s", 1], ["s", 1]], "longest_values": [["No Data", 7], ["No Data", 7], ["No Data", 7], ["No Data", 7], ["No Data", 7]], "average_length": "5.530640348863897"}]}, {"column_name": "%ELL_Haitian_Creole", "number_non_empty_cells": 4421, "number_empty_cells": 2410, "number_distinct_values": 58, "frequent_values": ["No Data", "s", "50.0%", "48.8%", "20.8%"], "dataTypes": [{"type": "TEXT", "count": "4421", "shortest_values": [["s", 1], ["s", 1], ["s", 1], ["s", 1], ["s", 1]], "longest_values": [["No Data", 7], ["No Data", 7], ["No Data", 7], ["No Data", 7], ["No Data", 7]], "average_length": "5.521149061298349"}]}, {"column_name": "#ELL_French", "number_non_empty_cells": 4421, "number_empty_cells": 2410, "number_distinct_values": 12, "frequent_values": ["No Data", "s", "7", "9", "6"], "dataTypes": [{"type": "INTEGER (LONG)", "count": "22", "mean": "10.727272727272727", "stddev": "8.669496707431934", "min_value": "6", "max_value": "43"}, {"type": "TEXT", "count": "4399", "shortest_values": [["s", 1], ["s", 1], ["s", 1], ["s", 1], ["s", 1]], "longest_values": [["No Data", 7], ["No Data", 7], ["No Data", 7], ["No Data", 7], ["No Data", 7]], "average_length": "5.487383496249148"}]}, {"column_name": "%ELL_French", "number_non_empty_cells": 4421, "number_empty_cells": 2410, "number_distinct_values": 25, "frequent_values": ["No Data", "s", "21.3%", "4.6%", "50.0%"], "dataTypes": [{"type": "TEXT", "count": "4421", "shortest_values": [["s", 1], ["s", 1], ["s", 1], ["s", 1], ["s", 1]], "longest_values": [["No Data", 7], ["No Data", 7], ["No Data", 7], ["No Data", 7], ["No Data", 7]], "average_length": "5.482922415743045"}]}, {"column_name": "#ELL_Russian", "number_non_empty_cells": 4421, "number_empty_cells": 2410, "number_distinct_values": 48, "frequent_values": ["No Data", "s", "7", "11", "6"], "dataTypes": [{"type": "INTEGER (LONG)", "count": "92", "mean": "27.315217391304348", "stddev": "25.239045865800037", "min_value": "6", "max_value": "131"}, {"type": "TEXT", "count": "4329", "shortest_values": [["s", 1], ["s", 1], ["s", 1], ["s", 1], ["s", 1]], "longest_values": [["No Data", 7], ["No Data", 7], ["No Data", 7], ["No Data", 7], ["No Data", 7]], "average_length": "5.55994455994456"}]}, {"column_name": "%ELL_Russian", "number_non_empty_cells": 4421, "number_empty_cells": 2410, "number_distinct_values": 88, "frequent_values": ["No Data", "s", "7.4%", "23.6%", "4.2%"], "dataTypes": [{"type": "TEXT", "count": "4421", "shortest_values": [["s", 1], ["s", 1], ["s", 1], ["s", 1], ["s", 1]], "longest_values": [["No Data", 7], ["No Data", 7], ["No Data", 7], ["No Data", 7], ["No Data", 7]], "average_length": "5.543089798688079"}]}, {"column_name": "#ELL_Korean", "number_non_empty_cells": 4421, "number_empty_cells": 2410, "number_distinct_values": 16, "frequent_values": ["No Data", "s", "10", "16", "8"], "dataTypes": [{"type": "INTEGER (LONG)", "count": "22", "mean": "14.409090909090908", "stddev": "8.583811401808534", "min_value": "6", "max_value": "35"}, {"type": "TEXT", "count": "4399", "shortest_values": [["s", 1], ["s", 1], ["s", 1], ["s", 1], ["s", 1]], "longest_values": [["No Data", 7], ["No Data", 7], ["No Data", 7], ["No Data", 7], ["No Data", 7]], "average_length": "5.487383496249148"}]}, {"column_name": "%ELL_Korean", "number_non_empty_cells": 4421, "number_empty_cells": 2410, "number_distinct_values": 25, "frequent_values": ["No Data", "s", "19.9%", "9.1%", "8.7%"], "dataTypes": [{"type": "TEXT", "count": "4421", "shortest_values": [["s", 1], ["s", 1], ["s", 1], ["s", 1], ["s", 1]], "longest_values": [["No Data", 7], ["No Data", 7], ["No Data", 7], ["No Data", 7], ["No Data", 7]], "average_length": "5.4831486089120105"}]}, {"column_name": "#ELL_Urdu", "number_non_empty_cells": 4421, "number_empty_cells": 2410, "number_distinct_values": 27, "frequent_values": ["No Data", "s", "7", "6", "8"], "dataTypes": [{"type": "INTEGER (LONG)", "count": "106", "mean": "13.59433962264151", "stddev": "12.602931104187281", "min_value": "6", "max_value": "78"}, {"type": "TEXT", "count": "4315", "shortest_values": [["s", 1], ["s", 1], ["s", 1], ["s", 1], ["s", 1]], "longest_values": [["No Data", 7], ["No Data", 7], ["No Data", 7], ["No Data", 7], ["No Data", 7]], "average_length": "5.574739281575898"}]}, {"column_name": "%ELL_Urdu", "number_non_empty_cells": 4421, "number_empty_cells": 2410, "number_distinct_values": 79, "frequent_values": ["No Data", "s", "4.8%", "5.4%", "10.7%"], "dataTypes": [{"type": "TEXT", "count": "4421", "shortest_values": [["s", 1], ["s", 1], ["s", 1], ["s", 1], ["s", 1]], "longest_values": [["No Data", 7], ["No Data", 7], ["No Data", 7], ["No Data", 7], ["No Data", 7]], "average_length": "5.545125537208777"}]}, {"column_name": "#ELL_Other", "number_non_empty_cells": 4421, "number_empty_cells": 2410, "number_distinct_values": 68, "frequent_values": ["No Data", "s", "6", "8", "7"], "dataTypes": [{"type": "INTEGER (LONG)", "count": "382", "mean": "19.657068062827225", "stddev": "20.477634936401493", "min_value": "6", "max_value": "150"}, {"type": "TEXT", "count": "4039", "shortest_values": [["s", 1], ["s", 1], ["s", 1], ["s", 1], ["s", 1]], "longest_values": [["No Data", 7], ["No Data", 7], ["No Data", 7], ["No Data", 7], ["No Data", 7]], "average_length": "5.887348353552859"}]}, {"column_name": "%ELL_Other", "number_non_empty_cells": 4421, "number_empty_cells": 2410, "number_distinct_values": 239, "frequent_values": ["No Data", "s", "16.7%", "14.3%", "4.8%"], "dataTypes": [{"type": "TEXT", "count": "4421", "shortest_values": [["s", 1], ["s", 1], ["s", 1], ["s", 1], ["s", 1]], "longest_values": [["No Data", 7], ["No Data", 7], ["No Data", 7], ["No Data", 7], ["No Data", 7]], "average_length": "5.778330694413029"}]}, {"column_name": "ELA_#Test_Takers", "number_non_empty_cells": 6831, "number_empty_cells": 0, "number_distinct_values": 704, "frequent_values": ["s", "No Data", "6", "9", "14"], "dataTypes": [{"type": "INTEGER (LONG)", "count": "6253", "mean": "143.2493203262434", "stddev": "198.74643142319985", "min_value": "6", "max_value": "2143"}, {"type": "TEXT", "count": "578", "shortest_values": [["s", 1], ["s", 1], ["s", 1], ["s", 1], ["s", 1]], "longest_values": [["No Data", 7], ["No Data", 7], ["No Data", 7], ["No Data", 7], ["No Data", 7]], "average_length": "3.0346020761245676"}]}, {"column_name": "ELA_#Level_1", "number_non_empty_cells": 6831, "number_empty_cells": 0, "number_distinct_values": 270, "frequent_values": ["s", "No Data", "6", "8", "7"], "dataTypes": [{"type": "INTEGER (LONG)", "count": "5041", "mean": "51.15869867089863", "stddev": "53.81895178874765", "min_value": "6", "max_value": "657"}, {"type": "TEXT", "count": "1790", "shortest_values": [["s", 1], ["s", 1], ["s", 1], ["s", 1], ["s", 1]], "longest_values": [["No Data", 7], ["No Data", 7], ["No Data", 7], ["No Data", 7], ["No Data", 7]], "average_length": "1.6569832402234637"}]}, {"column_name": "ELA_%Level_1", "number_non_empty_cells": 6831, "number_empty_cells": 0, "number_distinct_values": 805, "frequent_values": ["s", "No Data", "50.0%", "33.3%", "66.7%"], "dataTypes": [{"type": "TEXT", "count": "6831", "shortest_values": [["s", 1], ["s", 1], ["s", 1], ["s", 1], ["s", 1]], "longest_values": [["No Data", 7], ["No Data", 7], ["No Data", 7], ["No Data", 7], ["No Data", 7]], "average_length": "4.089737959303177"}]}, {"column_name": "ELA_#Level_2", "number_non_empty_cells": 6831, "number_empty_cells": 0, "number_distinct_values": 307, "frequent_values": ["s", "No Data", "8", "9", "7"], "dataTypes": [{"type": "INTEGER (LONG)", "count": "5167", "mean": "53.037158892974645", "stddev": "62.540119319406436", "min_value": "6", "max_value": "752"}, {"type": "TEXT", "count": "1664", "shortest_values": [["s", 1], ["s", 1], ["s", 1], ["s", 1], ["s", 1]], "longest_values": [["No Data", 7], ["No Data", 7], ["No Data", 7], ["No Data", 7], ["No Data", 7]], "average_length": "1.7067307692307692"}]}, {"column_name": "ELA_%Level_2", "number_non_empty_cells": 6831, "number_empty_cells": 0, "number_distinct_values": 467, "frequent_values": ["s", "No Data", "33.3%", "50.0%", "40.0%"], "dataTypes": [{"type": "TEXT", "count": "6831", "shortest_values": [["s", 1], ["s", 1], ["s", 1], ["s", 1], ["s", 1]], "longest_values": [["No Data", 7], ["No Data", 7], ["No Data", 7], ["No Data", 7], ["No Data", 7]], "average_length": "4.194407846581759"}]}, {"column_name": "ELA_#Level_3", "number_non_empty_cells": 6831, "number_empty_cells": 0, "number_distinct_values": 301, "frequent_values": ["s", "No Data", "8", "7", "6"], "dataTypes": [{"type": "INTEGER (LONG)", "count": "3000", "mean": "66.663", "stddev": "70.4834264358228", "min_value": "6", "max_value": "553"}, {"type": "TEXT", "count": "3831", "shortest_values": [["s", 1], ["s", 1], ["s", 1], ["s", 1], ["s", 1]], "longest_values": [["No Data", 7], ["No Data", 7], ["No Data", 7], ["No Data", 7], ["No Data", 7]], "average_length": "1.3069694596711041"}]}, {"column_name": "ELA_%Level_3", "number_non_empty_cells": 6831, "number_empty_cells": 0, "number_distinct_values": 438, "frequent_values": ["s", "No Data", "33.3%", "25.0%", "50.0%"], "dataTypes": [{"type": "TEXT", "count": "6831", "shortest_values": [["s", 1], ["s", 1], ["s", 1], ["s", 1], ["s", 1]], "longest_values": [["No Data", 7], ["No Data", 7], ["No Data", 7], ["No Data", 7], ["No Data", 7]], "average_length": "2.9273898404333187"}]}, {"column_name": "ELA_#Level_4", "number_non_empty_cells": 6831, "number_empty_cells": 0, "number_distinct_values": 274, "frequent_values": ["s", "No Data", "6", "7", "9"], "dataTypes": [{"type": "INTEGER (LONG)", "count": "2539", "mean": "50.24064592359196", "stddev": "81.51635215085949", "min_value": "6", "max_value": "910"}, {"type": "TEXT", "count": "4292", "shortest_values": [["s", 1], ["s", 1], ["s", 1], ["s", 1], ["s", 1]], "longest_values": [["No Data", 7], ["No Data", 7], ["No Data", 7], ["No Data", 7], ["No Data", 7]], "average_length": "1.2739981360671015"}]}, {"column_name": "ELA_%Level_4", "number_non_empty_cells": 6831, "number_empty_cells": 0, "number_distinct_values": 494, "frequent_values": ["s", "No Data", "5.8%", "4.3%", "5.3%"], "dataTypes": [{"type": "TEXT", "count": "6831", "shortest_values": [["s", 1], ["s", 1], ["s", 1], ["s", 1], ["s", 1]], "longest_values": [["No Data", 7], ["No Data", 7], ["No Data", 7], ["No Data", 7], ["No Data", 7]], "average_length": "2.5136876006441224"}]}, {"column_name": "ELA_#L3+L4", "number_non_empty_cells": 6831, "number_empty_cells": 0, "number_distinct_values": 438, "frequent_values": ["s", "No Data", "37", "22", "52"], "dataTypes": [{"type": "INTEGER (LONG)", "count": "2492", "mean": "128.79654895666133", "stddev": "146.09094005476956", "min_value": "12", "max_value": "1212"}, {"type": "TEXT", "count": "4339", "shortest_values": [["s", 1], ["s", 1], ["s", 1], ["s", 1], ["s", 1]], "longest_values": [["No Data", 7], ["No Data", 7], ["No Data", 7], ["No Data", 7], ["No Data", 7]], "average_length": "1.2710301912883153"}]}, {"column_name": "ELA_%L3+L4", "number_non_empty_cells": 6831, "number_empty_cells": 0, "number_distinct_values": 715, "frequent_values": ["s", "No Data", "50.0%", "30.3%", "31.3%"], "dataTypes": [{"type": "TEXT", "count": "6831", "shortest_values": [["s", 1], ["s", 1], ["s", 1], ["s", 1], ["s", 1]], "longest_values": [["No Data", 7], ["No Data", 7], ["No Data", 7], ["No Data", 7], ["No Data", 7]], "average_length": "2.6316791099399794"}]}, {"column_name": "Math_#Test_Takers", "number_non_empty_cells": 6831, "number_empty_cells": 0, "number_distinct_values": 698, "frequent_values": ["s", "No Data", "23", "27", "17"], "dataTypes": [{"type": "INTEGER (LONG)", "count": "6265", "mean": "139.78754988028732", "stddev": "190.03612961794335", "min_value": "6", "max_value": "1982"}, {"type": "TEXT", "count": "566", "shortest_values": [["s", 1], ["s", 1], ["s", 1], ["s", 1], ["s", 1]], "longest_values": [["No Data", 7], ["No Data", 7], ["No Data", 7], ["No Data", 7], ["No Data", 7]], "average_length": "3.07773851590106"}]}, {"column_name": "Math_#Level_1", "number_non_empty_cells": 6831, "number_empty_cells": 0, "number_distinct_values": 341, "frequent_values": ["s", "No Data", "7", "8", "9"], "dataTypes": [{"type": "INTEGER (LONG)", "count": "5371", "mean": "61.32489294358592", "stddev": "68.68316058411801", "min_value": "6", "max_value": "918"}, {"type": "TEXT", "count": "1460", "shortest_values": [["s", 1], ["s", 1], ["s", 1], ["s", 1], ["s", 1]], "longest_values": [["No Data", 7], ["No Data", 7], ["No Data", 7], ["No Data", 7], ["No Data", 7]], "average_length": "1.8054794520547945"}]}, {"column_name": "Math_%Level_1", "number_non_empty_cells": 6831, "number_empty_cells": 0, "number_distinct_values": 875, "frequent_values": ["s", "No Data", "50.0%", "66.7%", "60.0%"], "dataTypes": [{"type": "TEXT", "count": "6831", "shortest_values": [["s", 1], ["s", 1], ["s", 1], ["s", 1], ["s", 1]], "longest_values": [["No Data", 7], ["No Data", 7], ["No Data", 7], ["No Data", 7], ["No Data", 7]], "average_length": "4.296735470648514"}]}, {"column_name": "Math_#Level_2", "number_non_empty_cells": 6831, "number_empty_cells": 0, "number_distinct_values": 277, "frequent_values": ["s", "8", "No Data", "7", "9"], "dataTypes": [{"type": "INTEGER (LONG)", "count": "4722", "mean": "45.87568826768319", "stddev": "54.13854842092252", "min_value": "6", "max_value": "625"}, {"type": "TEXT", "count": "2109", "shortest_values": [["s", 1], ["s", 1], ["s", 1], ["s", 1], ["s", 1]], "longest_values": [["No Data", 7], ["No Data", 7], ["No Data", 7], ["No Data", 7], ["No Data", 7]], "average_length": "1.5576102418207682"}]}, {"column_name": "Math_%Level_2", "number_non_empty_cells": 6831, "number_empty_cells": 0, "number_distinct_values": 411, "frequent_values": ["s", "No Data", "33.3%", "25.0%", "28.6%"], "dataTypes": [{"type": "TEXT", "count": "6831", "shortest_values": [["s", 1], ["s", 1], ["s", 1], ["s", 1], ["s", 1]], "longest_values": [["No Data", 7], ["No Data", 7], ["No Data", 7], ["No Data", 7], ["No Data", 7]], "average_length": "3.92914653784219"}]}, {"column_name": "Math_#Level_3", "number_non_empty_cells": 6831, "number_empty_cells": 0, "number_distinct_values": 250, "frequent_values": ["s", "No Data", "6", "8", "7"], "dataTypes": [{"type": "INTEGER (LONG)", "count": "2917", "mean": "52.31093589304079", "stddev": "55.330076324469985", "min_value": "6", "max_value": "497"}, {"type": "TEXT", "count": "3914", "shortest_values": [["s", 1], ["s", 1], ["s", 1], ["s", 1], ["s", 1]], "longest_values": [["No Data", 7], ["No Data", 7], ["No Data", 7], ["No Data", 7], ["No Data", 7]], "average_length": "1.3004598875830353"}]}, {"column_name": "Math_%Level_3", "number_non_empty_cells": 6831, "number_empty_cells": 0, "number_distinct_values": 385, "frequent_values": ["s", "No Data", "33.3%", "25.0%", "20.0%"], "dataTypes": [{"type": "TEXT", "count": "6831", "shortest_values": [["s", 1], ["s", 1], ["s", 1], ["s", 1], ["s", 1]], "longest_values": [["No Data", 7], ["No Data", 7], ["No Data", 7], ["No Data", 7], ["No Data", 7]], "average_length": "2.863123993558776"}]}, {"column_name": "Math_#Level_4", "number_non_empty_cells": 6831, "number_empty_cells": 0, "number_distinct_values": 288, "frequent_values": ["s", "No Data", "6", "7", "8"], "dataTypes": [{"type": "INTEGER (LONG)", "count": "2746", "mean": "52.740349599417335", "stddev": "83.11185841286125", "min_value": "6", "max_value": "1039"}, {"type": "TEXT", "count": "4085", "shortest_values": [["s", 1], ["s", 1], ["s", 1], ["s", 1], ["s", 1]], "longest_values": [["No Data", 7], ["No Data", 7], ["No Data", 7], ["No Data", 7], ["No Data", 7]], "average_length": "1.2878824969400244"}]}, {"column_name": "Math_%Level_4", "number_non_empty_cells": 6831, "number_empty_cells": 0, "number_distinct_values": 598, "frequent_values": ["s", "No Data", "8.8%", "9.5%", "6.3%"], "dataTypes": [{"type": "TEXT", "count": "6831", "shortest_values": [["s", 1], ["s", 1], ["s", 1], ["s", 1], ["s", 1]], "longest_values": [["No Data", 7], ["No Data", 7], ["No Data", 7], ["No Data", 7], ["No Data", 7]], "average_length": "2.652027521592739"}]}, {"column_name": "Math_#L3+L4", "number_non_empty_cells": 6831, "number_empty_cells": 0, "number_distinct_values": 428, "frequent_values": ["s", "No Data", "29", "24", "28"], "dataTypes": [{"type": "INTEGER (LONG)", "count": "2628", "mean": "111.46841704718418", "stddev": "133.14910940880876", "min_value": "12", "max_value": "1260"}, {"type": "TEXT", "count": "4203", "shortest_values": [["s", 1], ["s", 1], ["s", 1], ["s", 1], ["s", 1]], "longest_values": [["No Data", 7], ["No Data", 7], ["No Data", 7], ["No Data", 7], ["No Data", 7]], "average_length": "1.2798001427551748"}]}, {"column_name": "Math_%L3+L4", "number_non_empty_cells": 6831, "number_empty_cells": 0, "number_distinct_values": 774, "frequent_values": ["s", "No Data", "31.4%", "50.0%", "43.9%"], "dataTypes": [{"type": "TEXT", "count": "6831", "shortest_values": [["s", 1], ["s", 1], ["s", 1], ["s", 1], ["s", 1]], "longest_values": [["No Data", 7], ["No Data", 7], ["No Data", 7], ["No Data", 7], ["No Data", 7]], "average_length": "2.7105841018884496"}]}]}