{"dataset_name": "/user/hm74/NYCOpenData/8gg9-r4mt.tsv.gz", "columns": [{"column_name": "DBN", "number_non_empty_cells": 12372, "number_empty_cells": 0, "number_distinct_values": 1141, "frequent_values": ["21K095", "13K282", "21K099", "03M165", "20K229"], "dataTypes": [{"type": "DATE/TIME", "count": 403, "max_value": "2019-12-08T00:06:52", "min_value": "2019-12-08T00:01:15"}, {"type": "TEXT", "count": 11969, "shortest_values": [["01M063", 6], ["01M063", 6], ["01M063", 6], ["01M063", 6], ["01M063", 6]], "longest_values": [["01M063", 6], ["01M063", 6], ["01M063", 6], ["01M063", 6], ["01M063", 6]], "average_length": 6.0}]}, {"column_name": "School_Name", "number_non_empty_cells": 11874, "number_empty_cells": 498, "number_distinct_values": 1137, "frequent_values": ["PS 212", "PS 253", "PS 095 THE GRAVESEND", "PS 282 PARK SLOPE", "IS 119 THE GLENDALE"], "dataTypes": [{"type": "TEXT", "count": 12372, "shortest_values": [["PS 89", 5], ["PS 89", 5], ["PS 89", 5], ["PS 89", 5], ["PS 89", 5]], "longest_values": [["ACADEMY FOR COLLEGE PREPARATION AND CAREER EXPLORATION: A COLLEGE BOARD SCHOOL", 78], ["ACADEMY FOR COLLEGE PREPARATION AND CAREER EXPLORATION: A COLLEGE BOARD SCHOOL", 78], ["ACADEMY FOR COLLEGE PREPARATION AND CAREER EXPLORATION: A COLLEGE BOARD SCHOOL", 78], ["ACADEMY FOR COLLEGE PREPARATION AND CAREER EXPLORATION: A COLLEGE BOARD SCHOOL", 78], ["PS 80 THE THURGOOD MARSHALL MAGNET SCHOOL OF MULTIMEDIA AND COMMUNICATION", 73]], "average_length": 23.486016812156656}]}, {"column_name": "Grade_Level", "number_non_empty_cells": 12372, "number_empty_cells": 0, "number_distinct_values": 10, "frequent_values": ["K", "1", "2", "3", "4"], "dataTypes": [{"type": "INTEGER (LONG)", "count": 9731, "max_value": 8, "min_value": 1, "mean": 4.059911622649288, "stddev": 2.192795434201935}, {"type": "TEXT", "count": 2641, "shortest_values": [["K", 1], ["K", 1], ["K", 1], ["K", 1], ["K", 1]], "longest_values": [["K-8 SC", 6], ["K-8 SC", 6], ["K-8 SC", 6], ["K-8 SC", 6], ["K-8 SC", 6]], "average_length": 3.241575160923897}]}, {"column_name": "Program_Type", "number_non_empty_cells": 12372, "number_empty_cells": 0, "number_distinct_values": 9, "frequent_values": ["Gen Ed", "ICT", "SC 12:1:1", "G&T", "SC 12:1"], "dataTypes": [{"type": "TEXT", "count": 12372, "shortest_values": [["G&T", 3], ["ICT", 3], ["G&T", 3], ["ICT", 3], ["G&T", 3]], "longest_values": [["ICT & G&T", 9], ["ICT & G&T", 9], ["ICT & G&T", 9], ["ICT & G&T", 9], ["ICT & G&T", 9]], "average_length": 4.88215324927253}]}, {"column_name": "Number_of_Students", "number_non_empty_cells": 12372, "number_empty_cells": 0, "number_distinct_values": 335, "frequent_values": [25, 23, 24, 26, 27], "dataTypes": [{"type": "INTEGER (LONG)", "count": 12372, "max_value": 555, "min_value": 2, "mean": 50.306013579049406, "stddev": 46.67222332448805}]}, {"column_name": "Number_of_Classes", "number_non_empty_cells": 12372, "number_empty_cells": 0, "number_distinct_values": 20, "frequent_values": [1, 2, 3, 4, 5], "dataTypes": [{"type": "INTEGER (LONG)", "count": 12372, "max_value": 20, "min_value": 1, "mean": 2.1643226640801623, "stddev": 1.746571442218851}]}, {"column_name": "Average_Class_Size", "number_non_empty_cells": 12372, "number_empty_cells": 0, "number_distinct_values": 261, "frequent_values": [25.0, 24.0, 26.0, 23.0, 27.0], "dataTypes": [{"type": "REAL", "count": 12372, "max_value": 83.0, "min_value": 2.0, "mean": 23.388692208211932, "stddev": 6.368119884235884}]}, {"column_name": "Minimum_Class_Size", "number_non_empty_cells": 12372, "number_empty_cells": 0, "number_distinct_values": 43, "frequent_values": [25, 24, 23, 26, 22], "dataTypes": [{"type": "INTEGER (LONG)", "count": 12372, "max_value": 83, "min_value": 2, "mean": 22.470174587778946, "stddev": 6.708011110873531}]}, {"column_name": "Maximum_Class_Size", "number_non_empty_cells": 12372, "number_empty_cells": 0, "number_distinct_values": 45, "frequent_values": [25, 30, 26, 27, 29], "dataTypes": [{"type": "INTEGER (LONG)", "count": 12372, "max_value": 83, "min_value": 2, "mean": 24.2093436792758, "stddev": 6.341337446493729}]}]}