{"dataset_name": "/user/hm74/NYCOpenData/8gr8-ngjc.tsv.gz", "columns": [{"column_name": "service_at_location_id", "number_non_empty_cells": 5065, "number_empty_cells": 0, "number_distinct_values": 5065, "frequent_values": [148, 463, 471, 496, 833], "dataTypes": [{"type": "INTEGER (LONG)", "count": 5065, "max_value": 5584, "min_value": 1, "mean": 2848.776505429419, "stddev": 1586.3887821138335}]}, {"column_name": "service_id", "number_non_empty_cells": 5065, "number_empty_cells": 0, "number_distinct_values": 1636, "frequent_values": [99, 1495, 1498, 356, 516], "dataTypes": [{"type": "INTEGER (LONG)", "count": 5065, "max_value": 1908, "min_value": 1, "mean": 862.5879565646604, "stddev": 536.0293374022027}]}, {"column_name": "location_id", "number_non_empty_cells": 5065, "number_empty_cells": 0, "number_distinct_values": 4373, "frequent_values": [3218, 3006, 3370, 74, 3073], "dataTypes": [{"type": "INTEGER (LONG)", "count": 5065, "max_value": 4736, "min_value": 1, "mean": 2450.1113524185603, "stddev": 1321.7160108234207}]}, {"column_name": "phone", "number_non_empty_cells": 2089, "number_empty_cells": 2976, "number_distinct_values": 1298, "frequent_values": [7185420006, 7184495000, 7189515015, 7182872600, 7188824000], "dataTypes": [{"type": "INTEGER (LONG)", "count": 2089, "max_value": 9739915759, "min_value": 2023651456, "mean": 5887980218.358555, "stddev": 2344526179.226903}]}, {"column_name": "url", "number_non_empty_cells": 1640, "number_empty_cells": 3425, "number_distinct_values": 256, "frequent_values": ["http://www.nyjtl.org", "http://www.mmcc.org", "http://www.rfcuny.org", "http://www.childrensaidsociety.org/", "http://www.camba.org/"], "dataTypes": [{"type": "TEXT", "count": 1640, "shortest_values": [["http://www.svs.org", 18], ["http://www.svs.org", 18], ["http://www.svs.org", 18], ["http://www.svs.org", 18], ["http://www.svs.org", 18]], "longest_values": [["http://www.makemaketheroad.orgthemaketheroad.orgroadmaketheroad.org.org", 71], ["http://www.makemaketheroad.orgthemaketheroad.orgroadmaketheroad.org.org", 71], ["http://www.makemaketheroad.orgthemaketheroad.orgroadmaketheroad.org.org", 71], ["http://www.makemaketheroad.orgthemaketheroad.orgroadmaketheroad.org.org", 71], ["http://www.makemaketheroad.orgthemaketheroad.orgroadmaketheroad.org.org", 71]], "average_length": 25.06707317073171}]}, {"column_name": "budget", "number_non_empty_cells": 345, "number_empty_cells": 4720, "number_distinct_values": 338, "frequent_values": [242036.0, 1095880.0, 231416.0, 382500.0, 800000.0], "dataTypes": [{"type": "REAL", "count": 345, "max_value": 2149953.0, "min_value": 13400.0, "mean": 451847.0342608692, "stddev": 389730.50412917236}]}]}