{"dataset_name": "/user/hm74/NYCOpenData/8h5p-ccrz.tsv.gz", "columns": [{"column_name": "DBN", "number_non_empty_cells": 324, "number_empty_cells": 0, "number_distinct_values": 324, "frequent_values": ["02M529", "02M427", "07X527", "29Q265", "03M404"], "dataTypes": [{"type": "DATE/TIME", "count": 1, "max_value": "2019-12-07T00:02:47", "min_value": "2019-12-07T00:02:47"}, {"type": "TEXT", "count": 323, "shortest_values": [["01M448", 6], ["01M509", 6], ["01M650", 6], ["01M696", 6], ["02M135", 6]], "longest_values": [["01M448", 6], ["01M509", 6], ["01M650", 6], ["01M696", 6], ["02M135", 6]], "average_length": 6.0}]}, {"column_name": "School_Name", "number_non_empty_cells": 324, "number_empty_cells": 0, "number_distinct_values": 324, "frequent_values": ["Longwood Preparatory Academy", "East River Academy", "High School of Language and Innovation", "Aspirations Diploma Plus High School", "School for Tourism and Hospitality"], "dataTypes": [{"type": "TEXT", "count": 324, "shortest_values": [["NYC iSchool", 11], ["Walton Yabc", 11], ["Wings Academy", 13], ["Olympus Academy", 15], ["Pace High School", 16]], "longest_values": [["47 The American Sign Language and English Secondar", 50], ["The Urban Assembly School for Emergency Management", 50], ["Stephen T. Mather Building Arts & Craftsmanship Hi", 50], ["Urban Assembly School of Business for Young Women,", 50], ["High School for Health Professions and Human Servi", 50]], "average_length": 34.175925925925945}]}, {"column_name": "LocationCategoryDescription", "number_non_empty_cells": 324, "number_empty_cells": 0, "number_distinct_values": 1, "frequent_values": ["High school"], "dataTypes": [{"type": "TEXT", "count": 324, "shortest_values": [["High school", 11], ["High school", 11], ["High school", 11], ["High school", 11], ["High school", 11]], "longest_values": [["High school", 11], ["High school", 11], ["High school", 11], ["High school", 11], ["High school", 11]], "average_length": 11.0}]}, {"column_name": "COMPLAINTS", "number_non_empty_cells": 324, "number_empty_cells": 0, "number_distinct_values": 22, "frequent_values": ["*", "6", "9", "7", "10"], "dataTypes": [{"type": "INTEGER (LONG)", "count": 107, "max_value": 36, "min_value": 6, "mean": 10.514018691588786, "stddev": 5.540613829453127}, {"type": "TEXT", "count": 217, "shortest_values": [["*", 1], ["*", 1], ["*", 1], ["*", 1], ["*", 1]], "longest_values": [["*", 1], ["*", 1], ["*", 1], ["*", 1], ["*", 1]], "average_length": 1.0}]}, {"column_name": "MATERIAL_INCIDENTS", "number_non_empty_cells": 324, "number_empty_cells": 0, "number_distinct_values": 14, "frequent_values": ["*", "0", "6", "8", "9"], "dataTypes": [{"type": "INTEGER (LONG)", "count": 117, "max_value": 21, "min_value": 0, "mean": 2.7777777777777786, "stddev": 4.737757252084273}, {"type": "TEXT", "count": 207, "shortest_values": [["*", 1], ["*", 1], ["*", 1], ["*", 1], ["*", 1]], "longest_values": [["*", 1], ["*", 1], ["*", 1], ["*", 1], ["*", 1]], "average_length": 1.0}]}, {"column_name": "RACE", "number_non_empty_cells": 324, "number_empty_cells": 0, "number_distinct_values": 2, "frequent_values": ["0", "*"], "dataTypes": [{"type": "INTEGER (LONG)", "count": 275, "max_value": 0, "min_value": 0, "mean": 0.0, "stddev": 0.0}, {"type": "TEXT", "count": 49, "shortest_values": [["*", 1], ["*", 1], ["*", 1], ["*", 1], ["*", 1]], "longest_values": [["*", 1], ["*", 1], ["*", 1], ["*", 1], ["*", 1]], "average_length": 1.0}]}, {"column_name": "ETHNICITYNATIONAL_ORIGIN", "number_non_empty_cells": 324, "number_empty_cells": 0, "number_distinct_values": 2, "frequent_values": ["0", "*"], "dataTypes": [{"type": "INTEGER (LONG)", "count": 283, "max_value": 0, "min_value": 0, "mean": 0.0, "stddev": 0.0}, {"type": "TEXT", "count": 41, "shortest_values": [["*", 1], ["*", 1], ["*", 1], ["*", 1], ["*", 1]], "longest_values": [["*", 1], ["*", 1], ["*", 1], ["*", 1], ["*", 1]], "average_length": 1.0}]}, {"column_name": "RELIGION", "number_non_empty_cells": 324, "number_empty_cells": 0, "number_distinct_values": 2, "frequent_values": ["0", "*"], "dataTypes": [{"type": "INTEGER (LONG)", "count": 305, "max_value": 0, "min_value": 0, "mean": 0.0, "stddev": 0.0}, {"type": "TEXT", "count": 19, "shortest_values": [["*", 1], ["*", 1], ["*", 1], ["*", 1], ["*", 1]], "longest_values": [["*", 1], ["*", 1], ["*", 1], ["*", 1], ["*", 1]], "average_length": 1.0}]}, {"column_name": "WEIGHT", "number_non_empty_cells": 324, "number_empty_cells": 0, "number_distinct_values": 2, "frequent_values": ["0", "*"], "dataTypes": [{"type": "INTEGER (LONG)", "count": 294, "max_value": 0, "min_value": 0, "mean": 0.0, "stddev": 0.0}, {"type": "TEXT", "count": 30, "shortest_values": [["*", 1], ["*", 1], ["*", 1], ["*", 1], ["*", 1]], "longest_values": [["*", 1], ["*", 1], ["*", 1], ["*", 1], ["*", 1]], "average_length": 1.0}]}, {"column_name": "DISABILITY", "number_non_empty_cells": 324, "number_empty_cells": 0, "number_distinct_values": 2, "frequent_values": ["0", "*"], "dataTypes": [{"type": "INTEGER (LONG)", "count": 309, "max_value": 0, "min_value": 0, "mean": 0.0, "stddev": 0.0}, {"type": "TEXT", "count": 15, "shortest_values": [["*", 1], ["*", 1], ["*", 1], ["*", 1], ["*", 1]], "longest_values": [["*", 1], ["*", 1], ["*", 1], ["*", 1], ["*", 1]], "average_length": 1.0}]}, {"column_name": "GENDERIDENTITYEXPRESSION", "number_non_empty_cells": 324, "number_empty_cells": 0, "number_distinct_values": 2, "frequent_values": ["0", "*"], "dataTypes": [{"type": "INTEGER (LONG)", "count": 273, "max_value": 0, "min_value": 0, "mean": 0.0, "stddev": 0.0}, {"type": "TEXT", "count": 51, "shortest_values": [["*", 1], ["*", 1], ["*", 1], ["*", 1], ["*", 1]], "longest_values": [["*", 1], ["*", 1], ["*", 1], ["*", 1], ["*", 1]], "average_length": 1.0}]}, {"column_name": "SEX", "number_non_empty_cells": 324, "number_empty_cells": 0, "number_distinct_values": 2, "frequent_values": ["0", "*"], "dataTypes": [{"type": "INTEGER (LONG)", "count": 298, "max_value": 0, "min_value": 0, "mean": 0.0, "stddev": 0.0}, {"type": "TEXT", "count": 26, "shortest_values": [["*", 1], ["*", 1], ["*", 1], ["*", 1], ["*", 1]], "longest_values": [["*", 1], ["*", 1], ["*", 1], ["*", 1], ["*", 1]], "average_length": 1.0}]}, {"column_name": "SEXUAL_ORIENTATION", "number_non_empty_cells": 324, "number_empty_cells": 0, "number_distinct_values": 2, "frequent_values": ["0", "*"], "dataTypes": [{"type": "INTEGER (LONG)", "count": 308, "max_value": 0, "min_value": 0, "mean": 0.0, "stddev": 0.0}, {"type": "TEXT", "count": 16, "shortest_values": [["*", 1], ["*", 1], ["*", 1], ["*", 1], ["*", 1]], "longest_values": [["*", 1], ["*", 1], ["*", 1], ["*", 1], ["*", 1]], "average_length": 1.0}]}, {"column_name": "Unnamed_Column", "number_non_empty_cells": 0, "number_empty_cells": 324, "number_distinct_values": 1, "frequent_values": [null], "dataTypes": []}, {"column_name": "Bullying_Har", "number_non_empty_cells": 0, "number_empty_cells": 324, "number_distinct_values": 1, "frequent_values": [null], "dataTypes": []}]}