{"dataset_name": "/user/hm74/NYCOpenData/8hgr-brxd.tsv.gz", "columns": [{"column_name": "Month/Year", "number_non_empty_cells": 83, "number_empty_cells": 0, "number_distinct_values": 83, "frequent_values": ["12/01/2012", "02/01/2015", "03/01/2016", "12/01/2014", "06/01/2013"], "dataTypes": [{"type": "DATE/TIME", "count": 83, "max_value": "2018-10-01T00:00:00", "min_value": "2011-12-01T00:00:00"}]}, {"column_name": "Randomly Generated Audit Date", "number_non_empty_cells": 83, "number_empty_cells": 0, "number_distinct_values": 83, "frequent_values": ["05/19/2012", "02/09/2013", "05/08/2017", "12/03/2015", "12/19/2011"], "dataTypes": [{"type": "DATE/TIME", "count": 83, "max_value": "2018-10-10T00:00:00", "min_value": "2011-12-19T00:00:00"}]}, {"column_name": "Alternate Randomly Generated Audit Date", "number_non_empty_cells": 83, "number_empty_cells": 0, "number_distinct_values": 83, "frequent_values": ["01/03/2012", "06/08/2013", "04/28/2014", "06/22/2018", "07/31/2017"], "dataTypes": [{"type": "DATE/TIME", "count": 83, "max_value": "2018-10-29T00:00:00", "min_value": "2011-12-07T00:00:00"}]}]}