{"dataset_name": "/user/hm74/NYCOpenData/8i43-kna8.tsv.gz", "columns": [{"column_name": "GRADE LEVEL", "number_non_empty_cells": 524, "number_empty_cells": 0, "number_distinct_values": 13, "frequent_values": ["09-12", "MS Core", "0K-09", "05", "07"], "dataTypes": [{"type": "INTEGER (LONG)", "count": 191, "max_value": 9, "min_value": 1, "mean": 4.921465968586385, "stddev": 2.5292239456336154}, {"type": "DATE/TIME", "count": 136, "max_value": "2019-09-12T00:00:00", "min_value": "2019-09-12T00:00:00"}, {"type": "TEXT", "count": 197, "shortest_values": [["0K", 2], ["0K", 2], ["0K", 2], ["0K", 2], ["0K", 2]], "longest_values": [["MS Core", 7], ["MS Core", 7], ["MS Core", 7], ["MS Core", 7], ["MS Core", 7]], "average_length": 6.091370558375638}]}, {"column_name": "PROGRAM TYPE", "number_non_empty_cells": 524, "number_empty_cells": 0, "number_distinct_values": 3, "frequent_values": ["GEN ED / CTT / G&T", "GEN ED / CTT", "SPEC ED"], "dataTypes": [{"type": "TEXT", "count": 524, "shortest_values": [["SPEC ED", 7], ["SPEC ED", 7], ["SPEC ED", 7], ["SPEC ED", 7], ["SPEC ED", 7]], "longest_values": [["GEN ED / CTT / G&T", 18], ["GEN ED / CTT / G&T", 18], ["GEN ED / CTT / G&T", 18], ["GEN ED / CTT / G&T", 18], ["GEN ED / CTT / G&T", 18]], "average_length": 13.08778625954199}]}, {"column_name": "CORE SUBJECT", "number_non_empty_cells": 524, "number_empty_cells": 0, "number_distinct_values": 5, "frequent_values": ["-", "SOCIAL STUDIES", "ENGLISH", "MATH", "SCIENCE"], "dataTypes": [{"type": "TEXT", "count": 524, "shortest_values": [["-", 1], ["-", 1], ["-", 1], ["-", 1], ["-", 1]], "longest_values": [["SOCIAL STUDIES", 14], ["SOCIAL STUDIES", 14], ["SOCIAL STUDIES", 14], ["SOCIAL STUDIES", 14], ["SOCIAL STUDIES", 14]], "average_length": 4.6335877862595405}]}, {"column_name": "SERVICE CATEGORY", "number_non_empty_cells": 524, "number_empty_cells": 0, "number_distinct_values": 6, "frequent_values": ["-", "15:1", "12:1:1", "12:1", "6:1:1"], "dataTypes": [{"type": "DATE/TIME", "count": 42, "max_value": "2019-12-07T15:01:00", "min_value": "2019-12-07T06:01:01"}, {"type": "TEXT", "count": 482, "shortest_values": [["-", 1], ["-", 1], ["-", 1], ["-", 1], ["-", 1]], "longest_values": [["-", 1], ["-", 1], ["-", 1], ["-", 1], ["-", 1]], "average_length": 1.0}]}, {"column_name": "CLASS SIZE", "number_non_empty_cells": 524, "number_empty_cells": 0, "number_distinct_values": 33, "frequent_values": ["15", "28", "22", "30", "16"], "dataTypes": [{"type": "INTEGER (LONG)", "count": 468, "max_value": 34, "min_value": 6, "mean": 20.95726495726498, "stddev": 7.932022260112858}, {"type": "TEXT", "count": 56, "shortest_values": [["<6", 2], ["<6", 2], ["<6", 2], ["<6", 2], ["<6", 2]], "longest_values": [["<15", 3], ["<15", 3], ["<15", 3], [">34", 3], ["<15", 3]], "average_length": 2.7678571428571432}]}, {"column_name": "NUMBER OF CLASSES", "number_non_empty_cells": 524, "number_empty_cells": 0, "number_distinct_values": 305, "frequent_values": [6, 1, 5, 2, 4], "dataTypes": [{"type": "INTEGER (LONG)", "count": 524, "max_value": 1790, "min_value": 1, "mean": 213.36259541984728, "stddev": 250.01501904072794}]}, {"column_name": "NUMBER OF STUDENTS", "number_non_empty_cells": 524, "number_empty_cells": 0, "number_distinct_values": 478, "frequent_values": [15, 72, 64, 155, 357], "dataTypes": [{"type": "INTEGER (LONG)", "count": 524, "max_value": 60860, "min_value": 5, "mean": 5264.912213740458, "stddev": 7586.130845565086}]}, {"column_name": "PERCENT OF STUDENTS IN PROGRAM / GRADE / SUBJECT", "number_non_empty_cells": 524, "number_empty_cells": 0, "number_distinct_values": 32, "frequent_values": [0.01, 0.02, 0.04, 0.03, 0.05], "dataTypes": [{"type": "REAL", "count": 524, "max_value": 0.77, "min_value": 0.0, "mean": 0.05925572519083966, "stddev": 0.06790498712452933}]}]}