{"dataset_name": "/user/hm74/NYCOpenData/8iee-pzu6.tsv.gz", "columns": [{"column_name": "DBN", "number_non_empty_cells": 1719, "number_empty_cells": 0, "number_distinct_values": 1719, "frequent_values": ["02M042", "02M529", "08X093", "01M064", "01M539"], "dataTypes": [{"type": "DATE/TIME", "count": 34, "max_value": "2019-12-07T00:06:52", "min_value": "2019-12-07T00:01:15"}, {"type": "TEXT", "count": 1685, "shortest_values": [["01M063", 6], ["01M064", 6], ["01M110", 6], ["01M134", 6], ["01M140", 6]], "longest_values": [["01M063", 6], ["01M064", 6], ["01M110", 6], ["01M134", 6], ["01M140", 6]], "average_length": 6.0}]}, {"column_name": "School_Name", "number_non_empty_cells": 1719, "number_empty_cells": 0, "number_distinct_values": 1648, "frequent_values": ["Home Schooling", "Universal Pre-K C.B.O.", "P.S. 253", "P.S. 376", "P.S. 360"], "dataTypes": [{"type": "TEXT", "count": 1719, "shortest_values": [["Kappa", 5], ["P.S. 89", 7], ["Muscota", 7], ["P.S. 66", 7], ["P.S. 78", 7]], "longest_values": [["New Explorations into Science, Technology and Math", 50], ["47 The American Sign Language and English Secondar", 50], ["The Urban Assembly School for Emergency Management", 50], ["Stephen T. Mather Building Arts & Craftsmanship Hi", 50], ["James Baldwin School, The: A School for Expedition", 50]], "average_length": 27.51425247236766}]}, {"column_name": "#_Total_Students", "number_non_empty_cells": 1719, "number_empty_cells": 0, "number_distinct_values": 889, "frequent_values": [434, 497, 404, 425, 542], "dataTypes": [{"type": "INTEGER (LONG)", "count": 1719, "max_value": 6995, "min_value": 11, "mean": 618.8807446189649, "stddev": 536.2834369026605}]}, {"column_name": "#_Students_in_Temporary_Housing", "number_non_empty_cells": 1719, "number_empty_cells": 0, "number_distinct_values": 226, "frequent_values": ["s", "15", "20", "14", "24"], "dataTypes": [{"type": "INTEGER (LONG)", "count": 1623, "max_value": 955, "min_value": 6, "mean": 64.68699938385723, "stddev": 60.243207002523235}, {"type": "TEXT", "count": 96, "shortest_values": [["s", 1], ["s", 1], ["s", 1], ["s", 1], ["s", 1]], "longest_values": [["s", 1], ["s", 1], ["s", 1], ["s", 1], ["s", 1]], "average_length": 1.0}]}, {"column_name": "%_Students_in_Temporary_Housing", "number_non_empty_cells": 1719, "number_empty_cells": 0, "number_distinct_values": 47, "frequent_values": ["0.08", "s", "0.02", "0.04", "0.09"], "dataTypes": [{"type": "REAL", "count": 1623, "max_value": 0.49, "min_value": 0.0, "mean": 0.12153419593345609, "stddev": 0.08336898751300587}, {"type": "TEXT", "count": 96, "shortest_values": [["s", 1], ["s", 1], ["s", 1], ["s", 1], ["s", 1]], "longest_values": [["s", 1], ["s", 1], ["s", 1], ["s", 1], ["s", 1]], "average_length": 1.0}]}, {"column_name": "#_Students_Residing_in_Shelter", "number_non_empty_cells": 1719, "number_empty_cells": 0, "number_distinct_values": 104, "frequent_values": ["s", "8", "6", "7", "13"], "dataTypes": [{"type": "INTEGER (LONG)", "count": 1257, "max_value": 391, "min_value": 6, "mean": 26.395385839299884, "stddev": 24.437449468912234}, {"type": "TEXT", "count": 462, "shortest_values": [["s", 1], ["s", 1], ["s", 1], ["s", 1], ["s", 1]], "longest_values": [["s", 1], ["s", 1], ["s", 1], ["s", 1], ["s", 1]], "average_length": 1.0}]}, {"column_name": "#_Residing_in_DHS_Shelter", "number_non_empty_cells": 1719, "number_empty_cells": 0, "number_distinct_values": 87, "frequent_values": ["s", "10", "17", "14", "11"], "dataTypes": [{"type": "INTEGER (LONG)", "count": 608, "max_value": 217, "min_value": 6, "mean": 27.376644736842117, "stddev": 22.908310817947335}, {"type": "TEXT", "count": 1111, "shortest_values": [["s", 1], ["s", 1], ["s", 1], ["s", 1], ["s", 1]], "longest_values": [["s", 1], ["s", 1], ["s", 1], ["s", 1], ["s", 1]], "average_length": 1.0}]}, {"column_name": "#_Residing_in_Non-DHS_Shelter", "number_non_empty_cells": 1719, "number_empty_cells": 0, "number_distinct_values": 34, "frequent_values": ["s", "6", "8", "7", "9"], "dataTypes": [{"type": "INTEGER (LONG)", "count": 608, "max_value": 195, "min_value": 6, "mean": 11.564144736842115, "stddev": 9.299962715267574}, {"type": "TEXT", "count": 1111, "shortest_values": [["s", 1], ["s", 1], ["s", 1], ["s", 1], ["s", 1]], "longest_values": [["s", 1], ["s", 1], ["s", 1], ["s", 1], ["s", 1]], "average_length": 1.0}]}, {"column_name": "#_Doubled_Up", "number_non_empty_cells": 1719, "number_empty_cells": 0, "number_distinct_values": 176, "frequent_values": ["s", "7", "6", "12", "9"], "dataTypes": [{"type": "INTEGER (LONG)", "count": 1521, "max_value": 441, "min_value": 6, "mean": 42.81328073635772, "stddev": 45.15311791757673}, {"type": "TEXT", "count": 198, "shortest_values": [["s", 1], ["s", 1], ["s", 1], ["s", 1], ["s", 1]], "longest_values": [["s", 1], ["s", 1], ["s", 1], ["s", 1], ["s", 1]], "average_length": 1.0}]}]}