{"dataset_name": "/user/hm74/NYCOpenData/8ius-dhrr.tsv.gz", "columns": [{"column_name": "Borough", "number_non_empty_cells": 2168, "number_empty_cells": 0, "number_distinct_values": 5, "frequent_values": ["Brooklyn", "Queens", "Bronx", "Manhattan", "Staten Island"], "dataTypes": [{"type": "TEXT", "count": 2168, "shortest_values": [["Bronx", 5], ["Bronx", 5], ["Bronx", 5], ["Bronx", 5], ["Bronx", 5]], "longest_values": [["Staten Island", 13], ["Staten Island", 13], ["Staten Island", 13], ["Staten Island", 13], ["Staten Island", 13]], "average_length": 7.302583025830259}]}, {"column_name": "2010_Census_Bureau_FIPS_County_Code", "number_non_empty_cells": 2168, "number_empty_cells": 0, "number_distinct_values": 5, "frequent_values": [47, 81, 5, 61, 85], "dataTypes": [{"type": "INTEGER (LONG)", "count": 2168, "max_value": 85, "min_value": 5, "mean": 54.72970479704798, "stddev": 25.9377413029372}]}, {"column_name": "2010_NYC_Borough_Code", "number_non_empty_cells": 2168, "number_empty_cells": 0, "number_distinct_values": 5, "frequent_values": [3, 4, 2, 1, 5], "dataTypes": [{"type": "INTEGER (LONG)", "count": 2168, "max_value": 5, "min_value": 1, "mean": 2.98892988929889, "stddev": 1.0958943670441872}]}, {"column_name": "2010_Census_Tract", "number_non_empty_cells": 2168, "number_empty_cells": 0, "number_distinct_values": 1335, "frequent_values": [13800, 7500, 24700, 15100, 3300], "dataTypes": [{"type": "INTEGER (LONG)", "count": 2168, "max_value": 990100, "min_value": 100, "mean": 42625.69142066422, "stddev": 49137.58696388237}]}, {"column_name": "PUMA", "number_non_empty_cells": 2168, "number_empty_cells": 0, "number_distinct_values": 55, "frequent_values": [4009, 4112, 4105, 4103, 4110], "dataTypes": [{"type": "INTEGER (LONG)", "count": 2168, "max_value": 4114, "min_value": 3701, "mean": 3959.696033210331, "stddev": 145.07578609541295}]}, {"column_name": "Neighborhood_Tabulation_Area_(NTA)Code", "number_non_empty_cells": 2168, "number_empty_cells": 0, "number_distinct_values": 195, "frequent_values": ["BK50", "BK88", "BK31", "BK58", "BK82"], "dataTypes": [{"type": "TEXT", "count": 2168, "shortest_values": [["BX31", 4], ["BX31", 4], ["BX31", 4], ["BX31", 4], ["BX31", 4]], "longest_values": [["BX31", 4], ["BX31", 4], ["BX31", 4], ["BX31", 4], ["BX31", 4]], "average_length": 4.0}]}, {"column_name": "Neighborhood_Tabulation_Area_(NTA)_Name", "number_non_empty_cells": 2168, "number_empty_cells": 0, "number_distinct_values": 195, "frequent_values": ["Canarsie", "Bay Ridge", "Borough Park", "East New York", "Flatlands"], "dataTypes": [{"type": "TEXT", "count": 2168, "shortest_values": [["Corona", 6], ["Corona", 6], ["Corona", 6], ["Corona", 6], ["Corona", 6]], "longest_values": [["Todt Hill-Emerson Hill-Heartland Village-Lighthouse Hill", 56], ["Todt Hill-Emerson Hill-Heartland Village-Lighthouse Hill", 56], ["Todt Hill-Emerson Hill-Heartland Village-Lighthouse Hill", 56], ["Todt Hill-Emerson Hill-Heartland Village-Lighthouse Hill", 56], ["Todt Hill-Emerson Hill-Heartland Village-Lighthouse Hill", 56]], "average_length": 18.512915129151274}]}]}