{"dataset_name": "/user/hm74/NYCOpenData/8k4x-9mp5.tsv.gz", "columns": [{"column_name": "Calendar_Year", "number_non_empty_cells": 13216, "number_empty_cells": 0, "number_distinct_values": 5, "frequent_values": [2017, 2018, 2016, 2015, 2014], "dataTypes": [{"type": "INTEGER (LONG)", "count": 13216, "max_value": 2018, "min_value": 2014, "mean": 2016.0853510895897, "stddev": 1.398279272950293}]}, {"column_name": "CY_Payroll_Num_(2014-15_only)", "number_non_empty_cells": 4943, "number_empty_cells": 8273, "number_distinct_values": 59, "frequent_values": [841, 826, 810, 69, 57], "dataTypes": [{"type": "INTEGER (LONG)", "count": 4943, "max_value": 996, "min_value": 2, "mean": 616.640906332188, "stddev": 344.4161427499542}]}, {"column_name": "Pyrl_Desc", "number_non_empty_cells": 13039, "number_empty_cells": 177, "number_distinct_values": 68, "frequent_values": ["DEPARTMENT OF TRANSPORTATION", "DEPARTMENT OF BUILDINGS", "DEPT OF ENVIRONMENT PROTECTION", "FIRE DEPARTMENT", "DEPT. OF DESIGN & CONSTRUCTION"], "dataTypes": [{"type": "TEXT", "count": 13216, "shortest_values": [["CITY CLERK", 10], ["CITY CLERK", 10], ["CITY CLERK", 10], ["CITY CLERK", 10], ["CITY CLERK", 10]], "longest_values": [["PRESIDENT BOROUGH OF MANHATTAN", 30], ["PRESIDENT BOROUGH OF MANHATTAN", 30], ["PRESIDENT BOROUGH OF MANHATTAN", 30], ["OFFICE OF EMERGENCY MANAGEMENT", 30], ["OFFICE OF EMERGENCY MANAGEMENT", 30]], "average_length": 25.54343220338986}]}, {"column_name": "Last_Name_(only_2014-15)", "number_non_empty_cells": 4732, "number_empty_cells": 8484, "number_distinct_values": 3674, "frequent_values": ["MICHAEL", "JOSEPH", "JOHN", "ANTHONY", "ROBERT"], "dataTypes": [{"type": "DATE/TIME", "count": 1, "max_value": "2019-01-09T00:00:00", "min_value": "2019-01-09T00:00:00"}, {"type": "TEXT", "count": 4942, "shortest_values": [["S", 1], ["TA", 2], ["KO", 2], ["HE", 2], ["WU", 2]], "longest_values": [["VEREEN-JENNINGS", 15], ["ROSE-BONKOUNGOU", 15], ["OTERO - SANCHEZ", 15], ["MCKNIGHT-GIBSON", 15], ["WILKINS-HENDERS", 15]], "average_length": 7.057061918251736}]}, {"column_name": "Employee_Full_Name_(from_2016)", "number_non_empty_cells": 12304, "number_empty_cells": 912, "number_distinct_values": 6918, "frequent_values": ["JOHN", "JOSEPH", "MICHAEL", "ANTHONY", "ROBERT"], "dataTypes": [{"type": "DATE/TIME", "count": 2, "max_value": "2019-12-15T00:00:00", "min_value": "2019-05-09T00:00:00"}, {"type": "TEXT", "count": 13214, "shortest_values": [["J", 1], ["S", 1], ["WU", 2], ["KO", 2], ["TA", 2]], "longest_values": [["BARAJAS OROZCO, JUAN FRANCISCO", 30], ["LANCASTER-MADER, TATANISHA A", 28], ["LANCASTER-MADER, TATANISHA A", 28], ["HENDERSON-BLACK, ANASTASIA A", 28], ["MOLINA-GUREVICH, LISSETTE V", 27]], "average_length": 12.492583623429717}]}, {"column_name": "Parking_Fringe", "number_non_empty_cells": 13216, "number_empty_cells": 0, "number_distinct_values": 490, "frequent_values": [0.0, 1015.2, 76.0, 16.02, 13.92], "dataTypes": [{"type": "REAL", "count": 13216, "max_value": 9364.0, "min_value": -6395.48, "mean": 65.2090723365616, "stddev": 262.2335216509684}]}, {"column_name": "Automobile_Fringe", "number_non_empty_cells": 13216, "number_empty_cells": 0, "number_distinct_values": 2364, "frequent_values": [0.0, 660.0, 636.0, 720.0, 600.0], "dataTypes": [{"type": "REAL", "count": 13216, "max_value": 18767.64, "min_value": -6.0, "mean": 610.304554328087, "stddev": 964.5617644168849}]}, {"column_name": "Total_", "number_non_empty_cells": 13216, "number_empty_cells": 0, "number_distinct_values": 2536, "frequent_values": [660.0, 636.0, 720.0, 600.0, 630.0], "dataTypes": [{"type": "REAL", "count": 13216, "max_value": 18767.64, "min_value": -6.0, "mean": 675.5136266646492, "stddev": 968.8840728813401}]}]}