{"dataset_name": "/user/hm74/NYCOpenData/8kiv-2ukd.tsv.gz", "columns": [{"column_name": "City", "number_non_empty_cells": 8, "number_empty_cells": 0, "number_distinct_values": 8, "frequent_values": ["Seattle, WA", "San Francisco, CA", "Los Angeles, CA", "Chicago, IL", "Washington, DC"], "dataTypes": [{"type": "TEXT", "count": 8, "shortest_values": [["Boston", 6], ["Miami, FL", 9], ["Seattle, WA", 11], ["Chicago, IL", 11], ["New York City", 13]], "longest_values": [["San Francisco, CA", 17], ["Los Angeles, CA", 15], ["Washington, DC", 14], ["New York City", 13], ["Seattle, WA", 11]], "average_length": 11.999999999999998}]}, {"column_name": "Street Homeless Population", "number_non_empty_cells": 8, "number_empty_cells": 0, "number_distinct_values": 8, "frequent_values": [321, 24915, 3111, 1576, 219], "dataTypes": [{"type": "INTEGER (LONG)", "count": 8, "max_value": 24915, "min_value": 219, "mean": 4406.0, "stddev": 7820.00187020438}]}, {"column_name": "General Population", "number_non_empty_cells": 8, "number_empty_cells": 0, "number_distinct_values": 8, "frequent_values": [609023, 598541, 413201, 591833, 8363710], "dataTypes": [{"type": "INTEGER (LONG)", "count": 8, "max_value": 8363710, "min_value": 413201, "mean": 2259049.1250000005, "stddev": 2594937.4367672834}]}, {"column_name": "Ratio of Unsheltered Homeless to General Population", "number_non_empty_cells": 8, "number_empty_cells": 0, "number_distinct_values": 8, "frequent_values": ["1 in 2,688 ", "1 in 154 ", "1 in 1,810 ", "1 in 2,781 ", "1 in 1,844 "], "dataTypes": [{"type": "TEXT", "count": 8, "shortest_values": [["1 in 154 ", 9], ["1 in 299 ", 9], ["1 in 301 ", 9], ["1 in 1005 ", 10], ["1 in 2,688 ", 11]], "longest_values": [["1 in 2,688 ", 11], ["1 in 1,810 ", 11], ["1 in 1,844 ", 11], ["1 in 2,781 ", 11], ["1 in 1005 ", 10]], "average_length": 10.124999999999998}]}]}