{"dataset_name": "/user/hm74/NYCOpenData/8knn-wq9b.tsv.gz", "columns": [{"column_name": "Borough", "number_non_empty_cells": 393, "number_empty_cells": 0, "number_distinct_values": 4, "frequent_values": ["Brooklyn", "Bronx", "Manhattan", "Queens"], "dataTypes": [{"type": "TEXT", "count": 393, "shortest_values": [["Bronx", 5], ["Bronx", 5], ["Bronx", 5], ["Bronx", 5], ["Bronx", 5]], "longest_values": [["Manhattan", 9], ["Manhattan", 9], ["Manhattan", 9], ["Manhattan", 9], ["Manhattan", 9]], "average_length": 6.923664122137403}]}, {"column_name": "Category Type", "number_non_empty_cells": 393, "number_empty_cells": 0, "number_distinct_values": 6, "frequent_values": ["To School", "Discharge", "GPA", "Attendance", "SWD Status"], "dataTypes": [{"type": "TEXT", "count": 393, "shortest_values": [["GPA", 3], ["GPA", 3], ["GPA", 3], ["GPA", 3], ["GPA", 3]], "longest_values": [["Attendance", 10], ["Attendance", 10], ["Attendance", 10], ["Attendance", 10], ["Attendance", 10]], "average_length": 8.781170483460558}]}, {"column_name": "Category Values", "number_non_empty_cells": 393, "number_empty_cells": 0, "number_distinct_values": 313, "frequent_values": ["Transferred to another DOE school or pro", "Not SWD", "Received Local Diploma", "41-60% Attendance Rate", "Received Regents Diploma"], "dataTypes": [{"type": "TEXT", "count": 393, "shortest_values": [["SWD", 3], ["SWD", 3], ["SWD", 3], ["SWD", 3], ["0-54", 4]], "longest_values": [["Transferred to a part-time DOE GED progr", 40], ["Transferred to a YABC, D79 or D75 progra", 40], ["Discharged to a School outside of NYC; M", 40], ["Career Development and Occupational Stud", 40], ["Transferred to another DOE school or pro", 40]], "average_length": 9.737913486005093}]}, {"column_name": "Total#", "number_non_empty_cells": 393, "number_empty_cells": 0, "number_distinct_values": 47, "frequent_values": ["s", "38", "14", "11", "15"], "dataTypes": [{"type": "INTEGER (LONG)", "count": 66, "max_value": 440, "min_value": 10, "mean": 69.78787878787877, "stddev": 99.75386605275085}, {"type": "TEXT", "count": 327, "shortest_values": [["s", 1], ["s", 1], ["s", 1], ["s", 1], ["s", 1]], "longest_values": [["s", 1], ["s", 1], ["s", 1], ["s", 1], ["s", 1]], "average_length": 1.0}]}, {"column_name": "Total%", "number_non_empty_cells": 393, "number_empty_cells": 0, "number_distinct_values": 60, "frequent_values": ["s", "4.1", "14.6", "3.4", "1.9"], "dataTypes": [{"type": "REAL", "count": 66, "max_value": 81.7, "min_value": 1.9, "mean": 22.36515151515151, "stddev": 22.908536799856435}, {"type": "TEXT", "count": 327, "shortest_values": [["s", 1], ["s", 1], ["s", 1], ["s", 1], ["s", 1]], "longest_values": [["s", 1], ["s", 1], ["s", 1], ["s", 1], ["s", 1]], "average_length": 1.0}]}, {"column_name": "ELL#", "number_non_empty_cells": 393, "number_empty_cells": 0, "number_distinct_values": 12, "frequent_values": ["s", "13", "11", "60", "87"], "dataTypes": [{"type": "INTEGER (LONG)", "count": 12, "max_value": 135, "min_value": 11, "mean": 51.083333333333336, "stddev": 42.98538188216496}, {"type": "TEXT", "count": 381, "shortest_values": [["s", 1], ["s", 1], ["s", 1], ["s", 1], ["s", 1]], "longest_values": [["s", 1], ["s", 1], ["s", 1], ["s", 1], ["s", 1]], "average_length": 1.0}]}, {"column_name": "ELL%", "number_non_empty_cells": 393, "number_empty_cells": 0, "number_distinct_values": 13, "frequent_values": ["s", "6.2", "7.3", "32.7", "59.4"], "dataTypes": [{"type": "REAL", "count": 12, "max_value": 86.1, "min_value": 6.2, "mean": 38.4, "stddev": 28.236412661667913}, {"type": "TEXT", "count": 381, "shortest_values": [["s", 1], ["s", 1], ["s", 1], ["s", 1], ["s", 1]], "longest_values": [["s", 1], ["s", 1], ["s", 1], ["s", 1], ["s", 1]], "average_length": 1.0}]}, {"column_name": "Not ELL#", "number_non_empty_cells": 393, "number_empty_cells": 0, "number_distinct_values": 13, "frequent_values": ["s", "281", "11", "69", "108"], "dataTypes": [{"type": "INTEGER (LONG)", "count": 12, "max_value": 334, "min_value": 11, "mean": 166.66666666666666, "stddev": 119.69707134633198}, {"type": "TEXT", "count": 381, "shortest_values": [["s", 1], ["s", 1], ["s", 1], ["s", 1], ["s", 1]], "longest_values": [["s", 1], ["s", 1], ["s", 1], ["s", 1], ["s", 1]], "average_length": 1.0}]}, {"column_name": "Not ELL%", "number_non_empty_cells": 393, "number_empty_cells": 0, "number_distinct_values": 13, "frequent_values": ["s", "8.7", "29.3", "32.3", "82.9"], "dataTypes": [{"type": "REAL", "count": 12, "max_value": 82.9, "min_value": 3.0, "mean": 39.18333333333334, "stddev": 28.060168487654447}, {"type": "TEXT", "count": 381, "shortest_values": [["s", 1], ["s", 1], ["s", 1], ["s", 1], ["s", 1]], "longest_values": [["s", 1], ["s", 1], ["s", 1], ["s", 1], ["s", 1]], "average_length": 1.0}]}]}