{"dataset_name": "/user/hm74/NYCOpenData/8p6c-94pc.tsv.gz", "columns": [{"column_name": "Borough", "number_non_empty_cells": 2767, "number_empty_cells": 0, "number_distinct_values": 5, "frequent_values": ["Brooklyn", "Bronx", "Queens", "Manhattan", "Staten Island"], "dataTypes": [{"type": "TEXT", "count": 2767, "shortest_values": [["Bronx", 5], ["Bronx", 5], ["Bronx", 5], ["Bronx", 5], ["Bronx", 5]], "longest_values": [["Staten Island", 13], ["Staten Island", 13], ["Staten Island", 13], ["Staten Island", 13], ["Staten Island", 13]], "average_length": 7.368630285507761}]}, {"column_name": "Park_or_Playground", "number_non_empty_cells": 2767, "number_empty_cells": 0, "number_distinct_values": 134, "frequent_values": ["John J Carty Park - CPI", "Horseshoe Playground - CPI", "Dawson Playground - CPI", "Tiffany Playground", "Rev. James Polite Playground - CPI"], "dataTypes": [{"type": "TEXT", "count": 2767, "shortest_values": [["PS 35", 5], ["PS 35", 5], ["PS 35", 5], ["PS 35", 5], ["PS 35", 5]], "longest_values": [["Linden Playground (Park of the Americas) - CPI", 46], ["Linden Playground (Park of the Americas) - CPI", 46], ["Linden Playground (Park of the Americas) - CPI", 46], ["Linden Playground (Park of the Americas) - CPI", 46], ["Linden Playground (Park of the Americas) - CPI", 46]], "average_length": 22.210336104083822}]}, {"column_name": "Week_Start_Date", "number_non_empty_cells": 2767, "number_empty_cells": 0, "number_distinct_values": 144, "frequent_values": ["07/08/2018", "07/15/2018", "07/23/2017", "08/12/2018", "07/01/2018"], "dataTypes": [{"type": "DATE/TIME", "count": 2767, "max_value": "2018-09-16T00:00:00", "min_value": "2016-04-30T00:00:00"}]}, {"column_name": "Week_End_date", "number_non_empty_cells": 2767, "number_empty_cells": 0, "number_distinct_values": 88, "frequent_values": ["07/29/2017", "07/22/2017", "08/12/2017", "08/05/2017", "08/26/2017"], "dataTypes": [{"type": "DATE/TIME", "count": 2767, "max_value": "2018-09-22T00:00:00", "min_value": "2017-04-15T00:00:00"}]}, {"column_name": "Sunday's_Attendance", "number_non_empty_cells": 2767, "number_empty_cells": 0, "number_distinct_values": 64, "frequent_values": [0, 60, 45, 55, 25], "dataTypes": [{"type": "INTEGER (LONG)", "count": 2767, "max_value": 771, "min_value": 0, "mean": 3.806288398988074, "stddev": 34.04938148751952}]}, {"column_name": "Monday's_Attendance", "number_non_empty_cells": 2767, "number_empty_cells": 0, "number_distinct_values": 93, "frequent_values": [0, 15, 50, 60, 45], "dataTypes": [{"type": "INTEGER (LONG)", "count": 2767, "max_value": 952, "min_value": 0, "mean": 7.043729671123968, "stddev": 46.26114067449234}]}, {"column_name": "Tuesday's_Attendance", "number_non_empty_cells": 2767, "number_empty_cells": 0, "number_distinct_values": 305, "frequent_values": [0, 50, 40, 60, 30], "dataTypes": [{"type": "INTEGER (LONG)", "count": 2767, "max_value": 1434, "min_value": 0, "mean": 78.12106975063251, "stddev": 115.47226208503442}]}, {"column_name": "Wednesday's_Attendance", "number_non_empty_cells": 2767, "number_empty_cells": 0, "number_distinct_values": 321, "frequent_values": [0, 60, 50, 100, 35], "dataTypes": [{"type": "INTEGER (LONG)", "count": 2767, "max_value": 1268, "min_value": 0, "mean": 83.88146006505244, "stddev": 124.70536453266229}]}, {"column_name": "Thursday's_Attendance", "number_non_empty_cells": 2767, "number_empty_cells": 0, "number_distinct_values": 328, "frequent_values": [0, 50, 60, 30, 40], "dataTypes": [{"type": "INTEGER (LONG)", "count": 2767, "max_value": 1504, "min_value": 0, "mean": 86.77954463317673, "stddev": 126.61871817070048}]}, {"column_name": "Friday's_Attendance", "number_non_empty_cells": 2767, "number_empty_cells": 0, "number_distinct_values": 321, "frequent_values": [0, 50, 60, 30, 45], "dataTypes": [{"type": "INTEGER (LONG)", "count": 2767, "max_value": 1238, "min_value": 0, "mean": 84.42790025298164, "stddev": 124.35341025434997}]}, {"column_name": "Saturday's_Attendance", "number_non_empty_cells": 2767, "number_empty_cells": 0, "number_distinct_values": 316, "frequent_values": [0, 50, 60, 40, 30], "dataTypes": [{"type": "INTEGER (LONG)", "count": 2767, "max_value": 1400, "min_value": 0, "mean": 77.36682327430427, "stddev": 131.97200570842097}]}, {"column_name": "Total_Attendance", "number_non_empty_cells": 2767, "number_empty_cells": 0, "number_distinct_values": 869, "frequent_values": [0, 130, 260, 195, 240], "dataTypes": [{"type": "INTEGER (LONG)", "count": 2767, "max_value": 5309, "min_value": 0, "mean": 421.4268160462601, "stddev": 529.2599175537159}]}]}