{"dataset_name": "/user/hm74/NYCOpenData/8pnf-vysd.tsv.gz", "columns": [{"column_name": "Agency_Name", "number_non_empty_cells": 83, "number_empty_cells": 0, "number_distinct_values": 14, "frequent_values": ["Office of the Comptroller (COMPTROLLER)", "Department of Health and Mental Hygiene (DOHMH)", "Department of Consumer Affairs (DCA)", "Office of the Manhattan Borough President (MBPO)", "Department of Education (DOE)"], "dataTypes": [{"type": "TEXT", "count": 83, "shortest_values": [["Department of Finance (DOF)", 27], ["Department of Finance (DOF)", 27], ["Department of Finance (DOF)", 27], ["Department of Education (DOE)", 29], ["Department of Education (DOE)", 29]], "longest_values": [["Department of Records and Information Services (DORIS)", 54], ["Office of the Manhattan Borough President (MBPO)", 48], ["Office of the Manhattan Borough President (MBPO)", 48], ["Office of the Manhattan Borough President (MBPO)", 48], ["Office of the Manhattan Borough President (MBPO)", 48]], "average_length": 39.036144578313255}]}, {"column_name": "Data_Set_Title", "number_non_empty_cells": 83, "number_empty_cells": 0, "number_distinct_values": 83, "frequent_values": ["Labor Law  \u00c2\u00a7230 and NYC Administrative Code  \u00c2\u00a76-130 Prevailing Wage Schedule for Building Service Employees", "Adults Reporting Cockroaches in the Home", "Receivables and Receipts", "Board of Education Retirement System Common Investment Meeting Supplemental Material", "New York City Fire Department Pension Fund Performance Review"], "dataTypes": [{"type": "TEXT", "count": 83, "shortest_values": [["CPRR", 4], ["Appeals", 7], ["Bed Bugs", 8], ["School Data", 11], ["Benefit Log", 11]], "longest_values": [["Labor Law  \u00c2\u00a7230 and NYC Administrative Code  \u00c2\u00a76-130 Prevailing Wage Schedule for Building Service Employees", 109], ["New York City Employees' Retirement System Common Investment Meeting Supplemental Material", 90], ["New York City Fire Department Pension Fund Common Investment Meeting Supplemental Material", 90], ["New York City Police Superior Officers' Variable Supplements Fund Total Fund Overview", 85], ["Board of Education Retirement System Common Investment Meeting Supplemental Material", 84]], "average_length": 39.0843373493976}]}, {"column_name": "Dataset_Description", "number_non_empty_cells": 83, "number_empty_cells": 0, "number_distinct_values": 80, "frequent_values": ["To Be Determined.", "OFE - Data behind Banked/Underbanked Study.", "Quarterly overview of the New York City Police Pension Fund performance.", "Local Law 51 mandated report on youth cash assistance applications.", "Economically Targeted Investments Quarterly Report, Private Equity Quarterly Report, and Real Assets Quarterly Report for the New York City Employees' Retirement System."], "dataTypes": [{"type": "TEXT", "count": 83, "shortest_values": [["To Be Determined.", 17], ["To Be Determined.", 17], ["To Be Determined.", 17], ["To Be Determined.", 17], ["Student Discipline.", 19]], "longest_values": [["The City suspends alternate side parking (street cleaning) regulations, for both street cleaning purposes and traffic flow, on the 34 legal and religious holidays. This includes suspension of street cleaning regulations at metered spaces. This policy is implemented jointly by the Department of Transportation, the Department of Sanitation, and the Police Department. On major legal holidays, No Stopping, No Standing, and No Parking regulations are suspended, except where those regulations are normally in effect seven days a week. On all other holidays, only Street Cleaning Rules are suspended. All other regulations remain in effect. Parking meter regulations will be suspended on major legal holidays.", 707], ["Comprehensive Annual Financial Report for the City of New York, which includes the Comptroller's letter of transmittal, independent auditor's report, management's discussion and analysis of the financial activities of New York City, government-wide and fund financial statements, fiduciary fund statements, general and capital fund schedules of revenues and expenditures, and additional financial trends and statistical information.", 432], ["Estimated number of adults who reported experiencing noise disruption three or more times per week, rounded to the nearest 1,000. Disruptive noise exposure is any ambient noise from outside the home that disrupts activities - such as watching television, listening to the radio, having a conversation, or sleeping - of the person who hears it.", 343], ["Information on individuals and families by case type; the ethnicity of shelter clients; the number of shelter entrants by borough; the number of shelter exits; how many school aged children are in shelter; the placements of chronically street homeless individuals; and prevention enrollments.", 292], ["Information about the age and race of shelter clients, entrants borough of origin, shelter exits, number of school-age children, school attendance, the placement of families by youngest school-aged child's school address, outreach placements, and prevention enrollments.", 270]], "average_length": 104.86746987951804}]}, {"column_name": "Update_Frequency", "number_non_empty_cells": 83, "number_empty_cells": 0, "number_distinct_values": 9, "frequent_values": ["Annually", "Quarterly", "Monthly", "As Needed", "Semi-annually"], "dataTypes": [{"type": "TEXT", "count": 83, "shortest_values": [["Weekly", 6], ["Monthly", 7], ["Monthly", 7], ["Monthly", 7], ["Monthly", 7]], "longest_values": [["Approximately 3 times per year", 30], ["Approximately 3 times per year", 30], ["To Be Determined", 16], ["To Be Determined", 16], ["Semi-annually", 13]], "average_length": 9.1566265060241}]}, {"column_name": "Release_Date", "number_non_empty_cells": 83, "number_empty_cells": 0, "number_distinct_values": 16, "frequent_values": ["11/03/2017", "12/31/2018", "12/01/2017", "12/30/2017", "10/20/2017"], "dataTypes": [{"type": "DATE/TIME", "count": 83, "max_value": "2018-12-31T00:00:00", "min_value": "2017-07-30T00:00:00"}]}, {"column_name": "Agency_Comment", "number_non_empty_cells": 83, "number_empty_cells": 0, "number_distinct_values": 41, "frequent_values": ["Report format (PDF) not compatible with Open Data portal requirements. Report is publicly accessible: https://comptroller.nyc.gov/services/financial-matters/pension/library/.", "This data was a one time survey conducted by the agency and to release the data will be an administrative burden to the agency.", "Dataset does not meet qualifications for \u201cdata\u201d as defined by the Local Law 11 of 2012.", "Schedule format (PDF) not compatible with Open Data portal requirements. Schedule is publicly accessible: https://comptroller.nyc.gov/services/for-the-public/nyc-wage-standards/wage-schedules/.", "NYC bond data now being provided in the Quarterly Bond Update listed under newly identified data sets."], "dataTypes": [{"type": "TEXT", "count": 83, "shortest_values": [["Data not owned by agency.", 25], ["Does not meet Open Data requirements.", 37], ["Does not meet Open Data requirements.", 37], ["Data set is no longer being maintained.", 39], ["Duplicate Data Set entry for DHS Data Dashboard.", 48]], "longest_values": [["DOF is the collection agency for 15 Mayoral agencies. CPRR is the repository for the collection of payments made to the City. These payments span across many areas of collection (i.e., parking tickets, property taxes, ECB violations, elevator repairs, FDNY charges, HPD charges, Sanitation charges, DEP charges, etc.). Some data is tax secret and/or private, while other data is already posted onto the Open Data portal (see parking summons data set and property tax dataset). Further, DOF is not the custodial agency for the majority of the payments collected. We do not have any knowledge of why the payment is being collected, the calculations used to arrive at those payment amounts, any penalties assessed, miscellaneous fees, etc. This data comes from the system of record for these payments, not CPRR. For example, STARS is the system of record for parking summons fees. CPRR is responsible for collecting the payment, but has no understanding of the underlying data attached to that payment. STARS data regarding the payment is already distilled and provided within our parking data sets currently on the OD portal. In the alternative, lets say a request is received by DOF regarding elevator charges attached to a property tax bill. DOF is unable to provide any knowledge or understanding as to the nature of that charge. We are only provided with the amount owed by the charging agency. The requestor is referred to DOB for explanation as to the charge and the resulting amount. It is our recommendation that each system of record be responsible for the data surrounding payments and not CPRR. Each agency should have the right to determine what data they provide to the public.", 1688], ["Several datasets already exist on NYC OpenData to support this and updated daily. Drivers: Medallion Drivers - Active: https://data.cityofnewyork.us/Transportation/Medallion-Drivers-Active/jb3k-j3gpMedallion Drivers - Trained: https://data.cityofnewyork.us/Transportation/Medallion-Drivers-Trained/td5q-ry6dSHL Drivers - Active: https://data.cityofnewyork.us/Transportation/Street-Hail-Livery-Drivers-Active/5tub-eh45For Hire Vehicle Drivers - Active: https://data.cityofnewyork.us/Transportation/For-Hire-Vehicles-FHV-Active-Drivers/xjfq-wh2dFor Hire Vehicles - Active and Inactive: https://data.cityofnewyork.us/Transportation/For-Hire-Vehicles-FHV-Active-and-Inactive-Vehicles/8wbx-tsch.", 690], ["\"The data compiled for this research study do not meet the standard for \"\"Open Data\"\" because,-they originate from publicly available or proprietary data sources not maintained by DCA; the research was conducted by third parties; the data was processed and aggregated and therefore represents internal work product; the report is publicly available https://www1.nyc.gov/assets/dca/CitywideFinancialServicesStudy/Research-Brief.pdf)-data visualization tool is publicly available (https://www1.nyc.gov/assets/dca/CitywideFinancialServicesStudy/index.html).\"", 555], ["\"The data compiled for this research study do not meet the standard for \"\"Open Data\"\" because, they originate from publicly available or proprietary data sources not maintained by DCA; the research was conducted by third parties; the data was processed and aggregated and therefore represents internal work product; the final report is publicly available (https://www1.nyc.gov/assets/dca/MobileServicesStudy/Research-Brief.pdf)-data visualization tool is publicly available (https://www1.nyc.gov/assets/dca/MobileServicesStudy/).\"", 530], ["DOF is the collection agency for these mechanic's liens. We do not generate these liens at DOF. Each agency provides DOF with certain necessary lien information in order to collect against those liens. However, this is all information provided to DOF from the agency that placed the lien onto the vendor. If there are necessary data points that fall outside of the report we currently publish, DOF will be unable to accommodate the request as that data does not belong to DOF, but rather the agency executing the mechanic lien.  .", 530]], "average_length": 185.92771084337352}]}]}