{"dataset_name": "/user/hm74/NYCOpenData/8qgy-ka3v.tsv.gz", "columns": [{"column_name": "Recreation_Unit", "number_non_empty_cells": 416, "number_empty_cells": 0, "number_distinct_values": 416, "frequent_values": ["Kensico Dam Day Use Area", "Batavia", "Bushkill Fishing", "Grinch House", "Carver Hill"], "dataTypes": [{"type": "TEXT", "count": 416, "shortest_values": [["Adams", 5], ["Arena", 5], ["Alamar", 6], ["Denver", 6], ["Loomis", 6]], "longest_values": [["Lake Gleneida Fishing Access Area", 33], ["Middle Branch Fishing Access Area", 33], ["Boyd Corners Fishing Access Area", 32], ["Cannonsville Fishing Access Area", 32], ["Croton Falls Fishing Access Area", 32]], "average_length": 13.651442307692308}]}, {"column_name": "Acres", "number_non_empty_cells": 416, "number_empty_cells": 0, "number_distinct_values": 415, "frequent_values": [171.42, 170.25, 61.78, 625.28, 144.71], "dataTypes": [{"type": "REAL", "count": 416, "max_value": 3804.49, "min_value": 0.69, "mean": 269.52350961538457, "stddev": 410.47071020095314}]}, {"column_name": "County", "number_non_empty_cells": 416, "number_empty_cells": 0, "number_distinct_values": 8, "frequent_values": ["Delaware", "Greene", "Ulster", "Putnam", "Sullivan"], "dataTypes": [{"type": "TEXT", "count": 416, "shortest_values": [["Ulster", 6], ["Putnam", 6], ["Greene", 6], ["Ulster", 6], ["Ulster", 6]], "longest_values": [["Westchester", 11], ["Westchester", 11], ["Westchester", 11], ["Westchester", 11], ["Westchester", 11]], "average_length": 7.324519230769233}]}, {"column_name": "Town", "number_non_empty_cells": 416, "number_empty_cells": 0, "number_distinct_values": 45, "frequent_values": ["Andes", "Neversink", "Roxbury", "Middletown", "Olive"], "dataTypes": [{"type": "TEXT", "count": 416, "shortest_values": [["Kent", 4], ["Kent", 4], ["Kent", 4], ["Kent", 4], ["Kent", 4]], "longest_values": [["East Fishkill", 13], ["East Fishkill", 13], ["Putnam Valley", 13], ["North Castle", 12], ["North Castle", 12]], "average_length": 7.444711538461539}]}, {"column_name": "WMU", "number_non_empty_cells": 416, "number_empty_cells": 0, "number_distinct_values": 11, "frequent_values": ["4P", "4R", "3A", "4O", "3C"], "dataTypes": [{"type": "DATE/TIME", "count": 189, "max_value": "2019-12-07T16:00:00", "min_value": "2019-12-07T00:00:03"}, {"type": "TEXT", "count": 227, "shortest_values": [["3C", 2], ["3N", 2], ["4R", 2], ["3N", 2], ["4O", 2]], "longest_values": [["3C", 2], ["3N", 2], ["4R", 2], ["3N", 2], ["4O", 2]], "average_length": 2.0}]}, {"column_name": "Status", "number_non_empty_cells": 416, "number_empty_cells": 0, "number_distinct_values": 1, "frequent_values": ["Open"], "dataTypes": [{"type": "TEXT", "count": 416, "shortest_values": [["Open", 4], ["Open", 4], ["Open", 4], ["Open", 4], ["Open", 4]], "longest_values": [["Open", 4], ["Open", 4], ["Open", 4], ["Open", 4], ["Open", 4]], "average_length": 4.0}]}, {"column_name": "Map", "number_non_empty_cells": 416, "number_empty_cells": 0, "number_distinct_values": 416, "frequent_values": ["http://www.nyc.gov/html/dep/pdf/maps/Rochester.pdf", "http://www.nyc.gov/html/dep/pdf/maps/Crystal_Creek.pdf", "http://www.nyc.gov/html/dep/pdf/maps/North_Putnam.pdf", "http://www.nyc.gov/html/dep/pdf/maps/Lindholm_Road.pdf", "http://www.nyc.gov/html/dep/pdf/maps/Bagley_Brook.pdf"], "dataTypes": [{"type": "TEXT", "count": 416, "shortest_values": [["http://www.nyc.gov/html/dep/pdf/maps/Adams.pdf", 46], ["http://www.nyc.gov/html/dep/pdf/maps/Arena.pdf", 46], ["http://www.nyc.gov/html/dep/pdf/maps/Alamar.pdf", 47], ["http://www.nyc.gov/html/dep/pdf/maps/Denver.pdf", 47], ["http://www.nyc.gov/html/dep/pdf/maps/Loomis.pdf", 47]], "longest_values": [["http://www.nyc.gov/html/dep/pdf/maps/Cross_River_Dam_Day_Use_Area.pdf", 69], ["http://www.nyc.gov/html/dep/pdf/maps/Devasego_Park_Day_Use_Area.pdf", 67], ["http://www.nyc.gov/html/dep/pdf/maps/Kensico_Dam_Day_Use_Area.pdf", 65], ["http://www.nyc.gov/html/dep/pdf/maps/South_Mountain_Extension.pdf", 65], ["http://www.nyc.gov/html/dep/pdf/maps/Bagley_Brook_Headwaters.pdf", 64]], "average_length": 53.99519230769229}]}, {"column_name": "Label", "number_non_empty_cells": 416, "number_empty_cells": 0, "number_distinct_values": 3, "frequent_values": ["No Permit Required", "Access by Permit Only", "Fishing Access by Permit Only"], "dataTypes": [{"type": "TEXT", "count": 416, "shortest_values": [["No Permit Required", 18], ["No Permit Required", 18], ["No Permit Required", 18], ["No Permit Required", 18], ["No Permit Required", 18]], "longest_values": [["Fishing Access by Permit Only", 29], ["Fishing Access by Permit Only", 29], ["Fishing Access by Permit Only", 29], ["Fishing Access by Permit Only", 29], ["Fishing Access by Permit Only", 29]], "average_length": 19.175480769230777}]}]}