{"dataset_name": "/user/hm74/NYCOpenData/8qnp-qwn4.tsv.gz", "columns": [{"column_name": "ProviderType", "number_non_empty_cells": 2, "number_empty_cells": 0, "number_distinct_values": 1, "frequent_values": ["CITY MEALS ADMINISTRATIVE SERVICES CONTRACTS"], "dataTypes": [{"type": "TEXT", "count": 2, "shortest_values": [["CITY MEALS ADMINISTRATIVE SERVICES CONTRACTS", 44], ["CITY MEALS ADMINISTRATIVE SERVICES CONTRACTS", 44]], "longest_values": [["CITY MEALS ADMINISTRATIVE SERVICES CONTRACTS", 44], ["CITY MEALS ADMINISTRATIVE SERVICES CONTRACTS", 44]], "average_length": 44.0}]}, {"column_name": "DFTA ID", "number_non_empty_cells": 2, "number_empty_cells": 0, "number_distinct_values": 2, "frequent_values": ["CM601", "CM201"], "dataTypes": [{"type": "TEXT", "count": 2, "shortest_values": [["CM601", 5], ["CM201", 5]], "longest_values": [["CM601", 5], ["CM201", 5]], "average_length": 5.0}]}, {"column_name": "ContractYear", "number_non_empty_cells": 2, "number_empty_cells": 0, "number_distinct_values": 1, "frequent_values": [2020], "dataTypes": [{"type": "INTEGER (LONG)", "count": 2, "max_value": 2020, "min_value": 2020, "mean": 2020.0, "stddev": 0.0}]}, {"column_name": "SponsorName", "number_non_empty_cells": 2, "number_empty_cells": 0, "number_distinct_values": 1, "frequent_values": ["CITYMEALS-ON-WHEELS"], "dataTypes": [{"type": "TEXT", "count": 2, "shortest_values": [["CITYMEALS-ON-WHEELS", 19], ["CITYMEALS-ON-WHEELS", 19]], "longest_values": [["CITYMEALS-ON-WHEELS", 19], ["CITYMEALS-ON-WHEELS", 19]], "average_length": 19.0}]}, {"column_name": "ProgramName", "number_non_empty_cells": 2, "number_empty_cells": 0, "number_distinct_values": 2, "frequent_values": ["CITY MEALS-ON-WHEELS", "CITYMEALS EMERGENCY MEALS AND FRIENDLY V"], "dataTypes": [{"type": "TEXT", "count": 2, "shortest_values": [["CITY MEALS-ON-WHEELS", 20], ["CITYMEALS EMERGENCY MEALS AND FRIENDLY V", 40]], "longest_values": [["CITYMEALS EMERGENCY MEALS AND FRIENDLY V", 40], ["CITY MEALS-ON-WHEELS", 20]], "average_length": 30.0}]}, {"column_name": "DFTAFunded", "number_non_empty_cells": 2, "number_empty_cells": 0, "number_distinct_values": 1, "frequent_values": ["Y"], "dataTypes": [{"type": "TEXT", "count": 2, "shortest_values": [["Y", 1], ["Y", 1]], "longest_values": [["Y", 1], ["Y", 1]], "average_length": 1.0}]}, {"column_name": "BudgetPeriod", "number_non_empty_cells": 2, "number_empty_cells": 0, "number_distinct_values": 1, "frequent_values": ["07/01/2019 - 06/30/2020"], "dataTypes": [{"type": "TEXT", "count": 2, "shortest_values": [["07/01/2019 - 06/30/2020", 23], ["07/01/2019 - 06/30/2020", 23]], "longest_values": [["07/01/2019 - 06/30/2020", 23], ["07/01/2019 - 06/30/2020", 23]], "average_length": 23.0}]}, {"column_name": "TotalBudgetAmount", "number_non_empty_cells": 2, "number_empty_cells": 0, "number_distinct_values": 2, "frequent_values": [2024000, 1445966], "dataTypes": [{"type": "INTEGER (LONG)", "count": 2, "max_value": 2024000, "min_value": 1445966, "mean": 1734983.0, "stddev": 289017.0}]}, {"column_name": "ServicesBudgetAmount", "number_non_empty_cells": 2, "number_empty_cells": 0, "number_distinct_values": 2, "frequent_values": [2024000, 1445966], "dataTypes": [{"type": "INTEGER (LONG)", "count": 2, "max_value": 2024000, "min_value": 1445966, "mean": 1734983.0, "stddev": 289017.0}]}, {"column_name": "Equipment+OneTimePaymentAmount", "number_non_empty_cells": 2, "number_empty_cells": 0, "number_distinct_values": 1, "frequent_values": [0], "dataTypes": [{"type": "INTEGER (LONG)", "count": 2, "max_value": 0, "min_value": 0, "mean": 0.0, "stddev": 0.0}]}]}