{"dataset_name": "/user/hm74/NYCOpenData/8r6c-ydwk.tsv.gz", "columns": [{"column_name": "Agency Name", "number_non_empty_cells": 23, "number_empty_cells": 0, "number_distinct_values": 1, "frequent_values": ["Office of Chief Medical Examiner (OCME)"], "dataTypes": [{"type": "TEXT", "count": 23, "shortest_values": [["Office of Chief Medical Examiner (OCME)", 39], ["Office of Chief Medical Examiner (OCME)", 39], ["Office of Chief Medical Examiner (OCME)", 39], ["Office of Chief Medical Examiner (OCME)", 39], ["Office of Chief Medical Examiner (OCME)", 39]], "longest_values": [["Office of Chief Medical Examiner (OCME)", 39], ["Office of Chief Medical Examiner (OCME)", 39], ["Office of Chief Medical Examiner (OCME)", 39], ["Office of Chief Medical Examiner (OCME)", 39], ["Office of Chief Medical Examiner (OCME)", 39]], "average_length": 39.0}]}, {"column_name": "Performance Indicator", "number_non_empty_cells": 17, "number_empty_cells": 6, "number_distinct_values": 23, "frequent_values": ["Cremation Requests Processed in Median time (minutes)", "Deaths Reported to Medical Examiner's Office", "Toxicology Cases Received", "Toxicology DUI Cases Received", "External Examinations"], "dataTypes": [{"type": "TEXT", "count": 23, "shortest_values": [["Cremation Requests", 18], ["Autopsies Performed", 19], ["Scene investigations", 20], ["External Examinations", 21], ["Toxicology Cases Received", 25]], "longest_values": [["Decedents removed from scene (non-hospital) after investigation in median time (minutes)", 88], ["DNA Sexual Assault Cases Completed, from Evidence Submission to Report in median time", 85], ["DNA Property Crime Cases Completed, from Evidence Submission to Report in median time", 85], ["DNA Homicide Cases Completed, from Evidence Submission to Report in median time", 79], ["Toxicology Sexual Assault Cases Completed (median time in calendar days)", 72]], "average_length": 49.56521739130435}]}, {"column_name": "Performance Indicator Description   ", "number_non_empty_cells": 17, "number_empty_cells": 6, "number_distinct_values": 23, "frequent_values": ["Cases where a Scene Investigation was conducted by the OCME", "Toxicology report completed (Sexual Assault Cases)", "Number of Deaths reported to the OCME", "Time to finalize autopsy report", "Number of Toxicology cases received by the OCME (Medical Examiner Cases)"], "dataTypes": [{"type": "TEXT", "count": 23, "shortest_values": [["Time to arrive at the Scene", 27], ["Time to finalize autopsy report", 31], ["Cremation request processing time", 33], ["Number of Deaths reported to the OCME", 37], ["Number of Autopsies performed by the OCME", 41]], "longest_values": [["Number of Toxicology cases received by the OCME from NYPD (Driving Under the Influence Cases)", 93], ["Decedents removed from scene (non-hospital) after investigation in median time (minutes)", 88], ["DNA Sexual Assault Cases Completed, from Evidence Submission to Report in median time", 85], ["DNA Property Crime Cases Completed, from Evidence Submission to Report in median time", 85], ["Number of Toxicology cases received by the OCME from NYPD (Sexual Assault Cases)", 80]], "average_length": 58.130434782608695}]}, {"column_name": "Update Frequency", "number_non_empty_cells": 23, "number_empty_cells": 0, "number_distinct_values": 1, "frequent_values": ["Monthly"], "dataTypes": [{"type": "TEXT", "count": 23, "shortest_values": [["Monthly", 7], ["Monthly", 7], ["Monthly", 7], ["Monthly", 7], ["Monthly", 7]], "longest_values": [["Monthly", 7], ["Monthly", 7], ["Monthly", 7], ["Monthly", 7], ["Monthly", 7]], "average_length": 7.0}]}, {"column_name": "Release Date", "number_non_empty_cells": 23, "number_empty_cells": 0, "number_distinct_values": 1, "frequent_values": ["08/01/2016 12:00:00 AM"], "dataTypes": [{"type": "DATE/TIME", "count": 23, "max_value": "2016-08-01T00:00:00", "min_value": "2016-08-01T00:00:00"}]}, {"column_name": "July, 2015", "number_non_empty_cells": 23, "number_empty_cells": 0, "number_distinct_values": 23, "frequent_values": [69.0, 390.0, 1272.0, 831.0, 40.5], "dataTypes": [{"type": "REAL", "count": 23, "max_value": 2267.0, "min_value": 2.0, "mean": 399.09739130434787, "stddev": 554.0516487634907}]}, {"column_name": "August, 2015", "number_non_empty_cells": 23, "number_empty_cells": 0, "number_distinct_values": 23, "frequent_values": [70.0, 0.0, 2182.0, 2.02, 47.0], "dataTypes": [{"type": "REAL", "count": 23, "max_value": 2182.0, "min_value": 0.0, "mean": 387.71565217391304, "stddev": 540.9597293283572}]}, {"column_name": "September, 2015", "number_non_empty_cells": 23, "number_empty_cells": 0, "number_distinct_values": 23, "frequent_values": [596.0, 170.0, 0.0, 401.0, 124.0], "dataTypes": [{"type": "REAL", "count": 23, "max_value": 2185.0, "min_value": 0.0, "mean": 379.21869565217395, "stddev": 539.9773222959932}]}, {"column_name": "October, 2015", "number_non_empty_cells": 23, "number_empty_cells": 0, "number_distinct_values": 21, "frequent_values": [49.0, 34.0, 18.0, 108.0, 434.0], "dataTypes": [{"type": "REAL", "count": 23, "max_value": 2381.0, "min_value": 2.05, "mean": 426.4786956521739, "stddev": 582.396847289785}]}, {"column_name": "November, 2015", "number_non_empty_cells": 23, "number_empty_cells": 0, "number_distinct_values": 23, "frequent_values": [101.0, 42.0, 35.0, 665.0, 783.0], "dataTypes": [{"type": "REAL", "count": 23, "max_value": 2118.0, "min_value": 1.88, "mean": 372.74652173913046, "stddev": 517.4489006118608}]}, {"column_name": "December, 2015", "number_non_empty_cells": 23, "number_empty_cells": 0, "number_distinct_values": 22, "frequent_values": [48.0, 448.0, 155.0, 98.0, 378.0], "dataTypes": [{"type": "REAL", "count": 23, "max_value": 2311.0, "min_value": 1.92, "mean": 403.44217391304346, "stddev": 563.408140855482}]}, {"column_name": "January, 2016", "number_non_empty_cells": 23, "number_empty_cells": 0, "number_distinct_values": 22, "frequent_values": [50.0, 44.0, 2480.0, 154.89, 427.0], "dataTypes": [{"type": "REAL", "count": 23, "max_value": 2480.0, "min_value": 2.12, "mean": 421.2734782608696, "stddev": 592.6526082945527}]}, {"column_name": "February, 2016", "number_non_empty_cells": 23, "number_empty_cells": 0, "number_distinct_values": 22, "frequent_values": [41.0, 47.0, 594.0, 98.0, 1497.0], "dataTypes": [{"type": "REAL", "count": 23, "max_value": 2382.0, "min_value": 2.06, "mean": 414.5843478260869, "stddev": 586.0108007301578}]}, {"column_name": "March, 2016", "number_non_empty_cells": 23, "number_empty_cells": 0, "number_distinct_values": 22, "frequent_values": [53.0, 39.0, 684.0, 177.0, 2.04], "dataTypes": [{"type": "REAL", "count": 23, "max_value": 2531.0, "min_value": 2.04, "mean": 444.49913043478267, "stddev": 630.0243909903188}]}, {"column_name": "April, 2016", "number_non_empty_cells": 23, "number_empty_cells": 0, "number_distinct_values": 23, "frequent_values": [59.5, 57.13, 39.0, 25.0, 1973.0], "dataTypes": [{"type": "REAL", "count": 23, "max_value": 2319.0, "min_value": 2.32, "mean": 423.6117391304348, "stddev": 622.3655662952593}]}, {"column_name": "May, 2016", "number_non_empty_cells": 23, "number_empty_cells": 0, "number_distinct_values": 23, "frequent_values": [49.0, 29.0, 64.0, 508.0, 1225.0], "dataTypes": [{"type": "REAL", "count": 23, "max_value": 2288.0, "min_value": 2.24, "mean": 415.82347826086954, "stddev": 585.3021719450167}]}]}