{"dataset_name": "/user/hm74/NYCOpenData/8ruf-3bq8.tsv.gz", "columns": [{"column_name": "School Year", "number_non_empty_cells": 543, "number_empty_cells": 0, "number_distinct_values": 1, "frequent_values": ["2014-15"], "dataTypes": [{"type": "TEXT", "count": 543, "shortest_values": [["2014-15", 7], ["2014-15", 7], ["2014-15", 7], ["2014-15", 7], ["2014-15", 7]], "longest_values": [["2014-15", 7], ["2014-15", 7], ["2014-15", 7], ["2014-15", 7], ["2014-15", 7]], "average_length": 7.0}]}, {"column_name": "Geographic Unit", "number_non_empty_cells": 543, "number_empty_cells": 0, "number_distinct_values": 40, "frequent_values": ["Citywide", "District 75", "Brooklyn", "District 02", "Queens"], "dataTypes": [{"type": "TEXT", "count": 543, "shortest_values": [["Bronx", 5], ["Bronx", 5], ["Bronx", 5], ["Bronx", 5], ["Bronx", 5]], "longest_values": [["Staten Island", 13], ["Staten Island", 13], ["Staten Island", 13], ["Staten Island", 13], ["Staten Island", 13]], "average_length": 10.447513812154703}]}, {"column_name": "Category", "number_non_empty_cells": 543, "number_empty_cells": 0, "number_distinct_values": 10, "frequent_values": ["All Students", "2011 Cohort", "2012 Cohort", "2013 Cohort", "2014 Cohort"], "dataTypes": [{"type": "TEXT", "count": 543, "shortest_values": [["2006 Cohort", 11], ["2007 Cohort", 11], ["2007 Cohort", 11], ["2008 Cohort", 11], ["2008 Cohort", 11]], "longest_values": [["All Students", 12], ["All Students", 12], ["All Students", 12], ["All Students", 12], ["All Students", 12]], "average_length": 11.147329650092093}]}, {"column_name": "Discharge Type", "number_non_empty_cells": 543, "number_empty_cells": 0, "number_distinct_values": 2, "frequent_values": ["Drop Out", "Discharge out of NYC School"], "dataTypes": [{"type": "TEXT", "count": 543, "shortest_values": [["Drop Out", 8], ["Drop Out", 8], ["Drop Out", 8], ["Drop Out", 8], ["Drop Out", 8]], "longest_values": [["Discharge out of NYC School", 27], ["Discharge out of NYC School", 27], ["Discharge out of NYC School", 27], ["Discharge out of NYC School", 27], ["Discharge out of NYC School", 27]], "average_length": 16.432780847145494}]}, {"column_name": "# of Discharges", "number_non_empty_cells": 543, "number_empty_cells": 0, "number_distinct_values": 102, "frequent_values": ["*", "13", "12", "11", "17"], "dataTypes": [{"type": "INTEGER (LONG)", "count": 236, "max_value": 715, "min_value": 10, "mean": 67.60593220338993, "stddev": 107.79292671393021}, {"type": "DATE/TIME", "count": 2, "max_value": "0270-02-06T00:00:00", "min_value": "0163-01-06T00:00:00"}, {"type": "TEXT", "count": 305, "shortest_values": [["*", 1], ["*", 1], ["*", 1], ["*", 1], ["*", 1]], "longest_values": [["*", 1], ["*", 1], ["*", 1], ["*", 1], ["*", 1]], "average_length": 1.0}]}, {"column_name": "Total Enrolled Students", "number_non_empty_cells": 543, "number_empty_cells": 0, "number_distinct_values": 258, "frequent_values": ["*", "146", "697", "54", "31"], "dataTypes": [{"type": "INTEGER (LONG)", "count": 398, "max_value": 986, "min_value": 10, "mean": 281.9020100502512, "stddev": 227.15014613781793}, {"type": "DATE/TIME", "count": 104, "max_value": "2044-02-06T00:00:00", "min_value": "0103-01-06T00:00:00"}, {"type": "TEXT", "count": 41, "shortest_values": [["*", 1], ["*", 1], ["*", 1], ["*", 1], ["*", 1]], "longest_values": [["54,502", 6], ["54,502", 6], ["10,268", 6], ["10,268", 6], ["11,943", 6]], "average_length": 3.3902439024390234}]}]}