{"dataset_name": "/user/hm74/NYCOpenData/8u85-k342.tsv.gz", "columns": [{"column_name": "PUBLICATION DATE", "number_non_empty_cells": 612, "number_empty_cells": 0, "number_distinct_values": 2, "frequent_values": [20171130, 20190109], "dataTypes": [{"type": "INTEGER (LONG)", "count": 612, "max_value": 20190109, "min_value": 20171130, "mean": 20172246.41176471, "stddev": 4465.647058822268}]}, {"column_name": "FISCAL YEAR", "number_non_empty_cells": 612, "number_empty_cells": 0, "number_distinct_values": 17, "frequent_values": [2003, 2007, 2018, 2015, 2006], "dataTypes": [{"type": "INTEGER (LONG)", "count": 612, "max_value": 2018, "min_value": 2002, "mean": 2010.0, "stddev": 4.8989794855667155}]}, {"column_name": "AGENCY", "number_non_empty_cells": 612, "number_empty_cells": 0, "number_distinct_values": 36, "frequent_values": ["Education", "Housing", "Cultural Affairs", "SIRTOA", "Highways and Streets"], "dataTypes": [{"type": "TEXT", "count": 612, "shortest_values": [["DEP", 3], ["DEP", 3], ["DEP", 3], ["DEP", 3], ["DEP", 3]], "longest_values": [["Resiliency, Technology & Equip.", 31], ["Resiliency, Technology & Equip.", 31], ["Resiliency, Technology & Equip.", 31], ["Resiliency, Technology & Equip.", 31], ["Resiliency, Technology & Equip.", 31]], "average_length": 12.916666666666666}]}, {"column_name": "ALL FUNDS", "number_non_empty_cells": 612, "number_empty_cells": 0, "number_distinct_values": 310, "frequent_values": [0, 1, 4, 2, 10], "dataTypes": [{"type": "INTEGER (LONG)", "count": 612, "max_value": 11963, "min_value": -7, "mean": 472.1029411764703, "stddev": 1495.8923924736805}]}, {"column_name": "CITY FUND", "number_non_empty_cells": 612, "number_empty_cells": 0, "number_distinct_values": 295, "frequent_values": [0, 1, 4, 2, 5], "dataTypes": [{"type": "INTEGER (LONG)", "count": 612, "max_value": 10827, "min_value": -39, "mean": 394.2254901960781, "stddev": 1246.3632186018579}]}, {"column_name": "REMARK", "number_non_empty_cells": 0, "number_empty_cells": 612, "number_distinct_values": 1, "frequent_values": [null], "dataTypes": []}]}