{"dataset_name": "/user/hm74/NYCOpenData/8ufi-zgz6.tsv.gz", "columns": [{"column_name": "DBN", "number_non_empty_cells": 1743, "number_empty_cells": 0, "number_distinct_values": 1743, "frequent_values": ["02M042", "02M529", "08X093", "01M064", "01M539"], "dataTypes": [{"type": "DATE/TIME", "count": 34, "max_value": "2019-12-07T00:06:52", "min_value": "2019-12-07T00:01:15"}, {"type": "TEXT", "count": 1709, "shortest_values": [["\\", 1], ["01M063", 6], ["01M064", 6], ["01M110", 6], ["01M134", 6]], "longest_values": [["CITYWIDE", 8], ["01M063", 6], ["01M064", 6], ["01M110", 6], ["01M134", 6]], "average_length": 5.998244587478058}]}, {"column_name": "LOCATION_NAME", "number_non_empty_cells": 1742, "number_empty_cells": 1, "number_distinct_values": 1706, "frequent_values": ["Home Schooling", "P.S. 253", "P.S. 360", "P.S. 212", "P.S. 185 Walter Kassenbrock"], "dataTypes": [{"type": "TEXT", "count": 1742, "shortest_values": [["LYFE", 4], ["Kappa", 5], ["P.S. 89", 7], ["Muscota", 7], ["P.S. 66", 7]], "longest_values": [["Collaborative Academy of Science, Technology, & La", 50], ["New Explorations into Science, Technology and Math", 50], ["47 The American Sign Language and English Secondar", 50], ["The Urban Assembly School for Emergency Management", 50], ["Stephen T. Mather Building Arts & Craftsmanship Hi", 50]], "average_length": 27.669345579793344}]}, {"column_name": "LOCATION_CATEGORY", "number_non_empty_cells": 1742, "number_empty_cells": 1, "number_distinct_values": 11, "frequent_values": ["Elementary", "High school", "Junior High-Intermediate-Middle", "K-8", "Secondary School"], "dataTypes": [{"type": "TEXT", "count": 1742, "shortest_values": [["K-8", 3], ["K-8", 3], ["K-8", 3], ["K-8", 3], ["K-8", 3]], "longest_values": [["Junior High-Intermediate-Middle", 31], ["Junior High-Intermediate-Middle", 31], ["Junior High-Intermediate-Middle", 31], ["Junior High-Intermediate-Middle", 31], ["Junior High-Intermediate-Middle", 31]], "average_length": 13.68943742824338}]}, {"column_name": "ADMINISTRATIVE_DISTRICT", "number_non_empty_cells": 1742, "number_empty_cells": 1, "number_distinct_values": 36, "frequent_values": [2, 10, 31, 9, 75], "dataTypes": [{"type": "INTEGER (LONG)", "count": 1742, "max_value": 97, "min_value": 1, "mean": 18.69862227324913, "stddev": 15.635206685981169}]}, {"column_name": "NON-STH_SUSPENSIONS_Resulting_from_Incidents_Where_NYPD_was_Contacted", "number_non_empty_cells": 1743, "number_empty_cells": 0, "number_distinct_values": 5, "frequent_values": ["*", "16", "20", "17", "2972"], "dataTypes": [{"type": "INTEGER (LONG)", "count": 4, "max_value": 2972, "min_value": 16, "mean": 756.25, "stddev": 1279.2647057978268}, {"type": "TEXT", "count": 1739, "shortest_values": [["*", 1], ["*", 1], ["*", 1], ["*", 1], ["*", 1]], "longest_values": [["*", 1], ["*", 1], ["*", 1], ["*", 1], ["*", 1]], "average_length": 1.0}]}, {"column_name": "STH_SUSPENSIONS_Resulting_from_Incidents_Where_NYPD_was_Contacted", "number_non_empty_cells": 1743, "number_empty_cells": 0, "number_distinct_values": 3, "frequent_values": ["*", "6", "465"], "dataTypes": [{"type": "INTEGER (LONG)", "count": 4, "max_value": 465, "min_value": 6, "mean": 120.75, "stddev": 198.75283016852867}, {"type": "TEXT", "count": 1739, "shortest_values": [["*", 1], ["*", 1], ["*", 1], ["*", 1], ["*", 1]], "longest_values": [["*", 1], ["*", 1], ["*", 1], ["*", 1], ["*", 1]], "average_length": 1.0}]}, {"column_name": "TOTAL_SUSPENSIONS_Resulting_from_Incidents_Where_NYPD_was_Contacted", "number_non_empty_cells": 1743, "number_empty_cells": 0, "number_distinct_values": 28, "frequent_values": ["*", "6", "7", "8", "11"], "dataTypes": [{"type": "INTEGER (LONG)", "count": 194, "max_value": 3437, "min_value": 6, "mean": 28.95360824742268, "stddev": 245.42083131988497}, {"type": "TEXT", "count": 1549, "shortest_values": [["*", 1], ["*", 1], ["*", 1], ["*", 1], ["*", 1]], "longest_values": [["*", 1], ["*", 1], ["*", 1], ["*", 1], ["*", 1]], "average_length": 1.0}]}]}