{"dataset_name": "/user/hm74/NYCOpenData/8vbp-qzz2.tsv.gz", "columns": [{"column_name": "Borough", "number_non_empty_cells": 8479, "number_empty_cells": 0, "number_distinct_values": 6, "frequent_values": ["Brooklyn", "Bronx", "Queens", "Manhattan", "Staten Island"], "dataTypes": [{"type": "TEXT", "count": "8479", "shortest_values": [["Bronx", 5], ["Bronx", 5], ["Bronx", 5], ["Bronx", 5], ["Bronx", 5]], "longest_values": [["Staten Island", 13], ["Staten Island", 13], ["Staten Island", 13], ["Staten Island", 13], ["Staten Island", 13]], "average_length": "8.321853992216063"}]}, {"column_name": "Demographic_Category", "number_non_empty_cells": 8479, "number_empty_cells": 0, "number_distinct_values": 7, "frequent_values": ["Gender by Ethnicity", "Ethnicity", "ELL Status", "Gender", "Poverty Status"], "dataTypes": [{"type": "TEXT", "count": "8479", "shortest_values": [["Gender", 6], ["Gender", 6], ["Gender", 6], ["Gender", 6], ["Gender", 6]], "longest_values": [["Gender by Ethnicity", 19], ["Gender by Ethnicity", 19], ["Gender by Ethnicity", 19], ["Gender by Ethnicity", 19], ["Gender by Ethnicity", 19]], "average_length": "13.622479065927585"}]}, {"column_name": "Demographic_Variable", "number_non_empty_cells": 8479, "number_empty_cells": 0, "number_distinct_values": 31, "frequent_values": ["Not SWD", "Female Black", "Male Hispanic", "ELL", "Female Hispanic"], "dataTypes": [{"type": "TEXT", "count": "8479", "shortest_values": [["ELL", 3], ["ELL", 3], ["ELL", 3], ["ELL", 3], ["ELL", 3]], "longest_values": [["Female Native American", 22], ["Female Native American", 22], ["Female Native American", 22], ["Female Native American", 22], ["Female Native American", 22]], "average_length": "10.618587097535087"}]}, {"column_name": "Cohort_Year", "number_non_empty_cells": 8479, "number_empty_cells": 0, "number_distinct_values": 14, "frequent_values": [2012, 2011, 2006, 2010, 2009], "dataTypes": [{"type": "INTEGER (LONG)", "count": ["8479"], "mean": ["2007.7770963557023"], "stddev": ["3.706702741329737"], "min_value": ["2001"], "max_value": ["2014"]}]}, {"column_name": "Cohort", "number_non_empty_cells": 8479, "number_empty_cells": 0, "number_distinct_values": 5, "frequent_values": ["4 year June", "5 year June", "6 year June", "4 year August", "5 year August"], "dataTypes": [{"type": "TEXT", "count": "8479", "shortest_values": [["4 year June", 11], ["4 year June", 11], ["4 year June", 11], ["4 year June", 11], ["4 year June", 11]], "longest_values": [["4 year August", 13], ["4 year August", 13], ["4 year August", 13], ["4 year August", 13], ["4 year August", 13]], "average_length": "11.625073711522585"}]}, {"column_name": "Total_Cohort_#", "number_non_empty_cells": 8479, "number_empty_cells": 0, "number_distinct_values": 3139, "frequent_values": [1, 5, 2, 4, 9], "dataTypes": [{"type": "INTEGER (LONG)", "count": ["8479"], "mean": ["3708.7285057200143"], "stddev": ["4845.293838469072"], "min_value": ["1"], "max_value": ["22595"]}]}, {"column_name": "Total_Grads_#", "number_non_empty_cells": 8479, "number_empty_cells": 0, "number_distinct_values": 4133, "frequent_values": ["s", "5", "4", "18", "21"], "dataTypes": [{"type": "INTEGER (LONG)", "count": "8179", "mean": "2624.609487712434", "stddev": "3487.601336170278", "min_value": "0", "max_value": "16614"}, {"type": "TEXT", "count": "300", "shortest_values": [["s", 1], ["s", 1], ["s", 1], ["s", 1], ["s", 1]], "longest_values": [["s", 1], ["s", 1], ["s", 1], ["s", 1], ["s", 1]], "average_length": "1.0"}]}, {"column_name": "Total_Grads_%_of_cohort", "number_non_empty_cells": 8479, "number_empty_cells": 0, "number_distinct_values": 831, "frequent_values": ["s", "66.7", "75.0", "80.0", "50.0"], "dataTypes": [{"type": "REAL", "count": "8179", "mean": "66.7940823760151", "stddev": "18.281037521083864", "min_value": "0.0", "max_value": "100.0"}, {"type": "TEXT", "count": "300", "shortest_values": [["s", 1], ["s", 1], ["s", 1], ["s", 1], ["s", 1]], "longest_values": [["s", 1], ["s", 1], ["s", 1], ["s", 1], ["s", 1]], "average_length": "1.0"}]}, {"column_name": "Total_Regents_#", "number_non_empty_cells": 8479, "number_empty_cells": 0, "number_distinct_values": 3864, "frequent_values": ["s", "4", "17", "3", "2"], "dataTypes": [{"type": "INTEGER (LONG)", "count": "8179", "mean": "2221.568773688715", "stddev": "3090.659194737787", "min_value": "0", "max_value": "15273"}, {"type": "TEXT", "count": "300", "shortest_values": [["s", 1], ["s", 1], ["s", 1], ["s", 1], ["s", 1]], "longest_values": [["s", 1], ["s", 1], ["s", 1], ["s", 1], ["s", 1]], "average_length": "1.0"}]}, {"column_name": "Total_Regents_%_of_cohort", "number_non_empty_cells": 8479, "number_empty_cells": 0, "number_distinct_values": 925, "frequent_values": ["s", "50.0", "66.7", "0.0", "75.0"], "dataTypes": [{"type": "REAL", "count": "8179", "mean": "56.334099490338076", "stddev": "22.019006637927944", "min_value": "0.0", "max_value": "100.0"}, {"type": "TEXT", "count": "300", "shortest_values": [["s", 1], ["s", 1], ["s", 1], ["s", 1], ["s", 1]], "longest_values": [["s", 1], ["s", 1], ["s", 1], ["s", 1], ["s", 1]], "average_length": "1.0"}]}, {"column_name": "Total_Regents_%_of_grads", "number_non_empty_cells": 8479, "number_empty_cells": 0, "number_distinct_values": 788, "frequent_values": ["s", "100.0", "92.3", "98.8", "94.4"], "dataTypes": [{"type": "REAL", "count": "8149", "mean": "80.92710766992418", "stddev": "18.871057137516658", "min_value": "0.0", "max_value": "100.0"}, {"type": "TEXT", "count": "330", "shortest_values": [["s", 1], ["s", 1], ["s", 1], ["s", 1], ["s", 1]], "longest_values": [["No Data", 7], ["No Data", 7], ["No Data", 7], ["No Data", 7], ["No Data", 7]], "average_length": "1.5454545454545454"}]}, {"column_name": "Advanced_Regents_#", "number_non_empty_cells": 8479, "number_empty_cells": 0, "number_distinct_values": 1965, "frequent_values": ["s", "0", "1", "2", "4"], "dataTypes": [{"type": "INTEGER (LONG)", "count": "8179", "mean": "657.201736153564", "stddev": "932.1302344212154", "min_value": "0", "max_value": "5054"}, {"type": "TEXT", "count": "300", "shortest_values": [["s", 1], ["s", 1], ["s", 1], ["s", 1], ["s", 1]], "longest_values": [["s", 1], ["s", 1], ["s", 1], ["s", 1], ["s", 1]], "average_length": "1.0"}]}, {"column_name": "Advanced_Regents_%_of_cohort", "number_non_empty_cells": 8479, "number_empty_cells": 0, "number_distinct_values": 635, "frequent_values": ["s", "0.0", "8.3", "8.6", "8.0"], "dataTypes": [{"type": "REAL", "count": "8179", "mean": "18.7116640090946", "stddev": "15.074127508672628", "min_value": "0.0", "max_value": "69.9"}, {"type": "TEXT", "count": "300", "shortest_values": [["s", 1], ["s", 1], ["s", 1], ["s", 1], ["s", 1]], "longest_values": [["s", 1], ["s", 1], ["s", 1], ["s", 1], ["s", 1]], "average_length": "1.0"}]}, {"column_name": "Advanced_Regents_%_of_grads", "number_non_empty_cells": 8479, "number_empty_cells": 0, "number_distinct_values": 729, "frequent_values": ["s", "0.0", "20.0", "14.3", "16.7"], "dataTypes": [{"type": "REAL", "count": "8149", "mean": "25.20954719102811", "stddev": "16.939383234968542", "min_value": "0.0", "max_value": "100.0"}, {"type": "TEXT", "count": "330", "shortest_values": [["s", 1], ["s", 1], ["s", 1], ["s", 1], ["s", 1]], "longest_values": [["No Data", 7], ["No Data", 7], ["No Data", 7], ["No Data", 7], ["No Data", 7]], "average_length": "1.5454545454545454"}]}, {"column_name": "Regents_w/o_Advanced_#", "number_non_empty_cells": 8479, "number_empty_cells": 0, "number_distinct_values": 3332, "frequent_values": ["s", "7", "2", "3", "5"], "dataTypes": [{"type": "INTEGER (LONG)", "count": "8179", "mean": "1564.367037535151", "stddev": "2223.1476700273465", "min_value": "0", "max_value": "11570"}, {"type": "TEXT", "count": "300", "shortest_values": [["s", 1], ["s", 1], ["s", 1], ["s", 1], ["s", 1]], "longest_values": [["s", 1], ["s", 1], ["s", 1], ["s", 1], ["s", 1]], "average_length": "1.0"}]}, {"column_name": "Regents_w/o_Advanced_%_of_cohort", "number_non_empty_cells": 8479, "number_empty_cells": 0, "number_distinct_values": 698, "frequent_values": ["s", "50.0", "33.3", "0.0", "43.8"], "dataTypes": [{"type": "REAL", "count": "8179", "mean": "37.62220318675741", "stddev": "14.958830128112789", "min_value": "0.0", "max_value": "100.0"}, {"type": "TEXT", "count": "300", "shortest_values": [["s", 1], ["s", 1], ["s", 1], ["s", 1], ["s", 1]], "longest_values": [["s", 1], ["s", 1], ["s", 1], ["s", 1], ["s", 1]], "average_length": "1.0"}]}, {"column_name": "Regents_w/o_Advanced_%_of_grads", "number_non_empty_cells": 8479, "number_empty_cells": 0, "number_distinct_values": 760, "frequent_values": ["s", "50.0", "66.7", "100.0", "57.1"], "dataTypes": [{"type": "REAL", "count": "8149", "mean": "55.7180021455177", "stddev": "17.46938414172275", "min_value": "0.0", "max_value": "100.0"}, {"type": "TEXT", "count": "330", "shortest_values": [["s", 1], ["s", 1], ["s", 1], ["s", 1], ["s", 1]], "longest_values": [["No Data", 7], ["No Data", 7], ["No Data", 7], ["No Data", 7], ["No Data", 7]], "average_length": "1.5454545454545454"}]}, {"column_name": "Local_#", "number_non_empty_cells": 8479, "number_empty_cells": 0, "number_distinct_values": 1636, "frequent_values": ["1", "s", "0", "2", "3"], "dataTypes": [{"type": "INTEGER (LONG)", "count": "8179", "mean": "403.7557158576843", "stddev": "686.0892885414718", "min_value": "0", "max_value": "5532"}, {"type": "TEXT", "count": "300", "shortest_values": [["s", 1], ["s", 1], ["s", 1], ["s", 1], ["s", 1]], "longest_values": [["s", 1], ["s", 1], ["s", 1], ["s", 1], ["s", 1]], "average_length": "1.0"}]}, {"column_name": "Local_%_of_cohort", "number_non_empty_cells": 8479, "number_empty_cells": 0, "number_distinct_values": 363, "frequent_values": ["s", "0.0", "1.0", "3.8", "5.6"], "dataTypes": [{"type": "REAL", "count": "8179", "mean": "10.47564495131255", "stddev": "8.190729930131175", "min_value": "0.0", "max_value": "50.0"}, {"type": "TEXT", "count": "300", "shortest_values": [["s", 1], ["s", 1], ["s", 1], ["s", 1], ["s", 1]], "longest_values": [["s", 1], ["s", 1], ["s", 1], ["s", 1], ["s", 1]], "average_length": "1.0"}]}, {"column_name": "Local_%_of_grads", "number_non_empty_cells": 8479, "number_empty_cells": 0, "number_distinct_values": 799, "frequent_values": ["s", "0.0", "7.7", "1.2", "5.4"], "dataTypes": [{"type": "REAL", "count": "8149", "mean": "19.105068090642533", "stddev": "18.92380791873664", "min_value": "0.0", "max_value": "100.0"}, {"type": "TEXT", "count": "330", "shortest_values": [["s", 1], ["s", 1], ["s", 1], ["s", 1], ["s", 1]], "longest_values": [["No Data", 7], ["No Data", 7], ["No Data", 7], ["No Data", 7], ["No Data", 7]], "average_length": "1.5454545454545454"}]}, {"column_name": "Still_Enrolled_#", "number_non_empty_cells": 8479, "number_empty_cells": 0, "number_distinct_values": 1978, "frequent_values": ["s", "2", "3", "0", "1"], "dataTypes": [{"type": "INTEGER (LONG)", "count": "8179", "mean": "525.9190610099034", "stddev": "828.4260831853566", "min_value": "0", "max_value": "6571"}, {"type": "TEXT", "count": "300", "shortest_values": [["s", 1], ["s", 1], ["s", 1], ["s", 1], ["s", 1]], "longest_values": [["s", 1], ["s", 1], ["s", 1], ["s", 1], ["s", 1]], "average_length": "1.0"}]}, {"column_name": "Still_Enrolled_%_of_cohort", "number_non_empty_cells": 8479, "number_empty_cells": 0, "number_distinct_values": 471, "frequent_values": ["s", "0.0", "5.8", "6.7", "4.2"], "dataTypes": [{"type": "REAL", "count": "8179", "mean": "13.899070795945644", "stddev": "10.548564120365146", "min_value": "0.0", "max_value": "100.0"}, {"type": "TEXT", "count": "300", "shortest_values": [["s", 1], ["s", 1], ["s", 1], ["s", 1], ["s", 1]], "longest_values": [["s", 1], ["s", 1], ["s", 1], ["s", 1], ["s", 1]], "average_length": "1.0"}]}, {"column_name": "Dropped_Out_#", "number_non_empty_cells": 8479, "number_empty_cells": 0, "number_distinct_values": 2022, "frequent_values": ["s", "3", "2", "4", "1"], "dataTypes": [{"type": "INTEGER (LONG)", "count": "8179", "mean": "569.230957329747", "stddev": "776.9033663436206", "min_value": "0", "max_value": "5967"}, {"type": "TEXT", "count": "300", "shortest_values": [["s", 1], ["s", 1], ["s", 1], ["s", 1], ["s", 1]], "longest_values": [["s", 1], ["s", 1], ["s", 1], ["s", 1], ["s", 1]], "average_length": "1.0"}]}, {"column_name": "Dropped_Out_%_of_cohort", "number_non_empty_cells": 8479, "number_empty_cells": 0, "number_distinct_values": 547, "frequent_values": ["s", "0.0", "12.5", "8.3", "14.3"], "dataTypes": [{"type": "REAL", "count": "8179", "mean": "15.850262866989151", "stddev": "12.01494444788967", "min_value": "0.0", "max_value": "86.7"}, {"type": "TEXT", "count": "300", "shortest_values": [["s", 1], ["s", 1], ["s", 1], ["s", 1], ["s", 1]], "longest_values": [["s", 1], ["s", 1], ["s", 1], ["s", 1], ["s", 1]], "average_length": "1.0"}]}, {"column_name": "SACC_(IEP_Diploma)_#", "number_non_empty_cells": 8479, "number_empty_cells": 0, "number_distinct_values": 536, "frequent_values": ["0", "1", "2", "s", "3"], "dataTypes": [{"type": "INTEGER (LONG)", "count": "8179", "mean": "71.3081061254432", "stddev": "112.88593136954422", "min_value": "0", "max_value": "802"}, {"type": "TEXT", "count": "300", "shortest_values": [["s", 1], ["s", 1], ["s", 1], ["s", 1], ["s", 1]], "longest_values": [["s", 1], ["s", 1], ["s", 1], ["s", 1], ["s", 1]], "average_length": "1.0"}]}, {"column_name": "SACC_(IEP_Diploma)_%_of_cohort", "number_non_empty_cells": 8479, "number_empty_cells": 0, "number_distinct_values": 202, "frequent_values": ["0.0", "s", "0.8", "0.4", "0.5"], "dataTypes": [{"type": "REAL", "count": "8179", "mean": "2.0091820529712514", "stddev": "2.90439114948651", "min_value": "0.0", "max_value": "33.3"}, {"type": "TEXT", "count": "300", "shortest_values": [["s", 1], ["s", 1], ["s", 1], ["s", 1], ["s", 1]], "longest_values": [["s", 1], ["s", 1], ["s", 1], ["s", 1], ["s", 1]], "average_length": "1.0"}]}, {"column_name": "TASC_(GED)_#", "number_non_empty_cells": 8479, "number_empty_cells": 0, "number_distinct_values": 377, "frequent_values": ["0", "1", "2", "s", "3"], "dataTypes": [{"type": "INTEGER (LONG)", "count": "8179", "mean": "46.88531605330725", "stddev": "72.79059573459784", "min_value": "0", "max_value": "667"}, {"type": "TEXT", "count": "300", "shortest_values": [["s", 1], ["s", 1], ["s", 1], ["s", 1], ["s", 1]], "longest_values": [["s", 1], ["s", 1], ["s", 1], ["s", 1], ["s", 1]], "average_length": "1.0"}]}, {"column_name": "TASC_(GED)_%_of_cohort", "number_non_empty_cells": 8479, "number_empty_cells": 0, "number_distinct_values": 100, "frequent_values": ["0.0", "0.6", "0.8", "0.7", "0.9"], "dataTypes": [{"type": "REAL", "count": "8179", "mean": "1.30574642607323", "stddev": "1.7901878585946982", "min_value": "0.0", "max_value": "33.3"}, {"type": "TEXT", "count": "300", "shortest_values": [["s", 1], ["s", 1], ["s", 1], ["s", 1], ["s", 1]], "longest_values": [["s", 1], ["s", 1], ["s", 1], ["s", 1], ["s", 1]], "average_length": "1.0"}]}]}