{"dataset_name": "/user/hm74/NYCOpenData/8wau-idzf.tsv.gz", "columns": [{"column_name": "School_Year", "number_non_empty_cells": 1844, "number_empty_cells": 0, "number_distinct_values": 4, "frequent_values": ["2017-2018", "2018-2019", "2016-2017", "2015-2016"], "dataTypes": [{"type": "TEXT", "count": 1844, "shortest_values": [["2017-2018", 9], ["2017-2018", 9], ["2017-2018", 9], ["2017-2018", 9], ["2017-2018", 9]], "longest_values": [["2017-2018", 9], ["2017-2018", 9], ["2017-2018", 9], ["2017-2018", 9], ["2017-2018", 9]], "average_length": 9.0}]}, {"column_name": "OPT_Code", "number_non_empty_cells": 1844, "number_empty_cells": 0, "number_distinct_values": 501, "frequent_values": ["S307", "C377", "C429", "E004", "C296"], "dataTypes": [{"type": "TEXT", "count": 1844, "shortest_values": [["C053", 4], ["C104", 4], ["C149", 4], ["C153", 4], ["C157", 4]], "longest_values": [["C165A", 5], ["C265B", 5], ["C275A", 5], ["C275B", 5], ["E083A", 5]], "average_length": 4.052603036876354}]}, {"column_name": "Site_Name", "number_non_empty_cells": 1839, "number_empty_cells": 5, "number_distinct_values": 465, "frequent_values": ["Highbridge Advisory Council", "Gingerbread Learning Center", "Birch, Herbert G. Early Childhood Center", "New York Child Resource Center", "Kennedy Child Study Center"], "dataTypes": [{"type": "TEXT", "count": 1844, "shortest_values": [["AMAC", 4], ["ICCD", 4], ["QSAC", 4], ["AMAC", 4], ["ICCD", 4]], "longest_values": [["New York Center for Child Development- Grand Street Settlement, Inc. ACS Headstart", 82], ["New York Center for Child Development- Grand Street Settlement, Inc. ACS Headstart", 82], ["Sensory Motor Integration & Language Enrichment Therapeutic Services Smile Center", 81], ["Sensory Motor Integration & Language Enrichment Therapeutic Services Smile Center", 81], ["Sensory Motor Integration & Language Enrichment Therapeutic Services Smile Center", 81]], "average_length": 31.971800433839512}]}, {"column_name": "School_Name", "number_non_empty_cells": 1839, "number_empty_cells": 5, "number_distinct_values": 324, "frequent_values": ["New York City Superstart Plus Program", "New York City Public School", "New York League for Early Learning", "New York City Public School Pre-K Center", "Birch, Herbert G. Early Childhood Center"], "dataTypes": [{"type": "TEXT", "count": 1839, "shortest_values": [["ABC", 3], ["ABC", 3], ["ABC", 3], ["ABC", 3], ["QSAC", 4]], "longest_values": [["Brookville Center for Children's Services formerly known as Marcus Avenue Early Childhood", 89], ["Brookville Center for Children's Services formerly known as Marcus Avenue Early Childhood", 89], ["Brookville Center for Children's Services formerly known as Marcus Avenue Early Childhood", 89], ["Brookville Center for Children's Services formerly known as Marcus Avenue Early Childhood", 89], ["Sensory Motor Integration & Language Enrichment Therapeutic Services Smile Center", 81]], "average_length": 32.04350190320834}]}, {"column_name": "Vendor_Name", "number_non_empty_cells": 1563, "number_empty_cells": 281, "number_distinct_values": 21, "frequent_values": ["L & M BUS CORP.", "G.V.C., LTD.", "ALINA SERVICES CORP.", "SELBY TRANSPORTATION", "FIRST STEPS"], "dataTypes": [{"type": "TEXT", "count": 1844, "shortest_values": [["MJT BUS", 7], ["MJT BUS", 7], ["MJT BUS", 7], ["MJT BUS", 7], ["MJT BUS", 7]], "longest_values": [["ROYAL EXPRESS LINE CORP.", 24], ["ROYAL EXPRESS LINE CORP.", 24], ["ROYAL EXPRESS LINE CORP.", 24], ["ROYAL EXPRESS LINE CORP.", 24], ["ROYAL EXPRESS LINE CORP.", 24]], "average_length": 17.05206073752708}]}]}