{"dataset_name": "/user/hm74/NYCOpenData/8wi4-bsy4.tsv.gz", "columns": [{"column_name": "borough", "number_non_empty_cells": 186, "number_empty_cells": 0, "number_distinct_values": 4, "frequent_values": ["BX", "BK", "MN", "QN"], "dataTypes": [{"type": "TEXT", "count": 186, "shortest_values": [["MN", 2], ["BK", 2], ["BX", 2], ["MN", 2], ["MN", 2]], "longest_values": [["MN", 2], ["BK", 2], ["BX", 2], ["MN", 2], ["MN", 2]], "average_length": 2.0}]}, {"column_name": "boro", "number_non_empty_cells": 186, "number_empty_cells": 0, "number_distinct_values": 4, "frequent_values": [3, 2, 1, 4], "dataTypes": [{"type": "INTEGER (LONG)", "count": 186, "max_value": 4, "min_value": 1, "mean": 2.225806451612903, "stddev": 0.9741721851962258}]}, {"column_name": "block", "number_non_empty_cells": 186, "number_empty_cells": 0, "number_distinct_values": 159, "frequent_values": [2456, 379, 1236, 1223, 1046], "dataTypes": [{"type": "INTEGER (LONG)", "count": 186, "max_value": 15744, "min_value": 41, "mean": 3028.3225806451615, "stddev": 2217.7973338926386}]}, {"column_name": "lot", "number_non_empty_cells": 186, "number_empty_cells": 0, "number_distinct_values": 82, "frequent_values": [37, 1, 50, 35, 31], "dataTypes": [{"type": "INTEGER (LONG)", "count": 186, "max_value": 1202, "min_value": 1, "mean": 56.61290322580644, "stddev": 125.27634247552245}]}, {"column_name": "bbl", "number_non_empty_cells": 186, "number_empty_cells": 0, "number_distinct_values": 178, "frequent_values": [1003790037, 1010460009, 2028440105, 3002470028, 1011280061], "dataTypes": [{"type": "INTEGER (LONG)", "count": 186, "max_value": 4157440007, "min_value": 1002380040, "mean": 2256089734.0322576, "stddev": 983801767.2106249}]}, {"column_name": "hnum_lo", "number_non_empty_cells": 186, "number_empty_cells": 0, "number_distinct_values": 173, "frequent_values": ["133", "290", "495", "1459", "230"], "dataTypes": [{"type": "INTEGER (LONG)", "count": 167, "max_value": 7100, "min_value": 1, "mean": 1291.9161676646715, "stddev": 1363.3935532325554}, {"type": "DATE/TIME", "count": 7, "max_value": "2048-11-07T00:00:00", "min_value": "0104-07-07T00:00:00"}, {"type": "TEXT", "count": 12, "shortest_values": [["23-05", 5], ["30-83", 5], ["29-32", 5], ["41-55", 5], ["45-50", 5]], "longest_values": [["132-57", 6], ["142-27", 6], ["23-05", 5], ["30-83", 5], ["29-32", 5]], "average_length": 5.166666666666666}]}, {"column_name": "hnum_hi", "number_non_empty_cells": 186, "number_empty_cells": 0, "number_distinct_values": 175, "frequent_values": ["133", "237", "1459", "230", "769"], "dataTypes": [{"type": "INTEGER (LONG)", "count": 167, "max_value": 7102, "min_value": 1, "mean": 1293.1676646706583, "stddev": 1363.3640309435316}, {"type": "DATE/TIME", "count": 7, "max_value": "2048-11-07T00:00:00", "min_value": "0104-07-07T00:00:00"}, {"type": "TEXT", "count": 12, "shortest_values": [["23-05", 5], ["30-83", 5], ["29-32", 5], ["41-55", 5], ["45-50", 5]], "longest_values": [["132-57", 6], ["142-27", 6], ["23-05", 5], ["30-83", 5], ["29-32", 5]], "average_length": 5.166666666666666}]}, {"column_name": "str_name", "number_non_empty_cells": 185, "number_empty_cells": 1, "number_distinct_values": 143, "frequent_values": ["AMSTERDAM AVENUE", "SHERIDAN AVENUE", "BROADWAY", "AVENUE D", "EAST 21 STREET"], "dataTypes": [{"type": "TEXT", "count": 186, "shortest_values": [["AVENUE P", 8], ["3 AVENUE", 8], ["AVENUE D", 8], ["8 AVENUE", 8], ["BROADWAY", 8]], "longest_values": [["AQUEDUCT AVENUE WEST", 20], ["SOUTH PINEHURST AVE", 19], ["BEACH CHANNEL DRIVE", 19], ["WASHINGTON SQUARE N", 19], ["AVENUE OF THE AMER", 18]], "average_length": 13.241935483870966}]}, {"column_name": "crfn", "number_non_empty_cells": 186, "number_empty_cells": 0, "number_distinct_values": 186, "frequent_values": [2018000149792, 2018000245537, 2018000129524, 2018000313268, 2018000195377], "dataTypes": [{"type": "INTEGER (LONG)", "count": 186, "max_value": 2018000360551, "min_value": 2018000117982, "mean": 2018000238360.828, "stddev": 62768.493873644446}]}, {"column_name": "grantee", "number_non_empty_cells": 182, "number_empty_cells": 4, "number_distinct_values": 170, "frequent_values": ["1048-1064 SHERIDAN INVESTORS LLC", "EMILY ROSE NELSON 2018 TRUST*JACK HENRY NELSON 2018 TRUST", "ANDREA OLSHAN, AS TRUSTEE*MICHAEL OLSHAN, AS TRUSTEE*ET AL", "230 PRESIDENT STREET, LLC", "ANGEL LAKE 33 LLC"], "dataTypes": [{"type": "TEXT", "count": 186, "shortest_values": [["NTB LLC", 7], ["1478 LLC", 8], ["1478 LLC", 8], ["ETSS LLC", 8], ["456 E LLC", 9]], "longest_values": [["REBECCA LANDAU TSG TRUST NO. II*JACOB LANDAU, TRUSTEE*CHAIM MENDEL LANDAU", 73], ["ELLEN J. ZIMMERMAN TRUST U/A/D 3/16/95*ELLEN ZIMMERMAN , AS TRUSTEE*ET AL", 73], ["ELLEN J. ZIMMERMAN TRUST U/A/D 3/16/95*ELLEN ZIMMERMAN, AS TRUSTEE*ET AL", 72], ["ELLEN J. ZIMMERMAN TRUST U/A/D 3/16/95*ELLEN ZIMMERMAN, AS TRUSTEE*ET AL", 72], ["ANDREA OLSHAN, AS TRUSTEE*MICHAEL OLSHAN, AS TRUSTEE*ET AL", 58]], "average_length": 25.04838709677419}]}, {"column_name": "deed_date", "number_non_empty_cells": 186, "number_empty_cells": 0, "number_distinct_values": 75, "frequent_values": ["04/13/2018", "09/06/2018", "04/24/2018", "08/14/2018", "06/14/2018"], "dataTypes": [{"type": "DATE/TIME", "count": 186, "max_value": "2018-09-28T00:00:00", "min_value": "2018-04-04T00:00:00"}]}, {"column_name": "price", "number_non_empty_cells": 186, "number_empty_cells": 0, "number_distinct_values": 164, "frequent_values": [8500000.0, 8600000.0, 15000000.0, 3900000.0, 2300000.0], "dataTypes": [{"type": "REAL", "count": 186, "max_value": 416100000.0, "min_value": 33208.64, "mean": 13870631.162473116, "stddev": 40975351.70952854}]}, {"column_name": "cap_rate", "number_non_empty_cells": 186, "number_empty_cells": 0, "number_distinct_values": 180, "frequent_values": [0.03392, 0.04046, 0.0326, 0.03936, 0.05793], "dataTypes": [{"type": "REAL", "count": 186, "max_value": 42.51279, "min_value": 0.01527, "mean": 0.6146649999999998, "stddev": 3.758620117319603}]}, {"column_name": "borough_cap_rate", "number_non_empty_cells": 186, "number_empty_cells": 0, "number_distinct_values": 8, "frequent_values": [0.03426, 0.03671, 0.03329, 0.03538, 0.03345], "dataTypes": [{"type": "REAL", "count": 186, "max_value": 0.03671, "min_value": 0.03129, "mean": 0.03457317204301074, "stddev": 0.0016278976291005873}]}, {"column_name": "yearqtr", "number_non_empty_cells": 186, "number_empty_cells": 0, "number_distinct_values": 2, "frequent_values": ["2018Q3", "2018Q2"], "dataTypes": [{"type": "TEXT", "count": 186, "shortest_values": [["2018Q3", 6], ["2018Q3", 6], ["2018Q2", 6], ["2018Q2", 6], ["2018Q3", 6]], "longest_values": [["2018Q3", 6], ["2018Q3", 6], ["2018Q2", 6], ["2018Q2", 6], ["2018Q3", 6]], "average_length": 6.0}]}, {"column_name": "Postcode", "number_non_empty_cells": 186, "number_empty_cells": 0, "number_distinct_values": 81, "frequent_values": [11226, 10031, 10456, 10467, 10458], "dataTypes": [{"type": "INTEGER (LONG)", "count": 186, "max_value": 11691, "min_value": 10001, "mean": 10656.682795698922, "stddev": 518.6651823907621}]}, {"column_name": "Latitude", "number_non_empty_cells": 186, "number_empty_cells": 0, "number_distinct_values": 177, "frequent_values": [40.724379, 40.765999, 40.695363, 40.840561, 40.682145], "dataTypes": [{"type": "REAL", "count": 186, "max_value": 40.900131, "min_value": 40.584559, "mean": 40.75959505913982, "stddev": 0.08635508495535835}]}, {"column_name": "Longitude", "number_non_empty_cells": 186, "number_empty_cells": 0, "number_distinct_values": 176, "frequent_values": [-73.975536, -73.964133, -73.977093, -73.997718, -73.928119], "dataTypes": [{"type": "REAL", "count": 186, "max_value": -73.757002, "min_value": -74.03164, "mean": -73.93082728494622, "stddev": 0.05192305950318645}]}, {"column_name": "Community_Board", "number_non_empty_cells": 186, "number_empty_cells": 0, "number_distinct_values": 46, "frequent_values": [207, 107, 204, 109, 317], "dataTypes": [{"type": "INTEGER (LONG)", "count": 186, "max_value": 414, "min_value": 102, "mean": 230.49999999999991, "stddev": 98.08895732133709}]}, {"column_name": "Council_District", "number_non_empty_cells": 186, "number_empty_cells": 0, "number_distinct_values": 40, "frequent_values": [7, 15, 16, 6, 3], "dataTypes": [{"type": "INTEGER (LONG)", "count": 186, "max_value": 48, "min_value": 1, "mean": 20.698924731182792, "stddev": 14.342796285780882}]}, {"column_name": "Census_Tract", "number_non_empty_cells": 186, "number_empty_cells": 0, "number_distinct_values": 140, "frequent_values": [18102, 225, 175, 28, 139], "dataTypes": [{"type": "INTEGER (LONG)", "count": 186, "max_value": 117202, "min_value": 8, "mean": 6801.279569892475, "stddev": 15728.85852817235}]}, {"column_name": "BIN", "number_non_empty_cells": 184, "number_empty_cells": 2, "number_distinct_values": 178, "frequent_values": [1004556, 1028789, 1025424, 2008120, 3004802], "dataTypes": [{"type": "INTEGER (LONG)", "count": 184, "max_value": 4534511, "min_value": 1000000, "mean": 2285750.85869565, "stddev": 1011605.8503473744}]}, {"column_name": "NTA", "number_non_empty_cells": 186, "number_empty_cells": 0, "number_distinct_values": 93, "frequent_values": ["MN12", "BX14", "MN04", "MN36", "BK42"], "dataTypes": [{"type": "TEXT", "count": 186, "shortest_values": [["MN12", 4], ["BK61", 4], ["BX43", 4], ["MN13", 4], ["MN24", 4]], "longest_values": [["MN12", 4], ["BK61", 4], ["BX43", 4], ["MN13", 4], ["MN24", 4]], "average_length": 4.0}]}, {"column_name": "Location1", "number_non_empty_cells": 186, "number_empty_cells": 0, "number_distinct_values": 178, "frequent_values": ["(40.724379, -73.975536)", "(40.840561, -73.914173)", "(40.695363, -73.996401)", "(40.765999, -73.985177)", "(40.682145, -73.997718)"], "dataTypes": [{"type": "TEXT", "count": 186, "shortest_values": [["(40.608708, -73.9739)", 21], ["(40.730876, -73.9814)", 21], ["(40.7618, -73.992719)", 21], ["(40.6836, -73.885595)", 21], ["(40.785738, -73.9506)", 21]], "longest_values": [["(40.800271, -73.965846)", 23], ["(40.672478, -73.925215)", 23], ["(40.881853, -73.883573)", 23], ["(40.739079, -73.996781)", 23], ["(40.614918, -73.980298)", 23]], "average_length": 22.801075268817186}]}]}