{"dataset_name": "/user/hm74/NYCOpenData/8ws3-956v.tsv.gz", "columns": [{"column_name": "Feeder_School_DBN", "number_non_empty_cells": 594, "number_empty_cells": 0, "number_distinct_values": 594, "frequent_values": ["84X538", "01M539", "02M177", "11X180", "27Q210"], "dataTypes": [{"type": "DATE/TIME", "count": 9, "max_value": "2019-12-07T00:06:52", "min_value": "2019-12-07T00:01:34"}, {"type": "TEXT", "count": 585, "shortest_values": [["01M140", 6], ["01M184", 6], ["01M188", 6], ["01M301", 6], ["01M332", 6]], "longest_values": [["01M140", 6], ["01M184", 6], ["01M188", 6], ["01M301", 6], ["01M332", 6]], "average_length": 6.0}]}, {"column_name": "Feeder_School_Name", "number_non_empty_cells": 562, "number_empty_cells": 32, "number_distinct_values": 594, "frequent_values": ["SOUTH BRONX ACADEMY FOR APPLIED MEDIA", "P.S. 181 BROOKLYN", "M.S. 358", "BALLET TECH, NYC PUBLIC SCHOOL FOR DANCE", "WADLEIGH SECONDARY SCHOOL FOR THE PERFORMING & VISUAL ARTS"], "dataTypes": [{"type": "TEXT", "count": 594, "shortest_values": [["KAPPA", 5], ["P.S. 66", 7], ["M.S. 131", 8], ["I.S. 289", 8], ["KAPPA IV", 8]], "longest_values": [["ACADEMY FOR COLLEGE PREPARATION AND CAREER EXPLORATION: A COLLEGE BOARD SCHOOL", 78], ["P.S./I.S. 210 - TWENTY-FIRST CENTURY ACADEMY FOR COMMUNITY LEADERSHIP", 69], ["SCIENCE, TECHNOLOGY AND RESEARCH EARLY COLLEGE HIGH SCHOOL AT ERASMUS", 69], ["RIVERDALE / KINGSBRIDGE ACADEMY (MIDDLE SCHOOL / HIGH SCHOOL 141)", 65], ["ARCHIMEDES ACADEMY FOR MATH, SCIENCE AND TECHNOLOGY APPLICATIONS", 64]], "average_length": 30.525252525252533}]}, {"column_name": "Count_of_Students_in_HS_Admissions", "number_non_empty_cells": 572, "number_empty_cells": 22, "number_distinct_values": 233, "frequent_values": [84, 95, 88, 89, 49], "dataTypes": [{"type": "INTEGER (LONG)", "count": 572, "max_value": 756, "min_value": 7, "mean": 129.66783216783207, "stddev": 121.56099283576364}]}, {"column_name": "Count_of_Testers", "number_non_empty_cells": 594, "number_empty_cells": 0, "number_distinct_values": 133, "frequent_values": ["0-5", "10", "11", "9", "12"], "dataTypes": [{"type": "INTEGER (LONG)", "count": 521, "max_value": 396, "min_value": 6, "mean": 47.44721689059503, "stddev": 60.98844795533774}, {"type": "TEXT", "count": 73, "shortest_values": [["0-5", 3], ["0-5", 3], ["0-5", 3], ["0-5", 3], ["0-5", 3]], "longest_values": [["0-5", 3], ["0-5", 3], ["0-5", 3], ["0-5", 3], ["0-5", 3]], "average_length": 3.0}]}, {"column_name": "Count_of_Offers", "number_non_empty_cells": 594, "number_empty_cells": 0, "number_distinct_values": 53, "frequent_values": ["0-5", "7", "6", "8", "9"], "dataTypes": [{"type": "INTEGER (LONG)", "count": 118, "max_value": 268, "min_value": 6, "mean": 33.91525423728816, "stddev": 39.020328528789776}, {"type": "TEXT", "count": 476, "shortest_values": [["0-5", 3], ["0-5", 3], ["0-5", 3], ["0-5", 3], ["0-5", 3]], "longest_values": [["0-5", 3], ["0-5", 3], ["0-5", 3], ["0-5", 3], ["0-5", 3]], "average_length": 3.0}]}]}