{"dataset_name": "/user/hm74/NYCOpenData/8yac-vygm.tsv.gz", "columns": [{"column_name": "School_Year", "number_non_empty_cells": 42309, "number_empty_cells": 0, "number_distinct_values": 6, "frequent_values": ["2018-2019", "2017-2018", "2016-2017", "2015-2016", "2014-2015"], "dataTypes": [{"type": "TEXT", "count": "42309", "shortest_values": [["2015-2016", 9], ["2015-2016", 9], ["2015-2016", 9], ["2015-2016", 9], ["2015-2016", 9]], "longest_values": [["2015-2016", 9], ["2015-2016", 9], ["2015-2016", 9], ["2015-2016", 9], ["2015-2016", 9]], "average_length": "9.0"}]}, {"column_name": "Route_Number", "number_non_empty_cells": 42309, "number_empty_cells": 0, "number_distinct_values": 12023, "frequent_values": ["J689", "K1717", "K246", "K656", "K883"], "dataTypes": [{"type": "DATE/TIME", "count": 244, "min_value": "2019-12-09T00:00:59", "max_value": "2019-12-01T00:00:00"}, {"type": "TEXT", "count": "42065", "shortest_values": [["C911", 4], ["J499", 4], ["J500", 4], ["J501", 4], ["J502", 4]], "longest_values": [["K1976", 5], ["K1304", 5], ["K1301", 5], ["K1302", 5], ["K1303", 5]], "average_length": "4.475835017235231"}]}, {"column_name": "Service_Type", "number_non_empty_cells": 42309, "number_empty_cells": 0, "number_distinct_values": 3, "frequent_values": ["D2D", "S2S AM", "S2S PM"], "dataTypes": [{"type": "TEXT", "count": "42309", "shortest_values": [["D2D", 3], ["D2D", 3], ["D2D", 3], ["D2D", 3], ["D2D", 3]], "longest_values": [["S2S AM", 6], ["S2S AM", 6], ["S2S AM", 6], ["S2S AM", 6], ["S2S AM", 6]], "average_length": "4.419272495213784"}]}, {"column_name": "Vehicle_TypeDescription", "number_non_empty_cells": 42309, "number_empty_cells": 0, "number_distinct_values": 10, "frequent_values": ["Standard Bus (GE)", "Mini-Wagon", "Standard Bus (SE)", "Type A or B Flex Vehicle", "Ramp-Wagon"], "dataTypes": [{"type": "TEXT", "count": "42309", "shortest_values": [["Mini-Wagon", 10], ["Mini-Wagon", 10], ["Mini-Wagon", 10], ["Mini-Wagon", 10], ["Mini-Wagon", 10]], "longest_values": [["Non-Wheelchair Accessible Alternative (NWC)", 43], ["Non-Wheelchair Accessible Alternative (NWC)", 43], ["Non-Wheelchair Accessible Alternative (NWC)", 43], ["Non-Wheelchair Accessible Alternative (NWC)", 43], ["Non-Wheelchair Accessible Alternative (NWC)", 43]], "average_length": "15.031766290860102"}]}, {"column_name": "Route_Start_Date", "number_non_empty_cells": 42309, "number_empty_cells": 0, "number_distinct_values": 725, "frequent_values": ["09/04/2018", "09/01/2016", "09/08/2015", "09/05/2017", "09/01/2017"], "dataTypes": [{"type": "DATE/TIME", "count": 42309, "min_value": "2019-06-07T00:00:00", "max_value": "2013-07-03T00:00:00"}]}, {"column_name": "Vendor_Code", "number_non_empty_cells": 42309, "number_empty_cells": 0, "number_distinct_values": 61, "frequent_values": ["RV", "NW", "BO", "PT", "JZ"], "dataTypes": [{"type": "TEXT", "count": "42309", "shortest_values": [["VN", 2], ["RV", 2], ["HT", 2], ["HT", 2], ["HT", 2]], "longest_values": [["VN", 2], ["RV", 2], ["HT", 2], ["HT", 2], ["HT", 2]], "average_length": "2.0"}]}, {"column_name": "Vendor_Name", "number_non_empty_cells": 42309, "number_empty_cells": 0, "number_distinct_values": 66, "frequent_values": ["PIONEER TRANSPORTATION CORP", "SNT BUS INC", "BORO TRANSIT, INC.", "JOFAZ TRANSPORTATION INC.", "GRANDPA`S BUS CO., INC."], "dataTypes": [{"type": "TEXT", "count": "42309", "shortest_values": [["SNT BUS INC", 11], ["SNT BUS INC", 11], ["SNT BUS INC", 11], ["SNT BUS INC", 11], ["SNT BUS INC", 11]], "longest_values": [["MONTAUK STUDENT TRANS, INC. (B2321)", 35], ["MONTAUK STUDENT TRANS, INC. (B2321)", 35], ["MONTAUK STUDENT TRANS, INC. (B2321)", 35], ["MONTAUK STUDENT TRANS, INC. (B2321)", 35], ["MONTAUK STUDENT TRANS, INC. (B2321)", 35]], "average_length": "24.223498546408564"}]}, {"column_name": "Vendor_Affiliation", "number_non_empty_cells": 42309, "number_empty_cells": 0, "number_distinct_values": 53, "frequent_values": ["PIONEER TRANSPORTATION CORP", "LITTLE LINDA BUS CO.,INC.", "BOBBY`S BUS CO. INC.", "BORO TRANSIT, INC.", "SNT BUS INC"], "dataTypes": [{"type": "TEXT", "count": "42309", "shortest_values": [["SNT BUS INC", 11], ["SNT BUS INC", 11], ["SNT BUS INC", 11], ["SNT BUS INC", 11], ["SNT BUS INC", 11]], "longest_values": [["MONTAUK STUDENT TRANS, INC. (B2321)", 35], ["MONTAUK STUDENT TRANS, INC. (B2321)", 35], ["MONTAUK STUDENT TRANS, INC. (B2321)", 35], ["MONTAUK STUDENT TRANS, INC. (B2321)", 35], ["MONTAUK STUDENT TRANS, INC. (B2321)", 35]], "average_length": "23.97374081164764"}]}, {"column_name": "Garage__Street_Address", "number_non_empty_cells": 42235, "number_empty_cells": 74, "number_distinct_values": 104, "frequent_values": ["145-40 155 Street", "2890 Arthur Kill Road", "97-14 Atlantic Avenue", "432 Zerega Avenue", "2350 HERMANY AVENUE"], "dataTypes": [{"type": "TEXT", "count": "42235", "shortest_values": [["148 Snediker", 12], ["148 Snediker", 12], ["148 Snediker", 12], ["148 Snediker", 12], ["148 Snediker", 12]], "longest_values": [["380 Chelsea Rd, , NY 10314", 26], ["380 Chelsea Rd, , NY 10314", 26], ["380 Chelsea Rd, , NY 10314", 26], ["311-317, East 3rd Street", 24], ["311-317, East 3rd Street", 24]], "average_length": "18.096341896531314"}]}, {"column_name": "Garage_City", "number_non_empty_cells": 42235, "number_empty_cells": 74, "number_distinct_values": 27, "frequent_values": ["Bronx", "Brooklyn", "BROOKLYN", "Jamaica", "Staten Island"], "dataTypes": [{"type": "TEXT", "count": "42235", "shortest_values": [["SI", 2], ["SI", 2], ["SI", 2], ["SI", 2], ["SI", 2]], "longest_values": [["Staten Island", 13], ["Staten Island", 13], ["Staten Island", 13], ["Staten Island", 13], ["Staten Island", 13]], "average_length": "7.4007576654433525"}]}, {"column_name": "Garage_State", "number_non_empty_cells": 42235, "number_empty_cells": 74, "number_distinct_values": 2, "frequent_values": ["NY", null], "dataTypes": [{"type": "TEXT", "count": "42235", "shortest_values": [["NY", 2], ["NY", 2], ["NY", 2], ["NY", 2], ["NY", 2]], "longest_values": [["NY", 2], ["NY", 2], ["NY", 2], ["NY", 2], ["NY", 2]], "average_length": "2.0"}]}, {"column_name": "Garage_Zip", "number_non_empty_cells": 42235, "number_empty_cells": 74, "number_distinct_values": 41, "frequent_values": [10473, 11207, 11434, 10309, 11234], "dataTypes": [{"type": "INTEGER (LONG)", "count": ["42235"], "mean": ["10928.746158399432"], "stddev": ["419.64598197879565"], "min_value": ["10301"], "max_value": ["11706"]}]}, {"column_name": "XCoordinates", "number_non_empty_cells": 42309, "number_empty_cells": 0, "number_distinct_values": 80, "frequent_values": [1044536.0, 921003.0, 1027170.0, 1027238.0, 1027216.0], "dataTypes": [{"type": "REAL", "count": ["42309"], "mean": ["1009855.7363808953"], "stddev": ["52530.871198153436"], "min_value": ["0.0"], "max_value": ["1181544.265504"]}]}, {"column_name": "YCoordinates", "number_non_empty_cells": 42309, "number_empty_cells": 0, "number_distinct_values": 80, "frequent_values": [181633.0, 138792.0, 190362.0, 236679.0, 240011.0], "dataTypes": [{"type": "REAL", "count": ["42309"], "mean": ["200285.59144636441"], "stddev": ["37319.5321976261"], "min_value": ["0.0"], "max_value": ["284896.649744"]}]}]}