{"dataset_name": "/user/hm74/NYCOpenData/8z5h-tzdr.tsv.gz", "columns": [{"column_name": "Board", "number_non_empty_cells": 14, "number_empty_cells": 0, "number_distinct_values": 14, "frequent_values": [12, 1, 13, 6, 3], "dataTypes": [{"type": "INTEGER (LONG)", "count": 14, "max_value": 14, "min_value": 1, "mean": 7.5, "stddev": 4.031128874149275}]}, {"column_name": "District Manager - First Name", "number_non_empty_cells": 14, "number_empty_cells": 0, "number_distinct_values": 14, "frequent_values": ["Christian", "Jonathan", "Florence", "Gary", "Giovanna"], "dataTypes": [{"type": "TEXT", "count": 14, "shortest_values": [["Gary", 4], ["Lisa", 4], ["Mark", 4], ["Frank", 5], ["Marie", 5]], "longest_values": [["Christian", 9], ["Florence", 8], ["Giovanna", 8], ["Jonathan", 8], ["Marilyn", 7]], "average_length": 6.071428571428571}]}, {"column_name": "District Manager - Last Name", "number_non_empty_cells": 14, "number_empty_cells": 0, "number_distinct_values": 14, "frequent_values": ["Koulouris", "Markell Kleinert", "Peterson", "Giordano", "Gomes"], "dataTypes": [{"type": "TEXT", "count": 14, "shortest_values": [["Reid", 4], ["Gomes", 5], ["Gaska", 5], ["Reddick", 7], ["Giordano", 8]], "longest_values": [["Markell Kleinert", 16], ["Adam-Ovide", 10], ["Marziliano", 10], ["Koulouris", 9], ["Cassagnol", 9]], "average_length": 8.357142857142858}]}, {"column_name": "Address", "number_non_empty_cells": 14, "number_empty_cells": 0, "number_distinct_values": 14, "frequent_values": ["115-01 Lefferts Blvd.", "120-55 Queens Blvd., Rm. 310A", "90-28 161st St.", "45-02 Ditmars Blvd., Ste. 125", "219-41 Jamaica Ave."], "dataTypes": [{"type": "TEXT", "count": 14, "shortest_values": [["43-22 50th St.", 14], ["1931 Mott Ave.", 14], ["46-11 104th St.", 15], ["133-32 41st Rd.", 15], ["90-28 161st St.", 15]], "longest_values": [["45-02 Ditmars Blvd., Ste. 125", 29], ["120-55 Queens Blvd., Rm. 310A", 29], ["82-11 37th Ave., Ste. 606", 25], ["104-01 Metropolitan Ave.", 24], ["46-21 Little Neck Pkwy.", 23]], "average_length": 20.0}]}, {"column_name": "City", "number_non_empty_cells": 14, "number_empty_cells": 0, "number_distinct_values": 14, "frequent_values": ["Corona", "Jackson Heights", "Little Neck", "Flushing", "Astoria"], "dataTypes": [{"type": "TEXT", "count": 14, "shortest_values": [["Corona", 6], ["Hollis", 6], ["Astoria", 7], ["Jamaica", 7], ["Woodside", 8]], "longest_values": [["South Ozone Park", 16], ["Jackson Heights", 15], ["Queens Village", 14], ["Forest Hills", 12], ["Far Rockaway", 12]], "average_length": 10.071428571428571}]}, {"column_name": "Postcode", "number_non_empty_cells": 14, "number_empty_cells": 0, "number_distinct_values": 14, "frequent_values": [11368, 11423, 11105, 11432, 11385], "dataTypes": [{"type": "INTEGER (LONG)", "count": 14, "max_value": 11691, "min_value": 11105, "mean": 11394.071428571428, "stddev": 113.76131923945948}]}, {"column_name": "Phone Number", "number_non_empty_cells": 14, "number_empty_cells": 0, "number_distinct_values": 14, "frequent_values": ["718.843.4488", "718.286.2686", "718.264.7895", "718.458.2707", "718.359.2800"], "dataTypes": [{"type": "TEXT", "count": 14, "shortest_values": [["718.626.1021", 12], ["718.533.8773", 12], ["718.458.2707", 12], ["718.760.3141", 12], ["718.366.1834", 12]], "longest_values": [["718.626.1021", 12], ["718.533.8773", 12], ["718.458.2707", 12], ["718.760.3141", 12], ["718.366.1834", 12]], "average_length": 12.0}]}, {"column_name": "E-Mail", "number_non_empty_cells": 14, "number_empty_cells": 0, "number_distinct_values": 14, "frequent_values": ["MMCMILLAN@QB13.org", "QN06@CB.NYC.GOV", "QN11@CB.NYC.GOV", "CBROCK14@NYC.RR.COM", "QNSCB5@NYC.RR.COM"], "dataTypes": [{"type": "TEXT", "count": 14, "shortest_values": [["QN01@CB.NYC.GOV", 15], ["QN02@CB.NYC.GOV", 15], ["QN04@CB.NYC.GOV", 15], ["QN06@CB.NYC.GOV", 15], ["QN07@CB.NYC.GOV", 15]], "longest_values": [["COMMUNITYBOARD3@NYC.RR.COM", 26], ["COMMUNITYBD9@NYC.RR.COM", 23], ["CBROCK14@NYC.RR.COM", 19], ["CB10QNS@NYC.RR.COM", 18], ["MMCMILLAN@QB13.org", 18]], "average_length": 17.214285714285715}]}, {"column_name": "Monthly Meeting", "number_non_empty_cells": 14, "number_empty_cells": 0, "number_distinct_values": 9, "frequent_values": ["2nd Tuesday", "2nd Wednesday", "1st Thursday", "1st Monday", "4th Monday"], "dataTypes": [{"type": "DATE/TIME", "count": 14, "max_value": "2019-12-04T00:00:00", "min_value": "2019-12-01T00:00:00"}]}, {"column_name": "Borough", "number_non_empty_cells": 14, "number_empty_cells": 0, "number_distinct_values": 1, "frequent_values": ["QUEENS"], "dataTypes": [{"type": "TEXT", "count": 14, "shortest_values": [["QUEENS", 6], ["QUEENS", 6], ["QUEENS", 6], ["QUEENS", 6], ["QUEENS", 6]], "longest_values": [["QUEENS", 6], ["QUEENS", 6], ["QUEENS", 6], ["QUEENS", 6], ["QUEENS", 6]], "average_length": 6.0}]}, {"column_name": "Latitude", "number_non_empty_cells": 14, "number_empty_cells": 0, "number_distinct_values": 14, "frequent_values": [40.746246, 40.744161, 40.700875, 40.710102, 40.713329], "dataTypes": [{"type": "REAL", "count": 14, "max_value": 40.770738, "min_value": 40.603937, "mean": 40.720398714285714, "stddev": 0.04199358222978592}]}, {"column_name": "Longitude", "number_non_empty_cells": 14, "number_empty_cells": 0, "number_distinct_values": 14, "frequent_values": [-73.752344, -73.765169, -73.903082, -73.859814, -73.830504], "dataTypes": [{"type": "REAL", "count": 14, "max_value": -73.734266, "min_value": -73.914709, "mean": -73.82634042857143, "stddev": 0.05977593211881476}]}, {"column_name": "Community Board", "number_non_empty_cells": 14, "number_empty_cells": 0, "number_distinct_values": 14, "frequent_values": [12, 1, 13, 6, 3], "dataTypes": [{"type": "INTEGER (LONG)", "count": 14, "max_value": 14, "min_value": 1, "mean": 7.5, "stddev": 4.031128874149275}]}, {"column_name": "Council District", "number_non_empty_cells": 14, "number_empty_cells": 0, "number_distinct_values": 12, "frequent_values": [23, 29, 28, 22, 26], "dataTypes": [{"type": "INTEGER (LONG)", "count": 14, "max_value": 31, "min_value": 19, "mean": 25.0, "stddev": 3.760699023168052}]}, {"column_name": "Census Tract", "number_non_empty_cells": 14, "number_empty_cells": 0, "number_distinct_values": 14, "frequent_values": [137, 44601, 731, 577, 101001], "dataTypes": [{"type": "INTEGER (LONG)", "count": 14, "max_value": 150702, "min_value": 137, "mean": 23287.214285714286, "stddev": 44683.04542981211}]}, {"column_name": "BIN", "number_non_empty_cells": 14, "number_empty_cells": 0, "number_distinct_values": 14, "frequent_values": [4088373, 4224338, 4208852, 4035816, 4298263], "dataTypes": [{"type": "INTEGER (LONG)", "count": 14, "max_value": 4458259, "min_value": 4001290, "mean": 4197399.142857143, "stddev": 157109.84545754566}]}, {"column_name": "BBL", "number_non_empty_cells": 14, "number_empty_cells": 0, "number_distinct_values": 14, "frequent_values": [4116630033, 4097570040, 4155610029, 4036380065, 4019900092], "dataTypes": [{"type": "INTEGER (LONG)", "count": 14, "max_value": 4155610029, "min_value": 4001380040, "mean": 4060746108.4285717, "stddev": 47201031.623872824}]}, {"column_name": "NTA", "number_non_empty_cells": 14, "number_empty_cells": 0, "number_distinct_values": 14, "frequent_values": ["Corona", "Jackson Heights", "Flushing", "Douglas Manor-Douglaston-Little Neck", "Hunters Point-Sunnyside-West Maspeth"], "dataTypes": [{"type": "TEXT", "count": 14, "shortest_values": [["Corona", 6], ["Jamaica", 7], ["Steinway", 8], ["Glendale", 8], ["Flushing", 8]], "longest_values": [["Hunters Point-Sunnyside-West Maspeth", 36], ["Douglas Manor-Douglaston-Little Neck", 36], ["Jamaica Estates-Holliswood", 26], ["Far Rockaway-Bayswater", 22], ["South Ozone Park", 16]], "average_length": 16.071428571428573}]}, {"column_name": "CB Chair - First Name", "number_non_empty_cells": 14, "number_empty_cells": 0, "number_distinct_values": 14, "frequent_values": ["Denise", "Dolores", "Martha", "Rene", "Damian"], "dataTypes": [{"type": "TEXT", "count": 14, "shortest_values": [["Rene", 4], ["Marie", 5], ["Clive", 5], ["Denise", 6], ["Philip", 6]], "longest_values": [["J. Richard", 10], ["Elizabeth", 9], ["Christine", 9], ["Vincent", 7], ["Dolores", 7]], "average_length": 6.571428571428571}]}, {"column_name": "CB Chair - Last Name", "number_non_empty_cells": 14, "number_empty_cells": 0, "number_distinct_values": 14, "frequent_values": ["Papas", "Torniali", "Williams", "Smith", "Kelty, Jr."], "dataTypes": [{"type": "TEXT", "count": 14, "shortest_values": [["Orr", 3], ["Papas", 5], ["Smith", 5], ["Vargas", 6], ["Taylor", 6]], "longest_values": [["Cheatham-Hill", 13], ["Keehan-Smith", 12], ["Arcuri, Jr.", 11], ["Kelty, Jr.", 10], ["Torniali", 8]], "average_length": 7.642857142857143}]}]}