{"dataset_name": "/user/hm74/NYCOpenData/8zxg-9a5c.tsv.gz", "columns": [{"column_name": "City Council District", "number_non_empty_cells": 52, "number_empty_cells": 0, "number_distinct_values": 52, "frequent_values": ["7", "51", "15", "11", "29"], "dataTypes": [{"type": "INTEGER (LONG)", "count": 51, "max_value": 51, "min_value": 1, "mean": 26.0, "stddev": 14.719601443879744}, {"type": "TEXT", "count": 1, "shortest_values": [["Unknown", 7]], "longest_values": [["Unknown", 7]], "average_length": 7.0}]}, {"column_name": "Borough", "number_non_empty_cells": 52, "number_empty_cells": 0, "number_distinct_values": 8, "frequent_values": ["Brooklyn", "Queens", "Manhattan", "Bronx", "Staten Island"], "dataTypes": [{"type": "TEXT", "count": 52, "shortest_values": [["N/A", 3], ["Bronx", 5], ["Bronx", 5], ["Bronx", 5], ["Bronx", 5]], "longest_values": [["Manhattan/Bronx", 15], ["Brooklyn/Queens", 15], ["Staten Island", 13], ["Staten Island", 13], ["Staten Island", 13]], "average_length": 7.634615384615384}]}, {"column_name": "Number of public housing residents enrolled in courses or otherwise received guidance", "number_non_empty_cells": 52, "number_empty_cells": 0, "number_distinct_values": 12, "frequent_values": ["0", "< 5", "5", "14", "7"], "dataTypes": [{"type": "INTEGER (LONG)", "count": 41, "max_value": 37, "min_value": 0, "mean": 5.365853658536586, "stddev": 7.662885203180376}, {"type": "TEXT", "count": 11, "shortest_values": [["< 5", 3], ["< 5", 3], ["< 5", 3], ["< 5", 3], ["< 5", 3]], "longest_values": [["< 5", 3], ["< 5", 3], ["< 5", 3], ["< 5", 3], ["< 5", 3]], "average_length": 3.0}]}]}