{"dataset_name": "/user/hm74/NYCOpenData/922w-z7da.tsv.gz", "columns": [{"column_name": "physical_address_id", "number_non_empty_cells": 5082, "number_empty_cells": 0, "number_distinct_values": 5082, "frequent_values": [148, 463, 471, 496, 833], "dataTypes": [{"type": "INTEGER (LONG)", "count": 5082, "max_value": 5082, "min_value": 1, "mean": 2541.5, "stddev": 1467.0470056091135}]}, {"column_name": "location_id", "number_non_empty_cells": 5082, "number_empty_cells": 0, "number_distinct_values": 4736, "frequent_values": [1043, 233, 3293, 3515, 2937], "dataTypes": [{"type": "INTEGER (LONG)", "count": 5082, "max_value": 4736, "min_value": 1, "mean": 2379.092286501375, "stddev": 1369.2408333109238}]}, {"column_name": "address_1", "number_non_empty_cells": 5027, "number_empty_cells": 55, "number_distinct_values": 3635, "frequent_values": ["NO ADDRESS", "56 BAY STREET", "999 JAMAICA AVENUE", "57 WILLOUGHBY STREET", "108-25 62 DRIVE"], "dataTypes": [{"type": "TEXT", "count": 5079, "shortest_values": [["NO ADDRESS", 10], ["NO ADDRESS", 10], ["NO ADDRESS", 10], ["PO BOX 663", 10], ["PO BOX 641", 10]], "longest_values": [["590 6TH AVENUE/590 AVENUE OF THE AMERICAS", 41], ["1628 DR MARTIN LUTHER KING JR BOULEVARD", 39], ["1780 DR MARTIN LUTHER KING JR BOULEVARD", 39], ["2090 ADAM CLAYTON POWELL JR BOULEVARD", 37], ["2090 ADAM CLAYTON POWELL JR BOULEVARD", 37]], "average_length": 17.76077968103966}]}, {"column_name": "address_2", "number_non_empty_cells": 281, "number_empty_cells": 4801, "number_distinct_values": 110, "frequent_values": ["2ND FLOOR", "3RD FLOOR", "4TH FLOOR", "6TH FLOOR", "5TH FLOOR"], "dataTypes": [{"type": "INTEGER (LONG)", "count": 2, "max_value": 403, "min_value": 206, "mean": 304.5, "stddev": 98.5}, {"type": "DATE/TIME", "count": 2, "max_value": "2019-12-12T00:00:00", "min_value": "2019-12-09T07:00:00"}, {"type": "TEXT", "count": 277, "shortest_values": [["#2", 2], ["#5", 2], ["ER", 2], ["#1", 2], ["#20", 3]], "longest_values": [["ONE PIERREPOINT PLAZA, SUITE 901", 32], ["BUILDING 10 ROOM 409", 20], ["6TH FLOOR ROOM 622", 18], ["3RD FLOOR ROOM 319", 18], ["3RD FLOOR ROOM 300", 18]], "average_length": 8.967509025270756}]}, {"column_name": "city", "number_non_empty_cells": 5021, "number_empty_cells": 61, "number_distinct_values": 102, "frequent_values": ["BROOKLYN", "NEW YORK", "BRONX", "STATEN ISLAND", "QUEENS"], "dataTypes": [{"type": "TEXT", "count": 5082, "shortest_values": [["BRONX", 5], ["BRONX", 5], ["BRONX", 5], ["BRONX", 5], ["BRONX", 5]], "longest_values": [["SPRINGFIELD GARDENS", 19], ["SPRINGFIELD GARDENS", 19], ["SPRINGFIELD GARDENS", 19], ["SPRINGFIELD GARDENS", 19], ["SPRINGFIELD GARDENS", 19]], "average_length": 7.8026367571822}]}, {"column_name": "borough", "number_non_empty_cells": 5059, "number_empty_cells": 23, "number_distinct_values": 14, "frequent_values": ["Brooklyn", "Manhattan", "Bronx", "Queens", "Staten Island"], "dataTypes": [{"type": "TEXT", "count": 5059, "shortest_values": [["Bronx", 5], ["Bronx", 5], ["Bronx", 5], ["Bronx", 5], ["Bronx", 5]], "longest_values": [["Staten Island", 13], ["Staten Island", 13], ["Staten Island", 13], ["Staten Island", 13], ["Staten Island", 13]], "average_length": 7.3953350464518754}]}, {"column_name": "state_province", "number_non_empty_cells": 5077, "number_empty_cells": 5, "number_distinct_values": 5, "frequent_values": ["NY", "NJ", "DC", "PA", null], "dataTypes": [{"type": "TEXT", "count": 5077, "shortest_values": [["NY", 2], ["NY", 2], ["NY", 2], ["NY", 2], ["NY", 2]], "longest_values": [["NY", 2], ["NY", 2], ["NY", 2], ["NY", 2], ["NY", 2]], "average_length": 2.0}]}, {"column_name": "postcode", "number_non_empty_cells": 4897, "number_empty_cells": 185, "number_distinct_values": 227, "frequent_values": ["11226", "11372", "10457", "10453", "11207"], "dataTypes": [{"type": "INTEGER (LONG)", "count": 4891, "max_value": 20036, "min_value": 7095, "mean": 10736.090574524636, "stddev": 595.8227053001522}, {"type": "TEXT", "count": 6, "shortest_values": [["10301-1827", 10], ["10456-3902", 10], ["11375-2349", 10], ["10457-6003", 10], ["10533-1254", 10]], "longest_values": [["10301-1827", 10], ["10456-3902", 10], ["11375-2349", 10], ["10457-6003", 10], ["10533-1254", 10]], "average_length": 10.0}]}, {"column_name": "site_catchment", "number_non_empty_cells": 187, "number_empty_cells": 4895, "number_distinct_values": 102, "frequent_values": ["BRONX", "MANHATTAN", "BROOKLYN", "QUEENS", "NEW YORK CITY"], "dataTypes": [{"type": "TEXT", "count": 188, "shortest_values": [["BRONX", 5], ["BRONX", 5], ["BRONX", 5], ["BRONX", 5], ["BRONX", 5]], "longest_values": [["Todt Hill, Mariner\u2019s Harbor, South Beach, West Brighton I, Stapleton, Richmond Terrace Houses", 93], ["East 152nd Street-Courtlandt Avenue, Moore, Betances, Melrose Houses", 68], ["FLATBUSH AVENUE BETWEEN NOSTRAND AVE. AND BEDFORD AVENUE", 56], ["PERRY AVE. BETWEEN E. 205TH STREET AND E 208TH STREET", 53], ["WEST 36 STREET BETWEEN 10TH AVENUE AND 8TH AVENUE", 49]], "average_length": 15.893617021276599}]}, {"column_name": "site_intersection_street_1", "number_non_empty_cells": 242, "number_empty_cells": 4840, "number_distinct_values": 190, "frequent_values": ["ROOSEVELT AVENUE", "FULTON STREET", "E 149TH STREET", "E TREMONT AVENUE", "KNICKERBOCKER AVE"], "dataTypes": [{"type": "DATE/TIME", "count": 4, "max_value": "1999-12-09T00:00:00", "min_value": "0123-12-09T00:00:00"}, {"type": "TEXT", "count": 238, "shortest_values": [["WILSON", 6], ["AVENUE H", 8], ["BROADWAY", 8], ["BROADWAY", 8], ["RALPH AVE", 9]], "longest_values": [["FREDERICK DOUGLASS BOULEVARD", 28], ["FREDERICK DOUGLASS BOULEVARD", 28], ["THOMAS BOYLAND STREET", 21], ["KNICKERBOCKER AVENUE", 20], ["BRIGHTON 4TH STREET", 19]], "average_length": 13.41596638655462}]}, {"column_name": "site_intersection_street_2", "number_non_empty_cells": 241, "number_empty_cells": 4841, "number_distinct_values": 148, "frequent_values": ["BROADWAY", "NOSTRAND AVENUE", "ST NICHOLAS AVENUE", "ROOSEVELT AVENUE", "FULTON STREET"], "dataTypes": [{"type": "TEXT", "count": 242, "shortest_values": [["3RD AVE", 7], ["8TH AVE", 7], ["42 ROAD", 7], ["8TH AVE", 7], ["3RD AVE", 7]], "longest_values": [["ADAM CLAYTON POWELL BLVD", 24], ["FORT WASHINGTON AVENUE", 22], ["FT WASHINGTON AVENUE", 20], ["PENNSYLVANIA AVENUE", 19], ["PENNSYLVANIA AVENUE", 19]], "average_length": 12.752066115702478}]}, {"column_name": "number", "number_non_empty_cells": 4637, "number_empty_cells": 445, "number_distinct_values": 2204, "frequent_values": ["1", "50", "25", "100", "150"], "dataTypes": [{"type": "INTEGER (LONG)", "count": 3769, "max_value": 20002, "min_value": 1, "mean": 1126.8195807906625, "stddev": 1417.9102146614641}, {"type": "DATE/TIME", "count": 293, "max_value": "4206-10-09T00:00:00", "min_value": "0100-10-09T00:00:00"}, {"type": "TEXT", "count": 575, "shortest_values": [["1 C", 3], ["One", 3], ["80A", 3], ["872A", 4], ["864A", 4]], "longest_values": [["2857-2865", 9], ["2541-2549", 9], ["1214-1218", 9], ["1602-1624", 9], ["1605-1611", 9]], "average_length": 5.504347826086956}]}, {"column_name": "street", "number_non_empty_cells": 4587, "number_empty_cells": 495, "number_distinct_values": 1439, "frequent_values": ["BROADWAY", "FLATBUSH AVENUE", "ROOSEVELT AVENUE", "FULTON STREET", "AMSTERDAM AVENUE"], "dataTypes": [{"type": "DATE/TIME", "count": 1, "max_value": "0161-12-09T00:00:00", "min_value": "0161-12-09T00:00:00"}, {"type": "TEXT", "count": 4637, "shortest_values": [["BOWERY", 6], ["BOWERY", 6], ["87 ROAD", 7], ["71 ROAD", 7], ["60 LANE", 7]], "longest_values": [["6TH AVENUE/590 AVENUE OF THE AMERICAS", 37], ["DR MARTIN LUTHER KING JR BOULEVARD", 34], ["DR MARTIN LUTHER KING JR BOULEVARD", 34], ["EUGENIO MARIA DE HOSTOS BOULEVARD", 33], ["ADAM CLAYTON POWELL JR BOULEVARD", 32]], "average_length": 13.837179210696574}]}, {"column_name": "latitude", "number_non_empty_cells": 4727, "number_empty_cells": 355, "number_distinct_values": 3605, "frequent_values": [40.74681622745389, 40.6406238519095, 40.69114597410279, 40.80863835539116, 40.69221687976604], "dataTypes": [{"type": "REAL", "count": 4727, "max_value": 40.90622538914551, "min_value": 40.50828321913884, "mean": 40.742585345393216, "stddev": 0.08236391513836974}]}, {"column_name": "longitude", "number_non_empty_cells": 4727, "number_empty_cells": 355, "number_distinct_values": 3589, "frequent_values": [-73.99365540195873, -74.07570414224186, -73.94858197022523, -73.98666489720736, -73.86832784227522], "dataTypes": [{"type": "REAL", "count": 4727, "max_value": -73.70986685716349, "min_value": -74.24411785354582, "mean": -73.92651234972195, "stddev": 0.06854189725598156}]}, {"column_name": "community_board", "number_non_empty_cells": 4727, "number_empty_cells": 355, "number_distinct_values": 60, "frequent_values": [112, 305, 314, 201, 111], "dataTypes": [{"type": "INTEGER (LONG)", "count": 4727, "max_value": 503, "min_value": 101, "mean": 259.5121641633168, "stddev": 115.24188838755002}]}, {"column_name": "council_district", "number_non_empty_cells": 4727, "number_empty_cells": 355, "number_distinct_values": 52, "frequent_values": [17, 8, 10, 9, 40], "dataTypes": [{"type": "INTEGER (LONG)", "count": 4727, "max_value": 51, "min_value": 1, "mean": 23.23460968902056, "stddev": 14.510610620312768}]}, {"column_name": "census_tract", "number_non_empty_cells": 4727, "number_empty_cells": 355, "number_distinct_values": 877, "frequent_values": [44601, 269, 263, 65, 3], "dataTypes": [{"type": "INTEGER (LONG)", "count": 4727, "max_value": 157902, "min_value": 1, "mean": 6984.808969748245, "stddev": 19956.34279869398}]}, {"column_name": "bin", "number_non_empty_cells": 4497, "number_empty_cells": 585, "number_distinct_values": 3221, "frequent_values": [3000000, 1015060, 2000000, 2005939, 4000000], "dataTypes": [{"type": "INTEGER (LONG)", "count": 4497, "max_value": 5161878, "min_value": 1000000, "mean": 2643711.3755837134, "stddev": 1214837.5214095472}]}, {"column_name": "bbl", "number_non_empty_cells": 4497, "number_empty_cells": 585, "number_distinct_values": 3161, "frequent_values": [1008037502, 2033270001, 5000050103, 2027390015, 2026050040], "dataTypes": [{"type": "INTEGER (LONG)", "count": 4497, "max_value": 5078980001, "min_value": 1000057501, "mean": 2564000108.274399, "stddev": 1171759244.6886048}]}, {"column_name": "nta", "number_non_empty_cells": 4524, "number_empty_cells": 558, "number_distinct_values": 191, "frequent_values": ["MN36", "BK42", "BK82", "QN28", "BK61"], "dataTypes": [{"type": "TEXT", "count": 4524, "shortest_values": [["MN24", 4], ["SI22", 4], ["QN61", 4], ["MN11", 4], ["BX14", 4]], "longest_values": [["MN24", 4], ["SI22", 4], ["QN61", 4], ["MN11", 4], ["BX14", 4]], "average_length": 4.0}]}]}