{"dataset_name": "/user/hm74/NYCOpenData/93d2-wh7s.tsv.gz", "columns": [{"column_name": "ProjectID", "number_non_empty_cells": 4114, "number_empty_cells": 0, "number_distinct_values": 631, "frequent_values": [65227, 58860, 53157, 58891, 53017], "dataTypes": [{"type": "INTEGER (LONG)", "count": 4114, "max_value": 67577, "min_value": 44218, "mean": 54455.03184248908, "stddev": 5900.191542601403}]}, {"column_name": "BuildingID", "number_non_empty_cells": 4097, "number_empty_cells": 17, "number_distinct_values": 2055, "frequent_values": [51243, 955507, 66855, 67110, 956798], "dataTypes": [{"type": "INTEGER (LONG)", "count": 4097, "max_value": 989851, "min_value": 375, "mean": 448531.15328289004, "stddev": 392432.5532903447}]}, {"column_name": "AffordabilityBand", "number_non_empty_cells": 4114, "number_empty_cells": 0, "number_distinct_values": 8, "frequent_values": ["Low Income", "Very Low Income", "Extremely Low Income", "Other", "Moderate Income"], "dataTypes": [{"type": "TEXT", "count": 4114, "shortest_values": [["Other", 5], ["Other", 5], ["Other", 5], ["Other", 5], ["Other", 5]], "longest_values": [["Extremely Low Income", 20], ["Extremely Low Income", 20], ["Extremely Low Income", 20], ["Extremely Low Income", 20], ["Extremely Low Income", 20]], "average_length": 12.440690325717044}]}, {"column_name": "TotalUnits", "number_non_empty_cells": 4114, "number_empty_cells": 0, "number_distinct_values": 226, "frequent_values": [1, 2, 3, 4, 6], "dataTypes": [{"type": "INTEGER (LONG)", "count": 4114, "max_value": 1093, "min_value": 1, "mean": 23.95478852698102, "stddev": 54.92808218577453}]}]}