{"dataset_name": "/user/hm74/NYCOpenData/94g4-w6xz.tsv.gz", "columns": [{"column_name": "RECORD TYPE", "number_non_empty_cells": 46, "number_empty_cells": 0, "number_distinct_values": 1, "frequent_values": ["G"], "dataTypes": [{"type": "TEXT", "count": 46, "shortest_values": [["G", 1], ["G", 1], ["G", 1], ["G", 1], ["G", 1]], "longest_values": [["G", 1], ["G", 1], ["G", 1], ["G", 1], ["G", 1]], "average_length": 1.0}]}, {"column_name": "PROPERTY TYPE", "number_non_empty_cells": 45, "number_empty_cells": 1, "number_distinct_values": 46, "frequent_values": ["RG", "SC", "EA", "D5", "BS"], "dataTypes": [{"type": "TEXT", "count": 46, "shortest_values": [["CA", 2], ["F1", 2], ["F4", 2], ["D1", 2], ["D2", 2]], "longest_values": [["CA", 2], ["F1", 2], ["F4", 2], ["D1", 2], ["D2", 2]], "average_length": 2.0}]}, {"column_name": "DESCRIPTION", "number_non_empty_cells": 46, "number_empty_cells": 0, "number_distinct_values": 46, "frequent_values": ["INDUSTRIAL BUILDING", "HDFC EXEMPTION PROPERTY", "MAIDS ROOM", "1-2 FAMILY DWELLING WITH VACANT LAND", "APARTMENT BUILDING"], "dataTypes": [{"type": "TEXT", "count": 46, "shortest_values": [["OTHER", 5], ["UTILITY", 7], ["PRE-ACRIS", 9], ["TIMESHARE", 9], ["MAIDS ROOM", 10]], "longest_values": [["ADJACENT CONDOMINIUM UNIT TO BE COMBINED", 40], ["1- 2 FAM WITH ATTCH GAR &/OR VACANT LAND", 40], ["1-2 FAMILY DWELLING WITH ATTACHED GARAGE", 40], ["ADJACENT COOPERATIVE UNIT TO BE COMBINED", 40], ["UNDER $1M CONDO IN COMBINED SALE OF $1M+", 40]], "average_length": 23.608695652173914}]}]}