{"dataset_name": "/user/hm74/NYCOpenData/956m-xy24.tsv.gz", "columns": [{"column_name": "MANHATTAN_CONDOMINIUM_PROPERTY_Boro-Block-Lot", "number_non_empty_cells": 6895, "number_empty_cells": 0, "number_distinct_values": 2564, "frequent_values": ["New York City, New York", "New York City, New York\"", "(40.768908, -73.95058)\"", "(40.732156, -74.002135)\"", "(40.790097, -73.94913)\""], "dataTypes": [{"type": "TEXT", "count": 6895, "shortest_values": [["1-00016-7505", 12], ["1-00016-7506", 12], ["1-00016-7507", 12], ["1-00016-7509", 12], ["1-00015-7501", 12]], "longest_values": [["(48.297278, -122.669385)\"", 25], ["(48.300583, -122.665427)\"", 25], ["(48.300583, -122.665427)\"", 25], ["(39.091843, -108.564267)\"", 25], ["(48.300583, -122.665427)\"", 25]], "average_length": 21.7168963016679}]}, {"column_name": "MANHATTAN_CONDOMINIUM_PROPERTY_Condo_Section", "number_non_empty_cells": 4016, "number_empty_cells": 2879, "number_distinct_values": 1064, "frequent_values": ["1", "UPPER EAST SIDE (59-79)", "UPPER EAST SIDE (79-96)", "CHELSEA", "UPPER WEST SIDE (59-79)"], "dataTypes": [{"type": "INTEGER (LONG)", "count": 1025, "max_value": 1, "min_value": 1, "mean": 1.0, "stddev": 0.0}, {"type": "TEXT", "count": 3051, "shortest_values": [["SOHO", 4], ["SOHO", 4], ["SOHO", 4], ["SOHO", 4], ["SOHO", 4]], "longest_values": [["GREENWICH VILLAGE-CENTRAL", 25], ["GREENWICH VILLAGE-CENTRAL", 25], ["GREENWICH VILLAGE-CENTRAL", 25], ["GREENWICH VILLAGE-CENTRAL", 25], ["GREENWICH VILLAGE-CENTRAL", 25]], "average_length": 12.910848901999342}]}, {"column_name": "MANHATTAN_CONDOMINIUM_PROPERTY_Address", "number_non_empty_cells": 3493, "number_empty_cells": 3402, "number_distinct_values": 1066, "frequent_values": ["D6-ELEVATOR", "D9-ELEVATOR", "D7-ELEVATOR", "D3-ELEVATOR", "D1-ELEVATOR"], "dataTypes": [{"type": "INTEGER (LONG)", "count": 451, "max_value": 10280, "min_value": 10000, "mean": 10025.359201773826, "stddev": 42.3649493588082}, {"type": "TEXT", "count": 3051, "shortest_values": [["97 AVENUE", 9], ["85 AVENUE", 9], ["50 AVENUE", 9], ["89 AVENUE", 9], ["71 AVENUE", 9]], "longest_values": [["845 UNITED NATIONS PLAZA", 24], ["100 UNITED NATIONS PLAZA", 24], ["240 RIVERSIDE BOULEVARD", 23], ["220 RIVERSIDE BOULEVARD", 23], ["200 RIVERSIDE BOULEVARD", 23]], "average_length": 12.013765978367742}]}, {"column_name": "Borough", "number_non_empty_cells": 2477, "number_empty_cells": 4418, "number_distinct_values": 669, "frequent_values": [24.0, 59.0, 69.0, 13.0, 20.0], "dataTypes": [{"type": "REAL", "count": 2477, "max_value": 2498.0, "min_value": 11.0, "mean": 112.93386432781598, "stddev": 135.49944720682464}]}, {"column_name": "Postcode", "number_non_empty_cells": 2477, "number_empty_cells": 4418, "number_distinct_values": 517, "frequent_values": [1900.0, 1920.0, 1986.0, 1910.0, 1930.0], "dataTypes": [{"type": "REAL", "count": 2477, "max_value": 2005.0, "min_value": -74.018002, "mean": 1583.5612402842135, "stddev": 782.7519482526363}]}, {"column_name": "Latitude", "number_non_empty_cells": 2477, "number_empty_cells": 4418, "number_distinct_values": 640, "frequent_values": [2, 1, 8, 7, 3], "dataTypes": [{"type": "INTEGER (LONG)", "count": 2477, "max_value": 3122165, "min_value": 1, "mean": 105744.48122729106, "stddev": 151455.57309071976}]}, {"column_name": "Longitude", "number_non_empty_cells": 2477, "number_empty_cells": 4418, "number_distinct_values": 650, "frequent_values": [1, 3, 4, 6, 10440657], "dataTypes": [{"type": "INTEGER (LONG)", "count": 2477, "max_value": 54429389, "min_value": 1, "mean": 3702792.1190956775, "stddev": 5310943.669128047}]}, {"column_name": "Community_Board", "number_non_empty_cells": 2477, "number_empty_cells": 4418, "number_distinct_values": 472, "frequent_values": [25.9, 40.6, 45.1, 29.1, 40.1], "dataTypes": [{"type": "REAL", "count": 2477, "max_value": 31704.0, "min_value": 6.0, "mean": 350.4109890997178, "stddev": 2452.0249028784347}]}, {"column_name": "Council_District", "number_non_empty_cells": 2471, "number_empty_cells": 4424, "number_distinct_values": 941, "frequent_values": [52500000, 25700000, 27900000, 1000000, 7120000], "dataTypes": [{"type": "INTEGER (LONG)", "count": 2471, "max_value": 221000000, "min_value": 377000, "mean": 18234531.14204776, "stddev": 26118520.4358867}]}, {"column_name": "Census_Tract", "number_non_empty_cells": 2471, "number_empty_cells": 4424, "number_distinct_values": 630, "frequent_values": [201.0, 178.0, 113.0, 126.0, 98.0], "dataTypes": [{"type": "REAL", "count": 2471, "max_value": 1022217501.0, "min_value": 21.57, "mean": 181567021.1819018, "stddev": 387422523.28197235}]}, {"column_name": "BIN", "number_non_empty_cells": 2477, "number_empty_cells": 4418, "number_distinct_values": 98, "frequent_values": ["0.4", "0.2", "0.45", "0.3", "0.15"], "dataTypes": [{"type": "INTEGER (LONG)", "count": 104, "max_value": 2, "min_value": 0, "mean": 0.41346153846153855, "stddev": 0.5651850772955997}, {"type": "REAL", "count": 1922, "max_value": 5.4, "min_value": 0.04, "mean": 0.6335796045785647, "stddev": 0.6052610879265345}, {"type": "TEXT", "count": 451, "shortest_values": [["Battery Park City-Lower Manhattan                                          ", 75], ["Battery Park City-Lower Manhattan                                          ", 75], ["Battery Park City-Lower Manhattan                                          ", 75], ["Battery Park City-Lower Manhattan                                          ", 75], ["Battery Park City-Lower Manhattan                                          ", 75]], "longest_values": [["Battery Park City-Lower Manhattan                                          ", 75], ["Battery Park City-Lower Manhattan                                          ", 75], ["Battery Park City-Lower Manhattan                                          ", 75], ["Battery Park City-Lower Manhattan                                          ", 75], ["Battery Park City-Lower Manhattan                                          ", 75]], "average_length": 75.0}]}, {"column_name": "BBL", "number_non_empty_cells": 1987, "number_empty_cells": 4908, "number_distinct_values": 468, "frequent_values": ["UPPER EAST SIDE (59-79)", "UPPER WEST SIDE (59-79)", "UPPER EAST SIDE (79-96)", "CHELSEA", "UPPER WEST SIDE (79-96)"], "dataTypes": [{"type": "TEXT", "count": 2027, "shortest_values": [["SOHO", 4], ["SOHO", 4], ["SOHO", 4], ["SOHO", 4], ["SOHO", 4]], "longest_values": [["GREENWICH VILLAGE-CENTRAL", 25], ["GREENWICH VILLAGE-CENTRAL", 25], ["GREENWICH VILLAGE-CENTRAL", 25], ["GREENWICH VILLAGE-CENTRAL", 25], ["GREENWICH VILLAGE-CENTRAL", 25]], "average_length": 13.858411445485942}]}, {"column_name": "NTA", "number_non_empty_cells": 2022, "number_empty_cells": 4873, "number_distinct_values": 435, "frequent_values": ["R4-ELEVATOR", "R9-CONDOPS", "R2-WALK-UP", "12 JONES STREET", "1273 YORK AVENUE"], "dataTypes": [{"type": "TEXT", "count": 2027, "shortest_values": [["2074 FRED", 9], ["2177 FRED", 9], ["2074 FRED", 9], ["2640 FRED", 9], ["1810 ADAM", 9]], "longest_values": [["140 RIVERSIDE BOULEVARD", 23], ["160 RIVERSIDE BOULEVARD", 23], ["140 RIVERSIDE BOULEVARD", 23], ["160 RIVERSIDE BOULEVARD", 23], ["180 RIVERSIDE BOULEVARD", 23]], "average_length": 12.47705969412928}]}, {"column_name": "MANHATTAN_CONDOMINIUM_PROPERTY_Neighborhood", "number_non_empty_cells": 1025, "number_empty_cells": 5870, "number_distinct_values": 282, "frequent_values": [12, 16, 20, 11, 13], "dataTypes": [{"type": "INTEGER (LONG)", "count": 1025, "max_value": 1258, "min_value": 11, "mean": 98.0380487804878, "stddev": 123.4133863004494}]}, {"column_name": "MANHATTAN_CONDOMINIUM_PROPERTY_Building_Classification", "number_non_empty_cells": 1025, "number_empty_cells": 5870, "number_distinct_values": 109, "frequent_values": [1900, 1920, 1910, 1986, 2005], "dataTypes": [{"type": "INTEGER (LONG)", "count": 1025, "max_value": 2007, "min_value": 0, "mean": 1920.488780487805, "stddev": 252.30643799675485}]}, {"column_name": "MANHATTAN_CONDOMINIUM_PROPERTY_Total_Units", "number_non_empty_cells": 1025, "number_empty_cells": 5870, "number_distinct_values": 1017, "frequent_values": [390628, 12000, 14376, 32085, 9590], "dataTypes": [{"type": "INTEGER (LONG)", "count": 1025, "max_value": 1496819, "min_value": 3812, "mean": 116867.87219512192, "stddev": 139281.82972517432}]}, {"column_name": "MANHATTAN_CONDOMINIUM_PROPERTY_Year_Built", "number_non_empty_cells": 1025, "number_empty_cells": 5870, "number_distinct_values": 891, "frequent_values": [460000, 2150000, 1600000, 500000, 2850000], "dataTypes": [{"type": "INTEGER (LONG)", "count": 1025, "max_value": 50906814, "min_value": 0, "mean": 3974402.0985365836, "stddev": 5238063.773950101}]}, {"column_name": "MANHATTAN_CONDOMINIUM_PROPERTY_Gross_SqFt", "number_non_empty_cells": 1025, "number_empty_cells": 5870, "number_distinct_values": 318, "frequent_values": [30.0, 35.0, 40.0, 32.0, 36.0], "dataTypes": [{"type": "REAL", "count": 1025, "max_value": 132.0, "min_value": 0.0, "mean": 32.01286829268291, "stddev": 8.202311760224765}]}, {"column_name": "MANHATTAN_CONDOMINIUM_PROPERTY_Est_Gross_Income", "number_non_empty_cells": 1025, "number_empty_cells": 5870, "number_distinct_values": 959, "frequent_values": [10700000, 10100000, 4820000, 1140000, 11700000], "dataTypes": [{"type": "INTEGER (LONG)", "count": 1025, "max_value": 252160867, "min_value": 122472, "mean": 19440149.114146322, "stddev": 26048920.335920177}]}, {"column_name": "MANHATTAN_CONDOMINIUM_PROPERTY_Gross_Income_per_SqFt", "number_non_empty_cells": 1025, "number_empty_cells": 5870, "number_distinct_values": 186, "frequent_values": [145.0, 176.0, 201.0, 155.0, 131.0], "dataTypes": [{"type": "REAL", "count": 1025, "max_value": 663.0, "min_value": 1.25, "mean": 155.32960975609768, "stddev": 45.44364705224138}]}, {"column_name": "MANHATTAN_CONDOMINIUM_PROPERTY_Full_Market_Value", "number_non_empty_cells": 1025, "number_empty_cells": 5870, "number_distinct_values": 430, "frequent_values": ["1-01488-0013", "1-01460-0047", "1-00593-0036", "1-00248-0070", "1-01117-0001"], "dataTypes": [{"type": "TEXT", "count": 1025, "shortest_values": [["1-00016-0080", 12], ["1-00016-0015", 12], ["1-00016-0015", 12], ["1-00016-0080", 12], ["1-00913-0001", 12]], "longest_values": [["1-00016-0080", 12], ["1-00016-0015", 12], ["1-00016-0015", 12], ["1-00016-0080", 12], ["1-00913-0001", 12]], "average_length": 12.0}]}, {"column_name": "MANHATTAN_CONDOMINIUM_PROPERTY_Market_Value_per_SqFt", "number_non_empty_cells": 1015, "number_empty_cells": 5880, "number_distinct_values": 429, "frequent_values": ["519 76 STREET", "400 66 STREET", "24 CHRISTOPHER STREET", "80 RUTGERS", "1930 BROADWAY"], "dataTypes": [{"type": "TEXT", "count": 1024, "shortest_values": [["25 AVENUE", 9], ["2177 FRED", 9], ["2222 FRED", 9], ["1845 ADAM", 9], ["2177 FRED", 9]], "longest_values": [["1360 ST NICHOLAS AVENUE", 23], ["180 RIVERSIDE BOULEVARD", 23], ["180 RIVERSIDE BOULEVARD", 23], ["180 RIVERSIDE BOULEVARD", 23], ["180 RIVERSIDE BOULEVARD", 23]], "average_length": 14.14843750000001}]}, {"column_name": "_COMPARABLE_RENTAL_1_Boro-Block-Lot", "number_non_empty_cells": 1, "number_empty_cells": 6894, "number_distinct_values": 2, "frequent_values": ["KIPS BAY", null], "dataTypes": [{"type": "TEXT", "count": 1, "shortest_values": [["KIPS BAY", 8]], "longest_values": [["KIPS BAY", 8]], "average_length": 8.0}]}, {"column_name": "COMPARABLE_RENTAL_1_Address", "number_non_empty_cells": 1, "number_empty_cells": 6894, "number_distinct_values": 2, "frequent_values": ["D9-ELEVATOR", null], "dataTypes": [{"type": "TEXT", "count": 1, "shortest_values": [["D9-ELEVATOR", 11]], "longest_values": [["D9-ELEVATOR", 11]], "average_length": 11.0}]}, {"column_name": "COMPARABLE_RENTAL_1__Neighborhood", "number_non_empty_cells": 1, "number_empty_cells": 6894, "number_distinct_values": 2, "frequent_values": [370, null], "dataTypes": [{"type": "INTEGER (LONG)", "count": 1, "max_value": 370, "min_value": 370, "mean": 370.0, "stddev": 0.0}]}, {"column_name": "COMPARABLE_RENTAL_1__Building_Classification", "number_non_empty_cells": 1, "number_empty_cells": 6894, "number_distinct_values": 2, "frequent_values": [1973, null], "dataTypes": [{"type": "INTEGER (LONG)", "count": 1, "max_value": 1973, "min_value": 1973, "mean": 1973.0, "stddev": 0.0}]}, {"column_name": "COMPARABLE_RENTAL_1__Total_Units", "number_non_empty_cells": 1, "number_empty_cells": 6894, "number_distinct_values": 2, "frequent_values": [385786, null], "dataTypes": [{"type": "INTEGER (LONG)", "count": 1, "max_value": 385786, "min_value": 385786, "mean": 385786.0, "stddev": 0.0}]}, {"column_name": "COMPARABLE_RENTAL_1__Year_Built", "number_non_empty_cells": 1, "number_empty_cells": 6894, "number_distinct_values": 2, "frequent_values": [7106178, null], "dataTypes": [{"type": "INTEGER (LONG)", "count": 1, "max_value": 7106178, "min_value": 7106178, "mean": 7106178.0, "stddev": 0.0}]}, {"column_name": "COMPARABLE_RENTAL_1__Gross_SqFt", "number_non_empty_cells": 1, "number_empty_cells": 6894, "number_distinct_values": 2, "frequent_values": [18.42, null], "dataTypes": [{"type": "REAL", "count": 1, "max_value": 18.42, "min_value": 18.42, "mean": 18.42, "stddev": 0.0}]}, {"column_name": "COMPARABLE_RENTAL_1__Est_Gross_Income", "number_non_empty_cells": 1, "number_empty_cells": 6894, "number_distinct_values": 2, "frequent_values": [20100000, null], "dataTypes": [{"type": "INTEGER (LONG)", "count": 1, "max_value": 20100000, "min_value": 20100000, "mean": 20100000.0, "stddev": 0.0}]}, {"column_name": "COMPARABLE_RENTAL_1__Gross_Income_per_SqFt", "number_non_empty_cells": 1, "number_empty_cells": 6894, "number_distinct_values": 2, "frequent_values": [52, null], "dataTypes": [{"type": "INTEGER (LONG)", "count": 1, "max_value": 52, "min_value": 52, "mean": 52.0, "stddev": 0.0}]}, {"column_name": "COMPARABLE_RENTAL_1_Full_Market_Value", "number_non_empty_cells": 1, "number_empty_cells": 6894, "number_distinct_values": 2, "frequent_values": [0.7, null], "dataTypes": [{"type": "REAL", "count": 1, "max_value": 0.7, "min_value": 0.7, "mean": 0.7, "stddev": 0.0}]}, {"column_name": "COMPARABLE_RENTAL_1__Market_Value_per_SqFt", "number_non_empty_cells": 0, "number_empty_cells": 6895, "number_distinct_values": 1, "frequent_values": [null], "dataTypes": []}, {"column_name": "COMPARABLE_RENTAL_1__Dist_from_Coop_in_miles", "number_non_empty_cells": 0, "number_empty_cells": 6895, "number_distinct_values": 1, "frequent_values": [null], "dataTypes": []}, {"column_name": "COMPARABLE_RENTAL_2__Boro-Block-Lot", "number_non_empty_cells": 0, "number_empty_cells": 6895, "number_distinct_values": 1, "frequent_values": [null], "dataTypes": []}, {"column_name": "COMPARABLE_RENTAL_2__Address", "number_non_empty_cells": 0, "number_empty_cells": 6895, "number_distinct_values": 1, "frequent_values": [null], "dataTypes": []}, {"column_name": "COMPARABLE_RENTAL_2__Neighborhood", "number_non_empty_cells": 0, "number_empty_cells": 6895, "number_distinct_values": 1, "frequent_values": [null], "dataTypes": []}, {"column_name": "COMPARABLE_RENTAL_2__Building_Classification", "number_non_empty_cells": 0, "number_empty_cells": 6895, "number_distinct_values": 1, "frequent_values": [null], "dataTypes": []}, {"column_name": "COMPARABLE_RENTAL_2__Total_Units", "number_non_empty_cells": 0, "number_empty_cells": 6895, "number_distinct_values": 1, "frequent_values": [null], "dataTypes": []}, {"column_name": "COMPARABLE_RENTAL_2__Year_Built", "number_non_empty_cells": 0, "number_empty_cells": 6895, "number_distinct_values": 1, "frequent_values": [null], "dataTypes": []}, {"column_name": "COMPARABLE_RENTAL_2__Gross_SqFt", "number_non_empty_cells": 0, "number_empty_cells": 6895, "number_distinct_values": 1, "frequent_values": [null], "dataTypes": []}, {"column_name": "COMPARABLE_RENTAL_2__Est_Gross_Income", "number_non_empty_cells": 0, "number_empty_cells": 6895, "number_distinct_values": 1, "frequent_values": [null], "dataTypes": []}, {"column_name": "COMPARABLE_RENTAL_2__Gross_Income_per_SqFt", "number_non_empty_cells": 0, "number_empty_cells": 6895, "number_distinct_values": 1, "frequent_values": [null], "dataTypes": []}, {"column_name": "COMPARABLE_RENTAL_2__Full_Market_Value", "number_non_empty_cells": 0, "number_empty_cells": 6895, "number_distinct_values": 1, "frequent_values": [null], "dataTypes": []}, {"column_name": "COMPARABLE_RENTAL_2__Market_Value_per_SqFt", "number_non_empty_cells": 0, "number_empty_cells": 6895, "number_distinct_values": 1, "frequent_values": [null], "dataTypes": []}, {"column_name": "COMPARABLE_RENTAL_2__Dist_from_Coop_in_miles", "number_non_empty_cells": 0, "number_empty_cells": 6895, "number_distinct_values": 1, "frequent_values": [null], "dataTypes": []}]}