{"dataset_name": "/user/hm74/NYCOpenData/95ii-vcsx.tsv.gz", "columns": [{"column_name": "Grade Level", "number_non_empty_cells": 589, "number_empty_cells": 0, "number_distinct_values": 2, "frequent_values": ["MS Core", "HS Core"], "dataTypes": [{"type": "TEXT", "count": 589, "shortest_values": [["HS Core", 7], ["HS Core", 7], ["HS Core", 7], ["HS Core", 7], ["HS Core", 7]], "longest_values": [["HS Core", 7], ["HS Core", 7], ["HS Core", 7], ["HS Core", 7], ["HS Core", 7]], "average_length": 7.0}]}, {"column_name": "Program Type", "number_non_empty_cells": 589, "number_empty_cells": 0, "number_distinct_values": 2, "frequent_values": ["Gen Ed/ICT/Acc", "SC"], "dataTypes": [{"type": "TEXT", "count": 589, "shortest_values": [["SC", 2], ["SC", 2], ["SC", 2], ["SC", 2], ["SC", 2]], "longest_values": [["Gen Ed/ICT/Acc", 14], ["Gen Ed/ICT/Acc", 14], ["Gen Ed/ICT/Acc", 14], ["Gen Ed/ICT/Acc", 14], ["Gen Ed/ICT/Acc", 14]], "average_length": 12.044142614601016}]}, {"column_name": "Department", "number_non_empty_cells": 589, "number_empty_cells": 0, "number_distinct_values": 4, "frequent_values": ["Math", "Science", "Social Studies", "English"], "dataTypes": [{"type": "TEXT", "count": 589, "shortest_values": [["Math", 4], ["Math", 4], ["Math", 4], ["Math", 4], ["Math", 4]], "longest_values": [["Social Studies", 14], ["Social Studies", 14], ["Social Studies", 14], ["Social Studies", 14], ["Social Studies", 14]], "average_length": 7.998302207130733}]}, {"column_name": "Class Size", "number_non_empty_cells": 589, "number_empty_cells": 0, "number_distinct_values": 33, "frequent_values": ["15", "27", "28", "29", "25"], "dataTypes": [{"type": "INTEGER (LONG)", "count": 530, "max_value": 34, "min_value": 6, "mean": 22.56226415094338, "stddev": 7.372366211255773}, {"type": "TEXT", "count": 59, "shortest_values": [["<15", 3], [">34", 3], ["<15", 3], [">34", 3], ["<15", 3]], "longest_values": [["<15", 3], [">34", 3], ["<15", 3], [">34", 3], ["<15", 3]], "average_length": 3.0}]}, {"column_name": "Number of Students", "number_non_empty_cells": 589, "number_empty_cells": 0, "number_distinct_values": 509, "frequent_values": [135, 105, 224, 36, 16], "dataTypes": [{"type": "INTEGER (LONG)", "count": 589, "max_value": 47872, "min_value": 9, "mean": 3697.6740237690983, "stddev": 5671.24036663201}]}, {"column_name": "Number of Classes", "number_non_empty_cells": 589, "number_empty_cells": 0, "number_distinct_values": 278, "frequent_values": [1, 3, 16, 2, 17], "dataTypes": [{"type": "INTEGER (LONG)", "count": 589, "max_value": 1424, "min_value": 1, "mean": 145.73174872665533, "stddev": 191.57546096327613}]}, {"column_name": "% of Students within Grade", "number_non_empty_cells": 589, "number_empty_cells": 0, "number_distinct_values": 161, "frequent_values": [0.4, 1.8, 0.8, 1.3, 1.6], "dataTypes": [{"type": "REAL", "count": 589, "max_value": 25.4, "min_value": 0.1, "mean": 5.431918505942273, "stddev": 5.041252561511322}]}]}