{"dataset_name": "/user/hm74/NYCOpenData/96ay-ea4r.tsv.gz", "columns": [{"column_name": "ID", "number_non_empty_cells": 8771, "number_empty_cells": 0, "number_distinct_values": 120, "frequent_values": [3, 12, 60, 7, 14], "dataTypes": [{"type": "INTEGER (LONG)", "count": 8771, "max_value": 120, "min_value": 1, "mean": 54.372705506783745, "stddev": 34.66200896580224}]}, {"column_name": "SegmentID", "number_non_empty_cells": 8771, "number_empty_cells": 0, "number_distinct_values": 527, "frequent_values": [2933, 19566, 10335, 22921, 19874], "dataTypes": [{"type": "INTEGER (LONG)", "count": 8771, "max_value": 9014216, "min_value": 2367, "mean": 443976.3056664003, "stddev": 1747192.9757188596}]}, {"column_name": "Roadway_Name", "number_non_empty_cells": 8743, "number_empty_cells": 28, "number_distinct_values": 315, "frequent_values": ["Metropolitan Avenue", "FDR Drive", "Jamaica Avenue", "EAST 167 STREET", "Ocean Parkway"], "dataTypes": [{"type": "TEXT", "count": 8771, "shortest_values": [["BQE", 3], ["BQE", 3], ["BQE", 3], ["BQE", 3], ["BQE", 3]], "longest_values": [["Bruckner Expressway/Boulevard Service Road", 42], ["Bruckner Expressway/Boulevard Service Road", 42], ["Bruckner Expressway/Boulevard Service Road", 42], ["Bruckner Expressway/Boulevard Service Road", 42], ["Bruckner Expressway/Boulevard Service Road", 42]], "average_length": 14.598221411469602}]}, {"column_name": "From", "number_non_empty_cells": 8729, "number_empty_cells": 42, "number_distinct_values": 393, "frequent_values": ["72 STREET", "CLOVE ROAD", "47 Street", "176 STREET", "73 Street"], "dataTypes": [{"type": "TEXT", "count": 8771, "shortest_values": [["FDR", 3], ["FDR", 3], ["FDR", 3], ["FDR", 3], ["FDR", 3]], "longest_values": [["Roosevelt Island Shoreline", 26], ["Roosevelt Island Shoreline", 26], ["Roosevelt Island Shoreline", 26], ["Roosevelt Island Shoreline", 26], ["Roosevelt Island Shoreline", 26]], "average_length": 12.223463687150844}]}, {"column_name": "To", "number_non_empty_cells": 8708, "number_empty_cells": 63, "number_distinct_values": 393, "frequent_values": ["73 STREET", "72 Street", "48 Street", "West 12 Street", "RECTOR STREET"], "dataTypes": [{"type": "TEXT", "count": 8771, "shortest_values": [["FDR", 3], ["FDR", 3], ["FDR", 3], ["FDR", 3], ["FDR", 3]], "longest_values": [["NEW ENGLAND THRUWAY ENTRANCE", 28], ["NEW ENGLAND THRUWAY ENTRANCE", 28], ["NEW ENGLAND THRUWAY ENTRANCE", 28], ["NEW ENGLAND THRUWAY ENTRANCE", 28], ["NEW ENGLAND THRUWAY ENTRANCE", 28]], "average_length": 12.609736632083006}]}, {"column_name": "Direction", "number_non_empty_cells": 8771, "number_empty_cells": 0, "number_distinct_values": 5, "frequent_values": ["NB", "SB", "EB", "WB", "EB&WB"], "dataTypes": [{"type": "TEXT", "count": 8771, "shortest_values": [["WB", 2], ["WB", 2], ["WB", 2], ["WB", 2], ["WB", 2]], "longest_values": [["EB&WB", 5], ["EB&WB", 5], ["EB&WB", 5], ["EB&WB", 5], ["EB&WB", 5]], "average_length": 2.004788507581796}]}, {"column_name": "Date", "number_non_empty_cells": 8771, "number_empty_cells": 0, "number_distinct_values": 137, "frequent_values": ["09/12/2017", "09/06/2017", "10/14/2015", "10/05/2016", "11/05/2015"], "dataTypes": [{"type": "DATE/TIME", "count": 8771, "max_value": "2018-03-29T00:00:00", "min_value": "2014-09-16T00:00:00"}]}, {"column_name": "Veh_Class_Type", "number_non_empty_cells": 8771, "number_empty_cells": 0, "number_distinct_values": 7, "frequent_values": ["School Bus", "Heavy Truck", "Auto", "Taxis", "Other Bus"], "dataTypes": [{"type": "TEXT", "count": 8771, "shortest_values": [["Auto", 4], ["Auto", 4], ["Auto", 4], ["Auto", 4], ["Auto", 4]], "longest_values": [["Medium Truck", 12], ["Medium Truck", 12], ["Medium Truck", 12], ["Medium Truck", 12], ["Medium Truck", 12]], "average_length": 8.714285714285689}]}, {"column_name": "12:00-1:00_AM", "number_non_empty_cells": 5495, "number_empty_cells": 3276, "number_distinct_values": 401, "frequent_values": [0, 1, 2, 3, 4], "dataTypes": [{"type": "INTEGER (LONG)", "count": 5495, "max_value": 3567, "min_value": 0, "mean": 39.613830755232165, "stddev": 153.09386734939187}]}, {"column_name": "1:00-2:00AM", "number_non_empty_cells": 5495, "number_empty_cells": 3276, "number_distinct_values": 318, "frequent_values": [0, 1, 2, 3, 4], "dataTypes": [{"type": "INTEGER (LONG)", "count": 5495, "max_value": 1637, "min_value": 0, "mean": 24.555777979981876, "stddev": 87.44209018724727}]}, {"column_name": "2:00-3:00AM", "number_non_empty_cells": 5495, "number_empty_cells": 3276, "number_distinct_values": 262, "frequent_values": [0, 1, 2, 3, 4], "dataTypes": [{"type": "INTEGER (LONG)", "count": 5495, "max_value": 1031, "min_value": 0, "mean": 17.44695177434035, "stddev": 59.91670026916587}]}, {"column_name": "3:00-4:00AM", "number_non_empty_cells": 5495, "number_empty_cells": 3276, "number_distinct_values": 259, "frequent_values": [0, 1, 2, 3, 4], "dataTypes": [{"type": "INTEGER (LONG)", "count": 5495, "max_value": 902, "min_value": 0, "mean": 16.287170154686095, "stddev": 56.0353730174755}]}, {"column_name": "4:00-5:00AM", "number_non_empty_cells": 5495, "number_empty_cells": 3276, "number_distinct_values": 303, "frequent_values": [0, 1, 2, 3, 4], "dataTypes": [{"type": "INTEGER (LONG)", "count": 5495, "max_value": 1965, "min_value": 0, "mean": 24.818562329390407, "stddev": 99.5414364103124}]}, {"column_name": "5:00-6:00AM", "number_non_empty_cells": 5495, "number_empty_cells": 3276, "number_distinct_values": 418, "frequent_values": [0, 1, 2, 3, 4], "dataTypes": [{"type": "INTEGER (LONG)", "count": 5495, "max_value": 5007, "min_value": 0, "mean": 52.90336669699716, "stddev": 242.2850402057481}]}, {"column_name": "6:00-7:00AM", "number_non_empty_cells": 5495, "number_empty_cells": 3276, "number_distinct_values": 557, "frequent_values": [0, 1, 2, 3, 4], "dataTypes": [{"type": "INTEGER (LONG)", "count": 5495, "max_value": 6794, "min_value": 0, "mean": 100.86114649681546, "stddev": 418.90844008525767}]}, {"column_name": "7:00-8:00AM", "number_non_empty_cells": 5495, "number_empty_cells": 3276, "number_distinct_values": 684, "frequent_values": [0, 1, 3, 2, 5], "dataTypes": [{"type": "INTEGER (LONG)", "count": 5495, "max_value": 6828, "min_value": 0, "mean": 133.03202911737984, "stddev": 488.11888950697005}]}, {"column_name": "8:00-9:00AM", "number_non_empty_cells": 5495, "number_empty_cells": 3276, "number_distinct_values": 683, "frequent_values": [0, 1, 2, 3, 4], "dataTypes": [{"type": "INTEGER (LONG)", "count": 5495, "max_value": 6600, "min_value": 0, "mean": 131.40764331210218, "stddev": 466.42124284187054}]}, {"column_name": "9:00-10:00AM", "number_non_empty_cells": 5446, "number_empty_cells": 3325, "number_distinct_values": 631, "frequent_values": [0, 1, 2, 3, 4], "dataTypes": [{"type": "INTEGER (LONG)", "count": 5446, "max_value": 6164, "min_value": 0, "mean": 113.57491737054679, "stddev": 401.4266028411021}]}, {"column_name": "10:00-11:00AM", "number_non_empty_cells": 5495, "number_empty_cells": 3276, "number_distinct_values": 606, "frequent_values": [0, 1, 3, 2, 4], "dataTypes": [{"type": "INTEGER (LONG)", "count": 5495, "max_value": 5254, "min_value": 0, "mean": 103.95832575068259, "stddev": 357.58836992174827}]}, {"column_name": "11:00-12:00PM", "number_non_empty_cells": 5495, "number_empty_cells": 3276, "number_distinct_values": 608, "frequent_values": [0, 1, 2, 3, 4], "dataTypes": [{"type": "INTEGER (LONG)", "count": 5495, "max_value": 5071, "min_value": 0, "mean": 101.98434940855337, "stddev": 347.439730413884}]}, {"column_name": "12:00-1:00PM", "number_non_empty_cells": 5481, "number_empty_cells": 3290, "number_distinct_values": 615, "frequent_values": [0, 1, 2, 3, 4], "dataTypes": [{"type": "INTEGER (LONG)", "count": 5481, "max_value": 4608, "min_value": 0, "mean": 103.88688195584709, "stddev": 355.5652201409928}]}, {"column_name": "1:00-2:00PM", "number_non_empty_cells": 5495, "number_empty_cells": 3276, "number_distinct_values": 624, "frequent_values": [0, 1, 2, 3, 4], "dataTypes": [{"type": "INTEGER (LONG)", "count": 5495, "max_value": 5102, "min_value": 0, "mean": 108.17324840764294, "stddev": 372.31640810819914}]}, {"column_name": "2:00-3:00PM", "number_non_empty_cells": 5495, "number_empty_cells": 3276, "number_distinct_values": 647, "frequent_values": [0, 1, 2, 3, 5], "dataTypes": [{"type": "INTEGER (LONG)", "count": 5495, "max_value": 6481, "min_value": 0, "mean": 121.0515013648773, "stddev": 430.3787253235481}]}, {"column_name": "3:00-4:00PM", "number_non_empty_cells": 5495, "number_empty_cells": 3276, "number_distinct_values": 690, "frequent_values": [0, 1, 2, 3, 4], "dataTypes": [{"type": "INTEGER (LONG)", "count": 5495, "max_value": 6875, "min_value": 0, "mean": 130.47970882620524, "stddev": 463.8555761647496}]}, {"column_name": "4:00-5:00PM", "number_non_empty_cells": 5495, "number_empty_cells": 3276, "number_distinct_values": 708, "frequent_values": [0, 1, 2, 3, 4], "dataTypes": [{"type": "INTEGER (LONG)", "count": 5495, "max_value": 6717, "min_value": 0, "mean": 134.5555959963602, "stddev": 475.7182102967075}]}, {"column_name": "5:00-6:00PM", "number_non_empty_cells": 5495, "number_empty_cells": 3276, "number_distinct_values": 706, "frequent_values": [0, 1, 2, 3, 5], "dataTypes": [{"type": "INTEGER (LONG)", "count": 5495, "max_value": 8293, "min_value": 0, "mean": 134.8722474977253, "stddev": 486.9101955672731}]}, {"column_name": "6:00-7:00PM", "number_non_empty_cells": 5495, "number_empty_cells": 3276, "number_distinct_values": 694, "frequent_values": [0, 1, 2, 3, 4], "dataTypes": [{"type": "INTEGER (LONG)", "count": 5495, "max_value": 7798, "min_value": 0, "mean": 128.81601455868986, "stddev": 474.2212041851007}]}, {"column_name": "7:00-8:00PM", "number_non_empty_cells": 5495, "number_empty_cells": 3276, "number_distinct_values": 656, "frequent_values": [0, 1, 2, 3, 5], "dataTypes": [{"type": "INTEGER (LONG)", "count": 5495, "max_value": 6720, "min_value": 0, "mean": 114.86878980891754, "stddev": 436.04815880430584}]}, {"column_name": "8:00-9:00PM", "number_non_empty_cells": 5467, "number_empty_cells": 3304, "number_distinct_values": 604, "frequent_values": [0, 1, 2, 3, 4], "dataTypes": [{"type": "INTEGER (LONG)", "count": 5467, "max_value": 7249, "min_value": 0, "mean": 98.78489116517301, "stddev": 388.6886893225035}]}, {"column_name": "9:00-10:00PM", "number_non_empty_cells": 5495, "number_empty_cells": 3276, "number_distinct_values": 554, "frequent_values": [0, 1, 2, 3, 4], "dataTypes": [{"type": "INTEGER (LONG)", "count": 5495, "max_value": 5362, "min_value": 0, "mean": 84.91519563239304, "stddev": 334.8953614045639}]}, {"column_name": "10:00-11:00PM", "number_non_empty_cells": 5495, "number_empty_cells": 3276, "number_distinct_values": 517, "frequent_values": [0, 1, 2, 3, 4], "dataTypes": [{"type": "INTEGER (LONG)", "count": 5495, "max_value": 4888, "min_value": 0, "mean": 72.82638762511378, "stddev": 293.5487299357881}]}, {"column_name": "11:00-12:00AM", "number_non_empty_cells": 5495, "number_empty_cells": 3276, "number_distinct_values": 474, "frequent_values": [0, 1, 2, 3, 4], "dataTypes": [{"type": "INTEGER (LONG)", "count": 5495, "max_value": 4891, "min_value": 0, "mean": 58.12484076433111, "stddev": 229.07264180737636}]}]}