{"dataset_name": "/user/hm74/NYCOpenData/97pn-acdf.tsv.gz", "columns": [{"column_name": "Borough", "number_non_empty_cells": 114, "number_empty_cells": 0, "number_distinct_values": 6, "frequent_values": ["Queens", "Brooklyn", "Staten Island", "NYC Total", "Manhattan"], "dataTypes": [{"type": "TEXT", "count": 114, "shortest_values": [["Bronx", 5], ["Bronx", 5], ["Bronx", 5], ["Bronx", 5], ["Bronx", 5]], "longest_values": [["Staten Island", 13], ["Staten Island", 13], ["Staten Island", 13], ["Staten Island", 13], ["Staten Island", 13]], "average_length": 8.333333333333336}]}, {"column_name": "Age", "number_non_empty_cells": 114, "number_empty_cells": 0, "number_distinct_values": 19, "frequent_values": ["Total", "5-9", "20-24", "65-69", "80-84"], "dataTypes": [{"type": "DATE/TIME", "count": 12, "max_value": "2019-10-14T00:00:00", "min_value": "2019-05-09T00:00:00"}, {"type": "TEXT", "count": 102, "shortest_values": [["0-4", 3], ["85+", 3], ["0-4", 3], ["85+", 3], ["0-4", 3]], "longest_values": [["15-19", 5], ["20-24", 5], ["25-29", 5], ["30-34", 5], ["35-39", 5]], "average_length": 4.764705882352943}]}, {"column_name": "2010", "number_non_empty_cells": 114, "number_empty_cells": 0, "number_distinct_values": 114, "frequent_values": [179677, 2552911, 592299, 299533, 133575], "dataTypes": [{"type": "INTEGER (LONG)", "count": 114, "max_value": 8242624, "min_value": 7855, "mean": 289214.87719298236, "stddev": 837890.9420331263}]}, {"column_name": "2015", "number_non_empty_cells": 114, "number_empty_cells": 0, "number_distinct_values": 114, "frequent_values": [44437, 115853, 29595, 87219, 73878], "dataTypes": [{"type": "INTEGER (LONG)", "count": 114, "max_value": 8397114, "min_value": 7981, "mean": 294635.5789473682, "stddev": 853488.5418393242}]}, {"column_name": "2020", "number_non_empty_cells": 114, "number_empty_cells": 0, "number_distinct_values": 114, "frequent_values": [76334, 47159, 33431, 21232, 25968], "dataTypes": [{"type": "INTEGER (LONG)", "count": 114, "max_value": 8550972, "min_value": 8259, "mean": 300034.10526315786, "stddev": 868801.1816374954}]}, {"column_name": "2025", "number_non_empty_cells": 114, "number_empty_cells": 0, "number_distinct_values": 114, "frequent_values": [31367, 36192, 138164, 66138, 171652], "dataTypes": [{"type": "INTEGER (LONG)", "count": 114, "max_value": 8699966, "min_value": 8888, "mean": 305261.9649122807, "stddev": 883487.2103728409}]}, {"column_name": "2030", "number_non_empty_cells": 114, "number_empty_cells": 0, "number_distinct_values": 113, "frequent_values": [30541, 66322, 103251, 30397, 447688], "dataTypes": [{"type": "INTEGER (LONG)", "count": 114, "max_value": 8821027, "min_value": 10212, "mean": 309509.7192982456, "stddev": 895441.6685535843}]}, {"column_name": "2035", "number_non_empty_cells": 114, "number_empty_cells": 0, "number_distinct_values": 114, "frequent_values": [26583, 221800, 111331, 477052, 116901], "dataTypes": [{"type": "INTEGER (LONG)", "count": 114, "max_value": 8931003, "min_value": 12639, "mean": 313368.5263157896, "stddev": 906513.1518239896}]}, {"column_name": "2040", "number_non_empty_cells": 114, "number_empty_cells": 0, "number_distinct_values": 114, "frequent_values": [32891, 94910, 26070, 63630, 2840525], "dataTypes": [{"type": "INTEGER (LONG)", "count": 114, "max_value": 9025145, "min_value": 14321, "mean": 316671.7543859649, "stddev": 916186.628987598}]}]}