{"dataset_name": "/user/hm74/NYCOpenData/97zg-4p9t.tsv.gz", "columns": [{"column_name": "FY", "number_non_empty_cells": 817, "number_empty_cells": 0, "number_distinct_values": 31, "frequent_values": [1993, 1998, 1992, 1994, 1996], "dataTypes": [{"type": "INTEGER (LONG)", "count": 817, "max_value": 2014, "min_value": 1980, "mean": 1998.3414932680555, "stddev": 6.808782162678313}]}, {"column_name": "APPLICANT_TYPE", "number_non_empty_cells": 817, "number_empty_cells": 0, "number_distinct_values": 5, "frequent_values": ["HO", "NFP", "ho", "HO ", " "], "dataTypes": [{"type": "TEXT", "count": 817, "shortest_values": [[" ", 1], ["HO", 2], ["HO", 2], ["HO", 2], ["HO", 2]], "longest_values": [["NFP", 3], ["NFP", 3], ["NFP", 3], ["NFP", 3], ["NFP", 3]], "average_length": 2.2545899632802944}]}, {"column_name": "RECEIVED", "number_non_empty_cells": 817, "number_empty_cells": 0, "number_distinct_values": 663, "frequent_values": ["05/24/2013", "08/24/1992", "11/15/1995", "10/10/1993", "05/19/2010"], "dataTypes": [{"type": "DATE/TIME", "count": 817, "max_value": "2014-05-22T00:00:00", "min_value": "1980-01-15T00:00:00"}]}, {"column_name": "STREET_ADDRESS", "number_non_empty_cells": 817, "number_empty_cells": 0, "number_distinct_values": 699, "frequent_values": ["29 East 4th Street", "16 Sylvan Terrace", "57 Rutland Road", "74 West 120th Street", "12 Sylvan Terrace"], "dataTypes": [{"type": "INTEGER (LONG)", "count": 1, "max_value": 28, "min_value": 28, "mean": 28.0, "stddev": 0.0}, {"type": "TEXT", "count": 816, "shortest_values": [["306 Bowery", 10], ["Poe Cottage", 11], ["135 Broadway", 12], ["Central Park", 12], ["4881 Broadway", 13]], "longest_values": [["\"1000 Richmond Terrace, Building \"\"C\"\"\"", 39], ["208 Totten Avenue, Box 6, Fort Totten", 37], ["6000 Broadway / B'way@242nd Street", 34], ["Victory Blvd./Murray Hulbert Ave.", 33], ["King Park- 150 St & Jamaica Ave", 31]], "average_length": 18.854166666666668}]}, {"column_name": "BOR", "number_non_empty_cells": 811, "number_empty_cells": 6, "number_distinct_values": 11, "frequent_values": ["Brooklyn", "Manhattan", "Bronx", "Staten Island", "Queens"], "dataTypes": [{"type": "TEXT", "count": 812, "shortest_values": [["NA", 2], ["Bronx", 5], ["Bronx", 5], ["Bronx", 5], ["Bronx", 5]], "longest_values": [["Staten Island", 13], ["Staten Island", 13], ["Staten Island", 13], ["Staten Island", 13], ["Staten Island", 13]], "average_length": 8.023399014778319}]}, {"column_name": "Postcode", "number_non_empty_cells": 773, "number_empty_cells": 44, "number_distinct_values": 84, "frequent_values": [11225, 11205, 11238, 11233, 10027], "dataTypes": [{"type": "INTEGER (LONG)", "count": 773, "max_value": 11434, "min_value": 10000, "mean": 10797.965071151373, "stddev": 529.8869317954621}]}, {"column_name": "BLOCK", "number_non_empty_cells": 809, "number_empty_cells": 8, "number_distinct_values": 302, "frequent_values": [2109, 2099, 2651, 1720, 5035], "dataTypes": [{"type": "INTEGER (LONG)", "count": 809, "max_value": 100099, "min_value": 3, "mean": 2443.113720642774, "stddev": 3800.5199292244556}]}, {"column_name": "LOT", "number_non_empty_cells": 807, "number_empty_cells": 10, "number_distinct_values": 128, "frequent_values": [1, 23, 44, 65, 63], "dataTypes": [{"type": "INTEGER (LONG)", "count": 807, "max_value": 7503, "min_value": 1, "mean": 91.80049566294915, "stddev": 586.3076097356704}]}, {"column_name": "STAFF_ACTION", "number_non_empty_cells": 815, "number_empty_cells": 2, "number_distinct_values": 15, "frequent_values": ["Present to Board", "Staff Withdrawal", "Board Approval ", "Denied at staff level ", "Board Denied"], "dataTypes": [{"type": "TEXT", "count": 815, "shortest_values": [["Superseded", 10], ["Board Denied", 12], ["Board Denied", 12], ["Board Denied", 12], ["Board Denied", 12]], "longest_values": [["Staff Review Pending Open ", 26], ["Denied at staff level ", 22], ["Denied at staff level ", 22], ["Denied at staff level ", 22], ["Denied at staff level ", 22]], "average_length": 16.095705521472404}]}, {"column_name": "BOARD_ACTION", "number_non_empty_cells": 445, "number_empty_cells": 372, "number_distinct_values": 8, "frequent_values": ["Board Approved", "Board Denied", "Board No Action", "Board Approved ", "Other; see file"], "dataTypes": [{"type": "TEXT", "count": 445, "shortest_values": [["Other", 5], ["Other", 5], ["Board Denied", 12], ["Board Denied", 12], ["Board Denied", 12]], "longest_values": [["Other: Calendared Building", 26], ["Other: Calendared Building", 26], ["Other; see file", 15], ["Other; see file", 15], ["Board No Action", 15]], "average_length": 13.678651685393271}]}, {"column_name": "AMOUNT", "number_non_empty_cells": 802, "number_empty_cells": 15, "number_distinct_values": 103, "frequent_values": [0.0, 15000.0, 20000.0, 10000.0, 25000.0], "dataTypes": [{"type": "REAL", "count": 802, "max_value": 50000.0, "min_value": 0.0, "mean": 6336.697007481294, "stddev": 9385.003437554444}]}, {"column_name": "HIST_DISTRICT", "number_non_empty_cells": 749, "number_empty_cells": 68, "number_distinct_values": 70, "frequent_values": ["IL", "PLG", "FG", "SH", "CLIN"], "dataTypes": [{"type": "TEXT", "count": 752, "shortest_values": [["C", 1], ["-", 1], ["LW", 2], ["HH", 2], ["SH", 2]], "longest_values": [["Calendared", 10], ["prop'd", 6], ["prop'd", 6], ["St. G", 5], ["CLIN", 4]], "average_length": 2.4906914893617045}]}, {"column_name": "Latitude", "number_non_empty_cells": 773, "number_empty_cells": 44, "number_distinct_values": 643, "frequent_values": [40.727579, 40.645232, 40.658905, 40.834726, 40.817582], "dataTypes": [{"type": "REAL", "count": 773, "max_value": 40.900127, "min_value": 40.571061, "mean": 40.72546282535574, "stddev": 0.06960614259952334}]}, {"column_name": "Longitude", "number_non_empty_cells": 773, "number_empty_cells": 44, "number_distinct_values": 648, "frequent_values": [-73.958649, -73.992528, -73.939441, -74.104674, -73.934056], "dataTypes": [{"type": "REAL", "count": 773, "max_value": -73.719431, "min_value": -74.154908, "mean": -73.95397047736087, "stddev": 0.047468623693706226}]}, {"column_name": "Community_Board", "number_non_empty_cells": 773, "number_empty_cells": 44, "number_distinct_values": 21, "frequent_values": [2, 9, 3, 10, 1], "dataTypes": [{"type": "INTEGER (LONG)", "count": 773, "max_value": 64, "min_value": 1, "mean": 5.567917205692113, "stddev": 4.87856206768501}]}, {"column_name": "Community_Council_", "number_non_empty_cells": 773, "number_empty_cells": 44, "number_distinct_values": 38, "frequent_values": [35, 40, 36, 9, 8], "dataTypes": [{"type": "INTEGER (LONG)", "count": 773, "max_value": 51, "min_value": 1, "mean": 26.548512289780078, "stddev": 14.350420919994857}]}, {"column_name": "Census_Tract", "number_non_empty_cells": 773, "number_empty_cells": 44, "number_distinct_values": 155, "frequent_values": [800, 200, 181, 297, 79801], "dataTypes": [{"type": "INTEGER (LONG)", "count": 773, "max_value": 117202, "min_value": 1, "mean": 4932.184993531697, "stddev": 16606.03960628851}]}, {"column_name": "BIN", "number_non_empty_cells": 761, "number_empty_cells": 56, "number_distinct_values": 641, "frequent_values": [1008785, 5000000, 1062560, 3115116, 1053285], "dataTypes": [{"type": "INTEGER (LONG)", "count": 761, "max_value": 5164667, "min_value": 1000000, "mean": 2560690.085413929, "stddev": 1043775.7261584911}]}, {"column_name": "BBL", "number_non_empty_cells": 761, "number_empty_cells": 56, "number_distinct_values": 638, "frequent_values": [3050340081, 5000760200, 1021090065, 1005440071, 1020500064], "dataTypes": [{"type": "INTEGER (LONG)", "count": 761, "max_value": 5044440001, "min_value": 1000030001, "mean": 2520990649.625495, "stddev": 1029197134.3962067}]}, {"column_name": "NTA", "number_non_empty_cells": 773, "number_empty_cells": 44, "number_distinct_values": 77, "frequent_values": ["Prospect Lefferts Gardens-Wingate                                          ", "Clinton Hill                                                               ", "Fort Greene                                                                ", "Crown Heights North                                                        ", "Central Harlem South                                                       "], "dataTypes": [{"type": "TEXT", "count": 773, "shortest_values": [["Central Harlem South                                                       ", 75], ["Longwood                                                                   ", 75], ["Hamilton Heights                                                           ", 75], ["Bedford                                                                    ", 75], ["Bedford                                                                    ", 75]], "longest_values": [["Central Harlem South                                                       ", 75], ["Longwood                                                                   ", 75], ["Hamilton Heights                                                           ", 75], ["Bedford                                                                    ", 75], ["Bedford                                                                    ", 75]], "average_length": 75.0}]}]}