{"dataset_name": "/user/hm74/NYCOpenData/985h-mtct.tsv.gz", "columns": [{"column_name": "Date", "number_non_empty_cells": 26, "number_empty_cells": 0, "number_distinct_values": 26, "frequent_values": ["06/30/2017", "07/31/2017", "07/31/2018", "10/31/2018", "04/30/2019"], "dataTypes": [{"type": "DATE/TIME", "count": 26, "max_value": "2019-06-30T00:00:00", "min_value": "2017-05-31T00:00:00"}]}, {"column_name": "PATH Monthly Eligibility Rate", "number_non_empty_cells": 26, "number_empty_cells": 0, "number_distinct_values": 23, "frequent_values": ["38.9%", "0.408", "0.411", "0.422", "39.90%"], "dataTypes": [{"type": "REAL", "count": 21, "max_value": 0.425, "min_value": 0.378, "mean": 0.4057619047619047, "stddev": 0.01225096599458398}, {"type": "TEXT", "count": 5, "shortest_values": [["38.9%", 5], ["38.9%", 5], ["39.10%", 6], ["41.30%", 6], ["39.90%", 6]], "longest_values": [["39.10%", 6], ["41.30%", 6], ["39.90%", 6], ["38.9%", 5], ["38.9%", 5]], "average_length": 5.6}]}, {"column_name": "AFIC Monthly Eligibility Rate", "number_non_empty_cells": 26, "number_empty_cells": 0, "number_distinct_values": 23, "frequent_values": [0.307, 0.315, 0.344, 0.257, 0.329], "dataTypes": [{"type": "REAL", "count": 26, "max_value": 0.393, "min_value": 0.257, "mean": 0.31646153846153846, "stddev": 0.026119887455922534}]}]}