{"dataset_name": "/user/hm74/NYCOpenData/99br-frp6.tsv.gz", "columns": [{"column_name": "PROGRAM_TYPE", "number_non_empty_cells": 428, "number_empty_cells": 0, "number_distinct_values": 162, "frequent_values": ["Jobs & Internships", "Jobs & Internships, Youth Employment", "(40.745702449808, -73.938669029252)\"", "(40.701224891615, -73.88334858437)\"", "(40.603879525424, -73.752178931552)\""], "dataTypes": [{"type": "TEXT", "count": 428, "shortest_values": [["flr 10013", 9], ["flr 11354", 9], ["flr 10452", 9], ["flr 11102", 9], ["Rm C 11101", 10]], "longest_values": [["Jobs & Internships, Youth Employment", 36], ["(40.841345048101, -73.880303879158)\"", 36], ["Jobs & Internships, Youth Employment", 36], ["(40.652089908533, -74.006885108331)\"", 36], ["(40.670458657699, -73.961628275734)\"", 36]], "average_length": 29.30373831775701}]}, {"column_name": "PROGRAM", "number_non_empty_cells": 405, "number_empty_cells": 23, "number_distinct_values": 164, "frequent_values": ["Summer Youth Employment ", "In-School Youth Employment (ISY)", "Youth Employment", "Out-of-School Youth Employment (OSY)", "Adult Employment"], "dataTypes": [{"type": "REAL", "count": 197, "max_value": 40.903039, "min_value": 40.573177, "mean": 40.733065380710656, "stddev": 0.08040680328776002}, {"type": "TEXT", "count": 208, "shortest_values": [["Adult Employment", 16], ["Adult Employment", 16], ["Youth Employment", 16], ["Youth Employment", 16], ["Youth Employment", 16]], "longest_values": [["Out-of-School Youth Employment (OSY)", 36], ["Out-of-School Youth Employment (OSY)", 36], ["Out-of-School Youth Employment (OSY)", 36], ["Out-of-School Youth Employment (OSY)", 36], ["Out-of-School Youth Employment (OSY)", 36]], "average_length": 25.038461538461544}]}, {"column_name": "SITE_NAME", "number_non_empty_cells": 403, "number_empty_cells": 25, "number_distinct_values": 348, "frequent_values": ["-73.752262", "Rockaway Development & Revitalization Corporation", "-73.879786", "Jacob A. Riis Neighborhood Settlement, Inc.", "East NY Development Corporation"], "dataTypes": [{"type": "REAL", "count": 197, "max_value": -73.751391, "min_value": -74.117509, "mean": -73.9261943502538, "stddev": 0.06602106307533862}, {"type": "TEXT", "count": 208, "shortest_values": [["CIS 117", 7], ["P.S. 138", 8], ["The Annex", 9], ["NDA Center", 10], ["PS 35/1232", 10]], "longest_values": [["Vannguard Urban Improvement Association, Inc. - Vulnerable Youth", 64], ["International Sheet Metal Workers Local Union 28 (intake site)", 62], ["Italian American Civil Rights League (Italian American Civil)", 61], ["Italian American Civil Rights League (Italian American Civil", 60], ["Community Association of Progressive Dominicans - Manhattan", 59]], "average_length": 35.50961538461537}]}, {"column_name": "Address", "number_non_empty_cells": 405, "number_empty_cells": 23, "number_distinct_values": 200, "frequent_values": ["1", "5", "7", "12", "3"], "dataTypes": [{"type": "INTEGER (LONG)", "count": 197, "max_value": 18, "min_value": 1, "mean": 6.862944162436545, "stddev": 4.579417366120479}, {"type": "TEXT", "count": 208, "shortest_values": [["221 Broadway", 12], ["57 Willoughby", 13], ["221 Broadway ", 13], ["2875 Broadway", 13], ["309 47 Street", 13]], "longest_values": [["202 Union Avenue , 2nd flr, ste L&M", 35], ["4117 West 181st Street, 5th Floor", 33], ["977 Fox Street, Bronx, NY 10459", 31], ["613-619 Throop Avenue , 3rd Fl.", 31], ["116-25 Guy R. Brewer Boulevard", 30]], "average_length": 19.870192307692314}]}, {"column_name": "BOROUGH_/_COMMUNITY", "number_non_empty_cells": 405, "number_empty_cells": 23, "number_distinct_values": 48, "frequent_values": ["Brooklyn", "Bronx", "Queens", "New York", "Manhattan"], "dataTypes": [{"type": "INTEGER (LONG)", "count": 197, "max_value": 50, "min_value": 1, "mean": 25.08629441624365, "stddev": 13.859983847699704}, {"type": "TEXT", "count": 208, "shortest_values": [["Bronx", 5], ["Bronx", 5], ["Bronx", 5], ["Bronx", 5], ["Bronx", 5]], "longest_values": [["Long Island  City", 17], ["Staten Island", 13], ["Staten Island", 13], ["Staten Island", 13], ["Staten Island", 13]], "average_length": 7.211538461538458}]}, {"column_name": "Postcode", "number_non_empty_cells": 404, "number_empty_cells": 24, "number_distinct_values": 210, "frequent_values": [11101, 10027, 11203, 11232, 11691], "dataTypes": [{"type": "INTEGER (LONG)", "count": 404, "max_value": 105804, "min_value": 1, "mean": 10116.68316831683, "stddev": 17436.56449688622}]}, {"column_name": "AGENCY", "number_non_empty_cells": 402, "number_empty_cells": 26, "number_distinct_values": 293, "frequent_values": ["Police Athletic League, Inc.", "SCO Family of Services", "Community Impact/Columbia University", "Sesame Flyers International, Inc.", "Research Foundation of CUNY on behalf of Medgar Evers College"], "dataTypes": [{"type": "INTEGER (LONG)", "count": 196, "max_value": 5113169, "min_value": 1003737, "mean": 2789447.714285715, "stddev": 1174814.9037812732}, {"type": "TEXT", "count": 208, "shortest_values": [["Mercy Center", 12], ["Turning Point", 13], ["YWCA of Queens", 14], ["New Spirit II, Inc.", 19], ["St. Stephen Outreach", 20]], "longest_values": [["Vannguard Urban Improvement Association, Inc. - Vulnerable Youth", 64], ["Research Foundation of CUNY on behalf of Medgar Evers College", 61], ["Research Foundation of CUNY on behalf of Medgar Evers College", 61], ["Italian American Civil Rights League (Italian American Civil)", 61], ["Research Foundation of CUNY on behalf of Medgar Evers College", 61]], "average_length": 37.75480769230768}]}, {"column_name": "Contact_Number", "number_non_empty_cells": 404, "number_empty_cells": 24, "number_distinct_values": 321, "frequent_values": ["212.477.6504", "718.270.6908", "212.477.9450", "718.693.0500", "4155590012"], "dataTypes": [{"type": "INTEGER (LONG)", "count": 196, "max_value": 5006830001, "min_value": 1001220001, "mean": 2680565024.561227, "stddev": 1114899956.8683105}, {"type": "TEXT", "count": 208, "shortest_values": [["718.589.1510", 12], ["718-542-0109", 12], ["718 585.2600", 12], ["516.671.1253", 12], ["212.941.0920", 12]], "longest_values": [["718-893-8600 x258/261", 21], ["212.478.5400 ext. 210", 21], ["718.784.6173 ext. 429", 21], ["212.691.7554 ext. 704", 21], ["718.726.9790 ext.127", 20]], "average_length": 12.615384615384615}]}, {"column_name": "Grade_Level_/_Age_Group_", "number_non_empty_cells": 322, "number_empty_cells": 106, "number_distinct_values": 92, "frequent_values": ["14 to 24", "16 to 21", "HS", "MS/HS", "Sunset Park West                                                           "], "dataTypes": [{"type": "TEXT", "count": 322, "shortest_values": [["HS", 2], ["HS", 2], ["HS", 2], ["HS", 2], ["HS", 2]], "longest_values": [["Crown Heights North                                                        ", 75], ["Sunset Park West                                                           ", 75], ["Crown Heights South                                                        ", 75], ["East Williamsburg                                                          ", 75], ["East Flatbush-Farragut                                                     ", 75]], "average_length": 48.55900621118011}]}, {"column_name": "Location_1", "number_non_empty_cells": 207, "number_empty_cells": 221, "number_distinct_values": 175, "frequent_values": ["1920 Mott Avenue11691", "350 Livingston Street10007", "555 Bergen Avenue10455", "905 Winthrop Street11203", "10 25 41st Avenue11101"], "dataTypes": [{"type": "TEXT", "count": 207, "shortest_values": [["1125 Grand", 10], ["1130 Grand", 10], ["121 Avenue", 10], ["1125 Grand", 10], ["1130 Grand", 10]], "longest_values": [["116 25 Guy R Brewer Boulevard11434", 34], ["133 25 Guy R Brewer Boulevard11434", 34], ["412 434 East 147th Street10455", 30], ["1545 Coney Island Avenue11230", 29], ["177 01 Baisley Boulevard11434", 29]], "average_length": 22.338164251207726}]}, {"column_name": "Latitude", "number_non_empty_cells": 1, "number_empty_cells": 427, "number_distinct_values": 2, "frequent_values": [40.822443, null], "dataTypes": [{"type": "REAL", "count": 1, "max_value": 40.822443, "min_value": 40.822443, "mean": 40.822443, "stddev": 0.0}]}, {"column_name": "Longitude", "number_non_empty_cells": 1, "number_empty_cells": 427, "number_distinct_values": 2, "frequent_values": [-73.893902, null], "dataTypes": [{"type": "REAL", "count": 1, "max_value": -73.893902, "min_value": -73.893902, "mean": -73.893902, "stddev": 0.0}]}, {"column_name": "Community_Board", "number_non_empty_cells": 1, "number_empty_cells": 427, "number_distinct_values": 2, "frequent_values": [2, null], "dataTypes": [{"type": "INTEGER (LONG)", "count": 1, "max_value": 2, "min_value": 2, "mean": 2.0, "stddev": 0.0}]}, {"column_name": "Community_Council_", "number_non_empty_cells": 1, "number_empty_cells": 427, "number_distinct_values": 2, "frequent_values": [17, null], "dataTypes": [{"type": "INTEGER (LONG)", "count": 1, "max_value": 17, "min_value": 17, "mean": 17.0, "stddev": 0.0}]}, {"column_name": "Census_Tract", "number_non_empty_cells": 1, "number_empty_cells": 427, "number_distinct_values": 2, "frequent_values": [159, null], "dataTypes": [{"type": "INTEGER (LONG)", "count": 1, "max_value": 159, "min_value": 159, "mean": 159.0, "stddev": 0.0}]}, {"column_name": "BIN", "number_non_empty_cells": 1, "number_empty_cells": 427, "number_distinct_values": 2, "frequent_values": [2005660, null], "dataTypes": [{"type": "INTEGER (LONG)", "count": 1, "max_value": 2005660, "min_value": 2005660, "mean": 2005660.0, "stddev": 0.0}]}, {"column_name": "BBL", "number_non_empty_cells": 1, "number_empty_cells": 427, "number_distinct_values": 2, "frequent_values": [2027140004, null], "dataTypes": [{"type": "INTEGER (LONG)", "count": 1, "max_value": 2027140004, "min_value": 2027140004, "mean": 2027140004.0, "stddev": 0.0}]}, {"column_name": "NTA", "number_non_empty_cells": 1, "number_empty_cells": 427, "number_distinct_values": 2, "frequent_values": ["Hunts Point                                                                ", null], "dataTypes": [{"type": "TEXT", "count": 1, "shortest_values": [["Hunts Point                                                                ", 75]], "longest_values": [["Hunts Point                                                                ", 75]], "average_length": 75.0}]}]}