{"dataset_name": "/user/hm74/NYCOpenData/99gz-6gpw.tsv.gz", "columns": [{"column_name": "SAM Number", "number_non_empty_cells": 109, "number_empty_cells": 1, "number_distinct_values": 110, "frequent_values": [31, 85, 65, 53, 78], "dataTypes": [{"type": "INTEGER (LONG)", "count": 109, "max_value": 116, "min_value": 1, "mean": 60.05504587155964, "stddev": 33.31881989120939}]}, {"column_name": "SAM Name and Link", "number_non_empty_cells": 109, "number_empty_cells": 1, "number_distinct_values": 110, "frequent_values": ["SAM 53: AIDP Students in Temporary Housing (STH)", "SAM 107: Junior Reserve Officers Training Corps", "SAM 63: Translation and Interpretation Services", "SAM 60:  Success via Apprenticeship (SVA) Program", "SAM 76: Law Enforcement Academy"], "dataTypes": [{"type": "TEXT", "count": 109, "shortest_values": [["SAM 20: YABC Program", 20], ["SAM 77: Pre-K Thrive", 20], ["SAM 103: Arts Studio", 20], ["SAM 34: Deficit Rollover", 24], ["SAM 104: Showcase Schools", 25]], "longest_values": [["SAM 71: Attendance Improvement/Dropout Prevention (AIDP) and Tax Levy (TL) Attendance Teachers", 94], ["SAM 99: Dual Language and Transitional Bilingual Education Program Planning and Implementation", 94], ["SAM 90: UFT Union Officers, District Representatives and Functional Chapter Leaders", 83], ["SAM 64: Attendance Improvement/Dropout Prevention (AIDP) Discretionary Allocation", 81], ["SAM 57: Equity & Excellence: College Access for All \u2013 Middle and High Schools", 77]], "average_length": 45.27522935779815}]}, {"column_name": "Subcategory", "number_non_empty_cells": 109, "number_empty_cells": 1, "number_distinct_values": 6, "frequent_values": ["Internally Restricted Funds FY 17", "Externally Restricted Funds FY 17", "Other Special Education Funds FY 17", "Budget and Technical Adjustments FY 17", "Fair Student Funding FY 17"], "dataTypes": [{"type": "TEXT", "count": 109, "shortest_values": [["Fair Student Funding FY 17", 26], ["Fair Student Funding FY 17", 26], ["Internally Restricted Funds FY 17", 33], ["Externally Restricted Funds FY 17", 33], ["Internally Restricted Funds FY 17", 33]], "longest_values": [["Budget and Technical Adjustments FY 17", 38], ["Budget and Technical Adjustments FY 17", 38], ["Budget and Technical Adjustments FY 17", 38], ["Budget and Technical Adjustments FY 17", 38], ["Other Special Education Funds FY 17", 35]], "average_length": 33.25688073394497}]}, {"column_name": "Amount", "number_non_empty_cells": 110, "number_empty_cells": 0, "number_distinct_values": 110, "frequent_values": ["260,935,476", "35,308,052", "4,065,757", "5,710,015", "65,454"], "dataTypes": [{"type": "DATE/TIME", "count": 66, "max_value": "2065-04-06T00:00:00", "min_value": "0105-12-06T00:00:00"}, {"type": "TEXT", "count": 44, "shortest_values": [["32,404", 6], ["64,000", 6], ["65,454", 6], ["69,500", 6], ["50,000", 6]], "longest_values": [["5,835,607,418", 13], ["9,507,034,151", 13], ["189,426,324", 11], ["546,623,174", 11], ["452,751,881", 11]], "average_length": 9.795454545454547}]}]}