{"dataset_name": "/user/hm74/NYCOpenData/9a87-6m4x.tsv.gz", "columns": [{"column_name": "Contracting_Company", "number_non_empty_cells": 505, "number_empty_cells": 0, "number_distinct_values": 482, "frequent_values": ["25-30 Columbia Heights (Brooklyn) LLC", "Two Fulton Square LLC", "RD Brooklyn LLC", "Parsons Construction Queens LLC", "Hylan Plaza 1339 LLC"], "dataTypes": [{"type": "TEXT", "count": 505, "shortest_values": [["QPP LLC", 7], ["304 LLC", 7], ["GCC, LLC", 8], ["flooring", 8], ["HKOQ, LLC", 9]], "longest_values": [["Second Farms Apartments LLC & Second farms Neighborhood Housing Development Fund Company, Inc. as co-applicants", 111], ["19-25 West 20 Street Property LLC, 19-26 West 20th Street Investor LLC, SMBAK West 20th Street LLC", 98], ["Teachers Insurance and Annuity Association of America for the Benefit of it Real Estate Account", 95], ["Archer Green MI Associates, LLC (Beneficial Owner) and Archer Apartments - HDFC (Legal Owner)", 93], ["AA 304 GC TIC LLC, 82 Baxter TIC LLC, M 304 GC Investor TIC LLC, 304 GC TIC LLC", 79]], "average_length": 23.53069306930695}]}, {"column_name": "Company_Representative", "number_non_empty_cells": 504, "number_empty_cells": 1, "number_distinct_values": 119, "frequent_values": ["Marcus & Pollack LLP", "Anthony Como Associates", "Metropolitan Realty Exemptions, Inc.", "MGNY Consulting Corporation", "MGNY Consulting Corp."], "dataTypes": [{"type": "TEXT", "count": 504, "shortest_values": [["ceiling", 7], ["Ryan, LLC", 9], ["Venable LLP", 11], ["Akerman LLP", 11], ["Akerman LLP", 11]], "longest_values": [["Tuchman, Korngold, Weiss, Leibman & Lindermann, LLP", 51], ["Tuchman, Korngold, Weiss, Leibman & Lindermann, LLP", 51], ["Tushman, Korngold, Weiss, Liebman & Lindemann, LLP", 50], ["Tuchman, Korngold, Weiss, Liebman & Lindemann, LLP", 50], ["Tuchman, Korngold, Weiss, Liebman & Lindemann, LLP", 50]], "average_length": 25.664682539682538}]}, {"column_name": "Representative_Phone", "number_non_empty_cells": 505, "number_empty_cells": 0, "number_distinct_values": 111, "frequent_values": ["212 490-2900", "718 522-1111", "718 273-3080", "212 935-1400", "212 687-3747"], "dataTypes": [{"type": "INTEGER (LONG)", "count": 1, "max_value": 7187678216, "min_value": 7187678216, "mean": 7187678216.0, "stddev": 0.0}, {"type": "TEXT", "count": 504, "shortest_values": [["212935-1400", 11], ["718 327-5779", 12], ["718 855-6110", 12], ["718 284-9500", 12], ["718 387-3004", 12]], "longest_values": [["212 227-8283 ext. 709", 21], ["212 564-9800 ext. 414", 21], ["212 883-6500  x285", 18], ["212 883-6500  x285", 18], ["212 883-6500 x285", 17]], "average_length": 12.085317460317462}]}, {"column_name": "Representative_Email", "number_non_empty_cells": 505, "number_empty_cells": 0, "number_distinct_values": 105, "frequent_values": ["jmarcus@marcuspollack.com", "michael@mgnyconsulting.com", "jayseiden@seidenschein.com", "tberinato@verizon.net", "acomo@nyrets.com"], "dataTypes": [{"type": "TEXT", "count": 505, "shortest_values": [["demolition", 10], ["sp@sjpny.com", 12], ["jp@sjpny.com", 12], ["sp@sjpny.com", 12], ["ray@541w21.com", 14]], "longest_values": [["d'juro.villaran-rokovich@akerman.com", 36], ["djuro.villaran-rokovich@akerman.com", 35], ["djuro.villaran-rokovich@akerman.com", 35], ["djuro.villaran-rokovich@akerman.com", 35], ["rdefreitas@thecrescentcompanies.com", 35]], "average_length": 22.271287128712874}]}, {"column_name": "Site_Address", "number_non_empty_cells": 505, "number_empty_cells": 0, "number_distinct_values": 497, "frequent_values": ["51-65 Furman Street", "1725 Village Lane", "350 Hicks Street", "133-21 39th Ave.", "422 Fulton St."], "dataTypes": [{"type": "TEXT", "count": 505, "shortest_values": [["etc.'", 5], ["5 Bay St.", 9], ["1 Wall St.", 10], ["20 Jay St.", 10], ["1 Park Row", 10]], "longest_values": [["21 West 20th Street, 23-25 West 20th Street, 21-25 West 20th Street", 67], ["2615 Brooklyn Queens Expressway (A.K.A 26-15 Body Street)", 57], ["341-353 Kingsland Avenue aka 260-262 Monitor Street", 51], ["30-10/12 41st Avenue aka 29-42 Northern Boulevard", 49], ["94-126 9th St., 69-111 10th St., 98-116 2nd Ave", 47]], "average_length": 19.74257425742573}]}, {"column_name": "Block", "number_non_empty_cells": 504, "number_empty_cells": 1, "number_distinct_values": 438, "frequent_values": ["208", "90", "474", "840", "4972"], "dataTypes": [{"type": "INTEGER (LONG)", "count": 502, "max_value": 16180, "min_value": 1, "mean": 2794.6055776892435, "stddev": 2942.665138160877}, {"type": "TEXT", "count": 2, "shortest_values": [["86 & 72", 7], ["$9,400,000.00", 13]], "longest_values": [["$9,400,000.00", 13], ["86 & 72", 7]], "average_length": 10.0}]}, {"column_name": "Lot", "number_non_empty_cells": 504, "number_empty_cells": 1, "number_distinct_values": 212, "frequent_values": ["1", "10", "2", "7", "28"], "dataTypes": [{"type": "INTEGER (LONG)", "count": 405, "max_value": 9010, "min_value": 1, "mean": 97.0641975308642, "stddev": 574.0861343960828}, {"type": "DATE/TIME", "count": 18, "max_value": "2045-01-08T00:00:00", "min_value": "0794-09-08T00:00:00"}, {"type": "TEXT", "count": 81, "shortest_values": [["58, 60", 6], ["34, 36", 6], ["28, 45", 6], ["53, 54", 6], ["83, 90", 6]], "longest_values": [["1, 3, 4, 5, 6, 7, 8, 9,14, 16, 17, 18, 19, 20, 21, 22, 24, 27, 31, 32, 35, 44, 51, 147 will be merged into Lot 19", 113], ["part of: 1, 5, 6, 8, 40, 41, 44, 45, 46, 49, 101", 48], ["1101, 1102, 1103, 1104, 1105, 1106, 1107, 1108", 46], ["21, 22, 23, 24, 25, 26, 27, 28, 29, 30, 31", 42], ["currently 115 (condo lot to be formed)", 38]], "average_length": 15.222222222222223}]}, {"column_name": "Borough", "number_non_empty_cells": 505, "number_empty_cells": 0, "number_distinct_values": 11, "frequent_values": ["Brooklyn", "Manhattan", "Queens", "Bronx", "Staten Island"], "dataTypes": [{"type": "INTEGER (LONG)", "count": 1, "max_value": 10014, "min_value": 10014, "mean": 10014.0, "stddev": 0.0}, {"type": "TEXT", "count": 504, "shortest_values": [["LIC", 3], ["LIC", 3], ["LIC", 3], ["LIC", 3], ["LIC", 3]], "longest_values": [["Long Island City", 16], ["Long Island City", 16], ["Long Island City", 16], ["Long Island City", 16], ["Long Island City", 16]], "average_length": 7.7202380952380985}]}, {"column_name": "Work_Description", "number_non_empty_cells": 504, "number_empty_cells": 1, "number_distinct_values": 114, "frequent_values": ["Commercial, new building", "Commercial, alteration", "Commercial, retail, alteration", "Commercial, retail, new building", "Commercial, hotel, new building"], "dataTypes": [{"type": "TEXT", "count": 504, "shortest_values": [["Hotel", 5], ["Commercial", 10], ["Commercial", 10], ["Commercial", 10], ["Manhattan 2", 11]], "longest_values": [["Commercial alteration, retail, Industrial, addition to existing building", 72], ["Commercial Abatement, industrial exemption, addition to exiisting space", 71], ["Commercial, residential, alteration, addition to existing space", 63], ["Commercial, alteration, retail, addition to existing building", 61], ["Commercial abatement, alteration, addition to existing space", 60]], "average_length": 27.781746031746046}]}, {"column_name": "Keywords", "number_non_empty_cells": 504, "number_empty_cells": 1, "number_distinct_values": 398, "frequent_values": ["concrete, steel, electrical, carpentry, hvac, plumbing", "electrical, carpentry, hvac, plumbing, etc.", "electrical, plumbing, carpentry, hvac, etc.", "concrete, plumbing, electric, hvac, etc.", "hvac, electric, plumbing, etc."], "dataTypes": [{"type": "TEXT", "count": 504, "shortest_values": [["elevator, electric", 18], ["roofing, GC, plumbing", 21], ["Sprinkler, Fire Alarm", 21], ["roofing, masonry, etc.", 22], ["masonry, plumbing, etc.", 23]], "longest_values": [["Demolition, excavation, asbestos/lead paint removal, concrete, masonry, structural steel, fireproofing, architectural woodwork, roofing/waterproofing, hollow metal, hardware, wood windows, architectural metal & glass, drywall & woodwork, lath & acoustics, ceramic time/stone, wood flooring, carpet/VCT/base, paint & wallcovering, toilet patritions, toiler accessories, appliancies & extinguishers, window treatment, elevator work, hvac, plumbing, spribklers, light fixtures, electric, communication cabling, storefront facade, scaffolding, phasing, special protection", 567], ["demolition, flooring, stone, carpet, cabinery, appliances, security (CCTV, turnstiles, access control), carpentry, painting, wall covering, drywall, doors/hollow metal, doors/wood, framing, acoustical, electrical, lighting, fire alarm, life safety, sprinkler, plumbing, hvac, sheet metal/ductwork, Architectural metal, steel, roofing, masonry, glazier, hardware, fireproofing, elevator, elevator cab, specialties, teledata/wiring specialties, signs, generator, furniture, window treatments", 489], ["concrete, shoring & underpinning drainage/sanitary/site utilities, dewatering, piles, masonry, caulking/waterproofing, site improvements, fence, gates, landscaping, framin, fireproofing, steel work, roofing, metal, paneling, millwork, aluminum & glass work, carpentry, drywall, ceiling, tiling, ceramics, flooring, painting, elevators, sprinkler, plumbing, electrical, security, hvac, stackers and solar", 403], ["concrete, structure, masonary, steel, sprinkler, windows, roofing/watterproofing, elevator,plumbing, glass, fire alarm, elevator, mechanical, insulation, drop ceilings, tile settings/polishing, water, sewer, partition walls, lighting, outlets, floors, hvac, electrical, drywall/carpentry, rigging & sidewalk shed", 312], ["Hoist, fence, demolition, concrete, foundation, brick faade, stone, ornamental iron work, carpentry, waterproofing, roofing, fireproofing, doors, frames, hardware, ceramic tile, painting, signage, plumbing, electrical, elevators, hvac, excavation, piles, improvements, bathroom accessories", 289]], "average_length": 76.58134920634929}]}, {"column_name": "Contract_Amount", "number_non_empty_cells": 503, "number_empty_cells": 2, "number_distinct_values": 262, "frequent_values": ["$5,000,000.00", "$3,000,000.00", "$10,000,000.00", "$4,000,000.00", "$8,000,000.00"], "dataTypes": [{"type": "TEXT", "count": 503, "shortest_values": [["$4,080,239.00", 13], ["$6,200,000.00", 13], ["$3,425,000.00", 13], ["$3,500,000.00", 13], ["$3,000,000.00", 13]], "longest_values": [["$2,000,000,000.00", 17], ["$124,450,000.00", 15], ["$300,000,000.00", 15], ["$100,000,000.00", 15], ["$100,000,000.00", 15]], "average_length": 13.604373757455273}]}, {"column_name": "Start_Date", "number_non_empty_cells": 503, "number_empty_cells": 2, "number_distinct_values": 214, "frequent_values": ["06/01/2018", "08/01/2018", "10/01/2018", "01/01/2018", "02/01/2019"], "dataTypes": [{"type": "DATE/TIME", "count": 503, "max_value": "2020-01-01T00:00:00", "min_value": "2012-09-10T00:00:00"}]}, {"column_name": "Postcode", "number_non_empty_cells": 503, "number_empty_cells": 2, "number_distinct_values": 136, "frequent_values": [11101, 11201, 11354, 11206, 11249], "dataTypes": [{"type": "INTEGER (LONG)", "count": 503, "max_value": 11694, "min_value": 10001, "mean": 10836.976143141152, "stddev": 554.0724337632198}]}, {"column_name": "CB", "number_non_empty_cells": 497, "number_empty_cells": 8, "number_distinct_values": 65, "frequent_values": ["Manhattan 5", "Brooklyn 1", "Queens 1", "Brooklyn 2", "Queens 7"], "dataTypes": [{"type": "TEXT", "count": 497, "shortest_values": [["Bronx 1", 7], ["Bronx 1", 7], ["Bronx 1", 7], ["Bronx 5", 7], ["Bronx 6", 7]], "longest_values": [["Staten Island 3", 15], ["Staten Island 1", 15], ["Staten Island 1", 15], ["Staten Island 1", 15], ["Staten Island 2", 15]], "average_length": 9.814889336016094}]}, {"column_name": "Latitude", "number_non_empty_cells": 437, "number_empty_cells": 68, "number_distinct_values": 427, "frequent_values": [40.701709, 40.690891, 40.759112, 40.855978, 40.752328], "dataTypes": [{"type": "REAL", "count": 437, "max_value": 40.902256, "min_value": 40.517379, "mean": 40.72178374599548, "stddev": 0.06507489661014605}]}, {"column_name": "Longitude", "number_non_empty_cells": 437, "number_empty_cells": 68, "number_distinct_values": 427, "frequent_values": [-73.995438, -73.942026, -73.916807, -73.985951, -73.79599], "dataTypes": [{"type": "REAL", "count": 437, "max_value": -73.731921, "min_value": -74.241109, "mean": -73.9459005102974, "stddev": 0.0731890726354924}]}, {"column_name": "Community_Board", "number_non_empty_cells": 437, "number_empty_cells": 68, "number_distinct_values": 19, "frequent_values": [1, 2, 5, 7, 12], "dataTypes": [{"type": "INTEGER (LONG)", "count": 437, "max_value": 18, "min_value": 1, "mean": 5.3043478260869525, "stddev": 4.206489956655931}]}, {"column_name": "Council_District", "number_non_empty_cells": 437, "number_empty_cells": 68, "number_distinct_values": 48, "frequent_values": [26, 33, 4, 3, 34], "dataTypes": [{"type": "INTEGER (LONG)", "count": 437, "max_value": 51, "min_value": 1, "mean": 23.967963386727682, "stddev": 14.97637739354547}]}, {"column_name": "Census_Tract", "number_non_empty_cells": 437, "number_empty_cells": 68, "number_distinct_values": 251, "frequent_values": [19, 85, 485, 1, 555], "dataTypes": [{"type": "INTEGER (LONG)", "count": 437, "max_value": 152901, "min_value": 1, "mean": 4126.093821510292, "stddev": 15383.783752318808}]}, {"column_name": "BIN", "number_non_empty_cells": 407, "number_empty_cells": 98, "number_distinct_values": 361, "frequent_values": [3000000, 4000000, 2000000, 3335922, 4112272], "dataTypes": [{"type": "INTEGER (LONG)", "count": 407, "max_value": 5153925, "min_value": 1000000, "mean": 2793846.965601964, "stddev": 1244782.5714733049}]}, {"column_name": "BBL", "number_non_empty_cells": 407, "number_empty_cells": 98, "number_distinct_values": 397, "frequent_values": [3002080002, 4049720065, 5039690001, 3002820050, 3001567502], "dataTypes": [{"type": "INTEGER (LONG)", "count": 407, "max_value": 5071870001, "min_value": 1000110017, "mean": 2724972318.7837853, "stddev": 1210247535.9776037}]}, {"column_name": "NTA", "number_non_empty_cells": 437, "number_empty_cells": 68, "number_distinct_values": 129, "frequent_values": ["Midtown-Midtown South", "Hunters Point-Sunnyside-West Maspeth", "DUMBO-Vinegar Hill-Downtown Brooklyn-Boerum Hill", "Queensbridge-Ravenswood-Long Island City", "Hudson Yards-Chelsea-Flatiron-Union Square"], "dataTypes": [{"type": "TEXT", "count": 437, "shortest_values": [["Corona", 6], ["Jamaica", 7], ["Astoria", 7], ["Bedford", 7], ["Midwood", 7]], "longest_values": [["Todt Hill-Emerson Hill-Heartland Village-Lighthouse Hill", 56], ["Breezy Point-Belle Harbor-Rockaway Park-Broad Channel", 53], ["Mariner's Harbor-Arlington-Port Ivory-Graniteville", 50], ["Mariner's Harbor-Arlington-Port Ivory-Graniteville", 50], ["DUMBO-Vinegar Hill-Downtown Brooklyn-Boerum Hill", 48]], "average_length": 22.620137299771166}]}]}