{"dataset_name": "/user/hm74/NYCOpenData/9add-idv3.tsv.gz", "columns": [{"column_name": "Borough", "number_non_empty_cells": 393, "number_empty_cells": 0, "number_distinct_values": 4, "frequent_values": ["Brooklyn", "Bronx", "Manhattan", "Queens"], "dataTypes": [{"type": "TEXT", "count": 393, "shortest_values": [["Bronx", 5], ["Bronx", 5], ["Bronx", 5], ["Bronx", 5], ["Bronx", 5]], "longest_values": [["Manhattan", 9], ["Manhattan", 9], ["Manhattan", 9], ["Manhattan", 9], ["Manhattan", 9]], "average_length": 6.923664122137403}]}, {"column_name": "Category Type", "number_non_empty_cells": 393, "number_empty_cells": 0, "number_distinct_values": 6, "frequent_values": ["To School", "Discharge", "GPA", "Attendance", "SWD Status"], "dataTypes": [{"type": "TEXT", "count": 393, "shortest_values": [["GPA", 3], ["GPA", 3], ["GPA", 3], ["GPA", 3], ["GPA", 3]], "longest_values": [["Attendance", 10], ["Attendance", 10], ["Attendance", 10], ["Attendance", 10], ["Attendance", 10]], "average_length": 8.781170483460558}]}, {"column_name": "Category Values", "number_non_empty_cells": 393, "number_empty_cells": 0, "number_distinct_values": 313, "frequent_values": ["Transferred to another DOE school or pro", "Not SWD", "Received Local Diploma", "41-60% Attendance Rate", "Received Regents Diploma"], "dataTypes": [{"type": "TEXT", "count": 393, "shortest_values": [["SWD", 3], ["SWD", 3], ["SWD", 3], ["SWD", 3], ["0-54", 4]], "longest_values": [["Transferred to a part-time DOE GED progr", 40], ["Transferred to a YABC, D79 or D75 progra", 40], ["Discharged to a School outside of NYC; M", 40], ["Career Development and Occupational Stud", 40], ["Transferred to another DOE school or pro", 40]], "average_length": 9.737913486005096}]}, {"column_name": "Total#", "number_non_empty_cells": 393, "number_empty_cells": 0, "number_distinct_values": 47, "frequent_values": ["s", "38", "14", "11", "15"], "dataTypes": [{"type": "INTEGER (LONG)", "count": 66, "max_value": 440, "min_value": 10, "mean": 69.78787878787875, "stddev": 99.75386605275084}, {"type": "TEXT", "count": 327, "shortest_values": [["s", 1], ["s", 1], ["s", 1], ["s", 1], ["s", 1]], "longest_values": [["s", 1], ["s", 1], ["s", 1], ["s", 1], ["s", 1]], "average_length": 1.0}]}, {"column_name": "Total%", "number_non_empty_cells": 393, "number_empty_cells": 0, "number_distinct_values": 60, "frequent_values": ["s", "4.1", "14.6", "3.4", "1.9"], "dataTypes": [{"type": "REAL", "count": 66, "max_value": 81.7, "min_value": 1.9, "mean": 22.365151515151506, "stddev": 22.908536799856442}, {"type": "TEXT", "count": 327, "shortest_values": [["s", 1], ["s", 1], ["s", 1], ["s", 1], ["s", 1]], "longest_values": [["s", 1], ["s", 1], ["s", 1], ["s", 1], ["s", 1]], "average_length": 1.0}]}, {"column_name": "Asian#", "number_non_empty_cells": 393, "number_empty_cells": 0, "number_distinct_values": 1, "frequent_values": ["s"], "dataTypes": [{"type": "TEXT", "count": 393, "shortest_values": [["s", 1], ["s", 1], ["s", 1], ["s", 1], ["s", 1]], "longest_values": [["s", 1], ["s", 1], ["s", 1], ["s", 1], ["s", 1]], "average_length": 1.0}]}, {"column_name": "Asian%", "number_non_empty_cells": 393, "number_empty_cells": 0, "number_distinct_values": 1, "frequent_values": ["s"], "dataTypes": [{"type": "TEXT", "count": 393, "shortest_values": [["s", 1], ["s", 1], ["s", 1], ["s", 1], ["s", 1]], "longest_values": [["s", 1], ["s", 1], ["s", 1], ["s", 1], ["s", 1]], "average_length": 1.0}]}, {"column_name": "Black#", "number_non_empty_cells": 393, "number_empty_cells": 0, "number_distinct_values": 28, "frequent_values": ["s", "12", "14", "11", "31"], "dataTypes": [{"type": "INTEGER (LONG)", "count": 39, "max_value": 230, "min_value": 10, "mean": 40.25641025641025, "stddev": 44.15631786762299}, {"type": "TEXT", "count": 354, "shortest_values": [["s", 1], ["s", 1], ["s", 1], ["s", 1], ["s", 1]], "longest_values": [["s", 1], ["s", 1], ["s", 1], ["s", 1], ["s", 1]], "average_length": 1.0}]}, {"column_name": "Black%", "number_non_empty_cells": 393, "number_empty_cells": 0, "number_distinct_values": 38, "frequent_values": ["s", "5.6", "5.3", "75.0", "9.2"], "dataTypes": [{"type": "REAL", "count": 39, "max_value": 83.7, "min_value": 2.8, "mean": 29.133333333333336, "stddev": 26.55844385823349}, {"type": "TEXT", "count": 354, "shortest_values": [["s", 1], ["s", 1], ["s", 1], ["s", 1], ["s", 1]], "longest_values": [["s", 1], ["s", 1], ["s", 1], ["s", 1], ["s", 1]], "average_length": 1.0}]}, {"column_name": "Hispanic#", "number_non_empty_cells": 393, "number_empty_cells": 0, "number_distinct_values": 24, "frequent_values": ["s", "12", "10", "13", "42"], "dataTypes": [{"type": "INTEGER (LONG)", "count": 30, "max_value": 320, "min_value": 10, "mean": 57.89999999999999, "stddev": 86.3872482873871}, {"type": "TEXT", "count": 363, "shortest_values": [["s", 1], ["s", 1], ["s", 1], ["s", 1], ["s", 1]], "longest_values": [["s", 1], ["s", 1], ["s", 1], ["s", 1], ["s", 1]], "average_length": 1.0}]}, {"column_name": "Hispanic%", "number_non_empty_cells": 393, "number_empty_cells": 0, "number_distinct_values": 30, "frequent_values": ["s", "9.9", "8.2", "26.7", "3.1"], "dataTypes": [{"type": "REAL", "count": 30, "max_value": 81.6, "min_value": 3.1, "mean": 24.70666666666667, "stddev": 25.56689178518882}, {"type": "TEXT", "count": 363, "shortest_values": [["s", 1], ["s", 1], ["s", 1], ["s", 1], ["s", 1]], "longest_values": [["s", 1], ["s", 1], ["s", 1], ["s", 1], ["s", 1]], "average_length": 1.0}]}, {"column_name": "White#", "number_non_empty_cells": 393, "number_empty_cells": 0, "number_distinct_values": 2, "frequent_values": ["s", "11"], "dataTypes": [{"type": "INTEGER (LONG)", "count": 1, "max_value": 11, "min_value": 11, "mean": 11.0, "stddev": 0.0}, {"type": "TEXT", "count": 392, "shortest_values": [["s", 1], ["s", 1], ["s", 1], ["s", 1], ["s", 1]], "longest_values": [["s", 1], ["s", 1], ["s", 1], ["s", 1], ["s", 1]], "average_length": 1.0}]}, {"column_name": "White%", "number_non_empty_cells": 393, "number_empty_cells": 0, "number_distinct_values": 2, "frequent_values": ["s", "31.4"], "dataTypes": [{"type": "REAL", "count": 1, "max_value": 31.4, "min_value": 31.4, "mean": 31.4, "stddev": 0.0}, {"type": "TEXT", "count": 392, "shortest_values": [["s", 1], ["s", 1], ["s", 1], ["s", 1], ["s", 1]], "longest_values": [["s", 1], ["s", 1], ["s", 1], ["s", 1], ["s", 1]], "average_length": 1.0}]}, {"column_name": "Other#", "number_non_empty_cells": 393, "number_empty_cells": 0, "number_distinct_values": 1, "frequent_values": ["s"], "dataTypes": [{"type": "TEXT", "count": 393, "shortest_values": [["s", 1], ["s", 1], ["s", 1], ["s", 1], ["s", 1]], "longest_values": [["s", 1], ["s", 1], ["s", 1], ["s", 1], ["s", 1]], "average_length": 1.0}]}, {"column_name": "Other%", "number_non_empty_cells": 393, "number_empty_cells": 0, "number_distinct_values": 1, "frequent_values": ["s"], "dataTypes": [{"type": "TEXT", "count": 393, "shortest_values": [["s", 1], ["s", 1], ["s", 1], ["s", 1], ["s", 1]], "longest_values": [["s", 1], ["s", 1], ["s", 1], ["s", 1], ["s", 1]], "average_length": 1.0}]}]}