{"dataset_name": "/user/hm74/NYCOpenData/9ay9-xkek.tsv.gz", "columns": [{"column_name": "ProjectID", "number_non_empty_cells": 8862, "number_empty_cells": 0, "number_distinct_values": 644, "frequent_values": [65227, 53157, 58450, 52733, 65054], "dataTypes": [{"type": "INTEGER (LONG)", "count": 8862, "max_value": 67577, "min_value": 44218, "mean": 54633.91311216415, "stddev": 6050.684088194283}]}, {"column_name": "BuildingID", "number_non_empty_cells": 8816, "number_empty_cells": 46, "number_distinct_values": 2130, "frequent_values": [805099, 25490, 979325, 976362, 979324], "dataTypes": [{"type": "INTEGER (LONG)", "count": 8816, "max_value": 989851, "min_value": 375, "mean": 481551.0811025418, "stddev": 406036.13522286236}]}, {"column_name": "BedroomSize", "number_non_empty_cells": 8862, "number_empty_cells": 0, "number_distinct_values": 31, "frequent_values": ["2-BR", "1-BR", "3-BR", "STUDIO", "4-BR"], "dataTypes": [{"type": "INTEGER (LONG)", "count": 42, "max_value": 3, "min_value": -1, "mean": -0.1904761904761905, "stddev": 1.3136299261079736}, {"type": "TEXT", "count": 8820, "shortest_values": [["2BR", 3], ["3BR", 3], ["1BR", 3], ["2BR", 3], ["3BR", 3]], "longest_values": [["Unknown", 7], ["STUDIO", 6], ["STUDIO", 6], ["STUDIO", 6], ["STUDIO", 6]], "average_length": 4.274036281179131}]}, {"column_name": "MaxAllowableIncome", "number_non_empty_cells": 8862, "number_empty_cells": 0, "number_distinct_values": 50, "frequent_values": ["51%-60%", "41%-50%", "71%-80%", "0%-30%", "111%-120%"], "dataTypes": [{"type": "INTEGER (LONG)", "count": 67, "max_value": -1, "min_value": -1, "mean": -1.0, "stddev": 0.0}, {"type": "TEXT", "count": 8795, "shortest_values": [["SUPER", 5], ["SUPER", 5], ["SUPER", 5], ["SUPER", 5], ["SUPER", 5]], "longest_values": [["NON-RESTRICTED", 14], ["NON-RESTRICTED", 14], ["NON-RESTRICTED", 14], ["NON-RESTRICTED", 14], ["NON-RESTRICTED", 14]], "average_length": 7.456736782262663}]}, {"column_name": "TotalUnits", "number_non_empty_cells": 8862, "number_empty_cells": 0, "number_distinct_values": 165, "frequent_values": [1, 2, 3, 4, 5], "dataTypes": [{"type": "INTEGER (LONG)", "count": 8862, "max_value": 339, "min_value": 1, "mean": 11.315842924847678, "stddev": 24.306654814113486}]}, {"column_name": "MedianInitialLegalRent", "number_non_empty_cells": 1313, "number_empty_cells": 7549, "number_distinct_values": 535, "frequent_values": [1101.0, 909.0, 1263.0, 2386.0, 1123.0], "dataTypes": [{"type": "REAL", "count": 1313, "max_value": 3483.0, "min_value": 213.0, "mean": 1199.343869002285, "stddev": 498.6082671872762}]}, {"column_name": "HighInitialLegalRent", "number_non_empty_cells": 1313, "number_empty_cells": 7549, "number_distinct_values": 500, "frequent_values": [909, 1101, 1263, 1123, 847], "dataTypes": [{"type": "INTEGER (LONG)", "count": 1313, "max_value": 3483, "min_value": 215, "mean": 1238.0822543792844, "stddev": 501.5294058655484}]}, {"column_name": "LowInitialLegalRent", "number_non_empty_cells": 1305, "number_empty_cells": 7557, "number_distinct_values": 493, "frequent_values": [1101, 909, 1263, 847, 2386], "dataTypes": [{"type": "INTEGER (LONG)", "count": 1305, "max_value": 3483, "min_value": 162, "mean": 1166.9126436781607, "stddev": 512.1892670121432}]}, {"column_name": "MedianActualRent", "number_non_empty_cells": 2295, "number_empty_cells": 6567, "number_distinct_values": 1045, "frequent_values": [847.0, 882.0, 1101.0, 909.0, 849.0], "dataTypes": [{"type": "REAL", "count": 2295, "max_value": 5925.0, "min_value": 95.0, "mean": 949.1551198257081, "stddev": 442.9432316210837}]}, {"column_name": "HighActualRent", "number_non_empty_cells": 2298, "number_empty_cells": 6564, "number_distinct_values": 932, "frequent_values": [1101, 909, 847, 1650, 849], "dataTypes": [{"type": "INTEGER (LONG)", "count": 2298, "max_value": 12043, "min_value": 115, "mean": 1065.4634464751966, "stddev": 534.6754143472056}]}, {"column_name": "LowActualRent", "number_non_empty_cells": 2238, "number_empty_cells": 6624, "number_distinct_values": 923, "frequent_values": [882, 847, 699, 571, 929], "dataTypes": [{"type": "INTEGER (LONG)", "count": 2238, "max_value": 4693, "min_value": 1, "mean": 859.2225201072379, "stddev": 463.74613597844257}]}]}