{"dataset_name": "/user/hm74/NYCOpenData/9b9u-8989.tsv.gz", "columns": [{"column_name": "DBA", "number_non_empty_cells": 5168, "number_empty_cells": 58, "number_distinct_values": 4938, "frequent_values": ["Pret A Manger", "Stop & Shop Supermarket", "FIKA", "TD Bank", "Dunkin Donuts"], "dataTypes": [{"type": "INTEGER (LONG)", "count": 1, "max_value": 1976, "min_value": 1976, "mean": 1976.0, "stddev": 0.0}, {"type": "DATE/TIME", "count": 2, "max_value": "2042-12-28T00:00:00", "min_value": "0115-12-08T00:00:00"}, {"type": "TEXT", "count": 5223, "shortest_values": [["B4", 2], ["ISA", 3], ["SUD", 3], ["ZIO", 3], ["AVB", 3]], "longest_values": [["Harlem Jazz Enterprises DBA Mintons PlayHouse and Cecils Restaurant", 67], ["Barclay Center (Quad C/D, Level 4, Lower Suite-Grill Concession)", 64], ["Court Yard by Marriot Downtown Manhattan World Trade Center Area", 64], ["Fairfield Inn and Suites New York Manhattan/Financial District", 62], ["Eat Well Age Well Natural and Organic Products and Foods", 56]], "average_length": 15.467164464866917}]}, {"column_name": "Establishment_Street", "number_non_empty_cells": 5207, "number_empty_cells": 19, "number_distinct_values": 5050, "frequent_values": ["445 Gold Street", "620 Atlantic Avenue (Location TBD)", "445 Albee Square West", "700 8th Ave", "133-35 Roosevelt Avenue"], "dataTypes": [{"type": "INTEGER (LONG)", "count": 5, "max_value": 11694, "min_value": 10036, "mean": 10899.0, "stddev": 624.3079368388649}, {"type": "DATE/TIME", "count": 9, "max_value": "2050-01-02T00:00:00", "min_value": "0118-01-08T00:00:00"}, {"type": "TEXT", "count": 5212, "shortest_values": [["VARIES", 6], ["99-04A", 6], ["5 Ave A", 7], ["15 Ave B", 8], ["56 AVE. C", 9]], "longest_values": [["1798 3rd Ave.  1798 3rd ave is located in the upper east side of Manhattan. btwn 99th and 100th in Manhattan.", 109], ["1000 Richmond Terrace (Inside the cultural Center and botanical garden )", 72], ["2 Penn Plaza Penn Station 8 Avenue between 31 and 32nd Street LIRR level", 72], ["39 Beekman St. or 156 William St. Establishment is on the corner.", 65], ["625 8th Avenue 2nd Floor South Wing Port Authority Bus Terminal", 63]], "average_length": 17.385840368380684}]}, {"column_name": "Establishment_Zip", "number_non_empty_cells": 5220, "number_empty_cells": 6, "number_distinct_values": 334, "frequent_values": ["10002", "11201", "11211", "10003", "11217"], "dataTypes": [{"type": "INTEGER (LONG)", "count": 5183, "max_value": 116931512, "min_value": 1206, "mean": 1624342.2392436806, "stddev": 12991690.979348795}, {"type": "TEXT", "count": 37, "shortest_values": [["Bronx", 5], ["Queens", 6], ["Brooklyn", 8], ["Brooklyn", 8], ["Manhattan", 9]], "longest_values": [["Staten Island", 13], ["11693-1398", 10], ["10309-3155", 10], ["10013-1103", 10], ["11204-4068", 10]], "average_length": 9.702702702702704}]}, {"column_name": "Establishment_Borough", "number_non_empty_cells": 5220, "number_empty_cells": 6, "number_distinct_values": 8, "frequent_values": ["Manhattan", "Brooklyn", "Queens", "Bronx", "Staten Island"], "dataTypes": [{"type": "TEXT", "count": 5220, "shortest_values": [["Bronx", 5], ["Bronx", 5], ["Bronx", 5], ["Bronx", 5], ["Bronx", 5]], "longest_values": [["Accommodations and Food", 23], ["Accommodations and Food", 23], ["Accommodations and Food", 23], ["Accommodations and Food", 23], ["Staten Island", 13]], "average_length": 7.986206896551738}]}, {"column_name": "Business_Sector", "number_non_empty_cells": 3977, "number_empty_cells": 1249, "number_distinct_values": 10, "frequent_values": ["Accommodations and Food", "Retail Trade", "Healthcare/Social Assistance", "Other", "Finance and Insurance"], "dataTypes": [{"type": "TEXT", "count": 3977, "shortest_values": [["Other", 5], ["Other", 5], ["Other", 5], ["Other", 5], ["Other", 5]], "longest_values": [["Restaurants and Other Eating Places", 35], ["Restaurants and Other Eating Places", 35], ["Restaurants and Other Eating Places", 35], ["Services (except Public Admin)", 30], ["Services (except Public Admin)", 30]], "average_length": 22.402564747296942}]}, {"column_name": "Establishment_Category", "number_non_empty_cells": 3889, "number_empty_cells": 1337, "number_distinct_values": 31, "frequent_values": ["Restaurants and Other Eating Places", "Drinking Places (Alcoholic Beverages)", "Grocery Stores", "Child Day Care Services", "Other Miscellaneous Store Retailers"], "dataTypes": [{"type": "TEXT", "count": 3889, "shortest_values": [["Other", 5], ["Other", 5], ["Other", 5], ["Other", 5], ["Other", 5]], "longest_values": [["Personal Care Services (hair, nail and skin care services)", 58], ["Sporting Goods, Hobby, and Musical Instrument Stores", 52], ["Automotive Parts, Accessories And Tire Stores", 45], ["Automotive Parts, Accessories And Tire Stores", 45], ["Office Supplies, Stationery, and Gift Stores", 44]], "average_length": 33.75494985857545}]}, {"column_name": "Type_of_Cuisine", "number_non_empty_cells": 3157, "number_empty_cells": 2069, "number_distinct_values": 331, "frequent_values": ["American", "Coffee House", "Chinese", "Baked Goods", "Italian"], "dataTypes": [{"type": "INTEGER (LONG)", "count": 5, "max_value": 14, "min_value": 2, "mean": 6.6, "stddev": 4.17612260356422}, {"type": "TEXT", "count": 3152, "shortest_values": [["BBQ", 3], ["BBQ", 3], ["BBQ", 3], ["BBQ", 3], ["BBQ", 3]], "longest_values": [["Afghani; African; American; Asian; Bagels; Baked Goods; BBQ; Breakfast; Burgers; Cajun; Cakes; Caribbean; Chinese; Coffee House; Columbian; Croatian; Cuban; Czech; Deli Foods; Desserts; Diner; Dominican; Donuts; English Pub; European; Fast Food; Filipino; Fish; French; Fusion; German; Greek; Halal; Healthfood; Ice Cream/Yogurt; Indian; Indian (North); Indian (South); Irish; Italian; Japanese", 394], ["American; Asian; Bagels; Baked Goods; BBQ; Cakes; Caribbean; Chinese; Coffee House; European; Fast Food; Wholesale", 114], ["American; Asian; European; Fast Food; Healthfood; Juice Bar; Soups", 66], ["American; Asian; Bagels; Baked Goods; BBQ; Burgers; Coffee House", 64], ["American; Baked Goods; Healthfood; Russian; Turkish; Wholesale", 62]], "average_length": 10.679885786802036}]}, {"column_name": "Number_Of_Employees", "number_non_empty_cells": 3851, "number_empty_cells": 1375, "number_distinct_values": 92, "frequent_values": ["4", "3", "2", "5", "10"], "dataTypes": [{"type": "INTEGER (LONG)", "count": 3846, "max_value": 500, "min_value": 0, "mean": 14.60348413936554, "stddev": 30.463401028338023}, {"type": "DATE/TIME", "count": 5, "max_value": "2015-08-24T00:00:00", "min_value": "2013-12-02T00:00:00"}]}, {"column_name": "Actual_Opening_Date", "number_non_empty_cells": 5005, "number_empty_cells": 221, "number_distinct_values": 2138, "frequent_values": ["06/16/2017", "09/28/2012", "11/01/2014", "05/01/2014", "09/10/2015"], "dataTypes": [{"type": "DATE/TIME", "count": 5005, "max_value": "2019-08-08T00:00:00", "min_value": "2005-01-01T00:00:00"}]}]}