{"dataset_name": "/user/hm74/NYCOpenData/9bmk-bbj5.tsv.gz", "columns": [{"column_name": "Grade", "number_non_empty_cells": 42, "number_empty_cells": 0, "number_distinct_values": 7, "frequent_values": ["7", "3", "8", "5", "6"], "dataTypes": [{"type": "INTEGER (LONG)", "count": 36, "max_value": 8, "min_value": 3, "mean": 5.499999999999997, "stddev": 1.7078251276599334}, {"type": "TEXT", "count": 6, "shortest_values": [["All Grades", 10], ["All Grades", 10], ["All Grades", 10], ["All Grades", 10], ["All Grades", 10]], "longest_values": [["All Grades", 10], ["All Grades", 10], ["All Grades", 10], ["All Grades", 10], ["All Grades", 10]], "average_length": 10.0}]}, {"column_name": "Year", "number_non_empty_cells": 42, "number_empty_cells": 0, "number_distinct_values": 6, "frequent_values": [2007, 2006, 2009, 2010, 2011], "dataTypes": [{"type": "INTEGER (LONG)", "count": 42, "max_value": 2011, "min_value": 2006, "mean": 2008.5000000000002, "stddev": 1.7078251276599368}]}, {"column_name": "Category", "number_non_empty_cells": 42, "number_empty_cells": 0, "number_distinct_values": 1, "frequent_values": ["All Students"], "dataTypes": [{"type": "TEXT", "count": 42, "shortest_values": [["All Students", 12], ["All Students", 12], ["All Students", 12], ["All Students", 12], ["All Students", 12]], "longest_values": [["All Students", 12], ["All Students", 12], ["All Students", 12], ["All Students", 12], ["All Students", 12]], "average_length": 12.0}]}, {"column_name": "Number Tested", "number_non_empty_cells": 42, "number_empty_cells": 0, "number_distinct_values": 42, "frequent_values": [67864, 71045, 70758, 68997, 70720], "dataTypes": [{"type": "INTEGER (LONG)", "count": 42, "max_value": 428143, "min_value": 61478, "mean": 118975.57142857142, "stddev": 121469.95259364368}]}, {"column_name": "Mean Scale Score", "number_non_empty_cells": 42, "number_empty_cells": 0, "number_distinct_values": 24, "frequent_values": [669, 661, 660, 662, 654], "dataTypes": [{"type": "INTEGER (LONG)", "count": 42, "max_value": 669, "min_value": 639, "mean": 656.5714285714286, "stddev": 7.329467131747955}]}, {"column_name": "Level 1 #", "number_non_empty_cells": 42, "number_empty_cells": 0, "number_distinct_values": 42, "frequent_values": [463, 24482, 7602, 7331, 7306], "dataTypes": [{"type": "INTEGER (LONG)", "count": 42, "max_value": 63399, "min_value": 146, "mean": 11447.333333333336, "stddev": 13821.495253110137}]}, {"column_name": "Level 1 %", "number_non_empty_cells": 42, "number_empty_cells": 0, "number_distinct_values": 34, "frequent_values": [8.9, 2.7, 2.8, 11.4, 17.2], "dataTypes": [{"type": "REAL", "count": 42, "max_value": 18.1, "min_value": 0.2, "mean": 9.626190476190477, "stddev": 4.876281737427241}]}, {"column_name": "Level 2 #", "number_non_empty_cells": 42, "number_empty_cells": 0, "number_distinct_values": 42, "frequent_values": [25520, 19317, 23740, 178686, 175575], "dataTypes": [{"type": "INTEGER (LONG)", "count": 42, "max_value": 178686, "min_value": 16353, "mean": 45229.47619047618, "stddev": 47169.13322756641}]}, {"column_name": "Level 2 %", "number_non_empty_cells": 42, "number_empty_cells": 0, "number_distinct_values": 39, "frequent_values": [42.6, 46.4, 44.4, 41.3, 25.2], "dataTypes": [{"type": "REAL", "count": 42, "max_value": 53.4, "min_value": 24.1, "mean": 37.93095238095239, "stddev": 7.966043652524309}]}, {"column_name": "Level 3 #", "number_non_empty_cells": 42, "number_empty_cells": 0, "number_distinct_values": 42, "frequent_values": [36869, 31807, 198060, 30705, 34718], "dataTypes": [{"type": "INTEGER (LONG)", "count": 42, "max_value": 260830, "min_value": 21159, "mean": 56277.38095238094, "stddev": 59491.228609151316}]}, {"column_name": "Level 3 %", "number_non_empty_cells": 42, "number_empty_cells": 0, "number_distinct_values": 40, "frequent_values": [64.9, 41.2, 54.2, 44.5, 44.1], "dataTypes": [{"type": "REAL", "count": 42, "max_value": 66.7, "min_value": 30.9, "mean": 47.369047619047606, "stddev": 10.358145818980164}]}, {"column_name": "Level 4 #", "number_non_empty_cells": 42, "number_empty_cells": 0, "number_distinct_values": 42, "frequent_values": [3179, 1990, 1139, 9018, 7634], "dataTypes": [{"type": "INTEGER (LONG)", "count": 42, "max_value": 30235, "min_value": 689, "mean": 6021.952380952381, "stddev": 6775.071062542025}]}, {"column_name": "Level 4 %", "number_non_empty_cells": 42, "number_empty_cells": 0, "number_distinct_values": 34, "frequent_values": [2.7, 4.4, 7.3, 2.3, 5.7], "dataTypes": [{"type": "REAL", "count": 42, "max_value": 13.0, "min_value": 1.0, "mean": 5.085714285714285, "stddev": 2.539457331284573}]}, {"column_name": "Level 3+4 #", "number_non_empty_cells": 42, "number_empty_cells": 0, "number_distinct_values": 42, "frequent_values": [30721, 37989, 37794, 39137, 36230], "dataTypes": [{"type": "INTEGER (LONG)", "count": 42, "max_value": 286032, "min_value": 24522, "mean": 62299.333333333336, "stddev": 65478.07959617611}]}, {"column_name": "Level 3+4 %", "number_non_empty_cells": 42, "number_empty_cells": 0, "number_distinct_values": 42, "frequent_values": [49.8, 58.9, 59.5, 43.6, 68.8], "dataTypes": [{"type": "REAL", "count": 42, "max_value": 74.7, "min_value": 35.0, "mean": 52.44285714285714, "stddev": 10.807033486998902}]}]}