{"dataset_name": "/user/hm74/NYCOpenData/9btm-sxj3.tsv.gz", "columns": [{"column_name": "LOCATION_CATEGORY", "number_non_empty_cells": 1742, "number_empty_cells": 0, "number_distinct_values": 10, "frequent_values": ["Elementary", "High school", "Junior High-Intermediate-Middle", "K-8", "Secondary School"], "dataTypes": [{"type": "TEXT", "count": "1742", "shortest_values": [["K-8", 3], ["K-8", 3], ["K-8", 3], ["K-8", 3], ["K-8", 3]], "longest_values": [["Junior High-Intermediate-Middle", 31], ["Junior High-Intermediate-Middle", 31], ["Junior High-Intermediate-Middle", 31], ["Junior High-Intermediate-Middle", 31], ["Junior High-Intermediate-Middle", 31]], "average_length": "13.689437428243398"}]}, {"column_name": "ADMINISTRATIVE_DISTRICT", "number_non_empty_cells": 1742, "number_empty_cells": 0, "number_distinct_values": 35, "frequent_values": [2, 10, 31, 9, 75], "dataTypes": [{"type": "INTEGER (LONG)", "count": ["1742"], "mean": ["18.69862227324914"], "stddev": ["15.63969633623479"], "min_value": ["1"], "max_value": ["97"]}]}, {"column_name": "GEN_ED_REMOVALS", "number_non_empty_cells": 1742, "number_empty_cells": 0, "number_distinct_values": 49, "frequent_values": ["*", "6", "7", "8", "9"], "dataTypes": [{"type": "INTEGER (LONG)", "count": "295", "mean": "15.59322033898305", "stddev": "13.907516007501293", "min_value": "6", "max_value": "101"}, {"type": "TEXT", "count": "1447", "shortest_values": [["*", 1], ["*", 1], ["*", 1], ["*", 1], ["*", 1]], "longest_values": [["*", 1], ["*", 1], ["*", 1], ["*", 1], ["*", 1]], "average_length": "1.0"}]}, {"column_name": "GEN_ED_PRINCIPAL", "number_non_empty_cells": 1742, "number_empty_cells": 0, "number_distinct_values": 82, "frequent_values": ["*", "6", "7", "9", "8"], "dataTypes": [{"type": "INTEGER (LONG)", "count": "526", "mean": "24.188212927756656", "stddev": "24.314462359836554", "min_value": "6", "max_value": "204"}, {"type": "TEXT", "count": "1216", "shortest_values": [["*", 1], ["*", 1], ["*", 1], ["*", 1], ["*", 1]], "longest_values": [["*", 1], ["*", 1], ["*", 1], ["*", 1], ["*", 1]], "average_length": "1.0"}]}, {"column_name": "GEN_ED_SUPERINTENDENT", "number_non_empty_cells": 1742, "number_empty_cells": 0, "number_distinct_values": 29, "frequent_values": ["*", "7", "6", "8", "9"], "dataTypes": [{"type": "INTEGER (LONG)", "count": "287", "mean": "11.878048780487806", "stddev": "6.99418632388904", "min_value": "6", "max_value": "72"}, {"type": "TEXT", "count": "1455", "shortest_values": [["*", 1], ["*", 1], ["*", 1], ["*", 1], ["*", 1]], "longest_values": [["*", 1], ["*", 1], ["*", 1], ["*", 1], ["*", 1]], "average_length": "1.0"}]}, {"column_name": "GEN_ED_EXPULSIONS", "number_non_empty_cells": 1742, "number_empty_cells": 0, "number_distinct_values": 1, "frequent_values": ["*"], "dataTypes": [{"type": "TEXT", "count": "1742", "shortest_values": [["*", 1], ["*", 1], ["*", 1], ["*", 1], ["*", 1]], "longest_values": [["*", 1], ["*", 1], ["*", 1], ["*", 1], ["*", 1]], "average_length": "1.0"}]}, {"column_name": "SWD_REMOVALS", "number_non_empty_cells": 1742, "number_empty_cells": 0, "number_distinct_values": 32, "frequent_values": ["*", "6", "8", "7", "10"], "dataTypes": [{"type": "INTEGER (LONG)", "count": "189", "mean": "13.761904761904763", "stddev": "9.495319595723148", "min_value": "6", "max_value": "60"}, {"type": "TEXT", "count": "1553", "shortest_values": [["*", 1], ["*", 1], ["*", 1], ["*", 1], ["*", 1]], "longest_values": [["*", 1], ["*", 1], ["*", 1], ["*", 1], ["*", 1]], "average_length": "1.0"}]}, {"column_name": "SWD_PRINCIPAL", "number_non_empty_cells": 1742, "number_empty_cells": 0, "number_distinct_values": 56, "frequent_values": ["*", "6", "8", "7", "9"], "dataTypes": [{"type": "INTEGER (LONG)", "count": "370", "mean": "17.643243243243244", "stddev": "16.894612610306442", "min_value": "6", "max_value": "198"}, {"type": "TEXT", "count": "1372", "shortest_values": [["*", 1], ["*", 1], ["*", 1], ["*", 1], ["*", 1]], "longest_values": [["*", 1], ["*", 1], ["*", 1], ["*", 1], ["*", 1]], "average_length": "1.0"}]}, {"column_name": "SWD_SUPERINTENDENT", "number_non_empty_cells": 1742, "number_empty_cells": 0, "number_distinct_values": 24, "frequent_values": ["*", "6", "7", "8", "9"], "dataTypes": [{"type": "INTEGER (LONG)", "count": "186", "mean": "10.763440860215054", "stddev": "6.412652779002708", "min_value": "6", "max_value": "53"}, {"type": "TEXT", "count": "1556", "shortest_values": [["*", 1], ["*", 1], ["*", 1], ["*", 1], ["*", 1]], "longest_values": [["*", 1], ["*", 1], ["*", 1], ["*", 1], ["*", 1]], "average_length": "1.0"}]}, {"column_name": "SWD_EXPULSIONS", "number_non_empty_cells": 1742, "number_empty_cells": 0, "number_distinct_values": 1, "frequent_values": ["*"], "dataTypes": [{"type": "TEXT", "count": "1742", "shortest_values": [["*", 1], ["*", 1], ["*", 1], ["*", 1], ["*", 1]], "longest_values": [["*", 1], ["*", 1], ["*", 1], ["*", 1], ["*", 1]], "average_length": "1.0"}]}]}