{"dataset_name": "/user/hm74/NYCOpenData/9byw-znpj.tsv.gz", "columns": [{"column_name": "Prop_ID", "number_non_empty_cells": 695, "number_empty_cells": 0, "number_distinct_values": 681, "frequent_values": ["M088", "X039-ZN18", "X047-ZN01", "M010-031", "M015"], "dataTypes": [{"type": "DATE/TIME", "count": 27, "max_value": "2019-12-31T00:00:10", "min_value": "0145-12-06T00:00:10"}, {"type": "TEXT", "count": 668, "shortest_values": [["Q306", 4], ["M239", 4], ["Q364", 4], ["X217", 4], ["Q085", 4]], "longest_values": [["M010-ZN24&25", 12], ["M010-ZN10&11", 12], ["M010-ZN18&19", 12], ["M010-ZN42&43", 12], ["M010-ZN18&19", 12]], "average_length": 5.6242514970059885}]}, {"column_name": "CS_ID", "number_non_empty_cells": 695, "number_empty_cells": 0, "number_distinct_values": 695, "frequent_values": [1645, 1591, 1959, 1580, 1829], "dataTypes": [{"type": "INTEGER (LONG)", "count": 695, "max_value": 2070, "min_value": 1336, "mean": 1699.440287769784, "stddev": 211.46204745435108}]}, {"column_name": "Winterized", "number_non_empty_cells": 84, "number_empty_cells": 611, "number_distinct_values": 2, "frequent_values": ["Yes", null], "dataTypes": [{"type": "TEXT", "count": 84, "shortest_values": [["Yes", 3], ["Yes", 3], ["Yes", 3], ["Yes", 3], ["Yes", 3]], "longest_values": [["Yes", 3], ["Yes", 3], ["Yes", 3], ["Yes", 3], ["Yes", 3]], "average_length": 3.0}]}, {"column_name": "Reason_Winterized", "number_non_empty_cells": 84, "number_empty_cells": 611, "number_distinct_values": 12, "frequent_values": ["Seasonal", "No heat", "No Heat", "No gas", "No power"], "dataTypes": [{"type": "TEXT", "count": 84, "shortest_values": [["No gas", 6], ["No gas", 6], ["No Gas", 6], ["No gas", 6], ["No gas", 6]], "longest_values": [["No electric", 11], ["No electric", 11], ["No Electric", 11], ["Electrical", 10], ["Seasonal", 8]], "average_length": 7.345238095238095}]}, {"column_name": "Long_Term_Closure", "number_non_empty_cells": 68, "number_empty_cells": 627, "number_distinct_values": 2, "frequent_values": ["Yes", null], "dataTypes": [{"type": "TEXT", "count": 68, "shortest_values": [["Yes", 3], ["Yes", 3], ["Yes", 3], ["Yes", 3], ["Yes", 3]], "longest_values": [["Yes", 3], ["Yes", 3], ["Yes", 3], ["Yes", 3], ["Yes", 3]], "average_length": 3.0}]}, {"column_name": "Reason_Closed", "number_non_empty_cells": 69, "number_empty_cells": 626, "number_distinct_values": 14, "frequent_values": ["Capital", "Abandoned", "Repairs", "DEP/Sewer", "Construction"], "dataTypes": [{"type": "TEXT", "count": 69, "shortest_values": [["Sandy", 5], ["Safety", 6], ["Repairs", 7], ["Repairs", 7], ["Repairs", 7]], "longest_values": [["Area closed for construction", 28], ["Closed permanently", 18], ["Closed permanently", 18], ["Closed permanently", 18], ["Closed permanently", 18]], "average_length": 9.463768115942026}]}, {"column_name": "Other_Notes", "number_non_empty_cells": 0, "number_empty_cells": 695, "number_distinct_values": 1, "frequent_values": [null], "dataTypes": []}]}