{"dataset_name": "/user/hm74/NYCOpenData/9c56-46pu.tsv.gz", "columns": [{"column_name": "DBN", "number_non_empty_cells": 603, "number_empty_cells": 1, "number_distinct_values": 19, "frequent_values": ["07X520", "02M625", "14K322", "14K330", "22K495"], "dataTypes": [{"type": "TEXT", "count": 603, "shortest_values": [["02M625", 6], ["02M625", 6], ["02M625", 6], ["02M625", 6], ["02M625", 6]], "longest_values": [["02M625", 6], ["02M625", 6], ["02M625", 6], ["02M625", 6], ["02M625", 6]], "average_length": 6.0}]}, {"column_name": "Category Type", "number_non_empty_cells": 603, "number_empty_cells": 1, "number_distinct_values": 7, "frequent_values": ["To School", "Discharge", "Attendance", "GPA", "SWD Status"], "dataTypes": [{"type": "TEXT", "count": 603, "shortest_values": [["GPA", 3], ["GPA", 3], ["GPA", 3], ["GPA", 3], ["GPA", 3]], "longest_values": [["Attendance", 10], ["Attendance", 10], ["Attendance", 10], ["Attendance", 10], ["Attendance", 10]], "average_length": 8.734660033167511}]}, {"column_name": "Category Values", "number_non_empty_cells": 603, "number_empty_cells": 1, "number_distinct_values": 314, "frequent_values": ["SWD", "No Credit Recovery", "Not SWD", "Transferred to another DOE school or pro", "81-100% Attendance Rate"], "dataTypes": [{"type": "TEXT", "count": 603, "shortest_values": [["SWD", 3], ["SWD", 3], ["SWD", 3], ["SWD", 3], ["SWD", 3]], "longest_values": [["Transferred to a part-time DOE GED progr", 40], ["Transferred to a YABC, D79 or D75 progra", 40], ["Transferred to a DOE high school equival", 40], ["Discharged to a non-public school in NYC", 40], ["Discharged to a non-public school  in NY", 40]], "average_length": 11.777777777777784}]}, {"column_name": "Total#", "number_non_empty_cells": 604, "number_empty_cells": 0, "number_distinct_values": 57, "frequent_values": ["s", "14", "13", "23", "10"], "dataTypes": [{"type": "INTEGER (LONG)", "count": 108, "max_value": 177, "min_value": 10, "mean": 36.04629629629628, "stddev": 30.53546337162113}, {"type": "TEXT", "count": 496, "shortest_values": [["#", 1], ["s", 1], ["s", 1], ["s", 1], ["s", 1]], "longest_values": [["#", 1], ["s", 1], ["s", 1], ["s", 1], ["s", 1]], "average_length": 1.0}]}, {"column_name": "Total%", "number_non_empty_cells": 604, "number_empty_cells": 0, "number_distinct_values": 97, "frequent_values": ["s", "33.8", "28.6", "75.0", "18.2"], "dataTypes": [{"type": "REAL", "count": 108, "max_value": 97.6, "min_value": 4.3, "mean": 40.420370370370385, "stddev": 25.280224884941127}, {"type": "TEXT", "count": 496, "shortest_values": [["%", 1], ["s", 1], ["s", 1], ["s", 1], ["s", 1]], "longest_values": [["%", 1], ["s", 1], ["s", 1], ["s", 1], ["s", 1]], "average_length": 1.0}]}, {"column_name": "Male#", "number_non_empty_cells": 604, "number_empty_cells": 0, "number_distinct_values": 29, "frequent_values": ["s", "16", "19", "24", "27"], "dataTypes": [{"type": "INTEGER (LONG)", "count": 37, "max_value": 100, "min_value": 10, "mean": 29.756756756756754, "stddev": 18.89859912641233}, {"type": "TEXT", "count": 567, "shortest_values": [["#", 1], ["s", 1], ["s", 1], ["s", 1], ["s", 1]], "longest_values": [["#", 1], ["s", 1], ["s", 1], ["s", 1], ["s", 1]], "average_length": 1.0}]}, {"column_name": "Male%", "number_non_empty_cells": 604, "number_empty_cells": 0, "number_distinct_values": 38, "frequent_values": ["s", "32.7", "65.0", "94.1", "75.0"], "dataTypes": [{"type": "REAL", "count": 37, "max_value": 98.5, "min_value": 16.9, "mean": 55.927027027027044, "stddev": 25.608778569273472}, {"type": "TEXT", "count": 567, "shortest_values": [["%", 1], ["s", 1], ["s", 1], ["s", 1], ["s", 1]], "longest_values": [["%", 1], ["s", 1], ["s", 1], ["s", 1], ["s", 1]], "average_length": 1.0}]}, {"column_name": "Female#", "number_non_empty_cells": 604, "number_empty_cells": 0, "number_distinct_values": 26, "frequent_values": ["s", "12", "23", "11", "10"], "dataTypes": [{"type": "INTEGER (LONG)", "count": 37, "max_value": 77, "min_value": 10, "mean": 27.32432432432432, "stddev": 19.354521860158528}, {"type": "TEXT", "count": 567, "shortest_values": [["#", 1], ["s", 1], ["s", 1], ["s", 1], ["s", 1]], "longest_values": [["#", 1], ["s", 1], ["s", 1], ["s", 1], ["s", 1]], "average_length": 1.0}]}, {"column_name": "Female%", "number_non_empty_cells": 604, "number_empty_cells": 0, "number_distinct_values": 36, "frequent_values": ["s", "42.9", "39.3", "35.7", "78.3"], "dataTypes": [{"type": "REAL", "count": 37, "max_value": 97.3, "min_value": 14.0, "mean": 57.681081081081075, "stddev": 27.380520179824018}, {"type": "TEXT", "count": 567, "shortest_values": [["%", 1], ["s", 1], ["s", 1], ["s", 1], ["s", 1]], "longest_values": [["%", 1], ["s", 1], ["s", 1], ["s", 1], ["s", 1]], "average_length": 1.0}]}]}