{"dataset_name": "/user/hm74/NYCOpenData/9ct9-prf9.tsv.gz", "columns": [{"column_name": "DBN", "number_non_empty_cells": 478, "number_empty_cells": 0, "number_distinct_values": 478, "frequent_values": ["02M529", "01M539", "02M427", "07X527", "29Q265"], "dataTypes": [{"type": "DATE/TIME", "count": 1, "max_value": "2019-12-07T00:02:47", "min_value": "2019-12-07T00:02:47"}, {"type": "TEXT", "count": 477, "shortest_values": [["01M292", 6], ["01M448", 6], ["01M450", 6], ["01M458", 6], ["01M509", 6]], "longest_values": [["21K412/21K411", 13], ["01M292", 6], ["01M448", 6], ["01M450", 6], ["01M458", 6]], "average_length": 6.014675052410902}]}, {"column_name": "SCHOOL_NAME", "number_non_empty_cells": 424, "number_empty_cells": 54, "number_distinct_values": 478, "frequent_values": ["URBAN ASSEMBLY HIGH SCHOOL OF MUSIC AND ART", "FIORELLO H. LAGUARDIA HIGH SCHOOL OF MUSIC & ART AND PERFORMING ARTS", "WADLEIGH SECONDARY SCHOOL FOR THE PERFORMING & VISUAL ARTS", "HIGH SCHOOL FOR YOUTH AND COMMUNITY DEVELOPMENT AT ERASMUS", "BRONX SCHOOL FOR LAW, GOVERNMENT AND JUSTICE"], "dataTypes": [{"type": "TEXT", "count": 478, "shortest_values": [["P.S. 035", 8], ["P.S. Q256", 9], ["P.S. Q811", 9], ["NYC ISCHOOL", 11], ["BRONX GUILD", 11]], "longest_values": [["ENGLISH LANGUAGE LEARNERS AND INTERNATIONAL SUPPORT PREPARATORY ACADEMY (ELLIS)", 79], ["SCIENCE SKILLS CENTER HIGH SCHOOL FOR SCIENCE, TECHNOLOGY AND THE CREATIVE ARTS", 79], ["ACADEMY FOR COLLEGE PREPARATION AND CAREER EXPLORATION: A COLLEGE BOARD SCHOOL", 78], ["KNOWLEDGE AND POWER PREPARATORY ACADEMY INTERNATIONAL HIGH SCHOOL (KAPPA)", 73], ["CITY POLYTECHNIC HIGH SCHOOL OF ENGINEERING, ARCHITECTURE, AND TECHNOLOGY", 73]], "average_length": 36.5292887029289}]}, {"column_name": "Num_of_AP_Test_Takers", "number_non_empty_cells": 478, "number_empty_cells": 0, "number_distinct_values": 141, "frequent_values": ["s", "18", "19", "24", "27"], "dataTypes": [{"type": "INTEGER (LONG)", "count": 264, "max_value": 2516, "min_value": 6, "mean": 122.75000000000004, "stddev": 245.66040784963397}, {"type": "TEXT", "count": 214, "shortest_values": [["s", 1], ["s", 1], ["s", 1], ["s", 1], ["s", 1]], "longest_values": [["s", 1], ["s", 1], ["s", 1], ["s", 1], ["s", 1]], "average_length": 1.0}]}, {"column_name": "Num_of_AP_Total_Exams_Taken", "number_non_empty_cells": 478, "number_empty_cells": 0, "number_distinct_values": 153, "frequent_values": ["s", "20", "18", "15", "16"], "dataTypes": [{"type": "INTEGER (LONG)", "count": 264, "max_value": 4427, "min_value": 6, "mean": 188.2689393939395, "stddev": 441.8895288439243}, {"type": "TEXT", "count": 214, "shortest_values": [["s", 1], ["s", 1], ["s", 1], ["s", 1], ["s", 1]], "longest_values": [["s", 1], ["s", 1], ["s", 1], ["s", 1], ["s", 1]], "average_length": 1.0}]}, {"column_name": "Num_of_AP_Exams_Passed", "number_non_empty_cells": 478, "number_empty_cells": 0, "number_distinct_values": 97, "frequent_values": ["s", "6", "9", "8", "11"], "dataTypes": [{"type": "INTEGER (LONG)", "count": 178, "max_value": 3333, "min_value": 6, "mean": 149.77528089887633, "stddev": 414.00280227051906}, {"type": "TEXT", "count": 300, "shortest_values": [["s", 1], ["s", 1], ["s", 1], ["s", 1], ["s", 1]], "longest_values": [["s", 1], ["s", 1], ["s", 1], ["s", 1], ["s", 1]], "average_length": 1.0}]}]}