{"dataset_name": "/user/hm74/NYCOpenData/9cvd-uyw6.tsv.gz", "columns": [{"column_name": "DBN", "number_non_empty_cells": 1743, "number_empty_cells": 0, "number_distinct_values": 1743, "frequent_values": ["02M042", "02M529", "08X093", "01M064", "01M539"], "dataTypes": [{"type": "DATE/TIME", "count": 34, "max_value": "2019-12-07T00:06:52", "min_value": "2019-12-07T00:01:15"}, {"type": "TEXT", "count": 1709, "shortest_values": [["01M063", 6], ["01M064", 6], ["01M110", 6], ["01M134", 6], ["01M137", 6]], "longest_values": [["CITYWIDE", 8], ["01M063", 6], ["01M064", 6], ["01M110", 6], ["01M134", 6]], "average_length": 6.001170275014628}]}, {"column_name": "LOCATION_NAME", "number_non_empty_cells": 1743, "number_empty_cells": 0, "number_distinct_values": 1706, "frequent_values": ["Home Schooling", "P.S. 253", "P.S. 360", "P.S. 212", "P.S. 185 Walter Kassenbrock"], "dataTypes": [{"type": "TEXT", "count": 1743, "shortest_values": [["LYFE", 4], ["Kappa", 5], ["P.S. 89", 7], ["Muscota", 7], ["P.S. 66", 7]], "longest_values": [["Collaborative Academy of Science, Technology, & La", 50], ["New Explorations into Science, Technology and Math", 50], ["47 The American Sign Language and English Secondar", 50], ["The Urban Assembly School for Emergency Management", 50], ["Stephen T. Mather Building Arts & Craftsmanship Hi", 50]], "average_length": 27.672977624784867}]}, {"column_name": "LOCATION_CATEGORY", "number_non_empty_cells": 1743, "number_empty_cells": 0, "number_distinct_values": 11, "frequent_values": ["Elementary", "High school", "Junior High-Intermediate-Middle", "K-8", "Secondary School"], "dataTypes": [{"type": "TEXT", "count": 1743, "shortest_values": [["K-8", 3], ["K-8", 3], ["K-8", 3], ["K-8", 3], ["K-8", 3]], "longest_values": [["This cell intentionally left blank", 34], ["Junior High-Intermediate-Middle", 31], ["Junior High-Intermediate-Middle", 31], ["Junior High-Intermediate-Middle", 31], ["Junior High-Intermediate-Middle", 31]], "average_length": 13.701090074584041}]}, {"column_name": "ADMINISTRATIVE_DISTRICT", "number_non_empty_cells": 1743, "number_empty_cells": 0, "number_distinct_values": 36, "frequent_values": ["02", "10", "31", "09", "75"], "dataTypes": [{"type": "INTEGER (LONG)", "count": 1742, "max_value": 97, "min_value": 1, "mean": 18.69862227324913, "stddev": 15.63520668598117}, {"type": "TEXT", "count": 1, "shortest_values": [["This cell intentionally left blank", 34]], "longest_values": [["This cell intentionally left blank", 34]], "average_length": 34.0}]}, {"column_name": "ELL_REMOVALS", "number_non_empty_cells": 1743, "number_empty_cells": 0, "number_distinct_values": 18, "frequent_values": ["*", "6", "8", "7", "11"], "dataTypes": [{"type": "INTEGER (LONG)", "count": 41, "max_value": 1095, "min_value": 6, "mean": 38.073170731707314, "stddev": 167.2308744752336}, {"type": "TEXT", "count": 1702, "shortest_values": [["*", 1], ["*", 1], ["*", 1], ["*", 1], ["*", 1]], "longest_values": [["*", 1], ["*", 1], ["*", 1], ["*", 1], ["*", 1]], "average_length": 1.0}]}, {"column_name": "ELL_PRINCIPAL", "number_non_empty_cells": 1743, "number_empty_cells": 0, "number_distinct_values": 30, "frequent_values": ["*", "6", "8", "7", "11"], "dataTypes": [{"type": "INTEGER (LONG)", "count": 124, "max_value": 2665, "min_value": 6, "mean": 35.266129032258064, "stddev": 237.32977291275964}, {"type": "TEXT", "count": 1619, "shortest_values": [["*", 1], ["*", 1], ["*", 1], ["*", 1], ["*", 1]], "longest_values": [["*", 1], ["*", 1], ["*", 1], ["*", 1], ["*", 1]], "average_length": 1.0}]}, {"column_name": "ELL_SUPERINTENDENT", "number_non_empty_cells": 1743, "number_empty_cells": 0, "number_distinct_values": 11, "frequent_values": ["*", "6", "7", "9", "8"], "dataTypes": [{"type": "INTEGER (LONG)", "count": 21, "max_value": 851, "min_value": 6, "mean": 48.52380952380953, "stddev": 179.45834350108717}, {"type": "TEXT", "count": 1722, "shortest_values": [["*", 1], ["*", 1], ["*", 1], ["*", 1], ["*", 1]], "longest_values": [["*", 1], ["*", 1], ["*", 1], ["*", 1], ["*", 1]], "average_length": 1.0}]}, {"column_name": "ELL_EXPULSIONS", "number_non_empty_cells": 1743, "number_empty_cells": 0, "number_distinct_values": 1, "frequent_values": ["*"], "dataTypes": [{"type": "TEXT", "count": 1743, "shortest_values": [["*", 1], ["*", 1], ["*", 1], ["*", 1], ["*", 1]], "longest_values": [["*", 1], ["*", 1], ["*", 1], ["*", 1], ["*", 1]], "average_length": 1.0}]}, {"column_name": "NON-ELL_REMOVALS", "number_non_empty_cells": 1743, "number_empty_cells": 0, "number_distinct_values": 72, "frequent_values": ["*", "6", "11", "7", "8"], "dataTypes": [{"type": "INTEGER (LONG)", "count": 403, "max_value": 10848, "min_value": 6, "mean": 48.66004962779156, "stddev": 539.0792223847488}, {"type": "TEXT", "count": 1340, "shortest_values": [["*", 1], ["*", 1], ["*", 1], ["*", 1], ["*", 1]], "longest_values": [["*", 1], ["*", 1], ["*", 1], ["*", 1], ["*", 1]], "average_length": 1.0}]}, {"column_name": "NON-ELL_PRINCIPAL", "number_non_empty_cells": 1743, "number_empty_cells": 0, "number_distinct_values": 112, "frequent_values": ["*", "6", "7", "8", "10"], "dataTypes": [{"type": "INTEGER (LONG)", "count": 640, "max_value": 24457, "min_value": 6, "mean": 70.28593749999997, "stddev": 965.3475480635179}, {"type": "TEXT", "count": 1103, "shortest_values": [["*", 1], ["*", 1], ["*", 1], ["*", 1], ["*", 1]], "longest_values": [["*", 1], ["*", 1], ["*", 1], ["*", 1], ["*", 1]], "average_length": 1.0}]}, {"column_name": "NON-ELL_SUPERINTENDENT", "number_non_empty_cells": 1743, "number_empty_cells": 0, "number_distinct_values": 46, "frequent_values": ["*", "6", "7", "11", "8"], "dataTypes": [{"type": "INTEGER (LONG)", "count": 438, "max_value": 9674, "min_value": 6, "mean": 38.25114155251141, "stddev": 461.0744310757728}, {"type": "TEXT", "count": 1305, "shortest_values": [["*", 1], ["*", 1], ["*", 1], ["*", 1], ["*", 1]], "longest_values": [["*", 1], ["*", 1], ["*", 1], ["*", 1], ["*", 1]], "average_length": 1.0}]}, {"column_name": "NON-ELL_EXPULSIONS", "number_non_empty_cells": 1743, "number_empty_cells": 0, "number_distinct_values": 1, "frequent_values": ["*"], "dataTypes": [{"type": "TEXT", "count": 1743, "shortest_values": [["*", 1], ["*", 1], ["*", 1], ["*", 1], ["*", 1]], "longest_values": [["*", 1], ["*", 1], ["*", 1], ["*", 1], ["*", 1]], "average_length": 1.0}]}]}