{"dataset_name": "/user/hm74/NYCOpenData/9d9t-bmk7.tsv.gz", "columns": [{"column_name": "Borough", "number_non_empty_cells": 28, "number_empty_cells": 0, "number_distinct_values": 5, "frequent_values": ["Manhattan", "Brooklyn", "Bronx", "Queens", "Staten Island"], "dataTypes": [{"type": "TEXT", "count": 28, "shortest_values": [["Bronx", 5], ["Bronx", 5], ["Bronx", 5], ["Bronx", 5], ["Bronx", 5]], "longest_values": [["Staten Island", 13], ["Manhattan", 9], ["Manhattan", 9], ["Manhattan", 9], ["Manhattan", 9]], "average_length": 7.392857142857142}]}, {"column_name": "Facility Name", "number_non_empty_cells": 28, "number_empty_cells": 0, "number_distinct_values": 28, "frequent_values": ["Queens", "Family Services Call Center, Queens\u00a0Satellite", "Clinton Hill", "Refugee and Immigrant Service Center", "Fordham"], "dataTypes": [{"type": "TEXT", "count": 28, "shortest_values": [["Rider", 5], ["Dekalb", 6], ["Queens", 6], ["Crotona", 7], ["Fordham", 7]], "longest_values": [["Home Visit Needed/Reasonable Accommodations Request Operations", 62], ["Family Services Call Center, Manhattan Satellite", 48], ["Family Services Call Center, Brooklyn Satellite", 47], ["Family Services Call Center, Queens\u00a0Satellite", 45], ["Family Services Call Center Bronx Satellite", 43]], "average_length": 19.142857142857146}]}, {"column_name": "Street Address", "number_non_empty_cells": 28, "number_empty_cells": 0, "number_distinct_values": 23, "frequent_values": ["109 E. 16th Street", "132 W. 125th Street", "847 Barretto Street", "32-20 Northern Boulevard, Long Island City", "275 Bergen Street"], "dataTypes": [{"type": "TEXT", "count": 28, "shortest_values": [["201 Bay Street", 14], ["300 Canal Place", 15], ["35 Fourth Avenue", 16], ["495 Clermont Ave", 16], ["4055 10th Avenue", 16]], "longest_values": [["32-20 Northern Boulevard, Long Island City", 42], ["32-20 Northern Boulevard, Long Island City", 42], ["25 Chapel Street, 6th Fl., Room 606", 35], ["32-20 Northern Blvd, 5th Floor", 30], ["2541-2549 Bainbridge Avenue", 27]], "average_length": 21.499999999999993}]}, {"column_name": "City", "number_non_empty_cells": 28, "number_empty_cells": 0, "number_distinct_values": 5, "frequent_values": ["New York", "Brooklyn", "Bronx", "Queens", "Staten Island"], "dataTypes": [{"type": "TEXT", "count": 28, "shortest_values": [["Bronx", 5], ["Bronx", 5], ["Bronx", 5], ["Bronx", 5], ["Bronx", 5]], "longest_values": [["Staten Island", 13], ["Brooklyn", 8], ["Brooklyn", 8], ["Brooklyn", 8], ["Brooklyn", 8]], "average_length": 7.107142857142858}]}, {"column_name": "State", "number_non_empty_cells": 28, "number_empty_cells": 0, "number_distinct_values": 1, "frequent_values": ["NY"], "dataTypes": [{"type": "TEXT", "count": 28, "shortest_values": [["NY", 2], ["NY", 2], ["NY", 2], ["NY", 2], ["NY", 2]], "longest_values": [["NY", 2], ["NY", 2], ["NY", 2], ["NY", 2], ["NY", 2]], "average_length": 2.0}]}, {"column_name": "Post Code", "number_non_empty_cells": 28, "number_empty_cells": 0, "number_distinct_values": 20, "frequent_values": [10003, 11101, 10474, 11432, 10027], "dataTypes": [{"type": "INTEGER (LONG)", "count": 28, "max_value": 11692, "min_value": 10003, "mean": 10699.285714285716, "stddev": 555.1080240523883}]}, {"column_name": "Phone Number(s)", "number_non_empty_cells": 28, "number_empty_cells": 0, "number_distinct_values": 28, "frequent_values": ["929-221-3856 | 929-221-3867", "718-784-6043", "929-252-7310 | 929-252-7308", "212-569-9627 | 212-569-9626", "212-620-9890 | 212-620-9224"], "dataTypes": [{"type": "TEXT", "count": 28, "shortest_values": [["929 252-8991", 12], ["929 252-3331", 12], ["718-742-3924", 12], ["929-252-6704", 12], ["718-784-6043", 12]], "longest_values": [["929-221-8265/8270 | 718-883-8296", 32], ["929-252-7310 | 929-252-7308", 27], ["929-252-4350\u00a0| 929-252-4349", 27], ["929-252-4269 | 718-883-8296", 27], ["718-473-8313 | 718-222-2430", 27]], "average_length": 23.928571428571434}]}, {"column_name": "Comments", "number_non_empty_cells": 6, "number_empty_cells": 22, "number_distinct_values": 7, "frequent_values": ["Primarily handles face to face recertifications and emergency walk-in activities for the Family Call Center's active child only cases whose payees are not in receipt of cash assistance.", "Primarily services cash assistance recipient cases in which at least one household member is a Veteran.", "Primarily a mail and phone operation servicing active child only cases whose payees are not in receipt of cash assistance", "Primarily handles face to face recertification and emergency walk-in activities for the Family Call Center\u2019s active child only cases", "Primarily serves individuals identified as having significant barriers to employment and needing specialized services"], "dataTypes": [{"type": "TEXT", "count": 6, "shortest_values": [["Primarily services cash assistance recipient cases in which at least one household member is a Veteran.", 103], ["Primarily serves individuals identified as having significant barriers to employment and needing specialized services", 117], ["Primarily a mail and phone operation servicing active child only cases whose payees are not in receipt of cash assistance", 121], ["Primarily handles face to face recertification and emergency walk-in activities for the Family Call Center\u2019s active child only cases", 132], ["Primarily handles face to face recertifications and emergency walk-in activities for the Family Call Center's active child only cases whose payees are not in receipt of cash assistance", 184]], "longest_values": [["Primarily handles face to face recertifications and emergency walk-in activities for the Family Call Center's active child only cases whose payees are not in receipt of cash assistance.", 185], ["Primarily handles face to face recertifications and emergency walk-in activities for the Family Call Center's active child only cases whose payees are not in receipt of cash assistance", 184], ["Primarily handles face to face recertification and emergency walk-in activities for the Family Call Center\u2019s active child only cases", 132], ["Primarily a mail and phone operation servicing active child only cases whose payees are not in receipt of cash assistance", 121], ["Primarily serves individuals identified as having significant barriers to employment and needing specialized services", 117]], "average_length": 140.33333333333331}]}, {"column_name": "Latitude", "number_non_empty_cells": 28, "number_empty_cells": 0, "number_distinct_values": 21, "frequent_values": [40.735681, 40.75197, 40.708661, 40.817689, 40.808451], "dataTypes": [{"type": "REAL", "count": 28, "max_value": 40.870388, "min_value": 40.57353, "mean": 40.74405092857142, "stddev": 0.0763737591304051}]}, {"column_name": "Longitude", "number_non_empty_cells": 28, "number_empty_cells": 0, "number_distinct_values": 21, "frequent_values": [-73.988713, -73.931799, -73.890379, -73.947112, -73.796703], "dataTypes": [{"type": "REAL", "count": 28, "max_value": -73.789051, "min_value": -74.076212, "mean": -73.93187517857142, "stddev": 0.06399007671286458}]}, {"column_name": "Community Board", "number_non_empty_cells": 28, "number_empty_cells": 0, "number_distinct_values": 11, "frequent_values": [1, 2, 5, 12, 10], "dataTypes": [{"type": "INTEGER (LONG)", "count": 28, "max_value": 14, "min_value": 1, "mean": 5.535714285714286, "stddev": 4.338220033749383}]}, {"column_name": "Council District ", "number_non_empty_cells": 28, "number_empty_cells": 0, "number_distinct_values": 16, "frequent_values": [9, 33, 26, 2, 27], "dataTypes": [{"type": "INTEGER (LONG)", "count": 28, "max_value": 49, "min_value": 2, "mean": 20.642857142857142, "stddev": 13.594153905564086}]}, {"column_name": "Census Tract", "number_non_empty_cells": 28, "number_empty_cells": 0, "number_distinct_values": 21, "frequent_values": [171, 50, 460, 222, 93], "dataTypes": [{"type": "INTEGER (LONG)", "count": 28, "max_value": 39901, "min_value": 13, "mean": 3453.000000000001, "stddev": 10062.030730850081}]}, {"column_name": "BIN", "number_non_empty_cells": 28, "number_empty_cells": 0, "number_distinct_values": 21, "frequent_values": [4003105, 1017821, 4210062, 2005939, 1057820], "dataTypes": [{"type": "INTEGER (LONG)", "count": 28, "max_value": 5013238, "min_value": 1009716, "mean": 2587975.1785714286, "stddev": 1254328.5840791208}]}, {"column_name": "BBL", "number_non_empty_cells": 28, "number_empty_cells": 0, "number_distinct_values": 21, "frequent_values": [4002147501, 1008720013, 4098150056, 2027390015, 1019090012], "dataTypes": [{"type": "INTEGER (LONG)", "count": 28, "max_value": 5004970009, "min_value": 1005770034, "mean": 2529110824.8928576, "stddev": 1222019607.7867515}]}, {"column_name": "NTA", "number_non_empty_cells": 28, "number_empty_cells": 0, "number_distinct_values": 20, "frequent_values": ["Gramercy", "Hunters Point-Sunnyside-West Maspeth", "DUMBO-Vinegar Hill-Downtown Brooklyn-Boerum Hill", "Hunts Point", "Central Harlem South"], "dataTypes": [{"type": "TEXT", "count": 28, "shortest_values": [["Bedford", 7], ["Jamaica", 7], ["Jamaica", 7], ["Gramercy", 8], ["Gramercy", 8]], "longest_values": [["DUMBO-Vinegar Hill-Downtown Brooklyn-Boerum Hill", 48], ["DUMBO-Vinegar Hill-Downtown Brooklyn-Boerum Hill", 48], ["Hunters Point-Sunnyside-West Maspeth", 36], ["Hunters Point-Sunnyside-West Maspeth", 36], ["Hunters Point-Sunnyside-West Maspeth", 36]], "average_length": 19.035714285714285}]}]}