{"dataset_name": "/user/hm74/NYCOpenData/9ddq-vbjj.tsv.gz", "columns": [{"column_name": "Program Category", "number_non_empty_cells": 29, "number_empty_cells": 0, "number_distinct_values": 29, "frequent_values": ["DOE ADMINISTRATION", "SCIENCE LAB UPGRADES", "LEAD PAINT ABATEMENT", "3-K INITIATIVE", "LIBRARY UPGRADES"], "dataTypes": [{"type": "TEXT", "count": 29, "shortest_values": [["ASBESTOS", 8], ["TECHNOLOGY", 10], ["Grand Total", 11], ["CIP RESPONSE", 12], ["CITY COUNCIL", 12]], "longest_values": [["EMERGENCY LIGHTING AND FIRE SAFETY RETROFITS", 44], ["SCHOOL IMPROVEMENT AND RESTRUCTURING", 36], ["ROOM CONVERSIONS/PARTITIONING", 29], ["PRE-KINDERGARTEN INITIATIVE", 27], ["CHARTER/INNOVATIVE SCHOOLS", 26]], "average_length": 19.448275862068957}]}, {"column_name": "Code", "number_non_empty_cells": 28, "number_empty_cells": 1, "number_distinct_values": 29, "frequent_values": ["6C1", "3A7", "6D1", "4A1a", "2A8"], "dataTypes": [{"type": "REAL", "count": 5, "max_value": 1e+20, "min_value": 60.0, "mean": 2.00002e+19, "stddev": 3.9999900001875e+19}, {"type": "DATE/TIME", "count": 16, "max_value": "2019-12-09T02:00:00", "min_value": "2019-12-01T03:00:00"}, {"type": "TEXT", "count": 7, "shortest_values": [["1C1", 3], ["1C5", 3], ["6C1", 3], ["6D1", 3], ["6F1", 3]], "longest_values": [["1C12", 4], ["1C1", 3], ["1C5", 3], ["6C1", 3], ["6D1", 3]], "average_length": 3.1428571428571432}]}, {"column_name": "FY20", "number_non_empty_cells": 29, "number_empty_cells": 0, "number_distinct_values": 19, "frequent_values": [0.0, 10.0, 40.0, 0.7, 180.0], "dataTypes": [{"type": "REAL", "count": 29, "max_value": 1483.02, "min_value": 0.0, "mean": 102.27724137931037, "stddev": 274.1937275735276}]}, {"column_name": "FY21", "number_non_empty_cells": 29, "number_empty_cells": 0, "number_distinct_values": 19, "frequent_values": [0.0, 10.0, 40.0, 180.0, 7.0], "dataTypes": [{"type": "REAL", "count": 29, "max_value": 1133.42, "min_value": 0.0, "mean": 78.16724137931034, "stddev": 208.78836894373003}]}, {"column_name": "FY22", "number_non_empty_cells": 29, "number_empty_cells": 0, "number_distinct_values": 16, "frequent_values": [0.0, 25.0, 10.0, 40.0, 180.0], "dataTypes": [{"type": "REAL", "count": 29, "max_value": 811.45, "min_value": 0.0, "mean": 55.96206896551725, "stddev": 151.13805425502622}]}, {"column_name": "FY23", "number_non_empty_cells": 29, "number_empty_cells": 0, "number_distinct_values": 16, "frequent_values": [0.0, 25.0, 10.0, 40.0, 180.0], "dataTypes": [{"type": "REAL", "count": 29, "max_value": 807.55, "min_value": 0.0, "mean": 55.69310344827586, "stddev": 150.36546847949583}]}, {"column_name": "FY24", "number_non_empty_cells": 29, "number_empty_cells": 0, "number_distinct_values": 15, "frequent_values": [0.0, 25.0, 10.0, 40.0, 180.0], "dataTypes": [{"type": "REAL", "count": 29, "max_value": 765.65, "min_value": 0.0, "mean": 52.80344827586208, "stddev": 143.16289924119266}]}, {"column_name": "Total", "number_non_empty_cells": 29, "number_empty_cells": 0, "number_distinct_values": 17, "frequent_values": [0.0, 750.0, 50.0, 200.0, 500.0], "dataTypes": [{"type": "REAL", "count": 29, "max_value": 5001.09, "min_value": 0.0, "mean": 344.90310344827583, "stddev": 916.4882757084556}]}]}