{"dataset_name": "/user/hm74/NYCOpenData/9ddu-fvnv.tsv.gz", "columns": [{"column_name": "DBN", "number_non_empty_cells": 1665, "number_empty_cells": 0, "number_distinct_values": 1665, "frequent_values": ["02M042", "02M529", "08X093", "01M064", "01M539"], "dataTypes": [{"type": "DATE/TIME", "count": 34, "max_value": "2019-12-07T00:06:52", "min_value": "2019-12-07T00:01:15"}, {"type": "TEXT", "count": 1631, "shortest_values": [["01M063", 6], ["01M064", 6], ["01M110", 6], ["01M134", 6], ["01M140", 6]], "longest_values": [["CITYWIDE", 8], ["01M063", 6], ["01M064", 6], ["01M110", 6], ["01M134", 6]], "average_length": 6.001226241569589}]}, {"column_name": "LOCATION_NAME", "number_non_empty_cells": 1664, "number_empty_cells": 1, "number_distinct_values": 1662, "frequent_values": ["P.S. 360", "P.S. 253", "P.S. 212", "P.S. 152 Gwendoline N. Alleyne School", "P.S. 185 Walter Kassenbrock"], "dataTypes": [{"type": "TEXT", "count": 1664, "shortest_values": [["LYFE", 4], ["Kappa", 5], ["P.S. 89", 7], ["Muscota", 7], ["P.S. 66", 7]], "longest_values": [["New Explorations into Science, Technology and Math", 50], ["47 The American Sign Language and English Secondar", 50], ["The Urban Assembly School for Emergency Management", 50], ["Stephen T. Mather Building Arts & Craftsmanship Hi", 50], ["James Baldwin School, The: A School for Expedition", 50]], "average_length": 27.967548076923055}]}, {"column_name": "LOCATION_CATEGORY", "number_non_empty_cells": 1664, "number_empty_cells": 1, "number_distinct_values": 11, "frequent_values": ["Elementary", "High school", "Junior High-Intermediate-Middle", "K-8", "Secondary School"], "dataTypes": [{"type": "TEXT", "count": 1664, "shortest_values": [["K-8", 3], ["K-8", 3], ["K-8", 3], ["K-8", 3], ["K-8", 3]], "longest_values": [["Junior High-Intermediate-Middle", 31], ["Junior High-Intermediate-Middle", 31], ["Junior High-Intermediate-Middle", 31], ["Junior High-Intermediate-Middle", 31], ["Junior High-Intermediate-Middle", 31]], "average_length": 13.541466346153838}]}, {"column_name": "ADMINISTRATIVE_DISTRICT", "number_non_empty_cells": 1664, "number_empty_cells": 1, "number_distinct_values": 35, "frequent_values": [2, 10, 31, 9, 11], "dataTypes": [{"type": "INTEGER (LONG)", "count": 1664, "max_value": 79, "min_value": 1, "mean": 18.318509615384613, "stddev": 14.82297767014181}]}, {"column_name": "0_PRINCIPAL", "number_non_empty_cells": 1665, "number_empty_cells": 0, "number_distinct_values": 1, "frequent_values": ["R"], "dataTypes": [{"type": "TEXT", "count": 1665, "shortest_values": [["R", 1], ["R", 1], ["R", 1], ["R", 1], ["R", 1]], "longest_values": [["R", 1], ["R", 1], ["R", 1], ["R", 1], ["R", 1]], "average_length": 1.0}]}, {"column_name": "0_SUPERINTENDENT", "number_non_empty_cells": 1665, "number_empty_cells": 0, "number_distinct_values": 2, "frequent_values": ["R", "52"], "dataTypes": [{"type": "INTEGER (LONG)", "count": 1, "max_value": 52, "min_value": 52, "mean": 52.0, "stddev": 0.0}, {"type": "TEXT", "count": 1664, "shortest_values": [["R", 1], ["R", 1], ["R", 1], ["R", 1], ["R", 1]], "longest_values": [["R", 1], ["R", 1], ["R", 1], ["R", 1], ["R", 1]], "average_length": 1.0}]}, {"column_name": "1_REMOVAL", "number_non_empty_cells": 1665, "number_empty_cells": 0, "number_distinct_values": 50, "frequent_values": ["R", "6", "7", "8", "10"], "dataTypes": [{"type": "INTEGER (LONG)", "count": 212, "max_value": 5810, "min_value": 6, "mean": 47.07547169811322, "stddev": 397.3014799898636}, {"type": "TEXT", "count": 1453, "shortest_values": [["R", 1], ["R", 1], ["R", 1], ["R", 1], ["R", 1]], "longest_values": [["R", 1], ["R", 1], ["R", 1], ["R", 1], ["R", 1]], "average_length": 1.0}]}, {"column_name": "1_PRINCIPAL", "number_non_empty_cells": 1665, "number_empty_cells": 0, "number_distinct_values": 34, "frequent_values": ["R", "8", "6", "7", "10"], "dataTypes": [{"type": "INTEGER (LONG)", "count": 139, "max_value": 3017, "min_value": 6, "mean": 36.36690647482015, "stddev": 254.11672794761898}, {"type": "TEXT", "count": 1526, "shortest_values": [["R", 1], ["R", 1], ["R", 1], ["R", 1], ["R", 1]], "longest_values": [["R", 1], ["R", 1], ["R", 1], ["R", 1], ["R", 1]], "average_length": 1.0}]}, {"column_name": "2_REMOVAL", "number_non_empty_cells": 1665, "number_empty_cells": 0, "number_distinct_values": 34, "frequent_values": ["R", "6", "7", "10", "9"], "dataTypes": [{"type": "INTEGER (LONG)", "count": 126, "max_value": 2806, "min_value": 6, "mean": 36.46825396825397, "stddev": 247.97377890401137}, {"type": "TEXT", "count": 1539, "shortest_values": [["R", 1], ["R", 1], ["R", 1], ["R", 1], ["R", 1]], "longest_values": [["R", 1], ["R", 1], ["R", 1], ["R", 1], ["R", 1]], "average_length": 1.0}]}, {"column_name": "2_PRINCIPAL", "number_non_empty_cells": 1665, "number_empty_cells": 0, "number_distinct_values": 44, "frequent_values": ["R", "7", "6", "8", "9"], "dataTypes": [{"type": "INTEGER (LONG)", "count": 257, "max_value": 5218, "min_value": 6, "mean": 35.40856031128405, "stddev": 324.17934761623}, {"type": "TEXT", "count": 1408, "shortest_values": [["R", 1], ["R", 1], ["R", 1], ["R", 1], ["R", 1]], "longest_values": [["R", 1], ["R", 1], ["R", 1], ["R", 1], ["R", 1]], "average_length": 1.0}]}, {"column_name": "2_SUPERINTENDENT", "number_non_empty_cells": 1665, "number_empty_cells": 0, "number_distinct_values": 1, "frequent_values": ["R"], "dataTypes": [{"type": "TEXT", "count": 1665, "shortest_values": [["R", 1], ["R", 1], ["R", 1], ["R", 1], ["R", 1]], "longest_values": [["R", 1], ["R", 1], ["R", 1], ["R", 1], ["R", 1]], "average_length": 1.0}]}, {"column_name": "3_REMOVAL", "number_non_empty_cells": 1665, "number_empty_cells": 0, "number_distinct_values": 19, "frequent_values": ["R", "6", "9", "10", "18"], "dataTypes": [{"type": "INTEGER (LONG)", "count": 78, "max_value": 1656, "min_value": 6, "mean": 32.16666666666667, "stddev": 185.17271332646115}, {"type": "TEXT", "count": 1587, "shortest_values": [["R", 1], ["R", 1], ["R", 1], ["R", 1], ["R", 1]], "longest_values": [["R", 1], ["R", 1], ["R", 1], ["R", 1], ["R", 1]], "average_length": 1.0}]}, {"column_name": "3_PRINCIPAL", "number_non_empty_cells": 1665, "number_empty_cells": 0, "number_distinct_values": 50, "frequent_values": ["R", "6", "7", "12", "10"], "dataTypes": [{"type": "INTEGER (LONG)", "count": 326, "max_value": 7010, "min_value": 6, "mean": 38.481595092024534, "stddev": 387.05223641046064}, {"type": "TEXT", "count": 1339, "shortest_values": [["R", 1], ["R", 1], ["R", 1], ["R", 1], ["R", 1]], "longest_values": [["R", 1], ["R", 1], ["R", 1], ["R", 1], ["R", 1]], "average_length": 1.0}]}, {"column_name": "3_SUPERINTENDENT", "number_non_empty_cells": 1665, "number_empty_cells": 0, "number_distinct_values": 1, "frequent_values": ["R"], "dataTypes": [{"type": "TEXT", "count": 1665, "shortest_values": [["R", 1], ["R", 1], ["R", 1], ["R", 1], ["R", 1]], "longest_values": [["R", 1], ["R", 1], ["R", 1], ["R", 1], ["R", 1]], "average_length": 1.0}]}, {"column_name": "4_REMOVAL", "number_non_empty_cells": 1665, "number_empty_cells": 0, "number_distinct_values": 16, "frequent_values": ["R", "6", "9", "7", "8"], "dataTypes": [{"type": "INTEGER (LONG)", "count": 43, "max_value": 1065, "min_value": 6, "mean": 35.0, "stddev": 159.03341757937778}, {"type": "TEXT", "count": 1622, "shortest_values": [["R", 1], ["R", 1], ["R", 1], ["R", 1], ["R", 1]], "longest_values": [["R", 1], ["R", 1], ["R", 1], ["R", 1], ["R", 1]], "average_length": 1.0}]}, {"column_name": "4_PRINCIPAL", "number_non_empty_cells": 1665, "number_empty_cells": 0, "number_distinct_values": 11, "frequent_values": ["R", "6", "8", "12", "10"], "dataTypes": [{"type": "INTEGER (LONG)", "count": 58, "max_value": 16, "min_value": 6, "mean": 8.879310344827582, "stddev": 2.716980995751037}, {"type": "TEXT", "count": 1607, "shortest_values": [["R", 1], ["R", 1], ["R", 1], ["R", 1], ["R", 1]], "longest_values": [["R", 1], ["R", 1], ["R", 1], ["R", 1], ["R", 1]], "average_length": 1.0}]}, {"column_name": "4_SUPERINTENDENT", "number_non_empty_cells": 1665, "number_empty_cells": 0, "number_distinct_values": 2, "frequent_values": ["R", "6"], "dataTypes": [{"type": "INTEGER (LONG)", "count": 1, "max_value": 6, "min_value": 6, "mean": 6.0, "stddev": 0.0}, {"type": "TEXT", "count": 1664, "shortest_values": [["R", 1], ["R", 1], ["R", 1], ["R", 1], ["R", 1]], "longest_values": [["R", 1], ["R", 1], ["R", 1], ["R", 1], ["R", 1]], "average_length": 1.0}]}, {"column_name": "5_PRINCIPAL", "number_non_empty_cells": 1665, "number_empty_cells": 0, "number_distinct_values": 66, "frequent_values": ["R", "7", "6", "9", "8"], "dataTypes": [{"type": "INTEGER (LONG)", "count": 361, "max_value": 8942, "min_value": 6, "mean": 45.93351800554017, "stddev": 469.28140505606115}, {"type": "TEXT", "count": 1304, "shortest_values": [["R", 1], ["R", 1], ["R", 1], ["R", 1], ["R", 1]], "longest_values": [["R", 1], ["R", 1], ["R", 1], ["R", 1], ["R", 1]], "average_length": 1.0}]}, {"column_name": "5_SUPERINTENDENT", "number_non_empty_cells": 1665, "number_empty_cells": 0, "number_distinct_values": 7, "frequent_values": ["R", "7", "6", "8", "9"], "dataTypes": [{"type": "INTEGER (LONG)", "count": 17, "max_value": 726, "min_value": 6, "mean": 49.64705882352941, "stddev": 169.09341002794548}, {"type": "TEXT", "count": 1648, "shortest_values": [["R", 1], ["R", 1], ["R", 1], ["R", 1], ["R", 1]], "longest_values": [["R", 1], ["R", 1], ["R", 1], ["R", 1], ["R", 1]], "average_length": 1.0}]}, {"column_name": "6-10_SUPERINTENDENT", "number_non_empty_cells": 1665, "number_empty_cells": 0, "number_distinct_values": 23, "frequent_values": ["R", "6", "7", "8", "9"], "dataTypes": [{"type": "INTEGER (LONG)", "count": 214, "max_value": 4713, "min_value": 6, "mean": 32.177570093457945, "stddev": 320.7618796274472}, {"type": "TEXT", "count": 1451, "shortest_values": [["R", 1], ["R", 1], ["R", 1], ["R", 1], ["R", 1]], "longest_values": [["R", 1], ["R", 1], ["R", 1], ["R", 1], ["R", 1]], "average_length": 1.0}]}, {"column_name": "11-29_SUPERINTENDENT", "number_non_empty_cells": 1665, "number_empty_cells": 0, "number_distinct_values": 8, "frequent_values": ["R", "7", "6", "8", "11"], "dataTypes": [{"type": "INTEGER (LONG)", "count": 16, "max_value": 809, "min_value": 6, "mean": 57.5625, "stddev": 194.02543929534085}, {"type": "TEXT", "count": 1649, "shortest_values": [["R", 1], ["R", 1], ["R", 1], ["R", 1], ["R", 1]], "longest_values": [["R", 1], ["R", 1], ["R", 1], ["R", 1], ["R", 1]], "average_length": 1.0}]}, {"column_name": "30_SUPERINTENDENT", "number_non_empty_cells": 1665, "number_empty_cells": 0, "number_distinct_values": 12, "frequent_values": ["R", "7", "8", "6", "9"], "dataTypes": [{"type": "INTEGER (LONG)", "count": 52, "max_value": 1580, "min_value": 6, "mean": 39.17307692307692, "stddev": 215.77710375736615}, {"type": "TEXT", "count": 1613, "shortest_values": [["R", 1], ["R", 1], ["R", 1], ["R", 1], ["R", 1]], "longest_values": [["R", 1], ["R", 1], ["R", 1], ["R", 1], ["R", 1]], "average_length": 1.0}]}, {"column_name": "31-44_SUPERINTENDENT", "number_non_empty_cells": 1665, "number_empty_cells": 0, "number_distinct_values": 6, "frequent_values": ["R", "6", "7", "9", "10"], "dataTypes": [{"type": "INTEGER (LONG)", "count": 6, "max_value": 563, "min_value": 6, "mean": 100.16666666666666, "stddev": 206.9906734345509}, {"type": "TEXT", "count": 1659, "shortest_values": [["R", 1], ["R", 1], ["R", 1], ["R", 1], ["R", 1]], "longest_values": [["R", 1], ["R", 1], ["R", 1], ["R", 1], ["R", 1]], "average_length": 1.0}]}, {"column_name": "45_SUPERINTENDENT", "number_non_empty_cells": 1665, "number_empty_cells": 0, "number_distinct_values": 3, "frequent_values": ["R", "138", "9"], "dataTypes": [{"type": "INTEGER (LONG)", "count": 2, "max_value": 138, "min_value": 9, "mean": 73.5, "stddev": 64.5}, {"type": "TEXT", "count": 1663, "shortest_values": [["R", 1], ["R", 1], ["R", 1], ["R", 1], ["R", 1]], "longest_values": [["R", 1], ["R", 1], ["R", 1], ["R", 1], ["R", 1]], "average_length": 1.0}]}, {"column_name": "46-59_SUPERINTENDENT", "number_non_empty_cells": 1665, "number_empty_cells": 0, "number_distinct_values": 5, "frequent_values": ["R", "6", "11", "8", "366"], "dataTypes": [{"type": "INTEGER (LONG)", "count": 7, "max_value": 366, "min_value": 6, "mean": 59.142857142857146, "stddev": 125.29100819569565}, {"type": "TEXT", "count": 1658, "shortest_values": [["R", 1], ["R", 1], ["R", 1], ["R", 1], ["R", 1]], "longest_values": [["R", 1], ["R", 1], ["R", 1], ["R", 1], ["R", 1]], "average_length": 1.0}]}, {"column_name": "60_SUPERINTENDENT", "number_non_empty_cells": 1665, "number_empty_cells": 0, "number_distinct_values": 2, "frequent_values": ["R", "122"], "dataTypes": [{"type": "INTEGER (LONG)", "count": 1, "max_value": 122, "min_value": 122, "mean": 122.0, "stddev": 0.0}, {"type": "TEXT", "count": 1664, "shortest_values": [["R", 1], ["R", 1], ["R", 1], ["R", 1], ["R", 1]], "longest_values": [["R", 1], ["R", 1], ["R", 1], ["R", 1], ["R", 1]], "average_length": 1.0}]}, {"column_name": "61-89_SUPERINTENDENT", "number_non_empty_cells": 1665, "number_empty_cells": 0, "number_distinct_values": 3, "frequent_values": ["R", "6", "247"], "dataTypes": [{"type": "INTEGER (LONG)", "count": 3, "max_value": 247, "min_value": 6, "mean": 86.33333333333333, "stddev": 113.60848951063865}, {"type": "TEXT", "count": 1662, "shortest_values": [["R", 1], ["R", 1], ["R", 1], ["R", 1], ["R", 1]], "longest_values": [["R", 1], ["R", 1], ["R", 1], ["R", 1], ["R", 1]], "average_length": 1.0}]}, {"column_name": "90_SUPERINTENDENT", "number_non_empty_cells": 1665, "number_empty_cells": 0, "number_distinct_values": 4, "frequent_values": ["R", "8", "89", "6"], "dataTypes": [{"type": "INTEGER (LONG)", "count": 3, "max_value": 89, "min_value": 6, "mean": 34.33333333333333, "stddev": 38.663792996664064}, {"type": "TEXT", "count": 1662, "shortest_values": [["R", 1], ["R", 1], ["R", 1], ["R", 1], ["R", 1]], "longest_values": [["R", 1], ["R", 1], ["R", 1], ["R", 1], ["R", 1]], "average_length": 1.0}]}, {"column_name": "180_SUPERINTENDENT", "number_non_empty_cells": 1665, "number_empty_cells": 0, "number_distinct_values": 3, "frequent_values": ["R", "6", "118"], "dataTypes": [{"type": "INTEGER (LONG)", "count": 2, "max_value": 118, "min_value": 6, "mean": 62.0, "stddev": 56.0}, {"type": "TEXT", "count": 1663, "shortest_values": [["R", 1], ["R", 1], ["R", 1], ["R", 1], ["R", 1]], "longest_values": [["R", 1], ["R", 1], ["R", 1], ["R", 1], ["R", 1]], "average_length": 1.0}]}, {"column_name": "Awaiting_Hearing_or_MDR_SUPERINTENDENT", "number_non_empty_cells": 1665, "number_empty_cells": 0, "number_distinct_values": 2, "frequent_values": ["R", "6"], "dataTypes": [{"type": "INTEGER (LONG)", "count": 1, "max_value": 6, "min_value": 6, "mean": 6.0, "stddev": 0.0}, {"type": "TEXT", "count": 1664, "shortest_values": [["R", 1], ["R", 1], ["R", 1], ["R", 1], ["R", 1]], "longest_values": [["R", 1], ["R", 1], ["R", 1], ["R", 1], ["R", 1]], "average_length": 1.0}]}, {"column_name": "SY1617_TOTAL_REMOVALS/SUSPENSIONS", "number_non_empty_cells": 1665, "number_empty_cells": 0, "number_distinct_values": 159, "frequent_values": ["R", "0", "6", "11", "12"], "dataTypes": [{"type": "INTEGER (LONG)", "count": 1311, "max_value": 46571, "min_value": 0, "mean": 70.35087719298255, "stddev": 1285.5231515408777}, {"type": "TEXT", "count": 354, "shortest_values": [["R", 1], ["R", 1], ["R", 1], ["R", 1], ["R", 1]], "longest_values": [["R", 1], ["R", 1], ["R", 1], ["R", 1], ["R", 1]], "average_length": 1.0}]}]}