{"dataset_name": "/user/hm74/NYCOpenData/9eun-chvy.tsv.gz", "columns": [{"column_name": "Borough", "number_non_empty_cells": 393, "number_empty_cells": 0, "number_distinct_values": 4, "frequent_values": ["Brooklyn", "Bronx", "Manhattan", "Queens"], "dataTypes": [{"type": "TEXT", "count": 393, "shortest_values": [["Bronx", 5], ["Bronx", 5], ["Bronx", 5], ["Bronx", 5], ["Bronx", 5]], "longest_values": [["Manhattan", 9], ["Manhattan", 9], ["Manhattan", 9], ["Manhattan", 9], ["Manhattan", 9]], "average_length": 6.923664122137403}]}, {"column_name": "Category Type", "number_non_empty_cells": 393, "number_empty_cells": 0, "number_distinct_values": 6, "frequent_values": ["To School", "Discharge", "GPA", "Attendance", "SWD Status"], "dataTypes": [{"type": "TEXT", "count": 393, "shortest_values": [["GPA", 3], ["GPA", 3], ["GPA", 3], ["GPA", 3], ["GPA", 3]], "longest_values": [["Attendance", 10], ["Attendance", 10], ["Attendance", 10], ["Attendance", 10], ["Attendance", 10]], "average_length": 8.781170483460558}]}, {"column_name": "Category Values", "number_non_empty_cells": 393, "number_empty_cells": 0, "number_distinct_values": 313, "frequent_values": ["Transferred to another DOE school or pro", "Not SWD", "Received Local Diploma", "41-60% Attendance Rate", "Received Regents Diploma"], "dataTypes": [{"type": "TEXT", "count": 393, "shortest_values": [["SWD", 3], ["SWD", 3], ["SWD", 3], ["SWD", 3], ["0-54", 4]], "longest_values": [["Transferred to a part-time DOE GED progr", 40], ["Transferred to a YABC, D79 or D75 progra", 40], ["Discharged to a School outside of NYC; M", 40], ["Career Development and Occupational Stud", 40], ["Transferred to another DOE school or pro", 40]], "average_length": 9.737913486005091}]}, {"column_name": "Total#", "number_non_empty_cells": 393, "number_empty_cells": 0, "number_distinct_values": 47, "frequent_values": ["s", "38", "14", "11", "15"], "dataTypes": [{"type": "INTEGER (LONG)", "count": 66, "max_value": 440, "min_value": 10, "mean": 69.78787878787877, "stddev": 99.75386605275085}, {"type": "TEXT", "count": 327, "shortest_values": [["s", 1], ["s", 1], ["s", 1], ["s", 1], ["s", 1]], "longest_values": [["s", 1], ["s", 1], ["s", 1], ["s", 1], ["s", 1]], "average_length": 1.0}]}, {"column_name": "Total%", "number_non_empty_cells": 393, "number_empty_cells": 0, "number_distinct_values": 60, "frequent_values": ["s", "4.1", "14.6", "3.4", "1.9"], "dataTypes": [{"type": "REAL", "count": 66, "max_value": 81.7, "min_value": 1.9, "mean": 22.36515151515151, "stddev": 22.908536799856435}, {"type": "TEXT", "count": 327, "shortest_values": [["s", 1], ["s", 1], ["s", 1], ["s", 1], ["s", 1]], "longest_values": [["s", 1], ["s", 1], ["s", 1], ["s", 1], ["s", 1]], "average_length": 1.0}]}, {"column_name": "Age <=10#", "number_non_empty_cells": 393, "number_empty_cells": 0, "number_distinct_values": 16, "frequent_values": ["s", "13", "12", "23", "90"], "dataTypes": [{"type": "INTEGER (LONG)", "count": 17, "max_value": 241, "min_value": 10, "mean": 67.47058823529412, "stddev": 77.44988333797376}, {"type": "TEXT", "count": 376, "shortest_values": [["s", 1], ["s", 1], ["s", 1], ["s", 1], ["s", 1]], "longest_values": [["s", 1], ["s", 1], ["s", 1], ["s", 1], ["s", 1]], "average_length": 1.0}]}, {"column_name": "Age <=10%", "number_non_empty_cells": 393, "number_empty_cells": 0, "number_distinct_values": 17, "frequent_values": ["s", "5.4", "96.8", "16.9", "24.5"], "dataTypes": [{"type": "REAL", "count": 17, "max_value": 97.6, "min_value": 5.0, "mean": 39.08235294117647, "stddev": 37.427737988479294}, {"type": "TEXT", "count": 376, "shortest_values": [["s", 1], ["s", 1], ["s", 1], ["s", 1], ["s", 1]], "longest_values": [["s", 1], ["s", 1], ["s", 1], ["s", 1], ["s", 1]], "average_length": 1.0}]}, {"column_name": "Age 11#", "number_non_empty_cells": 393, "number_empty_cells": 0, "number_distinct_values": 11, "frequent_values": ["s", "92", "18", "60", "23"], "dataTypes": [{"type": "INTEGER (LONG)", "count": 10, "max_value": 92, "min_value": 10, "mean": 47.9, "stddev": 26.078535234939864}, {"type": "TEXT", "count": 383, "shortest_values": [["s", 1], ["s", 1], ["s", 1], ["s", 1], ["s", 1]], "longest_values": [["s", 1], ["s", 1], ["s", 1], ["s", 1], ["s", 1]], "average_length": 1.0}]}, {"column_name": "Age 11%", "number_non_empty_cells": 393, "number_empty_cells": 0, "number_distinct_values": 11, "frequent_values": ["s", "90.4", "96.8", "10.9", "93.5"], "dataTypes": [{"type": "REAL", "count": 10, "max_value": 97.9, "min_value": 10.9, "mean": 60.910000000000004, "stddev": 31.35169692377113}, {"type": "TEXT", "count": 383, "shortest_values": [["s", 1], ["s", 1], ["s", 1], ["s", 1], ["s", 1]], "longest_values": [["s", 1], ["s", 1], ["s", 1], ["s", 1], ["s", 1]], "average_length": 1.0}]}, {"column_name": "Age 12#", "number_non_empty_cells": 393, "number_empty_cells": 0, "number_distinct_values": 6, "frequent_values": ["s", "49", "43", "20", "10"], "dataTypes": [{"type": "INTEGER (LONG)", "count": 5, "max_value": 49, "min_value": 10, "mean": 30.4, "stddev": 14.347125147568763}, {"type": "TEXT", "count": 388, "shortest_values": [["s", 1], ["s", 1], ["s", 1], ["s", 1], ["s", 1]], "longest_values": [["s", 1], ["s", 1], ["s", 1], ["s", 1], ["s", 1]], "average_length": 1.0}]}, {"column_name": "Age 12%", "number_non_empty_cells": 393, "number_empty_cells": 0, "number_distinct_values": 6, "frequent_values": ["s", "90.9", "60.0", "86.0", "98.0"], "dataTypes": [{"type": "REAL", "count": 5, "max_value": 98.0, "min_value": 40.0, "mean": 74.97999999999999, "stddev": 21.692431859982875}, {"type": "TEXT", "count": 388, "shortest_values": [["s", 1], ["s", 1], ["s", 1], ["s", 1], ["s", 1]], "longest_values": [["s", 1], ["s", 1], ["s", 1], ["s", 1], ["s", 1]], "average_length": 1.0}]}, {"column_name": "Age 13#", "number_non_empty_cells": 393, "number_empty_cells": 0, "number_distinct_values": 4, "frequent_values": ["s", "30", "13", "21"], "dataTypes": [{"type": "INTEGER (LONG)", "count": 3, "max_value": 30, "min_value": 13, "mean": 21.333333333333332, "stddev": 6.944222218666553}, {"type": "TEXT", "count": 390, "shortest_values": [["s", 1], ["s", 1], ["s", 1], ["s", 1], ["s", 1]], "longest_values": [["s", 1], ["s", 1], ["s", 1], ["s", 1], ["s", 1]], "average_length": 1.0}]}, {"column_name": "Age 13%", "number_non_empty_cells": 393, "number_empty_cells": 0, "number_distinct_values": 4, "frequent_values": ["s", "61.8", "88.2", "38.2"], "dataTypes": [{"type": "REAL", "count": 3, "max_value": 88.2, "min_value": 38.2, "mean": 62.733333333333334, "stddev": 20.423080625170684}, {"type": "TEXT", "count": 390, "shortest_values": [["s", 1], ["s", 1], ["s", 1], ["s", 1], ["s", 1]], "longest_values": [["s", 1], ["s", 1], ["s", 1], ["s", 1], ["s", 1]], "average_length": 1.0}]}, {"column_name": "Age 14#", "number_non_empty_cells": 393, "number_empty_cells": 0, "number_distinct_values": 6, "frequent_values": ["s", "20", "11", "19", "24"], "dataTypes": [{"type": "INTEGER (LONG)", "count": 5, "max_value": 24, "min_value": 11, "mean": 17.8, "stddev": 4.445222154178574}, {"type": "TEXT", "count": 388, "shortest_values": [["s", 1], ["s", 1], ["s", 1], ["s", 1], ["s", 1]], "longest_values": [["s", 1], ["s", 1], ["s", 1], ["s", 1], ["s", 1]], "average_length": 1.0}]}, {"column_name": "Age 14%", "number_non_empty_cells": 393, "number_empty_cells": 0, "number_distinct_values": 6, "frequent_values": ["s", "73.1", "52.4", "92.3", "71.4"], "dataTypes": [{"type": "REAL", "count": 5, "max_value": 95.2, "min_value": 52.4, "mean": 76.88, "stddev": 15.601205081659556}, {"type": "TEXT", "count": 388, "shortest_values": [["s", 1], ["s", 1], ["s", 1], ["s", 1], ["s", 1]], "longest_values": [["s", 1], ["s", 1], ["s", 1], ["s", 1], ["s", 1]], "average_length": 1.0}]}, {"column_name": "Age 15#", "number_non_empty_cells": 393, "number_empty_cells": 0, "number_distinct_values": 4, "frequent_values": ["s", "18", "19", "13"], "dataTypes": [{"type": "INTEGER (LONG)", "count": 3, "max_value": 19, "min_value": 13, "mean": 16.666666666666668, "stddev": 2.6246692913372707}, {"type": "TEXT", "count": 390, "shortest_values": [["s", 1], ["s", 1], ["s", 1], ["s", 1], ["s", 1]], "longest_values": [["s", 1], ["s", 1], ["s", 1], ["s", 1], ["s", 1]], "average_length": 1.0}]}, {"column_name": "Age 15%", "number_non_empty_cells": 393, "number_empty_cells": 0, "number_distinct_values": 4, "frequent_values": ["s", "75.0", "92.9", "79.2"], "dataTypes": [{"type": "REAL", "count": 3, "max_value": 92.9, "min_value": 75.0, "mean": 82.36666666666666, "stddev": 7.643006970790729}, {"type": "TEXT", "count": 390, "shortest_values": [["s", 1], ["s", 1], ["s", 1], ["s", 1], ["s", 1]], "longest_values": [["s", 1], ["s", 1], ["s", 1], ["s", 1], ["s", 1]], "average_length": 1.0}]}, {"column_name": "Age 16#", "number_non_empty_cells": 393, "number_empty_cells": 0, "number_distinct_values": 5, "frequent_values": ["s", "24", "20", "12", "13"], "dataTypes": [{"type": "INTEGER (LONG)", "count": 4, "max_value": 24, "min_value": 12, "mean": 17.25, "stddev": 4.968651728587948}, {"type": "TEXT", "count": 389, "shortest_values": [["s", 1], ["s", 1], ["s", 1], ["s", 1], ["s", 1]], "longest_values": [["s", 1], ["s", 1], ["s", 1], ["s", 1], ["s", 1]], "average_length": 1.0}]}, {"column_name": "Age 16%", "number_non_empty_cells": 393, "number_empty_cells": 0, "number_distinct_values": 5, "frequent_values": ["s", "44.4", "88.9", "81.3", "74.1"], "dataTypes": [{"type": "REAL", "count": 4, "max_value": 88.9, "min_value": 44.4, "mean": 72.175, "stddev": 16.868220860541282}, {"type": "TEXT", "count": 389, "shortest_values": [["s", 1], ["s", 1], ["s", 1], ["s", 1], ["s", 1]], "longest_values": [["s", 1], ["s", 1], ["s", 1], ["s", 1], ["s", 1]], "average_length": 1.0}]}, {"column_name": "Age 17#", "number_non_empty_cells": 393, "number_empty_cells": 0, "number_distinct_values": 21, "frequent_values": ["s", "10", "14", "26", "17"], "dataTypes": [{"type": "INTEGER (LONG)", "count": 25, "max_value": 98, "min_value": 10, "mean": 34.56, "stddev": 26.416782544435648}, {"type": "TEXT", "count": 368, "shortest_values": [["s", 1], ["s", 1], ["s", 1], ["s", 1], ["s", 1]], "longest_values": [["s", 1], ["s", 1], ["s", 1], ["s", 1], ["s", 1]], "average_length": 1.0}]}, {"column_name": "Age 17%", "number_non_empty_cells": 393, "number_empty_cells": 0, "number_distinct_values": 24, "frequent_values": ["s", "28.6", "16.7", "45.7", "16.9"], "dataTypes": [{"type": "REAL", "count": 25, "max_value": 88.0, "min_value": 10.5, "mean": 45.172, "stddev": 24.28689391420813}, {"type": "TEXT", "count": 368, "shortest_values": [["s", 1], ["s", 1], ["s", 1], ["s", 1], ["s", 1]], "longest_values": [["s", 1], ["s", 1], ["s", 1], ["s", 1], ["s", 1]], "average_length": 1.0}]}, {"column_name": "Age 18#", "number_non_empty_cells": 393, "number_empty_cells": 0, "number_distinct_values": 17, "frequent_values": ["s", "10", "13", "12", "27"], "dataTypes": [{"type": "INTEGER (LONG)", "count": 26, "max_value": 46, "min_value": 10, "mean": 19.076923076923077, "stddev": 9.265000630674049}, {"type": "TEXT", "count": 367, "shortest_values": [["s", 1], ["s", 1], ["s", 1], ["s", 1], ["s", 1]], "longest_values": [["s", 1], ["s", 1], ["s", 1], ["s", 1], ["s", 1]], "average_length": 1.0}]}, {"column_name": "Age 18%", "number_non_empty_cells": 393, "number_empty_cells": 0, "number_distinct_values": 24, "frequent_values": ["s", "30.3", "23.4", "20.6", "42.2"], "dataTypes": [{"type": "REAL", "count": 26, "max_value": 73.0, "min_value": 15.6, "mean": 37.365384615384606, "stddev": 16.76000142986253}, {"type": "TEXT", "count": 367, "shortest_values": [["s", 1], ["s", 1], ["s", 1], ["s", 1], ["s", 1]], "longest_values": [["s", 1], ["s", 1], ["s", 1], ["s", 1], ["s", 1]], "average_length": 1.0}]}, {"column_name": "Age 19#", "number_non_empty_cells": 393, "number_empty_cells": 0, "number_distinct_values": 10, "frequent_values": ["s", "10", "11", "12", "18"], "dataTypes": [{"type": "INTEGER (LONG)", "count": 13, "max_value": 23, "min_value": 10, "mean": 14.076923076923077, "stddev": 4.084897860723617}, {"type": "TEXT", "count": 380, "shortest_values": [["s", 1], ["s", 1], ["s", 1], ["s", 1], ["s", 1]], "longest_values": [["s", 1], ["s", 1], ["s", 1], ["s", 1], ["s", 1]], "average_length": 1.0}]}, {"column_name": "Age 19%", "number_non_empty_cells": 393, "number_empty_cells": 0, "number_distinct_values": 13, "frequent_values": ["s", "33.3", "47.4", "31.6", "34.5"], "dataTypes": [{"type": "REAL", "count": 13, "max_value": 66.7, "min_value": 28.9, "mean": 42.246153846153845, "stddev": 11.784645511108312}, {"type": "TEXT", "count": 380, "shortest_values": [["s", 1], ["s", 1], ["s", 1], ["s", 1], ["s", 1]], "longest_values": [["s", 1], ["s", 1], ["s", 1], ["s", 1], ["s", 1]], "average_length": 1.0}]}, {"column_name": "Age 20#", "number_non_empty_cells": 393, "number_empty_cells": 0, "number_distinct_values": 2, "frequent_values": ["s", "15"], "dataTypes": [{"type": "INTEGER (LONG)", "count": 1, "max_value": 15, "min_value": 15, "mean": 15.0, "stddev": 0.0}, {"type": "TEXT", "count": 392, "shortest_values": [["s", 1], ["s", 1], ["s", 1], ["s", 1], ["s", 1]], "longest_values": [["s", 1], ["s", 1], ["s", 1], ["s", 1], ["s", 1]], "average_length": 1.0}]}, {"column_name": "Age 20%", "number_non_empty_cells": 393, "number_empty_cells": 0, "number_distinct_values": 2, "frequent_values": ["s", "48.4"], "dataTypes": [{"type": "REAL", "count": 1, "max_value": 48.4, "min_value": 48.4, "mean": 48.4, "stddev": 0.0}, {"type": "TEXT", "count": 392, "shortest_values": [["s", 1], ["s", 1], ["s", 1], ["s", 1], ["s", 1]], "longest_values": [["s", 1], ["s", 1], ["s", 1], ["s", 1], ["s", 1]], "average_length": 1.0}]}, {"column_name": "Age >=21#", "number_non_empty_cells": 393, "number_empty_cells": 0, "number_distinct_values": 1, "frequent_values": ["s"], "dataTypes": [{"type": "TEXT", "count": 393, "shortest_values": [["s", 1], ["s", 1], ["s", 1], ["s", 1], ["s", 1]], "longest_values": [["s", 1], ["s", 1], ["s", 1], ["s", 1], ["s", 1]], "average_length": 1.0}]}, {"column_name": "Age >=21%", "number_non_empty_cells": 393, "number_empty_cells": 0, "number_distinct_values": 1, "frequent_values": ["s"], "dataTypes": [{"type": "TEXT", "count": 393, "shortest_values": [["s", 1], ["s", 1], ["s", 1], ["s", 1], ["s", 1]], "longest_values": [["s", 1], ["s", 1], ["s", 1], ["s", 1], ["s", 1]], "average_length": 1.0}]}]}