{"dataset_name": "/user/hm74/NYCOpenData/9ev8-8rz6.tsv.gz", "columns": [{"column_name": "Borough", "number_non_empty_cells": 60, "number_empty_cells": 0, "number_distinct_values": 5, "frequent_values": ["Queens", "Brooklyn", "Staten Island", "Manhattan", "Bronx"], "dataTypes": [{"type": "TEXT", "count": 60, "shortest_values": [["Bronx", 5], ["Bronx", 5], ["Bronx", 5], ["Bronx", 5], ["Bronx", 5]], "longest_values": [["Staten Island", 13], ["Staten Island", 13], ["Staten Island", 13], ["Staten Island", 13], ["Staten Island", 13]], "average_length": 8.199999999999998}]}, {"column_name": "Fiscal Year (ending in June)", "number_non_empty_cells": 60, "number_empty_cells": 0, "number_distinct_values": 12, "frequent_values": [2007, 2015, 2006, 2013, 2014], "dataTypes": [{"type": "INTEGER (LONG)", "count": 60, "max_value": 2019, "min_value": 2006, "mean": 2011.7499999999998, "stddev": 3.854110359949084}]}, {"column_name": "Passthrough Count", "number_non_empty_cells": 60, "number_empty_cells": 0, "number_distinct_values": 59, "frequent_values": [6355, 8429, 8857, 6913, 1417], "dataTypes": [{"type": "INTEGER (LONG)", "count": 60, "max_value": 10972, "min_value": 1417, "mean": 6575.483333333331, "stddev": 2770.2259925360268}]}]}