{"dataset_name": "/user/hm74/NYCOpenData/9f25-223x.tsv.gz", "columns": [{"column_name": "District", "number_non_empty_cells": 2499, "number_empty_cells": 0, "number_distinct_values": 32, "frequent_values": [27, 10, 20, 11, 31], "dataTypes": [{"type": "INTEGER (LONG)", "count": 2499, "max_value": 32, "min_value": 1, "mean": 16.617046818727506, "stddev": 9.160533372619597}]}, {"column_name": "Grade_Level", "number_non_empty_cells": 2499, "number_empty_cells": 0, "number_distinct_values": 2, "frequent_values": ["HS Core", "MS Core"], "dataTypes": [{"type": "TEXT", "count": 2499, "shortest_values": [["HS Core", 7], ["HS Core", 7], ["HS Core", 7], ["HS Core", 7], ["HS Core", 7]], "longest_values": [["HS Core", 7], ["HS Core", 7], ["HS Core", 7], ["HS Core", 7], ["HS Core", 7]], "average_length": 7.0}]}, {"column_name": "Program_Type", "number_non_empty_cells": 2499, "number_empty_cells": 0, "number_distinct_values": 5, "frequent_values": ["Gen Ed", "ICT", "SC", "Accelerated", "ICT & Acc"], "dataTypes": [{"type": "TEXT", "count": 2499, "shortest_values": [["SC", 2], ["SC", 2], ["SC", 2], ["SC", 2], ["SC", 2]], "longest_values": [["Accelerated", 11], ["Accelerated", 11], ["Accelerated", 11], ["Accelerated", 11], ["Accelerated", 11]], "average_length": 4.425370148059243}]}, {"column_name": "Department", "number_non_empty_cells": 2499, "number_empty_cells": 0, "number_distinct_values": 4, "frequent_values": ["Math", "Science", "English", "Social Studies"], "dataTypes": [{"type": "TEXT", "count": 2499, "shortest_values": [["Math", 4], ["Math", 4], ["Math", 4], ["Math", 4], ["Math", 4]], "longest_values": [["Social Studies", 14], ["Social Studies", 14], ["Social Studies", 14], ["Social Studies", 14], ["Social Studies", 14]], "average_length": 7.5782312925170014}]}, {"column_name": "Subject", "number_non_empty_cells": 2499, "number_empty_cells": 0, "number_distinct_values": 31, "frequent_values": ["MS English Core", "MS Science Other", "MS Math Core", "MS Science Core", "MS Social Studies Core"], "dataTypes": [{"type": "TEXT", "count": 2499, "shortest_values": [["HS Physics", 10], ["HS Physics", 10], ["HS Physics", 10], ["HS Physics", 10], ["HS Physics", 10]], "longest_values": [["HS Social Studies Other", 23], ["MS Social Studies Other", 23], ["HS Social Studies Other", 23], ["HS Social Studies Other", 23], ["MS Social Studies Other", 23]], "average_length": 15.518207282913195}]}, {"column_name": "Number_of_Students", "number_non_empty_cells": 2499, "number_empty_cells": 0, "number_distinct_values": 1326, "frequent_values": [29, 21, 24, 7, 18], "dataTypes": [{"type": "INTEGER (LONG)", "count": 2499, "max_value": 11132, "min_value": 2, "mean": 874.955582232893, "stddev": 1265.7498483900083}]}, {"column_name": "Number_of_Classes", "number_non_empty_cells": 2499, "number_empty_cells": 0, "number_distinct_values": 206, "frequent_values": [1, 2, 3, 4, 5], "dataTypes": [{"type": "INTEGER (LONG)", "count": 2499, "max_value": 411, "min_value": 1, "mean": 34.493797519007735, "stddev": 46.22451020489117}]}, {"column_name": "Average_Class_Size", "number_non_empty_cells": 2499, "number_empty_cells": 0, "number_distinct_values": 264, "frequent_values": [26.0, 27.0, 9.0, 25.0, 29.0], "dataTypes": [{"type": "REAL", "count": 2499, "max_value": 93.0, "min_value": 2.0, "mean": 22.28511404561825, "stddev": 7.940736528537203}]}]}