{"dataset_name": "/user/hm74/NYCOpenData/9f5k-vxxv.tsv.gz", "columns": [{"column_name": "PROGRAM TYPE", "number_non_empty_cells": 24, "number_empty_cells": 0, "number_distinct_values": 17, "frequent_values": ["Family Support,NDA Programs", "(40.832462906937, -73.890705807264)\"", "(40.751630739367, -73.883612545283)\"", "(40.847051676059, -73.937044724943)\"", "(40.678130438169, -73.919776475504)\""], "dataTypes": [{"type": "TEXT", "count": 24, "shortest_values": [["NEW YORK 10302", 14], ["Bronx, NEW YORK 10460", 21], ["Queens, NEW YORK 11372", 22], ["Queens, NEW YORK 11354", 22], ["New York, NEW YORK 10017", 24]], "longest_values": [["(40.752942166734, -73.973641056829)\"", 36], ["(40.678130438169, -73.919776475504)\"", 36], ["(40.751630739367, -73.883612545283)\"", 36], ["(40.768620220647, -73.827190280707)\"", 36], ["(40.832462906937, -73.890705807264)\"", 36]], "average_length": 28.291666666666668}]}, {"column_name": "PROGRAM", "number_non_empty_cells": 16, "number_empty_cells": 8, "number_distinct_values": 7, "frequent_values": ["Health Stat", "3", "1", "4", "5"], "dataTypes": [{"type": "INTEGER (LONG)", "count": 8, "max_value": 5, "min_value": 1, "mean": 2.875, "stddev": 1.3635890143294642}, {"type": "TEXT", "count": 8, "shortest_values": [["Health Stat", 11], ["Health Stat", 11], ["Health Stat", 11], ["Health Stat", 11], ["Health Stat", 11]], "longest_values": [["Health Stat", 11], ["Health Stat", 11], ["Health Stat", 11], ["Health Stat", 11], ["Health Stat", 11]], "average_length": 11.0}]}, {"column_name": "SITE NAME", "number_non_empty_cells": 14, "number_empty_cells": 10, "number_distinct_values": 12, "frequent_values": ["Asian Americans for Equality", "The Children's Aid Society", "Make the Road New York", "11372", "11237"], "dataTypes": [{"type": "INTEGER (LONG)", "count": 6, "max_value": 11372, "min_value": 10033, "mean": 10792.833333333334, "stddev": 544.2632379852806}, {"type": "TEXT", "count": 8, "shortest_values": [["Make the Road New York", 22], ["Make the Road New York", 22], ["The Children's Aid Society", 26], ["The Children's Aid Society", 26], ["Asian Americans for Equality", 28]], "longest_values": [["Northern Manhattan Improvement Corporation", 42], ["The East New York Learning Center, Inc", 38], ["Asian Americans for Equality", 28], ["Asian Americans for Equality", 28], ["The Children's Aid Society", 26]], "average_length": 29.0}]}, {"column_name": "BOROUGH / COMMUNITY", "number_non_empty_cells": 14, "number_empty_cells": 10, "number_distinct_values": 12, "frequent_values": ["Brooklyn", "Queens", "New York", "40.831158", "40.748936"], "dataTypes": [{"type": "REAL", "count": 6, "max_value": 40.847012, "min_value": 40.630818, "mean": 40.752577, "stddev": 0.07405383352444943}, {"type": "TEXT", "count": 8, "shortest_values": [["Bronx", 5], ["Queens", 6], ["Queens", 6], ["New York", 8], ["Brooklyn", 8]], "longest_values": [["Staten Island", 13], ["New York", 8], ["Brooklyn", 8], ["Brooklyn", 8], ["New York", 8]], "average_length": 7.75}]}, {"column_name": "AGENCY", "number_non_empty_cells": 14, "number_empty_cells": 10, "number_distinct_values": 12, "frequent_values": ["The Children's Aid Society", "Asian Americans for Equality", "Make the Road New York", "-73.915629", "-74.139187"], "dataTypes": [{"type": "REAL", "count": 6, "max_value": -73.834194, "min_value": -74.139187, "mean": -73.93152049999999, "stddev": 0.09838166105657765}, {"type": "TEXT", "count": 8, "shortest_values": [["Make the Road New York", 22], ["Make the Road New York", 22], ["The Children's Aid Society", 26], ["The Children's Aid Society", 26], ["Asian Americans for Equality", 28]], "longest_values": [["Northern Manhattan Improvement Corporation", 42], ["The East New York Learning Center, Inc", 38], ["Asian Americans for Equality", 28], ["Asian Americans for Equality", 28], ["The Children's Aid Society", 26]], "average_length": 29.0}]}, {"column_name": "Contact Number", "number_non_empty_cells": 14, "number_empty_cells": 10, "number_distinct_values": 13, "frequent_values": ["3", "(718)961-0888", "7", "(718) 756- 7200", "(718) 617-8595"], "dataTypes": [{"type": "INTEGER (LONG)", "count": 6, "max_value": 12, "min_value": 1, "mean": 5.0, "stddev": 3.605551275463989}, {"type": "TEXT", "count": 8, "shortest_values": [["212-503-6820", 12], ["(718)961-0888", 13], ["(718)961-0888", 13], ["(718) 617-8595", 14], ["(718) 418-7690", 14]], "longest_values": [["(718) 756- 7200", 15], ["(718) 617-8595", 14], ["(718) 418-7690", 14], ["(212) 822-8344", 14], ["(347) 547-5133", 14]], "average_length": 13.625}]}, {"column_name": "Grade Level / Age Group ", "number_non_empty_cells": 14, "number_empty_cells": 10, "number_distinct_values": 8, "frequent_values": ["All Ages", "10", "20", "17", "37"], "dataTypes": [{"type": "INTEGER (LONG)", "count": 6, "max_value": 49, "min_value": 10, "mean": 25.666666666666668, "stddev": 13.211947455070941}, {"type": "TEXT", "count": 8, "shortest_values": [["All Ages", 8], ["All Ages", 8], ["All Ages", 8], ["All Ages", 8], ["All Ages", 8]], "longest_values": [["All Ages", 8], ["All Ages", 8], ["All Ages", 8], ["All Ages", 8], ["All Ages", 8]], "average_length": 8.0}]}, {"column_name": "Location 1", "number_non_empty_cells": 14, "number_empty_cells": 10, "number_distinct_values": 15, "frequent_values": ["273", "301 Grove St", "433", "1338 Southern Blvd", "95 05 Roosevelt Ave"], "dataTypes": [{"type": "INTEGER (LONG)", "count": 6, "max_value": 871, "min_value": 123, "mean": 362.6666666666667, "stddev": 245.3444290969104}, {"type": "TEXT", "count": 8, "shortest_values": [["150 45th St", 11], ["301 Grove St", 12], ["1958 Fulton\u00a0 St", 15], ["133 04 39th Ave", 15], ["76 Wadsworth Ave", 16]], "longest_values": [["479 Port Richmond Ave Staten Island", 35], ["95 05 Roosevelt Ave", 19], ["1338 Southern Blvd", 18], ["76 Wadsworth Ave", 16], ["1958 Fulton\u00a0 St", 15]], "average_length": 17.625}]}, {"column_name": "Borough", "number_non_empty_cells": 6, "number_empty_cells": 18, "number_distinct_values": 7, "frequent_values": [3075926, 5024824, 1063574, 4112274, 4036629], "dataTypes": [{"type": "INTEGER (LONG)", "count": 6, "max_value": 5024824, "min_value": 1063574, "mean": 3220630.5, "stddev": 1344997.4163915396}]}, {"column_name": "Postcode", "number_non_empty_cells": 6, "number_empty_cells": 18, "number_distinct_values": 7, "frequent_values": [3033170041, 4014830055, 4049730006, 1021450051, 5010490005], "dataTypes": [{"type": "INTEGER (LONG)", "count": 6, "max_value": 5010490005, "min_value": 1021450051, "mean": 3193245030.5, "stddev": 1342067402.6263318}]}, {"column_name": "Latitude", "number_non_empty_cells": 6, "number_empty_cells": 18, "number_distinct_values": 7, "frequent_values": ["Crotona Park East                                                          ", "Jackson Heights                                                            ", "Port Richmond                                                              ", "Flushing                                                                   ", "Bushwick North                                                             "], "dataTypes": [{"type": "TEXT", "count": 6, "shortest_values": [["Jackson Heights                                                            ", 75], ["Flushing                                                                   ", 75], ["Crotona Park East                                                          ", 75], ["Bushwick North                                                             ", 75], ["Washington Heights South                                                   ", 75]], "longest_values": [["Jackson Heights                                                            ", 75], ["Flushing                                                                   ", 75], ["Crotona Park East                                                          ", 75], ["Bushwick North                                                             ", 75], ["Washington Heights South                                                   ", 75]], "average_length": 75.0}]}, {"column_name": "Longitude", "number_non_empty_cells": 0, "number_empty_cells": 24, "number_distinct_values": 1, "frequent_values": [null], "dataTypes": []}, {"column_name": "Community Board", "number_non_empty_cells": 0, "number_empty_cells": 24, "number_distinct_values": 1, "frequent_values": [null], "dataTypes": []}, {"column_name": "Council District", "number_non_empty_cells": 0, "number_empty_cells": 24, "number_distinct_values": 1, "frequent_values": [null], "dataTypes": []}, {"column_name": "Census Tract", "number_non_empty_cells": 0, "number_empty_cells": 24, "number_distinct_values": 1, "frequent_values": [null], "dataTypes": []}, {"column_name": "BIN", "number_non_empty_cells": 0, "number_empty_cells": 24, "number_distinct_values": 1, "frequent_values": [null], "dataTypes": []}, {"column_name": "BBL", "number_non_empty_cells": 0, "number_empty_cells": 24, "number_distinct_values": 1, "frequent_values": [null], "dataTypes": []}, {"column_name": "NTA", "number_non_empty_cells": 0, "number_empty_cells": 24, "number_distinct_values": 1, "frequent_values": [null], "dataTypes": []}]}