{"dataset_name": "/user/hm74/NYCOpenData/9fxq-tpip.tsv.gz", "columns": [{"column_name": "Year", "number_non_empty_cells": 259, "number_empty_cells": 0, "number_distinct_values": 1, "frequent_values": ["2012-13"], "dataTypes": [{"type": "TEXT", "count": 259, "shortest_values": [["2012-13", 7], ["2012-13", 7], ["2012-13", 7], ["2012-13", 7], ["2012-13", 7]], "longest_values": [["2012-13", 7], ["2012-13", 7], ["2012-13", 7], ["2012-13", 7], ["2012-13", 7]], "average_length": 7.0}]}, {"column_name": "Geographic Unit", "number_non_empty_cells": 259, "number_empty_cells": 0, "number_distinct_values": 40, "frequent_values": ["District 75", "Queens", "District 10", "District 09", "Citywide"], "dataTypes": [{"type": "TEXT", "count": 259, "shortest_values": [["Bronx", 5], ["Bronx", 5], ["Bronx", 5], ["Bronx", 5], ["Bronx", 5]], "longest_values": [["Staten Island", 13], ["Staten Island", 13], ["Staten Island", 13], ["Staten Island", 13], ["Staten Island", 13]], "average_length": 10.474903474903481}]}, {"column_name": "Category", "number_non_empty_cells": 259, "number_empty_cells": 0, "number_distinct_values": 4, "frequent_values": ["All Students", "Grade 8", "Grade 6", "Grade 7"], "dataTypes": [{"type": "TEXT", "count": 259, "shortest_values": [["Grade 6", 7], ["Grade 6", 7], ["Grade 7", 7], ["Grade 7", 7], ["Grade 8", 7]], "longest_values": [["All Students", 12], ["All Students", 12], ["All Students", 12], ["All Students", 12], ["All Students", 12]], "average_length": 8.428571428571422}]}, {"column_name": "Discharge Type", "number_non_empty_cells": 259, "number_empty_cells": 0, "number_distinct_values": 2, "frequent_values": ["Discharge out of NYC School", "Drop Out"], "dataTypes": [{"type": "TEXT", "count": 259, "shortest_values": [["Drop Out", 8], ["Drop Out", 8], ["Drop Out", 8], ["Drop Out", 8], ["Drop Out", 8]], "longest_values": [["Discharge out of NYC School", 27], ["Discharge out of NYC School", 27], ["Discharge out of NYC School", 27], ["Discharge out of NYC School", 27], ["Discharge out of NYC School", 27]], "average_length": 19.73745173745174}]}, {"column_name": "# of Discharges", "number_non_empty_cells": 259, "number_empty_cells": 0, "number_distinct_values": 51, "frequent_values": ["*", "15", "10", "17", "13"], "dataTypes": [{"type": "INTEGER (LONG)", "count": 101, "max_value": 385, "min_value": 10, "mean": 53.108910891089096, "stddev": 78.44224727925496}, {"type": "DATE/TIME", "count": 1, "max_value": "1976-01-06T00:00:00", "min_value": "1976-01-06T00:00:00"}, {"type": "TEXT", "count": 157, "shortest_values": [["*", 1], ["*", 1], ["*", 1], ["*", 1], ["*", 1]], "longest_values": [["*", 1], ["*", 1], ["*", 1], ["*", 1], ["*", 1]], "average_length": 1.0}]}, {"column_name": "Total Enrolled Students", "number_non_empty_cells": 259, "number_empty_cells": 0, "number_distinct_values": 151, "frequent_values": [801, 435, 638, 342, 243], "dataTypes": [{"type": "INTEGER (LONG)", "count": 259, "max_value": 43284, "min_value": 18, "mean": 1917.7953667953675, "stddev": 4587.036697131162}]}]}