{"dataset_name": "/user/hm74/NYCOpenData/9gq4-idy9.tsv.gz", "columns": [{"column_name": "Year", "number_non_empty_cells": 258, "number_empty_cells": 0, "number_distinct_values": 22, "frequent_values": [2003, 2007, 2018, 2015, 2006], "dataTypes": [{"type": "INTEGER (LONG)", "count": 258, "max_value": 2019, "min_value": 1998, "mean": 2008.2558139534872, "stddev": 6.209868452548141}]}, {"column_name": "Month", "number_non_empty_cells": 258, "number_empty_cells": 0, "number_distinct_values": 12, "frequent_values": [5, 1, 6, 3, 4], "dataTypes": [{"type": "INTEGER (LONG)", "count": 258, "max_value": 12, "min_value": 1, "mean": 6.430232558139533, "stddev": 3.4513474427711426}]}, {"column_name": "Medicaid Enrollees", "number_non_empty_cells": 258, "number_empty_cells": 0, "number_distinct_values": 258, "frequent_values": [2204006, 2915727, 1591979, 2411909, 1995245], "dataTypes": [{"type": "INTEGER (LONG)", "count": 258, "max_value": 3120366, "min_value": 1062855, "mean": 2314034.2519379826, "stddev": 505648.26347173296}]}, {"column_name": "Monthly Percent Change", "number_non_empty_cells": 258, "number_empty_cells": 0, "number_distinct_values": 102, "frequent_values": [0.002, 0.0, -0.002, 0.001, 0.004], "dataTypes": [{"type": "REAL", "count": 258, "max_value": 0.4993, "min_value": -0.3477, "mean": 0.0004698449612403092, "stddev": 0.039305125737978355}]}, {"column_name": "Yearly Percent Change", "number_non_empty_cells": 258, "number_empty_cells": 0, "number_distinct_values": 195, "frequent_values": [0.042, 0.022, 0.0, 0.037, 0.035], "dataTypes": [{"type": "REAL", "count": 258, "max_value": 0.285, "min_value": -0.3882, "mean": 0.001178255813953487, "stddev": 0.09278990322217753}]}]}