{"dataset_name": "/user/hm74/NYCOpenData/9gzt-8w5q.tsv.gz", "columns": [{"column_name": "Day & Date", "number_non_empty_cells": 12, "number_empty_cells": 0, "number_distinct_values": 7, "frequent_values": ["Wednesday, 10/22/2014", "Thursday, 10/23/2014", "Tuesday, 10/21/2014", "Monday, 10/20/2014", "Friday, 10/24/2014"], "dataTypes": [{"type": "DATE/TIME", "count": 12, "max_value": "2014-10-25T00:00:00", "min_value": "2014-10-19T00:00:00"}]}, {"column_name": "Sa#", "number_non_empty_cells": 10, "number_empty_cells": 2, "number_distinct_values": 6, "frequent_values": ["M2014-08-03", "M2014-11-05", "M2014-11-04", "M2014-06-10", "M2014-08-06"], "dataTypes": [{"type": "TEXT", "count": 10, "shortest_values": [["M2014-08-03", 11], ["M2014-11-04", 11], ["M2014-08-03", 11], ["M2014-11-04", 11], ["M2014-08-03", 11]], "longest_values": [["M2014-08-03", 11], ["M2014-11-04", 11], ["M2014-08-03", 11], ["M2014-11-04", 11], ["M2014-08-03", 11]], "average_length": 11.0}]}, {"column_name": "Location", "number_non_empty_cells": 12, "number_empty_cells": 0, "number_distinct_values": 7, "frequent_values": ["Contractor Milling, York Ave (E 63 St \u2013 E 79 St)", "1 Paving Crew, Madison Ave (E 125 St \u2013 E 135 St)", "1 Paving Crew, E 105 St (2 Ave \u2013 5 Ave)", "No Work", "1 Paving Crew, York Ave (E 90 St \u2013 E 63 St)"], "dataTypes": [{"type": "TEXT", "count": 12, "shortest_values": [["No Work", 7], ["No Work", 7], ["1 Paving Crew, E 105 St (2 Ave \u2013 5 Ave)", 39], ["1 Paving Crew, E 105 St (2 Ave \u2013 5 Ave)", 39], ["1 Paving Crew, York Ave (E 90 St \u2013 E 63 St)", 43]], "longest_values": [["Contractor Milling, Lexington Ave (E 48 St \u2013 E 42 St)", 53], ["Contractor Milling, York Ave (E 63 St \u2013 E 79 St)", 48], ["Contractor Milling, York Ave (E 63 St \u2013 E 79 St)", 48], ["Contractor Milling, York Ave (E 63 St \u2013 E 79 St)", 48], ["1 Paving Crew, Madison Ave (E 125 St \u2013 E 135 St)", 48]], "average_length": 39.50000000000001}]}, {"column_name": "CB", "number_non_empty_cells": 10, "number_empty_cells": 2, "number_distinct_values": 4, "frequent_values": [11, 8, 6, null], "dataTypes": [{"type": "INTEGER (LONG)", "count": 10, "max_value": 11, "min_value": 6, "mean": 9.299999999999999, "stddev": 1.7916472867168918}]}, {"column_name": "Area", "number_non_empty_cells": 10, "number_empty_cells": 2, "number_distinct_values": 4, "frequent_values": ["Harlem", "Upper East Side", "Midtown", null], "dataTypes": [{"type": "TEXT", "count": 10, "shortest_values": [["Harlem", 6], ["Harlem", 6], ["Harlem", 6], ["Harlem", 6], ["Harlem", 6]], "longest_values": [["Upper East Side", 15], ["Upper East Side", 15], ["Upper East Side", 15], ["Upper East Side", 15], ["Midtown", 7]], "average_length": 9.7}]}]}