{"dataset_name": "/user/hm74/NYCOpenData/9ht6-44eh.tsv.gz", "columns": [{"column_name": "Month", "number_non_empty_cells": 31, "number_empty_cells": 0, "number_distinct_values": 31, "frequent_values": ["Aug-14", "Dec-14", "Mar-15", "Apr-15", "Oct-15"], "dataTypes": [{"type": "DATE/TIME", "count": 30, "max_value": "2019-12-15T00:00:00", "min_value": "2019-01-14T00:00:00"}, {"type": "TEXT", "count": 1, "shortest_values": [["Source: HRA Office of Planning and Performance Management", 57]], "longest_values": [["Source: HRA Office of Planning and Performance Management", 57]], "average_length": 57.0}]}, {"column_name": "Lacking High School Degree or GED, 16-17 Years Old", "number_non_empty_cells": 30, "number_empty_cells": 1, "number_distinct_values": 20, "frequent_values": [75, 70, 69, 65, 80], "dataTypes": [{"type": "INTEGER (LONG)", "count": 30, "max_value": 108, "min_value": 58, "mean": 76.03333333333333, "stddev": 13.315362889868567}]}, {"column_name": "Total Head of Household, 16-17 Years Old", "number_non_empty_cells": 30, "number_empty_cells": 1, "number_distinct_values": 20, "frequent_values": [75, 70, 61, 65, 69], "dataTypes": [{"type": "INTEGER (LONG)", "count": 30, "max_value": 109, "min_value": 58, "mean": 76.46666666666667, "stddev": 13.686327321657753}]}, {"column_name": "Lacking High School Degree or GED, 18-20 Years Old", "number_non_empty_cells": 30, "number_empty_cells": 1, "number_distinct_values": 29, "frequent_values": ["1,764", "1,712", "1,760", "2,051", "1,790"], "dataTypes": [{"type": "DATE/TIME", "count": 30, "max_value": "2057-02-06T00:00:00", "min_value": "0683-01-06T00:00:00"}]}, {"column_name": "Total Head of Household, 18-20 Years Old", "number_non_empty_cells": 30, "number_empty_cells": 1, "number_distinct_values": 28, "frequent_values": ["2,528", "2,235", "2,194", "2,574", "2,119"], "dataTypes": [{"type": "DATE/TIME", "count": 30, "max_value": "1984-02-06T00:00:00", "min_value": "0113-02-06T00:00:00"}]}, {"column_name": "Lacking High School Degree or GED, 21-24 Years Old", "number_non_empty_cells": 30, "number_empty_cells": 1, "number_distinct_values": 31, "frequent_values": ["5,767", "5,737", "5,988", "5,457", "6,103"], "dataTypes": [{"type": "DATE/TIME", "count": 30, "max_value": "2041-06-06T00:00:00", "min_value": "0103-06-06T00:00:00"}]}, {"column_name": "Total Head of Household, 21-24 Years Old", "number_non_empty_cells": 30, "number_empty_cells": 1, "number_distinct_values": 30, "frequent_values": ["9,197", "9,126", "9,440", "9,590", "9,078"], "dataTypes": [{"type": "DATE/TIME", "count": 30, "max_value": "2056-09-06T00:00:00", "min_value": "0126-09-06T00:00:00"}]}]}