{"dataset_name": "/user/hm74/NYCOpenData/9hyh-zkx9.tsv.gz", "columns": [{"column_name": "PROGRAM_LST_ID", "number_non_empty_cells": 166, "number_empty_cells": 0, "number_distinct_values": 166, "frequent_values": ["613", "169", "334", "272", "383"], "dataTypes": [{"type": "INTEGER (LONG)", "count": 163, "max_value": 644, "min_value": 148, "mean": 385.36809815950915, "stddev": 172.81874461838626}, {"type": "TEXT", "count": 3, "shortest_values": [["\"\t\"April", 8], ["\"\t7185755520\t7185755515\t209\t\"aphillips@lesfu.org", 48], ["\t107-30 71st Rd.\tSuite 204\tForest Hills\t11375\t9:00 AM\t5:00 PM\t9:00 AM\t5:00 PM\t9:00 AM\t5:00 PM\t9:00 AM\t5:00 PM\t9:00 AM\t5:00 PM\t\t\t\t\t40.720141\t-73.843418\t6\t29\t737\t4078003\t4032570001\tForest Hills                                                               ", 254]], "longest_values": [["\t107-30 71st Rd.\tSuite 204\tForest Hills\t11375\t9:00 AM\t5:00 PM\t9:00 AM\t5:00 PM\t9:00 AM\t5:00 PM\t9:00 AM\t5:00 PM\t9:00 AM\t5:00 PM\t\t\t\t\t40.720141\t-73.843418\t6\t29\t737\t4078003\t4032570001\tForest Hills                                                               ", 254], ["\"\t7185755520\t7185755515\t209\t\"aphillips@lesfu.org", 48], ["\"\t\"April", 8]], "average_length": 103.33333333333333}]}, {"column_name": "PROGRAM_CODE", "number_non_empty_cells": 163, "number_empty_cells": 3, "number_distinct_values": 164, "frequent_values": ["00A631PR", "00A640PR", "00A294PR", "00A359PR", "00A264PR"], "dataTypes": [{"type": "DATE/TIME", "count": 3, "max_value": "2019-12-31T00:00:00", "min_value": "2019-12-17T00:00:00"}, {"type": "TEXT", "count": 160, "shortest_values": [["00225PR", 7], ["00A385PR", 8], ["00A680PR", 8], ["00A681PR", 8], ["00A415PR", 8]], "longest_values": [["00A459PR-B", 10], ["00A420PR1", 9], ["000A350PR", 9], ["00A465PR1", 9], ["00A406PR1", 9]], "average_length": 8.031249999999991}]}, {"column_name": "PROGRAM_NAME", "number_non_empty_cells": 162, "number_empty_cells": 4, "number_distinct_values": 161, "frequent_values": ["Family Treatment Rehabilitation Program", "General Preventive", "Family Treatment/Rehabilitation", "FRC- Family Treatment Rehabilitation", "General Preventive Program (Queens)"], "dataTypes": [{"type": "TEXT", "count": 163, "shortest_values": [["LESFU-FTR", 9], ["Family Link-GP", 14], ["General Preventive", 18], ["General Preventive", 18], ["Project CARE (FTR)", 18]], "longest_values": [["All Childrens House Preventive Svcs. - G.P. - Man.", 50], ["Astor Family Services - General Preventive - Bronx", 50], ["Bedford Stuyvesant Family Ctr.- Gen. Prev. - Bklyn", 50], ["Family Life Program I - General Preventive - Bronx", 50], ["Red Hook Family Counseling Svcs Beacon G.P.- Bklyn", 50]], "average_length": 39.46625766871168}]}, {"column_name": "ACTIVE_FLAG", "number_non_empty_cells": 163, "number_empty_cells": 3, "number_distinct_values": 2, "frequent_values": ["Y", null], "dataTypes": [{"type": "TEXT", "count": 163, "shortest_values": [["Y", 1], ["Y", 1], ["Y", 1], ["Y", 1], ["Y", 1]], "longest_values": [["Y", 1], ["Y", 1], ["Y", 1], ["Y", 1], ["Y", 1]], "average_length": 1.0}]}, {"column_name": "AGENCY_NAME", "number_non_empty_cells": 163, "number_empty_cells": 3, "number_distinct_values": 61, "frequent_values": ["SCO Family of Services", "New York Foundling Hospital", "The Child Center of NY ", "Good Shepherd Services", "Graham Windham"], "dataTypes": [{"type": "TEXT", "count": 163, "shortest_values": [["BoysTown", 8], ["Safe Space", 10], ["Safe Space", 10], ["Safe Space", 10], ["Safe Space", 10]], "longest_values": [["Sauti Yetu Center for African Women and Families", 48], ["Sauti Yetu Center for African Women and Families", 48], ["Hellenic American Neighborhood Action Committee", 47], ["Mental Health Association of NYC (MHA of NYC)", 45], ["Mental Health Association of NYC (MHA of NYC)", 45]], "average_length": 27.39263803680982}]}, {"column_name": "DESCRIPTION", "number_non_empty_cells": 163, "number_empty_cells": 3, "number_distinct_values": 5, "frequent_values": ["General Preventive", "Family Treatment and Rehabilitation", "Intensive Preventive", "Medically Fragile", null], "dataTypes": [{"type": "TEXT", "count": 163, "shortest_values": [["Medically Fragile", 17], ["Medically Fragile", 17], ["Medically Fragile", 17], ["Medically Fragile", 17], ["Medically Fragile", 17]], "longest_values": [["Family Treatment and Rehabilitation", 35], ["Family Treatment and Rehabilitation", 35], ["Family Treatment and Rehabilitation", 35], ["Family Treatment and Rehabilitation", 35], ["Family Treatment and Rehabilitation", 35]], "average_length": 22.62576687116563}]}, {"column_name": "BOROUGH", "number_non_empty_cells": 163, "number_empty_cells": 3, "number_distinct_values": 6, "frequent_values": ["Brooklyn", "Bronx", "Queens", "Manhattan", "Staten Island"], "dataTypes": [{"type": "TEXT", "count": 163, "shortest_values": [["Bronx", 5], ["Bronx", 5], ["Bronx", 5], ["Bronx", 5], ["Bronx", 5]], "longest_values": [["Staten Island", 13], ["Staten Island", 13], ["Staten Island", 13], ["Staten Island", 13], ["Staten Island", 13]], "average_length": 7.300613496932516}]}, {"column_name": "PROG_CONTACT_LAST_NAME", "number_non_empty_cells": 163, "number_empty_cells": 3, "number_distinct_values": 116, "frequent_values": ["Cocks", "Phillips", "Rodriguez", "Querbach", "Alhusseini"], "dataTypes": [{"type": "TEXT", "count": 163, "shortest_values": [["Guy", 3], ["Loza", 4], ["Bent", 4], ["Fety", 4], ["Ford", 4]], "longest_values": [["Villegas -Daniels ", 18], ["Blumenthal,LMSW", 15], ["Horchak-Andino", 14], ["Williams Myers", 14], ["Williams-Myers", 14]], "average_length": 7.3496932515337425}]}, {"column_name": "PROG_CONTACT_FIRST_NAME", "number_non_empty_cells": 162, "number_empty_cells": 4, "number_distinct_values": 108, "frequent_values": ["Thomas", "Linda", "Elizabeth", "Janee", "Theresa"], "dataTypes": [{"type": "DATE/TIME", "count": 3, "max_value": "2019-04-07T00:00:00", "min_value": "2019-04-07T00:00:00"}, {"type": "TEXT", "count": 159, "shortest_values": [["Jon", 3], ["Max", 3], ["Jon", 3], ["Jon", 3], ["Zoe", 3]], "longest_values": [["Jennifer A.", 11], ["Elizabeth ", 10], ["Elizabeth", 9], ["Elizabeth", 9], ["Gwendolyn", 9]], "average_length": 6.000000000000001}]}, {"column_name": "PROG_CONTACT_PHONE_NO", "number_non_empty_cells": 162, "number_empty_cells": 4, "number_distinct_values": 116, "frequent_values": [7184477740, 7185265151, 7185622605, 7188032000, 7186229400], "dataTypes": [{"type": "INTEGER (LONG)", "count": 162, "max_value": 9146930600, "min_value": 2122064127, "mean": 6357338479.895061, "stddev": 1834573123.9856696}]}, {"column_name": "PROG_CONTACT_FAX_NO", "number_non_empty_cells": 115, "number_empty_cells": 51, "number_distinct_values": 96, "frequent_values": [7184664968, 7188595708, 2122817518, 7188590730, 7182637818], "dataTypes": [{"type": "INTEGER (LONG)", "count": 115, "max_value": 7189931747, "min_value": 2122265351, "mean": 6321871343.652175, "stddev": 1847214870.5648036}]}, {"column_name": "PROG_CONTACT_EXTENSION", "number_non_empty_cells": 36, "number_empty_cells": 130, "number_distinct_values": 31, "frequent_values": [152, 217, 862, 6505, 208], "dataTypes": [{"type": "INTEGER (LONG)", "count": 36, "max_value": 6505, "min_value": 16, "mean": 1060.388888888889, "stddev": 1731.2719036364529}]}, {"column_name": "PROG_CONTACT_EMAIL", "number_non_empty_cells": 68, "number_empty_cells": 98, "number_distinct_values": 54, "frequent_values": ["frankelj@graham-windham.org", "lcherry@ccmnyc.org", "tzelaya@ccbq.org", "dfgonzalez@hcz.org", "aliriog@childrensaidsociety.org"], "dataTypes": [{"type": "TEXT", "count": 68, "shortest_values": [["E", 1], ["speete@hcz.org", 14], ["Tcocks@sco.org", 14], ["Tcocks@sco.org", 14], ["karens@svs.org", 14]], "longest_values": [["elaine.caraccioli2@dfa.state.ny.us", 34], ["ELIZABETH.PADILLA@DFA.STATE.NY.US", 33], ["elaine.madlangbayan@boystown.org", 32], ["aliriog@childrensaidsociety.org", 31], ["aliriog@childrensaidsociety.org", 31]], "average_length": 22.89705882352941}]}, {"column_name": "PROGRAM_ADDRESS_1", "number_non_empty_cells": 162, "number_empty_cells": 4, "number_distinct_values": 138, "frequent_values": ["20 New York Avenue", "37-10 30th Street", "2190 University Avenue", "119 Tompkins Avenue", "11-43 47th Avenue"], "dataTypes": [{"type": "TEXT", "count": 162, "shortest_values": [["333 Avenue X", 12], ["89-30 161st ", 12], ["221 Broadway", 12], ["3003 Avenue H", 13], ["50 Bay Street", 13]], "longest_values": [["2090 Adam Clayton Powell,Jr. Blvd.", 34], ["2090 Adam Clayton Powell,Jr. Blvd", 33], ["133-25 Guy R. Brewer Boulevard", 30], ["2090 Adam Clayton Powel Blvd.", 29], ["177th Street & Baisley Blvd.", 28]], "average_length": 19.228395061728392}]}, {"column_name": "PROGRAM_ADDRESS_2", "number_non_empty_cells": 65, "number_empty_cells": 101, "number_distinct_values": 34, "frequent_values": ["2nd Floor", "3rd Floor", "4th Floor", "1st Floor", "Room 303"], "dataTypes": [{"type": "TEXT", "count": 65, "shortest_values": [["1G", 2], ["Room B1", 7], ["Room 46", 7], ["Room 303", 8], ["Room 303", 8]], "longest_values": [["Bldg B,Siute #511", 17], ["2nd Floor,Rm 202", 16], ["Ground Floor", 12], ["Street Level", 12], ["3rd Floor", 9]], "average_length": 9.015384615384617}]}, {"column_name": "PROGRAM_CITY", "number_non_empty_cells": 161, "number_empty_cells": 5, "number_distinct_values": 26, "frequent_values": ["Brooklyn", "Bronx", "New York", "Jamaica", "Kings"], "dataTypes": [{"type": "TEXT", "count": 161, "shortest_values": [["Bronx", 5], ["Kings", 5], ["Bronx", 5], ["Bronx", 5], ["Bronx", 5]], "longest_values": [["Forest Hills,New York", 21], ["Long Island City", 16], ["Long Island City", 16], ["Long Island City", 16], ["Long Island City", 16]], "average_length": 7.832298136645963}]}, {"column_name": "POSTCODE", "number_non_empty_cells": 162, "number_empty_cells": 4, "number_distinct_values": 72, "frequent_values": [11201, 11432, 10455, 11216, 10458], "dataTypes": [{"type": "INTEGER (LONG)", "count": 162, "max_value": 11691, "min_value": 10002, "mean": 10806.598765432098, "stddev": 532.4629641079496}]}, {"column_name": "OFFICE_MON_FROM_TIME", "number_non_empty_cells": 141, "number_empty_cells": 25, "number_distinct_values": 5, "frequent_values": ["9:00 AM", "8:00 AM", "7:00 AM", "9:00 PM", null], "dataTypes": [{"type": "DATE/TIME", "count": 141, "max_value": "2019-12-07T21:00:00", "min_value": "2019-12-07T07:00:00"}]}, {"column_name": "OFFICE_MON_TO_TIME", "number_non_empty_cells": 141, "number_empty_cells": 25, "number_distinct_values": 8, "frequent_values": ["5:00 PM", "7:00 PM", "9:00 PM", "8:00 PM", "6:00 PM"], "dataTypes": [{"type": "DATE/TIME", "count": 141, "max_value": "2019-12-07T21:00:00", "min_value": "2019-12-07T00:00:00"}]}, {"column_name": "OFFICE_TUES_FROM_TIME", "number_non_empty_cells": 141, "number_empty_cells": 25, "number_distinct_values": 5, "frequent_values": ["9:00 AM", "8:00 AM", "7:00 AM", "9:00 PM", null], "dataTypes": [{"type": "DATE/TIME", "count": 141, "max_value": "2019-12-07T21:00:00", "min_value": "2019-12-07T07:00:00"}]}, {"column_name": "OFFICE_TUES_TO_TIME", "number_non_empty_cells": 141, "number_empty_cells": 25, "number_distinct_values": 9, "frequent_values": ["5:00 PM", "7:00 PM", "8:00 PM", "9:00 PM", "6:00 PM"], "dataTypes": [{"type": "DATE/TIME", "count": 141, "max_value": "2019-12-07T21:00:00", "min_value": "2019-12-07T00:00:00"}]}, {"column_name": "OFFICE_WED_FROM_TIME", "number_non_empty_cells": 141, "number_empty_cells": 25, "number_distinct_values": 5, "frequent_values": ["9:00 AM", "8:00 AM", "7:00 AM", "9:00 PM", null], "dataTypes": [{"type": "DATE/TIME", "count": 141, "max_value": "2019-12-07T21:00:00", "min_value": "2019-12-07T07:00:00"}]}, {"column_name": "OFFICE_WED_TO_TIME", "number_non_empty_cells": 141, "number_empty_cells": 25, "number_distinct_values": 9, "frequent_values": ["5:00 PM", "7:00 PM", "6:00 PM", "9:00 PM", "8:00 PM"], "dataTypes": [{"type": "DATE/TIME", "count": 141, "max_value": "2019-12-07T21:00:00", "min_value": "2019-12-07T00:00:00"}]}, {"column_name": "OFFICE_THURS_FROM_TIME", "number_non_empty_cells": 141, "number_empty_cells": 25, "number_distinct_values": 5, "frequent_values": ["9:00 AM", "8:00 AM", "7:00 AM", "9:00 PM", null], "dataTypes": [{"type": "DATE/TIME", "count": 141, "max_value": "2019-12-07T21:00:00", "min_value": "2019-12-07T07:00:00"}]}, {"column_name": "OFFICE_THURS_TO_TIME", "number_non_empty_cells": 141, "number_empty_cells": 25, "number_distinct_values": 8, "frequent_values": ["5:00 PM", "7:00 PM", "8:00 PM", "9:00 PM", "6:00 PM"], "dataTypes": [{"type": "DATE/TIME", "count": 141, "max_value": "2019-12-07T21:00:00", "min_value": "2019-12-07T00:00:00"}]}, {"column_name": "OFFICE_FRI_FROM_TIME", "number_non_empty_cells": 141, "number_empty_cells": 25, "number_distinct_values": 5, "frequent_values": ["9:00 AM", "8:00 AM", "7:00 AM", "9:00 PM", null], "dataTypes": [{"type": "DATE/TIME", "count": 141, "max_value": "2019-12-07T21:00:00", "min_value": "2019-12-07T07:00:00"}]}, {"column_name": "OFFICE_FRI_TO_TIME", "number_non_empty_cells": 141, "number_empty_cells": 25, "number_distinct_values": 8, "frequent_values": ["5:00 PM", "6:00 PM", "9:00 AM", "12:00 AM", "8:00 PM"], "dataTypes": [{"type": "DATE/TIME", "count": 141, "max_value": "2019-12-07T20:00:00", "min_value": "2019-12-07T00:00:00"}]}, {"column_name": "OFFICE_SAT_FROM_TIME", "number_non_empty_cells": 21, "number_empty_cells": 145, "number_distinct_values": 5, "frequent_values": ["9:00 AM", "10:00 AM", "8:00 AM", "7:00 AM", null], "dataTypes": [{"type": "DATE/TIME", "count": 21, "max_value": "2019-12-07T10:00:00", "min_value": "2019-12-07T07:00:00"}]}, {"column_name": "OFFICE_SAT_TO_TIME", "number_non_empty_cells": 21, "number_empty_cells": 145, "number_distinct_values": 8, "frequent_values": ["1:00 PM", "3:00 PM", "5:00 PM", "2:00 PM", "4:00 PM"], "dataTypes": [{"type": "DATE/TIME", "count": 21, "max_value": "2019-12-07T20:00:00", "min_value": "2019-12-07T00:00:00"}]}, {"column_name": "OFFICE_SUN_FROM_TIME", "number_non_empty_cells": 3, "number_empty_cells": 163, "number_distinct_values": 3, "frequent_values": ["8:00 AM", "7:00 AM", null], "dataTypes": [{"type": "DATE/TIME", "count": 3, "max_value": "2019-12-07T08:00:00", "min_value": "2019-12-07T07:00:00"}]}, {"column_name": "OFFICE_SUN_TO_TIME", "number_non_empty_cells": 3, "number_empty_cells": 163, "number_distinct_values": 4, "frequent_values": ["8:00 PM", "12:00 AM", "12:12 AM", null], "dataTypes": [{"type": "DATE/TIME", "count": 3, "max_value": "2019-12-07T20:00:00", "min_value": "2019-12-07T00:00:00"}]}, {"column_name": "LATITUDE", "number_non_empty_cells": 151, "number_empty_cells": 15, "number_distinct_values": 117, "frequent_values": [40.679602, 40.739014, 40.817838, 40.651442, 40.640901], "dataTypes": [{"type": "REAL", "count": 151, "max_value": 40.877505, "min_value": 40.574411, "mean": 40.736877238410585, "stddev": 0.08072846210975015}]}, {"column_name": "LONGITUDE", "number_non_empty_cells": 151, "number_empty_cells": 15, "number_distinct_values": 116, "frequent_values": [-73.906077, -73.946817, -73.947978, -73.846887, -73.91935], "dataTypes": [{"type": "REAL", "count": 151, "max_value": -73.738669, "min_value": -74.14319, "mean": -73.92404375496686, "stddev": 0.07322926688500969}]}, {"column_name": "COMMUNITY_BOARD", "number_non_empty_cells": 151, "number_empty_cells": 15, "number_distinct_values": 19, "frequent_values": [1, 10, 2, 3, 12], "dataTypes": [{"type": "INTEGER (LONG)", "count": 151, "max_value": 18, "min_value": 1, "mean": 6.907284768211923, "stddev": 4.741462866137416}]}, {"column_name": "COUNCIL_DISTRICT", "number_non_empty_cells": 151, "number_empty_cells": 15, "number_distinct_values": 40, "frequent_values": [9, 17, 49, 8, 37], "dataTypes": [{"type": "INTEGER (LONG)", "count": 151, "max_value": 49, "min_value": 1, "mean": 25.225165562913908, "stddev": 13.835443583231234}]}, {"column_name": "CENSUS_TRACT", "number_non_empty_cells": 151, "number_empty_cells": 15, "number_distinct_values": 95, "frequent_values": [65, 247, 44601, 3, 232], "dataTypes": [{"type": "INTEGER (LONG)", "count": 151, "max_value": 103202, "min_value": 3, "mean": 6146.105960264902, "stddev": 18109.49075135854}]}, {"column_name": "BIN", "number_non_empty_cells": 149, "number_empty_cells": 17, "number_distinct_values": 114, "frequent_values": [3053759, 4208872, 4202229, 1060443, 3337160], "dataTypes": [{"type": "INTEGER (LONG)", "count": 149, "max_value": 5107099, "min_value": 1013595, "mean": 2836982.8859060407, "stddev": 1183702.847750429}]}, {"column_name": "BBL", "number_non_empty_cells": 149, "number_empty_cells": 17, "number_distinct_values": 114, "frequent_values": [3018610037, 2023970017, 4095300005, 1019597501, 2032110020], "dataTypes": [{"type": "INTEGER (LONG)", "count": 149, "max_value": 5011320046, "min_value": 1003010003, "mean": 2765364742.013424, "stddev": 1147989157.4442315}]}, {"column_name": "NTA", "number_non_empty_cells": 151, "number_empty_cells": 15, "number_distinct_values": 67, "frequent_values": ["Central Harlem North-Polo Grounds                                          ", "Central Harlem South                                                       ", "Melrose South-Mott Haven North                                             ", "Jamaica                                                                    ", "Crown Heights North                                                        "], "dataTypes": [{"type": "TEXT", "count": 151, "shortest_values": [["Carroll Gardens-Columbia Street-Red Hook                                   ", 75], ["Queensbridge-Ravenswood-Long Island City                                   ", 75], ["Queensbridge-Ravenswood-Long Island City                                   ", 75], ["East Harlem North                                                          ", 75], ["Williamsbridge-Olinville                                                   ", 75]], "longest_values": [["Carroll Gardens-Columbia Street-Red Hook                                   ", 75], ["Queensbridge-Ravenswood-Long Island City                                   ", 75], ["Queensbridge-Ravenswood-Long Island City                                   ", 75], ["East Harlem North                                                          ", 75], ["Williamsbridge-Olinville                                                   ", 75]], "average_length": 75.0}]}]}