{"dataset_name": "/user/hm74/NYCOpenData/9ibi-dfnm.tsv.gz", "columns": [{"column_name": "PermitID", "number_non_empty_cells": 3888, "number_empty_cells": 0, "number_distinct_values": 3673, "frequent_values": [3377, 2525, 3220, 2580, 2247], "dataTypes": [{"type": "INTEGER (LONG)", "count": 3888, "max_value": 7108, "min_value": 2037, "mean": 4730.748456790134, "stddev": 1396.1440529406004}]}, {"column_name": "StipulationID", "number_non_empty_cells": 3888, "number_empty_cells": 0, "number_distinct_values": 15, "frequent_values": [18, 20, 17, 11, 9], "dataTypes": [{"type": "INTEGER (LONG)", "count": 3888, "max_value": 24, "min_value": 4, "mean": 14.593878600823032, "stddev": 5.153850450161372}]}, {"column_name": "PermitNumber", "number_non_empty_cells": 3888, "number_empty_cells": 0, "number_distinct_values": 3669, "frequent_values": ["T65Q-2015530-503", "RIWY-2015328-260", "EVWI-2014111-994", "QPW6-201539-96", "TILC-2015224-40"], "dataTypes": [{"type": "TEXT", "count": 3888, "shortest_values": [["U55S-201812-5", 13], ["DB8G-201719-4", 13], ["DB8G-201719-8", 13], ["DB8G-201719-7", 13], ["DB8G-201719-5", 13]], "longest_values": [["QGZG-20151211-1131", 18], ["V8L7-20141213-1226", 18], ["S93X-20171227-1031", 18], ["V8L7-20141213-1231", 18], ["V8L7-20141213-1212", 18]], "average_length": 16.03446502057605}]}, {"column_name": "StipulationCode", "number_non_empty_cells": 3888, "number_empty_cells": 0, "number_distinct_values": 15, "frequent_values": ["AOL type 3 & 4", "AOL Lift tp 3&4", "New AOL Stip", "Long Stip 14-10", "Long Stip 2014"], "dataTypes": [{"type": "TEXT", "count": 3888, "shortest_values": [["eng stip", 8], ["eng stip", 8], ["eng stip", 8], ["eng stip", 8], ["eng stip", 8]], "longest_values": [["AOL Lift tp 3&4", 15], ["AOL Lift tp 3&4", 15], ["Long Stip 14-10", 15], ["AOL Lift tp 3&4", 15], ["AOL Lift tp 3&4", 15]], "average_length": 13.72325102880661}]}, {"column_name": "StipulationDescription", "number_non_empty_cells": 3888, "number_empty_cells": 0, "number_distinct_values": 15, "frequent_values": ["Please observe, follow and obey all postings, restrictions and Traffic Rules and Regulations along the truck route you traverse/travel during movement and on all NYC and NYS bridges and elevated structures. This permit does absolve the permittee of any responsibility for damage done to NYC and NYS bridges structural integrity due to this move. Note: ***** Annual overweight permitted vehicles need to be legally-sized; legal dimensions not to exceed: 8 ft wide, 13 ft 6 in high and or 35 ft, single, or 55 ft, tractor trailer, long.  ***** NOTE:   This vehicle is not permitted to travel on any movable or posted bridges throughout NYC", "\"Follow obey all postings, restrictions and Traffic Rules and Regs  along truck route you travel and on all NYC & NYS bridges & structures. This permit does absolve the permittee of responsibility for damage done to NYC and NYS bridges structural integrity due to this move. * Annual overweight permitted vehicles need to be legally-sized; dimensions not to exceed: 8 ft wide, 13 ft 6 in high and or 35 ft, single, or 55 ft, tractor trailer, long. Note: Lift axle must be down at all times when traveling on NYC Streets, not having the lift axle down will render this permit null and void. Max gross \"\"legal\"\" wt is 34,000 lbs+1,000 lbs per foot wheelbase; the gross \"\"legal\"\" wt is not to exceed 80,000lbs - *** This vehicle is not permitted to travel on any movable or posted bridges throughout NYC\"", "Please observe, follow and obey all postings, restrictions and Traffic Rules and Regulations along the truck route you traverse/travel during movement and on all NYC and NYS bridges and elevated structures.  This permit does absolve the permittee of any responsibility for damage done to NYC and NYS bridges structural integrity due to this move. Note: *** Annual overweight permitted vehicles need to be legally-sized; legal dimensions not to exceed: 8 ft wide, 13 ft 6 in high and or 35 ft, single, or 55 ft, tractor trailer, long.", "This permit is only approved based on the cranes axle weight and the spacing submitted to NYCDOT on the permit application.  It is the responsibility of Permittee to adjust the standard vehicle axle weight by removing any parts, such as Counter weight, Outrigger beams, etc. to meet the submitted axle weight. The crane is not permitted to travel on any movable or posted bridges throughout NYC. The crane must occupy 2 lanes on bridges. The crane is not permitted on Brooklyn Bridge. The crane is permitted on Outer Roadways on Williamsburg Bridge and not permitted on Inner Roadways; and permitted on Lower Inner Roadways on Queensboro Bridge and not permitted on Lower Outer Roadways and Upper Roadways. It is permitted on Williamsburg Bridge (OR), Queensboro Bridge (LIR) or Manhattan Bridge only when wind velocity is less than 30 MPH. This self-propelled crane must move with speed less than 10 mph, when the crane is on bridges. The crane is permitted only on the lower Roadway on Manhattan Bridge. The crane is not permitted on Upper Roadway.  Any change in the proposed crane weight or configuration on this permit will not be allowed. The crane must follow and obey all posted signs along the route regarding height restrictions, speed, weight, etc. - as well as all NYC Traffic Rules and Regulations. Obtain all necessary permits from other agencies such as Port Authority, NYSDOT, TBTA, etc. as applicable. Permittee is responsible for any repair for damage incurred to the bridges structure and any appurtenances caused by proposed crossing operations. The Crane must be escorted by vehicle weighting not more than 5000 pounds, 100 ft. behind the Crane. The crane is responsible to keep 100 feet behind the flow traffic. All Vehicles including NYC police shall not be allowed between the escort vehicle and the crane on the bridges.", "This permit is only approved based on the cranes axle weight and the spacing submitted to NYCDOT on the permit application.  It is the responsibility of Permittee to adjust the standard vehicle axle weight by removing any parts, such as Counter weight, Outrigger beams, etc. to meet the submitted axle weight. The crane is not permitted to travel on any movable or posted bridges throughout NYC. The crane must occupy 2 lanes on bridges. The crane is not permitted on Brooklyn Bridge. The crane is permitted on Outer Roadways on Williamsburg Bridge and not permitted on Inner Roadways; and permitted on Lower Inner Roadways on Queensboro Bridge and not permitted on Lower Outer Roadways and Upper Roadways. It is permitted on Williamsburg Bridge (OR), Queensboro Bridge (LIR) or Manhattan Bridge only when wind velocity is less than 30 MPH. This self-propelled crane must move with speed less than 5 mph, when the crane is on bridges. The crane is permitted only on the lower Roadway on Manhattan Bridge. The crane is not permitted on Upper Roadway.  Any change in the proposed crane weight or configuration on this permit will not be allowed. The crane must follow and obey all posted signs along the route regarding height restrictions, speed, weight, etc. - as well as all NYC Traffic Rules and Regulations. Obtain all necessary permits from other agencies such as Port Authority, NYSDOT, TBTA, etc. as applicable. Permittee is responsible for any repair for damage incurred to the bridges structure and any appurtenances caused by proposed crossing operations. The Crane must be escorted by vehicle weighting not more than 5000 pounds, 100 ft. behind the Crane. The crane is responsible to keep 100 feet behind the flow traffic. All Vehicles including NYC police shall not be allowed between the escort vehicle and the crane on the bridges."], "dataTypes": [{"type": "TEXT", "count": 3888, "shortest_values": [["\"Note: Lift axle must be down at all times when traveling on NYC Streets - *not having the lift axle down will render this permit null and void. * Max gross \"\"legal\"\" wt is 34,000 lbs+1,000 lbs per foot wheelbase; the gross \"\"legal\"\" wt is never to exceed 80,000lbs\"", 266], ["\"Note: Lift axle must be down at all times when traveling on NYC Streets - *not having the lift axle down will render this permit null and void. * Max gross \"\"legal\"\" wt is 34,000 lbs+1,000 lbs per foot wheelbase; the gross \"\"legal\"\" wt is never to exceed 80,000lbs\"", 266], ["\"Note: Lift axle must be down at all times when traveling on NYC Streets - *not having the lift axle down will render this permit null and void. * Max gross \"\"legal\"\" wt is 34,000 lbs+1,000 lbs per foot wheelbase; the gross \"\"legal\"\" wt is never to exceed 80,000lbs\"", 266], ["\"Note: Lift axle must be down at all times when traveling on NYC Streets - *not having the lift axle down will render this permit null and void. * Max gross \"\"legal\"\" wt is 34,000 lbs+1,000 lbs per foot wheelbase; the gross \"\"legal\"\" wt is never to exceed 80,000lbs\"", 266], ["\"Note: Lift axle must be down at all times when traveling on NYC Streets - *not having the lift axle down will render this permit null and void. * Max gross \"\"legal\"\" wt is 34,000 lbs+1,000 lbs per foot wheelbase; the gross \"\"legal\"\" wt is never to exceed 80,000lbs\"", 266]], "longest_values": [["the Lift Axles must be down all the time (7 drive axles) The Permittee must adjust the vehicle axle weight by removing any parts, such as Counter weight, Outrigger beams, etc. to meet the submitted axles weight. Crane is not permitted to travel on movable bridges in NYC; not permitted on posted bridges, in NYC, not permitted on Brooklyn Bridge.  Crane must occupy 2 lanes on bridges. Crane is permitted on Outer Roadways on Williamsburg Bridge and not permitted on Inner Roadways. Crane is permitted on Lower Inner Roadways on Queensboro Bridge. Crane is not permitted on Lower Outer Roadways and Upper Roadways. Crane is permitted on Williamsburg Bridge (OR), Queensboro Bridge (LIR) or Manhattan Bridge only when wind velocity is less than 30 MPH.  Crane must move with speed less than 5 mph (Crawl Speed) when the crane is on bridges. Crane is permitted only on the lower Roadway on Manhattan Bridge. Crane is not permitted on Upper Roadway. Any change in the proposed crane weight or configuration will not be allowed.  The crane must follow and obey all posted signs along the route regarding height restrictions, speed, weight, etc. - - as well as all NYC Traffic Rules and Regulations.  Obtain all necessary permit form other agencies such as PA, NYSDOT, TBTA, etc. as applicable.  Permittee is responsible for any repair for damage incurred to the bridges structure and any appurtenances caused by crossing operations. Crane must be escorted by vehicle weighting not more than 5000 lbs, 100 ft. behind the Crane.Crane is responsible to keep 100 feet behind the flow traffic. All Vehicles including NYC police shall not be allowed between the escort vehicle and the crane on the bridges. It is recommended that the Crane cross City-Bridges, when traffic volume is low. Approval for the Annual permit this crane on the city owned bridges does not obviate SSP Group Inc. of the responsibility for any damage done to the City owned bridges structural integrity, due to this Annual permit moves", 1999], ["the Lift Axles must be down all the time (7 drive axles) The Permittee must adjust the vehicle axle weight by removing any parts, such as Counter weight, Outrigger beams, etc. to meet the submitted axles weight. Crane is not permitted to travel on movable bridges in NYC; not permitted on posted bridges, in NYC, not permitted on Brooklyn Bridge.  Crane must occupy 2 lanes on bridges. Crane is permitted on Outer Roadways on Williamsburg Bridge and not permitted on Inner Roadways. Crane is permitted on Lower Inner Roadways on Queensboro Bridge. Crane is not permitted on Lower Outer Roadways and Upper Roadways. Crane is permitted on Williamsburg Bridge (OR), Queensboro Bridge (LIR) or Manhattan Bridge only when wind velocity is less than 30 MPH.  Crane must move with speed less than 5 mph (Crawl Speed) when the crane is on bridges. Crane is permitted only on the lower Roadway on Manhattan Bridge. Crane is not permitted on Upper Roadway. Any change in the proposed crane weight or configuration will not be allowed.  The crane must follow and obey all posted signs along the route regarding height restrictions, speed, weight, etc. - - as well as all NYC Traffic Rules and Regulations.  Obtain all necessary permit form other agencies such as PA, NYSDOT, TBTA, etc. as applicable.  Permittee is responsible for any repair for damage incurred to the bridges structure and any appurtenances caused by crossing operations. Crane must be escorted by vehicle weighting not more than 5000 lbs, 100 ft. behind the Crane.Crane is responsible to keep 100 feet behind the flow traffic. All Vehicles including NYC police shall not be allowed between the escort vehicle and the crane on the bridges. It is recommended that the Crane cross City-Bridges, when traffic volume is low. Approval for the Annual permit this crane on the city owned bridges does not obviate SSP Group Inc. of the responsibility for any damage done to the City owned bridges structural integrity, due to this Annual permit moves", 1999], ["Crane is not permitted to travel on any movable bridges in NYC ; not permitted on posted bridges, not permitted on Brooklyn Bridge. Crane must occupy 2 lanes on bridges. Crane is permitted on Outer Roadways on Williamsburg Bridge and not permitted on Inner Roadways. Crane is permitted on Lower Inner Roadways on 59th St Bridge. Crane is not permitted on Lower Outer Roadways and Upper Roadways. Crane is permitted on Williamsburg Bridge, Queensboro Bridge or Manhattan Bridge only when wind is less than 30 MPH. Crane must move with speed less than 5 mph, when crane is on bridges. Crane is permitted only on the lower Roadway on Manhattan Bridge. Crane is not permitted on Upper Roadway. Changes in the proposed crane wt or configuration reviewed by NYCDOT will not be allowed. Crane must follow and obey all posted signs along the route regarding height restrictions, speed, wt, etc. as well as all NYC Traffic Rules and Regulations. Obtain all permits from other agencies such as PA, NYSDOT, TBTA, etc. as applicable. Permittee is responsible for any repair for damage incurred to the bridges structure and any appurtenances caused by proposed crossing operations. Crane must be escorted by vehicle weighting not more than 5000 lbs, 100 ft. behind the Crane. Crane is responsible to keep 100 ft behind the flow traffic. Vehicles including NYC police shall not be allowed between the escort vehicle and the crane on the bridges. It is recommended that the Crane cross City-Bridges, when traffic volume is low. Permit is only approved based on the cranes axles wt and spacing submitted to NYCDOT via app. It is the responsibility of the Permittee to adjust the standard vehicle axle wt by removing parts, such as Counter wt, Outrigger beams, etc. to meet the submitted axles wt. Approval for this permit of this crane on the NYC bridges does not obviate the Crane company of the responsibility of for any damage done to the City owned bridges structural integrity, due to this Annual permit moves", 1998], ["Crane is not permitted to travel on any movable bridges in NYC ; not permitted on posted bridges, not permitted on Brooklyn Bridge. Crane must occupy 2 lanes on bridges. Crane is permitted on Outer Roadways on Williamsburg Bridge and not permitted on Inner Roadways. Crane is permitted on Lower Inner Roadways on 59th St Bridge. Crane is not permitted on Lower Outer Roadways and Upper Roadways. Crane is permitted on Williamsburg Bridge, Queensboro Bridge or Manhattan Bridge only when wind is less than 30 MPH. Crane must move with speed less than 5 mph, when crane is on bridges. Crane is permitted only on the lower Roadway on Manhattan Bridge. Crane is not permitted on Upper Roadway. Changes in the proposed crane wt or configuration reviewed by NYCDOT will not be allowed. Crane must follow and obey all posted signs along the route regarding height restrictions, speed, wt, etc. as well as all NYC Traffic Rules and Regulations. Obtain all permits from other agencies such as PA, NYSDOT, TBTA, etc. as applicable. Permittee is responsible for any repair for damage incurred to the bridges structure and any appurtenances caused by proposed crossing operations. Crane must be escorted by vehicle weighting not more than 5000 lbs, 100 ft. behind the Crane. Crane is responsible to keep 100 ft behind the flow traffic. Vehicles including NYC police shall not be allowed between the escort vehicle and the crane on the bridges. It is recommended that the Crane cross City-Bridges, when traffic volume is low. Permit is only approved based on the cranes axles wt and spacing submitted to NYCDOT via app. It is the responsibility of the Permittee to adjust the standard vehicle axle wt by removing parts, such as Counter wt, Outrigger beams, etc. to meet the submitted axles wt. Approval for this permit of this crane on the NYC bridges does not obviate the Crane company of the responsibility of for any damage done to the City owned bridges structural integrity, due to this Annual permit moves", 1998], ["Crane is not permitted to travel on any movable bridges in NYC ; not permitted on posted bridges, not permitted on Brooklyn Bridge. Crane must occupy 2 lanes on bridges. Crane is permitted on Outer Roadways on Williamsburg Bridge and not permitted on Inner Roadways. Crane is permitted on Lower Inner Roadways on 59th St Bridge. Crane is not permitted on Lower Outer Roadways and Upper Roadways. Crane is permitted on Williamsburg Bridge, Queensboro Bridge or Manhattan Bridge only when wind is less than 30 MPH. Crane must move with speed less than 5 mph, when crane is on bridges. Crane is permitted only on the lower Roadway on Manhattan Bridge. Crane is not permitted on Upper Roadway. Changes in the proposed crane wt or configuration reviewed by NYCDOT will not be allowed. Crane must follow and obey all posted signs along the route regarding height restrictions, speed, wt, etc. as well as all NYC Traffic Rules and Regulations. Obtain all permits from other agencies such as PA, NYSDOT, TBTA, etc. as applicable. Permittee is responsible for any repair for damage incurred to the bridges structure and any appurtenances caused by proposed crossing operations. Crane must be escorted by vehicle weighting not more than 5000 lbs, 100 ft. behind the Crane. Crane is responsible to keep 100 ft behind the flow traffic. Vehicles including NYC police shall not be allowed between the escort vehicle and the crane on the bridges. It is recommended that the Crane cross City-Bridges, when traffic volume is low. Permit is only approved based on the cranes axles wt and spacing submitted to NYCDOT via app. It is the responsibility of the Permittee to adjust the standard vehicle axle wt by removing parts, such as Counter wt, Outrigger beams, etc. to meet the submitted axles wt. Approval for this permit of this crane on the NYC bridges does not obviate the Crane company of the responsibility of for any damage done to the City owned bridges structural integrity, due to this Annual permit moves", 1998]], "average_length": 939.1882716049378}]}]}