{"dataset_name": "/user/hm74/NYCOpenData/9jf7-zn7b.tsv.gz", "columns": [{"column_name": "Sector", "number_non_empty_cells": 24, "number_empty_cells": 0, "number_distinct_values": 24, "frequent_values": ["Biodiesel (biogenic carbon)", "Diesel - marine (in port)", "Diesel - heavy duty vehicles", "#4 fuel oil (industrial)", "#2 fuel oil (industrial)"], "dataTypes": [{"type": "TEXT", "count": 24, "shortest_values": [["Propane", 7], ["Kerosene", 8], ["Jet Fuel", 8], ["CNG - buses", 11], ["Diesel - bus", 12]], "longest_values": [["Ethanol (E100) - passenger car", 30], ["Biodiesel - heavy duty trucks", 29], ["Diesel - heavy duty vehicles", 28], ["Biodiesel (biogenic carbon)", 27], ["Gasoline - passenger cars", 25]], "average_length": 21.0}]}, {"column_name": "Source", "number_non_empty_cells": 24, "number_empty_cells": 0, "number_distinct_values": 3, "frequent_values": ["Stationary", "On-road mobile", "Off-road"], "dataTypes": [{"type": "TEXT", "count": 24, "shortest_values": [["Off-road", 8], ["Off-road", 8], ["Off-road", 8], ["Off-road", 8], ["Stationary", 10]], "longest_values": [["On-road mobile", 14], ["On-road mobile", 14], ["On-road mobile", 14], ["On-road mobile", 14], ["On-road mobile", 14]], "average_length": 11.166666666666668}]}, {"column_name": "Unit", "number_non_empty_cells": 24, "number_empty_cells": 0, "number_distinct_values": 2, "frequent_values": ["liter", "GJ"], "dataTypes": [{"type": "TEXT", "count": 24, "shortest_values": [["GJ", 2], ["GJ", 2], ["GJ", 2], ["liter", 5], ["liter", 5]], "longest_values": [["liter", 5], ["liter", 5], ["liter", 5], ["liter", 5], ["liter", 5]], "average_length": 4.625}]}, {"column_name": "CO2 (kg/UNIT) (fossil)", "number_non_empty_cells": 21, "number_empty_cells": 3, "number_distinct_values": 12, "frequent_values": [2.6799, 2.3421, 50.2559, 2.9834, 2.8961], "dataTypes": [{"type": "REAL", "count": 21, "max_value": 50.2559, "min_value": 1.4846, "mean": 9.405366666666671, "stddev": 16.67893832847521}]}, {"column_name": "CO2 (kg/UNIT) (biogenic)", "number_non_empty_cells": 3, "number_empty_cells": 21, "number_distinct_values": 3, "frequent_values": [2.0094, 1.5285, null], "dataTypes": [{"type": "REAL", "count": 3, "max_value": 2.0094, "min_value": 1.5285, "mean": 1.8491, "stddev": 0.22669843404840712}]}, {"column_name": "CH4 (kg/UNIT)", "number_non_empty_cells": 24, "number_empty_cells": 0, "number_distinct_values": 17, "frequent_values": [0.0001, 0.0004, 0.0, 0.000168, 0.005], "dataTypes": [{"type": "REAL", "count": 24, "max_value": 0.065902, "min_value": 0.0, "mean": 0.003186375, "stddev": 0.013117482910262991}]}, {"column_name": "N2O (kg/UNIT)", "number_non_empty_cells": 24, "number_empty_cells": 0, "number_distinct_values": 16, "frequent_values": [4e-06, 2.2e-05, 2.3e-05, 0.0001, 2.4e-05], "dataTypes": [{"type": "REAL", "count": 24, "max_value": 0.005866, "min_value": 4e-06, "mean": 0.0003149583333333333, "stddev": 0.0011620947135513049}]}, {"column_name": "CO2e (kg/UNIT) (fossil)", "number_non_empty_cells": 24, "number_empty_cells": 0, "number_distinct_values": 21, "frequent_values": [2.425, 0.002, 2.681, 50.311, 1.66], "dataTypes": [{"type": "REAL", "count": 24, "max_value": 53.642, "min_value": 0.002, "mean": 8.466541666666666, "stddev": 16.27616887502289}]}]}