{"dataset_name": "/user/hm74/NYCOpenData/9mjx-v8ip.tsv.gz", "columns": [{"column_name": "ELECTION", "number_non_empty_cells": 161, "number_empty_cells": 1, "number_distinct_values": 2, "frequent_values": [2005, null], "dataTypes": [{"type": "INTEGER (LONG)", "count": 161, "max_value": 2005, "min_value": 2005, "mean": 2005.0, "stddev": 0.0}]}, {"column_name": "CANDID", "number_non_empty_cells": 131, "number_empty_cells": 31, "number_distinct_values": 132, "frequent_values": [148, 858, 879, 804, 853], "dataTypes": [{"type": "INTEGER (LONG)", "count": 131, "max_value": 1011, "min_value": 51, "mean": 665.4732824427483, "stddev": 248.69756390806432}]}, {"column_name": "CANDNAME", "number_non_empty_cells": 161, "number_empty_cells": 1, "number_distinct_values": 162, "frequent_values": ["Baez, Maria", "Carroll, Rodney L", "Rahman, Masud M", "Michels, Stanley E", "Nocerino, Joseph R"], "dataTypes": [{"type": "TEXT", "count": 162, "shortest_values": [["CANDNAME", 8], ["Golub, Jay", 10], ["Hall, Jody", 10], ["Quart, Dan", 10], ["Ruiz, John", 10]], "longest_values": [["Cabbagestalk, Jr., Damon L", 26], ["Vazquez-Hernandez, Viviana", 26], ["Velazquez Bennett, Yvette", 25], ["Thompson, Jr., William C", 24], ["Papajohn, Christopher J", 23]], "average_length": 15.697530864197534}]}, {"column_name": "OFFICECD", "number_non_empty_cells": 161, "number_empty_cells": 1, "number_distinct_values": 6, "frequent_values": [5, 4, 1, 2, 3], "dataTypes": [{"type": "INTEGER (LONG)", "count": 161, "max_value": 5, "min_value": 1, "mean": 4.633540372670807, "stddev": 0.9370857494307533}]}, {"column_name": "OFFICEBORO", "number_non_empty_cells": 19, "number_empty_cells": 143, "number_distinct_values": 7, "frequent_values": ["M", "Q", "K", "S", "X"], "dataTypes": [{"type": "TEXT", "count": 19, "shortest_values": [["X", 1], ["M", 1], ["M", 1], ["S", 1], ["M", 1]], "longest_values": [["OFFICEBORO", 10], ["X", 1], ["M", 1], ["M", 1], ["S", 1]], "average_length": 1.4736842105263157}]}, {"column_name": "OFFICEDIST", "number_non_empty_cells": 131, "number_empty_cells": 31, "number_distinct_values": 49, "frequent_values": [2, 41, 9, 13, 8], "dataTypes": [{"type": "INTEGER (LONG)", "count": 131, "max_value": 51, "min_value": 1, "mean": 23.717557251908396, "stddev": 15.795097707524121}]}, {"column_name": "CANCLASS", "number_non_empty_cells": 162, "number_empty_cells": 0, "number_distinct_values": 2, "frequent_values": ["P", "CANCLASS"], "dataTypes": [{"type": "TEXT", "count": 162, "shortest_values": [["P", 1], ["P", 1], ["P", 1], ["P", 1], ["P", 1]], "longest_values": [["CANCLASS", 8], ["P", 1], ["P", 1], ["P", 1], ["P", 1]], "average_length": 1.04320987654321}]}, {"column_name": "PRIMARYPAY", "number_non_empty_cells": 161, "number_empty_cells": 1, "number_distinct_values": 47, "frequent_values": [0, 82500, 708950, 65044, 25512], "dataTypes": [{"type": "INTEGER (LONG)", "count": 161, "max_value": 2462951, "min_value": 0, "mean": 117795.82608695653, "stddev": 326188.655105405}]}, {"column_name": "GENERALPAY", "number_non_empty_cells": 161, "number_empty_cells": 1, "number_distinct_values": 41, "frequent_values": [0, 82500, 20625, 58577, 25324], "dataTypes": [{"type": "INTEGER (LONG)", "count": 161, "max_value": 2676060, "min_value": 0, "mean": 36674.57142857146, "stddev": 216001.89867999527}]}, {"column_name": "RUNOFFPAY", "number_non_empty_cells": 161, "number_empty_cells": 1, "number_distinct_values": 2, "frequent_values": [0, null], "dataTypes": [{"type": "INTEGER (LONG)", "count": 161, "max_value": 0, "min_value": 0, "mean": 0.0, "stddev": 0.0}]}, {"column_name": "TOTALPAY", "number_non_empty_cells": 161, "number_empty_cells": 1, "number_distinct_values": 80, "frequent_values": [0, 82500, 165000, 708950, 50518], "dataTypes": [{"type": "INTEGER (LONG)", "count": 161, "max_value": 4361060, "min_value": 0, "mean": 154470.39751552796, "stddev": 449024.8213432099}]}]}