{"dataset_name": "/user/hm74/NYCOpenData/9n2i-9h9s.tsv.gz", "columns": [{"column_name": "DBN", "number_non_empty_cells": 1269, "number_empty_cells": 0, "number_distinct_values": 1269, "frequent_values": ["02M042", "08X093", "84X538", "01M064", "01M539"], "dataTypes": [{"type": "DATE/TIME", "count": 33, "max_value": "2019-12-08T00:06:52", "min_value": "2019-12-08T00:01:15"}, {"type": "TEXT", "count": 1236, "shortest_values": [["01M063", 6], ["01M064", 6], ["01M110", 6], ["01M134", 6], ["01M140", 6]], "longest_values": [["01M063", 6], ["01M064", 6], ["01M110", 6], ["01M134", 6], ["01M140", 6]], "average_length": 6.0}]}, {"column_name": "School_Name", "number_non_empty_cells": 1269, "number_empty_cells": 0, "number_distinct_values": 1267, "frequent_values": ["P.S. 253", "P.S. 212", "P.S. 185 Walter Kassenbrock", "M.S. 302 Luisa Dessus Cruz", "P.S. 152 Gwendoline N. Alleyne School"], "dataTypes": [{"type": "TEXT", "count": 1269, "shortest_values": [["Kappa", 5], ["P.S. 89", 7], ["Muscota", 7], ["P.S. 66", 7], ["P.S. 78", 7]], "longest_values": [["New Explorations into Science, Technology and Math", 50], ["The 47 American Sign Language & English Lower Scho", 50], ["P.S. 166 The Richard Rodgers School of The Arts an", 50], ["Wadleigh Secondary School for the Performing & Vis", 50], ["P.S. 108 Assemblyman Angelo Del Toro Educational C", 50]], "average_length": 27.492513790386138}]}, {"column_name": "School_Type", "number_non_empty_cells": 1269, "number_empty_cells": 0, "number_distinct_values": 3, "frequent_values": ["Elementary", "Middle", "K-8"], "dataTypes": [{"type": "TEXT", "count": 1269, "shortest_values": [["K-8", 3], ["K-8", 3], ["K-8", 3], ["K-8", 3], ["K-8", 3]], "longest_values": [["Elementary", 10], ["Elementary", 10], ["Elementary", 10], ["Elementary", 10], ["Elementary", 10]], "average_length": 7.558707643814025}]}, {"column_name": "Enrollment", "number_non_empty_cells": 1269, "number_empty_cells": 0, "number_distinct_values": 720, "frequent_values": [573, 247, 332, 321, 281], "dataTypes": [{"type": "INTEGER (LONG)", "count": 1269, "max_value": 2175, "min_value": 29, "mean": 555.8991331757292, "stddev": 340.0344430348153}]}, {"column_name": "Rigorous_Instruction_Rating", "number_non_empty_cells": 1234, "number_empty_cells": 35, "number_distinct_values": 5, "frequent_values": ["Meeting Target", "Exceeding Target", "Approaching Target", "Not Meeting Target", null], "dataTypes": [{"type": "TEXT", "count": 1234, "shortest_values": [["Meeting Target", 14], ["Meeting Target", 14], ["Meeting Target", 14], ["Meeting Target", 14], ["Meeting Target", 14]], "longest_values": [["Not Meeting Target", 18], ["Approaching Target", 18], ["Approaching Target", 18], ["Approaching Target", 18], ["Approaching Target", 18]], "average_length": 15.348460291734185}]}, {"column_name": "Collaborative_Teachers_Rating", "number_non_empty_cells": 1234, "number_empty_cells": 35, "number_distinct_values": 5, "frequent_values": ["Meeting Target", "Exceeding Target", "Approaching Target", "Not Meeting Target", null], "dataTypes": [{"type": "TEXT", "count": 1234, "shortest_values": [["Meeting Target", 14], ["Meeting Target", 14], ["Meeting Target", 14], ["Meeting Target", 14], ["Meeting Target", 14]], "longest_values": [["Approaching Target", 18], ["Approaching Target", 18], ["Not Meeting Target", 18], ["Approaching Target", 18], ["Approaching Target", 18]], "average_length": 15.424635332252816}]}, {"column_name": "Supportive_Environment_Rating", "number_non_empty_cells": 1215, "number_empty_cells": 54, "number_distinct_values": 5, "frequent_values": ["Meeting Target", "Approaching Target", "Exceeding Target", "Not Meeting Target", null], "dataTypes": [{"type": "TEXT", "count": 1215, "shortest_values": [["Meeting Target", 14], ["Meeting Target", 14], ["Meeting Target", 14], ["Meeting Target", 14], ["Meeting Target", 14]], "longest_values": [["Approaching Target", 18], ["Approaching Target", 18], ["Approaching Target", 18], ["Approaching Target", 18], ["Approaching Target", 18]], "average_length": 15.394238683127572}]}, {"column_name": "Effective_School_Leadership_Rating", "number_non_empty_cells": 1234, "number_empty_cells": 35, "number_distinct_values": 5, "frequent_values": ["Meeting Target", "Exceeding Target", "Approaching Target", "Not Meeting Target", null], "dataTypes": [{"type": "TEXT", "count": 1234, "shortest_values": [["Meeting Target", 14], ["Meeting Target", 14], ["Meeting Target", 14], ["Meeting Target", 14], ["Meeting Target", 14]], "longest_values": [["Approaching Target", 18], ["Approaching Target", 18], ["Approaching Target", 18], ["Approaching Target", 18], ["Approaching Target", 18]], "average_length": 15.457050243111816}]}, {"column_name": "Strong_Family-Community_Ties_Rating", "number_non_empty_cells": 1232, "number_empty_cells": 37, "number_distinct_values": 5, "frequent_values": ["Meeting Target", "Approaching Target", "Exceeding Target", "Not Meeting Target", null], "dataTypes": [{"type": "TEXT", "count": 1232, "shortest_values": [["Meeting Target", 14], ["Meeting Target", 14], ["Meeting Target", 14], ["Meeting Target", 14], ["Meeting Target", 14]], "longest_values": [["Approaching Target", 18], ["Approaching Target", 18], ["Approaching Target", 18], ["Approaching Target", 18], ["Approaching Target", 18]], "average_length": 15.683441558441558}]}, {"column_name": "Trust_Rating", "number_non_empty_cells": 1233, "number_empty_cells": 36, "number_distinct_values": 5, "frequent_values": ["Meeting Target", "Exceeding Target", "Approaching Target", "Not Meeting Target", null], "dataTypes": [{"type": "TEXT", "count": 1233, "shortest_values": [["Meeting Target", 14], ["Meeting Target", 14], ["Meeting Target", 14], ["Meeting Target", 14], ["Meeting Target", 14]], "longest_values": [["Approaching Target", 18], ["Approaching Target", 18], ["Approaching Target", 18], ["Approaching Target", 18], ["Approaching Target", 18]], "average_length": 15.38848337388483}]}, {"column_name": "Student_Achievement_Rating", "number_non_empty_cells": 1200, "number_empty_cells": 69, "number_distinct_values": 5, "frequent_values": ["Meeting Target", "Approaching Target", "Exceeding Target", "Not Meeting Target", null], "dataTypes": [{"type": "TEXT", "count": 1200, "shortest_values": [["Meeting Target", 14], ["Meeting Target", 14], ["Meeting Target", 14], ["Meeting Target", 14], ["Meeting Target", 14]], "longest_values": [["Approaching Target", 18], ["Approaching Target", 18], ["Approaching Target", 18], ["Approaching Target", 18], ["Approaching Target", 18]], "average_length": 15.81500000000001}]}, {"column_name": "Rigorous_Instruction_-_Percent_Positive", "number_non_empty_cells": 1263, "number_empty_cells": 6, "number_distinct_values": 46, "frequent_values": [0.84, 0.86, 0.85, 0.87, 0.78], "dataTypes": [{"type": "REAL", "count": 1263, "max_value": 1.0, "min_value": 0.54, "mean": 0.8236896278701509, "stddev": 0.07329052771127545}]}, {"column_name": "Collaborative_Teachers_-_Percent_Positive", "number_non_empty_cells": 1263, "number_empty_cells": 6, "number_distinct_values": 49, "frequent_values": [0.91, 0.89, 0.92, 0.87, 0.94], "dataTypes": [{"type": "REAL", "count": 1263, "max_value": 1.0, "min_value": 0.49, "mean": 0.8505225653206655, "stddev": 0.09059867350707615}]}, {"column_name": "Supportive_Environment_-_Percent_Positive", "number_non_empty_cells": 1263, "number_empty_cells": 6, "number_distinct_values": 50, "frequent_values": [0.69, 0.83, 0.72, 0.78, 0.84], "dataTypes": [{"type": "REAL", "count": 1263, "max_value": 1.0, "min_value": 0.42, "mean": 0.7912114014251783, "stddev": 0.09780588396866058}]}, {"column_name": "Effective_School_Leadership_-_Percent_Positive", "number_non_empty_cells": 1267, "number_empty_cells": 2, "number_distinct_values": 52, "frequent_values": [0.91, 0.95, 0.94, 0.87, 0.96], "dataTypes": [{"type": "REAL", "count": 1267, "max_value": 1.0, "min_value": 0.42, "mean": 0.8624467245461734, "stddev": 0.09396222163948484}]}, {"column_name": "Strong_Family-Community_Ties_-_Percent_Positive", "number_non_empty_cells": 1267, "number_empty_cells": 2, "number_distinct_values": 30, "frequent_values": [0.92, 0.91, 0.93, 0.94, 0.9], "dataTypes": [{"type": "REAL", "count": 1267, "max_value": 0.99, "min_value": 0.66, "mean": 0.9043409629044984, "stddev": 0.0438779672442916}]}, {"column_name": "Trust_-_Percent_Positive", "number_non_empty_cells": 1267, "number_empty_cells": 2, "number_distinct_values": 35, "frequent_values": [0.91, 0.93, 0.88, 0.89, 0.92], "dataTypes": [{"type": "REAL", "count": 1267, "max_value": 1.0, "min_value": 0.54, "mean": 0.8931886345698496, "stddev": 0.060411100948975005}]}, {"column_name": "Quality_Review_-_How_interesting_and_challenging_is_the_curriculum?", "number_non_empty_cells": 1102, "number_empty_cells": 167, "number_distinct_values": 4, "frequent_values": ["Proficient", "Well Developed", "Developing", null], "dataTypes": [{"type": "TEXT", "count": 1102, "shortest_values": [["Developing", 10], ["Proficient", 10], ["Proficient", 10], ["Developing", 10], ["Proficient", 10]], "longest_values": [["Well Developed", 14], ["Well Developed", 14], ["Well Developed", 14], ["Well Developed", 14], ["Well Developed", 14]], "average_length": 11.55353901996371}]}, {"column_name": "Quality_Review_-_How_effective_is_the_teaching_and_learning?", "number_non_empty_cells": 1102, "number_empty_cells": 167, "number_distinct_values": 5, "frequent_values": ["Proficient", "Developing", "Well Developed", "Under Developed", null], "dataTypes": [{"type": "TEXT", "count": 1102, "shortest_values": [["Proficient", 10], ["Developing", 10], ["Developing", 10], ["Proficient", 10], ["Proficient", 10]], "longest_values": [["Under Developed", 15], ["Well Developed", 14], ["Well Developed", 14], ["Well Developed", 14], ["Well Developed", 14]], "average_length": 10.712341197822123}]}, {"column_name": "Quality_Review_-_How_well_does_the_school_assess_what_students_are_learning?", "number_non_empty_cells": 1102, "number_empty_cells": 167, "number_distinct_values": 4, "frequent_values": ["Proficient", "Well Developed", "Developing", null], "dataTypes": [{"type": "TEXT", "count": 1102, "shortest_values": [["Proficient", 10], ["Developing", 10], ["Developing", 10], ["Proficient", 10], ["Developing", 10]], "longest_values": [["Well Developed", 14], ["Well Developed", 14], ["Well Developed", 14], ["Well Developed", 14], ["Well Developed", 14]], "average_length": 11.103448275862084}]}, {"column_name": "Quality_Review_-_How_clearly_are_high_expectations_communicated_to_students_and_staff?", "number_non_empty_cells": 1102, "number_empty_cells": 167, "number_distinct_values": 4, "frequent_values": ["Well Developed", "Proficient", "Developing", null], "dataTypes": [{"type": "TEXT", "count": 1102, "shortest_values": [["Proficient", 10], ["Proficient", 10], ["Proficient", 10], ["Proficient", 10], ["Proficient", 10]], "longest_values": [["Well Developed", 14], ["Well Developed", 14], ["Well Developed", 14], ["Well Developed", 14], ["Well Developed", 14]], "average_length": 12.21415607985482}]}, {"column_name": "Quality_Review_-_How_well_do_teachers_work_with_each_other?", "number_non_empty_cells": 1102, "number_empty_cells": 167, "number_distinct_values": 5, "frequent_values": ["Proficient", "Well Developed", "Developing", "Under Developed", null], "dataTypes": [{"type": "TEXT", "count": 1102, "shortest_values": [["Proficient", 10], ["Developing", 10], ["Developing", 10], ["Proficient", 10], ["Proficient", 10]], "longest_values": [["Under Developed", 15], ["Under Developed", 15], ["Under Developed", 15], ["Under Developed", 15], ["Well Developed", 14]], "average_length": 11.604355716878395}]}, {"column_name": "Quality_Review_-_How_safe_and_inclusive_is_the_school_while_supporting_social-emotional_growth?", "number_non_empty_cells": 357, "number_empty_cells": 912, "number_distinct_values": 4, "frequent_values": ["Proficient", "Well Developed", "Developing", null], "dataTypes": [{"type": "TEXT", "count": 357, "shortest_values": [["Proficient", 10], ["Proficient", 10], ["Developing", 10], ["Proficient", 10], ["Proficient", 10]], "longest_values": [["Well Developed", 14], ["Well Developed", 14], ["Well Developed", 14], ["Well Developed", 14], ["Well Developed", 14]], "average_length": 11.28851540616247}]}, {"column_name": "Quality_Review_-_How_well_does_the_school_allocate_and_manage_resources?", "number_non_empty_cells": 357, "number_empty_cells": 912, "number_distinct_values": 4, "frequent_values": ["Proficient", "Well Developed", "Developing", null], "dataTypes": [{"type": "TEXT", "count": 357, "shortest_values": [["Proficient", 10], ["Proficient", 10], ["Proficient", 10], ["Developing", 10], ["Proficient", 10]], "longest_values": [["Well Developed", 14], ["Well Developed", 14], ["Well Developed", 14], ["Well Developed", 14], ["Well Developed", 14]], "average_length": 10.84033613445378}]}, {"column_name": "Quality_Review_-_How_well_does_the_school_identify,_track,_and_meet_its_goals?", "number_non_empty_cells": 357, "number_empty_cells": 912, "number_distinct_values": 5, "frequent_values": ["Proficient", "Developing", "Well Developed", "Under Developed", null], "dataTypes": [{"type": "TEXT", "count": 357, "shortest_values": [["Proficient", 10], ["Proficient", 10], ["Proficient", 10], ["Proficient", 10], ["Developing", 10]], "longest_values": [["Under Developed", 15], ["Well Developed", 14], ["Well Developed", 14], ["Well Developed", 14], ["Well Developed", 14]], "average_length": 10.316526610644262}]}, {"column_name": "Quality_Review_-_How_thoughtful_is_the_school\u2019s_approach_to_teacher_development_and_evaluation?", "number_non_empty_cells": 357, "number_empty_cells": 912, "number_distinct_values": 5, "frequent_values": ["Proficient", "Well Developed", "Developing", "Under Developed", null], "dataTypes": [{"type": "TEXT", "count": 357, "shortest_values": [["Proficient", 10], ["Proficient", 10], ["Proficient", 10], ["Proficient", 10], ["Proficient", 10]], "longest_values": [["Under Developed", 15], ["Well Developed", 14], ["Well Developed", 14], ["Well Developed", 14], ["Well Developed", 14]], "average_length": 10.798319327731097}]}, {"column_name": "Quality_Review_-_How_well_are_school_decisions_evaluated_and_adjusted?", "number_non_empty_cells": 357, "number_empty_cells": 912, "number_distinct_values": 5, "frequent_values": ["Proficient", "Developing", "Well Developed", "Under Developed", null], "dataTypes": [{"type": "TEXT", "count": 357, "shortest_values": [["Proficient", 10], ["Developing", 10], ["Developing", 10], ["Developing", 10], ["Proficient", 10]], "longest_values": [["Under Developed", 15], ["Under Developed", 15], ["Under Developed", 15], ["Well Developed", 14], ["Well Developed", 14]], "average_length": 10.232492997198877}]}, {"column_name": "Quality_Review_-_Dates_of_Review", "number_non_empty_cells": 1102, "number_empty_cells": 167, "number_distinct_values": 202, "frequent_values": ["2017-01-01T00:00:00.000", "2017-03-01T00:00:00.000", "2017-05-01T00:00:00.000", "2017-02-01T00:00:00.000", "2017-04-01T00:00:00.000"], "dataTypes": [{"type": "DATE/TIME", "count": 1102, "max_value": "2017-06-01T00:00:00", "min_value": "2014-04-29T00:00:00"}]}, {"column_name": "Average_Incoming_ELA_Proficiency_(Based_on_4th_Grade)", "number_non_empty_cells": 386, "number_empty_cells": 883, "number_distinct_values": 136, "frequent_values": [2.46, 2.35, 2.51, 2.64, 2.49], "dataTypes": [{"type": "REAL", "count": 386, "max_value": 4.07, "min_value": 1.84, "mean": 2.6741709844559574, "stddev": 0.40531502721025603}]}, {"column_name": "Average_Incoming_Math_Proficiency_(Based_on_4th_Grade)", "number_non_empty_cells": 386, "number_empty_cells": 883, "number_distinct_values": 146, "frequent_values": [2.28, 2.36, 2.4, 2.47, 2.52], "dataTypes": [{"type": "REAL", "count": 386, "max_value": 4.24, "min_value": 1.78, "mean": 2.6620466321243517, "stddev": 0.46424065572338785}]}, {"column_name": "Percent_English_Language_Learners", "number_non_empty_cells": 1269, "number_empty_cells": 0, "number_distinct_values": 374, "frequent_values": [0.0, 0.05, 0.063, 0.061, 0.037], "dataTypes": [{"type": "REAL", "count": 1269, "max_value": 0.993, "min_value": 0.0, "mean": 0.13776201733648535, "stddev": 0.1181599406543596}]}, {"column_name": "Percent_Students_with_Disabilities", "number_non_empty_cells": 1269, "number_empty_cells": 0, "number_distinct_values": 307, "frequent_values": [0.186, 0.237, 0.217, 0.197, 0.189], "dataTypes": [{"type": "REAL", "count": 1269, "max_value": 0.624, "min_value": 0.0, "mean": 0.21525295508274236, "stddev": 0.07290345635913503}]}, {"column_name": "Percent_Self-Contained", "number_non_empty_cells": 1269, "number_empty_cells": 0, "number_distinct_values": 191, "frequent_values": [0.0, 0.005, 0.004, 0.003, 0.006], "dataTypes": [{"type": "REAL", "count": 1269, "max_value": 0.255, "min_value": 0.0, "mean": 0.0597722616233253, "stddev": 0.04921381266134532}]}, {"column_name": "Economic_Need_Index", "number_non_empty_cells": 1269, "number_empty_cells": 0, "number_distinct_values": 600, "frequent_values": [0.782, 0.879, 0.904, 0.906, 0.785], "dataTypes": [{"type": "REAL", "count": 1269, "max_value": 0.954, "min_value": 0.036, "mean": 0.6425870764381414, "stddev": 0.21877545805353862}]}, {"column_name": "Percent_in_Temp_Housing", "number_non_empty_cells": 1269, "number_empty_cells": 0, "number_distinct_values": 360, "frequent_values": [0.056, 0.027, 0.05, 0.011, 0.095], "dataTypes": [{"type": "REAL", "count": 1269, "max_value": 0.522, "min_value": 0.0, "mean": 0.1461804570527972, "stddev": 0.10410616086841516}]}, {"column_name": "Percent_HRA_Eligible", "number_non_empty_cells": 1269, "number_empty_cells": 0, "number_distinct_values": 600, "frequent_values": [0.724, 0.604, 0.617, 0.706, 0.563], "dataTypes": [{"type": "REAL", "count": 1269, "max_value": 0.815, "min_value": 0.012, "mean": 0.49314342001576017, "stddev": 0.1975260621552037}]}, {"column_name": "Percent_Asian", "number_non_empty_cells": 1269, "number_empty_cells": 0, "number_distinct_values": 357, "frequent_values": [0.0, 0.003, 0.004, 0.005, 0.007], "dataTypes": [{"type": "REAL", "count": 1269, "max_value": 0.943, "min_value": 0.0, "mean": 0.11629629629629648, "stddev": 0.17528341699858171}]}, {"column_name": "Percent_Black", "number_non_empty_cells": 1269, "number_empty_cells": 0, "number_distinct_values": 626, "frequent_values": [0.011, 0.015, 0.004, 0.008, 0.023], "dataTypes": [{"type": "REAL", "count": 1269, "max_value": 0.965, "min_value": 0.0, "mean": 0.31582111899133175, "stddev": 0.28461670185910753}]}, {"column_name": "Percent_Hispanic", "number_non_empty_cells": 1269, "number_empty_cells": 0, "number_distinct_values": 676, "frequent_values": [0.134, 0.183, 0.224, 0.423, 0.329], "dataTypes": [{"type": "REAL", "count": 1269, "max_value": 0.993, "min_value": 0.013, "mean": 0.41360047281323864, "stddev": 0.2614673819731016}]}, {"column_name": "Percent_White", "number_non_empty_cells": 1269, "number_empty_cells": 0, "number_distinct_values": 384, "frequent_values": [0.01, 0.007, 0.014, 0.008, 0.011], "dataTypes": [{"type": "REAL", "count": 1269, "max_value": 0.93, "min_value": 0.0, "mean": 0.13135776201733618, "stddev": 0.19883011977460943}]}, {"column_name": "Years_of_principal_experience_at_this_school", "number_non_empty_cells": 1096, "number_empty_cells": 173, "number_distinct_values": 165, "frequent_values": [2.0, 2.9, 0.8, 5.8, 13.0], "dataTypes": [{"type": "REAL", "count": 1096, "max_value": 32.8, "min_value": 0.1, "mean": 6.75310218978102, "stddev": 4.788387856014826}]}, {"column_name": "Percent_of_teachers_with_3_or_more_years_of_experience", "number_non_empty_cells": 1103, "number_empty_cells": 166, "number_distinct_values": 381, "frequent_values": [0.667, 0.833, 0.778, 1.0, 0.75], "dataTypes": [{"type": "REAL", "count": 1103, "max_value": 1.0, "min_value": 0.143, "mean": 0.7610145058930189, "stddev": 0.14122095419523614}]}, {"column_name": "Student_Attendance_Rate", "number_non_empty_cells": 1243, "number_empty_cells": 26, "number_distinct_values": 122, "frequent_values": [0.948, 0.937, 0.952, 0.936, 0.942], "dataTypes": [{"type": "REAL", "count": 1243, "max_value": 1.0, "min_value": 0.688, "mean": 0.9325631536604991, "stddev": 0.024617684785814328}]}, {"column_name": "Percent_of_Students_Chronically_Absent", "number_non_empty_cells": 1241, "number_empty_cells": 28, "number_distinct_values": 432, "frequent_values": [0.22, 0.145, 0.129, 0.16, 0.191], "dataTypes": [{"type": "REAL", "count": 1241, "max_value": 0.676, "min_value": 0.0, "mean": 0.22036180499597102, "stddev": 0.11821497561201738}]}, {"column_name": "Teacher_Attendance_Rate", "number_non_empty_cells": 1103, "number_empty_cells": 166, "number_distinct_values": 66, "frequent_values": [0.964, 0.961, 0.965, 0.966, 0.967], "dataTypes": [{"type": "REAL", "count": 1103, "max_value": 1.0, "min_value": 0.917, "mean": 0.9641169537624645, "stddev": 0.00980664903701166}]}]}