{"dataset_name": "/user/hm74/NYCOpenData/9n9z-hh9p.tsv.gz", "columns": [{"column_name": "BN", "number_non_empty_cells": 8064, "number_empty_cells": 0, "number_distinct_values": 1751, "frequent_values": ["M409", "X440", "K298", "M520", "X405"], "dataTypes": [{"type": "DATE/TIME", "count": 180, "max_value": "2019-12-08T00:00:59", "min_value": "2019-12-08T00:00:01"}, {"type": "TEXT", "count": 7884, "shortest_values": [["M307", 4], ["M459", 4], ["M560", 4], ["M294", 4], ["M299", 4]], "longest_values": [["M307", 4], ["M459", 4], ["M560", 4], ["M294", 4], ["M299", 4]], "average_length": 4.0}]}, {"column_name": "School_Year", "number_non_empty_cells": 4829, "number_empty_cells": 3235, "number_distinct_values": 8, "frequent_values": ["08/01/2007 12:00:00 AM", "07/01/2006 12:00:00 AM", "11/01/2010 12:00:00 AM", "09/01/2008 12:00:00 AM", "12/01/2011 12:00:00 AM"], "dataTypes": [{"type": "DATE/TIME", "count": 4829, "max_value": "2011-12-01T00:00:00", "min_value": "2005-06-01T00:00:00"}]}, {"column_name": "Start_Date", "number_non_empty_cells": 8064, "number_empty_cells": 0, "number_distinct_values": 1131, "frequent_values": ["05/29/2008 12:00:00 AM", "03/10/2008 12:00:00 AM", "03/12/2007 12:00:00 AM", "05/19/2008 12:00:00 AM", "01/14/2015 12:00:00 AM"], "dataTypes": [{"type": "DATE/TIME", "count": 8064, "max_value": "2017-06-01T00:00:00", "min_value": "2006-04-03T00:00:00"}]}, {"column_name": "Overall_Rating", "number_non_empty_cells": 8064, "number_empty_cells": 0, "number_distinct_values": 10, "frequent_values": ["P", "No Data", "WD", "D", "U"], "dataTypes": [{"type": "TEXT", "count": 8064, "shortest_values": [["P", 1], ["P", 1], ["P", 1], ["P", 1], ["P", 1]], "longest_values": [["No Data", 7], ["No Data", 7], ["No Data", 7], ["No Data", 7], ["No Data", 7]], "average_length": 2.927331349206351}]}, {"column_name": "Indicator_11", "number_non_empty_cells": 8064, "number_empty_cells": 0, "number_distinct_values": 8, "frequent_values": ["P", "WD", "D", "U", "O"], "dataTypes": [{"type": "TEXT", "count": 8064, "shortest_values": [["P", 1], ["P", 1], ["P", 1], ["P", 1], ["P", 1]], "longest_values": [["No Data", 7], ["No Data", 7], ["No Data", 7], ["No Data", 7], ["No Data", 7]], "average_length": 1.4177827380952432}]}, {"column_name": "Indicator_12", "number_non_empty_cells": 8064, "number_empty_cells": 0, "number_distinct_values": 9, "frequent_values": ["P", "WD", "D", "UPF", "U"], "dataTypes": [{"type": "INTEGER (LONG)", "count": 16, "max_value": 0, "min_value": 0, "mean": 0.0, "stddev": 0.0}, {"type": "TEXT", "count": 8048, "shortest_values": [["P", 1], ["P", 1], ["P", 1], ["P", 1], ["P", 1]], "longest_values": [["No Data", 7], ["No Data", 7], ["No Data", 7], ["No Data", 7], ["No Data", 7]], "average_length": 1.3617047713717667}]}, {"column_name": "Indicator_13", "number_non_empty_cells": 8064, "number_empty_cells": 0, "number_distinct_values": 9, "frequent_values": ["P", "WD", "No Data", "D", "U"], "dataTypes": [{"type": "INTEGER (LONG)", "count": 21, "max_value": 0, "min_value": 0, "mean": 0.0, "stddev": 0.0}, {"type": "TEXT", "count": 8043, "shortest_values": [["P", 1], ["P", 1], ["P", 1], ["P", 1], ["P", 1]], "longest_values": [["No Data", 7], ["No Data", 7], ["No Data", 7], ["No Data", 7], ["No Data", 7]], "average_length": 2.6344647519582263}]}, {"column_name": "Indicator_14", "number_non_empty_cells": 8064, "number_empty_cells": 0, "number_distinct_values": 8, "frequent_values": ["P", "WD", "No Data", "U", "D"], "dataTypes": [{"type": "TEXT", "count": 8064, "shortest_values": [["P", 1], ["P", 1], ["P", 1], ["P", 1], ["P", 1]], "longest_values": [["No Data", 7], ["No Data", 7], ["No Data", 7], ["No Data", 7], ["No Data", 7]], "average_length": 2.6711309523809548}]}, {"column_name": "Indicator_15", "number_non_empty_cells": 8064, "number_empty_cells": 0, "number_distinct_values": 6, "frequent_values": ["No Data", "WD", "P", "O", "UPF"], "dataTypes": [{"type": "TEXT", "count": 8064, "shortest_values": [["P", 1], ["P", 1], ["P", 1], ["O", 1], ["P", 1]], "longest_values": [["No Data", 7], ["No Data", 7], ["No Data", 7], ["No Data", 7], ["No Data", 7]], "average_length": 6.096230158730161}]}, {"column_name": "Indicator_16", "number_non_empty_cells": 8064, "number_empty_cells": 0, "number_distinct_values": 6, "frequent_values": ["No Data", "WD", "P", "UPF", "O"], "dataTypes": [{"type": "TEXT", "count": 8064, "shortest_values": [["P", 1], ["P", 1], ["P", 1], ["P", 1], ["P", 1]], "longest_values": [["No Data", 7], ["No Data", 7], ["No Data", 7], ["No Data", 7], ["No Data", 7]], "average_length": 6.091393849206327}]}, {"column_name": "Indicator_17", "number_non_empty_cells": 8064, "number_empty_cells": 0, "number_distinct_values": 6, "frequent_values": ["No Data", "WD", "P", "O", "UPF"], "dataTypes": [{"type": "TEXT", "count": 8064, "shortest_values": [["P", 1], ["P", 1], ["P", 1], ["P", 1], ["P", 1]], "longest_values": [["No Data", 7], ["No Data", 7], ["No Data", 7], ["No Data", 7], ["No Data", 7]], "average_length": 6.0803571428571495}]}, {"column_name": "IndicatorOverall_1", "number_non_empty_cells": 8064, "number_empty_cells": 0, "number_distinct_values": 6, "frequent_values": ["No Data", "P", "WD", "U", "UPF"], "dataTypes": [{"type": "TEXT", "count": 8064, "shortest_values": [["P", 1], ["P", 1], ["P", 1], ["P", 1], ["P", 1]], "longest_values": [["No Data", 7], ["No Data", 7], ["No Data", 7], ["No Data", 7], ["No Data", 7]], "average_length": 4.423115079365074}]}, {"column_name": "Indicator_21", "number_non_empty_cells": 8064, "number_empty_cells": 0, "number_distinct_values": 8, "frequent_values": ["No Data", "P", "WD", "UPF", "U"], "dataTypes": [{"type": "TEXT", "count": 8064, "shortest_values": [["P", 1], ["P", 1], ["P", 1], ["P", 1], ["P", 1]], "longest_values": [["No Data", 7], ["No Data", 7], ["No Data", 7], ["No Data", 7], ["No Data", 7]], "average_length": 3.702008928571425}]}, {"column_name": "Indicator_22", "number_non_empty_cells": 8064, "number_empty_cells": 0, "number_distinct_values": 8, "frequent_values": ["P", "WD", "D", "U", "UPF"], "dataTypes": [{"type": "TEXT", "count": 8064, "shortest_values": [["P", 1], ["P", 1], ["P", 1], ["P", 1], ["P", 1]], "longest_values": [["No Data", 7], ["No Data", 7], ["No Data", 7], ["No Data", 7], ["No Data", 7]], "average_length": 1.3511904761904774}]}, {"column_name": "Indicator_23", "number_non_empty_cells": 8064, "number_empty_cells": 0, "number_distinct_values": 8, "frequent_values": ["No Data", "WD", "P", "D", "UPF"], "dataTypes": [{"type": "TEXT", "count": 8064, "shortest_values": [["P", 1], ["P", 1], ["P", 1], ["P", 1], ["P", 1]], "longest_values": [["No Data", 7], ["No Data", 7], ["No Data", 7], ["No Data", 7], ["No Data", 7]], "average_length": 3.7317708333333313}]}, {"column_name": "Indicator_24", "number_non_empty_cells": 8064, "number_empty_cells": 0, "number_distinct_values": 8, "frequent_values": ["No Data", "P", "WD", "D", "UPF"], "dataTypes": [{"type": "TEXT", "count": 8064, "shortest_values": [["P", 1], ["P", 1], ["P", 1], ["P", 1], ["P", 1]], "longest_values": [["No Data", 7], ["No Data", 7], ["No Data", 7], ["No Data", 7], ["No Data", 7]], "average_length": 3.7217261904761814}]}, {"column_name": "Indicator_25", "number_non_empty_cells": 8064, "number_empty_cells": 0, "number_distinct_values": 6, "frequent_values": ["No Data", "WD", "P", "U", "O"], "dataTypes": [{"type": "TEXT", "count": 8064, "shortest_values": [["P", 1], ["P", 1], ["P", 1], ["P", 1], ["P", 1]], "longest_values": [["No Data", 7], ["No Data", 7], ["No Data", 7], ["No Data", 7], ["No Data", 7]], "average_length": 5.100446428571431}]}, {"column_name": "Indicator_26", "number_non_empty_cells": 8064, "number_empty_cells": 0, "number_distinct_values": 6, "frequent_values": ["No Data", "WD", "P", "O", "UPF"], "dataTypes": [{"type": "TEXT", "count": 8064, "shortest_values": [["P", 1], ["P", 1], ["P", 1], ["P", 1], ["P", 1]], "longest_values": [["No Data", 7], ["No Data", 7], ["No Data", 7], ["No Data", 7], ["No Data", 7]], "average_length": 6.088417658730174}]}, {"column_name": "Indicator_27", "number_non_empty_cells": 8064, "number_empty_cells": 0, "number_distinct_values": 6, "frequent_values": ["No Data", "WD", "P", "O", "UPF"], "dataTypes": [{"type": "TEXT", "count": 8064, "shortest_values": [["P", 1], ["P", 1], ["P", 1], ["O", 1], ["P", 1]], "longest_values": [["No Data", 7], ["No Data", 7], ["No Data", 7], ["No Data", 7], ["No Data", 7]], "average_length": 6.087673611111084}]}, {"column_name": "IndicatorOverall_2", "number_non_empty_cells": 8064, "number_empty_cells": 0, "number_distinct_values": 6, "frequent_values": ["No Data", "P", "WD", "U", "UPF"], "dataTypes": [{"type": "TEXT", "count": 8064, "shortest_values": [["P", 1], ["P", 1], ["P", 1], ["P", 1], ["P", 1]], "longest_values": [["No Data", 7], ["No Data", 7], ["No Data", 7], ["No Data", 7], ["No Data", 7]], "average_length": 4.417534722222213}]}, {"column_name": "Indicator_31", "number_non_empty_cells": 8064, "number_empty_cells": 0, "number_distinct_values": 9, "frequent_values": ["P", "WD", "No Data", "D", "UPF"], "dataTypes": [{"type": "TEXT", "count": 8064, "shortest_values": [["P", 1], ["P", 1], ["P", 1], ["P", 1], ["P", 1]], "longest_values": [["No Data", 7], ["No Data", 7], ["No Data", 7], ["No Data", 7], ["No Data", 7]], "average_length": 2.60416666666667}]}, {"column_name": "Indicator_32", "number_non_empty_cells": 8064, "number_empty_cells": 0, "number_distinct_values": 7, "frequent_values": ["No Data", "P", "WD", "UPF", "D"], "dataTypes": [{"type": "TEXT", "count": 8064, "shortest_values": [["P", 1], ["P", 1], ["P", 1], ["P", 1], ["P", 1]], "longest_values": [["No Data", 7], ["No Data", 7], ["No Data", 7], ["No Data", 7], ["No Data", 7]], "average_length": 3.7058531746031775}]}, {"column_name": "Indicator_33", "number_non_empty_cells": 8064, "number_empty_cells": 0, "number_distinct_values": 7, "frequent_values": ["No Data", "P", "WD", "D", "UPF"], "dataTypes": [{"type": "TEXT", "count": 8064, "shortest_values": [["P", 1], ["P", 1], ["P", 1], ["P", 1], ["P", 1]], "longest_values": [["No Data", 7], ["No Data", 7], ["No Data", 7], ["No Data", 7], ["No Data", 7]], "average_length": 3.720982142857142}]}, {"column_name": "Indicator_34", "number_non_empty_cells": 8064, "number_empty_cells": 0, "number_distinct_values": 8, "frequent_values": ["P", "WD", "D", "UPF", "U"], "dataTypes": [{"type": "TEXT", "count": 8064, "shortest_values": [["P", 1], ["P", 1], ["P", 1], ["P", 1], ["P", 1]], "longest_values": [["No Data", 7], ["No Data", 7], ["No Data", 7], ["No Data", 7], ["No Data", 7]], "average_length": 1.4694940476190421}]}, {"column_name": "Indicator_35", "number_non_empty_cells": 8064, "number_empty_cells": 0, "number_distinct_values": 6, "frequent_values": ["No Data", "WD", "P", "O", "U"], "dataTypes": [{"type": "TEXT", "count": 8064, "shortest_values": [["P", 1], ["P", 1], ["P", 1], ["P", 1], ["P", 1]], "longest_values": [["No Data", 7], ["No Data", 7], ["No Data", 7], ["No Data", 7], ["No Data", 7]], "average_length": 5.130208333333325}]}, {"column_name": "Indicator_36", "number_non_empty_cells": 8064, "number_empty_cells": 0, "number_distinct_values": 6, "frequent_values": ["No Data", "WD", "P", "O", "U"], "dataTypes": [{"type": "TEXT", "count": 8064, "shortest_values": [["P", 1], ["P", 1], ["P", 1], ["P", 1], ["P", 1]], "longest_values": [["No Data", 7], ["No Data", 7], ["No Data", 7], ["No Data", 7], ["No Data", 7]], "average_length": 5.109499007936506}]}, {"column_name": "Indicator_37", "number_non_empty_cells": 8064, "number_empty_cells": 0, "number_distinct_values": 6, "frequent_values": ["No Data", "WD", "P", "O", "UPF"], "dataTypes": [{"type": "TEXT", "count": 8064, "shortest_values": [["P", 1], ["P", 1], ["P", 1], ["P", 1], ["P", 1]], "longest_values": [["No Data", 7], ["No Data", 7], ["No Data", 7], ["No Data", 7], ["No Data", 7]], "average_length": 5.154265873015882}]}, {"column_name": "Indicator_38", "number_non_empty_cells": 8064, "number_empty_cells": 0, "number_distinct_values": 4, "frequent_values": ["No Data", "WD", "P", "U"], "dataTypes": [{"type": "TEXT", "count": 8064, "shortest_values": [["P", 1], ["P", 1], ["P", 1], ["P", 1], ["P", 1]], "longest_values": [["No Data", 7], ["No Data", 7], ["No Data", 7], ["No Data", 7], ["No Data", 7]], "average_length": 6.036954365079363}]}, {"column_name": "IndicatorOverall_3", "number_non_empty_cells": 8064, "number_empty_cells": 0, "number_distinct_values": 6, "frequent_values": ["No Data", "WD", "P", "UPF", "U"], "dataTypes": [{"type": "TEXT", "count": 8064, "shortest_values": [["P", 1], ["P", 1], ["P", 1], ["P", 1], ["P", 1]], "longest_values": [["No Data", 7], ["No Data", 7], ["No Data", 7], ["No Data", 7], ["No Data", 7]], "average_length": 4.436383928571432}]}, {"column_name": "Indicator_41", "number_non_empty_cells": 8064, "number_empty_cells": 0, "number_distinct_values": 9, "frequent_values": ["P", "WD", "No Data", "D", "UPF"], "dataTypes": [{"type": "TEXT", "count": 8064, "shortest_values": [["P", 1], ["P", 1], ["P", 1], ["P", 1], ["U", 1]], "longest_values": [["No Data", 7], ["No Data", 7], ["No Data", 7], ["No Data", 7], ["No Data", 7]], "average_length": 2.65079365079365}]}, {"column_name": "Indicator_42", "number_non_empty_cells": 8064, "number_empty_cells": 0, "number_distinct_values": 9, "frequent_values": ["P", "WD", "D", "UPF", "O"], "dataTypes": [{"type": "TEXT", "count": 8064, "shortest_values": [["P", 1], ["P", 1], ["P", 1], ["P", 1], ["U", 1]], "longest_values": [["No Data", 7], ["No Data", 7], ["No Data", 7], ["No Data", 7], ["No Data", 7]], "average_length": 1.4341517857142907}]}, {"column_name": "Indicator_43", "number_non_empty_cells": 8064, "number_empty_cells": 0, "number_distinct_values": 7, "frequent_values": ["No Data", "WD", "P", "D", "UPF"], "dataTypes": [{"type": "TEXT", "count": 8064, "shortest_values": [["P", 1], ["P", 1], ["P", 1], ["P", 1], ["U", 1]], "longest_values": [["No Data", 7], ["No Data", 7], ["No Data", 7], ["No Data", 7], ["No Data", 7]], "average_length": 3.7204861111111196}]}, {"column_name": "Indicator_44", "number_non_empty_cells": 8064, "number_empty_cells": 0, "number_distinct_values": 7, "frequent_values": ["No Data", "WD", "P", "U", "O"], "dataTypes": [{"type": "TEXT", "count": 8064, "shortest_values": [["P", 1], ["P", 1], ["P", 1], ["P", 1], ["U", 1]], "longest_values": [["No Data", 7], ["No Data", 7], ["No Data", 7], ["No Data", 7], ["No Data", 7]], "average_length": 3.749627976190469}]}, {"column_name": "Indicator_45", "number_non_empty_cells": 8064, "number_empty_cells": 0, "number_distinct_values": 6, "frequent_values": ["No Data", "WD", "P", "O", "UPF"], "dataTypes": [{"type": "TEXT", "count": 8064, "shortest_values": [["P", 1], ["P", 1], ["P", 1], ["P", 1], ["U", 1]], "longest_values": [["No Data", 7], ["No Data", 7], ["No Data", 7], ["No Data", 7], ["No Data", 7]], "average_length": 5.176587301587299}]}, {"column_name": "Indicator_46", "number_non_empty_cells": 8064, "number_empty_cells": 0, "number_distinct_values": 6, "frequent_values": ["No Data", "WD", "P", "O", "U"], "dataTypes": [{"type": "TEXT", "count": 8064, "shortest_values": [["P", 1], ["P", 1], ["P", 1], ["P", 1], ["U", 1]], "longest_values": [["No Data", 7], ["No Data", 7], ["No Data", 7], ["No Data", 7], ["No Data", 7]], "average_length": 5.1563740079365115}]}, {"column_name": "Indicator_47", "number_non_empty_cells": 8064, "number_empty_cells": 0, "number_distinct_values": 6, "frequent_values": ["No Data", "WD", "P", "O", "U"], "dataTypes": [{"type": "TEXT", "count": 8064, "shortest_values": [["P", 1], ["P", 1], ["P", 1], ["P", 1], ["U", 1]], "longest_values": [["No Data", 7], ["No Data", 7], ["No Data", 7], ["No Data", 7], ["No Data", 7]], "average_length": 5.137276785714281}]}, {"column_name": "IndicatorOverall_4", "number_non_empty_cells": 8064, "number_empty_cells": 0, "number_distinct_values": 6, "frequent_values": ["No Data", "WD", "P", "O", "UPF"], "dataTypes": [{"type": "TEXT", "count": 8064, "shortest_values": [["P", 1], ["P", 1], ["P", 1], ["P", 1], ["U", 1]], "longest_values": [["No Data", 7], ["No Data", 7], ["No Data", 7], ["No Data", 7], ["No Data", 7]], "average_length": 4.460813492063489}]}, {"column_name": "Indicator_51", "number_non_empty_cells": 8064, "number_empty_cells": 0, "number_distinct_values": 9, "frequent_values": ["P", "No Data", "WD", "D", "U"], "dataTypes": [{"type": "TEXT", "count": 8064, "shortest_values": [["P", 1], ["P", 1], ["P", 1], ["P", 1], ["P", 1]], "longest_values": [["No Data", 7], ["No Data", 7], ["No Data", 7], ["No Data", 7], ["No Data", 7]], "average_length": 2.557911706349206}]}, {"column_name": "Indicator_52", "number_non_empty_cells": 8064, "number_empty_cells": 0, "number_distinct_values": 8, "frequent_values": ["No Data", "P", "WD", "D", "UPF"], "dataTypes": [{"type": "TEXT", "count": 8064, "shortest_values": [["P", 1], ["P", 1], ["P", 1], ["P", 1], ["P", 1]], "longest_values": [["No Data", 7], ["No Data", 7], ["No Data", 7], ["No Data", 7], ["No Data", 7]], "average_length": 3.6691468253968234}]}, {"column_name": "Indicator_53", "number_non_empty_cells": 8064, "number_empty_cells": 0, "number_distinct_values": 7, "frequent_values": ["No Data", "P", "WD", "D", "U"], "dataTypes": [{"type": "TEXT", "count": 8064, "shortest_values": [["P", 1], ["P", 1], ["P", 1], ["P", 1], ["P", 1]], "longest_values": [["No Data", 7], ["No Data", 7], ["No Data", 7], ["No Data", 7], ["No Data", 7]], "average_length": 3.6883680555555607}]}, {"column_name": "Indicator_54", "number_non_empty_cells": 8064, "number_empty_cells": 0, "number_distinct_values": 7, "frequent_values": ["No Data", "P", "WD", "D", "U"], "dataTypes": [{"type": "TEXT", "count": 8064, "shortest_values": [["P", 1], ["P", 1], ["P", 1], ["P", 1], ["P", 1]], "longest_values": [["No Data", 7], ["No Data", 7], ["No Data", 7], ["No Data", 7], ["No Data", 7]], "average_length": 3.680679563492062}]}, {"column_name": "Indicator_55", "number_non_empty_cells": 8064, "number_empty_cells": 0, "number_distinct_values": 6, "frequent_values": ["No Data", "WD", "P", "O", "UPF"], "dataTypes": [{"type": "TEXT", "count": 8064, "shortest_values": [["P", 1], ["P", 1], ["O", 1], ["P", 1], ["P", 1]], "longest_values": [["No Data", 7], ["No Data", 7], ["No Data", 7], ["No Data", 7], ["No Data", 7]], "average_length": 6.088789682539679}]}, {"column_name": "Indicator_56", "number_non_empty_cells": 8064, "number_empty_cells": 0, "number_distinct_values": 6, "frequent_values": ["No Data", "WD", "P", "UPF", "O"], "dataTypes": [{"type": "TEXT", "count": 8064, "shortest_values": [["P", 1], ["P", 1], ["P", 1], ["O", 1], ["P", 1]], "longest_values": [["No Data", 7], ["No Data", 7], ["No Data", 7], ["No Data", 7], ["No Data", 7]], "average_length": 6.087053571428538}]}, {"column_name": "Indicator_57", "number_non_empty_cells": 8064, "number_empty_cells": 0, "number_distinct_values": 6, "frequent_values": ["No Data", "WD", "P", "O", "UPF"], "dataTypes": [{"type": "TEXT", "count": 8064, "shortest_values": [["P", 1], ["P", 1], ["P", 1], ["O", 1], ["P", 1]], "longest_values": [["No Data", 7], ["No Data", 7], ["No Data", 7], ["No Data", 7], ["No Data", 7]], "average_length": 6.091393849206327}]}, {"column_name": "IndicatorOverall_5", "number_non_empty_cells": 8064, "number_empty_cells": 0, "number_distinct_values": 6, "frequent_values": ["No Data", "P", "WD", "U", "UPF"], "dataTypes": [{"type": "TEXT", "count": 8064, "shortest_values": [["P", 1], ["P", 1], ["P", 1], ["P", 1], ["P", 1]], "longest_values": [["No Data", 7], ["No Data", 7], ["No Data", 7], ["No Data", 7], ["No Data", 7]], "average_length": 4.400793650793654}]}]}