{"dataset_name": "/user/hm74/NYCOpenData/9nyh-gsuu.tsv.gz", "columns": [{"column_name": "Borough", "number_non_empty_cells": 2548, "number_empty_cells": 0, "number_distinct_values": 5, "frequent_values": ["Brooklyn", "Manhattan", "Queens", "Bronx", "Staten Is"], "dataTypes": [{"type": "TEXT", "count": 2548, "shortest_values": [["Bronx", 5], ["Bronx", 5], ["Bronx", 5], ["Bronx", 5], ["Bronx", 5]], "longest_values": [["Manhattan", 9], ["Manhattan", 9], ["Manhattan", 9], ["Manhattan", 9], ["Manhattan", 9]], "average_length": 7.352433281004699}]}, {"column_name": "Grade_Level", "number_non_empty_cells": 2548, "number_empty_cells": 0, "number_distinct_values": 2, "frequent_values": ["MS Core", "HS Core"], "dataTypes": [{"type": "TEXT", "count": 2548, "shortest_values": [["HS Core", 7], ["HS Core", 7], ["HS Core", 7], ["HS Core", 7], ["HS Core", 7]], "longest_values": [["HS Core", 7], ["HS Core", 7], ["HS Core", 7], ["HS Core", 7], ["HS Core", 7]], "average_length": 7.0}]}, {"column_name": "Program_Type", "number_non_empty_cells": 2548, "number_empty_cells": 0, "number_distinct_values": 2, "frequent_values": ["Gen Ed/ICT/Acc", "SC"], "dataTypes": [{"type": "TEXT", "count": 2548, "shortest_values": [["SC", 2], ["SC", 2], ["SC", 2], ["SC", 2], ["SC", 2]], "longest_values": [["Gen Ed/ICT/Acc", 14], ["Gen Ed/ICT/Acc", 14], ["Gen Ed/ICT/Acc", 14], ["Gen Ed/ICT/Acc", 14], ["Gen Ed/ICT/Acc", 14]], "average_length": 11.824175824175844}]}, {"column_name": "Department", "number_non_empty_cells": 2548, "number_empty_cells": 0, "number_distinct_values": 4, "frequent_values": ["Math", "Science", "Social Studies", "English"], "dataTypes": [{"type": "TEXT", "count": 2548, "shortest_values": [["Math", 4], ["Math", 4], ["Math", 4], ["Math", 4], ["Math", 4]], "longest_values": [["Social Studies", 14], ["Social Studies", 14], ["Social Studies", 14], ["Social Studies", 14], ["Social Studies", 14]], "average_length": 7.905416012558885}]}, {"column_name": "Class_Size", "number_non_empty_cells": 2548, "number_empty_cells": 0, "number_distinct_values": 33, "frequent_values": ["30", "28", "29", "32", "31"], "dataTypes": [{"type": "INTEGER (LONG)", "count": 2288, "max_value": 34, "min_value": 6, "mean": 22.554632867132906, "stddev": 7.571719179535445}, {"type": "TEXT", "count": 260, "shortest_values": [["<15", 3], [">34", 3], ["<15", 3], [">34", 3], ["<15", 3]], "longest_values": [["<15", 3], [">34", 3], ["<15", 3], [">34", 3], ["<15", 3]], "average_length": 3.0}]}, {"column_name": "Number_of_Students", "number_non_empty_cells": 2548, "number_empty_cells": 0, "number_distinct_values": 950, "frequent_values": [60, 48, 32, 30, 28], "dataTypes": [{"type": "INTEGER (LONG)", "count": 2548, "max_value": 15266, "min_value": 6, "mean": 857.0686813186808, "stddev": 1401.7978424590146}]}, {"column_name": "Number_of_Classes", "number_non_empty_cells": 2548, "number_empty_cells": 0, "number_distinct_values": 198, "frequent_values": [1, 2, 3, 4, 5], "dataTypes": [{"type": "INTEGER (LONG)", "count": 2548, "max_value": 450, "min_value": 1, "mean": 34.218995290423805, "stddev": 48.19066902517708}]}, {"column_name": "%_of_Students_within_Grade", "number_non_empty_cells": 2548, "number_empty_cells": 0, "number_distinct_values": 270, "frequent_values": [0.6, 0.9, 0.7, 1.3, 0.3], "dataTypes": [{"type": "REAL", "count": 2548, "max_value": 60.0, "min_value": 0.1, "mean": 6.162519623233902, "stddev": 6.515432429436334}]}]}