{"dataset_name": "/user/hm74/NYCOpenData/9rxf-re6u.tsv.gz", "columns": [{"column_name": "Neighborhood Tabulation Area Code (NTA CODE)", "number_non_empty_cells": 81, "number_empty_cells": 0, "number_distinct_values": 81, "frequent_values": ["BK69", "MN21", "QN71", "BK73", "BX17"], "dataTypes": [{"type": "TEXT", "count": 81, "shortest_values": [["BK09", 4], ["BK32", 4], ["BK33", 4], ["BK35", 4], ["BK37", 4]], "longest_values": [["BK09", 4], ["BK32", 4], ["BK33", 4], ["BK35", 4], ["BK37", 4]], "average_length": 4.0}]}, {"column_name": "Neighborhood Tabulation Area Name (NTA NAME)", "number_non_empty_cells": 81, "number_empty_cells": 0, "number_distinct_values": 81, "frequent_values": ["Elmhurst-Maspeth", "Mount Hope", "Cypress Hills-City Line", "Jackson Heights", "Highbridge"], "dataTypes": [{"type": "TEXT", "count": 81, "shortest_values": [["Bedford", 7], ["Erasmus", 7], ["Clinton", 7], ["Jamaica", 7], ["Astoria", 7]], "longest_values": [["Todt Hill-Emerson Hill-Heartland Village-Lighthouse Hill", 56], ["DUMBO-Vinegar Hill-Downtown Brooklyn-Boerum Hill", 48], ["Hudson Yards-Chelsea-Flatiron-Union Square", 42], ["Carroll Gardens-Columbia Street-Red Hook", 40], ["SoHo-TriBeCa-Civic Center-Little Italy", 38]], "average_length": 19.160493827160487}]}, {"column_name": "Borough Name", "number_non_empty_cells": 81, "number_empty_cells": 0, "number_distinct_values": 5, "frequent_values": ["Manhattan", "Brooklyn", "Bronx", "Queens", "Staten Island"], "dataTypes": [{"type": "TEXT", "count": 81, "shortest_values": [["Bronx", 5], ["Bronx", 5], ["Bronx", 5], ["Bronx", 5], ["Bronx", 5]], "longest_values": [["Staten Island", 13], ["Staten Island", 13], ["Staten Island", 13], ["Staten Island", 13], ["Staten Island", 13]], "average_length": 7.753086419753087}]}, {"column_name": "Published Date", "number_non_empty_cells": 81, "number_empty_cells": 0, "number_distinct_values": 1, "frequent_values": ["05/30/2019"], "dataTypes": [{"type": "DATE/TIME", "count": 81, "max_value": "2019-05-30T00:00:00", "min_value": "2019-05-30T00:00:00"}]}, {"column_name": "Neighborhood Tabulation Area (NTA TOTAL AREA)", "number_non_empty_cells": 81, "number_empty_cells": 0, "number_distinct_values": 81, "frequent_values": [0.69204, 1.79842, 0.5785, 0.72209, 0.62076], "dataTypes": [{"type": "REAL", "count": 81, "max_value": 6.64548, "min_value": 0.22674, "mean": 1.1060207407407407, "stddev": 0.9093797057970342}]}, {"column_name": "PEDESTRIAN CORRIDOR AREA (IN SQUARE MILES)", "number_non_empty_cells": 81, "number_empty_cells": 0, "number_distinct_values": 70, "frequent_values": [0.065, 0.112, 0.079, 0.054, 0.148], "dataTypes": [{"type": "REAL", "count": 81, "max_value": 0.896, "min_value": 0.028, "mean": 0.16871604938271606, "stddev": 0.15063415206090774}]}, {"column_name": "NUMBER OF WI-FI HOTSPOTS IN NTA", "number_non_empty_cells": 81, "number_empty_cells": 0, "number_distinct_values": 42, "frequent_values": [18, 2, 3, 1, 6], "dataTypes": [{"type": "INTEGER (LONG)", "count": 81, "max_value": 136, "min_value": 1, "mean": 26.71604938271605, "stddev": 30.550599423470626}]}, {"column_name": "ACCESS POINTS IN PEDESTRIAN CORRIDOR", "number_non_empty_cells": 81, "number_empty_cells": 0, "number_distinct_values": 39, "frequent_values": [2, 6, 24, 5, 1], "dataTypes": [{"type": "INTEGER (LONG)", "count": 81, "max_value": 136, "min_value": 1, "mean": 23.64197530864197, "stddev": 27.33256938497688}]}, {"column_name": "ACCESS POINTS PER SQUARE MILE OF PEDESTRIAN CORRIDORS", "number_non_empty_cells": 81, "number_empty_cells": 0, "number_distinct_values": 71, "frequent_values": [94, 84, 176, 12, 173], "dataTypes": [{"type": "INTEGER (LONG)", "count": 81, "max_value": 779, "min_value": 6, "mean": 149.79012345679016, "stddev": 135.74592425497207}]}, {"column_name": "PUBLIC COMPUTER CENTERS WITH WI-FI", "number_non_empty_cells": 81, "number_empty_cells": 0, "number_distinct_values": 9, "frequent_values": [2, 3, 1, 5, 4], "dataTypes": [{"type": "INTEGER (LONG)", "count": 81, "max_value": 10, "min_value": 0, "mean": 2.839506172839506, "stddev": 1.97175606461777}]}]}