{"dataset_name": "/user/hm74/NYCOpenData/9s68-zggy.tsv.gz", "columns": [{"column_name": "ENTITY_NAME", "number_non_empty_cells": 110, "number_empty_cells": 4, "number_distinct_values": 109, "frequent_values": ["PREET & B CONSTRUCTION CORP", "DEMAR PLUMBING", "S&E BRIDGE & SCAFFOLD LLC", "URBAN PRECAST", "PARK CONSTRUCTION"], "dataTypes": [{"type": "TEXT", "count": 114, "shortest_values": [["MEMCO", 5], ["APEC CORP", 9], ["RGB GROUP", 9], ["FINE LINE", 9], ["GOLD GROUP", 10]], "longest_values": [["METALPRO CUSTOM CONSTRUCTION AND RAILING LLC", 44], ["RAMDEEN ELECTRICAL CONTRACTING CORPORATION", 42], ["ATLANTIC REINFORCING CONCRETE CO., INC.", 39], ["ROZ-A-LITE ELECTRICAL CONTRACTING INC.", 38], ["MILLENNIUM ELEVATOR ENTERPRISES INC.", 36]], "average_length": 21.552631578947373}]}, {"column_name": "ENTITY_ROLE", "number_non_empty_cells": 114, "number_empty_cells": 0, "number_distinct_values": 3, "frequent_values": ["Sub-Contractor", "Contractor", "ADMIN"], "dataTypes": [{"type": "TEXT", "count": 114, "shortest_values": [["ADMIN", 5], ["ADMIN", 5], ["Contractor", 10], ["Contractor", 10], ["Contractor", 10]], "longest_values": [["Sub-Contractor", 14], ["Sub-Contractor", 14], ["Sub-Contractor", 14], ["Sub-Contractor", 14], ["Sub-Contractor", 14]], "average_length": 13.421052631578949}]}, {"column_name": "STREET_ADDRESS", "number_non_empty_cells": 114, "number_empty_cells": 0, "number_distinct_values": 108, "frequent_values": ["1836 Gilford Ave", "6 Kieffer Lane", "248 50th Street", "700 Commerical Avenue", "147 Attorney Street"], "dataTypes": [{"type": "TEXT", "count": 114, "shortest_values": [["202 Elm St.", 11], ["6 Cedar Road", 12], ["5521 43rd St", 12], ["1119 38th St", 12], ["14 Burt Drive", 13]], "longest_values": [["27 West 20th Street, Suite 1205", 31], ["425 Northern Blvd, Ste 27", 25], ["734 South Columbus Avenue", 25], ["1280 Sawmill River Road", 23], ["22-59 77th Street East", 22]], "average_length": 17.666666666666668}]}, {"column_name": "SUITE/APARTMENT_NUMBER", "number_non_empty_cells": 15, "number_empty_cells": 99, "number_distinct_values": 16, "frequent_values": ["2E", "2nd Floor", "Suite 2", "Suite 311", "A22"], "dataTypes": [{"type": "INTEGER (LONG)", "count": 3, "max_value": 4002, "min_value": 1, "mean": 1468.0, "stddev": 1799.2344668404578}, {"type": "TEXT", "count": 12, "shortest_values": [["2E", 2], ["A22", 3], ["Ste 5", 5], ["Sute G", 6], ["Suite 2", 7]], "longest_values": [["Suite 1701", 10], ["3rd Floor", 9], ["2nd Floor", 9], ["Suite 311", 9], ["Suite 103", 9]], "average_length": 7.083333333333333}]}, {"column_name": "CITY", "number_non_empty_cells": 114, "number_empty_cells": 0, "number_distinct_values": 58, "frequent_values": ["Brooklyn", "New York", "Bronx", "Maspeth", "Richmond Hill"], "dataTypes": [{"type": "TEXT", "count": 114, "shortest_values": [["Bronx", 5], ["Bronx", 5], ["UNION", 5], ["Bronx", 5], ["BRONX", 5]], "longest_values": [["Port Jefferson Station", 22], ["Huntington Station", 18], ["Long island City", 16], ["Franklin Square", 15], ["Queens Village", 14]], "average_length": 8.938596491228068}]}, {"column_name": "STATE", "number_non_empty_cells": 114, "number_empty_cells": 0, "number_distinct_values": 4, "frequent_values": ["NEW YORK", "NEW JERSEY", "VIRGINIA", "CALIFORNIA"], "dataTypes": [{"type": "TEXT", "count": 114, "shortest_values": [["NEW YORK", 8], ["NEW YORK", 8], ["NEW YORK", 8], ["NEW YORK", 8], ["NEW YORK", 8]], "longest_values": [["NEW JERSEY", 10], ["CALIFORNIA", 10], ["NEW JERSEY", 10], ["NEW JERSEY", 10], ["NEW JERSEY", 10]], "average_length": 8.087719298245613}]}, {"column_name": "POSTCODE", "number_non_empty_cells": 114, "number_empty_cells": 0, "number_distinct_values": 83, "frequent_values": [11378, 10040, 10001, 11385, 11222], "dataTypes": [{"type": "INTEGER (LONG)", "count": 114, "max_value": 111232, "min_value": 1851, "mean": 12366.44736842105, "stddev": 12092.593503181806}]}, {"column_name": "COUNTRY", "number_non_empty_cells": 114, "number_empty_cells": 0, "number_distinct_values": 1, "frequent_values": ["USA"], "dataTypes": [{"type": "TEXT", "count": 114, "shortest_values": [["USA", 3], ["USA", 3], ["USA", 3], ["USA", 3], ["USA", 3]], "longest_values": [["USA", 3], ["USA", 3], ["USA", 3], ["USA", 3], ["USA", 3]], "average_length": 3.0}]}, {"column_name": "OWNER/OFFICER_FIRST_NAME", "number_non_empty_cells": 113, "number_empty_cells": 1, "number_distinct_values": 90, "frequent_values": ["Mario", "Robert", "John", "Alessandra", "Angel"], "dataTypes": [{"type": "TEXT", "count": 113, "shortest_values": [["Dov", 3], ["Kia", 3], ["ABE", 3], ["Joe", 3], ["Tom", 3]], "longest_values": [["Marvellous", 10], ["Alessandra", 10], ["Alessandra", 10], ["Simranpal", 9], ["Christian", 9]], "average_length": 5.42477876106195}]}, {"column_name": "OWNER/OFFICER_LAST_NAME", "number_non_empty_cells": 113, "number_empty_cells": 1, "number_distinct_values": 99, "frequent_values": ["Procida", "Singh", "Gardner", "Coen", "Demarinis"], "dataTypes": [{"type": "TEXT", "count": 113, "shortest_values": [["-", 1], ["Rad", 3], ["Ali", 3], ["Chi", 3], ["Coen", 4]], "longest_values": [["Alves Rocha", 11], ["Michilovich", 11], ["Vandalovsky", 11], ["Weingarten", 10], ["Brzozowski", 10]], "average_length": 6.681415929203539}]}, {"column_name": "Individual\u2019s_Role", "number_non_empty_cells": 113, "number_empty_cells": 1, "number_distinct_values": 4, "frequent_values": ["Owner", "Officer", "Both", null], "dataTypes": [{"type": "TEXT", "count": 113, "shortest_values": [["Both", 4], ["Both", 4], ["Both", 4], ["Both", 4], ["Both", 4]], "longest_values": [["Officer", 7], ["Officer", 7], ["Officer", 7], ["Officer", 7], ["Officer", 7]], "average_length": 5.592920353982303}]}, {"column_name": "Individual\u2019s_Title", "number_non_empty_cells": 110, "number_empty_cells": 4, "number_distinct_values": 23, "frequent_values": ["President", "Owner", "Manager", "pres", "PRESIDENT"], "dataTypes": [{"type": "TEXT", "count": 110, "shortest_values": [["VP", 2], ["VP", 2], ["CEO", 3], ["CEO", 3], ["CEO", 3]], "longest_values": [["Administrative Assistant", 24], ["Secretary Treasurer", 19], ["Vice President/GM", 17], ["Vice President/GM", 17], ["Vice President", 14]], "average_length": 7.918181818181814}]}, {"column_name": "Officer_Equivalent", "number_non_empty_cells": 22, "number_empty_cells": 92, "number_distinct_values": 3, "frequent_values": ["Chief Executive Officer", "Chief Financial Officer", null], "dataTypes": [{"type": "TEXT", "count": 22, "shortest_values": [["Chief Executive Officer", 23], ["Chief Executive Officer", 23], ["Chief Financial Officer", 23], ["Chief Executive Officer", 23], ["Chief Executive Officer", 23]], "longest_values": [["Chief Executive Officer", 23], ["Chief Executive Officer", 23], ["Chief Financial Officer", 23], ["Chief Executive Officer", 23], ["Chief Executive Officer", 23]], "average_length": 23.0}]}, {"column_name": "OWNER/OFFICER_2_FIRST_NAME", "number_non_empty_cells": 64, "number_empty_cells": 50, "number_distinct_values": 55, "frequent_values": ["Mario", "Robert", "Malkiat", "Edson", "Chris"], "dataTypes": [{"type": "TEXT", "count": 65, "shortest_values": [["Ian", 3], ["Joe", 3], ["Ian", 3], ["Ann", 3], ["Mier", 4]], "longest_values": [["ATHANASIOS", 10], ["Marvellous", 10], ["Alexander", 9], ["CATHERINE", 9], ["Deonisio", 8]], "average_length": 5.6923076923076925}]}, {"column_name": "OWNER/OFFICER_2_LAST_NAME", "number_non_empty_cells": 65, "number_empty_cells": 49, "number_distinct_values": 58, "frequent_values": ["Procida", "Auringer", "Ariza", "Younge", "Singh"], "dataTypes": [{"type": "TEXT", "count": 65, "shortest_values": [["-", 1], ["RAD", 3], ["Ali", 3], ["Rugg", 4], ["Suin", 4]], "longest_values": [["Stiglianese", 11], ["Alves Rocha", 11], ["Papadoplous", 11], ["Flanchraych", 11], ["Brzozwski", 9]], "average_length": 6.476923076923077}]}, {"column_name": "INDIVIDUAL_ROLE_2", "number_non_empty_cells": 65, "number_empty_cells": 49, "number_distinct_values": 4, "frequent_values": ["Owner", "Officer", "Both", null], "dataTypes": [{"type": "TEXT", "count": 65, "shortest_values": [["Both", 4], ["Both", 4], ["Both", 4], ["Both", 4], ["Both", 4]], "longest_values": [["Officer", 7], ["Officer", 7], ["Officer", 7], ["Officer", 7], ["Officer", 7]], "average_length": 5.384615384615384}]}, {"column_name": "INDIVIDUAL_TITLE_2", "number_non_empty_cells": 64, "number_empty_cells": 50, "number_distinct_values": 21, "frequent_values": ["President", "Owner", "Manager", "president", "VICE PRESIDENT"], "dataTypes": [{"type": "TEXT", "count": 64, "shortest_values": [["COO", 3], ["pres", 4], ["Pres", 4], ["Owner", 5], ["Owner", 5]], "longest_values": [["Project Executive", 17], ["VP of operations", 16], ["Managing Officer", 16], ["Managing Member", 15], ["Vice President", 14]], "average_length": 8.640625000000004}]}, {"column_name": "OFFICER_EQUIVALENT_2", "number_non_empty_cells": 15, "number_empty_cells": 99, "number_distinct_values": 3, "frequent_values": ["Chief Executive Officer", "Chief Operating Officer", null], "dataTypes": [{"type": "TEXT", "count": 15, "shortest_values": [["Chief Executive Officer", 23], ["Chief Executive Officer", 23], ["Chief Executive Officer", 23], ["Chief Executive Officer", 23], ["Chief Executive Officer", 23]], "longest_values": [["Chief Executive Officer", 23], ["Chief Executive Officer", 23], ["Chief Executive Officer", 23], ["Chief Executive Officer", 23], ["Chief Executive Officer", 23]], "average_length": 23.0}]}, {"column_name": "OWNER/OFFICER_3_FIRST_NAME", "number_non_empty_cells": 35, "number_empty_cells": 79, "number_distinct_values": 34, "frequent_values": ["Tony", "Jacob", "Thomas", "Craig", "Terence"], "dataTypes": [{"type": "TEXT", "count": 36, "shortest_values": [["Ian", 3], ["Kia", 3], ["Joe", 3], ["Tony", 4], ["Mier", 4]], "longest_values": [["ATHANASIOS", 10], ["Simranpal", 9], ["Catherine", 9], ["Robinson", 8], ["Nicholas", 8]], "average_length": 5.499999999999999}]}, {"column_name": "OWNER/OFFICER_3_LAST_NAME", "number_non_empty_cells": 36, "number_empty_cells": 78, "number_distinct_values": 32, "frequent_values": ["Auringer", "Singh", "Younge", "McDonnell", "Knight"], "dataTypes": [{"type": "TEXT", "count": 36, "shortest_values": [["Rad", 3], ["SUIN", 4], ["Susi", 4], ["Singh", 5], ["Dahan", 5]], "longest_values": [["Marvellous", 10], ["McDonnell", 9], ["ZERVOUDIS", 9], ["downling", 8], ["Auringer", 8]], "average_length": 6.416666666666667}]}, {"column_name": "INDIVIDUAL_ROLE_3", "number_non_empty_cells": 35, "number_empty_cells": 79, "number_distinct_values": 4, "frequent_values": ["Owner", "Officer", "Both", null], "dataTypes": [{"type": "TEXT", "count": 35, "shortest_values": [["Both", 4], ["Both", 4], ["Both", 4], ["Both", 4], ["Both", 4]], "longest_values": [["Officer", 7], ["Officer", 7], ["Officer", 7], ["Officer", 7], ["Officer", 7]], "average_length": 5.200000000000001}]}, {"column_name": "INDIVIDUAL_TITLE_3", "number_non_empty_cells": 36, "number_empty_cells": 78, "number_distinct_values": 12, "frequent_values": ["President", "president", "Owner", "PRESIDENT", "CEO"], "dataTypes": [{"type": "TEXT", "count": 36, "shortest_values": [["CEO", 3], ["CEO", 3], ["Pres", 4], ["Owner", 5], ["Owner", 5]], "longest_values": [["VP Operations", 13], ["President", 9], ["President", 9], ["President", 9], ["president", 9]], "average_length": 7.861111111111111}]}, {"column_name": "OFFICER_EQUIVALENT_3", "number_non_empty_cells": 6, "number_empty_cells": 108, "number_distinct_values": 2, "frequent_values": ["Chief Executive Officer", null], "dataTypes": [{"type": "TEXT", "count": 6, "shortest_values": [["Chief Executive Officer", 23], ["Chief Executive Officer", 23], ["Chief Executive Officer", 23], ["Chief Executive Officer", 23], ["Chief Executive Officer", 23]], "longest_values": [["Chief Executive Officer", 23], ["Chief Executive Officer", 23], ["Chief Executive Officer", 23], ["Chief Executive Officer", 23], ["Chief Executive Officer", 23]], "average_length": 23.0}]}, {"column_name": "OWNER/OFFICER_4_FIRST_NAME", "number_non_empty_cells": 19, "number_empty_cells": 95, "number_distinct_values": 19, "frequent_values": ["Dave", "Rocky", "Rich", "Mickey", "Kia"], "dataTypes": [{"type": "TEXT", "count": 19, "shortest_values": [["Ed", 2], ["Dov", 3], ["Kia", 3], ["Ian", 3], ["ALEX", 4]], "longest_values": [["Christopher", 11], ["Nicholas", 8], ["Richard", 7], ["Wuilson", 7], ["Mickey", 6]], "average_length": 5.157894736842106}]}, {"column_name": "OWNER/OFFICER_4_LAST_NAME", "number_non_empty_cells": 19, "number_empty_cells": 95, "number_distinct_values": 18, "frequent_values": ["Auringer", "Pulido", "Ngai", "Davidson", "Suin"], "dataTypes": [{"type": "TEXT", "count": 19, "shortest_values": [["Ngai", 4], ["Suin", 4], ["Gjini", 5], ["Singh", 5], ["Pulido", 6]], "longest_values": [["Michilovich", 11], ["Marvellous", 10], ["Loughran", 8], ["Moriarty", 8], ["Auringer", 8]], "average_length": 6.947368421052634}]}, {"column_name": "INDIVIDUAL_ROLE_4", "number_non_empty_cells": 19, "number_empty_cells": 95, "number_distinct_values": 4, "frequent_values": ["Owner", "Officer", "Both", null], "dataTypes": [{"type": "TEXT", "count": 19, "shortest_values": [["Both", 4], ["Both", 4], ["Both", 4], ["Both", 4], ["Owner", 5]], "longest_values": [["Officer", 7], ["Officer", 7], ["Officer", 7], ["Officer", 7], ["Officer", 7]], "average_length": 5.315789473684211}]}, {"column_name": "INDIVIDUAL_TITLE_4", "number_non_empty_cells": 19, "number_empty_cells": 95, "number_distinct_values": 12, "frequent_values": ["President", "PRESIDENT", "Unknown", "Vice President", "Project Manager"], "dataTypes": [{"type": "TEXT", "count": 19, "shortest_values": [["pres", 4], ["Owner", 5], ["Unknown", 7], ["Officer", 7], ["PRESIDENT", 9]], "longest_values": [["Account Payable", 15], ["Project Manager", 15], ["Vice President", 14], ["Co-President", 12], ["PRESIDENT", 9]], "average_length": 9.36842105263158}]}, {"column_name": "OFFICER_EQUIVALENT_4", "number_non_empty_cells": 1, "number_empty_cells": 113, "number_distinct_values": 2, "frequent_values": ["Chief Executive Officer", null], "dataTypes": [{"type": "TEXT", "count": 1, "shortest_values": [["Chief Executive Officer", 23]], "longest_values": [["Chief Executive Officer", 23]], "average_length": 23.0}]}, {"column_name": "OWNER/OFFICER_5_FIRST_NAME", "number_non_empty_cells": 13, "number_empty_cells": 101, "number_distinct_values": 14, "frequent_values": ["Jamie", "Jacob", "Simranpal", "Chris", "Kia"], "dataTypes": [{"type": "TEXT", "count": 14, "shortest_values": [["Kia", 3], ["Ian", 3], ["Beth", 4], ["Chris", 5], ["Jacob", 5]], "longest_values": [["NYC Crane Hoist", 15], ["ATHANASIOS", 10], ["Simranpal", 9], ["Alexander", 9], ["Wuilson", 7]], "average_length": 6.642857142857142}]}, {"column_name": "OWNER/OFFICER_5_LAST_NAME", "number_non_empty_cells": 12, "number_empty_cells": 102, "number_distinct_values": 13, "frequent_values": ["AMAXAS", "Vigario", "Lucignano", "Suin", "Ginis"], "dataTypes": [{"type": "TEXT", "count": 12, "shortest_values": [["Suin", 4], ["Ginis", 5], ["Singh", 5], ["Kenny", 5], ["AMAXAS", 6]], "longest_values": [["Lucignano", 9], ["Moriarty", 8], ["Dowling", 7], ["Aminian", 7], ["Vigario", 7]], "average_length": 6.333333333333332}]}, {"column_name": "INDIVIDUAL_ROLE_5", "number_non_empty_cells": 14, "number_empty_cells": 100, "number_distinct_values": 4, "frequent_values": ["Both", "Officer", "Owner", null], "dataTypes": [{"type": "TEXT", "count": 14, "shortest_values": [["Both", 4], ["Both", 4], ["Both", 4], ["Both", 4], ["Both", 4]], "longest_values": [["Officer", 7], ["Officer", 7], ["Officer", 7], ["Owner", 5], ["Owner", 5]], "average_length": 4.857142857142858}]}, {"column_name": "INDIVIDUAL_TITLE_5", "number_non_empty_cells": 14, "number_empty_cells": 100, "number_distinct_values": 8, "frequent_values": ["President", "president", "Admin", "Vice President", "Presisdent"], "dataTypes": [{"type": "TEXT", "count": 14, "shortest_values": [["Pres", 4], ["Owner", 5], ["Admin", 5], ["President", 9], ["president", 9]], "longest_values": [["Vice President", 14], ["Presisdent", 10], ["President", 9], ["president", 9], ["President", 9]], "average_length": 8.5}]}, {"column_name": "OFFICER_EQUIVALENT_5", "number_non_empty_cells": 3, "number_empty_cells": 111, "number_distinct_values": 2, "frequent_values": ["Chief Executive Officer", null], "dataTypes": [{"type": "TEXT", "count": 3, "shortest_values": [["Chief Executive Officer", 23], ["Chief Executive Officer", 23], ["Chief Executive Officer", 23]], "longest_values": [["Chief Executive Officer", 23], ["Chief Executive Officer", 23], ["Chief Executive Officer", 23]], "average_length": 23.0}]}, {"column_name": "Borough", "number_non_empty_cells": 75, "number_empty_cells": 39, "number_distinct_values": 6, "frequent_values": ["Queens", "Brooklyn", "Manhattan", "Bronx", "Staten Island"], "dataTypes": [{"type": "TEXT", "count": 75, "shortest_values": [["Bronx", 5], ["Bronx", 5], ["Bronx", 5], ["Bronx", 5], ["Bronx", 5]], "longest_values": [["Staten Island", 13], ["Manhattan", 9], ["Manhattan", 9], ["Manhattan", 9], ["Manhattan", 9]], "average_length": 7.039999999999999}]}, {"column_name": "BIN", "number_non_empty_cells": 104, "number_empty_cells": 10, "number_distinct_values": 64, "frequent_values": ["Not Found", "3013149", "1004280", "4228716", "4003596"], "dataTypes": [{"type": "INTEGER (LONG)", "count": 65, "max_value": 5044496, "min_value": 1004280, "mean": 3128604.8000000003, "stddev": 1171171.9666205922}, {"type": "TEXT", "count": 39, "shortest_values": [["Not Found", 9], ["Not Found", 9], ["Not Found", 9], ["Not Found", 9], ["Not Found", 9]], "longest_values": [["Not Found", 9], ["Not Found", 9], ["Not Found", 9], ["Not Found", 9], ["Not Found", 9]], "average_length": 9.0}]}, {"column_name": "BBL", "number_non_empty_cells": 104, "number_empty_cells": 10, "number_distinct_values": 64, "frequent_values": ["Not Found", "3007890026", "4106730008", "1003500073", "4025440018"], "dataTypes": [{"type": "INTEGER (LONG)", "count": 65, "max_value": 5030120028, "min_value": 1003500073, "mean": 3034319688.984615, "stddev": 1108148363.348841}, {"type": "TEXT", "count": 39, "shortest_values": [["Not Found", 9], ["Not Found", 9], ["Not Found", 9], ["Not Found", 9], ["Not Found", 9]], "longest_values": [["Not Found", 9], ["Not Found", 9], ["Not Found", 9], ["Not Found", 9], ["Not Found", 9]], "average_length": 9.0}]}, {"column_name": "COMMUNITY_BOARD", "number_non_empty_cells": 107, "number_empty_cells": 7, "number_distinct_values": 18, "frequent_values": ["Not Found", "5", "2", "7", "1"], "dataTypes": [{"type": "INTEGER (LONG)", "count": 68, "max_value": 18, "min_value": 1, "mean": 6.264705882352942, "stddev": 3.976466237380147}, {"type": "TEXT", "count": 39, "shortest_values": [["Not Found", 9], ["Not Found", 9], ["Not Found", 9], ["Not Found", 9], ["Not Found", 9]], "longest_values": [["Not Found", 9], ["Not Found", 9], ["Not Found", 9], ["Not Found", 9], ["Not Found", 9]], "average_length": 9.0}]}, {"column_name": "COUNCIL_DISTRICT", "number_non_empty_cells": 107, "number_empty_cells": 7, "number_distinct_values": 29, "frequent_values": ["Not Found", "30", "38", "19", "3"], "dataTypes": [{"type": "INTEGER (LONG)", "count": 68, "max_value": 49, "min_value": 2, "mean": 25.88235294117647, "stddev": 12.445799447019567}, {"type": "TEXT", "count": 39, "shortest_values": [["Not Found", 9], ["Not Found", 9], ["Not Found", 9], ["Not Found", 9], ["Not Found", 9]], "longest_values": [["Not Found", 9], ["Not Found", 9], ["Not Found", 9], ["Not Found", 9], ["Not Found", 9]], "average_length": 9.0}]}, {"column_name": "CENSUS_TRACT", "number_non_empty_cells": 107, "number_empty_cells": 7, "number_distinct_values": 58, "frequent_values": ["Not Found", "205", "907", "2201", "28"], "dataTypes": [{"type": "INTEGER (LONG)", "count": 68, "max_value": 50803, "min_value": 1, "mean": 1809.3823529411764, "stddev": 6686.253690418108}, {"type": "TEXT", "count": 39, "shortest_values": [["Not Found", 9], ["Not Found", 9], ["Not Found", 9], ["Not Found", 9], ["Not Found", 9]], "longest_values": [["Not Found", 9], ["Not Found", 9], ["Not Found", 9], ["Not Found", 9], ["Not Found", 9]], "average_length": 9.0}]}, {"column_name": "NTA", "number_non_empty_cells": 107, "number_empty_cells": 7, "number_distinct_values": 47, "frequent_values": ["Not Found", "QN31", "QN54", "BK32", "QN20"], "dataTypes": [{"type": "TEXT", "count": 107, "shortest_values": [["QN49", 4], ["QN34", 4], ["QN30", 4], ["MN35", 4], ["QN54", 4]], "longest_values": [["Not Found", 9], ["Not Found", 9], ["Not Found", 9], ["Not Found", 9], ["Not Found", 9]], "average_length": 5.822429906542057}]}, {"column_name": "LATITUDE", "number_non_empty_cells": 107, "number_empty_cells": 7, "number_distinct_values": 67, "frequent_values": ["Not Found", "40.720216", "40.72651", "40.648429", "40.77268"], "dataTypes": [{"type": "REAL", "count": 68, "max_value": 40.879387, "min_value": 40.589168, "mean": 40.72514975000001, "stddev": 0.06122223987374255}, {"type": "TEXT", "count": 39, "shortest_values": [["Not Found", 9], ["Not Found", 9], ["Not Found", 9], ["Not Found", 9], ["Not Found", 9]], "longest_values": [["Not Found", 9], ["Not Found", 9], ["Not Found", 9], ["Not Found", 9], ["Not Found", 9]], "average_length": 9.0}]}, {"column_name": "LONGITUDE", "number_non_empty_cells": 107, "number_empty_cells": 7, "number_distinct_values": 67, "frequent_values": ["Not Found", "-74.015853", "-73.750644", "-73.983532", "-73.914104"], "dataTypes": [{"type": "REAL", "count": 68, "max_value": -73.750644, "min_value": -74.074326, "mean": -73.91766120588234, "stddev": 0.07058265746408782}, {"type": "TEXT", "count": 39, "shortest_values": [["Not Found", 9], ["Not Found", 9], ["Not Found", 9], ["Not Found", 9], ["Not Found", 9]], "longest_values": [["Not Found", 9], ["Not Found", 9], ["Not Found", 9], ["Not Found", 9], ["Not Found", 9]], "average_length": 9.0}]}]}