{"dataset_name": "/user/hm74/NYCOpenData/9sji-jws4.tsv.gz", "columns": [{"column_name": "DBN", "number_non_empty_cells": 1665, "number_empty_cells": 0, "number_distinct_values": 1665, "frequent_values": ["02M042", "02M529", "08X093", "01M064", "01M539"], "dataTypes": [{"type": "DATE/TIME", "count": 34, "max_value": "2019-12-07T00:06:52", "min_value": "2019-12-07T00:01:15"}, {"type": "TEXT", "count": 1631, "shortest_values": [["01M063", 6], ["01M064", 6], ["01M110", 6], ["01M134", 6], ["01M140", 6]], "longest_values": [["CITYWIDE", 8], ["01M063", 6], ["01M064", 6], ["01M110", 6], ["01M134", 6]], "average_length": 6.001226241569589}]}, {"column_name": "LOCATION_NAME", "number_non_empty_cells": 1664, "number_empty_cells": 1, "number_distinct_values": 1662, "frequent_values": ["P.S. 360", "P.S. 253", "P.S. 212", "P.S. 152 Gwendoline N. Alleyne School", "P.S. 185 Walter Kassenbrock"], "dataTypes": [{"type": "TEXT", "count": 1664, "shortest_values": [["LYFE", 4], ["Kappa", 5], ["P.S. 89", 7], ["Muscota", 7], ["P.S. 66", 7]], "longest_values": [["New Explorations into Science, Technology and Math", 50], ["47 The American Sign Language and English Secondar", 50], ["The Urban Assembly School for Emergency Management", 50], ["Stephen T. Mather Building Arts & Craftsmanship Hi", 50], ["James Baldwin School, The: A School for Expedition", 50]], "average_length": 27.967548076923062}]}, {"column_name": "LOCATION_CATEGORY", "number_non_empty_cells": 1664, "number_empty_cells": 1, "number_distinct_values": 11, "frequent_values": ["Elementary", "High school", "Junior High-Intermediate-Middle", "K-8", "Secondary School"], "dataTypes": [{"type": "TEXT", "count": 1664, "shortest_values": [["K-8", 3], ["K-8", 3], ["K-8", 3], ["K-8", 3], ["K-8", 3]], "longest_values": [["Junior High-Intermediate-Middle", 31], ["Junior High-Intermediate-Middle", 31], ["Junior High-Intermediate-Middle", 31], ["Junior High-Intermediate-Middle", 31], ["Junior High-Intermediate-Middle", 31]], "average_length": 13.541466346153818}]}, {"column_name": "ADMINISTRATIVE_DISTRICT", "number_non_empty_cells": 1664, "number_empty_cells": 1, "number_distinct_values": 35, "frequent_values": [2, 10, 31, 9, 11], "dataTypes": [{"type": "INTEGER (LONG)", "count": 1664, "max_value": 79, "min_value": 1, "mean": 18.318509615384635, "stddev": 14.822977670141807}]}, {"column_name": "FEMALE_REMOVALS", "number_non_empty_cells": 1665, "number_empty_cells": 0, "number_distinct_values": 26, "frequent_values": ["R", "6", "8", "7", "11"], "dataTypes": [{"type": "INTEGER (LONG)", "count": 71, "max_value": 2724, "min_value": 6, "mean": 53.50704225352112, "stddev": 319.4828511891175}, {"type": "TEXT", "count": 1594, "shortest_values": [["R", 1], ["R", 1], ["R", 1], ["R", 1], ["R", 1]], "longest_values": [["R", 1], ["R", 1], ["R", 1], ["R", 1], ["R", 1]], "average_length": 1.0}]}, {"column_name": "FEMALE_PRINCIPAL", "number_non_empty_cells": 1665, "number_empty_cells": 0, "number_distinct_values": 50, "frequent_values": ["R", "8", "6", "13", "10"], "dataTypes": [{"type": "INTEGER (LONG)", "count": 199, "max_value": 8488, "min_value": 6, "mean": 62.04020100502514, "stddev": 598.9955481684215}, {"type": "TEXT", "count": 1466, "shortest_values": [["R", 1], ["R", 1], ["R", 1], ["R", 1], ["R", 1]], "longest_values": [["R", 1], ["R", 1], ["R", 1], ["R", 1], ["R", 1]], "average_length": 1.0}]}, {"column_name": "FEMALE_SUPERINTENDENT", "number_non_empty_cells": 1665, "number_empty_cells": 0, "number_distinct_values": 19, "frequent_values": ["R", "6", "7", "10", "11"], "dataTypes": [{"type": "INTEGER (LONG)", "count": 66, "max_value": 2942, "min_value": 6, "mean": 54.6060606060606, "stddev": 358.1746179351156}, {"type": "TEXT", "count": 1599, "shortest_values": [["R", 1], ["R", 1], ["R", 1], ["R", 1], ["R", 1]], "longest_values": [["R", 1], ["R", 1], ["R", 1], ["R", 1], ["R", 1]], "average_length": 1.0}]}, {"column_name": "FEMALE_EXPULSIONS", "number_non_empty_cells": 1665, "number_empty_cells": 0, "number_distinct_values": 1, "frequent_values": ["R"], "dataTypes": [{"type": "TEXT", "count": 1665, "shortest_values": [["R", 1], ["R", 1], ["R", 1], ["R", 1], ["R", 1]], "longest_values": [["R", 1], ["R", 1], ["R", 1], ["R", 1], ["R", 1]], "average_length": 1.0}]}, {"column_name": "MALE_REMOVALS", "number_non_empty_cells": 1665, "number_empty_cells": 0, "number_distinct_values": 46, "frequent_values": ["R", "8", "12", "7", "30"], "dataTypes": [{"type": "INTEGER (LONG)", "count": 71, "max_value": 8613, "min_value": 7, "mean": 154.8732394366197, "stddev": 1011.2412666741391}, {"type": "TEXT", "count": 1594, "shortest_values": [["R", 1], ["R", 1], ["R", 1], ["R", 1], ["R", 1]], "longest_values": [["R", 1], ["R", 1], ["R", 1], ["R", 1], ["R", 1]], "average_length": 1.0}]}, {"column_name": "MALE_PRINCIPAL", "number_non_empty_cells": 1665, "number_empty_cells": 0, "number_distinct_values": 80, "frequent_values": ["R", "18", "26", "6", "27"], "dataTypes": [{"type": "INTEGER (LONG)", "count": 199, "max_value": 17208, "min_value": 6, "mean": 124.38693467336684, "stddev": 1214.5917179185492}, {"type": "TEXT", "count": 1466, "shortest_values": [["R", 1], ["R", 1], ["R", 1], ["R", 1], ["R", 1]], "longest_values": [["R", 1], ["R", 1], ["R", 1], ["R", 1], ["R", 1]], "average_length": 1.0}]}, {"column_name": "MALE_SUPERINTENDENT", "number_non_empty_cells": 1665, "number_empty_cells": 0, "number_distinct_values": 28, "frequent_values": ["R", "16", "11", "14", "8"], "dataTypes": [{"type": "INTEGER (LONG)", "count": 66, "max_value": 6596, "min_value": 6, "mean": 115.57575757575758, "stddev": 803.8451731786463}, {"type": "TEXT", "count": 1599, "shortest_values": [["R", 1], ["R", 1], ["R", 1], ["R", 1], ["R", 1]], "longest_values": [["R", 1], ["R", 1], ["R", 1], ["R", 1], ["R", 1]], "average_length": 1.0}]}, {"column_name": "MALE_EXPULSIONS", "number_non_empty_cells": 1665, "number_empty_cells": 0, "number_distinct_values": 1, "frequent_values": ["R"], "dataTypes": [{"type": "TEXT", "count": 1665, "shortest_values": [["R", 1], ["R", 1], ["R", 1], ["R", 1], ["R", 1]], "longest_values": [["R", 1], ["R", 1], ["R", 1], ["R", 1], ["R", 1]], "average_length": 1.0}]}, {"column_name": "SY1617_TOTAL_REMOVALS/SUSPENSIONS", "number_non_empty_cells": 1665, "number_empty_cells": 0, "number_distinct_values": 159, "frequent_values": ["R", "0", "6", "11", "12"], "dataTypes": [{"type": "INTEGER (LONG)", "count": 1327, "max_value": 46571, "min_value": 0, "mean": 69.50263752825924, "stddev": 1277.772767246973}, {"type": "TEXT", "count": 338, "shortest_values": [["R", 1], ["R", 1], ["R", 1], ["R", 1], ["R", 1]], "longest_values": [["R", 1], ["R", 1], ["R", 1], ["R", 1], ["R", 1]], "average_length": 1.0}]}]}