{"dataset_name": "/user/hm74/NYCOpenData/9sys-2i9y.tsv.gz", "columns": [{"column_name": "Borough", "number_non_empty_cells": 260, "number_empty_cells": 0, "number_distinct_values": 5, "frequent_values": ["Queens", "Brooklyn", "Staten Island", "Manhattan", "Bronx"], "dataTypes": [{"type": "TEXT", "count": 260, "shortest_values": [["Bronx", 5], ["Bronx", 5], ["Bronx", 5], ["Bronx", 5], ["Bronx", 5]], "longest_values": [["Staten Island", 13], ["Staten Island", 13], ["Staten Island", 13], ["Staten Island", 13], ["Staten Island", 13]], "average_length": 8.2}]}, {"column_name": "Fiscal Year (ending in June)", "number_non_empty_cells": 260, "number_empty_cells": 0, "number_distinct_values": 13, "frequent_values": [2007, 2015, 2006, 2013, 2014], "dataTypes": [{"type": "INTEGER (LONG)", "count": 260, "max_value": 2019, "min_value": 2006, "mean": 2012.0769230769238, "stddev": 3.872219368816353}]}, {"column_name": "Violation Type", "number_non_empty_cells": 260, "number_empty_cells": 0, "number_distinct_values": 4, "frequent_values": ["Jail", "Restored", "Terminated", "Prison"], "dataTypes": [{"type": "TEXT", "count": 260, "shortest_values": [["Jail", 4], ["Jail", 4], ["Jail", 4], ["Jail", 4], ["Jail", 4]], "longest_values": [["Terminated", 10], ["Terminated", 10], ["Terminated", 10], ["Terminated", 10], ["Terminated", 10]], "average_length": 7.0}]}, {"column_name": "Disposed Violation Count", "number_non_empty_cells": 260, "number_empty_cells": 0, "number_distinct_values": 192, "frequent_values": [19, 48, 41, 138, 87], "dataTypes": [{"type": "INTEGER (LONG)", "count": 260, "max_value": 897, "min_value": 0, "mean": 200.10384615384604, "stddev": 174.95483149124573}]}]}