{"dataset_name": "/user/hm74/NYCOpenData/9umc-3b2y.tsv.gz", "columns": [{"column_name": "Agency", "number_non_empty_cells": 133, "number_empty_cells": 16, "number_distinct_values": 12, "frequent_values": ["DCA", "DOE", "DOT", "DPR", "CUNY"], "dataTypes": [{"type": "TEXT", "count": 133, "shortest_values": [["DCA", 3], ["DCA", 3], ["DCA", 3], ["DCA", 3], ["DCA", 3]], "longest_values": [["NYCHA", 5], ["CUNY", 4], ["CUNY", 4], ["CUNY", 4], ["CUNY", 4]], "average_length": 3.067669172932331}]}, {"column_name": "Organization_Name", "number_non_empty_cells": 149, "number_empty_cells": 0, "number_distinct_values": 140, "frequent_values": ["Department of Transportation, NYC", "Neighborhood Defender Service, Inc.", "South Street Seaport Museum's", "New York Classical Theatre, Inc.", "BaruchCollege/CUNY"], "dataTypes": [{"type": "TEXT", "count": 149, "shortest_values": [["Eyebeam", 7], ["P.S. 138", 8], ["P.S. M226", 9], ["ABC No Rio", 10], ["Mott Hall II", 12]], "longest_values": [["(1)Lab Middle School for Collaborative Studies                      (2) Lab School for Collaborative Studies (3) Museum School", 126], ["Riverside Park Conservancy and Soldier's and Sailors' Memorial Association", 74], ["Fashion Center Business Improvement District (Fashion Center DMA, Inc.)", 71], ["Outstanding Renewal Enterprises, Inc. (Lower East Side Ecology Center)", 70], ["Visual Arts Research and Resource Center Relating to the Caribbean ", 67]], "average_length": 31.328859060402696}]}, {"column_name": "Organization_Address", "number_non_empty_cells": 149, "number_empty_cells": 0, "number_distinct_values": 134, "frequent_values": ["55 Water Street, ", "1230 Fifth Avenue ", "12 Fulton Street", "475 Riverside Drive, Suite 455", "261 West 47th Street"], "dataTypes": [{"type": "TEXT", "count": 149, "shortest_values": [["P.O. Box 23", 11], ["890 Broadway", 12], ["100 Old Slip", 12], ["1633 Broadway", 13], ["2537 Broadway", 13]], "longest_values": [["353 West Street @ Hudson Street (Pier 40, 2nd Fl.)", 50], ["c/o David Lopez, 17 West 95th Street, Apt 1", 43], ["2090 Adam Clayton Powell, Jr. Blvd.", 35], ["20 Lincoln Center Plaza, 4th Floor", 34], ["254 West 31st Street,    10th Fl", 32]], "average_length": 20.563758389261746}]}, {"column_name": "City", "number_non_empty_cells": 149, "number_empty_cells": 0, "number_distinct_values": 1, "frequent_values": ["New York"], "dataTypes": [{"type": "TEXT", "count": 149, "shortest_values": [["New York", 8], ["New York", 8], ["New York", 8], ["New York", 8], ["New York", 8]], "longest_values": [["New York", 8], ["New York", 8], ["New York", 8], ["New York", 8], ["New York", 8]], "average_length": 8.0}]}, {"column_name": "State", "number_non_empty_cells": 149, "number_empty_cells": 0, "number_distinct_values": 1, "frequent_values": ["NY"], "dataTypes": [{"type": "TEXT", "count": 149, "shortest_values": [["NY", 2], ["NY", 2], ["NY", 2], ["NY", 2], ["NY", 2]], "longest_values": [["NY", 2], ["NY", 2], ["NY", 2], ["NY", 2], ["NY", 2]], "average_length": 2.0}]}, {"column_name": "Postcode", "number_non_empty_cells": 149, "number_empty_cells": 0, "number_distinct_values": 42, "frequent_values": [10003, 10025, 10029, 10019, 10002], "dataTypes": [{"type": "INTEGER (LONG)", "count": 149, "max_value": 10457, "min_value": 10001, "mean": 10034.06040268456, "stddev": 53.51575421155095}]}, {"column_name": "Building_Number", "number_non_empty_cells": 44, "number_empty_cells": 105, "number_distinct_values": 45, "frequent_values": ["01M539", "03M862", "06M008", "02M475", "03M258"], "dataTypes": [{"type": "DATE/TIME", "count": 5, "max_value": "2019-12-07T00:06:08", "min_value": "2019-12-07T00:01:19"}, {"type": "TEXT", "count": 39, "shortest_values": [["03M075", 6], ["04M108", 6], ["01M696", 6], ["02M411", 6], ["04M182", 6]], "longest_values": [["02M432 02M620 02M500 02M427", 27], ["02M312 02M412 02M414", 20], ["03M009 03M243", 13], ["03M075", 6], ["04M108", 6]], "average_length": 7.076923076923077}]}, {"column_name": "School_Number", "number_non_empty_cells": 45, "number_empty_cells": 104, "number_distinct_values": 46, "frequent_values": ["M393", "M495", "M217", "M560", "M008"], "dataTypes": [{"type": "DATE/TIME", "count": 5, "max_value": "2019-12-07T00:00:54", "min_value": "2019-12-07T00:00:05"}, {"type": "TEXT", "count": 40, "shortest_values": [["M075", 4], ["M108", 4], ["M696", 4], ["M411", 4], ["M182", 4]], "longest_values": [["M009   M243           ", 22], ["M432 M620 M500 M427 ", 20], ["M312   M412   M414", 18], ["M075", 4], ["M108", 4]], "average_length": 5.200000000000001}]}, {"column_name": "Community_Board", "number_non_empty_cells": 149, "number_empty_cells": 0, "number_distinct_values": 16, "frequent_values": ["CB3", "CB7", "CB5", "CB8", "CB1"], "dataTypes": [{"type": "TEXT", "count": 149, "shortest_values": [["CB", 2], ["CB6", 3], ["CB6", 3], ["CB1", 3], ["CB5", 3]], "longest_values": [["CB 9,10,11", 10], ["CB11", 4], ["CB11", 4], ["CB10", 4], ["CB10", 4]], "average_length": 3.275167785234899}]}, {"column_name": "Council_District", "number_non_empty_cells": 149, "number_empty_cells": 0, "number_distinct_values": 11, "frequent_values": ["CD03", "CD02", "CD08", "CD06", "CD01"], "dataTypes": [{"type": "TEXT", "count": 149, "shortest_values": [["CD", 2], ["CD", 2], ["CD02", 4], ["CD02", 4], ["CD01", 4]], "longest_values": [["CD02", 4], ["CD02", 4], ["CD01", 4], ["CD03", 4], ["CD04", 4]], "average_length": 3.973154362416107}]}, {"column_name": "Project_Title", "number_non_empty_cells": 148, "number_empty_cells": 1, "number_distinct_values": 145, "frequent_values": ["Auditorium Upgrade Project", "Computer Upgrade Project", "Building Envelope Renovation Project", "Peter J. Sharp Boathouse Repair Project", "Auditorium Upgrade and Refurbishment Project"], "dataTypes": [{"type": "TEXT", "count": 149, "shortest_values": [["HVAC Project", 12], ["Boiler Project", 14], ["Gymnasium Upgrade", 17], ["Renovation Project", 18], ["Gymatorium Project", 18]], "longest_values": [["Preservation Study and Assessment and Restoration of the Landmark Soldiers' Monument Project.", 93], ["Instructional Spaces Upgrade, HVAC Upgrades to IT Closets, Replacement of Rooftop AC Unit", 89], ["Smart Board Upgrade and Professional Development; Electronic Message Board Project", 82], ["Network Infrastructure Modernization; Max Bond Center; Wingate Pool Restoration", 79], ["Additional Funding - Phase I Renovation Completion Project - 70 East 4th Street", 79]], "average_length": 37.55033557046981}]}, {"column_name": "Project_Description", "number_non_empty_cells": 147, "number_empty_cells": 2, "number_distinct_values": 148, "frequent_values": ["Demolish existing areas to receive a new 30 LF thermal Glass storefront inclusive of interior vestibule and installation of a 30 LF x 20'D sculptural fa\u00e7ade art piece consisting of 75 theater chairs with approximately 20 coats and other miscellaneous arti", "Upgrade existing electrical outlet in each classroom and create new outlets where necessary, as well as fuse boxes and amp supply will be upgraded.", "Outfitting of freshman class of 2017 with one-to-one laptops to be used throughout high school; computer storage carts, 125 Macbook Pro; and Dedicated Circuits.", "Purchase 380 Mid-size laptops,180 USB Headsets, 13 Laptop Security Carts, and 145 Lockers. Computers will allow students to develop essential skills; and the new lockers will replace the broken onesin the hallways.", "Create a new Battery Family Comfort Station and District One Park Office. Bathrooms are dilapidated and crumbling. Rusty stall doors and missing toilet seats, new attractions in the park desires better amenities."], "dataTypes": [{"type": "TEXT", "count": 147, "shortest_values": [["Funding is for Greenroof ", 25], ["Feasibility Study for project", 29], ["Fabrication and installation of new mass and rigging.", 53], ["Increase technology in their classrooms and computer labs.", 58], ["Vehicle will support their food rescue and delivery operations.", 63]], "longest_values": [["Installall hard wood floors on the auditorium stage, mirrors for dance classes backstage, new control room/projection room, electrical wiring for AV equipment, accommodating seats, curtains, lighting deck, lighting equipment, surround sound system, video projection system with monitors on the side and main stage, AV rack to control sound and visual input and output, a PPD system to broadcast throughout building and into atrium and garden space directly next to auditorium, acoustical panels, proper ventillation/air conditioning, and mosiac mural that reflects the technology and arts theme that runs through the building.", 626], ["Redesign and Renovate the art and music wing at SHS = Assessment and design, theater multimedia control center, theater sound system, theater projector TV's (2), theatre lighting upgrade, theater painting, carpet and stage floor replacement, classroom sound system (3), Classroom interactive boards and accessories, classroom painting and other renovations (3), classroom instrument and sheet music storage (3), office renovation, musical instruments, and renovation labor cost.  ", 480], ["Purchase 36 Lenovo X131e (yellow Cover) laptops with computrace, 2-datamation DS-Netvault Notebook wheeled carts to store and move them securely, 8-Epson projectors, 16-Epson Brightlink, 16-Epson Interactive Pen A for BrightLink, 8-Elite Whiteboard Universal Screen, 8-B&H Photo Projector Screen Mounting/Reg, 8- B&H Photo A/V Installation of Whiteboard Screen/Cables.  Current technology/computers are out of warranty or broken.", 429], ["Repair/replace wood on entire stage floor (sanding/vanishing), replace old curtains with new ones, install safety rails to stairs leading to stage, remove/replace 422 seats, paint ceiling and floor under under seating, install new flooring on the walkways, install handicap lift and seating, (8) wall-ceiling fans mounted for ventillation, install any additional electric needs to support the current light and sound system.", 424], ["Paint and cement, replace the fencing around the entire yard to ensure better safety for the children, extend/replace the rubber matting that is already in place, oaint a mini-track to provide students with another sports option, paint a half court for basketball as a structured play option, 3 new backboards for basketball, paint bases for basketball/softball and a baseball diamond.", 385]], "average_length": 211.06802721088442}]}, {"column_name": "Amnt_Requested", "number_non_empty_cells": 148, "number_empty_cells": 1, "number_distinct_values": 88, "frequent_values": ["* 500,000.00", "* 250,000.00", "* 300,000.00", "* 1,000,000.00", "* 200,000.00"], "dataTypes": [{"type": "DATE/TIME", "count": 1, "max_value": "0500-12-07T00:00:00", "min_value": "0500-12-07T00:00:00"}, {"type": "TEXT", "count": 147, "shortest_values": [["* 50,000", 8], ["* 52,000", 8], ["* 255,000", 9], ["* 67,000.00", 11], ["$98, 579.84", 11]], "longest_values": [["$1, 075, 000.00 ", 16], ["* 1,500,000.00", 14], ["* 4,000,000.00", 14], ["* 1,000,000.00", 14], ["* 1,000,000.00", 14]], "average_length": 11.979591836734697}]}, {"column_name": "Funded_Amount", "number_non_empty_cells": 143, "number_empty_cells": 6, "number_distinct_values": 44, "frequent_values": [0.0, 500000.0, 200000.0, 125000.0, 300000.0], "dataTypes": [{"type": "REAL", "count": 143, "max_value": 1000000.0, "min_value": 0.0, "mean": 147895.104895105, "stddev": 182440.20816820377}]}, {"column_name": "Borough", "number_non_empty_cells": 142, "number_empty_cells": 7, "number_distinct_values": 3, "frequent_values": ["MANHATTAN", "BRONX    ", null], "dataTypes": [{"type": "TEXT", "count": 142, "shortest_values": [["MANHATTAN", 9], ["MANHATTAN", 9], ["MANHATTAN", 9], ["MANHATTAN", 9], ["MANHATTAN", 9]], "longest_values": [["MANHATTAN", 9], ["MANHATTAN", 9], ["MANHATTAN", 9], ["MANHATTAN", 9], ["MANHATTAN", 9]], "average_length": 9.0}]}, {"column_name": "Latitude", "number_non_empty_cells": 142, "number_empty_cells": 7, "number_distinct_values": 125, "frequent_values": [40.703597, 40.774178, 40.80145, 40.759974, 40.839305], "dataTypes": [{"type": "REAL", "count": 142, "max_value": 40.866706, "min_value": 40.703279, "mean": 40.76549879577465, "stddev": 0.03971316820928255}]}, {"column_name": "Longitude", "number_non_empty_cells": 142, "number_empty_cells": 7, "number_distinct_values": 125, "frequent_values": [-74.009781, -73.98937, -73.965613, -73.948342, -73.945122], "dataTypes": [{"type": "REAL", "count": 142, "max_value": -73.904721, "min_value": -74.013748, "mean": -73.97464161971835, "stddev": 0.024345940556941323}]}, {"column_name": "Census_Tract", "number_non_empty_cells": 142, "number_empty_cells": 7, "number_distinct_values": 99, "frequent_values": [9, 38, 168, 222, 40], "dataTypes": [{"type": "INTEGER (LONG)", "count": 142, "max_value": 31703, "min_value": 7, "mean": 1413.2676056338025, "stddev": 5034.63929770194}]}, {"column_name": "BIN", "number_non_empty_cells": 140, "number_empty_cells": 9, "number_distinct_values": 122, "frequent_values": [1082642, 1083346, 1024753, 1076741, 1086514], "dataTypes": [{"type": "INTEGER (LONG)", "count": 140, "max_value": 2009358, "min_value": 1000027, "mean": 1056456.8499999994, "stddev": 86333.65614214633}]}, {"column_name": "BBL", "number_non_empty_cells": 140, "number_empty_cells": 9, "number_distinct_values": 122, "frequent_values": [1004600056, 1000327501, 1010190005, 1000740001, 1016100001], "dataTypes": [{"type": "INTEGER (LONG)", "count": 140, "max_value": 2028910037, "min_value": 1000100023, "mean": 1018231719.3285714, "stddev": 85957679.9727268}]}, {"column_name": "NTA", "number_non_empty_cells": 142, "number_empty_cells": 7, "number_distinct_values": 30, "frequent_values": ["Midtown-Midtown South                                                      ", "Battery Park City-Lower Manhattan                                          ", "Upper West Side                                                            ", "East Village                                                               ", "Hudson Yards-Chelsea-Flatiron-Union Square                                 "], "dataTypes": [{"type": "TEXT", "count": 142, "shortest_values": [["Gramercy                                                                   ", 75], ["Gramercy                                                                   ", 75], ["SoHo-TriBeCa-Civic Center-Little Italy                                     ", 75], ["Midtown-Midtown South                                                      ", 75], ["Upper East Side-Carnegie Hill                                              ", 75]], "longest_values": [["Gramercy                                                                   ", 75], ["Gramercy                                                                   ", 75], ["SoHo-TriBeCa-Civic Center-Little Italy                                     ", 75], ["Midtown-Midtown South                                                      ", 75], ["Upper East Side-Carnegie Hill                                              ", 75]], "average_length": 75.0}]}]}