{"dataset_name": "/user/hm74/NYCOpenData/9vaq-mvvx.tsv.gz", "columns": [{"column_name": "Appeal_Type", "number_non_empty_cells": 1206, "number_empty_cells": 0, "number_distinct_values": 8, "frequent_values": ["Section 50", "Waiting for DQ", "Section 76", "Other", "Waiting for Appeal Request"], "dataTypes": [{"type": "TEXT", "count": 1206, "shortest_values": [["Other", 5], ["Other", 5], ["Other", 5], ["Other", 5], ["Other", 5]], "longest_values": [["Waiting for Appeal Request", 26], ["Waiting for Appeal Request", 26], ["Waiting for Appeal Request", 26], ["Waiting for Appeal Request", 26], ["Waiting for Appeal Request", 26]], "average_length": 10.320895522388044}]}, {"column_name": "Appeal_Subtype", "number_non_empty_cells": 1100, "number_empty_cells": 106, "number_distinct_values": 14, "frequent_values": ["Education and Experience", "Character", "Psych", "Medical", "Timeliness"], "dataTypes": [{"type": "TEXT", "count": 1100, "shortest_values": [["Age", 3], ["Score", 5], ["Psych", 5], ["Score", 5], ["Score", 5]], "longest_values": [["Education and Experience", 24], ["Education and Experience", 24], ["Education and Experience", 24], ["Education and Experience", 24], ["Education and Experience", 24]], "average_length": 13.06181818181819}]}, {"column_name": "Agency", "number_non_empty_cells": 1206, "number_empty_cells": 0, "number_distinct_values": 20, "frequent_values": ["Department of Citywide Administrative Services - DCAS", "Police Department - NYPD", "Department of Correction - DOC", "Transit Authority - NYCTA", "Fire Department - FDNY"], "dataTypes": [{"type": "TEXT", "count": 1206, "shortest_values": [["Fire Department - FDNY", 22], ["Fire Department - FDNY", 22], ["Fire Department - FDNY", 22], ["Fire Department - FDNY", 22], ["Fire Department - FDNY", 22]], "longest_values": [["Department of Housing Preservation and Development - HPD", 56], ["Department of Housing Preservation and Development - HPD", 56], ["Department of Citywide Administrative Services - DCAS", 53], ["Department of Citywide Administrative Services - DCAS", 53], ["Department of Citywide Administrative Services - DCAS", 53]], "average_length": 37.0348258706468}]}, {"column_name": "Status", "number_non_empty_cells": 1206, "number_empty_cells": 0, "number_distinct_values": 2, "frequent_values": ["Closed", "Open"], "dataTypes": [{"type": "TEXT", "count": 1206, "shortest_values": [["Open", 4], ["Open", 4], ["Open", 4], ["Open", 4], ["Open", 4]], "longest_values": [["Closed", 6], ["Closed", 6], ["Closed", 6], ["Closed", 6], ["Closed", 6]], "average_length": 5.213930348258708}]}, {"column_name": "Date_Filed", "number_non_empty_cells": 1206, "number_empty_cells": 0, "number_distinct_values": 283, "frequent_values": ["06/08/2018", "06/04/2018", "06/11/2018", "11/29/2018", "12/03/2018"], "dataTypes": [{"type": "DATE/TIME", "count": 1206, "max_value": "2018-12-31T00:00:00", "min_value": "2018-01-02T00:00:00"}]}, {"column_name": "Date_Closed", "number_non_empty_cells": 728, "number_empty_cells": 478, "number_distinct_values": 194, "frequent_values": ["12/18/2018", "07/12/2018", "07/24/2018", "09/27/2018", "10/18/2018"], "dataTypes": [{"type": "DATE/TIME", "count": 728, "max_value": "2019-01-09T00:00:00", "min_value": "2018-01-30T00:00:00"}]}, {"column_name": "Exam_No", "number_non_empty_cells": 1078, "number_empty_cells": 128, "number_distinct_values": 239, "frequent_values": [7005, 7002, 7323, 5001, 7032], "dataTypes": [{"type": "INTEGER (LONG)", "count": 1078, "max_value": 9008, "min_value": 113, "mean": 6346.82653061224, "stddev": 1469.0147546279713}]}, {"column_name": "Title", "number_non_empty_cells": 1078, "number_empty_cells": 128, "number_distinct_values": 135, "frequent_values": ["Police Officer", "Computer Specialist (Software)", "Correction Officer", "School Safety Agent", "Computer Associate (Software)"], "dataTypes": [{"type": "TEXT", "count": 1078, "shortest_values": [["Oiler", 5], ["EMS-EMT", 7], ["Machinist", 9], ["Conductor", 9], ["Conductor", 9]], "longest_values": [["Promotion to Child Protective Specialist Supervisor", 51], ["Promotion to Child Protective Specialist Supervisor", 51], ["Promotion to Child Protective Specialist Supervisor", 51], ["Promotion to Dispatcher (Rapid Transit Operations)", 50], ["Principal Transit Management Analyst (Operations)", 49]], "average_length": 21.68367346938775}]}, {"column_name": "Expiration", "number_non_empty_cells": 941, "number_empty_cells": 265, "number_distinct_values": 160, "frequent_values": ["05/16/2022", "10/25/2021", "12/13/2021", "09/20/2021", "03/16/2020"], "dataTypes": [{"type": "DATE/TIME", "count": 941, "max_value": "2023-03-07T00:00:00", "min_value": "2018-02-16T00:00:00"}]}, {"column_name": "Extension", "number_non_empty_cells": 0, "number_empty_cells": 1206, "number_distinct_values": 1, "frequent_values": [null], "dataTypes": []}, {"column_name": "Acronym", "number_non_empty_cells": 1206, "number_empty_cells": 0, "number_distinct_values": 19, "frequent_values": ["DCAS", "NYPD", "DOC", "NYCTA", "FDNY"], "dataTypes": [{"type": "TEXT", "count": 1206, "shortest_values": [["DOC", 3], ["DOC", 3], ["DOE", 3], ["DOC", 3], ["DOC", 3]], "longest_values": [["NYCCSC", 6], ["NYCBOE", 6], ["NYCBOE", 6], ["NYCCSC", 6], ["NYCCSC", 6]], "average_length": 3.9461028192371463}]}]}