{"dataset_name": "/user/hm74/NYCOpenData/9wgm-cdbe.tsv.gz", "columns": [{"column_name": "ProviderType", "number_non_empty_cells": 30, "number_empty_cells": 0, "number_distinct_values": 1, "frequent_values": ["ELDER ABUSE SERVICES CONTRACTS"], "dataTypes": [{"type": "TEXT", "count": 30, "shortest_values": [["ELDER ABUSE SERVICES CONTRACTS", 30], ["ELDER ABUSE SERVICES CONTRACTS", 30], ["ELDER ABUSE SERVICES CONTRACTS", 30], ["ELDER ABUSE SERVICES CONTRACTS", 30], ["ELDER ABUSE SERVICES CONTRACTS", 30]], "longest_values": [["ELDER ABUSE SERVICES CONTRACTS", 30], ["ELDER ABUSE SERVICES CONTRACTS", 30], ["ELDER ABUSE SERVICES CONTRACTS", 30], ["ELDER ABUSE SERVICES CONTRACTS", 30], ["ELDER ABUSE SERVICES CONTRACTS", 30]], "average_length": 30.0}]}, {"column_name": "DFTA ID", "number_non_empty_cells": 30, "number_empty_cells": 0, "number_distinct_values": 2, "frequent_values": [1e+101, 64701.0], "dataTypes": [{"type": "REAL", "count": 30, "max_value": 1e+101, "min_value": 64701.0, "mean": 5.000000000000001e+100, "stddev": 5e+100}]}, {"column_name": "ContractYear", "number_non_empty_cells": 30, "number_empty_cells": 0, "number_distinct_values": 1, "frequent_values": [2020], "dataTypes": [{"type": "INTEGER (LONG)", "count": 30, "max_value": 2020, "min_value": 2020, "mean": 2020.0, "stddev": 0.0}]}, {"column_name": "SponsorName", "number_non_empty_cells": 30, "number_empty_cells": 0, "number_distinct_values": 2, "frequent_values": ["THE NEIGHBORHOOD SELF-HELP BY OLDER PERSONS PROJECT INC", "WEILL MEDICAL COLLEGE OF CORNELL UNIVERSITY"], "dataTypes": [{"type": "TEXT", "count": 30, "shortest_values": [["WEILL MEDICAL COLLEGE OF CORNELL UNIVERSITY", 43], ["WEILL MEDICAL COLLEGE OF CORNELL UNIVERSITY", 43], ["WEILL MEDICAL COLLEGE OF CORNELL UNIVERSITY", 43], ["WEILL MEDICAL COLLEGE OF CORNELL UNIVERSITY", 43], ["WEILL MEDICAL COLLEGE OF CORNELL UNIVERSITY", 43]], "longest_values": [["THE NEIGHBORHOOD SELF-HELP BY OLDER PERSONS PROJECT INC", 55], ["THE NEIGHBORHOOD SELF-HELP BY OLDER PERSONS PROJECT INC", 55], ["THE NEIGHBORHOOD SELF-HELP BY OLDER PERSONS PROJECT INC", 55], ["THE NEIGHBORHOOD SELF-HELP BY OLDER PERSONS PROJECT INC", 55], ["THE NEIGHBORHOOD SELF-HELP BY OLDER PERSONS PROJECT INC", 55]], "average_length": 49.00000000000001}]}, {"column_name": "ProgramName", "number_non_empty_cells": 30, "number_empty_cells": 0, "number_distinct_values": 2, "frequent_values": ["Weill Cornell PROTECT", "SHOPP ELDER ABUSE BX 1-8"], "dataTypes": [{"type": "TEXT", "count": 30, "shortest_values": [["Weill Cornell PROTECT", 21], ["Weill Cornell PROTECT", 21], ["Weill Cornell PROTECT", 21], ["Weill Cornell PROTECT", 21], ["Weill Cornell PROTECT", 21]], "longest_values": [["SHOPP ELDER ABUSE BX 1-8", 24], ["SHOPP ELDER ABUSE BX 1-8", 24], ["SHOPP ELDER ABUSE BX 1-8", 24], ["SHOPP ELDER ABUSE BX 1-8", 24], ["SHOPP ELDER ABUSE BX 1-8", 24]], "average_length": 22.499999999999996}]}, {"column_name": "LineItem", "number_non_empty_cells": 30, "number_empty_cells": 0, "number_distinct_values": 15, "frequent_values": [81, 12, 6, 3, 5], "dataTypes": [{"type": "INTEGER (LONG)", "count": 30, "max_value": 83, "min_value": 3, "mean": 23.533333333333335, "stddev": 29.475111911954162}]}, {"column_name": "LineItemName", "number_non_empty_cells": 30, "number_empty_cells": 0, "number_distinct_values": 15, "frequent_values": ["Vehicles", "Rent", "Personnel", "Travel", "Program Insurance"], "dataTypes": [{"type": "TEXT", "count": 30, "shortest_values": [["Rent", 4], ["Rent", 4], ["Travel", 6], ["Travel", 6], ["Vehicles", 8]], "longest_values": [["Catered Food/Disposables", 24], ["Catered Food/Disposables", 24], ["Raw Food/Disposables", 20], ["Raw Food/Disposables", 20], ["Rent Usage Charges", 18]], "average_length": 13.466666666666665}]}, {"column_name": "ReportedMonth", "number_non_empty_cells": 30, "number_empty_cells": 0, "number_distinct_values": 1, "frequent_values": ["Jul 2019"], "dataTypes": [{"type": "DATE/TIME", "count": 30, "max_value": "2019-07-05T00:00:00", "min_value": "2019-07-05T00:00:00"}]}, {"column_name": "ReportedAmount", "number_non_empty_cells": 30, "number_empty_cells": 0, "number_distinct_values": 9, "frequent_values": [0.0, 280.0, 743.23, 14443.81, 694.93], "dataTypes": [{"type": "REAL", "count": 30, "max_value": 21841.78, "min_value": 0.0, "mean": 1378.1916666666666, "stddev": 4606.1484464435025}]}]}