{"dataset_name": "/user/hm74/NYCOpenData/9wwd-tgzc.tsv.gz", "columns": [{"column_name": "School", "number_non_empty_cells": 1599, "number_empty_cells": 0, "number_distinct_values": 1599, "frequent_values": ["02M042", "02M529", "08X093", "19K273", "14K319"], "dataTypes": [{"type": "DATE/TIME", "count": 34, "max_value": "2019-12-07T00:06:52", "min_value": "2019-12-07T00:01:15"}, {"type": "TEXT", "count": 1565, "shortest_values": [["DBN\"", 4], ["15K001", 6], ["17K002", 6], ["13K003", 6], ["75K004", 6]], "longest_values": [["15K001", 6], ["17K002", 6], ["13K003", 6], ["75K004", 6], ["16K005", 6]], "average_length": 5.998722044728429}]}]}