{"dataset_name": "/user/hm74/NYCOpenData/9yid-w4y8.tsv.gz", "columns": [{"column_name": "Construction_ID", "number_non_empty_cells": 5368, "number_empty_cells": 0, "number_distinct_values": 5368, "frequent_values": [2146776375, 2146776470, 2146776475, 2146775673, 2146772058], "dataTypes": [{"type": "INTEGER (LONG)", "count": 5368, "max_value": 2146776711, "min_value": -2141098138, "mean": 1817140062.3897169, "stddev": 907337357.7113589}]}, {"column_name": "Full_Capital", "number_non_empty_cells": 5368, "number_empty_cells": 0, "number_distinct_values": 2, "frequent_values": [0, 1], "dataTypes": [{"type": "INTEGER (LONG)", "count": 5368, "max_value": 1, "min_value": 0, "mean": 0.3261922503725776, "stddev": 0.4688185855631702}]}, {"column_name": "Requirements", "number_non_empty_cells": 5368, "number_empty_cells": 0, "number_distinct_values": 2, "frequent_values": [0, 1], "dataTypes": [{"type": "INTEGER (LONG)", "count": 5368, "max_value": 1, "min_value": 0, "mean": 0.09724292101341274, "stddev": 0.2962882639022207}]}, {"column_name": "In-House", "number_non_empty_cells": 5368, "number_empty_cells": 0, "number_distinct_values": 2, "frequent_values": [0, 1], "dataTypes": [{"type": "INTEGER (LONG)", "count": 5368, "max_value": 1, "min_value": 0, "mean": 0.009687034277198206, "stddev": 0.09794486022303862}]}, {"column_name": "Unknown_Parks", "number_non_empty_cells": 5368, "number_empty_cells": 0, "number_distinct_values": 2, "frequent_values": [0, 1], "dataTypes": [{"type": "INTEGER (LONG)", "count": 5368, "max_value": 1, "min_value": 0, "mean": 0.04005216095380031, "stddev": 0.19608157832068568}]}, {"column_name": "Non-Parks", "number_non_empty_cells": 5368, "number_empty_cells": 0, "number_distinct_values": 2, "frequent_values": [0, 1], "dataTypes": [{"type": "INTEGER (LONG)", "count": 5368, "max_value": 1, "min_value": 0, "mean": 0.12369597615499264, "stddev": 0.32923438708320907}]}, {"column_name": "Who_Non-Parks", "number_non_empty_cells": 212, "number_empty_cells": 5156, "number_distinct_values": 101, "frequent_values": ["DOT", "MTA", "DDC", "DEP", "unknown"], "dataTypes": [{"type": "TEXT", "count": 212, "shortest_values": [["?", 1], ["DOT", 3], ["DOE", 3], ["MTA", 3], ["DOT", 3]], "longest_values": [["Possibly related to renovation of Manhattan Bridge", 50], ["adj hospital construction encroaching on to park", 48], ["PE blocked off due to adj private construction", 46], ["New York City School Construction Authority", 43], ["New York School Construction Authority", 38]], "average_length": 9.089622641509436}]}, {"column_name": "Sign_Present", "number_non_empty_cells": 5368, "number_empty_cells": 0, "number_distinct_values": 2, "frequent_values": [1, 0], "dataTypes": [{"type": "INTEGER (LONG)", "count": 5368, "max_value": 1, "min_value": 0, "mean": 0.5940760059612501, "stddev": 0.49106995947866533}]}, {"column_name": "Area_Clean", "number_non_empty_cells": 5368, "number_empty_cells": 0, "number_distinct_values": 2, "frequent_values": [1, 0], "dataTypes": [{"type": "INTEGER (LONG)", "count": 5368, "max_value": 1, "min_value": 0, "mean": 0.5538375558867377, "stddev": 0.4970930673185284}]}, {"column_name": "Fenced_Off", "number_non_empty_cells": 5368, "number_empty_cells": 0, "number_distinct_values": 2, "frequent_values": [1, 0], "dataTypes": [{"type": "INTEGER (LONG)", "count": 5368, "max_value": 1, "min_value": 0, "mean": 0.8014157973174382, "stddev": 0.39893422656810756}]}, {"column_name": "Access", "number_non_empty_cells": 5368, "number_empty_cells": 0, "number_distinct_values": 2, "frequent_values": [1, 0], "dataTypes": [{"type": "INTEGER (LONG)", "count": 5368, "max_value": 1, "min_value": 0, "mean": 0.657228017883755, "stddev": 0.47463601885270595}]}, {"column_name": "Workers_Present", "number_non_empty_cells": 5368, "number_empty_cells": 0, "number_distinct_values": 2, "frequent_values": [0, 1], "dataTypes": [{"type": "INTEGER (LONG)", "count": 5368, "max_value": 1, "min_value": 0, "mean": 0.4442995529061102, "stddev": 0.4968877742443868}]}, {"column_name": "Comments", "number_non_empty_cells": 666, "number_empty_cells": 4702, "number_distinct_values": 619, "frequent_values": ["DOT", "Locked.", "Site locked.", "DOT construction.", "Site locked"], "dataTypes": [{"type": "TEXT", "count": 667, "shortest_values": [["SW", 2], ["AF", 2], ["DOT", 3], ["DOT", 3], ["DOE", 3]], "longest_values": [["Site under Capital contract no.MG 200M-W.A Gross Construction Assoc.,Inc. 116 S. 2nd St. NY, NY 11040 (516-437-0909) work to be completed by 10/3/01.", 149], ["Area was fenced off from W. 145th St.to W. 150th St. Edgecombe Ave. and W. 145th St. to W. 147th St. Bradhurst Ave.Area was also fenced off at W. 15", 148], ["Section of playground housing old adventure and swing units temperorarily closed.  Areas rated included B-ball court, handball court and ballfield.", 147], ["Construction has only closed the sidewalk on the W & N side of the square.  Also, the trees have been secured along sidewalk parallel to Broadway.", 146], ["Soccer field closed for environmental remediation and not rated; contains only goal posts in zone which were rated from the fence.", 130]], "average_length": 36.57571214392802}]}, {"column_name": "Inspection_ID", "number_non_empty_cells": 5368, "number_empty_cells": 0, "number_distinct_values": 5365, "frequent_values": [42, 42033, 35267, 99861, 107536], "dataTypes": [{"type": "INTEGER (LONG)", "count": 5368, "max_value": 123483, "min_value": 39, "mean": 68766.13096125201, "stddev": 37895.66635359762}]}]}