{"dataset_name": "/user/hm74/NYCOpenData/9z9b-6hvk.tsv.gz", "columns": [{"column_name": "Type_of_Business", "number_non_empty_cells": 275, "number_empty_cells": 0, "number_distinct_values": 142, "frequent_values": ["Advertising", "Production Company", "Magazine / Newspaper / Publishing", "Other", "PR / Communications / Marketing"], "dataTypes": [{"type": "TEXT", "count": 275, "shortest_values": [["Other", 5], ["Other", 5], ["Other", 5], ["Other", 5], ["Other", 5]], "longest_values": [["Food be imported from Latin America to the US or exported to Latin America from US plays an immense role in the economies of  Latin countries From M\u00c3\u00a9xico to Colombia and  Argentina and other countries in between food exports to the United States and other parts of the world are often vital to economic well being of those nations And in turn for thousands of businesses in the US who depend on the timely and steady availability of those products to stay in business.\"", 470], ["Trade with Latin America in this globalized world which is a very important component in this business equation is fully covered in the pages of Business Latino.", 161], ["(40.789265783498, -73.972795694122)\"", 36], ["(40.739731126124, -73.982490385597)\"", 36], ["(40.752621047366, -73.978892600674)\"", 36]], "average_length": 25.97818181818182}]}, {"column_name": "Business_Type_Other", "number_non_empty_cells": 97, "number_empty_cells": 178, "number_distinct_values": 92, "frequent_values": ["40.756856", "40.758754", "40.72754", "40.727672", "40.734533"], "dataTypes": [{"type": "REAL", "count": 88, "max_value": 40.830702, "min_value": 40.626266, "mean": 40.74560314772729, "stddev": 0.03304727227140584}, {"type": "TEXT", "count": 9, "shortest_values": [["Magazine", 8], ["Newspaper", 9], ["Marketing & Media ", 18], ["Consulting & Marketing", 22], ["Media Company/Publishing", 24]], "longest_values": [["Rockefeller Center 1230 Avenue of the Americas, Ste 7T", 54], ["P.R. Event Productions, Jingles, Publicity campaigns", 52], ["Events, Magazine, Internet", 26], ["Hispanic Public Relations", 25], ["Media Company/Publishing", 24]], "average_length": 26.444444444444443}]}, {"column_name": "Company_Name", "number_non_empty_cells": 179, "number_empty_cells": 96, "number_distinct_values": 174, "frequent_values": ["-73.975682", "-73.985992", "-73.99137", "-74.007295", "-73.978692"], "dataTypes": [{"type": "REAL", "count": 88, "max_value": -73.838639, "min_value": -74.110664, "mean": -73.97907875000001, "stddev": 0.03606588779715099}, {"type": "TEXT", "count": 91, "shortest_values": [["OLE", 3], ["BOND", 4], ["NBC4", 4], ["MIRA!", 5], ["Conill", 6]], "longest_values": [["Vivelo!, A Clear Channel Entertainment Televisa Company", 55], ["Silent Warrior Productions/The New Family Theater, LLC", 54], ["National Association of Latino Independent Producers", 52], ["BMI - Broadcast Music, Inc. (Latin Music Dept.)", 47], ["Casita Maria Center for Arts and Education", 42]], "average_length": 19.593406593406588}]}, {"column_name": "Company_Description", "number_non_empty_cells": 179, "number_empty_cells": 96, "number_distinct_values": 104, "frequent_values": ["5", "2", "6", "1", "7"], "dataTypes": [{"type": "INTEGER (LONG)", "count": 88, "max_value": 11, "min_value": 1, "mean": 4.6477272727272725, "stddev": 2.3550707995884923}, {"type": "TEXT", "count": 92, "shortest_values": [["New York", 8], ["Mission statement: INSPIRE CHANGE.", 34], ["Newyoricanfilms develops and films its own independent projects.", 64], ["24 Hora's is one of America's leading Spanish-language daily newspapers", 71], ["Creative Marketing and Promotion Concepts for the Hispanic market for over 15 years", 83]], "longest_values": [["Coaching Shoots And Techniques is a program created for Models and Actors within a workshop environment. It was developed in order to create new ways of showing individuals within the entertainment industry the steps needed to enter this industry, the people to contact, the safety aspects behind - Personal Safety For Models and Actors, and the digital photography & digital video modeling and acting workshop. Coaching Shoots And Techniques were developed by Mike Racioppo retired NYC Employee, Cable TV program producer for the Fire Departments FDTV cable show, and safety video programs for the Board of Education, Bronx Crosswalks cable programming. Mike is also a Latino - American FilmMaker, currently judging Films for NY Festivals, and has in the past worked with Tribeca Film Festivals and the IFP Market. Mike has associated himself with the National Association of Latino Independent Producers, DiversitInc, Mas Ruido, latin style magazine, and Hispanic film, to name a few. Mike has been certified by the New Jersey Institute of Technology as a Webmaster, Graphic Artist, and Multimedia certifications.", 1115], ["ESPN Deportes is ESPN new 24-hour, Spanish-language sports network serving the U.S. Hispanic sports fans. ESPN Deportes telecasts a wide variety of domestic and international sports programming, including Major League Baseball, the NBA, the NFL, UEFA Champions League, Wimbledon, the French Open, IRL Indy Car Series, and more. ESPN Deportes also showcases a selection of Spanish-language sports and information shows, including a its own production of SportsCenter. Since launching on January 7, ESPN Deportes has secured distribution agreements with six of the ten largest cable operators in the U.S., including Adelphia, Cablevision, Charter, Cox, Insight, Cable One, and with the National Cable Television Cooperative (NCTC).  ESPN Deportes affiliates serve many of the largest U.S. Hispanic markets including Los Angeles, New York, Miami-Ft. Lauderdale, Houston, Dallas-Ft. Worth, San Antonio, Phoenix, Denver, and San Diego.", 930], ["CATV PRO is a multi-media, 501 c3 organization and producers of REBEL MEDIA. The programming concept of A.C.E.S. describes the various areas through which advocates and acivists address issues of social change and evolution. They include, but are not limited to, art, culture, entrepreneurs, education, and services. Our productions incorporate and feature alternative news and information from reliable independent news and information media sources around the world. Our links and networks focus on presenting perspective excluded from the traditional and mainstream sources on both P.E.G. Access TV and the Internet. Our programs reach every basic cable subcriber in a given market as well as being web streamed worldwide. CATV PRO also provides media production services to businesses and organzations  producing commercials, PSAs, industrial videos, and archival footage for marketing and public education purposes. ", 921], ["\"BMI is an American performing rights organization that represents approximately 300,000 songwriters, composers and music publishers in all genres of music. The non-profit-making company, founded in 1939, collects license fees on behalf of those American creators it represents, as well as thousands of creators from around the world who chose BMI for representation in the United States. The license fees BMI collects for the \"\"public performances\"\" of its repertoire of approximately 4.5 million compositions - including radio airplay, broadcast and cable television carriage, Internet and live and recorded performances by all other users of music - are then distributed as royalties to the writers, composers and copyright holders it represents.\"", 750], ["Univision Communications Inc. is the leading Spanish-language media company in the United States.  Their powerhouse portfolio includes Television, Radio, Music and Internet offerings that entertain and inform more Hispanics each day than any other media company in the country.  Their television operations include the Univision Network, TeleFutura Network, Galavisi\u00c3\u00b3n and Univision and TeleFutura Television Groups. Univision also owns and operates Univision Radio, Univision Music Group and Univision Online. Univision holds a 50% interest in TuTv, a joint venture formed to broadcast Televisa's pay television channels in the U.S.", 634]], "average_length": 293.9565217391305}]}, {"column_name": "Street_Address", "number_non_empty_cells": 179, "number_empty_cells": 96, "number_distinct_values": 106, "frequent_values": ["3", "4", "2", "1", "7"], "dataTypes": [{"type": "INTEGER (LONG)", "count": 89, "max_value": 10020, "min_value": 1, "mean": 119.70786516853934, "stddev": 1055.4252266452902}, {"type": "TEXT", "count": 90, "shortest_values": [["220 5th Ave", 11], ["32 Broadway", 11], ["665 Broadway", 12], ["670 Broadway", 12], ["195 Broadway", 12]], "longest_values": [["1271 Ave. of the Americas", 25], ["37-06   82 Street, Ste 3F", 25], ["244-250 West 49th Street", 24], ["875 Ave. of the Americas", 24], ["41-17 Greenpoint Avenue", 23]], "average_length": 16.700000000000003}]}, {"column_name": "Apt__Number", "number_non_empty_cells": 158, "number_empty_cells": 117, "number_distinct_values": 109, "frequent_values": ["58", "12th Floor", "6th Floor", "5th Floor", "54"], "dataTypes": [{"type": "INTEGER (LONG)", "count": 88, "max_value": 18502, "min_value": 9, "mean": 821.9318181818185, "stddev": 2965.145714629822}, {"type": "DATE/TIME", "count": 1, "max_value": "2019-12-07T06:00:00", "min_value": "2019-12-07T06:00:00"}, {"type": "TEXT", "count": 69, "shortest_values": [["#2", 2], ["14C", 3], ["615E", 4], ["#301", 4], ["#930", 4]], "longest_values": [["917-639-4226", 12], ["35th Floor", 10], ["12th Floor", 10], ["12th Floor", 10], ["25th Floor", 10]], "average_length": 8.289855072463771}]}, {"column_name": "Borough", "number_non_empty_cells": 178, "number_empty_cells": 97, "number_distinct_values": 90, "frequent_values": ["Manhattan", "New York", "Queens", "Brooklyn", "Bronx"], "dataTypes": [{"type": "INTEGER (LONG)", "count": 87, "max_value": 5013746, "min_value": 1001227, "mean": 1402687.8735632184, "stddev": 986370.4719220226}, {"type": "TEXT", "count": 91, "shortest_values": [["Bronx", 5], ["Bronx", 5], ["Bronx", 5], ["Queens", 6], ["Queens", 6]], "longest_values": [["Rosemary Carillo", 16], ["Jackson Heights", 15], ["Staten Island", 13], ["Staten Island", 13], ["Manhattan", 9]], "average_length": 8.87912087912088}]}, {"column_name": "Postcode", "number_non_empty_cells": 178, "number_empty_cells": 97, "number_distinct_values": 123, "frequent_values": ["10003", "10010", "10018", "10036", "10014"], "dataTypes": [{"type": "INTEGER (LONG)", "count": 177, "max_value": 5005240032, "min_value": 10001, "mean": 672417504.8135595, "stddev": 961151851.5113692}, {"type": "TEXT", "count": 1, "shortest_values": [["Publisher", 9]], "longest_values": [["Publisher", 9]], "average_length": 9.0}]}, {"column_name": "Business_Phone", "number_non_empty_cells": 178, "number_empty_cells": 97, "number_distinct_values": 120, "frequent_values": ["Midtown-Midtown South                                                      ", "Hudson Yards-Chelsea-Flatiron-Union Square                                 ", "West Village                                                               ", "Turtle Bay-East Midtown                                                    ", "SoHo-TriBeCa-Civic Center-Little Italy                                     "], "dataTypes": [{"type": "TEXT", "count": 178, "shortest_values": [["212-362-6710", 12], ["212-213-9890", 12], ["718-486-8928", 12], ["646-432-3300", 12], ["212-255-0595", 12]], "longest_values": [["Upper West Side                                                            ", 75], ["Murray Hill-Kips Bay                                                       ", 75], ["Murray Hill-Kips Bay                                                       ", 75], ["North Side-South Side                                                      ", 75], ["Midtown-Midtown South                                                      ", 75]], "average_length": 43.42696629213483}]}, {"column_name": "Contact_Name", "number_non_empty_cells": 89, "number_empty_cells": 186, "number_distinct_values": 88, "frequent_values": ["Eddie Gonzalez", "Ramon Ponce", "Nicolas Entel", "Anne Johnson", "Felix Perez"], "dataTypes": [{"type": "TEXT", "count": 89, "shortest_values": [["N/A", 3], ["Franklin", 8], ["Kathi Love", 10], ["Joseph Uva", 10], ["Alex Frias", 10]], "longest_values": [["Rosalind Rodriguez / Steve Paret", 32], ["Armando Tonatiuh Hernandez", 26], ["Carlos V\u00c3\u0083\u00c2\u00a1zquez-Firpi", 23], ["Daisy Exposito-Ulla", 19], ["Linda Nieves-Powell", 19]], "average_length": 14.056179775280894}]}, {"column_name": "Contact_Title", "number_non_empty_cells": 90, "number_empty_cells": 185, "number_distinct_values": 56, "frequent_values": ["President", "CEO", "President/CEO", "Director", "Executive Director"], "dataTypes": [{"type": "TEXT", "count": 90, "shortest_values": [["CEO", 3], ["CEO", 3], ["N/A", 3], ["CEO", 3], ["CEO", 3]], "longest_values": [["Founder/Artistic Director/Choreographer", 39], ["Marketing & Creative Services Director", 38], ["President/Executive Artistic Director", 37], ["EVP, Director of Client Services", 32], ["Associate Director, Latin Music", 31]], "average_length": 14.866666666666669}]}, {"column_name": "Contact_Phone", "number_non_empty_cells": 89, "number_empty_cells": 186, "number_distinct_values": 89, "frequent_values": ["917-673-7101", "212-921-2100", "212-967-8267", "646-265-5241", "201-606-5479"], "dataTypes": [{"type": "TEXT", "count": 89, "shortest_values": [["212-362-6710", 12], ["917-496-4813", 12], ["718-486-8928", 12], ["646-432-3301", 12], ["212-410-3544", 12]], "longest_values": [["(212) 522-1212", 14], ["(646) 839-4403", 14], ["(718) 720-7979", 14], ["(212) 455-5200", 14], ["(646) 546-0206", 14]], "average_length": 12.528089887640451}]}, {"column_name": "Contact_Fax", "number_non_empty_cells": 80, "number_empty_cells": 195, "number_distinct_values": 80, "frequent_values": ["212-255-9232", "212-245-8986", "212-456-0236", "646-492-5988", "(212)983-0524"], "dataTypes": [{"type": "TEXT", "count": 80, "shortest_values": [["646-492-5988", 12], ["212-213-9890", 12], ["718-486-8928", 12], ["646-432-3303", 12], ["212-410-3545", 12]], "longest_values": [["(212) 330-8083", 14], ["(718) 720-7979", 14], ["(212)972-0702", 13], ["(212)467-4845", 13], ["(917)770-0860", 13]], "average_length": 12.487499999999997}]}, {"column_name": "Location_1", "number_non_empty_cells": 90, "number_empty_cells": 185, "number_distinct_values": 86, "frequent_values": ["201 16th Street", "20 Cooper Square", "30 Rockefeller Plaza", "1500 Broadway", "605 Third Ave"], "dataTypes": [{"type": "TEXT", "count": 90, "shortest_values": [["875 Ave", 7], ["418 CPW", 7], ["1271 Ave", 8], ["918 Bronx", 9], ["50 42nd St", 10]], "longest_values": [["37 06 82 Street Jackson Heights", 31], ["233 Pelton Avenue Staten Island", 31], ["648 Bay Street Staten Island", 28], ["244 250 West 49th Street", 24], ["41 17 Greenpoint Avenue", 23]], "average_length": 14.966666666666667}]}, {"column_name": "Latitude", "number_non_empty_cells": 0, "number_empty_cells": 275, "number_distinct_values": 1, "frequent_values": [null], "dataTypes": []}, {"column_name": "Longitude", "number_non_empty_cells": 0, "number_empty_cells": 275, "number_distinct_values": 1, "frequent_values": [null], "dataTypes": []}, {"column_name": "Community_Board", "number_non_empty_cells": 0, "number_empty_cells": 275, "number_distinct_values": 1, "frequent_values": [null], "dataTypes": []}, {"column_name": "Council_District_", "number_non_empty_cells": 0, "number_empty_cells": 275, "number_distinct_values": 1, "frequent_values": [null], "dataTypes": []}, {"column_name": "Census_Tract", "number_non_empty_cells": 0, "number_empty_cells": 275, "number_distinct_values": 1, "frequent_values": [null], "dataTypes": []}, {"column_name": "BIN", "number_non_empty_cells": 0, "number_empty_cells": 275, "number_distinct_values": 1, "frequent_values": [null], "dataTypes": []}, {"column_name": "BBL", "number_non_empty_cells": 0, "number_empty_cells": 275, "number_distinct_values": 1, "frequent_values": [null], "dataTypes": []}, {"column_name": "NTA", "number_non_empty_cells": 0, "number_empty_cells": 275, "number_distinct_values": 1, "frequent_values": [null], "dataTypes": []}]}