{"dataset_name": "/user/hm74/NYCOpenData/a2nf-cvfm.tsv.gz", "columns": [{"column_name": "Borough", "number_non_empty_cells": 210, "number_empty_cells": 0, "number_distinct_values": 5, "frequent_values": ["QUEENS", "BROOKLYN", "BRONX", "MANHATTAN", "STATEN ISLAND"], "dataTypes": [{"type": "TEXT", "count": 210, "shortest_values": [["BRONX", 5], ["BRONX", 5], ["BRONX", 5], ["BRONX", 5], ["BRONX", 5]], "longest_values": [["STATEN ISLAND", 13], ["STATEN ISLAND", 13], ["STATEN ISLAND", 13], ["STATEN ISLAND", 13], ["STATEN ISLAND", 13]], "average_length": 8.2}]}, {"column_name": "Grade", "number_non_empty_cells": 210, "number_empty_cells": 0, "number_distinct_values": 7, "frequent_values": ["7", "3", "8", "5", "6"], "dataTypes": [{"type": "INTEGER (LONG)", "count": 180, "max_value": 8, "min_value": 3, "mean": 5.499999999999998, "stddev": 1.7078251276599334}, {"type": "TEXT", "count": 30, "shortest_values": [["All Grades", 10], ["All Grades", 10], ["All Grades", 10], ["All Grades", 10], ["All Grades", 10]], "longest_values": [["All Grades", 10], ["All Grades", 10], ["All Grades", 10], ["All Grades", 10], ["All Grades", 10]], "average_length": 10.0}]}, {"column_name": "Year", "number_non_empty_cells": 210, "number_empty_cells": 0, "number_distinct_values": 6, "frequent_values": [2007, 2006, 2009, 2010, 2011], "dataTypes": [{"type": "INTEGER (LONG)", "count": 210, "max_value": 2011, "min_value": 2006, "mean": 2008.5, "stddev": 1.7078251276599277}]}, {"column_name": "Category", "number_non_empty_cells": 210, "number_empty_cells": 0, "number_distinct_values": 1, "frequent_values": ["All Students"], "dataTypes": [{"type": "TEXT", "count": 210, "shortest_values": [["All Students", 12], ["All Students", 12], ["All Students", 12], ["All Students", 12], ["All Students", 12]], "longest_values": [["All Students", 12], ["All Students", 12], ["All Students", 12], ["All Students", 12], ["All Students", 12]], "average_length": 12.0}]}, {"column_name": "Number_Tested", "number_non_empty_cells": 210, "number_empty_cells": 0, "number_distinct_values": 206, "frequent_values": [4260, 25881, 4305, 4300, 19878], "dataTypes": [{"type": "INTEGER (LONG)", "count": 210, "max_value": 139780, "min_value": 4133, "mean": 24529.323809523812, "stddev": 29878.483119843386}]}, {"column_name": "Mean_Scale_Score", "number_non_empty_cells": 210, "number_empty_cells": 0, "number_distinct_values": 54, "frequent_values": [684, 674, 679, 681, 675], "dataTypes": [{"type": "INTEGER (LONG)", "count": 210, "max_value": 696, "min_value": 627, "mean": 672.7714285714288, "stddev": 14.287361809760096}]}, {"column_name": "Level_1_#", "number_non_empty_cells": 210, "number_empty_cells": 0, "number_distinct_values": 205, "frequent_values": [327, 1031, 512, 593, 1837], "dataTypes": [{"type": "INTEGER (LONG)", "count": 210, "max_value": 21859, "min_value": 54, "mean": 2286.1333333333337, "stddev": 3352.3873499533115}]}, {"column_name": "Level_1_%", "number_non_empty_cells": 210, "number_empty_cells": 0, "number_distinct_values": 123, "frequent_values": [10.4, 6.4, 10.1, 7.7, 5.4], "dataTypes": [{"type": "REAL", "count": 210, "max_value": 33.1, "min_value": 0.9, "mean": 8.975238095238096, "stddev": 5.434366497488456}]}, {"column_name": "Level_2_#", "number_non_empty_cells": 210, "number_empty_cells": 0, "number_distinct_values": 209, "frequent_values": [1566, 3042, 1395, 8779, 458], "dataTypes": [{"type": "INTEGER (LONG)", "count": 210, "max_value": 47267, "min_value": 258, "mean": 6312.552380952381, "stddev": 8359.229630125074}]}, {"column_name": "Level_2_%", "number_non_empty_cells": 210, "number_empty_cells": 0, "number_distinct_values": 158, "frequent_values": [30.0, 14.3, 25.2, 34.6, 14.9], "dataTypes": [{"type": "REAL", "count": 210, "max_value": 48.8, "min_value": 5.3, "mean": 25.235714285714273, "stddev": 10.121886268510083}]}, {"column_name": "Level_3_#", "number_non_empty_cells": 210, "number_empty_cells": 0, "number_distinct_values": 209, "frequent_values": [4410, 8612, 10081, 1483, 2572], "dataTypes": [{"type": "INTEGER (LONG)", "count": 210, "max_value": 73773, "min_value": 1376, "mean": 10843.914285714287, "stddev": 13623.947412108257}]}, {"column_name": "Level_3_%", "number_non_empty_cells": 210, "number_empty_cells": 0, "number_distinct_values": 166, "frequent_values": [36.4, 35.9, 49.0, 50.3, 49.7], "dataTypes": [{"type": "REAL", "count": 210, "max_value": 71.4, "min_value": 23.1, "mean": 44.49619047619048, "stddev": 9.928457644660323}]}, {"column_name": "Level_4_#", "number_non_empty_cells": 210, "number_empty_cells": 0, "number_distinct_values": 208, "frequent_values": [1127, 374, 879, 471, 1483], "dataTypes": [{"type": "INTEGER (LONG)", "count": 210, "max_value": 39142, "min_value": 364, "mean": 5086.723809523808, "stddev": 6801.371049449535}]}, {"column_name": "Level_4_%", "number_non_empty_cells": 210, "number_empty_cells": 0, "number_distinct_values": 152, "frequent_values": [21.5, 29.6, 26.5, 21.4, 25.2], "dataTypes": [{"type": "REAL", "count": 210, "max_value": 42.3, "min_value": 2.2, "mean": 21.290952380952376, "stddev": 8.571778947865244}]}, {"column_name": "Level_3+4_#", "number_non_empty_cells": 210, "number_empty_cells": 0, "number_distinct_values": 207, "frequent_values": [3255, 6676, 17344, 70089, 29811], "dataTypes": [{"type": "INTEGER (LONG)", "count": 210, "max_value": 106961, "min_value": 2169, "mean": 15930.638095238097, "stddev": 20029.423277303966}]}, {"column_name": "Level_3+4_%", "number_non_empty_cells": 210, "number_empty_cells": 0, "number_distinct_values": 166, "frequent_values": [69.2, 81.4, 82.5, 61.8, 71.6], "dataTypes": [{"type": "REAL", "count": 210, "max_value": 93.8, "min_value": 25.4, "mean": 65.78333333333335, "stddev": 14.679345980414057}]}]}