{"dataset_name": "/user/hm74/NYCOpenData/a2pm-dj2w.tsv.gz", "columns": [{"column_name": "Borough", "number_non_empty_cells": 5, "number_empty_cells": 334, "number_distinct_values": 6, "frequent_values": ["Manhattan", "Queens", "Brooklyn", "Staten Island", "Bronx"], "dataTypes": [{"type": "TEXT", "count": 5, "shortest_values": [["Bronx", 5], ["Queens", 6], ["Brooklyn", 8], ["Manhattan", 9], ["Staten Island", 13]], "longest_values": [["Staten Island", 13], ["Manhattan", 9], ["Brooklyn", 8], ["Queens", 6], ["Bronx", 5]], "average_length": 8.2}]}, {"column_name": "Number of public housing residents who passed the Test Assessing Secondary Completion (TASC)", "number_non_empty_cells": 5, "number_empty_cells": 334, "number_distinct_values": 6, "frequent_values": ["< 5", "16", "34", "23", "39"], "dataTypes": [{"type": "INTEGER (LONG)", "count": 4, "max_value": 39, "min_value": 16, "mean": 28.0, "stddev": 9.027735042633894}, {"type": "TEXT", "count": 1, "shortest_values": [["< 5", 3]], "longest_values": [["< 5", 3]], "average_length": 3.0}]}, {"column_name": "Development", "number_non_empty_cells": 339, "number_empty_cells": 0, "number_distinct_values": 339, "frequent_values": ["Bailey Avenue-West 193rd Street", "Riis II", "Betances III, 13", "Betances VI", "South Jamaica I"], "dataTypes": [{"type": "TEXT", "count": 339, "shortest_values": [["Pink", 4], ["Riis", 4], ["Taft", 4], ["Wald", 4], ["Adams", 5]], "longest_values": [["Sterling Place Rehabs (Saint Johns-Sterling)", 44], ["Sterling Place Rehabs (Sterling-Buffalo)", 40], ["West Tremont Avenue-Sedgwick Avenue Area", 40], ["Beach 41St Street-Beach Channel Drive", 37], ["Fort Independence Street-Heath Avenue", 37]], "average_length": 17.156342182890846}]}, {"column_name": "Number of public housing residents who passed the Test Assessing Secondary Completion (TASC) 1", "number_non_empty_cells": 339, "number_empty_cells": 0, "number_distinct_values": 2, "frequent_values": ["< 5", "6"], "dataTypes": [{"type": "INTEGER (LONG)", "count": 1, "max_value": 6, "min_value": 6, "mean": 6.0, "stddev": 0.0}, {"type": "TEXT", "count": 338, "shortest_values": [["< 5", 3], ["< 5", 3], ["< 5", 3], ["< 5", 3], ["< 5", 3]], "longest_values": [["< 5", 3], ["< 5", 3], ["< 5", 3], ["< 5", 3], ["< 5", 3]], "average_length": 3.0}]}, {"column_name": "Council District", "number_non_empty_cells": 51, "number_empty_cells": 288, "number_distinct_values": 52, "frequent_values": [31, 34, 28, 26, 27], "dataTypes": [{"type": "INTEGER (LONG)", "count": 51, "max_value": 51, "min_value": 1, "mean": 26.0, "stddev": 14.719601443879744}]}, {"column_name": "Number of public housing residents who passed the Test Assessing Secondary Completion (TASC) 2", "number_non_empty_cells": 51, "number_empty_cells": 288, "number_distinct_values": 8, "frequent_values": ["< 5", "6", "8", "7", "5"], "dataTypes": [{"type": "INTEGER (LONG)", "count": 11, "max_value": 14, "min_value": 5, "mean": 7.636363636363637, "stddev": 2.42234774444986}, {"type": "TEXT", "count": 40, "shortest_values": [["< 5", 3], ["< 5", 3], ["< 5", 3], ["< 5", 3], ["< 5", 3]], "longest_values": [["< 5", 3], ["< 5", 3], ["< 5", 3], ["< 5", 3], ["< 5", 3]], "average_length": 3.0}]}]}