{"dataset_name": "/user/hm74/NYCOpenData/a35y-93e7.tsv.gz", "columns": [{"column_name": "Report_Year", "number_non_empty_cells": 138, "number_empty_cells": 0, "number_distinct_values": 2, "frequent_values": [2018, 2017], "dataTypes": [{"type": "INTEGER (LONG)", "count": 138, "max_value": 2018, "min_value": 2017, "mean": 2017.5362318840575, "stddev": 0.49868552272709216}]}, {"column_name": "Comm_Dist_ Boro", "number_non_empty_cells": 138, "number_empty_cells": 0, "number_distinct_values": 5, "frequent_values": ["Brooklyn", "Queens", "Bronx", "Manhattan", "Staten Island"], "dataTypes": [{"type": "TEXT", "count": 138, "shortest_values": [["Bronx", 5], ["Bronx", 5], ["Bronx", 5], ["Bronx", 5], ["Bronx", 5]], "longest_values": [["Staten Island", 13], ["Staten Island", 13], ["Staten Island", 13], ["Staten Island", 13], ["Staten Island", 13]], "average_length": 7.47101449275362}]}, {"column_name": "Comm_District", "number_non_empty_cells": 138, "number_empty_cells": 0, "number_distinct_values": 25, "frequent_values": ["3", "1", "2", "7", "11"], "dataTypes": [{"type": "INTEGER (LONG)", "count": 118, "max_value": 18, "min_value": 1, "mean": 7.423728813559322, "stddev": 4.484260193809002}, {"type": "TEXT", "count": 20, "shortest_values": [["BXJIA", 5], ["BKJIA", 5], ["MNJIA", 5], ["QNJIA", 5], ["SIJIA", 5]], "longest_values": [["Unknown", 7], ["Unknown", 7], ["Unknown", 7], ["Unknown", 7], ["Unknown", 7]], "average_length": 5.5}]}, {"column_name": "FAM_DIR", "number_non_empty_cells": 138, "number_empty_cells": 0, "number_distinct_values": 134, "frequent_values": [3, 121, 914, 2, 251], "dataTypes": [{"type": "INTEGER (LONG)", "count": 138, "max_value": 25788, "min_value": 0, "mean": 1803.4637681159415, "stddev": 3362.8354369822327}]}, {"column_name": "FAM_Fel_Assault ", "number_non_empty_cells": 138, "number_empty_cells": 0, "number_distinct_values": 82, "frequent_values": [0, 58, 55, 37, 15], "dataTypes": [{"type": "INTEGER (LONG)", "count": 138, "max_value": 1031, "min_value": 0, "mean": 66.536231884058, "stddev": 133.05431817795807}]}, {"column_name": "DV_Fel_Assault ", "number_non_empty_cells": 138, "number_empty_cells": 0, "number_distinct_values": 105, "frequent_values": [0, 244, 66, 1, 76], "dataTypes": [{"type": "INTEGER (LONG)", "count": 138, "max_value": 2588, "min_value": 0, "mean": 177.36231884057975, "stddev": 345.95829819123657}]}, {"column_name": "FAM_Rape ", "number_non_empty_cells": 138, "number_empty_cells": 0, "number_distinct_values": 19, "frequent_values": [0, 2, 1, 3, 4], "dataTypes": [{"type": "INTEGER (LONG)", "count": 138, "max_value": 97, "min_value": 0, "mean": 5.376811594202901, "stddev": 11.619700224718766}]}, {"column_name": "DV_Rape ", "number_non_empty_cells": 138, "number_empty_cells": 0, "number_distinct_values": 32, "frequent_values": [0, 2, 7, 10, 9], "dataTypes": [{"type": "INTEGER (LONG)", "count": 138, "max_value": 212, "min_value": 0, "mean": 13.485507246376818, "stddev": 27.30430647862958}]}]}