{"dataset_name": "/user/hm74/NYCOpenData/a3nt-yts4.tsv.gz", "columns": [{"column_name": "the_geom", "number_non_empty_cells": 1992, "number_empty_cells": 0, "number_distinct_values": 1336, "frequent_values": ["POINT (-73.98610528974463 40.695444662271335)", "POINT (-73.88862599113038 40.85946655056229)", "POINT (-73.8316693059467 40.87403500170278)", "POINT (-73.85593070513221 40.82121847122283)", "POINT (-74.01290854217079 40.705424747008834)"], "dataTypes": [{"type": "TEXT", "count": 1992, "shortest_values": [["POINT (-142.79870371802988 -90)", 31], ["POINT (-73.92252749339443 40.82301436419)", 41], ["POINT (-74.08707286306137 40.61062072455)", 41], ["POINT (-73.8310905036318 40.580907676681)", 41], ["POINT (-73.92252749339443 40.82301436419)", 41]], "longest_values": [["POINT (-74.19343130285691 40.528152084906814)", 45], ["POINT (-73.91994936765849 40.818645755585536)", 45], ["POINT (-73.90666218819634 40.655644079602936)", 45], ["POINT (-73.89108663457915 40.842564256904176)", 45], ["POINT (-73.91175118719372 40.696457424118094)", 45]], "average_length": 44.0773092369478}]}, {"column_name": "ATS_Code", "number_non_empty_cells": 1992, "number_empty_cells": 0, "number_distinct_values": 1931, "frequent_values": ["11X121", "79M984", "30Q070", "22K109", "13K915"], "dataTypes": [{"type": "DATE/TIME", "count": 34, "max_value": "2019-12-08T00:06:52", "min_value": "2019-12-08T00:01:15"}, {"type": "TEXT", "count": 1958, "shortest_values": [["75Q233", 6], ["02M212", 6], ["29Q034", 6], ["17K091", 6], ["31R455", 6]], "longest_values": [["75Q233", 6], ["02M212", 6], ["29Q034", 6], ["17K091", 6], ["31R455", 6]], "average_length": 6.0}]}, {"column_name": "Loc_Code", "number_non_empty_cells": 1992, "number_empty_cells": 0, "number_distinct_values": 1931, "frequent_values": ["M362", "K138", "M560", "M544", "M984"], "dataTypes": [{"type": "DATE/TIME", "count": 35, "max_value": "2019-12-08T00:00:59", "min_value": "2019-12-08T00:00:01"}, {"type": "TEXT", "count": 1957, "shortest_values": [["Q233", 4], ["M212", 4], ["Q034", 4], ["K091", 4], ["R455", 4]], "longest_values": [["Q233", 4], ["M212", 4], ["Q034", 4], ["K091", 4], ["R455", 4]], "average_length": 4.0}]}, {"column_name": "Loc_Name", "number_non_empty_cells": 1991, "number_empty_cells": 1, "number_distinct_values": 1927, "frequent_values": ["Rachel Carson High School for Coastal Studies", "P.S. 125 Ralph Bunche", "P.S. 182", "Coney Island Preparatory Public Charter School", "KIPP STAR College Prep Charter School"], "dataTypes": [{"type": "TEXT", "count": 1992, "shortest_values": [["LYFE", 4], ["LYFE", 4], ["Kappa", 5], ["ALC -", 5], ["P.S. 89", 7]], "longest_values": [["NYC Charter High School for Architecture, Engineering and Construction Industries (AECI)", 88], ["English Language Learners and International Support Preparatory Academy (ELLIS)", 79], ["Science Skills Center High School for Science, Technology and the Creative Arts", 79], ["Academy for College Preparation and Career Exploration: A College Board School", 78], ["PS 80 \u00a0The Thurgood Marshall Magnet School of Multimedia and Communication", 74]], "average_length": 29.501506024096415}]}, {"column_name": "Managed_by", "number_non_empty_cells": 1992, "number_empty_cells": 0, "number_distinct_values": 2, "frequent_values": [1, 2], "dataTypes": [{"type": "INTEGER (LONG)", "count": 1992, "max_value": 2, "min_value": 1, "mean": 1.1320281124497986, "stddev": 0.33852132868217066}]}, {"column_name": "LCC", "number_non_empty_cells": 1992, "number_empty_cells": 0, "number_distinct_values": 10, "frequent_values": [2, 5, 3, 15, 4], "dataTypes": [{"type": "INTEGER (LONG)", "count": 1992, "max_value": 36, "min_value": 1, "mean": 5.058232931726908, "stddev": 4.944940062208554}]}, {"column_name": "PrimaryBui", "number_non_empty_cells": 1992, "number_empty_cells": 0, "number_distinct_values": 1366, "frequent_values": ["K580", "X435", "X450", "X475", "X425"], "dataTypes": [{"type": "DATE/TIME", "count": 61, "max_value": "2019-12-08T00:00:58", "min_value": "2019-12-08T00:00:01"}, {"type": "TEXT", "count": 1931, "shortest_values": [["Q686", 4], ["Q034", 4], ["K091", 4], ["R455", 4], ["X600", 4]], "longest_values": [["Q686", 4], ["Q034", 4], ["K091", 4], ["R455", 4], ["X600", 4]], "average_length": 4.0}]}, {"column_name": "BIN", "number_non_empty_cells": 1992, "number_empty_cells": 0, "number_distinct_values": 1334, "frequent_values": [3348044, 2011810, 2097470, 2027459, 2022205], "dataTypes": [{"type": "INTEGER (LONG)", "count": 1992, "max_value": 5149609, "min_value": 0, "mean": 2764075.324799196, "stddev": 1202859.5826383976}]}, {"column_name": "BBL", "number_non_empty_cells": 1992, "number_empty_cells": 0, "number_distinct_values": 1310, "frequent_values": [0.0, 3001310001.0, 2051410150.0, 2030590001.0, 1000220013.0], "dataTypes": [{"type": "REAL", "count": 1992, "max_value": 5078980001.0, "min_value": 0.0, "mean": 2664761544.288654, "stddev": 1188422057.590391}]}, {"column_name": "Address", "number_non_empty_cells": 1971, "number_empty_cells": 21, "number_distinct_values": 1372, "frequent_values": ["105 TECH PLACE", "500 EAST FORDHAM ROAD", "40 IRVING PLACE", "99 TERRACE VIEW AVENUE", "800 EAST GUN HILL ROAD"], "dataTypes": [{"type": "TEXT", "count": 1992, "shortest_values": [["99 AVENUE P", 11], ["50 AVENUE P", 11], ["26 Broadway", 11], ["26 BROADWAY", 11], ["26 BROADWAY", 11]], "longest_values": [["1780 DR. MARTIN LUTHER KING JR. BLVD", 36], ["2987 FREDERICK DOUGLASS BOULEVARD", 33], ["100 WEST MOSHOLU PARKWAY SOUTH", 30], ["4140 HUTCHINSON RIVER PKWAY EA", 30], ["4140 HUTCHINSON RIVER PKWAY EA", 30]], "average_length": 18.3995983935743}]}, {"column_name": "City", "number_non_empty_cells": 1992, "number_empty_cells": 0, "number_distinct_values": 18, "frequent_values": ["BROOKLYN", "BRONX", "QUEENS", "MANHATTAN", "STATEN ISLAND"], "dataTypes": [{"type": "TEXT", "count": 1992, "shortest_values": [["BRONX", 5], ["BRONX", 5], ["BRONX", 5], ["BRONX", 5], ["BRONX", 5]], "longest_values": [["LONG ISLAND CITY", 16], ["LONG ISLAND CITY", 16], ["JACKSON HEIGHTS", 15], ["STATEN ISLAND", 13], ["STATEN ISLAND", 13]], "average_length": 7.290662650602408}]}, {"column_name": "BoroNum", "number_non_empty_cells": 1992, "number_empty_cells": 0, "number_distinct_values": 6, "frequent_values": [3, 2, 4, 1, 5], "dataTypes": [{"type": "INTEGER (LONG)", "count": 1992, "max_value": 7, "min_value": 1, "mean": 2.6641566265060233, "stddev": 1.140774234888835}]}, {"column_name": "State", "number_non_empty_cells": 1992, "number_empty_cells": 0, "number_distinct_values": 1, "frequent_values": ["NY"], "dataTypes": [{"type": "TEXT", "count": 1992, "shortest_values": [["NY", 2], ["NY", 2], ["NY", 2], ["NY", 2], ["NY", 2]], "longest_values": [["NY", 2], ["NY", 2], ["NY", 2], ["NY", 2], ["NY", 2]], "average_length": 2.0}]}, {"column_name": "Zip", "number_non_empty_cells": 1992, "number_empty_cells": 0, "number_distinct_values": 175, "frequent_values": [10456, 11212, 10457, 11221, 11207], "dataTypes": [{"type": "INTEGER (LONG)", "count": 1992, "max_value": 11791, "min_value": 10001, "mean": 10795.784638554234, "stddev": 531.4269372770111}]}, {"column_name": "GeoDistric", "number_non_empty_cells": 1992, "number_empty_cells": 0, "number_distinct_values": 33, "frequent_values": [2, 10, 11, 31, 9], "dataTypes": [{"type": "INTEGER (LONG)", "count": 1992, "max_value": 32, "min_value": 0, "mean": 15.637048192771093, "stddev": 9.33143050678181}]}, {"column_name": "AdiminDist", "number_non_empty_cells": 1992, "number_empty_cells": 0, "number_distinct_values": 37, "frequent_values": [84, 2, 10, 31, 9], "dataTypes": [{"type": "INTEGER (LONG)", "count": 1992, "max_value": 93, "min_value": 1, "mean": 28.716365461847385, "stddev": 27.309478275089777}]}, {"column_name": "XCoordinat", "number_non_empty_cells": 1992, "number_empty_cells": 0, "number_distinct_values": 1324, "frequent_values": [988103, 1015058, 1030803, 987835, 1022511], "dataTypes": [{"type": "INTEGER (LONG)", "count": 1992, "max_value": 1065003, "min_value": 0, "mean": 1005794.6696787153, "stddev": 31509.939458351877}]}, {"column_name": "YCoordinat", "number_non_empty_cells": 1992, "number_empty_cells": 0, "number_distinct_values": 1328, "frequent_values": [192646, 252424, 257757, 258943, 258157], "dataTypes": [{"type": "INTEGER (LONG)", "count": 1992, "max_value": 268380, "min_value": 0, "mean": 207270.3137550199, "stddev": 31387.79518329258}]}, {"column_name": "Zip_Codes", "number_non_empty_cells": 1989, "number_empty_cells": 3, "number_distinct_values": 173, "frequent_values": [10934, 10935, 18181, 17614, 17214], "dataTypes": [{"type": "INTEGER (LONG)", "count": 1989, "max_value": 24671, "min_value": 10090, "mean": 14463.901458019114, "stddev": 3629.4200736111984}]}, {"column_name": "Community_Districts", "number_non_empty_cells": 1991, "number_empty_cells": 1, "number_distinct_values": 60, "frequent_values": [49, 45, 69, 41, 34], "dataTypes": [{"type": "INTEGER (LONG)", "count": 1991, "max_value": 71, "min_value": 1, "mean": 37.586639879457486, "stddev": 20.600512550381367}]}, {"column_name": "Borough_Boundaries", "number_non_empty_cells": 1991, "number_empty_cells": 1, "number_distinct_values": 6, "frequent_values": [2, 5, 3, 4, 1], "dataTypes": [{"type": "INTEGER (LONG)", "count": 1991, "max_value": 5, "min_value": 1, "mean": 3.275740833751881, "stddev": 1.2493329776869821}]}, {"column_name": "City_Council_Districts", "number_non_empty_cells": 1991, "number_empty_cells": 1, "number_distinct_values": 52, "frequent_values": [35, 43, 42, 49, 32], "dataTypes": [{"type": "INTEGER (LONG)", "count": 1991, "max_value": 51, "min_value": 1, "mean": 28.270215971873423, "stddev": 14.179884447937946}]}, {"column_name": "Police_Precincts", "number_non_empty_cells": 1991, "number_empty_cells": 1, "number_distinct_values": 77, "frequent_values": [23, 47, 25, 27, 26], "dataTypes": [{"type": "INTEGER (LONG)", "count": 1991, "max_value": 77, "min_value": 1, "mean": 40.42692114515311, "stddev": 20.576365060653963}]}]}