{"dataset_name": "/user/hm74/NYCOpenData/a5ru-ygsr.tsv.gz", "columns": [{"column_name": "Agency Name", "number_non_empty_cells": 40, "number_empty_cells": 0, "number_distinct_values": 40, "frequent_values": ["Department of Investigation (DOI)", "Department of Records and Information Services (DORIS)", "Office of Collective Bargaining (OCB)", "Department of Education (DOE)", "Queens Borough President (QBP)"], "dataTypes": [{"type": "TEXT", "count": 40, "shortest_values": [["Law Department (LAW)", 20], ["Office of the Mayor (OTM)", 25], ["Department of Finance (DOF)", 27], ["New York City Council (NYCC)", 28], ["Department of Education (DOE)", 29]], "longest_values": [["Department of Information Technology and Telecommunications (DOITT)", 67], ["Department of Records and Information Services (DORIS)", 54], ["Department of Citywide Administrative Services (DCAS)", 53], ["Department of Youth and Community Development (DYCD)", 52], ["Office of Administrative Trials and Hearings (OATH)", 51]], "average_length": 37.425}]}, {"column_name": "The total number of FOIL responses that included the release of data", "number_non_empty_cells": 40, "number_empty_cells": 0, "number_distinct_values": 25, "frequent_values": [0, 1, 2, 5, 3], "dataTypes": [{"type": "INTEGER (LONG)", "count": 40, "max_value": 1725, "min_value": 0, "mean": 155.52499999999998, "stddev": 359.90852917790096}]}, {"column_name": "The total number of FOIL responses that included a public data set that had not yet been included on the open data portal", "number_non_empty_cells": 40, "number_empty_cells": 0, "number_distinct_values": 14, "frequent_values": [0, 239, 1, 3, 4], "dataTypes": [{"type": "INTEGER (LONG)", "count": 40, "max_value": 521, "min_value": 0, "mean": 32.74999999999999, "stddev": 94.44436192806852}]}, {"column_name": "The total number of FOIL responses that resulted in data being posted voluntarily on the open data portal", "number_non_empty_cells": 40, "number_empty_cells": 0, "number_distinct_values": 2, "frequent_values": [0, 3], "dataTypes": [{"type": "INTEGER (LONG)", "count": 40, "max_value": 3, "min_value": 0, "mean": 0.07500000000000001, "stddev": 0.46837484987988}]}]}