{"dataset_name": "/user/hm74/NYCOpenData/a5ub-y4r4.tsv.gz", "columns": [{"column_name": "ProviderType", "number_non_empty_cells": 4, "number_empty_cells": 0, "number_distinct_values": 1, "frequent_values": ["LEGAL SERVICES CONTRACTS"], "dataTypes": [{"type": "TEXT", "count": 4, "shortest_values": [["LEGAL SERVICES CONTRACTS", 24], ["LEGAL SERVICES CONTRACTS", 24], ["LEGAL SERVICES CONTRACTS", 24], ["LEGAL SERVICES CONTRACTS", 24]], "longest_values": [["LEGAL SERVICES CONTRACTS", 24], ["LEGAL SERVICES CONTRACTS", 24], ["LEGAL SERVICES CONTRACTS", 24], ["LEGAL SERVICES CONTRACTS", 24]], "average_length": 24.0}]}, {"column_name": "DFTA ID", "number_non_empty_cells": 4, "number_empty_cells": 0, "number_distinct_values": 4, "frequent_values": ["20I01", "40A01", "1AA01", "32V01"], "dataTypes": [{"type": "TEXT", "count": 4, "shortest_values": [["1AA01", 5], ["32V01", 5], ["20I01", 5], ["40A01", 5]], "longest_values": [["1AA01", 5], ["32V01", 5], ["20I01", 5], ["40A01", 5]], "average_length": 5.0}]}, {"column_name": "ProgramName", "number_non_empty_cells": 4, "number_empty_cells": 0, "number_distinct_values": 4, "frequent_values": ["LSNY BRONX", "JASA LEGAL SERVICES", "MOBILIZATION FOR JUSTICE INC", "SOUTH BROOKLYN LEGAL SERVICES INC"], "dataTypes": [{"type": "TEXT", "count": 4, "shortest_values": [["LSNY BRONX", 10], ["JASA LEGAL SERVICES", 19], ["MOBILIZATION FOR JUSTICE INC", 28], ["SOUTH BROOKLYN LEGAL SERVICES INC", 33]], "longest_values": [["SOUTH BROOKLYN LEGAL SERVICES INC", 33], ["MOBILIZATION FOR JUSTICE INC", 28], ["JASA LEGAL SERVICES", 19], ["LSNY BRONX", 10]], "average_length": 22.5}]}, {"column_name": "SponsorName", "number_non_empty_cells": 4, "number_empty_cells": 0, "number_distinct_values": 4, "frequent_values": ["THE JEWISH ASSOCIATION FOR SERVICES FOR THE AGED", "BROOKLYN LEGAL SERVICES INC", "LSNY-BRONX CORPORATION", "MOBILIZATION FOR JUSTICE INC"], "dataTypes": [{"type": "TEXT", "count": 4, "shortest_values": [["LSNY-BRONX CORPORATION", 22], ["BROOKLYN LEGAL SERVICES INC", 27], ["MOBILIZATION FOR JUSTICE INC", 28], ["THE JEWISH ASSOCIATION FOR SERVICES FOR THE AGED", 48]], "longest_values": [["THE JEWISH ASSOCIATION FOR SERVICES FOR THE AGED", 48], ["MOBILIZATION FOR JUSTICE INC", 28], ["BROOKLYN LEGAL SERVICES INC", 27], ["LSNY-BRONX CORPORATION", 22]], "average_length": 31.25}]}, {"column_name": "ProgramAddress", "number_non_empty_cells": 4, "number_empty_cells": 0, "number_distinct_values": 4, "frequent_values": ["105 Court Street", "100 WILLIAM STREET", "97-77 QUEENS BOULEVARD", "349 EAST 149TH STREET"], "dataTypes": [{"type": "TEXT", "count": 4, "shortest_values": [["105 Court Street", 16], ["100 WILLIAM STREET", 18], ["349 EAST 149TH STREET", 21], ["97-77 QUEENS BOULEVARD", 22]], "longest_values": [["97-77 QUEENS BOULEVARD", 22], ["349 EAST 149TH STREET", 21], ["100 WILLIAM STREET", 18], ["105 Court Street", 16]], "average_length": 19.25}]}, {"column_name": "ProgramCity", "number_non_empty_cells": 4, "number_empty_cells": 0, "number_distinct_values": 4, "frequent_values": ["BROOKLYN", "FLUSHING", "BRONX", "NEW YORK"], "dataTypes": [{"type": "TEXT", "count": 4, "shortest_values": [["BRONX", 5], ["NEW YORK", 8], ["BROOKLYN", 8], ["FLUSHING", 8]], "longest_values": [["NEW YORK", 8], ["BROOKLYN", 8], ["FLUSHING", 8], ["BRONX", 5]], "average_length": 7.25}]}, {"column_name": "ProgramState", "number_non_empty_cells": 4, "number_empty_cells": 0, "number_distinct_values": 1, "frequent_values": ["NY"], "dataTypes": [{"type": "TEXT", "count": 4, "shortest_values": [["NY", 2], ["NY", 2], ["NY", 2], ["NY", 2]], "longest_values": [["NY", 2], ["NY", 2], ["NY", 2], ["NY", 2]], "average_length": 2.0}]}, {"column_name": "Postcode", "number_non_empty_cells": 4, "number_empty_cells": 0, "number_distinct_values": 4, "frequent_values": [11201, 11374, 10451, 10038], "dataTypes": [{"type": "INTEGER (LONG)", "count": 4, "max_value": 11374, "min_value": 10038, "mean": 10766.0, "stddev": 544.9995412842104}]}, {"column_name": "Borough", "number_non_empty_cells": 4, "number_empty_cells": 0, "number_distinct_values": 4, "frequent_values": ["QUEENS", "BROOKLYN", "BRONX", "MANHATTAN"], "dataTypes": [{"type": "TEXT", "count": 4, "shortest_values": [["BRONX", 5], ["QUEENS", 6], ["BROOKLYN", 8], ["MANHATTAN", 9]], "longest_values": [["MANHATTAN", 9], ["BROOKLYN", 8], ["QUEENS", 6], ["BRONX", 5]], "average_length": 7.0}]}, {"column_name": "ProgramPhone", "number_non_empty_cells": 4, "number_empty_cells": 0, "number_distinct_values": 4, "frequent_values": ["212 417-3700", "718 286-1500", "646-442-3563", "917-661-4500"], "dataTypes": [{"type": "TEXT", "count": 4, "shortest_values": [["917-661-4500", 12], ["212 417-3700", 12], ["646-442-3563", 12], ["718 286-1500", 12]], "longest_values": [["917-661-4500", 12], ["212 417-3700", 12], ["646-442-3563", 12], ["718 286-1500", 12]], "average_length": 12.0}]}, {"column_name": "DFTA Funded", "number_non_empty_cells": 4, "number_empty_cells": 0, "number_distinct_values": 1, "frequent_values": ["Y"], "dataTypes": [{"type": "TEXT", "count": 4, "shortest_values": [["Y", 1], ["Y", 1], ["Y", 1], ["Y", 1]], "longest_values": [["Y", 1], ["Y", 1], ["Y", 1], ["Y", 1]], "average_length": 1.0}]}, {"column_name": "MonHourOpen", "number_non_empty_cells": 4, "number_empty_cells": 0, "number_distinct_values": 1, "frequent_values": ["09:00"], "dataTypes": [{"type": "DATE/TIME", "count": 4, "max_value": "2019-12-06T09:00:00", "min_value": "2019-12-06T09:00:00"}]}, {"column_name": "MonHourClose", "number_non_empty_cells": 4, "number_empty_cells": 0, "number_distinct_values": 1, "frequent_values": ["05:00"], "dataTypes": [{"type": "DATE/TIME", "count": 4, "max_value": "2019-12-06T05:00:00", "min_value": "2019-12-06T05:00:00"}]}, {"column_name": "TueHourOpen", "number_non_empty_cells": 4, "number_empty_cells": 0, "number_distinct_values": 1, "frequent_values": ["09:00"], "dataTypes": [{"type": "DATE/TIME", "count": 4, "max_value": "2019-12-06T09:00:00", "min_value": "2019-12-06T09:00:00"}]}, {"column_name": "TueHourClose", "number_non_empty_cells": 4, "number_empty_cells": 0, "number_distinct_values": 1, "frequent_values": ["05:00"], "dataTypes": [{"type": "DATE/TIME", "count": 4, "max_value": "2019-12-06T05:00:00", "min_value": "2019-12-06T05:00:00"}]}, {"column_name": "WedHourOpen", "number_non_empty_cells": 4, "number_empty_cells": 0, "number_distinct_values": 1, "frequent_values": ["09:00"], "dataTypes": [{"type": "DATE/TIME", "count": 4, "max_value": "2019-12-06T09:00:00", "min_value": "2019-12-06T09:00:00"}]}, {"column_name": "WedHourClose", "number_non_empty_cells": 4, "number_empty_cells": 0, "number_distinct_values": 1, "frequent_values": ["05:00"], "dataTypes": [{"type": "DATE/TIME", "count": 4, "max_value": "2019-12-06T05:00:00", "min_value": "2019-12-06T05:00:00"}]}, {"column_name": "ThuHourOpen", "number_non_empty_cells": 4, "number_empty_cells": 0, "number_distinct_values": 1, "frequent_values": ["09:00"], "dataTypes": [{"type": "DATE/TIME", "count": 4, "max_value": "2019-12-06T09:00:00", "min_value": "2019-12-06T09:00:00"}]}, {"column_name": "ThuHourClose", "number_non_empty_cells": 4, "number_empty_cells": 0, "number_distinct_values": 1, "frequent_values": ["05:00"], "dataTypes": [{"type": "DATE/TIME", "count": 4, "max_value": "2019-12-06T05:00:00", "min_value": "2019-12-06T05:00:00"}]}, {"column_name": "FriHourOpen", "number_non_empty_cells": 4, "number_empty_cells": 0, "number_distinct_values": 1, "frequent_values": ["09:00"], "dataTypes": [{"type": "DATE/TIME", "count": 4, "max_value": "2019-12-06T09:00:00", "min_value": "2019-12-06T09:00:00"}]}, {"column_name": "FriHourClose", "number_non_empty_cells": 4, "number_empty_cells": 0, "number_distinct_values": 1, "frequent_values": ["05:00"], "dataTypes": [{"type": "DATE/TIME", "count": 4, "max_value": "2019-12-06T05:00:00", "min_value": "2019-12-06T05:00:00"}]}, {"column_name": "SatHourOpen", "number_non_empty_cells": 4, "number_empty_cells": 0, "number_distinct_values": 2, "frequent_values": ["00:00", "0:00"], "dataTypes": [{"type": "DATE/TIME", "count": 4, "max_value": "2019-12-06T00:00:00", "min_value": "2019-12-06T00:00:00"}]}, {"column_name": "SatHourClose", "number_non_empty_cells": 4, "number_empty_cells": 0, "number_distinct_values": 1, "frequent_values": ["00:00"], "dataTypes": [{"type": "DATE/TIME", "count": 4, "max_value": "2019-12-06T00:00:00", "min_value": "2019-12-06T00:00:00"}]}, {"column_name": "SunHourOpen", "number_non_empty_cells": 4, "number_empty_cells": 0, "number_distinct_values": 1, "frequent_values": ["00:00"], "dataTypes": [{"type": "DATE/TIME", "count": 4, "max_value": "2019-12-06T00:00:00", "min_value": "2019-12-06T00:00:00"}]}, {"column_name": "SunHourClose", "number_non_empty_cells": 4, "number_empty_cells": 0, "number_distinct_values": 1, "frequent_values": ["00:00"], "dataTypes": [{"type": "DATE/TIME", "count": 4, "max_value": "2019-12-06T00:00:00", "min_value": "2019-12-06T00:00:00"}]}, {"column_name": "Latitude", "number_non_empty_cells": 4, "number_empty_cells": 0, "number_distinct_values": 4, "frequent_values": [40.690793, 40.728721, 40.708497, 40.81667], "dataTypes": [{"type": "REAL", "count": 4, "max_value": 40.81667, "min_value": 40.690793, "mean": 40.73617025, "stddev": 0.048375108937219045}]}, {"column_name": "Longitude", "number_non_empty_cells": 4, "number_empty_cells": 0, "number_distinct_values": 4, "frequent_values": [-73.919959, -73.858501, -73.991825, -74.007477], "dataTypes": [{"type": "REAL", "count": 4, "max_value": -73.858501, "min_value": -74.007477, "mean": -73.94444050000001, "stddev": 0.05958991667010529}]}, {"column_name": "Community Board", "number_non_empty_cells": 4, "number_empty_cells": 0, "number_distinct_values": 4, "frequent_values": [101, 406, 201, 302], "dataTypes": [{"type": "INTEGER (LONG)", "count": 4, "max_value": 406, "min_value": 101, "mean": 252.5, "stddev": 113.59687495701631}]}, {"column_name": "Council District", "number_non_empty_cells": 4, "number_empty_cells": 0, "number_distinct_values": 4, "frequent_values": [1, 17, 29, 33], "dataTypes": [{"type": "INTEGER (LONG)", "count": 4, "max_value": 33, "min_value": 1, "mean": 20.0, "stddev": 12.449899597988733}]}, {"column_name": "Census Tract", "number_non_empty_cells": 4, "number_empty_cells": 0, "number_distinct_values": 4, "frequent_values": [65, 9, 1502, 71701], "dataTypes": [{"type": "INTEGER (LONG)", "count": 4, "max_value": 71701, "min_value": 9, "mean": 18319.25, "stddev": 30825.77666803385}]}, {"column_name": "BIN", "number_non_empty_cells": 4, "number_empty_cells": 0, "number_distinct_values": 4, "frequent_values": [3002702, 2000933, 1001116, 4050482], "dataTypes": [{"type": "INTEGER (LONG)", "count": 4, "max_value": 4050482, "min_value": 1001116, "mean": 2513808.25, "stddev": 1134863.6678034007}]}, {"column_name": "BBL", "number_non_empty_cells": 4, "number_empty_cells": 0, "number_distinct_values": 4, "frequent_values": [3002710023, 2023317501, 1000680036, 4020920001], "dataTypes": [{"type": "INTEGER (LONG)", "count": 4, "max_value": 4020920001, "min_value": 1000680036, "mean": 2511906890.25, "stddev": 1122556733.5135722}]}, {"column_name": "NTA", "number_non_empty_cells": 4, "number_empty_cells": 0, "number_distinct_values": 4, "frequent_values": ["Rego Park", "Brooklyn Heights-Cobble Hill", "Battery Park City-Lower Manhattan", "Melrose South-Mott Haven North"], "dataTypes": [{"type": "TEXT", "count": 4, "shortest_values": [["Rego Park", 9], ["Brooklyn Heights-Cobble Hill", 28], ["Melrose South-Mott Haven North", 30], ["Battery Park City-Lower Manhattan", 33]], "longest_values": [["Battery Park City-Lower Manhattan", 33], ["Melrose South-Mott Haven North", 30], ["Brooklyn Heights-Cobble Hill", 28], ["Rego Park", 9]], "average_length": 25.0}]}, {"column_name": "Location1", "number_non_empty_cells": 4, "number_empty_cells": 0, "number_distinct_values": 4, "frequent_values": ["(40.81667, -73.919959)", "(40.690793, -73.991825)", "(40.728721, -73.858501)", "(40.708497, -74.007477)"], "dataTypes": [{"type": "TEXT", "count": 4, "shortest_values": [["(40.81667, -73.919959)", 22], ["(40.708497, -74.007477)", 23], ["(40.690793, -73.991825)", 23], ["(40.728721, -73.858501)", 23]], "longest_values": [["(40.708497, -74.007477)", 23], ["(40.690793, -73.991825)", 23], ["(40.728721, -73.858501)", 23], ["(40.81667, -73.919959)", 22]], "average_length": 22.75}]}]}