{"dataset_name": "/user/hm74/NYCOpenData/a6kg-wufg.tsv.gz", "columns": [{"column_name": "taxomony_id", "number_non_empty_cells": 262, "number_empty_cells": 0, "number_distinct_values": 262, "frequent_values": [148, 243, 31, 85, 137], "dataTypes": [{"type": "INTEGER (LONG)", "count": 262, "max_value": 275, "min_value": 1, "mean": 139.93511450381675, "stddev": 80.8380224041154}]}, {"column_name": "name", "number_non_empty_cells": 262, "number_empty_cells": 0, "number_distinct_values": 242, "frequent_values": ["Discretionary", "Amendment Renewal", "Financials Duplicate", "Non-secure Placement", "Housing"], "dataTypes": [{"type": "TEXT", "count": 262, "shortest_values": [["Aging", 5], ["Males", 5], ["Adults", 6], ["Pantry", 6], ["Intake", 6]], "longest_values": [["Juvenile Justice Involved - Placement/Removal from Community", 60], ["Individuals Recovering from Substance Abuse Issues", 50], ["Single/Interpersonal Conflict Resolution/Mediation", 50], ["Juvenile Justice Involved - Community Supervision", 49], ["Individuals with Deafness or Hearing Impairments", 48]], "average_length": 20.587786259541996}]}, {"column_name": "parent_id", "number_non_empty_cells": 260, "number_empty_cells": 2, "number_distinct_values": 71, "frequent_values": [72, 73, 144, 111, 125], "dataTypes": [{"type": "INTEGER (LONG)", "count": 260, "max_value": 154, "min_value": 72, "mean": 101.9923076923077, "stddev": 29.806167702945203}]}, {"column_name": "parent_name", "number_non_empty_cells": 262, "number_empty_cells": 0, "number_distinct_values": 68, "frequent_values": ["Human Situations", "Human Services", "Case Management", "Academic Supports", "Medical Services"], "dataTypes": [{"type": "TEXT", "count": 262, "shortest_values": [["(null)", 6], ["(null)", 6], ["Housing", 7], ["Shelter", 7], ["Literacy", 8]], "longest_values": [["Court Appointed Guardian Services", 33], ["Alternative Justice Management", 30], ["Alternative Justice Management", 30], ["Household Management and Care", 29], ["Conflict Resolution/Mediation", 29]], "average_length": 16.706106870229004}]}]}