{"dataset_name": "/user/hm74/NYCOpenData/a6nj-cfbz.tsv.gz", "columns": [{"column_name": "Building_id", "number_non_empty_cells": 323, "number_empty_cells": 0, "number_distinct_values": 323, "frequent_values": ["building_18", "building_31", "building_77", "building_154", "building_38"], "dataTypes": [{"type": "TEXT", "count": 323, "shortest_values": [["building_1", 10], ["building_2", 10], ["building_3", 10], ["building_4", 10], ["building_5", 10]], "longest_values": [["building_101", 12], ["building_202", 12], ["building_100", 12], ["building_102", 12], ["building_103", 12]], "average_length": 11.665634674922606}]}, {"column_name": "Borough", "number_non_empty_cells": 322, "number_empty_cells": 1, "number_distinct_values": 6, "frequent_values": ["Manhattan", "Brooklyn", "Bronx", "Queens", "Staten Island"], "dataTypes": [{"type": "TEXT", "count": 322, "shortest_values": [["Bronx", 5], ["Bronx", 5], ["Bronx", 5], ["Bronx", 5], ["Bronx", 5]], "longest_values": [["Staten Island", 13], ["Staten Island", 13], ["Staten Island", 13], ["Staten Island", 13], ["Staten Island", 13]], "average_length": 8.826086956521744}]}, {"column_name": "Certification Class", "number_non_empty_cells": 323, "number_empty_cells": 0, "number_distinct_values": 5, "frequent_values": ["Not certified", "Platinum", "Gold", "Connected", "Silver"], "dataTypes": [{"type": "TEXT", "count": 323, "shortest_values": [["Gold", 4], ["Gold", 4], ["Gold", 4], ["Gold", 4], ["Gold", 4]], "longest_values": [["Not certified", 13], ["Not certified", 13], ["Not certified", 13], ["Not certified", 13], ["Not certified", 13]], "average_length": 10.563467492260065}]}, {"column_name": "# of Carriers", "number_non_empty_cells": 304, "number_empty_cells": 19, "number_distinct_values": 7, "frequent_values": ["5 or more", "3", "2", "4", "1"], "dataTypes": [{"type": "INTEGER (LONG)", "count": 192, "max_value": 4, "min_value": 0, "mean": 2.567708333333332, "stddev": 1.0634059658775143}, {"type": "TEXT", "count": 112, "shortest_values": [["5 or more", 9], ["5 or more", 9], ["5 or more", 9], ["5 or more", 9], ["5 or more", 9]], "longest_values": [["5 or more", 9], ["5 or more", 9], ["5 or more", 9], ["5 or more", 9], ["5 or more", 9]], "average_length": 9.0}]}, {"column_name": "Coax/Cable Connections", "number_non_empty_cells": 323, "number_empty_cells": 0, "number_distinct_values": 2, "frequent_values": ["Yes", "No"], "dataTypes": [{"type": "TEXT", "count": 323, "shortest_values": [["No", 2], ["No", 2], ["No", 2], ["No", 2], ["No", 2]], "longest_values": [["Yes", 3], ["Yes", 3], ["Yes", 3], ["Yes", 3], ["Yes", 3]], "average_length": 2.88854489164087}]}, {"column_name": "Fiber Connection", "number_non_empty_cells": 323, "number_empty_cells": 0, "number_distinct_values": 2, "frequent_values": ["Yes", "No"], "dataTypes": [{"type": "TEXT", "count": 323, "shortest_values": [["No", 2], ["No", 2], ["No", 2], ["No", 2], ["No", 2]], "longest_values": [["Yes", 3], ["Yes", 3], ["Yes", 3], ["Yes", 3], ["Yes", 3]], "average_length": 2.8266253869969042}]}, {"column_name": "Satellite/Fixed Wireless Connection", "number_non_empty_cells": 323, "number_empty_cells": 0, "number_distinct_values": 2, "frequent_values": ["No", "Yes"], "dataTypes": [{"type": "TEXT", "count": 323, "shortest_values": [["No", 2], ["No", 2], ["No", 2], ["No", 2], ["No", 2]], "longest_values": [["Yes", 3], ["Yes", 3], ["Yes", 3], ["Yes", 3], ["Yes", 3]], "average_length": 2.2693498452012406}]}, {"column_name": "Fiber Distribution", "number_non_empty_cells": 304, "number_empty_cells": 19, "number_distinct_values": 7, "frequent_values": ["Full Distribution (all floors)", "Partial Distribution (some floors)", "No Distribution", "none", "5"], "dataTypes": [{"type": "INTEGER (LONG)", "count": 3, "max_value": 5, "min_value": 2, "mean": 4.0, "stddev": 1.4142135623730951}, {"type": "TEXT", "count": 301, "shortest_values": [["none", 4], ["none", 4], ["none", 4], ["No Distribution", 15], ["No Distribution", 15]], "longest_values": [["Partial Distribution (some floors)", 34], ["Partial Distribution (some floors)", 34], ["Partial Distribution (some floors)", 34], ["Partial Distribution (some floors)", 34], ["Partial Distribution (some floors)", 34]], "average_length": 29.189368770764123}]}, {"column_name": "# ISPs", "number_non_empty_cells": 303, "number_empty_cells": 20, "number_distinct_values": 10, "frequent_values": ["5 or more", "3", "2", "4", "1"], "dataTypes": [{"type": "INTEGER (LONG)", "count": 190, "max_value": 4, "min_value": 0, "mean": 2.6157894736842113, "stddev": 0.965054216036175}, {"type": "TEXT", "count": 113, "shortest_values": [["No", 2], ["Yes", 3], ["Yes", 3], ["none", 4], ["none", 4]], "longest_values": [["5 or more", 9], ["5 or more", 9], ["5 or more", 9], ["5 or more", 9], ["5 or more", 9]], "average_length": 8.743362831858411}]}, {"column_name": "Multiple Points of Entry", "number_non_empty_cells": 300, "number_empty_cells": 23, "number_distinct_values": 7, "frequent_values": ["Yes", "No", "Combination of open", "Dedicated room", "Hallway/Open Space"], "dataTypes": [{"type": "TEXT", "count": 300, "shortest_values": [["No", 2], ["No", 2], ["No", 2], ["No", 2], ["No", 2]], "longest_values": [["Combination of open", 19], ["Combination of open", 19], ["Hallway/Open Space", 18], ["Dedicated room", 14], ["Dedicated room", 14]], "average_length": 2.9433333333333334}]}, {"column_name": "Designated Telecom Utility Space", "number_non_empty_cells": 299, "number_empty_cells": 24, "number_distinct_values": 8, "frequent_values": ["Combination of open, shared, and dedicated  space", "Dedicated room", "Hallway/Open Space", "Common (shared) room", " shared"], "dataTypes": [{"type": "TEXT", "count": 299, "shortest_values": [["No", 2], ["No", 2], ["Yes", 3], [" shared", 7], [" shared", 7]], "longest_values": [["Combination of open, shared, and dedicated  space", 49], ["Combination of open, shared, and dedicated  space", 49], ["Combination of open, shared, and dedicated  space", 49], ["Combination of open, shared, and dedicated  space", 49], ["Combination of open, shared, and dedicated  space", 49]], "average_length": 33.347826086956545}]}, {"column_name": "Additional Telecom Space", "number_non_empty_cells": 299, "number_empty_cells": 24, "number_distinct_values": 6, "frequent_values": ["Yes", "No", " and dedicated  space", "none", "Does not have two or more diverse riser locations"], "dataTypes": [{"type": "TEXT", "count": 299, "shortest_values": [["No", 2], ["No", 2], ["No", 2], ["No", 2], ["No", 2]], "longest_values": [["Does not have two or more diverse riser locations", 49], [" and dedicated  space", 21], [" and dedicated  space", 21], ["none", 4], ["Yes", 3]], "average_length": 2.9531772575250836}]}, {"column_name": "Riser Space for Current Providers", "number_non_empty_cells": 323, "number_empty_cells": 0, "number_distinct_values": 2, "frequent_values": ["Yes", "No"], "dataTypes": [{"type": "TEXT", "count": 323, "shortest_values": [["No", 2], ["No", 2], ["No", 2], ["No", 2], ["No", 2]], "longest_values": [["Yes", 3], ["Yes", 3], ["Yes", 3], ["Yes", 3], ["Yes", 3]], "average_length": 2.8359133126934988}]}, {"column_name": "Riser Space for Additional Providers", "number_non_empty_cells": 323, "number_empty_cells": 0, "number_distinct_values": 3, "frequent_values": ["Yes", "No", "Current Providers"], "dataTypes": [{"type": "TEXT", "count": 323, "shortest_values": [["No", 2], ["No", 2], ["No", 2], ["No", 2], ["No", 2]], "longest_values": [["Current Providers", 17], ["Current Providers", 17], ["Yes", 3], ["Yes", 3], ["Yes", 3]], "average_length": 2.832817337461297}]}, {"column_name": "Diverse Riser Locations", "number_non_empty_cells": 299, "number_empty_cells": 24, "number_distinct_values": 5, "frequent_values": ["Yes", "Does not have two or more diverse riser locations", "No", "None available", null], "dataTypes": [{"type": "TEXT", "count": 299, "shortest_values": [["No", 2], ["No", 2], ["No", 2], ["Yes", 3], ["Yes", 3]], "longest_values": [["Does not have two or more diverse riser locations", 49], ["Does not have two or more diverse riser locations", 49], ["Does not have two or more diverse riser locations", 49], ["Does not have two or more diverse riser locations", 49], ["Does not have two or more diverse riser locations", 49]], "average_length": 24.872909698996654}]}, {"column_name": "Signed POEs", "number_non_empty_cells": 298, "number_empty_cells": 25, "number_distinct_values": 5, "frequent_values": ["Yes - for installed connections", "None available", "Yes", "Yes - signed but connection not installed", null], "dataTypes": [{"type": "TEXT", "count": 298, "shortest_values": [["Yes", 3], ["Yes", 3], ["Yes", 3], ["Yes", 3], ["Yes", 3]], "longest_values": [["Yes - signed but connection not installed", 41], ["Yes - for installed connections", 31], ["Yes - for installed connections", 31], ["Yes - for installed connections", 31], ["Yes - for installed connections", 31]], "average_length": 24.40268456375839}]}, {"column_name": "Agreements", "number_non_empty_cells": 296, "number_empty_cells": 27, "number_distinct_values": 4, "frequent_values": ["Yes", "No", "Does not have two or more diverse riser locations", null], "dataTypes": [{"type": "TEXT", "count": 296, "shortest_values": [["No", 2], ["No", 2], ["No", 2], ["No", 2], ["No", 2]], "longest_values": [["Does not have two or more diverse riser locations", 49], ["Does not have two or more diverse riser locations", 49], ["Yes", 3], ["Yes", 3], ["Yes", 3]], "average_length": 2.9222972972973}]}, {"column_name": "New Service Providers", "number_non_empty_cells": 293, "number_empty_cells": 30, "number_distinct_values": 4, "frequent_values": ["Yes", "No capability available", "None available", null], "dataTypes": [{"type": "TEXT", "count": 293, "shortest_values": [["Yes", 3], ["Yes", 3], ["Yes", 3], ["Yes", 3], ["Yes", 3]], "longest_values": [["No capability available", 23], ["No capability available", 23], ["No capability available", 23], ["No capability available", 23], ["No capability available", 23]], "average_length": 4.030716723549486}]}, {"column_name": "ISPs", "number_non_empty_cells": 211, "number_empty_cells": 112, "number_distinct_values": 161, "frequent_values": ["Verizon", "none", "RGTS,Time Warner Cable,Verizon", "Time Warner Cable,Verizon", "none,none,none,none"], "dataTypes": [{"type": "TEXT", "count": 211, "shortest_values": [["No", 2], ["No", 2], ["AT&T", 4], ["none", 4], ["none", 4]], "longest_values": [["Other,Zayo,XO Communications,Verizon,TW Telecom,Towerstream,Time Warner Cable,Sprint,Reliance,RCN,Rainbow Broadband,OCG,Lightpath,Lightower,Level(3),Cogent,Century Link,AT&T,Abovenet", 182], ["XO Communications,Verizon,Time Warner Cable,Lightpath,Lightower,Level(3),Zayo,Reliance Globalcom,Cogent,AT&T,Verizon Business,Sprint,CDS", 136], ["Verizon FIOS,Verizon,TW Telecom,Time Warner Cable,Sidera,Rainbow Broadband,Lightpath,Covad,Cogent,Broadview,AT&T,Abovenet", 121], ["Other,Verizon,Time Warner Cable,Sprint,Lightpath,Lightower,Level(3),Eureka,Direct TV,Cogent,Broadview,AT&T,Abovenet", 115], ["Zayo,Verizon,TW Telecom,Time Warner Cable,Lightpath,Lightower,Level(3),Direct TV,Cogent,AT&T", 92]], "average_length": 43.11848341232228}]}]}