{"dataset_name": "/user/hm74/NYCOpenData/a6zp-tcs3.tsv.gz", "columns": [{"column_name": "Agency", "number_non_empty_cells": 2284, "number_empty_cells": 0, "number_distinct_values": 45, "frequent_values": ["HRA", "DOE", "DPR", "OATH", "ACS"], "dataTypes": [{"type": "DATE/TIME", "count": 17, "max_value": "2001-03-01T00:00:00", "min_value": "2001-03-01T00:00:00"}, {"type": "TEXT", "count": 2267, "shortest_values": [["ACS", 3], ["ACS", 3], ["ACS", 3], ["ACS", 3], ["ACS", 3]], "longest_values": [["DOHMH", 5], ["DOHMH", 5], ["DOHMH", 5], ["DOHMH", 5], ["DOHMH", 5]], "average_length": 3.489192765769738}]}, {"column_name": "PMMR_Goal", "number_non_empty_cells": 2284, "number_empty_cells": 0, "number_distinct_values": 24, "frequent_values": ["1a", "2a", "1b", "3a", "4a"], "dataTypes": [{"type": "DATE/TIME", "count": 1521, "max_value": "2019-12-08T08:00:00", "min_value": "2019-12-08T01:00:00"}, {"type": "TEXT", "count": 763, "shortest_values": [["1b", 2], ["1b", 2], ["1b", 2], ["1b", 2], ["1c", 2]], "longest_values": [["1b", 2], ["1b", 2], ["1b", 2], ["1b", 2], ["1c", 2]], "average_length": 2.0}]}, {"column_name": "Critical", "number_non_empty_cells": 2284, "number_empty_cells": 0, "number_distinct_values": 2, "frequent_values": [0, 1], "dataTypes": [{"type": "INTEGER (LONG)", "count": 2284, "max_value": 1, "min_value": 0, "mean": 0.23336252189141812, "stddev": 0.42297098631926966}]}, {"column_name": "Performance_Indicator", "number_non_empty_cells": 2259, "number_empty_cells": 25, "number_distinct_values": 1943, "frequent_values": ["E-mails responded to in 14 days (%)", "Letters responded to in 14 days (%)", "Completed customer requests for interpretation", "Number of emails sent to an agency (through NYC.gov or a publicized agency email address)", "Completed requests for interpretation"], "dataTypes": [{"type": "TEXT", "count": 2284, "shortest_values": [["- Lead", 6], ["- Lead", 6], ["- Lead", 6], ["- Rape", 6], ["- Rape", 6]], "longest_values": [["Youth who are out-of-school, attend a DYCD-funded training or employment program, and are placed in post-secondary education, employment, or advanced training in the 1st quarter after exiting the program (%)", 207], ["Time to notify agencies of prospective childcare, home care and family care workers with criminal records after receipt from State Division of Criminal Justice Services and FBI (days)", 183], ["Youth who attend a training program while in school and are placed in post-secondary education, employment, or advanced training during the 1st quarter after exiting the program (%)", 181], ["Youth who are out-of-school, attend a DYCD-funded training or employment program, and attain a degree or certificate by the end of the 3rd quarter after exiting the program (%)", 176], ["Time to notify agencies of arrest notifications for current childcare, home care and family care workers after receipt from State Division of Criminal Justice Services (days)", 174]], "average_length": 48.84150612959718}]}, {"column_name": "Actual_FY14", "number_non_empty_cells": 2130, "number_empty_cells": 154, "number_distinct_values": 1625, "frequent_values": ["NA", "100%", "94%", "99%", "97%"], "dataTypes": [{"type": "INTEGER (LONG)", "count": 453, "max_value": 995, "min_value": 0, "mean": 255.84547461368652, "stddev": 268.2579364953923}, {"type": "REAL", "count": 186, "max_value": 977.2, "min_value": 0.0, "mean": 58.51956989247311, "stddev": 124.88633542179}, {"type": "DATE/TIME", "count": 454, "max_value": "2064-06-08T00:00:00", "min_value": "0100-03-08T00:00:00"}, {"type": "TEXT", "count": 1161, "shortest_values": [["NA", 2], ["NA", 2], ["NA", 2], ["3%", 2], ["1%", 2]], "longest_values": [["$11,360,685", 11], ["$30,903,261", 11], ["$28,207,004", 11], ["$2,987,936", 10], ["$3,980,941", 10]], "average_length": 4.4720068906115396}]}, {"column_name": "Actual_FY15", "number_non_empty_cells": 2201, "number_empty_cells": 83, "number_distinct_values": 1679, "frequent_values": ["NA", "100%", "97%", "95%", "0"], "dataTypes": [{"type": "INTEGER (LONG)", "count": 460, "max_value": 997, "min_value": 0, "mean": 256.24130434782603, "stddev": 269.02601383516395}, {"type": "REAL", "count": 187, "max_value": 955.4, "min_value": 0.01, "mean": 56.63887700534758, "stddev": 121.16842858560418}, {"type": "DATE/TIME", "count": 482, "max_value": "2068-04-08T00:00:00", "min_value": "0100-12-08T00:00:00"}, {"type": "TEXT", "count": 1142, "shortest_values": [["NA", 2], ["NA", 2], ["3%", 2], ["1%", 2], ["NA", 2]], "longest_values": [["$11,234,213", 11], ["$81,701,952", 11], ["$21,691,951", 11], ["$26,839,909", 11], ["$3,596,836", 10]], "average_length": 4.63485113835377}]}, {"column_name": "Actual_FY16", "number_non_empty_cells": 2225, "number_empty_cells": 59, "number_distinct_values": 1712, "frequent_values": ["NA", "100%", "0", "95%", "100"], "dataTypes": [{"type": "INTEGER (LONG)", "count": 457, "max_value": 997, "min_value": 0, "mean": 251.45295404813987, "stddev": 270.729362704606}, {"type": "REAL", "count": 194, "max_value": 951.4, "min_value": 0.0, "mean": 56.014845360824744, "stddev": 122.70101399452804}, {"type": "DATE/TIME", "count": 512, "max_value": "2068-03-08T00:00:00", "min_value": "0100-12-08T00:00:00"}, {"type": "TEXT", "count": 1113, "shortest_values": [["NA", 2], ["NA", 2], ["8%", 2], ["1%", 2], ["5%", 2]], "longest_values": [["$136,076,979", 12], ["$10,139,937", 11], ["$31,312,619", 11], ["$4,094,324", 10], ["$2,123,391", 10]], "average_length": 4.654986522911047}]}, {"column_name": "Target_FY17", "number_non_empty_cells": 2284, "number_empty_cells": 0, "number_distinct_values": 335, "frequent_values": ["*", "\u2193", "\u2191", "85%", "90%"], "dataTypes": [{"type": "INTEGER (LONG)", "count": 71, "max_value": 920, "min_value": 0, "mean": 159.49295774647888, "stddev": 197.84535668464466}, {"type": "REAL", "count": 107, "max_value": 764.4, "min_value": 0.03, "mean": 25.505700934579433, "stddev": 75.61887632254523}, {"type": "DATE/TIME", "count": 66, "max_value": "2037-01-08T00:00:00", "min_value": "0100-02-08T00:00:00"}, {"type": "TEXT", "count": 2040, "shortest_values": [["*", 1], ["\u2191", 1], ["*", 1], ["*", 1], ["*", 1]], "longest_values": [["1,000,000", 9], ["$3,622.8", 8], ["$42,078", 7], ["100.0%", 6], ["11,000", 6]], "average_length": 1.596568627450979}]}, {"column_name": "Target_FY18", "number_non_empty_cells": 2284, "number_empty_cells": 0, "number_distinct_values": 335, "frequent_values": ["*", "\u2193", "\u2191", "85%", "90%"], "dataTypes": [{"type": "INTEGER (LONG)", "count": 67, "max_value": 920, "min_value": 0, "mean": 157.68656716417905, "stddev": 194.91140038146406}, {"type": "REAL", "count": 103, "max_value": 764.4, "min_value": 0.03, "mean": 25.586504854368936, "stddev": 76.9823854232503}, {"type": "DATE/TIME", "count": 72, "max_value": "2054-01-08T00:00:00", "min_value": "0100-02-08T00:00:00"}, {"type": "TEXT", "count": 2042, "shortest_values": [["*", 1], ["\u2191", 1], ["*", 1], ["*", 1], ["*", 1]], "longest_values": [["$3,783.0", 8], ["$42,078", 7], ["100.0%", 6], ["11,500", 6], ["31,300", 6]], "average_length": 1.5842311459353584}]}, {"column_name": "4-Month_Actual_FY16", "number_non_empty_cells": 1822, "number_empty_cells": 462, "number_distinct_values": 1344, "frequent_values": ["NA", "100%", "0", "100.0%", "99%"], "dataTypes": [{"type": "INTEGER (LONG)", "count": 462, "max_value": 995, "min_value": 0, "mean": 247.14502164502161, "stddev": 282.0861036595269}, {"type": "REAL", "count": 181, "max_value": 948.9, "min_value": 0.0, "mean": 53.43464088397789, "stddev": 120.6950548566924}, {"type": "DATE/TIME", "count": 394, "max_value": "2064-05-08T00:00:00", "min_value": "0100-12-08T00:00:00"}, {"type": "TEXT", "count": 1246, "shortest_values": [["NA", 2], ["NA", 2], ["NA", 2], ["NA", 2], ["NA", 2]], "longest_values": [["$4,024,073", 10], ["$11,346.5", 9], ["$590,556", 8], ["$315,377", 8], ["$1,690.9", 8]], "average_length": 3.629213483146068}]}, {"column_name": "4-Month_Actual_FY17", "number_non_empty_cells": 1845, "number_empty_cells": 439, "number_distinct_values": 1345, "frequent_values": ["NA", "100%", "0", "90%", "96%"], "dataTypes": [{"type": "INTEGER (LONG)", "count": 476, "max_value": 999, "min_value": 0, "mean": 248.7584033613445, "stddev": 281.838148679756}, {"type": "REAL", "count": 190, "max_value": 951.2, "min_value": 0.0, "mean": 54.73121052631575, "stddev": 135.78741583468238}, {"type": "DATE/TIME", "count": 394, "max_value": "2066-05-08T00:00:00", "min_value": "0101-04-08T00:00:00"}, {"type": "TEXT", "count": 1223, "shortest_values": [["NA", 2], ["NA", 2], ["NA", 2], ["NA", 2], ["NA", 2]], "longest_values": [["$4,142,088", 10], ["$32,341.4", 9], ["$384,254", 8], ["$167,689", 8], ["$1,720.9", 8]], "average_length": 3.64840556009812}]}]}