{"dataset_name": "/user/hm74/NYCOpenData/a8rp-fpnn.tsv.gz", "columns": [{"column_name": "PROGRAM TYPE", "number_non_empty_cells": 27, "number_empty_cells": 0, "number_distinct_values": 18, "frequent_values": ["Reading & Writing", "(40.751630739367, -73.883612545283)\"", "New York, NEW YORK 10032", "(40.745702449808, -73.938669029252)\"", "(40.681892092944, -73.935841631993)\""], "dataTypes": [{"type": "TEXT", "count": 27, "shortest_values": [["Reading & Writing", 17], ["Reading & Writing", 17], ["Reading & Writing", 17], ["Reading & Writing", 17], ["Reading & Writing", 17]], "longest_values": [["(40.833227654258, -73.914085372255)\"", 36], ["(40.745702449808, -73.938669029252)\"", 36], ["(40.839324204902, -73.936126103534)\"", 36], ["(40.728164407262, -73.792268173937)\"", 36], ["(40.681892092944, -73.935841631993)\"", 36]], "average_length": 25.037037037037038}]}, {"column_name": "PROGRAM", "number_non_empty_cells": 19, "number_empty_cells": 8, "number_distinct_values": 11, "frequent_values": ["Adolescent Literacy", "11233", "10463", "11366", "10456"], "dataTypes": [{"type": "INTEGER (LONG)", "count": 9, "max_value": 11372, "min_value": 10026, "mean": 10675.333333333334, "stddev": 557.872944515346}, {"type": "TEXT", "count": 10, "shortest_values": [["Adolescent Literacy", 19], ["Adolescent Literacy", 19], ["Adolescent Literacy", 19], ["Adolescent Literacy", 19], ["Adolescent Literacy", 19]], "longest_values": [["Adolescent Literacy", 19], ["Adolescent Literacy", 19], ["Adolescent Literacy", 19], ["Adolescent Literacy", 19], ["Adolescent Literacy", 19]], "average_length": 19.0}]}, {"column_name": "SITE NAME", "number_non_empty_cells": 18, "number_empty_cells": 9, "number_distinct_values": 19, "frequent_values": ["I.S. 126- Astoria Intermediate School", "Q 705- The Renaissance Charter School ", "40.681896", "I.S.168 - Parsons School ", "40.785671"], "dataTypes": [{"type": "REAL", "count": 8, "max_value": 40.839305, "min_value": 40.681896, "mean": 40.773030375000005, "stddev": 0.05024656318082353}, {"type": "TEXT", "count": 10, "shortest_values": [["I.S.168 - Parsons School ", 25], ["M.S. 368- IN-Tech Academy", 25], ["JHS 22- Jordan L Mott School", 28], ["MS 324 - Patria Mirabal School", 30], ["MS 35- Decatur Clearpool School", 31]], "longest_values": [["K 533- School for Democracy and Leadership 600 Kingston Avenue", 62], ["M.S. 635- Academy for Enviornmental Sciences ", 45], ["M.S. 860 Frederick Douglass Academy II ", 39], ["Q 705- The Renaissance Charter School ", 38], ["I.S. 126- Astoria Intermediate School", 37]], "average_length": 36.0}]}, {"column_name": "BOROUGH / COMMUNITY", "number_non_empty_cells": 18, "number_empty_cells": 9, "number_distinct_values": 13, "frequent_values": ["New York", "Queens", "Brooklyn", "Bronx", "-73.935963"], "dataTypes": [{"type": "REAL", "count": 8, "max_value": -73.810216, "min_value": -73.954142, "mean": -73.913662125, "stddev": 0.04367426301163638}, {"type": "TEXT", "count": 10, "shortest_values": [["Bronx", 5], ["Bronx", 5], ["Queens", 6], ["Queens", 6], ["Queens", 6]], "longest_values": [["Brooklyn", 8], ["New York", 8], ["Brooklyn", 8], ["New York", 8], ["New York", 8]], "average_length": 6.800000000000001}]}, {"column_name": "AGENCY", "number_non_empty_cells": 18, "number_empty_cells": 9, "number_distinct_values": 15, "frequent_values": ["Creative Arts Team/CUNY", "Supportive Childrens Advocacy Network (SCAN)", "3", "11", "8"], "dataTypes": [{"type": "INTEGER (LONG)", "count": 8, "max_value": 12, "min_value": 1, "mean": 6.5, "stddev": 3.968626966596886}, {"type": "TEXT", "count": 10, "shortest_values": [["CAMBA", 5], ["The Child Center of NY", 22], ["Stanton Heiskell Center", 23], ["Creative Arts Team/CUNY", 23], ["Creative Arts Team/CUNY", 23]], "longest_values": [["Supportive Childrens Advocacy Network (SCAN)", 44], ["Supportive Childrens Advocacy Network (SCAN)", 44], ["Jacob Riis Neighborhood Settlement", 34], ["The Children's Aid Society", 26], ["Stanton Heiskell Center", 23]], "average_length": 26.7}]}, {"column_name": "Contact Number", "number_non_empty_cells": 18, "number_empty_cells": 9, "number_distinct_values": 16, "frequent_values": ["212.652.2800", "212.683.2522", "212.740.8655", "8", "22"], "dataTypes": [{"type": "INTEGER (LONG)", "count": 8, "max_value": 36, "min_value": 8, "mean": 18.75, "stddev": 9.148087231765993}, {"type": "TEXT", "count": 10, "shortest_values": [["718.282.5575", 12], ["212.683.2522", 12], ["718.204.6797", 12], ["212.740.8655", 12], ["212.817.2106", 12]], "longest_values": [["718.458.4243 ext. 205", 21], ["718.282.5575", 12], ["212.683.2522", 12], ["718.204.6797", 12], ["212.740.8655", 12]], "average_length": 12.9}]}, {"column_name": "Grade Level / Age Group ", "number_non_empty_cells": 18, "number_empty_cells": 9, "number_distinct_values": 10, "frequent_values": ["grades 6 to 8", "218", "273", "162", "1257"], "dataTypes": [{"type": "INTEGER (LONG)", "count": 8, "max_value": 1257, "min_value": 77, "mean": 336.75, "stddev": 353.51546995852954}, {"type": "TEXT", "count": 10, "shortest_values": [["grades 6 to 8", 13], ["grades 6 to 8", 13], ["grades 6 to 8", 13], ["grades 6 to 8", 13], ["grades 6 to 8", 13]], "longest_values": [["grades 6 to 8", 13], ["grades 6 to 8", 13], ["grades 6 to 8", 13], ["grades 6 to 8", 13], ["grades 6 to 8", 13]], "average_length": 13.0}]}, {"column_name": "Location 1", "number_non_empty_cells": 17, "number_empty_cells": 10, "number_distinct_values": 18, "frequent_values": ["158 40 76th Road", "3047054", "410 100 Street", "4147847", "4006382"], "dataTypes": [{"type": "INTEGER (LONG)", "count": 8, "max_value": 4147847, "min_value": 1052998, "mean": 2552290.875, "stddev": 1325539.8274695894}, {"type": "TEXT", "count": 9, "shortest_values": [["21 Jumel Place", 14], ["215 114 Street", 14], ["410 100 Street", 14], ["270 167th Street", 16], ["158 40 76th Road", 16]], "longest_values": [["Tibbett Avenue Bronx NEW YORK10463", 34], ["272 McDonough Street", 20], ["31 51 21st Street", 17], ["35 59 81st Street", 17], ["270 167th Street", 16]], "average_length": 18.000000000000004}]}, {"column_name": "Postcode", "number_non_empty_cells": 9, "number_empty_cells": 18, "number_distinct_values": 10, "frequent_values": [1021120058, 3016740011, 1016930001, 1018300019, 2024380050], "dataTypes": [{"type": "INTEGER (LONG)", "count": 9, "max_value": 4068260001, "min_value": 11203, "mean": 2242675709.111111, "stddev": 1481137251.0862834}]}, {"column_name": "Latitude", "number_non_empty_cells": 8, "number_empty_cells": 19, "number_distinct_values": 9, "frequent_values": ["Central Harlem South                                                       ", "Stuyvesant Heights                                                         ", "Jackson Heights                                                            ", "Kew Gardens Hills                                                          ", "East Concourse-Concourse Village                                           "], "dataTypes": [{"type": "TEXT", "count": 8, "shortest_values": [["East Concourse-Concourse Village                                           ", 75], ["Astoria                                                                    ", 75], ["Washington Heights South                                                   ", 75], ["Kew Gardens Hills                                                          ", 75], ["Stuyvesant Heights                                                         ", 75]], "longest_values": [["East Concourse-Concourse Village                                           ", 75], ["Astoria                                                                    ", 75], ["Washington Heights South                                                   ", 75], ["Kew Gardens Hills                                                          ", 75], ["Stuyvesant Heights                                                         ", 75]], "average_length": 75.0}]}, {"column_name": "Longitude", "number_non_empty_cells": 0, "number_empty_cells": 27, "number_distinct_values": 1, "frequent_values": [null], "dataTypes": []}, {"column_name": "Community Board", "number_non_empty_cells": 0, "number_empty_cells": 27, "number_distinct_values": 1, "frequent_values": [null], "dataTypes": []}, {"column_name": "Council District", "number_non_empty_cells": 0, "number_empty_cells": 27, "number_distinct_values": 1, "frequent_values": [null], "dataTypes": []}, {"column_name": "Census Tract", "number_non_empty_cells": 0, "number_empty_cells": 27, "number_distinct_values": 1, "frequent_values": [null], "dataTypes": []}, {"column_name": "BIN", "number_non_empty_cells": 0, "number_empty_cells": 27, "number_distinct_values": 1, "frequent_values": [null], "dataTypes": []}, {"column_name": "BBL", "number_non_empty_cells": 0, "number_empty_cells": 27, "number_distinct_values": 1, "frequent_values": [null], "dataTypes": []}, {"column_name": "NTA", "number_non_empty_cells": 0, "number_empty_cells": 27, "number_distinct_values": 1, "frequent_values": [null], "dataTypes": []}]}