{"dataset_name": "/user/hm74/NYCOpenData/a9es-3fcm.tsv.gz", "columns": [{"column_name": "Family Size", "number_non_empty_cells": 7, "number_empty_cells": 0, "number_distinct_values": 7, "frequent_values": ["3", "5", "For each additional person add:", "Note: Income Levels are awaiting 2016 updates pending Federal approval ", "1"], "dataTypes": [{"type": "INTEGER (LONG)", "count": 5, "max_value": 5, "min_value": 1, "mean": 3.0, "stddev": 1.4142135623730951}, {"type": "TEXT", "count": 2, "shortest_values": [["For each additional person add:", 31], ["Note: Income Levels are awaiting 2016 updates pending Federal approval ", 71]], "longest_values": [["Note: Income Levels are awaiting 2016 updates pending Federal approval ", 71], ["For each additional person add:", 31]], "average_length": 51.0}]}, {"column_name": "Yearly Income", "number_non_empty_cells": 6, "number_empty_cells": 1, "number_distinct_values": 7, "frequent_values": [54084, 26256, 44808, 9288, 63360], "dataTypes": [{"type": "INTEGER (LONG)", "count": 6, "max_value": 63360, "min_value": 9288, "mean": 38888.0, "stddev": 17850.46105847129}]}, {"column_name": "Monthly Income", "number_non_empty_cells": 6, "number_empty_cells": 1, "number_distinct_values": 7, "frequent_values": [4507, 2961, 3734, 774, 2188], "dataTypes": [{"type": "INTEGER (LONG)", "count": 6, "max_value": 5280, "min_value": 774, "mean": 3240.6666666666665, "stddev": 1487.5384215392742}]}, {"column_name": "Weekly Income", "number_non_empty_cells": 6, "number_empty_cells": 1, "number_distinct_values": 7, "frequent_values": [179, 683, 1218, 862, 505], "dataTypes": [{"type": "INTEGER (LONG)", "count": 6, "max_value": 1218, "min_value": 179, "mean": 747.8333333333334, "stddev": 343.0730809738486}]}]}