{"dataset_name": "/user/hm74/NYCOpenData/aa5e-digs.tsv.gz", "columns": [{"column_name": "Sample_Site_", "number_non_empty_cells": 5552, "number_empty_cells": 0, "number_distinct_values": 17, "frequent_values": [" 1S03B", " 1S03A", "1SCL1", " 1S07", " 1S03"], "dataTypes": [{"type": "INTEGER (LONG)", "count": 1, "max_value": 19000, "min_value": 19000, "mean": 19000.0, "stddev": 0.0}, {"type": "DATE/TIME", "count": 1461, "max_value": "2019-12-08T00:00:01", "min_value": "2019-12-08T00:00:01"}, {"type": "TEXT", "count": 4090, "shortest_values": [["1S03B", 5], ["1SCH3", 5], ["1SCL1", 5], ["1S03A", 5], ["1S03A", 5]], "longest_values": [["12150**", 7], ["12150**", 7], ["12150**", 7], ["19000**", 7], ["10250**", 7]], "average_length": 5.633251833740829}]}, {"column_name": "Sample_Date", "number_non_empty_cells": 5552, "number_empty_cells": 0, "number_distinct_values": 1461, "frequent_values": ["02/07/2017", "12/04/2018", "01/04/2017", "10/03/2018", "11/24/2016"], "dataTypes": [{"type": "DATE/TIME", "count": 5552, "max_value": "2018-12-31T00:00:00", "min_value": "2014-07-01T00:00:00"}]}, {"column_name": "pH_\u2020(Unit)", "number_non_empty_cells": 5552, "number_empty_cells": 0, "number_distinct_values": 89, "frequent_values": [7.31, 7.35, 7.32, 7.37, 7.34], "dataTypes": [{"type": "REAL", "count": 5552, "max_value": 7.96, "min_value": 6.79, "mean": 7.3690399855907875, "stddev": 0.1281250452471968}]}, {"column_name": "Alkalinity_(mg/L_CaCO3)", "number_non_empty_cells": 192, "number_empty_cells": 5360, "number_distinct_values": 82, "frequent_values": [15.6, 16.4, 15.8, 17.6, 15.5], "dataTypes": [{"type": "REAL", "count": 192, "max_value": 79.9, "min_value": 13.4, "mean": 23.79270833333334, "stddev": 18.015290061452355}]}, {"column_name": "Calcium_(mg/L)", "number_non_empty_cells": 192, "number_empty_cells": 5360, "number_distinct_values": 114, "frequent_values": [6.07, 5.73, 6.09, 5.71, 6.15], "dataTypes": [{"type": "REAL", "count": 192, "max_value": 30.4, "min_value": 5.45, "mean": 9.292395833333327, "stddev": 7.519610091397642}]}, {"column_name": "Specific_Conductance_(_\u00b5S/cm)", "number_non_empty_cells": 5552, "number_empty_cells": 0, "number_distinct_values": 294, "frequent_values": [92, 91, 94, 93, 95], "dataTypes": [{"type": "INTEGER (LONG)", "count": 5552, "max_value": 555, "min_value": 78, "mean": 156.32168587896237, "stddev": 138.53013609872912}]}, {"column_name": "_Temperature_\u2020_(\u00b0F)", "number_non_empty_cells": 5552, "number_empty_cells": 0, "number_distinct_values": 39, "frequent_values": [66, 64, 39, 65, 40], "dataTypes": [{"type": "INTEGER (LONG)", "count": 5552, "max_value": 71, "min_value": 33, "mean": 52.57528818443795, "stddev": 9.7794162906645}]}, {"column_name": "ortho-Phosphate_\u2020\u2020_(mg/L)", "number_non_empty_cells": 5552, "number_empty_cells": 0, "number_distinct_values": 108, "frequent_values": [2.13, 2.06, 2.07, 2.16, 2.11], "dataTypes": [{"type": "REAL", "count": 5552, "max_value": 2.83, "min_value": 0.79, "mean": 2.0927449567723277, "stddev": 0.14539210056547974}]}, {"column_name": "Lead_(\u00b5g/L)", "number_non_empty_cells": 192, "number_empty_cells": 5360, "number_distinct_values": 3, "frequent_values": [0, 1, null], "dataTypes": [{"type": "INTEGER (LONG)", "count": 192, "max_value": 1, "min_value": 0, "mean": 0.005208333333333334, "stddev": 0.07198059875565234}]}, {"column_name": "Copper_(mg/L)", "number_non_empty_cells": 192, "number_empty_cells": 5360, "number_distinct_values": 23, "frequent_values": [0.005, 0.006, 0.004, 0.008, 0.007], "dataTypes": [{"type": "REAL", "count": 192, "max_value": 0.088, "min_value": 0.003, "mean": 0.008557291666666668, "stddev": 0.010201452559885643}]}]}