{"dataset_name": "/user/hm74/NYCOpenData/aa5u-mys6.tsv.gz", "columns": [{"column_name": "NEIGHBORHOOD", "number_non_empty_cells": 152, "number_empty_cells": 3, "number_distinct_values": 58, "frequent_values": ["KEW GARDENS              ", "SOUTH JAMAICA            ", "OZONE PARK               ", "WHITESTONE               ", "FLUSHING-SOUTH           "], "dataTypes": [{"type": "TEXT", "count": 155, "shortest_values": [["AIRPORT LA GUARDIA       ", 25], ["AIRPORT LA GUARDIA       ", 25], ["ARVERNE                  ", 25], ["ARVERNE                  ", 25], ["ARVERNE                  ", 25]], "longest_values": [["AIRPORT LA GUARDIA       ", 25], ["AIRPORT LA GUARDIA       ", 25], ["ARVERNE                  ", 25], ["ARVERNE                  ", 25], ["ARVERNE                  ", 25]], "average_length": 25.0}]}, {"column_name": "TYPE OF HOME", "number_non_empty_cells": 155, "number_empty_cells": 0, "number_distinct_values": 3, "frequent_values": ["01 ONE FAMILY HOMES                        ", "02 TWO FAMILY HOMES                        ", "03 THREE FAMILY HOMES                      "], "dataTypes": [{"type": "TEXT", "count": 155, "shortest_values": [["01 ONE FAMILY HOMES                        ", 43], ["02 TWO FAMILY HOMES                        ", 43], ["01 ONE FAMILY HOMES                        ", 43], ["02 TWO FAMILY HOMES                        ", 43], ["03 THREE FAMILY HOMES                      ", 43]], "longest_values": [["01 ONE FAMILY HOMES                        ", 43], ["02 TWO FAMILY HOMES                        ", 43], ["01 ONE FAMILY HOMES                        ", 43], ["02 TWO FAMILY HOMES                        ", 43], ["03 THREE FAMILY HOMES                      ", 43]], "average_length": 43.0}]}, {"column_name": "NUMBER OF SALES", "number_non_empty_cells": 155, "number_empty_cells": 0, "number_distinct_values": 89, "frequent_values": [1, 2, 9, 4, 3], "dataTypes": [{"type": "INTEGER (LONG)", "count": 155, "max_value": 466, "min_value": 1, "mean": 60.916129032258056, "stddev": 70.65590903661068}]}, {"column_name": "LOWEST SALE PRICE", "number_non_empty_cells": 155, "number_empty_cells": 0, "number_distinct_values": 100, "frequent_values": [150000.0, 200000.0, 160000.0, 250000.0, 165000.0], "dataTypes": [{"type": "REAL", "count": 155, "max_value": 885000.0, "min_value": 150000.0, "mean": 303464.993548387, "stddev": 174952.26561405335}]}, {"column_name": "AVERAGE SALE PRICE", "number_non_empty_cells": 155, "number_empty_cells": 0, "number_distinct_values": 154, "frequent_values": [425000.0, 456221.0, 606709.0, 636014.0, 422919.0], "dataTypes": [{"type": "REAL", "count": 155, "max_value": 1034753.0, "min_value": 295315.0, "mean": 600716.9096774193, "stddev": 157324.9601048064}]}, {"column_name": "MEDIAN SALE PRICE", "number_non_empty_cells": 155, "number_empty_cells": 0, "number_distinct_values": 131, "frequent_values": [780000.0, 530000.0, 600000.0, 800000.0, 700000.0], "dataTypes": [{"type": "REAL", "count": 155, "max_value": 983500.0, "min_value": 273667.0, "mean": 596211.7999999999, "stddev": 156020.33467333464}]}, {"column_name": "HIGHEST SALE PRICE", "number_non_empty_cells": 155, "number_empty_cells": 0, "number_distinct_values": 122, "frequent_values": [880000.0, 700000.0, 750000.0, 725000.0, 1350000.0], "dataTypes": [{"type": "REAL", "count": 155, "max_value": 5617500.0, "min_value": 400000.0, "mean": 1082659.8516129039, "stddev": 661728.4516837343}]}]}