{"dataset_name": "/user/hm74/NYCOpenData/aagv-t6fa.tsv.gz", "columns": [{"column_name": "Agency", "number_non_empty_cells": 200, "number_empty_cells": 0, "number_distinct_values": 44, "frequent_values": ["DPR", "NYPD", "DSNY", "DFTA", "HRA"], "dataTypes": [{"type": "INTEGER (LONG)", "count": 3, "max_value": 311, "min_value": 311, "mean": 311.0, "stddev": 0.0}, {"type": "TEXT", "count": 197, "shortest_values": [["ACS", 3], ["ACS", 3], ["ACS", 3], ["ACS", 3], ["ACS", 3]], "longest_values": [["DOHMH", 5], ["DOHMH", 5], ["DOHMH", 5], ["DOHMH", 5], ["DOHMH", 5]], "average_length": 3.568527918781726}]}, {"column_name": "Resource_Indicators", "number_non_empty_cells": 200, "number_empty_cells": 0, "number_distinct_values": 16, "frequent_values": ["Expenditures ($000,000)", "Personnel", "Revenues ($000,000)", "Overtime paid ($000,000)", "Capital commitments ($000,000)"], "dataTypes": [{"type": "TEXT", "count": 200, "shortest_values": [["Personnel", 9], ["Personnel", 9], ["Personnel", 9], ["Personnel", 9], ["Personnel", 9]], "longest_values": [["Capital commitments (capital projects managed for client agencies) ($000,000)", 77], ["    - Parks Opportunity Program (POP) participants", 50], ["Human services contract budget ($000,000)", 41], ["Human services contract budget ($000,000)", 41], ["Human services contract budget ($000,000)", 41]], "average_length": 21.384999999999984}]}, {"column_name": "FY14_Actual", "number_non_empty_cells": 197, "number_empty_cells": 3, "number_distinct_values": 192, "frequent_values": ["NA", "$62.9", "$3.1", "64", "$0"], "dataTypes": [{"type": "INTEGER (LONG)", "count": 21, "max_value": 960, "min_value": 51, "mean": 345.42857142857144, "stddev": 249.38124789711256}, {"type": "DATE/TIME", "count": 24, "max_value": "2019-02-01T00:00:00", "min_value": "0134-12-07T00:00:00"}, {"type": "TEXT", "count": 155, "shortest_values": [["$4", 2], ["NA", 2], ["$0", 2], ["NA", 2], ["$0", 2]], "longest_values": [["$20,085.3", 9], ["$2,785.5", 8], ["$1,629.5", 8], ["$1,201.7", 8], ["$1,301.3", 8]], "average_length": 5.309677419354839}]}, {"column_name": "FY15_Actual", "number_non_empty_cells": 197, "number_empty_cells": 3, "number_distinct_values": 194, "frequent_values": ["NA", "$41", "$37.4", "$5.8", "$35.0"], "dataTypes": [{"type": "INTEGER (LONG)", "count": 21, "max_value": 945, "min_value": 53, "mean": 362.2380952380953, "stddev": 252.80707961038945}, {"type": "DATE/TIME", "count": 25, "max_value": "2019-12-30T00:00:00", "min_value": "0105-02-07T00:00:00"}, {"type": "TEXT", "count": 154, "shortest_values": [["$9", 2], ["NA", 2], ["$0", 2], ["NA", 2], ["$1", 2]], "longest_values": [["$20,999.4", 9], ["$2,826.7", 8], ["$1,647.8", 8], ["$1,157.8", 8], ["$1,439.2", 8]], "average_length": 5.298701298701295}]}, {"column_name": "FY16_Actual", "number_non_empty_cells": 200, "number_empty_cells": 0, "number_distinct_values": 197, "frequent_values": ["360", "$0", "$7.2", "$455.8", "4,043"], "dataTypes": [{"type": "INTEGER (LONG)", "count": 24, "max_value": 936, "min_value": 67, "mean": 371.29166666666674, "stddev": 251.3081573100156}, {"type": "DATE/TIME", "count": 23, "max_value": "2043-04-07T00:00:00", "min_value": "0141-12-07T00:00:00"}, {"type": "TEXT", "count": 153, "shortest_values": [["$7", 2], ["$0", 2], ["$0", 2], ["$5", 2], ["$57", 3]], "longest_values": [["$22,421.6", 9], ["$2,875.1", 8], ["$1,710.3", 8], ["$1,018.7", 8], ["$1,117.8", 8]], "average_length": 5.418300653594771}]}, {"column_name": "FY17_Sept_2016_MMR_Plan", "number_non_empty_cells": 200, "number_empty_cells": 0, "number_distinct_values": 193, "frequent_values": ["$0", "*", "$3.4", "$23,189.5", "800"], "dataTypes": [{"type": "INTEGER (LONG)", "count": 20, "max_value": 2238, "min_value": 56, "mean": 467.19999999999993, "stddev": 467.11536048389587}, {"type": "REAL", "count": 3, "max_value": 1037.2, "min_value": 5.5, "mean": 369.5333333333333, "stddev": 472.7551327648972}, {"type": "DATE/TIME", "count": 24, "max_value": "2047-06-07T00:00:00", "min_value": "0140-12-07T00:00:00"}, {"type": "TEXT", "count": 153, "shortest_values": [["*", 1], ["*", 1], ["*", 1], ["$0", 2], ["$0", 2]], "longest_values": [["$23,189.5", 9], ["$2,977.9", 8], ["$1,746.3", 8], ["$1,055.0", 8], ["$1,180.7", 8]], "average_length": 5.346405228758172}]}, {"column_name": "FY17_Updated_Plan_from_Jan_2017_Financial_Plan", "number_non_empty_cells": 200, "number_empty_cells": 0, "number_distinct_values": 191, "frequent_values": ["$0", "*", "$6.2", "$3.4", "$42.0"], "dataTypes": [{"type": "INTEGER (LONG)", "count": 19, "max_value": 800, "min_value": 68, "mean": 385.89473684210526, "stddev": 241.0570787914287}, {"type": "REAL", "count": 1, "max_value": 5.5, "min_value": 5.5, "mean": 5.5, "stddev": 0.0}, {"type": "DATE/TIME", "count": 25, "max_value": "2067-01-07T00:00:00", "min_value": "0133-06-07T00:00:00"}, {"type": "TEXT", "count": 155, "shortest_values": [["*", 1], ["*", 1], ["*", 1], ["$0", 2], ["$0", 2]], "longest_values": [["$23,310.3", 9], ["$3,030.9", 8], ["$1,780.9", 8], ["$1,197.8", 8], ["$1,206.7", 8]], "average_length": 5.361290322580647}]}, {"column_name": "FY18_Plan_from_Jan_2017_Financial_Plan", "number_non_empty_cells": 200, "number_empty_cells": 0, "number_distinct_values": 191, "frequent_values": ["$0", "*", "$3.4", "$3.6", "$31.4"], "dataTypes": [{"type": "INTEGER (LONG)", "count": 19, "max_value": 800, "min_value": 60, "mean": 374.52631578947364, "stddev": 245.19602650276042}, {"type": "REAL", "count": 1, "max_value": 5.5, "min_value": 5.5, "mean": 5.5, "stddev": 0.0}, {"type": "DATE/TIME", "count": 25, "max_value": "2067-01-07T00:00:00", "min_value": "0144-12-07T00:00:00"}, {"type": "TEXT", "count": 155, "shortest_values": [["*", 1], ["*", 1], ["*", 1], ["*", 1], ["$0", 2]], "longest_values": [["$24,325.7", 9], ["$3,033.6", 8], ["$1,774.4", 8], ["$1,106.6", 8], ["$1,133.6", 8]], "average_length": 5.290322580645164}]}, {"column_name": "FY16_4Month_Actual", "number_non_empty_cells": 199, "number_empty_cells": 1, "number_distinct_values": 189, "frequent_values": ["$0", "$2.3", "$3.8", "$3.7", "$0.0"], "dataTypes": [{"type": "INTEGER (LONG)", "count": 24, "max_value": 950, "min_value": 53, "mean": 375.7083333333333, "stddev": 256.14391774395546}, {"type": "DATE/TIME", "count": 24, "max_value": "2057-09-07T00:00:00", "min_value": "0131-02-07T00:00:00"}, {"type": "TEXT", "count": 152, "shortest_values": [["$1", 2], ["$0", 2], ["NA", 2], ["$6", 2], ["$0", 2]], "longest_values": [["$1,504.9", 8], ["$8,360.6", 8], ["$2,419.1", 8], ["$2,143.4", 8], ["$3,474.7", 8]], "average_length": 4.835526315789473}]}, {"column_name": "FY17_4Month_Actual", "number_non_empty_cells": 199, "number_empty_cells": 1, "number_distinct_values": 186, "frequent_values": ["$0.3", "$1.4", "$2", "$2.2", "$14.5"], "dataTypes": [{"type": "INTEGER (LONG)", "count": 24, "max_value": 927, "min_value": 61, "mean": 369.3333333333333, "stddev": 250.2649706921757}, {"type": "DATE/TIME", "count": 23, "max_value": "2019-06-22T00:00:00", "min_value": "0130-04-07T00:00:00"}, {"type": "TEXT", "count": 153, "shortest_values": [["$2", 2], ["$0", 2], ["$8", 2], ["NA", 2], ["$2", 2]], "longest_values": [["$1,625.5", 8], ["$8,916.9", 8], ["$2,146.1", 8], ["$1,913.9", 8], ["$3,634.7", 8]], "average_length": 4.8627450980392135}]}, {"column_name": "Includes_all_Funds", "number_non_empty_cells": 42, "number_empty_cells": 158, "number_distinct_values": 2, "frequent_values": ["Y", null], "dataTypes": [{"type": "TEXT", "count": 42, "shortest_values": [["Y", 1], ["Y", 1], ["Y", 1], ["Y", 1], ["Y", 1]], "longest_values": [["Y", 1], ["Y", 1], ["Y", 1], ["Y", 1], ["Y", 1]], "average_length": 1.0}]}, {"column_name": "Notes", "number_non_empty_cells": 10, "number_empty_cells": 190, "number_distinct_values": 6, "frequent_values": ["H+H Updated FY17 and FY18 Plans for Expenditures, Revenues and Overtime paid are consistent with H+H November 2016 Financial Plan", "This is a subtotal of the Department of Information Technology and Telecommunications total.", "H+H Updated FY17 and FY18 Plans for Personnel and Capital commitments are consistent with NYC January 2017 Financial Plan", "DEP revenues shown here do not include any of the approximately $1.4 billion the City receives annually from the NYC Water Board in reimbursement for operations & maintenance and in rent.", "The Parks Opportunity Program participants, reflected as full-time equivalents, are a subtotal of the Department's total Personnel count reported above."], "dataTypes": [{"type": "TEXT", "count": 10, "shortest_values": [["This is a subtotal of the Department of Information Technology and Telecommunications total.", 92], ["This is a subtotal of the Department of Information Technology and Telecommunications total.", 92], ["This is a subtotal of the Department of Information Technology and Telecommunications total.", 92], ["H+H Updated FY17 and FY18 Plans for Personnel and Capital commitments are consistent with NYC January 2017 Financial Plan", 121], ["H+H Updated FY17 and FY18 Plans for Personnel and Capital commitments are consistent with NYC January 2017 Financial Plan", 121]], "longest_values": [["DEP revenues shown here do not include any of the approximately $1.4 billion the City receives annually from the NYC Water Board in reimbursement for operations & maintenance and in rent.", 187], ["The Parks Opportunity Program participants, reflected as full-time equivalents, are a subtotal of the Department's total Personnel count reported above.", 152], ["H+H Updated FY17 and FY18 Plans for Expenditures, Revenues and Overtime paid are consistent with H+H November 2016 Financial Plan", 129], ["H+H Updated FY17 and FY18 Plans for Expenditures, Revenues and Overtime paid are consistent with H+H November 2016 Financial Plan", 129], ["H+H Updated FY17 and FY18 Plans for Expenditures, Revenues and Overtime paid are consistent with H+H November 2016 Financial Plan", 129]], "average_length": 124.39999999999999}]}]}