{"dataset_name": "/user/hm74/NYCOpenData/abgn-8q46.tsv.gz", "columns": [{"column_name": "GRADE ", "number_non_empty_cells": 154, "number_empty_cells": 0, "number_distinct_values": 13, "frequent_values": ["09-12", "MS Core", "0K-09", "07", "01"], "dataTypes": [{"type": "INTEGER (LONG)", "count": 26, "max_value": 9, "min_value": 1, "mean": 4.846153846153846, "stddev": 2.506795497969281}, {"type": "DATE/TIME", "count": 66, "max_value": "2019-09-12T00:00:00", "min_value": "2019-09-12T00:00:00"}, {"type": "TEXT", "count": 62, "shortest_values": [["0K", 2], ["0K", 2], ["0K", 2], ["0K-09", 5], ["0K-09", 5]], "longest_values": [["MS Core", 7], ["MS Core", 7], ["MS Core", 7], ["MS Core", 7], ["MS Core", 7]], "average_length": 6.596774193548388}]}, {"column_name": "PROGRAM TYPE", "number_non_empty_cells": 154, "number_empty_cells": 0, "number_distinct_values": 4, "frequent_values": ["GEN ED", "CTT", "SPEC ED", "G&T"], "dataTypes": [{"type": "TEXT", "count": 154, "shortest_values": [["CTT", 3], ["G&T", 3], ["CTT", 3], ["G&T", 3], ["CTT", 3]], "longest_values": [["SPEC ED", 7], ["SPEC ED", 7], ["SPEC ED", 7], ["SPEC ED", 7], ["SPEC ED", 7]], "average_length": 5.155844155844156}]}, {"column_name": "CORE SUBJECT (MS CORE and 9-12 ONLY)", "number_non_empty_cells": 154, "number_empty_cells": 0, "number_distinct_values": 5, "frequent_values": ["MATH", "-", "SCIENCE", "SOCIAL STUDIES", "ENGLISH"], "dataTypes": [{"type": "TEXT", "count": 154, "shortest_values": [["-", 1], ["-", 1], ["-", 1], ["-", 1], ["-", 1]], "longest_values": [["SOCIAL STUDIES", 14], ["SOCIAL STUDIES", 14], ["SOCIAL STUDIES", 14], ["SOCIAL STUDIES", 14], ["SOCIAL STUDIES", 14]], "average_length": 6.298701298701299}]}, {"column_name": "CORE COURSE (MS CORE and 9-12 ONLY)", "number_non_empty_cells": 154, "number_empty_cells": 0, "number_distinct_values": 26, "frequent_values": ["-", "Trigonometry", "Earth Science", "Other Science", "Global History & Geography"], "dataTypes": [{"type": "TEXT", "count": 154, "shortest_values": [["-", 1], ["-", 1], ["-", 1], ["-", 1], ["-", 1]], "longest_values": [["Participation in Government", 27], ["Participation in Government", 27], ["Participation in Government", 27], ["Participation in Government", 27], ["Global History & Geography", 26]], "average_length": 10.974025974025974}]}, {"column_name": "SERVICE CATEGORY(K-9* ONLY)", "number_non_empty_cells": 154, "number_empty_cells": 0, "number_distinct_values": 6, "frequent_values": ["-", "15:1", "8:1:1", "12:1", "6:1:1"], "dataTypes": [{"type": "DATE/TIME", "count": 5, "max_value": "2019-12-06T15:01:00", "min_value": "2019-12-06T06:01:01"}, {"type": "TEXT", "count": 149, "shortest_values": [["-", 1], ["-", 1], ["-", 1], ["-", 1], ["-", 1]], "longest_values": [["-", 1], ["-", 1], ["-", 1], ["-", 1], ["-", 1]], "average_length": 1.0}]}, {"column_name": "NUMBER OF STUDENTS / SEATS FILLED", "number_non_empty_cells": 154, "number_empty_cells": 0, "number_distinct_values": 152, "frequent_values": [10, 56, 8665, 50814, 9775], "dataTypes": [{"type": "INTEGER (LONG)", "count": 154, "max_value": 164919, "min_value": 10, "mean": 18007.69480519481, "stddev": 31833.040007940108}]}, {"column_name": "NUMBER OF SECTIONS", "number_non_empty_cells": 154, "number_empty_cells": 0, "number_distinct_values": 126, "frequent_values": [1, 2, 4, 6, 76], "dataTypes": [{"type": "INTEGER (LONG)", "count": 154, "max_value": 6207, "min_value": 1, "mean": 726.6558441558442, "stddev": 1207.4301968470286}]}, {"column_name": "AVERAGE CLASS SIZE", "number_non_empty_cells": 154, "number_empty_cells": 0, "number_distinct_values": 86, "frequent_values": [27.5, 26.2, 27.3, 27.0, 26.8], "dataTypes": [{"type": "REAL", "count": 154, "max_value": 33.0, "min_value": 5.0, "mean": 21.470779220779225, "stddev": 6.943285323326895}]}]}