{"dataset_name": "/user/hm74/NYCOpenData/abnr-s7g4.tsv.gz", "columns": [{"column_name": "DeveloperSelectionDWID", "number_non_empty_cells": 643, "number_empty_cells": 0, "number_distinct_values": 643, "frequent_values": [1088, 1238, 833, 1342, 623], "dataTypes": [{"type": "INTEGER (LONG)", "count": 643, "max_value": 1350, "min_value": 8, "mean": 918.4494556765164, "stddev": 231.5847127328452}]}, {"column_name": "ProjectID", "number_non_empty_cells": 643, "number_empty_cells": 0, "number_distinct_values": 643, "frequent_values": [48254, 51607, 50353, 50223, 51123], "dataTypes": [{"type": "INTEGER (LONG)", "count": 643, "max_value": 67577, "min_value": 44218, "mean": 53543.07931570762, "stddev": 5852.298381819919}]}, {"column_name": "Method", "number_non_empty_cells": 642, "number_empty_cells": 1, "number_distinct_values": 11, "frequent_values": ["Application", "Direct Negotiation", "Request for Qualifications", "Negotiated Sale", "Request for Proposals"], "dataTypes": [{"type": "TEXT", "count": 642, "shortest_values": [["RFP", 3], ["RFQ", 3], ["RFP", 3], ["RFP", 3], ["RFP", 3]], "longest_values": [["Request for Qualifications", 26], ["Selected by Another Agency", 26], ["Request for Qualifications", 26], ["Request for Qualifications", 26], ["Request for Qualifications", 26]], "average_length": 13.038940809968842}]}, {"column_name": "RFPName", "number_non_empty_cells": 43, "number_empty_cells": 600, "number_distinct_values": 33, "frequent_values": ["Seward Park", "New Foundations Homeowner", "Melrose Commons North", "Arverne East RFP", "Hunters Point South, Queens,NY Request for Proposals"], "dataTypes": [{"type": "TEXT", "count": 43, "shortest_values": [["Seward Park", 11], ["Seward Park", 11], ["Seward Park", 11], ["Seward Park", 11], ["Seward Park", 11]], "longest_values": [["The New York City Department of Housing Preservation and Development and the New York City Housing Authority Affordable Housing for the Bronx Request for Proposals", 163], ["The New York City Department of Housing Preservation and Developent and The New York City Housing Authority Affordable Housing for the Bronx Request for Proposals", 162], ["New Foundations Homeownership Program Request for Proposals", 59], ["Livonia Avenue Initiative Phase I Request for Proposals", 55], ["Hunters Point South, Queens,NY Request for Proposals", 52]], "average_length": 31.95348837209304}]}, {"column_name": "RFQName", "number_non_empty_cells": 51, "number_empty_cells": 592, "number_distinct_values": 13, "frequent_values": ["TPT Round 8 & 9", "TPT Round 8&9 RFQ", "No", "Supportive Housing RFQ", "Multifamily Preservation Program RFQ"], "dataTypes": [{"type": "TEXT", "count": 51, "shortest_values": [["No", 2], ["No", 2], ["No", 2], ["No", 2], ["No", 2]], "longest_values": [["Multifamily Preservation Program RFQ", 36], ["Multifamily Preservation Program RFQ", 36], ["ANCP, TPT-TP, & Special Projects", 32], ["NYC House Reconstruction", 24], ["TPT Round 4,5,& 7 RFQs", 22]], "average_length": 16.19607843137255}]}, {"column_name": "IsDeveloperPrequalified", "number_non_empty_cells": 643, "number_empty_cells": 0, "number_distinct_values": 2, "frequent_values": ["No", "Yes"], "dataTypes": [{"type": "TEXT", "count": 643, "shortest_values": [["No", 2], ["No", 2], ["No", 2], ["No", 2], ["No", 2]], "longest_values": [["Yes", 3], ["Yes", 3], ["Yes", 3], ["Yes", 3], ["Yes", 3]], "average_length": 2.051321928460344}]}]}