{"dataset_name": "/user/hm74/NYCOpenData/ac4n-c5re.tsv.gz", "columns": [{"column_name": "FISCAL_YEAR", "number_non_empty_cells": 5455, "number_empty_cells": 0, "number_distinct_values": 1408, "frequent_values": ["2014", "BRONX, NY 10456", "BRONX, NY 10457", "BROOKLYN, NY 11212", "BROOKLYN, NY 11207"], "dataTypes": [{"type": "INTEGER (LONG)", "count": 1819, "max_value": 2014, "min_value": 2014, "mean": 2014.0, "stddev": 0.0}, {"type": "TEXT", "count": 3636, "shortest_values": [["BRONX, NY 10451", 15], ["BRONX, NY 10455", 15], ["BRONX, NY 10451", 15], ["BRONX, NY 10455", 15], ["BRONX, NY 10451", 15]], "longest_values": [["LONG ISLAND CITY, NY 11101", 26], ["Long Island City, NY 11101", 26], ["JACKSON HEIGHTS, NY 11372", 25], ["(40.722075, -73.978747)\"", 24], ["(40.730009, -73.984496)\"", 24]], "average_length": 20.52612761276125}]}, {"column_name": "ATS_SYSTEM_CODE", "number_non_empty_cells": 1819, "number_empty_cells": 3636, "number_distinct_values": 1820, "frequent_values": ["10X308      ", "10X331      ", "11X355      ", "12X684      ", "15K447      "], "dataTypes": [{"type": "DATE/TIME", "count": 35, "max_value": "2019-12-09T00:06:52", "min_value": "2019-12-09T00:01:15"}, {"type": "TEXT", "count": 1784, "shortest_values": [["01M063      ", 12], ["01M064      ", 12], ["01M110      ", 12], ["01M134      ", 12], ["01M137      ", 12]], "longest_values": [["01M063      ", 12], ["01M064      ", 12], ["01M110      ", 12], ["01M134      ", 12], ["01M137      ", 12]], "average_length": 12.0}]}, {"column_name": "LOCATION_CODE", "number_non_empty_cells": 1819, "number_empty_cells": 3636, "number_distinct_values": 1820, "frequent_values": ["X291", "K656", "K246", "Q013", "Q076"], "dataTypes": [{"type": "DATE/TIME", "count": 36, "max_value": "2019-12-09T00:00:59", "min_value": "2019-12-09T00:00:01"}, {"type": "TEXT", "count": 1783, "shortest_values": [["M063", 4], ["M064", 4], ["M110", 4], ["M134", 4], ["M137", 4]], "longest_values": [["M063", 4], ["M064", 4], ["M110", 4], ["M134", 4], ["M137", 4]], "average_length": 4.0}]}, {"column_name": "LOCATION_NAME", "number_non_empty_cells": 1816, "number_empty_cells": 3639, "number_distinct_values": 1814, "frequent_values": ["New Visions Charter High School for the Humanities", "New Visions Charter High School for Advanced Math", "P.S. 253", "P.S. 212", "P.S. 152 Gwendoline N. Alleyne School"], "dataTypes": [{"type": "TEXT", "count": 1819, "shortest_values": [["Kappa", 5], ["PS 78", 5], ["PS 536", 6], ["PS 110", 6], ["PS 354", 6]], "longest_values": [["Collaborative Academy of Science, Technology, & La", 50], ["New Explorations into Science, Technology and Math", 50], ["47 The American Sign Language and English Secondar", 50], ["The Urban Assembly School for Emergency Management", 50], ["Stephen T. Mather Building Arts & Craftsmanship Hi", 50]], "average_length": 28.847718526663016}]}, {"column_name": "BEDS_NUMBER", "number_non_empty_cells": 1819, "number_empty_cells": 3636, "number_distinct_values": 1820, "frequent_values": [321000011264, 321100011299, 331300010103, 331500011423, 331700010770], "dataTypes": [{"type": "INTEGER (LONG)", "count": 1819, "max_value": 353100860984, "min_value": 300000010645, "mean": 327202295234.5203, "stddev": 12482385860.304813}]}, {"column_name": "MANAGED_BY_NAME", "number_non_empty_cells": 1819, "number_empty_cells": 3636, "number_distinct_values": 3, "frequent_values": ["DOE", "Charter", null], "dataTypes": [{"type": "TEXT", "count": 1819, "shortest_values": [["DOE", 3], ["DOE", 3], ["DOE", 3], ["DOE", 3], ["DOE", 3]], "longest_values": [["Charter", 7], ["Charter", 7], ["Charter", 7], ["Charter", 7], ["Charter", 7]], "average_length": 3.402418911489833}]}, {"column_name": "LOCATION_TYPE_DESCRIPTION", "number_non_empty_cells": 1819, "number_empty_cells": 3636, "number_distinct_values": 7, "frequent_values": ["General Academic", "Special Education", "Transfer School", "Career Technical", "Home School"], "dataTypes": [{"type": "TEXT", "count": 1819, "shortest_values": [["Home School", 11], ["Alternative", 11], ["Transfer School", 15], ["Transfer School", 15], ["Transfer School", 15]], "longest_values": [["Special Education", 17], ["Special Education", 17], ["Special Education", 17], ["Special Education", 17], ["Special Education", 17]], "average_length": 15.998350742166018}]}, {"column_name": "LOCATION_CATEGORY_DESCRIPTION", "number_non_empty_cells": 1819, "number_empty_cells": 3636, "number_distinct_values": 9, "frequent_values": ["Elementary", "High school", "Junior High-Intermediate-Middle", "K-8", "Secondary School"], "dataTypes": [{"type": "TEXT", "count": 1819, "shortest_values": [["K-8", 3], ["K-8", 3], ["K-8", 3], ["K-8", 3], ["K-8", 3]], "longest_values": [["Junior High-Intermediate-Middle", 31], ["Junior High-Intermediate-Middle", 31], ["Junior High-Intermediate-Middle", 31], ["Junior High-Intermediate-Middle", 31], ["Junior High-Intermediate-Middle", 31]], "average_length": 13.707531610775147}]}, {"column_name": "GRADES_TEXT", "number_non_empty_cells": 1819, "number_empty_cells": 3636, "number_distinct_values": 112, "frequent_values": ["PK,0K,01,02,03,04,05,SE", "09,10,11,12,SE", "06,07,08,SE", "0K,01,02,03,04,05,SE", "PK,0K,01,02,03,04,05,06,07,08,SE"], "dataTypes": [{"type": "INTEGER (LONG)", "count": 3, "max_value": 9, "min_value": 5, "mean": 7.666666666666667, "stddev": 1.8856180831641267}, {"type": "DATE/TIME", "count": 171, "max_value": "2019-12-10T00:00:00", "min_value": "2008-04-06T00:00:00"}, {"type": "TEXT", "count": 1645, "shortest_values": [["09,SE", 5], ["09,SE", 5], ["06,SE", 5], ["09,SE", 5], ["09,SE", 5]], "longest_values": [["PK,0K,01,02,03,04,05,06,07,08,09,10,11,12,SE", 44], ["PK,0K,01,02,03,04,05,06,07,08,09,10,11,12,SE", 44], ["PK,0K,01,02,03,04,05,06,07,08,09,10,11,12,SE", 44], ["PK,0K,01,02,03,04,05,06,07,08,09,10,11,12,SE", 44], ["PK,0K,01,02,03,04,05,06,07,08,09,10,11,12,SE", 44]], "average_length": 18.708814589665604}]}, {"column_name": "GRADES_FINAL_TEXT", "number_non_empty_cells": 1819, "number_empty_cells": 3636, "number_distinct_values": 67, "frequent_values": ["09,10,11,12", "PK,0K,01,02,03,04,05", "06,07,08", "0K,01,02,03,04,05", "06,07,08,09,10,11,12"], "dataTypes": [{"type": "INTEGER (LONG)", "count": 1, "max_value": 12, "min_value": 12, "mean": 12.0, "stddev": 0.0}, {"type": "DATE/TIME", "count": 819, "max_value": "2019-12-04T00:00:00", "min_value": "2010-06-08T00:00:00"}, {"type": "TEXT", "count": 999, "shortest_values": [["0K", 2], ["0K", 2], ["0K,01,02", 8], ["0K,01,02", 8], ["PK,0K,01", 8]], "longest_values": [["PK,0K,01,02,03,04,05,06,07,08,09,10,11,12,SE", 44], ["PK,0K,01,02,03,04,05,06,07,08,09,10,11,12,SE", 44], ["PK,0K,01,02,03,04,05,06,07,08,09,10,11,12,SE", 44], ["PK,0K,01,02,03,04,05,06,07,08,09,10,11,12,SE", 44], ["PK,0K,01,02,03,04,05,06,07,08,09,10,11,SE", 41]], "average_length": 21.549549549549575}]}, {"column_name": "OPEN_DATE", "number_non_empty_cells": 1819, "number_empty_cells": 3636, "number_distinct_values": 202, "frequent_values": ["07/01/1999 12:00:00 AM", "09/08/2004 12:00:00 AM", "07/01/2013 12:00:00 AM", "07/01/2008 12:00:00 AM", "07/01/2005 12:00:00 AM"], "dataTypes": [{"type": "DATE/TIME", "count": 1819, "max_value": "2013-07-01T00:00:00", "min_value": "1867-07-01T00:00:00"}]}, {"column_name": "STATUS_DESCRIPTIONS", "number_non_empty_cells": 1819, "number_empty_cells": 3636, "number_distinct_values": 2, "frequent_values": ["Open", null], "dataTypes": [{"type": "TEXT", "count": 1819, "shortest_values": [["Open", 4], ["Open", 4], ["Open", 4], ["Open", 4], ["Open", 4]], "longest_values": [["Open", 4], ["Open", 4], ["Open", 4], ["Open", 4], ["Open", 4]], "average_length": 4.0}]}, {"column_name": "PRIMARY_BUILDING_CODE", "number_non_empty_cells": 1819, "number_empty_cells": 3636, "number_distinct_values": 1254, "frequent_values": ["X450", "X475", "X410", "M460", "X415"], "dataTypes": [{"type": "DATE/TIME", "count": 63, "max_value": "2019-12-09T00:00:58", "min_value": "2019-12-09T00:00:01"}, {"type": "TEXT", "count": 1756, "shortest_values": [["M063", 4], ["M064", 4], ["M110", 4], ["M134", 4], ["M134", 4]], "longest_values": [["M063", 4], ["M064", 4], ["M110", 4], ["M134", 4], ["M134", 4]], "average_length": 4.0}]}, {"column_name": "PRIMARY_ADDRESS_LINE_1", "number_non_empty_cells": 1796, "number_empty_cells": 3659, "number_distinct_values": 1257, "frequent_values": ["1980 LAFAYETTE AVENUE", "240 EAST 172 STREET", "99 TERRACE VIEW AVENUE", "40 IRVING PLACE", "925 ASTOR AVENUE"], "dataTypes": [{"type": "TEXT", "count": 1819, "shortest_values": [["26 BROADWAY", 11], ["26 BROADWAY", 11], ["26 BROADWAY", 11], ["50 AVENUE P", 11], ["50 AVENUE P", 11]], "longest_values": [["1780 DR. MARTIN LUTHER KING JR. BLVD", 36], ["100 WEST MOSHOLU PARKWAY SOUTH", 30], ["100 WEST MOSHOLU PARKWAY SOUTH", 30], ["100 WEST MOSHOLU PARKWAY SOUTH", 30], ["4140 HUTCHINSON RIVER PKWAY EA", 30]], "average_length": 18.412864211105035}]}, {"column_name": "STATE_CODE", "number_non_empty_cells": 1819, "number_empty_cells": 3636, "number_distinct_values": 2, "frequent_values": ["NY", null], "dataTypes": [{"type": "TEXT", "count": 1819, "shortest_values": [["NY", 2], ["NY", 2], ["NY", 2], ["NY", 2], ["NY", 2]], "longest_values": [["NY", 2], ["NY", 2], ["NY", 2], ["NY", 2], ["NY", 2]], "average_length": 2.0}]}, {"column_name": "X_COORDINATE", "number_non_empty_cells": 1818, "number_empty_cells": 3637, "number_distinct_values": 1212, "frequent_values": ["1024125", "1008396", "1008775", "1017958", "1022774"], "dataTypes": [{"type": "INTEGER (LONG)", "count": 1818, "max_value": 1065003, "min_value": 916413, "mean": 1006409.4785478545, "stddev": 21616.252522244202}, {"type": "TEXT", "count": 1, "shortest_values": [["NULL", 4]], "longest_values": [["NULL", 4]], "average_length": 4.0}]}, {"column_name": "Y_COORDINATE", "number_non_empty_cells": 1818, "number_empty_cells": 3637, "number_distinct_values": 1217, "frequent_values": ["238502", "245072", "258943", "257757", "207189"], "dataTypes": [{"type": "INTEGER (LONG)", "count": 1818, "max_value": 268380, "min_value": 124552, "mean": 207736.6666666667, "stddev": 31045.13569856567}, {"type": "TEXT", "count": 1, "shortest_values": [["NULL", 4]], "longest_values": [["NULL", 4]], "average_length": 4.0}]}, {"column_name": "COMMUNITY_DISTRICT", "number_non_empty_cells": 1819, "number_empty_cells": 3636, "number_distinct_values": 61, "frequent_values": [303, 305, 203, 201, 111], "dataTypes": [{"type": "INTEGER (LONG)", "count": 1819, "max_value": 503, "min_value": 0, "mean": 270.92248488180286, "stddev": 113.04062347913755}]}, {"column_name": "COUNCIL_DISTRICT", "number_non_empty_cells": 1819, "number_empty_cells": 3636, "number_distinct_values": 53, "frequent_values": [17, 8, 16, 36, 42], "dataTypes": [{"type": "INTEGER (LONG)", "count": 1819, "max_value": 51, "min_value": 0, "mean": 24.373282023089587, "stddev": 14.509376724127815}]}, {"column_name": "CENSUS_TRACT", "number_non_empty_cells": 1819, "number_empty_cells": 3636, "number_distinct_values": 707, "frequent_values": ["3900", "1600", "40900", "13500", "30900"], "dataTypes": [{"type": "INTEGER (LONG)", "count": 1818, "max_value": 162100, "min_value": 100, "mean": 37219.83773377342, "stddev": 34218.86108323019}, {"type": "TEXT", "count": 1, "shortest_values": [["      ", 6]], "longest_values": [["      ", 6]], "average_length": 6.0}]}, {"column_name": "BOROUGH_BLOCK_LOT", "number_non_empty_cells": 1819, "number_empty_cells": 3636, "number_distinct_values": 1191, "frequent_values": [0, 2036040039, 1022150080, 2028170002, 2038640001], "dataTypes": [{"type": "INTEGER (LONG)", "count": 1819, "max_value": 5078980001, "min_value": 0, "mean": 2619147577.534359, "stddev": 1195187613.2931335}]}, {"column_name": "NTA", "number_non_empty_cells": 1819, "number_empty_cells": 3636, "number_distinct_values": 191, "frequent_values": ["BX39", "BK81", "BX14", "BK35", "BK82"], "dataTypes": [{"type": "TEXT", "count": 1819, "shortest_values": [["MN28", 4], ["MN22", 4], ["MN27", 4], ["MN28", 4], ["MN22", 4]], "longest_values": [["MN28", 4], ["MN22", 4], ["MN27", 4], ["MN28", 4], ["MN22", 4]], "average_length": 4.0}]}, {"column_name": "NTA_NAME", "number_non_empty_cells": 1819, "number_empty_cells": 3636, "number_distinct_values": 191, "frequent_values": ["Mott Haven-Port Morris                                                     ", "Brownsville                                                                ", "Stuyvesant Heights                                                         ", "East Concourse-Concourse Village                                           ", "East New York                                                              "], "dataTypes": [{"type": "TEXT", "count": 1819, "shortest_values": [["Lower East Side                                                            ", 75], ["East Village                                                               ", 75], ["Chinatown                                                                  ", 75], ["Lower East Side                                                            ", 75], ["East Village                                                               ", 75]], "longest_values": [["Lower East Side                                                            ", 75], ["East Village                                                               ", 75], ["Chinatown                                                                  ", 75], ["Lower East Side                                                            ", 75], ["East Village                                                               ", 75]], "average_length": 75.0}]}, {"column_name": "PRINCIPAL_NAME", "number_non_empty_cells": 1716, "number_empty_cells": 3739, "number_distinct_values": 1816, "frequent_values": ["JOSEPH MILLER", "LISA ESPOSITO", "JAMES BROWN", "ROBIN WILLIAMS", "LISA FERNANDEZ"], "dataTypes": [{"type": "TEXT", "count": 1819, "shortest_values": [["LI YAN", 6], ["AMY HOM", 7], ["G Jones", 7], ["JANE HSU", 8], ["LILY WOO", 8]], "longest_values": [["Sara M. Asmussen, Ph.D., Executive Director", 43], ["Sandra J. DuPree/Christine DePina-Forbes", 40], ["Jacqueline King-Robinson/Judith Stoddart", 40], ["Mabel Lajes-Guiteras/Jesse Corburn", 34], ["Kaitlin Seaver/Versha Munshi-South", 34]], "average_length": 14.694337548103375}]}, {"column_name": "PRINCIPAL_TITLE", "number_non_empty_cells": 1819, "number_empty_cells": 3636, "number_distinct_values": 5, "frequent_values": ["PRINCIPAL", "I.A. PRINCIPAL", "Executive Director", "Acting Principal", null], "dataTypes": [{"type": "TEXT", "count": 1819, "shortest_values": [["PRINCIPAL", 9], ["PRINCIPAL", 9], ["PRINCIPAL", 9], ["PRINCIPAL", 9], ["PRINCIPAL", 9]], "longest_values": [["Executive Director", 18], ["Executive Director", 18], ["Executive Director", 18], ["Acting Principal", 16], ["Acting Principal", 16]], "average_length": 9.371632765255649}]}, {"column_name": "PRINCIPAL_PHONE_NUMBER", "number_non_empty_cells": 1814, "number_empty_cells": 3641, "number_distinct_values": 1799, "frequent_values": ["NULL", "718-381-7100", "212-927-1841", "718-828-0034", "718-965-0390"], "dataTypes": [{"type": "TEXT", "count": 1819, "shortest_values": [["NULL", 4], ["NULL", 4], ["NULL", 4], ["NULL", 4], ["NULL", 4]], "longest_values": [["212-228-8730", 12], ["212-533-5340", 12], ["212-254-9577", 12], ["212-228-4433", 12], ["212-674-3180", 12]], "average_length": 11.978009895547006}]}, {"column_name": "FAX_NUMBER", "number_non_empty_cells": 1776, "number_empty_cells": 3679, "number_distinct_values": 1768, "frequent_values": ["NULL", "212-674-8021", "718-240-9140", "718-965-0603", "718-345-3327"], "dataTypes": [{"type": "TEXT", "count": 1819, "shortest_values": [["NULL", 4], ["NULL", 4], ["NULL", 4], ["NULL", 4], ["NULL", 4]], "longest_values": [["212-477-0931", 12], ["212-673-1477", 12], ["212-254-3526", 12], ["212-353-1973", 12], ["212-420-9018", 12]], "average_length": 11.810885101704233}]}, {"column_name": "GEOGRAPHICAL_DISTRICT_CODE", "number_non_empty_cells": 1819, "number_empty_cells": 3636, "number_distinct_values": 34, "frequent_values": [2, 10, 9, 11, 31], "dataTypes": [{"type": "INTEGER (LONG)", "count": 1819, "max_value": 32, "min_value": 0, "mean": 15.44969763606377, "stddev": 9.258731294632161}]}, {"column_name": "ADMIN_DISTRICT_LOCATION_CODE", "number_non_empty_cells": 0, "number_empty_cells": 5455, "number_distinct_values": 2, "frequent_values": ["NULL", null], "dataTypes": [{"type": "TEXT", "count": 1819, "shortest_values": [["NULL", 4], ["NULL", 4], ["NULL", 4], ["NULL", 4], ["NULL", 4]], "longest_values": [["NULL", 4], ["NULL", 4], ["NULL", 4], ["NULL", 4], ["NULL", 4]], "average_length": 4.0}]}, {"column_name": "ADMINISTRATIVE_DISTRICT_NAME", "number_non_empty_cells": 1818, "number_empty_cells": 3637, "number_distinct_values": 36, "frequent_values": ["OFFICE OF CHARTER SCHOOLS", "COMMUNITY SCHOOL DISTRICT 02", "COMMUNITY SCHOOL DISTRICT 10", "COMMUNITY SCHOOL DISTRICT 09", "COMMUNITY SCHOOL DISTRICT 31"], "dataTypes": [{"type": "TEXT", "count": 1819, "shortest_values": [["OFFICE OF CHARTER SCHOOLS", 25], ["OFFICE OF CHARTER SCHOOLS", 25], ["OFFICE OF CHARTER SCHOOLS", 25], ["OFFICE OF CHARTER SCHOOLS", 25], ["OFFICE OF CHARTER SCHOOLS", 25]], "longest_values": [["ALTERNATIVE HIGH SCHOOL DISTRICT", 32], ["COMMUNITY SCHOOL DISTRICT 01", 28], ["COMMUNITY SCHOOL DISTRICT 01", 28], ["COMMUNITY SCHOOL DISTRICT 01", 28], ["COMMUNITY SCHOOL DISTRICT 01", 28]], "average_length": 27.635514018691588}]}, {"column_name": "COMMUNITY_SCHOOL_SUP_NAME", "number_non_empty_cells": 1080, "number_empty_cells": 4375, "number_distinct_values": 36, "frequent_values": ["NULL", "HECHT, GARY", "MASHEL, MELODIE", "JENKINS, JESSICA", "ESPOSITO, DOLORES"], "dataTypes": [{"type": "TEXT", "count": 1819, "shortest_values": [["NULL", 4], ["NULL", 4], ["NULL", 4], ["NULL", 4], ["NULL", 4]], "longest_values": [["FFOLKES-BRYANT, BEVERLY", 23], ["FFOLKES-BRYANT, BEVERLY", 23], ["FFOLKES-BRYANT, BEVERLY", 23], ["FFOLKES-BRYANT, BEVERLY", 23], ["FFOLKES-BRYANT, BEVERLY", 23]], "average_length": 11.365035733919752}]}, {"column_name": "FIELD_SUPPORT_CENTER_NAME", "number_non_empty_cells": 0, "number_empty_cells": 5455, "number_distinct_values": 2, "frequent_values": ["NULL", null], "dataTypes": [{"type": "TEXT", "count": 1819, "shortest_values": [["NULL", 4], ["NULL", 4], ["NULL", 4], ["NULL", 4], ["NULL", 4]], "longest_values": [["NULL", 4], ["NULL", 4], ["NULL", 4], ["NULL", 4], ["NULL", 4]], "average_length": 4.0}]}, {"column_name": "FIELD_SUPPORT_CENTER_LEADER_NAME", "number_non_empty_cells": 0, "number_empty_cells": 5455, "number_distinct_values": 2, "frequent_values": ["NULL", null], "dataTypes": [{"type": "TEXT", "count": 1819, "shortest_values": [["NULL", 4], ["NULL", 4], ["NULL", 4], ["NULL", 4], ["NULL", 4]], "longest_values": [["NULL", 4], ["NULL", 4], ["NULL", 4], ["NULL", 4], ["NULL", 4]], "average_length": 4.0}]}, {"column_name": "SCHOOL_SUPPORT_TEAM_NAME", "number_non_empty_cells": 0, "number_empty_cells": 5455, "number_distinct_values": 2, "frequent_values": ["NULL", null], "dataTypes": [{"type": "TEXT", "count": 1819, "shortest_values": [["NULL", 4], ["NULL", 4], ["NULL", 4], ["NULL", 4], ["NULL", 4]], "longest_values": [["NULL", 4], ["NULL", 4], ["NULL", 4], ["NULL", 4], ["NULL", 4]], "average_length": 4.0}]}, {"column_name": "SCHOOL_SUPPORT_TEAM_LEADER_NAME", "number_non_empty_cells": 0, "number_empty_cells": 5455, "number_distinct_values": 2, "frequent_values": ["NULL", null], "dataTypes": [{"type": "TEXT", "count": 1819, "shortest_values": [["NULL", 4], ["NULL", 4], ["NULL", 4], ["NULL", 4], ["NULL", 4]], "longest_values": [["NULL", 4], ["NULL", 4], ["NULL", 4], ["NULL", 4], ["NULL", 4]], "average_length": 4.0}]}, {"column_name": "HIGHSCHOOL_NETWORK_LOCATION_CODE", "number_non_empty_cells": 482, "number_empty_cells": 4973, "number_distinct_values": 11, "frequent_values": ["NULL", "HS07", "HS08", "HS04", "HS06"], "dataTypes": [{"type": "TEXT", "count": 1819, "shortest_values": [["NULL", 4], ["NULL", 4], ["NULL", 4], ["NULL", 4], ["NULL", 4]], "longest_values": [["NULL", 4], ["NULL", 4], ["NULL", 4], ["NULL", 4], ["NULL", 4]], "average_length": 4.0}]}, {"column_name": "HIGHSCHOOL_NETWORK_NAME", "number_non_empty_cells": 482, "number_empty_cells": 4973, "number_distinct_values": 11, "frequent_values": ["NULL", "HS Network 07", "HS Network 08", "HS Network 04", "HS Network 06"], "dataTypes": [{"type": "TEXT", "count": 1819, "shortest_values": [["NULL", 4], ["NULL", 4], ["NULL", 4], ["NULL", 4], ["NULL", 4]], "longest_values": [["HS Network 03", 13], ["HS Network 03", 13], ["HS Network 03", 13], ["HS Network 03", 13], ["HS Network 03", 13]], "average_length": 6.384826827927434}]}, {"column_name": "HIGHSCHOOL_NETWORK_SUPERINTENDENT", "number_non_empty_cells": 426, "number_empty_cells": 5029, "number_distinct_values": 11, "frequent_values": ["NULL", "BRADBURY, MARISOL", "LINDSEY, ELAINE", "HOROWITZ, AIMEE", "STAPLE, CARRON"], "dataTypes": [{"type": "TEXT", "count": 1819, "shortest_values": [["NULL", 4], ["NULL", 4], ["NULL", 4], ["NULL", 4], ["NULL", 4]], "longest_values": [["BRADBURY, MARISOL", 17], ["BRADBURY, MARISOL", 17], ["BRADBURY, MARISOL", 17], ["BRADBURY, MARISOL", 17], ["BRADBURY, MARISOL", 17]], "average_length": 6.772952171522824}]}, {"column_name": "Location_1", "number_non_empty_cells": 1795, "number_empty_cells": 3660, "number_distinct_values": 1256, "frequent_values": ["1980 LAFAYETTE AVENUE", "240 EAST 172 STREET", "99 TERRACE VIEW AVENUE", "40 IRVING PLACE", "925 ASTOR AVENUE"], "dataTypes": [{"type": "TEXT", "count": 1818, "shortest_values": [["26 BROADWAY", 11], ["26 BROADWAY", 11], ["26 BROADWAY", 11], ["50 AVENUE P", 11], ["50 AVENUE P", 11]], "longest_values": [["1780 DR. MARTIN LUTHER KING JR. BLVD", 36], ["100 WEST MOSHOLU PARKWAY SOUTH", 30], ["100 WEST MOSHOLU PARKWAY SOUTH", 30], ["100 WEST MOSHOLU PARKWAY SOUTH", 30], ["4140 HUTCHINSON RIVER PKWAY EA", 30]], "average_length": 18.342134213421307}]}]}