{"dataset_name": "/user/hm74/NYCOpenData/ad38-uy5g.tsv.gz", "columns": [{"column_name": "ProviderType", "number_non_empty_cells": 2587, "number_empty_cells": 0, "number_distinct_values": 1, "frequent_values": ["SENIOR CENTER CONTRACTS"], "dataTypes": [{"type": "TEXT", "count": 2587, "shortest_values": [["SENIOR CENTER CONTRACTS", 23], ["SENIOR CENTER CONTRACTS", 23], ["SENIOR CENTER CONTRACTS", 23], ["SENIOR CENTER CONTRACTS", 23], ["SENIOR CENTER CONTRACTS", 23]], "longest_values": [["SENIOR CENTER CONTRACTS", 23], ["SENIOR CENTER CONTRACTS", 23], ["SENIOR CENTER CONTRACTS", 23], ["SENIOR CENTER CONTRACTS", 23], ["SENIOR CENTER CONTRACTS", 23]], "average_length": 23.0}]}, {"column_name": "DFTA_ID", "number_non_empty_cells": 2587, "number_empty_cells": 0, "number_distinct_values": 254, "frequent_values": ["35D01", "42Y01", "27U01", "43R01", "43K01"], "dataTypes": [{"type": "INTEGER (LONG)", "count": 328, "max_value": 64901, "min_value": 25801, "mean": 45175.83841463416, "stddev": 11861.840211217279}, {"type": "REAL", "count": 81, "max_value": 2700.0, "min_value": 140.0, "mean": 511.3580246913579, "stddev": 730.6782796563274}, {"type": "DATE/TIME", "count": 309, "max_value": "2045-01-08T00:00:00", "min_value": "2019-12-01T13:00:00"}, {"type": "TEXT", "count": 1869, "shortest_values": [["27P01", 5], ["36B02", 5], ["44W01", 5], ["15C01", 5], ["43X01", 5]], "longest_values": [["27P01", 5], ["36B02", 5], ["44W01", 5], ["15C01", 5], ["43X01", 5]], "average_length": 5.0}]}, {"column_name": "ContractYear", "number_non_empty_cells": 2587, "number_empty_cells": 0, "number_distinct_values": 1, "frequent_values": [2020], "dataTypes": [{"type": "INTEGER (LONG)", "count": 2587, "max_value": 2020, "min_value": 2020, "mean": 2020.0, "stddev": 0.0}]}, {"column_name": "SponsorName", "number_non_empty_cells": 2390, "number_empty_cells": 197, "number_distinct_values": 98, "frequent_values": ["THE JEWISH ASSOCIATION FOR SERVICES FOR THE AGED", "CATHOLIC CHARITIES NEIGHBORHOOD SERVICES INC", "FORT GREENE COUNCIL", "REGIONAL AID FOR INTERIM NEEDS INC", "RISEBORO COMMUNITY PARTNERSHIP INC"], "dataTypes": [{"type": "TEXT", "count": 2587, "shortest_values": [["HANAC INC.", 10], ["HANAC INC.", 10], ["HANAC INC.", 10], ["HANAC INC.", 10], ["HANAC INC.", 10]], "longest_values": [["CHILD DEVELOPMENT CENTER OF THE MOSHOLU-MONTEFIORE COMMMUNIT", 60], ["SUNSET PARK HEALTH COUNCIL INC d/b/a FAMILY HEALTH CENTERS A", 60], ["SUNSET PARK HEALTH COUNCIL INC d/b/a FAMILY HEALTH CENTERS A", 60], ["BERGEN BASIN COMMUNITY DEVELOPMENT CORPORATION DBA MILLENNIU", 60], ["BERGEN BASIN COMMUNITY DEVELOPMENT CORPORATION DBA MILLENNIU", 60]], "average_length": 38.944723618090414}]}, {"column_name": "ProgramName", "number_non_empty_cells": 2547, "number_empty_cells": 40, "number_distinct_values": 254, "frequent_values": ["Carter Burden Innovative Senior Center", "Elmcor's Golden Phoenix Club One", "Samuel Field Neighborhood Senior Center", "LaGuardia Neighborhood Senior Center", "Bay Ridge Neighborhood Senior Center"], "dataTypes": [{"type": "TEXT", "count": 2587, "shortest_values": [["Polo Grounds", 12], ["Polo Grounds", 12], ["Polo Grounds", 12], ["Polo Grounds", 12], ["Polo Grounds", 12]], "longest_values": [["Senior Citizens League of Flatbush Neighborhood Senior Center", 61], ["Senior Citizens League of Flatbush Neighborhood Senior Center", 61], ["Council Center for Senior Citizens Neighborhood Senior Center", 61], ["Council Center for Senior Citizens Neighborhood Senior Center", 61], ["Senior Citizens League of Flatbush Neighborhood Senior Center", 61]], "average_length": 39.30189408581359}]}, {"column_name": "ServiceID", "number_non_empty_cells": 2587, "number_empty_cells": 0, "number_distinct_values": 24, "frequent_values": ["SCED", "PHEX", "CNLH", "ARTS", "HLMG"], "dataTypes": [{"type": "TEXT", "count": 2587, "shortest_values": [["CNLH", 4], ["SCNE", 4], ["SCCA", 4], ["TECH", 4], ["CNWE", 4]], "longest_values": [["CNLH", 4], ["SCNE", 4], ["SCCA", 4], ["TECH", 4], ["CNWE", 4]], "average_length": 4.0}]}, {"column_name": "ServiceName", "number_non_empty_cells": 2346, "number_empty_cells": 241, "number_distinct_values": 24, "frequent_values": ["EDUCATION", "PHYSICAL HEALTH/EXERCISE", "CONGREGATE LUNCH", "ARTS", "HEALTH MANAGEMENT"], "dataTypes": [{"type": "TEXT", "count": 2587, "shortest_values": [["ARTS", 4], ["ARTS", 4], ["ARTS", 4], ["ARTS", 4], ["ARTS", 4]], "longest_values": [["SOCIAL ADULT DAY CARE NSC", 25], ["SOCIAL ADULT DAY CARE NSC", 25], ["PHYSICAL HEALTH/EXERCISE", 24], ["PHYSICAL HEALTH/EXERCISE", 24], ["PHYSICAL HEALTH/EXERCISE", 24]], "average_length": 15.961731735601099}]}, {"column_name": "BudgetedUnits", "number_non_empty_cells": 2587, "number_empty_cells": 0, "number_distinct_values": 721, "frequent_values": [50, 25, 43, 104, 125], "dataTypes": [{"type": "INTEGER (LONG)", "count": 2587, "max_value": 75000, "min_value": 1, "mean": 2102.2941631233152, "stddev": 5259.345747301331}]}]}