{"dataset_name": "/user/hm74/NYCOpenData/ad4c-mphb.tsv.gz", "columns": [{"column_name": "MANHATTAN_CONDOMINIUM_PROPERTY_Boro-Block-Lot", "number_non_empty_cells": 1068, "number_empty_cells": 0, "number_distinct_values": 1056, "frequent_values": ["1-00132-7501", "1-01151-7501", "1-01901-7501", "1-01630-7501", "1-01049-7501"], "dataTypes": [{"type": "TEXT", "count": 1068, "shortest_values": [["1-00007-7501", 12], ["1-00015-7502", 12], ["1-00016-7501", 12], ["1-00016-7502", 12], ["1-00016-7503", 12]], "longest_values": [["1-00007-7501", 12], ["1-00015-7502", 12], ["1-00016-7501", 12], ["1-00016-7502", 12], ["1-00016-7503", 12]], "average_length": 12.0}]}, {"column_name": "MANHATTAN_CONDOMINIUM_PROPERTY_Condo_Section", "number_non_empty_cells": 1068, "number_empty_cells": 0, "number_distinct_values": 1068, "frequent_values": ["390-R1", "82-R1", "1608-R1", "103-R1", "507-R1"], "dataTypes": [{"type": "TEXT", "count": 1068, "shortest_values": [["3-R1", 4], ["9-R1", 4], ["7-R2", 4], ["1-R1", 4], ["21-R1", 5]], "longest_values": [["1557-R1", 7], ["1217-R1", 7], ["1623-R1", 7], ["1848-R1", 7], ["1192-R1", 7]], "average_length": 6.362359550561799}]}, {"column_name": "MANHATTAN_CONDOMINIUM_PROPERTY_Address", "number_non_empty_cells": 1059, "number_empty_cells": 9, "number_distinct_values": 1062, "frequent_values": ["2 AMSTERDAM AVENUE", "301 WEST 57 STREET", "105 3 AVENUE", "1049 5 AVENUE", "450 WEST 17 STREET"], "dataTypes": [{"type": "TEXT", "count": 1068, "shortest_values": [["30 UNKNOWN", 10], ["195 BOWERY", 10], ["199 BOWERY", 10], ["200 BOWERY", 10], ["15 PARK ROW", 11]], "longest_values": [["1800 ADAM C POWELL BOULEV", 25], ["1852 ADAM C POWELL BOULEV", 25], ["2072 FRED DOUGLASS BOULEV", 25], ["2082 FRED DOUGLASS BOULEV", 25], ["2098 FRED DOUGLASS BOULEV", 25]], "average_length": 17.19943820224719}]}, {"column_name": "Borough", "number_non_empty_cells": 1068, "number_empty_cells": 0, "number_distinct_values": 1, "frequent_values": [1], "dataTypes": [{"type": "INTEGER (LONG)", "count": 1068, "max_value": 1, "min_value": 1, "mean": 1.0, "stddev": 0.0}]}, {"column_name": "Postcode", "number_non_empty_cells": 1053, "number_empty_cells": 15, "number_distinct_values": 45, "frequent_values": [10011, 10013, 10023, 10025, 10024], "dataTypes": [{"type": "INTEGER (LONG)", "count": 1053, "max_value": 10280, "min_value": 10000, "mean": 10027.976258309594, "stddev": 37.227521072735534}]}, {"column_name": "Latitude", "number_non_empty_cells": 1053, "number_empty_cells": 15, "number_distinct_values": 1040, "frequent_values": [40.765163, 40.766902, 40.775608, 40.789315, 40.74369], "dataTypes": [{"type": "REAL", "count": 1053, "max_value": 40.863565, "min_value": 40.703627, "mean": 40.75694623266851, "stddev": 0.029698130692742963}]}, {"column_name": "Longitude", "number_non_empty_cells": 1053, "number_empty_cells": 15, "number_distinct_values": 1041, "frequent_values": [-73.982739, -73.987743, -73.982171, -74.010607, -73.959923], "dataTypes": [{"type": "REAL", "count": 1053, "max_value": -73.923221, "min_value": -74.018002, "mean": -73.97982428869899, "stddev": 0.019811674104501232}]}, {"column_name": "Community_Board", "number_non_empty_cells": 1053, "number_empty_cells": 15, "number_distinct_values": 14, "frequent_values": [8, 7, 2, 1, 6], "dataTypes": [{"type": "INTEGER (LONG)", "count": 1053, "max_value": 64, "min_value": 1, "mean": 5.458689458689458, "stddev": 3.3412232821712005}]}, {"column_name": "Council_District", "number_non_empty_cells": 1053, "number_empty_cells": 15, "number_distinct_values": 11, "frequent_values": [4, 3, 1, 6, 2], "dataTypes": [{"type": "INTEGER (LONG)", "count": 1053, "max_value": 10, "min_value": 1, "mean": 3.886989553656221, "stddev": 2.216563683935815}]}, {"column_name": "Census_Tract", "number_non_empty_cells": 1053, "number_empty_cells": 15, "number_distinct_values": 204, "frequent_values": [33, 39, 81, 90, 98], "dataTypes": [{"type": "INTEGER (LONG)", "count": 1053, "max_value": 31704, "min_value": 6, "mean": 1883.9639126305792, "stddev": 5399.935963236489}]}, {"column_name": "BIN", "number_non_empty_cells": 1045, "number_empty_cells": 23, "number_distinct_values": 1040, "frequent_values": [1066698, 1080359, 1055748, 1046842, 1076205], "dataTypes": [{"type": "INTEGER (LONG)", "count": 1045, "max_value": 1089507, "min_value": 1000000, "mean": 1050192.285167465, "stddev": 30288.404088855055}]}, {"column_name": "BBL", "number_non_empty_cells": 1045, "number_empty_cells": 23, "number_distinct_values": 1038, "frequent_values": [1007147501, 1014977501, 1011517501, 1004697501, 1016307501], "dataTypes": [{"type": "INTEGER (LONG)", "count": 1045, "max_value": 1022217501, "min_value": 1000077501, "mean": 1010205301.1684219, "stddev": 5319707.452262734}]}, {"column_name": "NTA", "number_non_empty_cells": 1053, "number_empty_cells": 15, "number_distinct_values": 29, "frequent_values": ["SoHo-TriBeCa-Civic Center-Little Italy                                     ", "Hudson Yards-Chelsea-Flatiron-Union Square                                 ", "Upper West Side                                                            ", "Upper East Side-Carnegie Hill                                              ", "West Village                                                               "], "dataTypes": [{"type": "TEXT", "count": 1053, "shortest_values": [["Battery Park City-Lower Manhattan                                          ", 75], ["Battery Park City-Lower Manhattan                                          ", 75], ["Battery Park City-Lower Manhattan                                          ", 75], ["Battery Park City-Lower Manhattan                                          ", 75], ["Battery Park City-Lower Manhattan                                          ", 75]], "longest_values": [["Battery Park City-Lower Manhattan                                          ", 75], ["Battery Park City-Lower Manhattan                                          ", 75], ["Battery Park City-Lower Manhattan                                          ", 75], ["Battery Park City-Lower Manhattan                                          ", 75], ["Battery Park City-Lower Manhattan                                          ", 75]], "average_length": 75.0}]}, {"column_name": "MANHATTAN_CONDOMINIUM_PROPERTY_Neighborhood", "number_non_empty_cells": 1031, "number_empty_cells": 37, "number_distinct_values": 38, "frequent_values": ["UPPER EAST SIDE (59-79)", "UPPER WEST SIDE (59-79)", "CHELSEA", "UPPER EAST SIDE (79-96)", "UPPER WEST SIDE (79-96)"], "dataTypes": [{"type": "TEXT", "count": 1068, "shortest_values": [["SOHO", 4], ["SOHO", 4], ["SOHO", 4], ["SOHO", 4], ["SOHO", 4]], "longest_values": [["GREENWICH VILLAGE-CENTRAL", 25], ["GREENWICH VILLAGE-CENTRAL", 25], ["GREENWICH VILLAGE-CENTRAL", 25], ["GREENWICH VILLAGE-CENTRAL", 25], ["GREENWICH VILLAGE-CENTRAL", 25]], "average_length": 15.617977528089886}]}, {"column_name": "MANHATTAN_CONDOMINIUM_PROPERTY_Building_Classification", "number_non_empty_cells": 1068, "number_empty_cells": 0, "number_distinct_values": 4, "frequent_values": ["R4-ELEVATOR", "R9-CONDOPS", "R2-WALK-UP", "R0-CONDOMINIUM"], "dataTypes": [{"type": "TEXT", "count": 1068, "shortest_values": [["R9-CONDOPS", 10], ["R9-CONDOPS", 10], ["R9-CONDOPS", 10], ["R9-CONDOPS", 10], ["R9-CONDOPS", 10]], "longest_values": [["R0-CONDOMINIUM", 14], ["R4-ELEVATOR", 11], ["R4-ELEVATOR", 11], ["R4-ELEVATOR", 11], ["R4-ELEVATOR", 11]], "average_length": 10.794943820224733}]}, {"column_name": "MANHATTAN_CONDOMINIUM_PROPERTY_Total_Units", "number_non_empty_cells": 1068, "number_empty_cells": 0, "number_distinct_values": 285, "frequent_values": [12, 20, 11, 16, 13], "dataTypes": [{"type": "INTEGER (LONG)", "count": 1068, "max_value": 1258, "min_value": 11, "mean": 95.44475655430712, "stddev": 120.34699262364218}]}, {"column_name": "MANHATTAN_CONDOMINIUM_PROPERTY_Year_Built", "number_non_empty_cells": 1068, "number_empty_cells": 0, "number_distinct_values": 111, "frequent_values": [1900, 1920, 1910, 2005, 1986], "dataTypes": [{"type": "INTEGER (LONG)", "count": 1068, "max_value": 2008, "min_value": 0, "mean": 1936.3913857677896, "stddev": 182.6466944184177}]}, {"column_name": "MANHATTAN_CONDOMINIUM_PROPERTY_Gross_SqFt", "number_non_empty_cells": 1068, "number_empty_cells": 0, "number_distinct_values": 1060, "frequent_values": [390628, 12000, 9590, 32085, 78982], "dataTypes": [{"type": "INTEGER (LONG)", "count": 1068, "max_value": 1496819, "min_value": 3812, "mean": 116266.62921348317, "stddev": 137848.3222605957}]}, {"column_name": "MANHATTAN_CONDOMINIUM_PROPERTY_Est_Gross_Income", "number_non_empty_cells": 1068, "number_empty_cells": 0, "number_distinct_values": 933, "frequent_values": [1450000, 5000000, 6000000, 850000, 8200000], "dataTypes": [{"type": "INTEGER (LONG)", "count": 1068, "max_value": 54630000, "min_value": 0, "mean": 4203889.356741577, "stddev": 5451078.200333876}]}, {"column_name": "MANHATTAN_CONDOMINIUM_PROPERTY_Gross_Income_per_SqFt", "number_non_empty_cells": 1068, "number_empty_cells": 0, "number_distinct_values": 232, "frequent_values": [35.0, 40.0, 30.0, 38.0, 28.0], "dataTypes": [{"type": "REAL", "count": 1068, "max_value": 65.0, "min_value": 0.0, "mean": 33.96541198501873, "stddev": 7.5450504970180985}]}, {"column_name": "MANHATTAN_CONDOMINIUM_PROPERTY_Full_Market_Value", "number_non_empty_cells": 1068, "number_empty_cells": 0, "number_distinct_values": 1001, "frequent_values": [6130000, 10600000, 12800002, 13100000, 21300000], "dataTypes": [{"type": "INTEGER (LONG)", "count": 1068, "max_value": 274000010, "min_value": 543000, "mean": 20499388.995318376, "stddev": 27047311.477256052}]}, {"column_name": "MANHATTAN_CONDOMINIUM_PROPERTY_Market_Value_per_SqFt", "number_non_empty_cells": 1068, "number_empty_cells": 0, "number_distinct_values": 180, "frequent_values": [168.0, 201.0, 144.0, 191.0, 200.0], "dataTypes": [{"type": "REAL", "count": 1068, "max_value": 328.0, "min_value": 5.81, "mean": 164.2883988764046, "stddev": 42.29532524750472}]}, {"column_name": "_COMPARABLE_RENTAL_1_Boro-Block-Lot", "number_non_empty_cells": 1068, "number_empty_cells": 0, "number_distinct_values": 403, "frequent_values": ["1-01460-0047", "1-01488-0013", "1-01617-0001", "1-00016-0100", "1-00717-0077"], "dataTypes": [{"type": "TEXT", "count": 1068, "shortest_values": [["1-00097-0024", 12], ["1-00042-0022", 12], ["1-00016-0100", 12], ["1-00016-0100", 12], ["1-00016-0100", 12]], "longest_values": [["1-00097-0024", 12], ["1-00042-0022", 12], ["1-00016-0100", 12], ["1-00016-0100", 12], ["1-00016-0100", 12]], "average_length": 12.0}]}, {"column_name": "COMPARABLE_RENTAL_1_Address", "number_non_empty_cells": 1054, "number_empty_cells": 14, "number_distinct_values": 403, "frequent_values": ["400 EAST 66 STREET", "519 EAST 76 STREET", "1321 5 AVENUE", "345 SOUTH END AVENUE", "45 WEST 60 STREET"], "dataTypes": [{"type": "TEXT", "count": 1068, "shortest_values": [["31 AVENUE C", 11], ["55 3 AVENUE", 11], ["87 3 AVENUE", 11], ["55 3 AVENUE", 11], ["51 7 AVENUE", 11]], "longest_values": [["125 WEST WASHINGTON PLACE", 25], ["125 WEST WASHINGTON PLACE", 25], ["2167 ADAM C POWELL BOULEV", 25], ["2722 FRED DOUGLASS BOULEV", 25], ["2722 FRED DOUGLASS BOULEV", 25]], "average_length": 16.848314606741578}]}, {"column_name": "COMPARABLE_RENTAL_1__Neighborhood", "number_non_empty_cells": 1036, "number_empty_cells": 32, "number_distinct_values": 36, "frequent_values": ["UPPER EAST SIDE (59-79)", "UPPER EAST SIDE (79-96)", "UPPER WEST SIDE (79-96)", "CHELSEA", "UPPER WEST SIDE (59-79)"], "dataTypes": [{"type": "TEXT", "count": 1068, "shortest_values": [["SOHO", 4], ["SOHO", 4], ["SOHO", 4], ["SOHO", 4], ["SOHO", 4]], "longest_values": [["GREENWICH VILLAGE-CENTRAL", 25], ["GREENWICH VILLAGE-CENTRAL", 25], ["GREENWICH VILLAGE-CENTRAL", 25], ["GREENWICH VILLAGE-CENTRAL", 25], ["GREENWICH VILLAGE-CENTRAL", 25]], "average_length": 16.282771535580512}]}, {"column_name": "COMPARABLE_RENTAL_1__Building_Classification", "number_non_empty_cells": 1068, "number_empty_cells": 0, "number_distinct_values": 11, "frequent_values": ["D6-ELEVATOR", "D7-ELEVATOR", "D9-ELEVATOR", "D1-ELEVATOR", "D8-ELEVATOR"], "dataTypes": [{"type": "TEXT", "count": 1068, "shortest_values": [["C7-WALK-UP", 10], ["C7-WALK-UP", 10], ["C7-WALK-UP", 10], ["C7-WALK-UP", 10], ["C7-WALK-UP", 10]], "longest_values": [["D8-ELEVATOR", 11], ["D6-ELEVATOR", 11], ["D6-ELEVATOR", 11], ["D6-ELEVATOR", 11], ["D6-ELEVATOR", 11]], "average_length": 10.929775280898859}]}, {"column_name": "COMPARABLE_RENTAL_1__Total_Units", "number_non_empty_cells": 1068, "number_empty_cells": 0, "number_distinct_values": 190, "frequent_values": [20, 129, 13, 325, 210], "dataTypes": [{"type": "INTEGER (LONG)", "count": 1068, "max_value": 1720, "min_value": 11, "mean": 147.27528089887636, "stddev": 222.96294486354546}]}, {"column_name": "COMPARABLE_RENTAL_1__Year_Built", "number_non_empty_cells": 1068, "number_empty_cells": 0, "number_distinct_values": 80, "frequent_values": [1900, 1910, 1999, 1920, 1986], "dataTypes": [{"type": "INTEGER (LONG)", "count": 1068, "max_value": 2005, "min_value": 1885, "mean": 1951.0524344569317, "stddev": 37.244272410757866}]}, {"column_name": "COMPARABLE_RENTAL_1__Gross_SqFt", "number_non_empty_cells": 1068, "number_empty_cells": 0, "number_distinct_values": 402, "frequent_values": [138500, 257244, 47765, 1881621, 102811], "dataTypes": [{"type": "INTEGER (LONG)", "count": 1068, "max_value": 1881621, "min_value": 6250, "mean": 152996.57022471906, "stddev": 248715.3107129875}]}, {"column_name": "COMPARABLE_RENTAL_1__Est_Gross_Income", "number_non_empty_cells": 1068, "number_empty_cells": 0, "number_distinct_values": 403, "frequent_values": [5876391, 9482853, 57968000, 17891063, 3118713], "dataTypes": [{"type": "INTEGER (LONG)", "count": 1068, "max_value": 57968000, "min_value": 156997, "mean": 5733410.079588013, "stddev": 8571784.402035305}]}, {"column_name": "COMPARABLE_RENTAL_1__Gross_Income_per_SqFt", "number_non_empty_cells": 1068, "number_empty_cells": 0, "number_distinct_values": 248, "frequent_values": [31.0, 44.3, 36.9, 30.8, 41.8], "dataTypes": [{"type": "REAL", "count": 1068, "max_value": 76.0, "min_value": 10.58, "mean": 36.67579588014974, "stddev": 9.425106334824791}]}, {"column_name": "COMPARABLE_RENTAL_1_Full_Market_Value", "number_non_empty_cells": 1068, "number_empty_cells": 0, "number_distinct_values": 346, "frequent_values": [15600000, 29500000, 47600000, 278000000, 89700000], "dataTypes": [{"type": "INTEGER (LONG)", "count": 1068, "max_value": 278000000, "min_value": 450000, "mean": 28046540.262172297, "stddev": 41771965.59984007}]}, {"column_name": "COMPARABLE_RENTAL_1__Market_Value_per_SqFt", "number_non_empty_cells": 1068, "number_empty_cells": 0, "number_distinct_values": 169, "frequent_values": [148.0, 185.0, 168.0, 213.0, 149.0], "dataTypes": [{"type": "REAL", "count": 1068, "max_value": 381.0, "min_value": 27.9, "mean": 178.78408239700357, "stddev": 53.209064987248006}]}, {"column_name": "COMPARABLE_RENTAL_1__Dist_from_Coop_in_miles", "number_non_empty_cells": 1068, "number_empty_cells": 0, "number_distinct_values": 60, "frequent_values": [0.2, 0.25, 0.3, 0.15, 0.35], "dataTypes": [{"type": "REAL", "count": 1068, "max_value": 4.65, "min_value": 0.0, "mean": 0.5185299625468159, "stddev": 0.5039670267820298}]}, {"column_name": "COMPARABLE_RENTAL_2__Boro-Block-Lot", "number_non_empty_cells": 1011, "number_empty_cells": 57, "number_distinct_values": 403, "frequent_values": ["1-01460-0047", "1-00016-0210", "1-00220-0027", "1-01488-0013", "1-01199-0061"], "dataTypes": [{"type": "TEXT", "count": 1011, "shortest_values": [["1-00097-0030", 12], ["1-00069-0018", 12], ["1-00016-0210", 12], ["1-00016-0210", 12], ["1-00016-0210", 12]], "longest_values": [["1-00097-0030", 12], ["1-00069-0018", 12], ["1-00016-0210", 12], ["1-00016-0210", 12], ["1-00016-0210", 12]], "average_length": 12.0}]}, {"column_name": "COMPARABLE_RENTAL_2__Address", "number_non_empty_cells": 995, "number_empty_cells": 73, "number_distinct_values": 403, "frequent_values": ["400 EAST 66 STREET", "399 CHAMBERS STREET", "531 COLUMBUS AVENUE", "36 LAIGHT STREET", "519 EAST 76 STREET"], "dataTypes": [{"type": "TEXT", "count": 1011, "shortest_values": [["87 3 AVENUE", 11], ["87 3 AVENUE", 11], ["55 3 AVENUE", 11], ["51 7 AVENUE", 11], ["51 7 AVENUE", 11]], "longest_values": [["125 WEST WASHINGTON PLACE", 25], ["2294 FRED DOUGLASS BOULEV", 25], ["2411 FRED DOUGLASS BOULEV", 25], ["1810 ADAM C POWELL BOULEV", 25], ["2411 FRED DOUGLASS BOULEV", 25]], "average_length": 17.109792284866494}]}, {"column_name": "COMPARABLE_RENTAL_2__Neighborhood", "number_non_empty_cells": 984, "number_empty_cells": 84, "number_distinct_values": 37, "frequent_values": ["UPPER EAST SIDE (59-79)", "UPPER EAST SIDE (79-96)", "UPPER WEST SIDE (79-96)", "CHELSEA", "GREENWICH VILLAGE-CENTRAL"], "dataTypes": [{"type": "TEXT", "count": 1011, "shortest_values": [["SOHO", 4], ["SOHO", 4], ["SOHO", 4], ["SOHO", 4], ["SOHO", 4]], "longest_values": [["GREENWICH VILLAGE-CENTRAL", 25], ["GREENWICH VILLAGE-CENTRAL", 25], ["GREENWICH VILLAGE-CENTRAL", 25], ["GREENWICH VILLAGE-CENTRAL", 25], ["GREENWICH VILLAGE-CENTRAL", 25]], "average_length": 16.183976261127594}]}, {"column_name": "COMPARABLE_RENTAL_2__Building_Classification", "number_non_empty_cells": 1011, "number_empty_cells": 57, "number_distinct_values": 12, "frequent_values": ["D6-ELEVATOR", "D7-ELEVATOR", "D9-ELEVATOR", "D1-ELEVATOR", "D3-ELEVATOR"], "dataTypes": [{"type": "TEXT", "count": 1011, "shortest_values": [["C7-WALK-UP", 10], ["C7-WALK-UP", 10], ["C7-WALK-UP", 10], ["C7-WALK-UP", 10], ["C7-WALK-UP", 10]], "longest_values": [["D8-ELEVATOR", 11], ["D8-ELEVATOR", 11], ["D8-ELEVATOR", 11], ["D8-ELEVATOR", 11], ["D8-ELEVATOR", 11]], "average_length": 10.931750741839746}]}, {"column_name": "COMPARABLE_RENTAL_2__Total_Units", "number_non_empty_cells": 1011, "number_empty_cells": 57, "number_distinct_values": 192, "frequent_values": [129, 13, 11, 20, 24], "dataTypes": [{"type": "INTEGER (LONG)", "count": 1011, "max_value": 1112, "min_value": 11, "mean": 123.27299703264099, "stddev": 127.98549718786238}]}, {"column_name": "COMPARABLE_RENTAL_2__Year_Built", "number_non_empty_cells": 1011, "number_empty_cells": 57, "number_distinct_values": 84, "frequent_values": [1900, 1920, 1910, 1986, 1999], "dataTypes": [{"type": "INTEGER (LONG)", "count": 1011, "max_value": 2005, "min_value": 1880, "mean": 1951.9208704253215, "stddev": 37.14592377968421}]}, {"column_name": "COMPARABLE_RENTAL_2__Gross_SqFt", "number_non_empty_cells": 1011, "number_empty_cells": 57, "number_distinct_values": 398, "frequent_values": [138500, 47765, 357000, 257244, 26712], "dataTypes": [{"type": "INTEGER (LONG)", "count": 1011, "max_value": 1588533, "min_value": 2064, "mean": 123971.11572700305, "stddev": 142089.15524268575}]}, {"column_name": "COMPARABLE_RENTAL_2__Est_Gross_Income", "number_non_empty_cells": 1011, "number_empty_cells": 57, "number_distinct_values": 401, "frequent_values": [5876391, 13358015, 827938, 9482853, 1588006], "dataTypes": [{"type": "INTEGER (LONG)", "count": 1011, "max_value": 34627255, "min_value": 53209, "mean": 4746962.69732937, "stddev": 5697113.189309073}]}, {"column_name": "COMPARABLE_RENTAL_2__Gross_Income_per_SqFt", "number_non_empty_cells": 1011, "number_empty_cells": 57, "number_distinct_values": 245, "frequent_values": [36.9, 51.0, 31.0, 42.4, 37.4], "dataTypes": [{"type": "REAL", "count": 1011, "max_value": 78.0, "min_value": 10.1, "mean": 36.72530168150344, "stddev": 9.748746419855324}]}, {"column_name": "COMPARABLE_RENTAL_2__Full_Market_Value", "number_non_empty_cells": 1011, "number_empty_cells": 57, "number_distinct_values": 346, "frequent_values": [29500000, 67000000, 21300000, 15600000, 3970000], "dataTypes": [{"type": "INTEGER (LONG)", "count": 1011, "max_value": 174000000, "min_value": 231000, "mean": 23264705.24233432, "stddev": 28192556.692024197}]}, {"column_name": "COMPARABLE_RENTAL_2__Market_Value_per_SqFt", "number_non_empty_cells": 1011, "number_empty_cells": 57, "number_distinct_values": 172, "frequent_values": [185.0, 149.0, 195.0, 213.0, 229.0], "dataTypes": [{"type": "REAL", "count": 1011, "max_value": 391.0, "min_value": 28.8, "mean": 178.8846686449062, "stddev": 55.14178713813454}]}, {"column_name": "COMPARABLE_RENTAL_2__Dist_from_Coop_in_miles", "number_non_empty_cells": 1011, "number_empty_cells": 57, "number_distinct_values": 56, "frequent_values": [0.2, 0.15, 0.1, 0.25, 0.35], "dataTypes": [{"type": "REAL", "count": 1011, "max_value": 4.5, "min_value": 0.0, "mean": 0.5511177052423349, "stddev": 0.5141176427017138}]}]}