{"dataset_name": "/user/hm74/NYCOpenData/adax-9mit.tsv.gz", "columns": [{"column_name": "borough", "number_non_empty_cells": 97, "number_empty_cells": 0, "number_distinct_values": 4, "frequent_values": ["BK", "MN", "BX", "QN"], "dataTypes": [{"type": "TEXT", "count": 97, "shortest_values": [["BX", 2], ["MN", 2], ["QN", 2], ["MN", 2], ["BX", 2]], "longest_values": [["BX", 2], ["MN", 2], ["QN", 2], ["MN", 2], ["BX", 2]], "average_length": 2.0}]}, {"column_name": "boro", "number_non_empty_cells": 97, "number_empty_cells": 0, "number_distinct_values": 4, "frequent_values": [3, 1, 2, 4], "dataTypes": [{"type": "INTEGER (LONG)", "count": 97, "max_value": 4, "min_value": 1, "mean": 2.2680412371134016, "stddev": 1.000159409124528}]}, {"column_name": "block", "number_non_empty_cells": 97, "number_empty_cells": 0, "number_distinct_values": 85, "frequent_values": [1236, 2456, 1988, 1223, 2071], "dataTypes": [{"type": "INTEGER (LONG)", "count": 97, "max_value": 15744, "min_value": 238, "mean": 3305.7938144329896, "stddev": 2467.4870347715832}]}, {"column_name": "lot", "number_non_empty_cells": 97, "number_empty_cells": 0, "number_distinct_values": 58, "frequent_values": [16, 6, 34, 1, 20], "dataTypes": [{"type": "INTEGER (LONG)", "count": 97, "max_value": 517, "min_value": 1, "mean": 47.74226804123711, "stddev": 65.40299787424475}]}, {"column_name": "bbl", "number_non_empty_cells": 97, "number_empty_cells": 0, "number_distinct_values": 96, "frequent_values": [2028440105, 1012360034, 3016170057, 3010150043, 2033080012], "dataTypes": [{"type": "INTEGER (LONG)", "count": 97, "max_value": 4157440007, "min_value": 1002380040, "mean": 2301099222.9999995, "stddev": 1013138290.499566}]}, {"column_name": "hnum_lo", "number_non_empty_cells": 97, "number_empty_cells": 0, "number_distinct_values": 95, "frequent_values": ["1459", "290", "1528", "1043", "51"], "dataTypes": [{"type": "INTEGER (LONG)", "count": 86, "max_value": 6301, "min_value": 1, "mean": 1282.4534883720928, "stddev": 1301.0748835051083}, {"type": "DATE/TIME", "count": 5, "max_value": "2048-11-07T00:00:00", "min_value": "0201-11-07T00:00:00"}, {"type": "TEXT", "count": 6, "shortest_values": [["29-12", 5], ["41-40", 5], ["29-32", 5], ["39-30", 5], ["142-27", 6]], "longest_values": [["142-27", 6], ["132-57", 6], ["29-12", 5], ["41-40", 5], ["29-32", 5]], "average_length": 5.333333333333334}]}, {"column_name": "hnum_hi", "number_non_empty_cells": 97, "number_empty_cells": 0, "number_distinct_values": 96, "frequent_values": ["1459", "495", "51", "2718", "448"], "dataTypes": [{"type": "INTEGER (LONG)", "count": 86, "max_value": 6301, "min_value": 1, "mean": 1283.4418604651162, "stddev": 1301.1837598326965}, {"type": "DATE/TIME", "count": 5, "max_value": "2048-11-07T00:00:00", "min_value": "0201-11-07T00:00:00"}, {"type": "TEXT", "count": 6, "shortest_values": [["29-12", 5], ["41-40", 5], ["29-32", 5], ["39-30", 5], ["142-27", 6]], "longest_values": [["142-27", 6], ["132-57", 6], ["29-12", 5], ["41-40", 5], ["29-32", 5]], "average_length": 5.333333333333334}]}, {"column_name": "str_name", "number_non_empty_cells": 97, "number_empty_cells": 0, "number_distinct_values": 80, "frequent_values": ["AMSTERDAM AVENUE", "SHERIDAN AVENUE", "BROADWAY", "WYTHE PLACE", "WEST 135 STREET"], "dataTypes": [{"type": "TEXT", "count": 97, "shortest_values": [["BROADWAY", 8], ["BROADWAY", 8], ["1 AVENUE", 8], ["AVENUE J", 8], ["BROADWAY", 8]], "longest_values": [["BEACH CHANNEL DRIVE", 19], ["WASHINGTON SQUARE N", 19], ["SOUTH PINEHURST AVE", 19], ["ST NICHOLAS AVENUE", 18], ["LORING PLACE SOUTH", 18]], "average_length": 13.288659793814434}]}, {"column_name": "crfn", "number_non_empty_cells": 97, "number_empty_cells": 0, "number_distinct_values": 97, "frequent_values": [2018000149792, 2018000245537, 2018000129524, 2018000250904, 2018000180189], "dataTypes": [{"type": "INTEGER (LONG)", "count": 97, "max_value": 2018000349272, "min_value": 2018000117982, "mean": 2018000231671.9692, "stddev": 56611.127675800155}]}, {"column_name": "grantee", "number_non_empty_cells": 97, "number_empty_cells": 0, "number_distinct_values": 93, "frequent_values": ["1048-1064 SHERIDAN INVESTORS LLC", "BR JAMAICA PARTNERS LLC", "PARK PROPERTIES 4585-9 LLC", "1920 LORING II LLC", "GPG 588 LLC"], "dataTypes": [{"type": "TEXT", "count": 97, "shortest_values": [["NTB LLC", 7], ["1478 LLC", 8], ["456 E LLC", 9], ["947 SM LLC", 10], ["939 SM LLC", 10]], "longest_values": [["LEE PAN REALTY CORP.*MJ GROUP HOLDINGS LLC", 42], ["5543-336 WEST 95TH STREET MANHATTAN LLC", 39], ["4811 45TH STREET LLC*ASHOUR ASSETS LLC", 38], ["2932 BCD LLC*BEACH CHANNEL OWNER LLC", 36], ["STF 290 EAST 53RD STREET HOLDING LLC", 36]], "average_length": 23.05154639175258}]}, {"column_name": "deed_date", "number_non_empty_cells": 97, "number_empty_cells": 0, "number_distinct_values": 58, "frequent_values": ["07/26/2018", "06/14/2018", "08/14/2018", "06/21/2018", "05/15/2018"], "dataTypes": [{"type": "DATE/TIME", "count": 97, "max_value": "2018-09-27T00:00:00", "min_value": "2018-04-05T00:00:00"}]}, {"column_name": "price", "number_non_empty_cells": 97, "number_empty_cells": 0, "number_distinct_values": 87, "frequent_values": [15000000, 8600000, 7200000, 4900000, 4000000], "dataTypes": [{"type": "INTEGER (LONG)", "count": 97, "max_value": 81240000, "min_value": 2300000, "mean": 12386815.835051546, "stddev": 12327502.027416732}]}, {"column_name": "cap_rate", "number_non_empty_cells": 97, "number_empty_cells": 0, "number_distinct_values": 95, "frequent_values": [0.0326, 0.03392, 0.03186, 0.02943, 0.03377], "dataTypes": [{"type": "REAL", "count": 97, "max_value": 0.0365, "min_value": 0.01527, "mean": 0.02706, "stddev": 0.005207553791834066}]}, {"column_name": "borough_cap_rate", "number_non_empty_cells": 97, "number_empty_cells": 0, "number_distinct_values": 8, "frequent_values": [0.03426, 0.03345, 0.03671, 0.03538, 0.03329], "dataTypes": [{"type": "REAL", "count": 97, "max_value": 0.03671, "min_value": 0.03129, "mean": 0.03443577319587629, "stddev": 0.001651801787272365}]}, {"column_name": "yearqtr", "number_non_empty_cells": 97, "number_empty_cells": 0, "number_distinct_values": 2, "frequent_values": ["2018Q2", "2018Q3"], "dataTypes": [{"type": "TEXT", "count": 97, "shortest_values": [["2018Q2", 6], ["2018Q3", 6], ["2018Q2", 6], ["2018Q3", 6], ["2018Q3", 6]], "longest_values": [["2018Q2", 6], ["2018Q3", 6], ["2018Q2", 6], ["2018Q3", 6], ["2018Q3", 6]], "average_length": 6.0}]}, {"column_name": "Postcode", "number_non_empty_cells": 97, "number_empty_cells": 0, "number_distinct_values": 55, "frequent_values": [10031, 10458, 10024, 11213, 11226], "dataTypes": [{"type": "INTEGER (LONG)", "count": 97, "max_value": 11691, "min_value": 10002, "mean": 10688.27835051546, "stddev": 534.6128909215969}]}, {"column_name": "Latitude", "number_non_empty_cells": 97, "number_empty_cells": 0, "number_distinct_values": 95, "frequent_values": [40.840561, 40.713505, 40.854691, 40.789453, 40.856947], "dataTypes": [{"type": "REAL", "count": 97, "max_value": 40.883448, "min_value": 40.584559, "mean": 40.75403680412372, "stddev": 0.08819524983499115}]}, {"column_name": "Longitude", "number_non_empty_cells": 97, "number_empty_cells": 0, "number_distinct_values": 96, "frequent_values": [-73.914173, -73.866649, -73.991354, -74.008117, -73.996259], "dataTypes": [{"type": "REAL", "count": 97, "max_value": -73.757002, "min_value": -74.03164, "mean": -73.9285349690722, "stddev": 0.055378725303646695}]}, {"column_name": "Community_Board", "number_non_empty_cells": 97, "number_empty_cells": 0, "number_distinct_values": 43, "frequent_values": [109, 107, 207, 204, 112], "dataTypes": [{"type": "INTEGER (LONG)", "count": 97, "max_value": 414, "min_value": 102, "mean": 235.37113402061863, "stddev": 100.80872155727882}]}, {"column_name": "Council_District", "number_non_empty_cells": 97, "number_empty_cells": 0, "number_distinct_values": 34, "frequent_values": [7, 6, 15, 40, 10], "dataTypes": [{"type": "INTEGER (LONG)", "count": 97, "max_value": 48, "min_value": 1, "mean": 21.453608247422668, "stddev": 14.509876208951862}]}, {"column_name": "Census_Tract", "number_non_empty_cells": 97, "number_empty_cells": 0, "number_distinct_values": 80, "frequent_values": [225, 175, 18102, 50803, 223], "dataTypes": [{"type": "INTEGER (LONG)", "count": 97, "max_value": 117202, "min_value": 8, "mean": 8674.48453608247, "stddev": 18420.710040443355}]}, {"column_name": "BIN", "number_non_empty_cells": 97, "number_empty_cells": 0, "number_distinct_values": 96, "frequent_values": [2008120, 1033297, 1004021, 4039157, 2000539], "dataTypes": [{"type": "INTEGER (LONG)", "count": 97, "max_value": 4300850, "min_value": 1000000, "mean": 2341043.19587629, "stddev": 1038377.1606364495}]}, {"column_name": "NTA", "number_non_empty_cells": 97, "number_empty_cells": 0, "number_distinct_values": 59, "frequent_values": ["MN12", "MN04", "BK61", "MN36", "BX14"], "dataTypes": [{"type": "TEXT", "count": 97, "shortest_values": [["BX44", 4], ["MN24", 4], ["QN71", 4], ["MN12", 4], ["BX27", 4]], "longest_values": [["BX44", 4], ["MN24", 4], ["QN71", 4], ["MN12", 4], ["BX27", 4]], "average_length": 4.0}]}, {"column_name": "Location1", "number_non_empty_cells": 97, "number_empty_cells": 0, "number_distinct_values": 96, "frequent_values": ["(40.840561, -73.914173)", "(40.739079, -73.996781)", "(40.819296, -73.953043)", "(40.846377, -73.934048)", "(40.713505, -73.757002)"], "dataTypes": [{"type": "TEXT", "count": 97, "shortest_values": [["(40.815325, -73.9159)", 21], ["(40.86804, -73.89551)", 21], ["(40.785738, -73.9506)", 21], ["(40.6836, -73.885595)", 21], ["(40.71781, -73.996908)", 22]], "longest_values": [["(40.883448, -73.857232)", 23], ["(40.798239, -73.971019)", 23], ["(40.824536, -73.892959)", 23], ["(40.819296, -73.953043)", 23], ["(40.614918, -73.980298)", 23]], "average_length": 22.81443298969072}]}]}