{"dataset_name": "/user/hm74/NYCOpenData/ae5u-upr6.tsv.gz", "columns": [{"column_name": "ID", "number_non_empty_cells": 3135, "number_empty_cells": 0, "number_distinct_values": 119, "frequent_values": [16, 72, 63, 53, 65], "dataTypes": [{"type": "INTEGER (LONG)", "count": 3135, "max_value": 119, "min_value": 1, "mean": 60.221371610845324, "stddev": 34.57121428947539}]}, {"column_name": "Segment_ID", "number_non_empty_cells": 3135, "number_empty_cells": 0, "number_distinct_values": 119, "frequent_values": [56804, 74356, 72026, 73436, 88826], "dataTypes": [{"type": "INTEGER (LONG)", "count": 3135, "max_value": 156672, "min_value": 30344, "mean": 73480.01020733644, "stddev": 16544.558214687862}]}, {"column_name": "Roadway_Name", "number_non_empty_cells": 3135, "number_empty_cells": 0, "number_distinct_values": 107, "frequent_values": ["Webster Ave", "Jerome Ave", "Boston Rd", "Metropolitan Ave", "E 138 St"], "dataTypes": [{"type": "DATE/TIME", "count": 168, "max_value": "2048-12-08T00:00:00", "min_value": "0150-12-08T00:00:00"}, {"type": "TEXT", "count": 2967, "shortest_values": [["73 Av", 5], ["73 Av", 5], ["73 Av", 5], ["73 Av", 5], ["73 Av", 5]], "longest_values": [["Horace Harding Expressway (Service Rd)", 38], ["Horace Harding Expressway (Service Rd)", 38], ["Horace Harding Expressway (Service Rd)", 38], ["Horace Harding Expressway (Service Rd)", 38], ["Horace Harding Expressway (Service Rd)", 38]], "average_length": 12.347489046174603}]}, {"column_name": "From", "number_non_empty_cells": 3135, "number_empty_cells": 0, "number_distinct_values": 126, "frequent_values": ["102 Ave", "Boston Rd", "198th St", "58 Ave", "147th St "], "dataTypes": [{"type": "DATE/TIME", "count": 714, "max_value": "2055-12-08T00:00:00", "min_value": "0101-12-08T00:00:00"}, {"type": "TEXT", "count": 2421, "shortest_values": [["73 Pl", 5], ["73 Pl", 5], ["73 Pl", 5], ["73 Pl", 5], ["73 Pl", 5]], "longest_values": [["Belt Pkwy EB En Farmers Blvd", 28], ["Belt Pkwy EB En Farmers Blvd", 28], ["Belt Pkwy EB En Farmers Blvd", 28], ["Belt Pkwy EB En Farmers Blvd", 28], ["Belt Pkwy EB En Farmers Blvd", 28]], "average_length": 10.099132589838911}]}, {"column_name": "To", "number_non_empty_cells": 3121, "number_empty_cells": 14, "number_distinct_values": 127, "frequent_values": ["Park Ave", "Liberty Ave", "199th St", "Van Cortlandt Ave E", "73 St"], "dataTypes": [{"type": "DATE/TIME", "count": 798, "max_value": "2056-12-08T00:00:00", "min_value": "0102-12-08T00:00:00"}, {"type": "TEXT", "count": 2337, "shortest_values": [["79 Ln", 5], ["79 Ln", 5], ["79 Ln", 5], ["79 Ln", 5], ["79 Ln", 5]], "longest_values": [["Laurel Hill Blvd / 56 Rd", 24], ["Laurel Hill Blvd / 56 Rd", 24], ["Laurel Hill Blvd / 56 Rd", 24], ["Laurel Hill Blvd / 56 Rd", 24], ["Laurel Hill Blvd / 56 Rd", 24]], "average_length": 10.587933247753528}]}, {"column_name": "Direction", "number_non_empty_cells": 3135, "number_empty_cells": 0, "number_distinct_values": 4, "frequent_values": ["WB", "NB", "EB", "SB"], "dataTypes": [{"type": "TEXT", "count": 3135, "shortest_values": [["EB", 2], ["EB", 2], ["EB", 2], ["EB", 2], ["EB", 2]], "longest_values": [["EB", 2], ["EB", 2], ["EB", 2], ["EB", 2], ["EB", 2]], "average_length": 2.0}]}, {"column_name": "Date", "number_non_empty_cells": 3135, "number_empty_cells": 0, "number_distinct_values": 20, "frequent_values": ["10/17/2012", "10/10/2012", "10/16/2012", "10/11/2012", "10/24/2012"], "dataTypes": [{"type": "DATE/TIME", "count": 3135, "max_value": "2013-02-07T00:00:00", "min_value": "2012-10-09T00:00:00"}]}, {"column_name": "Veh_Class_Type", "number_non_empty_cells": 3135, "number_empty_cells": 0, "number_distinct_values": 7, "frequent_values": ["Heavy Truck", "School Bus", "Auto", "Taxis", "Commercial"], "dataTypes": [{"type": "TEXT", "count": 3135, "shortest_values": [["Auto", 4], ["Auto", 4], ["Auto", 4], ["Auto", 4], ["Auto", 4]], "longest_values": [["Medium Truck", 12], ["Medium Truck", 12], ["Medium Truck", 12], ["Medium Truck", 12], ["Medium Truck", 12]], "average_length": 8.71419457735248}]}, {"column_name": "12:00-1:00_AM", "number_non_empty_cells": 1567, "number_empty_cells": 1568, "number_distinct_values": 147, "frequent_values": [0, 1, 2, 3, 4], "dataTypes": [{"type": "INTEGER (LONG)", "count": 1567, "max_value": 2452, "min_value": 0, "mean": 22.776005105296758, "stddev": 128.41228268539868}]}, {"column_name": "1:00-2:00AM", "number_non_empty_cells": 1567, "number_empty_cells": 1568, "number_distinct_values": 117, "frequent_values": [0, 1, 2, 3, 5], "dataTypes": [{"type": "INTEGER (LONG)", "count": 1567, "max_value": 3436, "min_value": 0, "mean": 16.531589023612018, "stddev": 117.10214639668419}]}, {"column_name": "2:00-3:00AM", "number_non_empty_cells": 1567, "number_empty_cells": 1568, "number_distinct_values": 97, "frequent_values": [0, 1, 2, 3, 4], "dataTypes": [{"type": "INTEGER (LONG)", "count": 1567, "max_value": 3115, "min_value": 0, "mean": 14.012125079770259, "stddev": 110.62017772651053}]}, {"column_name": "3:00-4:00AM", "number_non_empty_cells": 1567, "number_empty_cells": 1568, "number_distinct_values": 97, "frequent_values": [0, 1, 2, 3, 4], "dataTypes": [{"type": "INTEGER (LONG)", "count": 1567, "max_value": 2959, "min_value": 0, "mean": 14.498404594767099, "stddev": 114.50689973445863}]}, {"column_name": "4:00-5:00AM", "number_non_empty_cells": 1567, "number_empty_cells": 1568, "number_distinct_values": 114, "frequent_values": [0, 1, 2, 4, 3], "dataTypes": [{"type": "INTEGER (LONG)", "count": 1567, "max_value": 3584, "min_value": 0, "mean": 20.352903637523923, "stddev": 152.51534042396653}]}, {"column_name": "5:00-6:00AM", "number_non_empty_cells": 1567, "number_empty_cells": 1568, "number_distinct_values": 161, "frequent_values": [0, 1, 2, 3, 4], "dataTypes": [{"type": "INTEGER (LONG)", "count": 1567, "max_value": 6611, "min_value": 0, "mean": 35.82705807275048, "stddev": 263.68641105985074}]}, {"column_name": "6:00-7:00AM", "number_non_empty_cells": 1567, "number_empty_cells": 1568, "number_distinct_values": 219, "frequent_values": [0, 1, 2, 3, 4], "dataTypes": [{"type": "INTEGER (LONG)", "count": 1567, "max_value": 5645, "min_value": 0, "mean": 57.75941289087439, "stddev": 295.17184409865786}]}, {"column_name": "7:00-8:00AM", "number_non_empty_cells": 1567, "number_empty_cells": 1568, "number_distinct_values": 275, "frequent_values": [0, 1, 2, 3, 4], "dataTypes": [{"type": "INTEGER (LONG)", "count": 1567, "max_value": 5286, "min_value": 0, "mean": 83.7447351627313, "stddev": 323.2921055484235}]}, {"column_name": "8:00-9:00AM", "number_non_empty_cells": 1567, "number_empty_cells": 1568, "number_distinct_values": 290, "frequent_values": [0, 1, 2, 3, 5], "dataTypes": [{"type": "INTEGER (LONG)", "count": 1567, "max_value": 5009, "min_value": 0, "mean": 85.51691129546917, "stddev": 313.92494530362956}]}, {"column_name": "9:00-10:00AM", "number_non_empty_cells": 1567, "number_empty_cells": 1568, "number_distinct_values": 266, "frequent_values": [0, 1, 2, 3, 4], "dataTypes": [{"type": "INTEGER (LONG)", "count": 1567, "max_value": 4760, "min_value": 0, "mean": 71.27377153797057, "stddev": 268.307531446223}]}, {"column_name": "10:00-11:00AM", "number_non_empty_cells": 1567, "number_empty_cells": 1568, "number_distinct_values": 262, "frequent_values": [0, 1, 2, 3, 4], "dataTypes": [{"type": "INTEGER (LONG)", "count": 1567, "max_value": 4190, "min_value": 0, "mean": 64.96617740906184, "stddev": 248.44086532949555}]}, {"column_name": "11:00-12:00PM", "number_non_empty_cells": 1567, "number_empty_cells": 1568, "number_distinct_values": 261, "frequent_values": [0, 1, 2, 3, 4], "dataTypes": [{"type": "INTEGER (LONG)", "count": 1567, "max_value": 3815, "min_value": 0, "mean": 66.09508615188246, "stddev": 258.0474457496562}]}, {"column_name": "12:00-1:00PM", "number_non_empty_cells": 1567, "number_empty_cells": 1568, "number_distinct_values": 265, "frequent_values": [0, 1, 2, 3, 6], "dataTypes": [{"type": "INTEGER (LONG)", "count": 1567, "max_value": 4008, "min_value": 0, "mean": 68.642629227824, "stddev": 267.2041898074383}]}, {"column_name": "1:00-2:00PM", "number_non_empty_cells": 1567, "number_empty_cells": 1568, "number_distinct_values": 274, "frequent_values": [0, 1, 2, 3, 5], "dataTypes": [{"type": "INTEGER (LONG)", "count": 1567, "max_value": 4422, "min_value": 0, "mean": 69.48308870453106, "stddev": 272.6476969007874}]}, {"column_name": "2:00-3:00PM", "number_non_empty_cells": 1567, "number_empty_cells": 1568, "number_distinct_values": 275, "frequent_values": [0, 1, 2, 5, 3], "dataTypes": [{"type": "INTEGER (LONG)", "count": 1567, "max_value": 5186, "min_value": 0, "mean": 79.70389278876836, "stddev": 315.0615367271275}]}, {"column_name": "3:00-4:00PM", "number_non_empty_cells": 1567, "number_empty_cells": 1568, "number_distinct_values": 281, "frequent_values": [0, 1, 2, 3, 5], "dataTypes": [{"type": "INTEGER (LONG)", "count": 1567, "max_value": 5660, "min_value": 0, "mean": 86.81812380344604, "stddev": 328.2457979481754}]}, {"column_name": "4:00-5:00PM", "number_non_empty_cells": 1567, "number_empty_cells": 1568, "number_distinct_values": 289, "frequent_values": [0, 1, 3, 4, 2], "dataTypes": [{"type": "INTEGER (LONG)", "count": 1567, "max_value": 5642, "min_value": 0, "mean": 90.0025526483728, "stddev": 353.9723145712876}]}, {"column_name": "5:00-6:00PM", "number_non_empty_cells": 1567, "number_empty_cells": 1568, "number_distinct_values": 288, "frequent_values": [0, 1, 2, 3, 4], "dataTypes": [{"type": "INTEGER (LONG)", "count": 1567, "max_value": 5050, "min_value": 0, "mean": 89.63050414805356, "stddev": 351.8954301856091}]}, {"column_name": "6:00-7:00PM", "number_non_empty_cells": 1567, "number_empty_cells": 1568, "number_distinct_values": 274, "frequent_values": [0, 1, 2, 3, 6], "dataTypes": [{"type": "INTEGER (LONG)", "count": 1567, "max_value": 4998, "min_value": 0, "mean": 80.73005743458846, "stddev": 326.9125404003709}]}, {"column_name": "7:00-8:00PM", "number_non_empty_cells": 1568, "number_empty_cells": 1567, "number_distinct_values": 262, "frequent_values": [0, 1, 2, 4, 3], "dataTypes": [{"type": "INTEGER (LONG)", "count": 1568, "max_value": 4941, "min_value": 0, "mean": 67.07142857142838, "stddev": 288.0884085180262}]}, {"column_name": "8:00-9:00PM", "number_non_empty_cells": 1568, "number_empty_cells": 1567, "number_distinct_values": 240, "frequent_values": [0, 1, 2, 3, 5], "dataTypes": [{"type": "INTEGER (LONG)", "count": 1568, "max_value": 5630, "min_value": 0, "mean": 56.489158163265266, "stddev": 269.75109206112387}]}, {"column_name": "9:00-10:00PM", "number_non_empty_cells": 1568, "number_empty_cells": 1567, "number_distinct_values": 223, "frequent_values": [0, 1, 2, 3, 4], "dataTypes": [{"type": "INTEGER (LONG)", "count": 1568, "max_value": 5116, "min_value": 0, "mean": 46.38010204081634, "stddev": 239.38384642786934}]}, {"column_name": "10:00-11:00PM", "number_non_empty_cells": 1568, "number_empty_cells": 1567, "number_distinct_values": 196, "frequent_values": [0, 1, 2, 3, 4], "dataTypes": [{"type": "INTEGER (LONG)", "count": 1568, "max_value": 4631, "min_value": 0, "mean": 38.61607142857151, "stddev": 209.74037777271158}]}, {"column_name": "11:00-12:00AM", "number_non_empty_cells": 1561, "number_empty_cells": 1574, "number_distinct_values": 182, "frequent_values": [0, 1, 3, 2, 4], "dataTypes": [{"type": "INTEGER (LONG)", "count": 1561, "max_value": 4073, "min_value": 0, "mean": 31.75016015374753, "stddev": 179.96169170697743}]}]}