{"dataset_name": "/user/hm74/NYCOpenData/af3x-y3y3.tsv.gz", "columns": [{"column_name": "DBN", "number_non_empty_cells": 603, "number_empty_cells": 0, "number_distinct_values": 18, "frequent_values": ["07X520", "02M625", "14K322", "14K330", "22K495"], "dataTypes": [{"type": "TEXT", "count": 603, "shortest_values": [["02M625", 6], ["02M625", 6], ["02M625", 6], ["02M625", 6], ["02M625", 6]], "longest_values": [["02M625", 6], ["02M625", 6], ["02M625", 6], ["02M625", 6], ["02M625", 6]], "average_length": 6.0}]}, {"column_name": "Category Type", "number_non_empty_cells": 603, "number_empty_cells": 0, "number_distinct_values": 6, "frequent_values": ["To School", "Discharge", "Attendance", "GPA", "SWD Status"], "dataTypes": [{"type": "TEXT", "count": 603, "shortest_values": [["GPA", 3], ["GPA", 3], ["GPA", 3], ["GPA", 3], ["GPA", 3]], "longest_values": [["Attendance", 10], ["Attendance", 10], ["Attendance", 10], ["Attendance", 10], ["Attendance", 10]], "average_length": 8.734660033167511}]}, {"column_name": "Category Values", "number_non_empty_cells": 603, "number_empty_cells": 0, "number_distinct_values": 313, "frequent_values": ["SWD", "No Credit Recovery", "Not SWD", "Transferred to another DOE school or pro", "81-100% Attendance Rate"], "dataTypes": [{"type": "TEXT", "count": 603, "shortest_values": [["SWD", 3], ["SWD", 3], ["SWD", 3], ["SWD", 3], ["SWD", 3]], "longest_values": [["Transferred to a part-time DOE GED progr", 40], ["Transferred to a YABC, D79 or D75 progra", 40], ["Transferred to a DOE high school equival", 40], ["Discharged to a non-public school in NYC", 40], ["Discharged to a non-public school  in NY", 40]], "average_length": 11.777777777777782}]}, {"column_name": "Total#", "number_non_empty_cells": 603, "number_empty_cells": 0, "number_distinct_values": 56, "frequent_values": ["s", "14", "13", "23", "10"], "dataTypes": [{"type": "INTEGER (LONG)", "count": 108, "max_value": 177, "min_value": 10, "mean": 36.04629629629629, "stddev": 30.535463371621145}, {"type": "TEXT", "count": 495, "shortest_values": [["s", 1], ["s", 1], ["s", 1], ["s", 1], ["s", 1]], "longest_values": [["s", 1], ["s", 1], ["s", 1], ["s", 1], ["s", 1]], "average_length": 1.0}]}, {"column_name": "Total%", "number_non_empty_cells": 603, "number_empty_cells": 0, "number_distinct_values": 96, "frequent_values": ["s", "33.8", "28.6", "75.0", "18.2"], "dataTypes": [{"type": "REAL", "count": 108, "max_value": 97.6, "min_value": 4.3, "mean": 40.42037037037038, "stddev": 25.280224884941127}, {"type": "TEXT", "count": 495, "shortest_values": [["s", 1], ["s", 1], ["s", 1], ["s", 1], ["s", 1]], "longest_values": [["s", 1], ["s", 1], ["s", 1], ["s", 1], ["s", 1]], "average_length": 1.0}]}, {"column_name": "Grade 1#", "number_non_empty_cells": 603, "number_empty_cells": 0, "number_distinct_values": 1, "frequent_values": ["s"], "dataTypes": [{"type": "TEXT", "count": 603, "shortest_values": [["s", 1], ["s", 1], ["s", 1], ["s", 1], ["s", 1]], "longest_values": [["s", 1], ["s", 1], ["s", 1], ["s", 1], ["s", 1]], "average_length": 1.0}]}, {"column_name": "Grade 1%", "number_non_empty_cells": 603, "number_empty_cells": 0, "number_distinct_values": 1, "frequent_values": ["s"], "dataTypes": [{"type": "TEXT", "count": 603, "shortest_values": [["s", 1], ["s", 1], ["s", 1], ["s", 1], ["s", 1]], "longest_values": [["s", 1], ["s", 1], ["s", 1], ["s", 1], ["s", 1]], "average_length": 1.0}]}, {"column_name": "Grade 2#", "number_non_empty_cells": 603, "number_empty_cells": 0, "number_distinct_values": 1, "frequent_values": ["s"], "dataTypes": [{"type": "TEXT", "count": 603, "shortest_values": [["s", 1], ["s", 1], ["s", 1], ["s", 1], ["s", 1]], "longest_values": [["s", 1], ["s", 1], ["s", 1], ["s", 1], ["s", 1]], "average_length": 1.0}]}, {"column_name": "Grade 2%", "number_non_empty_cells": 603, "number_empty_cells": 0, "number_distinct_values": 1, "frequent_values": ["s"], "dataTypes": [{"type": "TEXT", "count": 603, "shortest_values": [["s", 1], ["s", 1], ["s", 1], ["s", 1], ["s", 1]], "longest_values": [["s", 1], ["s", 1], ["s", 1], ["s", 1], ["s", 1]], "average_length": 1.0}]}, {"column_name": "Grade 4#", "number_non_empty_cells": 603, "number_empty_cells": 0, "number_distinct_values": 1, "frequent_values": ["s"], "dataTypes": [{"type": "TEXT", "count": 603, "shortest_values": [["s", 1], ["s", 1], ["s", 1], ["s", 1], ["s", 1]], "longest_values": [["s", 1], ["s", 1], ["s", 1], ["s", 1], ["s", 1]], "average_length": 1.0}]}, {"column_name": "Grade 4%", "number_non_empty_cells": 603, "number_empty_cells": 0, "number_distinct_values": 1, "frequent_values": ["s"], "dataTypes": [{"type": "TEXT", "count": 603, "shortest_values": [["s", 1], ["s", 1], ["s", 1], ["s", 1], ["s", 1]], "longest_values": [["s", 1], ["s", 1], ["s", 1], ["s", 1], ["s", 1]], "average_length": 1.0}]}, {"column_name": "Grade 5#", "number_non_empty_cells": 603, "number_empty_cells": 0, "number_distinct_values": 25, "frequent_values": ["s", "14", "27", "13", "15"], "dataTypes": [{"type": "INTEGER (LONG)", "count": 28, "max_value": 140, "min_value": 11, "mean": 37.785714285714285, "stddev": 31.31904617099991}, {"type": "TEXT", "count": 575, "shortest_values": [["s", 1], ["s", 1], ["s", 1], ["s", 1], ["s", 1]], "longest_values": [["s", 1], ["s", 1], ["s", 1], ["s", 1], ["s", 1]], "average_length": 1.0}]}, {"column_name": "Grade 5%", "number_non_empty_cells": 603, "number_empty_cells": 0, "number_distinct_values": 28, "frequent_values": ["s", "18.6", "96.6", "9.2", "96.3"], "dataTypes": [{"type": "REAL", "count": 28, "max_value": 96.9, "min_value": 9.2, "mean": 50.114285714285714, "stddev": 27.880212059627446}, {"type": "TEXT", "count": 575, "shortest_values": [["s", 1], ["s", 1], ["s", 1], ["s", 1], ["s", 1]], "longest_values": [["s", 1], ["s", 1], ["s", 1], ["s", 1], ["s", 1]], "average_length": 1.0}]}, {"column_name": "Grade 6#", "number_non_empty_cells": 603, "number_empty_cells": 0, "number_distinct_values": 6, "frequent_values": ["s", "21", "32", "20", "13"], "dataTypes": [{"type": "INTEGER (LONG)", "count": 5, "max_value": 32, "min_value": 13, "mean": 23.0, "stddev": 6.782329983125268}, {"type": "TEXT", "count": 598, "shortest_values": [["s", 1], ["s", 1], ["s", 1], ["s", 1], ["s", 1]], "longest_values": [["s", 1], ["s", 1], ["s", 1], ["s", 1], ["s", 1]], "average_length": 1.0}]}, {"column_name": "Grade 6%", "number_non_empty_cells": 603, "number_empty_cells": 0, "number_distinct_values": 6, "frequent_values": ["s", "38.2", "61.8", "95.2", "85.3"], "dataTypes": [{"type": "REAL", "count": 5, "max_value": 95.2, "min_value": 38.2, "mean": 74.92, "stddev": 21.9425978407298}, {"type": "TEXT", "count": 598, "shortest_values": [["s", 1], ["s", 1], ["s", 1], ["s", 1], ["s", 1]], "longest_values": [["s", 1], ["s", 1], ["s", 1], ["s", 1], ["s", 1]], "average_length": 1.0}]}, {"column_name": "Grade 7#", "number_non_empty_cells": 603, "number_empty_cells": 0, "number_distinct_values": 4, "frequent_values": ["s", "14", "10", "21"], "dataTypes": [{"type": "INTEGER (LONG)", "count": 4, "max_value": 21, "min_value": 10, "mean": 14.75, "stddev": 3.960744879438715}, {"type": "TEXT", "count": 599, "shortest_values": [["s", 1], ["s", 1], ["s", 1], ["s", 1], ["s", 1]], "longest_values": [["s", 1], ["s", 1], ["s", 1], ["s", 1], ["s", 1]], "average_length": 1.0}]}, {"column_name": "Grade 7%", "number_non_empty_cells": 603, "number_empty_cells": 0, "number_distinct_values": 4, "frequent_values": ["s", "50.0", "75.0", "90.9"], "dataTypes": [{"type": "REAL", "count": 4, "max_value": 90.9, "min_value": 50.0, "mean": 66.47500000000001, "stddev": 17.407667132617167}, {"type": "TEXT", "count": 599, "shortest_values": [["s", 1], ["s", 1], ["s", 1], ["s", 1], ["s", 1]], "longest_values": [["s", 1], ["s", 1], ["s", 1], ["s", 1], ["s", 1]], "average_length": 1.0}]}, {"column_name": "Grade 8#", "number_non_empty_cells": 603, "number_empty_cells": 0, "number_distinct_values": 5, "frequent_values": ["s", "16", "17", "10", "13"], "dataTypes": [{"type": "INTEGER (LONG)", "count": 4, "max_value": 17, "min_value": 10, "mean": 14.0, "stddev": 2.7386127875258306}, {"type": "TEXT", "count": 599, "shortest_values": [["s", 1], ["s", 1], ["s", 1], ["s", 1], ["s", 1]], "longest_values": [["s", 1], ["s", 1], ["s", 1], ["s", 1], ["s", 1]], "average_length": 1.0}]}, {"column_name": "Grade 8%", "number_non_empty_cells": 603, "number_empty_cells": 0, "number_distinct_values": 5, "frequent_values": ["s", "94.4", "56.5", "69.6", "43.5"], "dataTypes": [{"type": "REAL", "count": 4, "max_value": 94.4, "min_value": 43.5, "mean": 66.0, "stddev": 18.815020595258463}, {"type": "TEXT", "count": 599, "shortest_values": [["s", 1], ["s", 1], ["s", 1], ["s", 1], ["s", 1]], "longest_values": [["s", 1], ["s", 1], ["s", 1], ["s", 1], ["s", 1]], "average_length": 1.0}]}, {"column_name": "Grade 9#", "number_non_empty_cells": 603, "number_empty_cells": 0, "number_distinct_values": 8, "frequent_values": ["s", "12", "11", "31", "34"], "dataTypes": [{"type": "INTEGER (LONG)", "count": 9, "max_value": 34, "min_value": 10, "mean": 17.88888888888889, "stddev": 8.92492694578809}, {"type": "TEXT", "count": 594, "shortest_values": [["s", 1], ["s", 1], ["s", 1], ["s", 1], ["s", 1]], "longest_values": [["s", 1], ["s", 1], ["s", 1], ["s", 1], ["s", 1]], "average_length": 1.0}]}, {"column_name": "Grade 9%", "number_non_empty_cells": 603, "number_empty_cells": 0, "number_distinct_values": 9, "frequent_values": ["s", "28.6", "59.5", "26.2", "90.9"], "dataTypes": [{"type": "REAL", "count": 9, "max_value": 90.9, "min_value": 26.2, "mean": 58.37777777777778, "stddev": 23.661491348592257}, {"type": "TEXT", "count": 594, "shortest_values": [["s", 1], ["s", 1], ["s", 1], ["s", 1], ["s", 1]], "longest_values": [["s", 1], ["s", 1], ["s", 1], ["s", 1], ["s", 1]], "average_length": 1.0}]}, {"column_name": "Grade 10#", "number_non_empty_cells": 603, "number_empty_cells": 0, "number_distinct_values": 5, "frequent_values": ["s", "11", "22", "20", "10"], "dataTypes": [{"type": "INTEGER (LONG)", "count": 4, "max_value": 22, "min_value": 10, "mean": 15.75, "stddev": 5.3091901453988255}, {"type": "TEXT", "count": 599, "shortest_values": [["s", 1], ["s", 1], ["s", 1], ["s", 1], ["s", 1]], "longest_values": [["s", 1], ["s", 1], ["s", 1], ["s", 1], ["s", 1]], "average_length": 1.0}]}, {"column_name": "Grade 10%", "number_non_empty_cells": 603, "number_empty_cells": 0, "number_distinct_values": 5, "frequent_values": ["s", "52.4", "95.7", "87.0", "43.5"], "dataTypes": [{"type": "REAL", "count": 4, "max_value": 95.7, "min_value": 43.5, "mean": 69.65, "stddev": 22.14164628025658}, {"type": "TEXT", "count": 599, "shortest_values": [["s", 1], ["s", 1], ["s", 1], ["s", 1], ["s", 1]], "longest_values": [["s", 1], ["s", 1], ["s", 1], ["s", 1], ["s", 1]], "average_length": 1.0}]}, {"column_name": "Grade 11#", "number_non_empty_cells": 603, "number_empty_cells": 0, "number_distinct_values": 4, "frequent_values": ["s", "16", "19", "10"], "dataTypes": [{"type": "INTEGER (LONG)", "count": 3, "max_value": 19, "min_value": 10, "mean": 15.0, "stddev": 3.7416573867739413}, {"type": "TEXT", "count": 600, "shortest_values": [["s", 1], ["s", 1], ["s", 1], ["s", 1], ["s", 1]], "longest_values": [["s", 1], ["s", 1], ["s", 1], ["s", 1], ["s", 1]], "average_length": 1.0}]}, {"column_name": "Grade 11%", "number_non_empty_cells": 603, "number_empty_cells": 0, "number_distinct_values": 4, "frequent_values": ["s", "50.0", "95.0", "80.0"], "dataTypes": [{"type": "REAL", "count": 3, "max_value": 95.0, "min_value": 50.0, "mean": 75.0, "stddev": 18.708286933869708}, {"type": "TEXT", "count": 600, "shortest_values": [["s", 1], ["s", 1], ["s", 1], ["s", 1], ["s", 1]], "longest_values": [["s", 1], ["s", 1], ["s", 1], ["s", 1], ["s", 1]], "average_length": 1.0}]}, {"column_name": "Grade 12#", "number_non_empty_cells": 603, "number_empty_cells": 0, "number_distinct_values": 30, "frequent_values": ["s", "10", "14", "19", "22"], "dataTypes": [{"type": "INTEGER (LONG)", "count": 54, "max_value": 156, "min_value": 10, "mean": 30.037037037037038, "stddev": 27.70008889072712}, {"type": "TEXT", "count": 549, "shortest_values": [["s", 1], ["s", 1], ["s", 1], ["s", 1], ["s", 1]], "longest_values": [["s", 1], ["s", 1], ["s", 1], ["s", 1], ["s", 1]], "average_length": 1.0}]}, {"column_name": "Grade 12%", "number_non_empty_cells": 603, "number_empty_cells": 0, "number_distinct_values": 47, "frequent_values": ["s", "18.2", "33.8", "34.5", "11.1"], "dataTypes": [{"type": "REAL", "count": 54, "max_value": 86.2, "min_value": 5.1, "mean": 40.15000000000001, "stddev": 22.86844623784776}, {"type": "TEXT", "count": 549, "shortest_values": [["s", 1], ["s", 1], ["s", 1], ["s", 1], ["s", 1]], "longest_values": [["s", 1], ["s", 1], ["s", 1], ["s", 1], ["s", 1]], "average_length": 1.0}]}]}