{"dataset_name": "/user/hm74/NYCOpenData/afsf-hz68.tsv.gz", "columns": [{"column_name": "Year", "number_non_empty_cells": 252, "number_empty_cells": 0, "number_distinct_values": 22, "frequent_values": [2007, 2003, 2015, 2006, 1997], "dataTypes": [{"type": "INTEGER (LONG)", "count": 252, "max_value": 2016, "min_value": 1995, "mean": 2005.0357142857135, "stddev": 6.110970674536163}]}, {"column_name": "Month", "number_non_empty_cells": 252, "number_empty_cells": 0, "number_distinct_values": 12, "frequent_values": [1, 3, 2, 8, 12], "dataTypes": [{"type": "INTEGER (LONG)", "count": 252, "max_value": 12, "min_value": 1, "mean": 6.464285714285711, "stddev": 3.4827685640519235}]}, {"column_name": "Total Self reported", "number_non_empty_cells": 248, "number_empty_cells": 4, "number_distinct_values": 246, "frequent_values": [269, 3743, 341, 4957, 3425], "dataTypes": [{"type": "INTEGER (LONG)", "count": 248, "max_value": 9073, "min_value": 176, "mean": 4048.5806451612875, "stddev": 1910.9507285758948}]}, {"column_name": "New Hires", "number_non_empty_cells": 188, "number_empty_cells": 64, "number_distinct_values": 171, "frequent_values": [4225, 1279, 2856, 1272, 1595], "dataTypes": [{"type": "INTEGER (LONG)", "count": 188, "max_value": 6358, "min_value": 538, "mean": 2319.79255319149, "stddev": 1167.662756684823}]}, {"column_name": "Total job placements", "number_non_empty_cells": 192, "number_empty_cells": 60, "number_distinct_values": 190, "frequent_values": [7753, 8043, 5268, 5345, 8928], "dataTypes": [{"type": "INTEGER (LONG)", "count": 192, "max_value": 11873, "min_value": 3054, "mean": 6551.255208333334, "stddev": 1953.575845957963}]}, {"column_name": "Monthly Percent Change", "number_non_empty_cells": 251, "number_empty_cells": 1, "number_distinct_values": 224, "frequent_values": [-1.2, -8.4, -18.3, -18.7, 23.8], "dataTypes": [{"type": "REAL", "count": 251, "max_value": 128.9, "min_value": -55.7, "mean": 4.191235059760959, "stddev": 29.708779117324198}]}, {"column_name": "Yearly Percent Change", "number_non_empty_cells": 240, "number_empty_cells": 12, "number_distinct_values": 213, "frequent_values": [-5.2, 20.7, -9.8, 3.5, 19.9], "dataTypes": [{"type": "REAL", "count": 240, "max_value": 150.5, "min_value": -47.5, "mean": 8.256666666666664, "stddev": 33.229851623034506}]}]}