{"dataset_name": "/user/hm74/NYCOpenData/ahjc-fdu3.tsv.gz", "columns": [{"column_name": "FISCAL_YEAR", "number_non_empty_cells": 3635, "number_empty_cells": 0, "number_distinct_values": 1264, "frequent_values": ["2017", "(40.874035, -73.831669)\"", "(40.877379, -73.912686)\"", "(40.821218, -73.85593)\"", "(40.869061, -73.897066)\""], "dataTypes": [{"type": "INTEGER (LONG)", "count": 1818, "max_value": 2017, "min_value": 2017, "mean": 2017.0, "stddev": 0.0}, {"type": "TEXT", "count": 1817, "shortest_values": [["(40.7162, -73.9798)\"", 20], ["(40.8304, -73.9363)\"", 20], ["(40.8381, -73.9383)\"", 20], ["(40.8524, -73.9216)\"", 20], ["(40.8524, -73.9216)\"", 20]], "longest_values": [["(40.722075, -73.978747)\"", 24], ["(40.730009, -73.984496)\"", 24], ["(40.721305, -73.986312)\"", 24], ["(40.726008, -73.975058)\"", 24], ["(40.714248, -73.983854)\"", 24]], "average_length": 23.753439735828255}]}, {"column_name": "ATS_SYSTEM_CODE", "number_non_empty_cells": 1818, "number_empty_cells": 1817, "number_distinct_values": 1819, "frequent_values": ["10X308      ", "10X331      ", "11X355      ", "12X684      ", "15K447      "], "dataTypes": [{"type": "DATE/TIME", "count": 34, "max_value": "2019-12-09T00:06:52", "min_value": "2019-12-09T00:01:15"}, {"type": "TEXT", "count": 1784, "shortest_values": [["01M063      ", 12], ["01M064      ", 12], ["01M110      ", 12], ["01M134      ", 12], ["01M140      ", 12]], "longest_values": [["01M063      ", 12], ["01M064      ", 12], ["01M110      ", 12], ["01M134      ", 12], ["01M140      ", 12]], "average_length": 12.0}]}, {"column_name": "LOCATION_CODE", "number_non_empty_cells": 1818, "number_empty_cells": 1817, "number_distinct_values": 1819, "frequent_values": ["X291", "K656", "K246", "Q013", "Q076"], "dataTypes": [{"type": "DATE/TIME", "count": 35, "max_value": "2019-12-09T00:00:59", "min_value": "2019-12-09T00:00:01"}, {"type": "TEXT", "count": 1783, "shortest_values": [["M063", 4], ["M064", 4], ["M110", 4], ["M134", 4], ["M140", 4]], "longest_values": [["M063", 4], ["M064", 4], ["M110", 4], ["M134", 4], ["M140", 4]], "average_length": 4.0}]}, {"column_name": "LOCATION_NAME", "number_non_empty_cells": 1818, "number_empty_cells": 1817, "number_distinct_values": 1811, "frequent_values": ["New Visions Charter High School for Advanced Math", "New Visions Charter High School for the Humanities", "P.S. 360", "P.S. 253", "P.S. 212"], "dataTypes": [{"type": "TEXT", "count": 1818, "shortest_values": [["Kappa", 5], ["P.S. 89", 7], ["Muscota", 7], ["P.S. 66", 7], ["P.S. 78", 7]], "longest_values": [["New Explorations into Science, Technology and Math", 50], ["47 The American Sign Language and English Secondar", 50], ["The Urban Assembly School for Emergency Management", 50], ["Stephen T. Mather Building Arts & Craftsmanship Hi", 50], ["James Baldwin School, The: A School for Expedition", 50]], "average_length": 29.158965896589628}]}, {"column_name": "BEDS_NUMBER", "number_non_empty_cells": 1818, "number_empty_cells": 1817, "number_distinct_values": 1819, "frequent_values": [321000011264, 321100011299, 331500011423, 331700010770, 332200011535], "dataTypes": [{"type": "INTEGER (LONG)", "count": 1818, "max_value": 353100861083, "min_value": 300000010645, "mean": 327360397729.53345, "stddev": 12584697503.182215}]}, {"column_name": "MANAGED_BY_NAME", "number_non_empty_cells": 1818, "number_empty_cells": 1817, "number_distinct_values": 3, "frequent_values": ["DOE", "Charter", null], "dataTypes": [{"type": "TEXT", "count": 1818, "shortest_values": [["DOE", 3], ["DOE", 3], ["DOE", 3], ["DOE", 3], ["DOE", 3]], "longest_values": [["Charter", 7], ["Charter", 7], ["Charter", 7], ["Charter", 7], ["Charter", 7]], "average_length": 3.4752475247524726}]}, {"column_name": "LOCATION_TYPE_DESCRIPTION", "number_non_empty_cells": 1818, "number_empty_cells": 1817, "number_distinct_values": 7, "frequent_values": ["General Academic", "Special Education", "Transfer School", "Career Technical", "Home School"], "dataTypes": [{"type": "TEXT", "count": 1818, "shortest_values": [["Home School", 11], ["Alternative", 11], ["Transfer School", 15], ["Transfer School", 15], ["Transfer School", 15]], "longest_values": [["Special Education", 17], ["Special Education", 17], ["Special Education", 17], ["Special Education", 17], ["Special Education", 17]], "average_length": 15.996699669966988}]}, {"column_name": "LOCATION_CATEGORY_DESCRIPTION", "number_non_empty_cells": 1818, "number_empty_cells": 1817, "number_distinct_values": 9, "frequent_values": ["Elementary", "High school", "Junior High-Intermediate-Middle", "K-8", "Secondary School"], "dataTypes": [{"type": "TEXT", "count": 1818, "shortest_values": [["K-8", 3], ["K-8", 3], ["K-8", 3], ["K-8", 3], ["K-8", 3]], "longest_values": [["Junior High-Intermediate-Middle", 31], ["Junior High-Intermediate-Middle", 31], ["Junior High-Intermediate-Middle", 31], ["Junior High-Intermediate-Middle", 31], ["Junior High-Intermediate-Middle", 31]], "average_length": 13.280528052805295}]}, {"column_name": "GRADES_TEXT", "number_non_empty_cells": 1818, "number_empty_cells": 1817, "number_distinct_values": 93, "frequent_values": ["PK,0K,01,02,03,04,05,SE", "09,10,11,12,SE", "06,07,08,SE", "0K,01,02,03,04,05,SE", "PK,0K,01,02,03,04,05,06,07,08,SE"], "dataTypes": [{"type": "INTEGER (LONG)", "count": 7, "max_value": 12, "min_value": 5, "mean": 7.571428571428571, "stddev": 2.3211538298959886}, {"type": "DATE/TIME", "count": 182, "max_value": "2019-12-10T00:00:00", "min_value": "2008-04-06T00:00:00"}, {"type": "TEXT", "count": 1629, "shortest_values": [["0K,01", 5], ["0K,SE", 5], ["0K,01", 5], ["0K,01", 5], ["0K,01", 5]], "longest_values": [["PK,0K,01,02,03,04,05,06,07,08,09,10,11,12,SE", 44], ["PK,0K,01,02,03,04,05,06,07,08,09,10,11,12,SE", 44], ["PK,0K,01,02,03,04,05,06,07,08,09,10,11,12,SE", 44], ["PK,0K,01,02,03,04,05,06,07,08,09,10,11,12,SE", 44], ["PK,0K,01,02,03,04,05,06,07,08,09,10,11,12,SE", 44]], "average_length": 19.594843462246775}]}, {"column_name": "GRADES_FINAL_TEXT", "number_non_empty_cells": 1818, "number_empty_cells": 1817, "number_distinct_values": 66, "frequent_values": ["09,10,11,12", "PK,0K,01,02,03,04,05", "06,07,08", "0K,01,02,03,04,05", "0K,01,02,03,04,05,06,07,08"], "dataTypes": [{"type": "INTEGER (LONG)", "count": 1, "max_value": 12, "min_value": 12, "mean": 12.0, "stddev": 0.0}, {"type": "DATE/TIME", "count": 795, "max_value": "2019-12-04T00:00:00", "min_value": "2008-04-06T00:00:00"}, {"type": "TEXT", "count": 1022, "shortest_values": [["0K,01,02", 8], ["PK,0K,01", 8], ["PK,0K,01", 8], ["09,10,SE", 8], ["PK,0K,01,02", 11]], "longest_values": [["PK,0K,01,02,03,04,05,06,07,08,09,10,11,12,SE", 44], ["PK,0K,01,02,03,04,05,06,07,08,09,10,11,12,SE", 44], ["PK,0K,01,02,03,04,05,06,07,08,09,10,11,12,SE", 44], ["PK,0K,01,02,03,04,05,06,07,08,09,10,11,12,SE", 44], ["PK,0K,01,02,03,04,05,06,07,08,09,10,11,12", 41]], "average_length": 21.673189823874743}]}, {"column_name": "OPEN_DATE", "number_non_empty_cells": 1818, "number_empty_cells": 1817, "number_distinct_values": 204, "frequent_values": ["07/01/1999 12:00:00 AM", "09/08/2004 12:00:00 AM", "07/01/2013 12:00:00 AM", "07/01/2008 12:00:00 AM", "07/01/2005 12:00:00 AM"], "dataTypes": [{"type": "DATE/TIME", "count": 1818, "max_value": "2016-08-29T00:00:00", "min_value": "1867-07-01T00:00:00"}]}, {"column_name": "STATUS_DESCRIPTIONS", "number_non_empty_cells": 1818, "number_empty_cells": 1817, "number_distinct_values": 2, "frequent_values": ["Open", null], "dataTypes": [{"type": "TEXT", "count": 1818, "shortest_values": [["Open", 4], ["Open", 4], ["Open", 4], ["Open", 4], ["Open", 4]], "longest_values": [["Open", 4], ["Open", 4], ["Open", 4], ["Open", 4], ["Open", 4]], "average_length": 4.0}]}, {"column_name": "PRIMARY_BUILDING_CODE", "number_non_empty_cells": 1818, "number_empty_cells": 1817, "number_distinct_values": 1294, "frequent_values": ["X475", "X450", "X425", "X405", "X410"], "dataTypes": [{"type": "DATE/TIME", "count": 60, "max_value": "2019-12-09T00:00:58", "min_value": "2019-12-09T00:00:01"}, {"type": "TEXT", "count": 1758, "shortest_values": [["M063", 4], ["M064", 4], ["M110", 4], ["M134", 4], ["M140", 4]], "longest_values": [["M063", 4], ["M064", 4], ["M110", 4], ["M134", 4], ["M140", 4]], "average_length": 4.0}]}, {"column_name": "PRIMARY_ADDRESS_LINE_1", "number_non_empty_cells": 1796, "number_empty_cells": 1839, "number_distinct_values": 1298, "frequent_values": ["99 TERRACE VIEW AVENUE", "1980 LAFAYETTE AVENUE", "40 IRVING PLACE", "351 WEST  18 STREET", "800 EAST GUN HILL ROAD"], "dataTypes": [{"type": "TEXT", "count": 1818, "shortest_values": [["26 BROADWAY", 11], ["1 PECK SLIP", 11], ["26 BROADWAY", 11], ["26 BROADWAY", 11], ["50 AVENUE P", 11]], "longest_values": [["1780 DR. MARTIN LUTHER KING JR. BLVD", 36], ["2987 FREDERICK DOUGLASS BOULEVARD", 33], ["100 WEST MOSHOLU PARKWAY SOUTH", 30], ["100 WEST MOSHOLU PARKWAY SOUTH", 30], ["100 WEST MOSHOLU PARKWAY SOUTH", 30]], "average_length": 18.43619361936195}]}, {"column_name": "STATE_CODE", "number_non_empty_cells": 1818, "number_empty_cells": 1817, "number_distinct_values": 2, "frequent_values": ["NY", null], "dataTypes": [{"type": "TEXT", "count": 1818, "shortest_values": [["NY", 2], ["NY", 2], ["NY", 2], ["NY", 2], ["NY", 2]], "longest_values": [["NY", 2], ["NY", 2], ["NY", 2], ["NY", 2], ["NY", 2]], "average_length": 2.0}]}, {"column_name": "X_COORDINATE", "number_non_empty_cells": 1817, "number_empty_cells": 1818, "number_distinct_values": 1253, "frequent_values": ["1024125", "1008396", "1030803", "1015058", "1012719"], "dataTypes": [{"type": "INTEGER (LONG)", "count": 1817, "max_value": 1065003, "min_value": 916413, "mean": 1006561.8629609252, "stddev": 22008.315485893625}, {"type": "TEXT", "count": 1, "shortest_values": [["NULL", 4]], "longest_values": [["NULL", 4]], "average_length": 4.0}]}, {"column_name": "Y_COORDINATE", "number_non_empty_cells": 1817, "number_empty_cells": 1818, "number_distinct_values": 1257, "frequent_values": ["238502", "257757", "258943", "210120", "207189"], "dataTypes": [{"type": "INTEGER (LONG)", "count": 1817, "max_value": 268380, "min_value": 124552, "mean": 207602.86241056677, "stddev": 31130.259496121616}, {"type": "TEXT", "count": 1, "shortest_values": [["NULL", 4]], "longest_values": [["NULL", 4]], "average_length": 4.0}]}, {"column_name": "COMMUNITY_DISTRICT", "number_non_empty_cells": 1818, "number_empty_cells": 1817, "number_distinct_values": 61, "frequent_values": [305, 303, 203, 201, 412], "dataTypes": [{"type": "INTEGER (LONG)", "count": 1818, "max_value": 503, "min_value": 0, "mean": 272.516501650165, "stddev": 113.77615876866813}]}, {"column_name": "COUNCIL_DISTRICT", "number_non_empty_cells": 1818, "number_empty_cells": 1817, "number_distinct_values": 53, "frequent_values": [8, 17, 16, 36, 42], "dataTypes": [{"type": "INTEGER (LONG)", "count": 1818, "max_value": 51, "min_value": 0, "mean": 24.407040704070393, "stddev": 14.511836333587173}]}, {"column_name": "CENSUS_TRACT", "number_non_empty_cells": 1818, "number_empty_cells": 1817, "number_distinct_values": 706, "frequent_values": ["3900", "40900", "1600", "13500", "30900"], "dataTypes": [{"type": "INTEGER (LONG)", "count": 1817, "max_value": 162100, "min_value": 100, "mean": 37253.41937259221, "stddev": 34245.11815234787}, {"type": "TEXT", "count": 1, "shortest_values": [["      ", 6]], "longest_values": [["      ", 6]], "average_length": 6.0}]}, {"column_name": "BOROUGH_BLOCK_LOT", "number_non_empty_cells": 1818, "number_empty_cells": 1817, "number_distinct_values": 1220, "frequent_values": [0, 2051410150, 2036040039, 1022150080, 2046330040], "dataTypes": [{"type": "INTEGER (LONG)", "count": 1818, "max_value": 5078980001, "min_value": 0, "mean": 2618147773.5638065, "stddev": 1219167609.0788937}]}, {"column_name": "NTA", "number_non_empty_cells": 1818, "number_empty_cells": 1817, "number_distinct_values": 191, "frequent_values": ["BX39", "BK82", "BK35", "BK81", "BX14"], "dataTypes": [{"type": "TEXT", "count": 1818, "shortest_values": [["MN28", 4], ["MN22", 4], ["MN27", 4], ["MN28", 4], ["MN22", 4]], "longest_values": [["MN28", 4], ["MN22", 4], ["MN27", 4], ["MN28", 4], ["MN22", 4]], "average_length": 4.0}]}, {"column_name": "NTA_NAME", "number_non_empty_cells": 1818, "number_empty_cells": 1817, "number_distinct_values": 191, "frequent_values": ["Mott Haven-Port Morris                                                     ", "East New York                                                              ", "Brownsville                                                                ", "Stuyvesant Heights                                                         ", "East Concourse-Concourse Village                                           "], "dataTypes": [{"type": "TEXT", "count": 1818, "shortest_values": [["Lower East Side                                                            ", 75], ["East Village                                                               ", 75], ["Chinatown                                                                  ", 75], ["Lower East Side                                                            ", 75], ["East Village                                                               ", 75]], "longest_values": [["Lower East Side                                                            ", 75], ["East Village                                                               ", 75], ["Chinatown                                                                  ", 75], ["Lower East Side                                                            ", 75], ["East Village                                                               ", 75]], "average_length": 75.0}]}, {"column_name": "PRINCIPAL_NAME", "number_non_empty_cells": 1734, "number_empty_cells": 1901, "number_distinct_values": 1815, "frequent_values": ["NULL", "JOSEPH MILLER", "Brady Smith", "STEPHEN GRILL", "GENIE CALIBAR"], "dataTypes": [{"type": "TEXT", "count": 1818, "shortest_values": [["NULL", 4], ["NULL", 4], ["NULL", 4], ["LI YAN", 6], ["V HART", 6]], "longest_values": [["Sara M. Asmussen, Ph.D., Executive Director", 43], ["Sandra J. DuPree/Christine DePina-Forbes", 40], ["Natalie Webb/Allison Willis Holley", 34], ["Rafiq Kalam Id-Din/Damien Dunkley", 33], ["Kaitlin McDermott/Lavinia Mackall", 33]], "average_length": 14.52145214521453}]}, {"column_name": "PRINCIPAL_TITLE", "number_non_empty_cells": 1815, "number_empty_cells": 1820, "number_distinct_values": 6, "frequent_values": ["PRINCIPAL", "I.A. PRINCIPAL", "Acting Principal", "Executive Director", "NULL"], "dataTypes": [{"type": "TEXT", "count": 1818, "shortest_values": [["NULL", 4], ["NULL", 4], ["NULL", 4], ["PRINCIPAL", 9], ["PRINCIPAL", 9]], "longest_values": [["Executive Director", 18], ["Executive Director", 18], ["Executive Director", 18], ["Acting Principal", 16], ["Acting Principal", 16]], "average_length": 9.419691969196908}]}, {"column_name": "PRINCIPAL_PHONE_NUMBER", "number_non_empty_cells": 1809, "number_empty_cells": 1826, "number_distinct_values": 1791, "frequent_values": ["NULL", "718-381-7100", "718-828-0034", "718-410-8100", "212-927-1841"], "dataTypes": [{"type": "TEXT", "count": 1818, "shortest_values": [["NULL", 4], ["NULL", 4], ["NULL", 4], ["NULL", 4], ["NULL", 4]], "longest_values": [["212-228-8730", 12], ["212-533-5340", 12], ["212-254-9577", 12], ["212-228-4433", 12], ["212-674-3180", 12]], "average_length": 11.960396039603962}]}, {"column_name": "FAX_NUMBER", "number_non_empty_cells": 1762, "number_empty_cells": 1873, "number_distinct_values": 1756, "frequent_values": ["NULL", "718-583-5556", "718-240-9140", "718-965-0603", "718-345-3327"], "dataTypes": [{"type": "TEXT", "count": 1818, "shortest_values": [["NULL", 4], ["NULL", 4], ["NULL", 4], ["NULL", 4], ["NULL", 4]], "longest_values": [["212-477-0931", 12], ["212-673-1477", 12], ["212-254-3526", 12], ["212-353-1973", 12], ["212-420-9018", 12]], "average_length": 11.75357535753574}]}, {"column_name": "GEOGRAPHICAL_DISTRICT_CODE", "number_non_empty_cells": 1818, "number_empty_cells": 1817, "number_distinct_values": 34, "frequent_values": [2, 10, 9, 31, 11], "dataTypes": [{"type": "INTEGER (LONG)", "count": 1818, "max_value": 32, "min_value": 0, "mean": 15.603410341034136, "stddev": 9.31767483212227}]}, {"column_name": "ADMIN_DISTRICT_LOCATION_CODE", "number_non_empty_cells": 1601, "number_empty_cells": 2034, "number_distinct_values": 46, "frequent_values": ["NULL", "R831", "DA75", "X810", "HS02"], "dataTypes": [{"type": "TEXT", "count": 1818, "shortest_values": [["M801", 4], ["M801", 4], ["M801", 4], ["M801", 4], ["M801", 4]], "longest_values": [["M801", 4], ["M801", 4], ["M801", 4], ["M801", 4], ["M801", 4]], "average_length": 4.0}]}, {"column_name": "ADMINISTRATIVE_DISTRICT_NAME", "number_non_empty_cells": 1371, "number_empty_cells": 2264, "number_distinct_values": 37, "frequent_values": ["NULL", "OFFICE OF CHARTER SCHOOLS", "COMMUNITY SCHOOL DISTRICT 31", "CITYWIDE SPECIAL EDUCATION", "COMMUNITY SCHOOL DISTRICT 10"], "dataTypes": [{"type": "TEXT", "count": 1818, "shortest_values": [["NULL", 4], ["NULL", 4], ["NULL", 4], ["NULL", 4], ["NULL", 4]], "longest_values": [["ALTERNATIVE HIGH SCHOOL DISTRICT", 32], ["COMMUNITY SCHOOL DISTRICT 01", 28], ["COMMUNITY SCHOOL DISTRICT 01", 28], ["COMMUNITY SCHOOL DISTRICT 01", 28], ["COMMUNITY SCHOOL DISTRICT 01", 28]], "average_length": 21.69196919691968}]}, {"column_name": "COMMUNITY_SCHOOL_SUP_NAME", "number_non_empty_cells": 1084, "number_empty_cells": 2551, "number_distinct_values": 36, "frequent_values": ["NULL", "LODICO, ANTHONY", "LOUISSAINT, KETLER", "HULLA, MARIBEL", "BARTON, MARY"], "dataTypes": [{"type": "TEXT", "count": 1818, "shortest_values": [["NULL", 4], ["NULL", 4], ["NULL", 4], ["NULL", 4], ["NULL", 4]], "longest_values": [["RODRIGUEZ-ROSARIO, LETICIA", 26], ["RODRIGUEZ-ROSARIO, LETICIA", 26], ["RODRIGUEZ-ROSARIO, LETICIA", 26], ["RODRIGUEZ-ROSARIO, LETICIA", 26], ["RODRIGUEZ-ROSARIO, LETICIA", 26]], "average_length": 11.455445544554452}]}, {"column_name": "FIELD_SUPPORT_CENTER_NAME", "number_non_empty_cells": 1601, "number_empty_cells": 2034, "number_distinct_values": 11, "frequent_values": ["Field Support Center - Bronx", "Field Support Center - Manhattan", "Field Support Center - Brooklyn North", "NULL", "Field Support Center - Brooklyn South"], "dataTypes": [{"type": "TEXT", "count": 1818, "shortest_values": [["NULL", 4], ["NULL", 4], ["NULL", 4], ["NULL", 4], ["NULL", 4]], "longest_values": [["Field Support Center - Brooklyn North", 37], ["Field Support Center - Brooklyn North", 37], ["Field Support Center - Brooklyn North", 37], ["Field Support Center - Brooklyn North", 37], ["Field Support Center - Brooklyn North", 37]], "average_length": 27.916391639163916}]}, {"column_name": "FIELD_SUPPORT_CENTER_LEADER_NAME", "number_non_empty_cells": 1360, "number_empty_cells": 2275, "number_distinct_values": 11, "frequent_values": ["RUIZ, JOSE", "CHU, YUET", "FITZGERALD, BERNADETTE", "NULL", "Mauriciere de Govia"], "dataTypes": [{"type": "TEXT", "count": 1818, "shortest_values": [["NULL", 4], ["NULL", 4], ["NULL", 4], ["NULL", 4], ["NULL", 4]], "longest_values": [["FITZGERALD, BERNADETTE", 22], ["FITZGERALD, BERNADETTE", 22], ["FITZGERALD, BERNADETTE", 22], ["FITZGERALD, BERNADETTE", 22], ["FITZGERALD, BERNADETTE", 22]], "average_length": 14.102860286028607}]}, {"column_name": "SCHOOL_SUPPORT_TEAM_NAME", "number_non_empty_cells": 1601, "number_empty_cells": 2034, "number_distinct_values": 52, "frequent_values": ["NULL", "School Support Team 2- Queens South", "School Support Team 5- Manhattan", "School Support Team 1- Brooklyn North", "School Support Team 4- Brooklyn South"], "dataTypes": [{"type": "TEXT", "count": 1818, "shortest_values": [["NULL", 4], ["NULL", 4], ["NULL", 4], ["NULL", 4], ["NULL", 4]], "longest_values": [["School Support Team 5- Affinity Group", 37], ["School Support Team 5- Affinity Group", 37], ["School Support Team 4- Affinity Group", 37], ["School Support Team 1- Affinity Group", 37], ["School Support Team 1- Affinity Group", 37]], "average_length": 30.048404840484043}]}, {"column_name": "SCHOOL_SUPPORT_TEAM_LEADER_NAME", "number_non_empty_cells": 0, "number_empty_cells": 3635, "number_distinct_values": 2, "frequent_values": ["NULL", null], "dataTypes": [{"type": "TEXT", "count": 1818, "shortest_values": [["NULL", 4], ["NULL", 4], ["NULL", 4], ["NULL", 4], ["NULL", 4]], "longest_values": [["NULL", 4], ["NULL", 4], ["NULL", 4], ["NULL", 4], ["NULL", 4]], "average_length": 4.0}]}, {"column_name": "HIGHSCHOOL_NETWORK_LOCATION_CODE", "number_non_empty_cells": 446, "number_empty_cells": 3189, "number_distinct_values": 13, "frequent_values": ["NULL", "HS02", "HS12", "HS07", "HS03"], "dataTypes": [{"type": "TEXT", "count": 1818, "shortest_values": [["NULL", 4], ["NULL", 4], ["NULL", 4], ["NULL", 4], ["NULL", 4]], "longest_values": [["NULL", 4], ["NULL", 4], ["NULL", 4], ["NULL", 4], ["NULL", 4]], "average_length": 4.0}]}, {"column_name": "HIGHSCHOOL_NETWORK_NAME", "number_non_empty_cells": 446, "number_empty_cells": 3189, "number_distinct_values": 13, "frequent_values": ["NULL", "H.S. Network 02 Superintendent Office", "H.S. Network 07 Superintendent Office", "H.S. Network 12 Superintendent Office", "H.S. Network 03 Superintendent Office"], "dataTypes": [{"type": "TEXT", "count": 1818, "shortest_values": [["NULL", 4], ["NULL", 4], ["NULL", 4], ["NULL", 4], ["NULL", 4]], "longest_values": [["H.S. Network 12 Superintendent Office", 37], ["H.S. Network 12 Superintendent Office", 37], ["H.S. Network 03 Superintendent Office", 37], ["H.S. Network 03 Superintendent Office", 37], ["H.S. Network 03 Superintendent Office", 37]], "average_length": 11.924092409240906}]}, {"column_name": "HIGHSCHOOL_NETWORK_SUPERINTENDENT", "number_non_empty_cells": 399, "number_empty_cells": 3236, "number_distinct_values": 13, "frequent_values": ["NULL", "STAPLE, CARRON", "PELLES, KATHY", "CONYERS, DONALD", "WALSH, FRED"], "dataTypes": [{"type": "TEXT", "count": 1818, "shortest_values": [["NULL", 4], ["NULL", 4], ["NULL", 4], ["NULL", 4], ["NULL", 4]], "longest_values": [["ROSALES, MARISOL", 16], ["ROSALES, MARISOL", 16], ["ROSALES, MARISOL", 16], ["ROSALES, MARISOL", 16], ["ROSALES, MARISOL", 16]], "average_length": 6.361936193619352}]}, {"column_name": "Location_1", "number_non_empty_cells": 1817, "number_empty_cells": 1818, "number_distinct_values": 199, "frequent_values": ["BRONX, NY 10456", "BRONX, NY 10457", "BROOKLYN, NY 11212", "BROOKLYN, NY 11221", "BROOKLYN, NY 11207"], "dataTypes": [{"type": "TEXT", "count": 1817, "shortest_values": [["BRONX, NY 10451", 15], ["BRONX, NY 10455", 15], ["BRONX, NY 10451", 15], ["BRONX, NY 10455", 15], ["BRONX, NY 10451", 15]], "longest_values": [["LONG ISLAND CITY, NY 11101", 26], ["Long Island City, NY 11101", 26], ["JACKSON HEIGHTS, NY 11372", 25], ["ROCKAWAY PARK, NY 11694", 23], ["ROCKAWAY PARK, NY 11694", 23]], "average_length": 17.294991744634036}]}]}