{"dataset_name": "/user/hm74/NYCOpenData/aizm-q3sx.tsv.gz", "columns": [{"column_name": "NewsrackLocationID", "number_non_empty_cells": 4982, "number_empty_cells": 0, "number_distinct_values": 4982, "frequent_values": [2366, 6336, 6357, 1591, 1959], "dataTypes": [{"type": "INTEGER (LONG)", "count": 4982, "max_value": 9053, "min_value": 56, "mean": 3062.94480128462, "stddev": 2212.014013506582}]}, {"column_name": "BoroughName", "number_non_empty_cells": 4982, "number_empty_cells": 0, "number_distinct_values": 5, "frequent_values": ["Manhattan", "Brooklyn", "Queens", "Bronx", "Staten Island"], "dataTypes": [{"type": "TEXT", "count": 4982, "shortest_values": [["Bronx", 5], ["Bronx", 5], ["Bronx", 5], ["Bronx", 5], ["Bronx", 5]], "longest_values": [["Staten Island", 13], ["Staten Island", 13], ["Staten Island", 13], ["Staten Island", 13], ["Staten Island", 13]], "average_length": 8.157165796868734}]}, {"column_name": "PublisherName", "number_non_empty_cells": 4982, "number_empty_cells": 0, "number_distinct_values": 110, "frequent_values": ["U.S.A. Distributors, Inc.", "SB New York, Inc.", "Newsday, LLC", "Schneps Community News Group, LLC", "The Village Voice, LLC"], "dataTypes": [{"type": "TEXT", "count": 4982, "shortest_values": [["Unknown", 7], ["Unknown", 7], ["Unknown", 7], ["Unknown", 7], ["Unknown", 7]], "longest_values": [["60-86 Madison Avenue District Mngt Association, Inc.", 52], ["American International Puti (Bodhi) Dharma Society", 50], ["American International Puti (Bodhi) Dharma Society", 50], ["American International Puti (Bodhi) Dharma Society", 50], ["American International Puti (Bodhi) Dharma Society", 50]], "average_length": 22.862103572862374}]}, {"column_name": "PublicationName", "number_non_empty_cells": 4982, "number_empty_cells": 0, "number_distinct_values": 171, "frequent_values": ["El Especial / El Especialito", "Metro New York", "AM New York", "Village Voice, The", "Learning Annex, The"], "dataTypes": [{"type": "TEXT", "count": 4982, "shortest_values": [["Unknown", 7], ["Unknown", 7], ["Unknown", 7], ["Unknown", 7], ["Unknown", 7]], "longest_values": [["Happy Science Basics \u2013 How to Achieve Success in Your Life", 58], ["Happy Science Basics \u2013 How to Achieve Success in Your Life", 58], ["Happy Science Basics \u2013 Invitation to Happiness", 46], ["Periodico De Centro Medico Corona Newspaper", 43], ["Real Estate Book 96th St. and North, The", 40]], "average_length": 18.061621838619057}]}, {"column_name": "NewsrackStatus", "number_non_empty_cells": 4982, "number_empty_cells": 0, "number_distinct_values": 13, "frequent_values": ["Inspected/In Compliance", "Newsrack Not Found", "Ticket Closed by DOT", "Removed By DOT", "NOV Issued"], "dataTypes": [{"type": "TEXT", "count": 4982, "shortest_values": [["Active", 6], ["Active", 6], ["Active", 6], ["Active", 6], ["Active", 6]], "longest_values": [["Not Registered Publication", 26], ["Not Registered Publication", 26], ["Not Registered Publication", 26], ["Not Registered Publication", 26], ["NOC ReInspection Pending", 24]], "average_length": 18.82617422721789}]}, {"column_name": "NewsrackStatusType", "number_non_empty_cells": 4982, "number_empty_cells": 0, "number_distinct_values": 2, "frequent_values": ["Inspection Status", "Internal Process Status"], "dataTypes": [{"type": "TEXT", "count": 4982, "shortest_values": [["Inspection Status", 17], ["Inspection Status", 17], ["Inspection Status", 17], ["Inspection Status", 17], ["Inspection Status", 17]], "longest_values": [["Internal Process Status", 23], ["Internal Process Status", 23], ["Internal Process Status", 23], ["Internal Process Status", 23], ["Internal Process Status", 23]], "average_length": 18.336812525090323}]}, {"column_name": "NewsrackStatusDate", "number_non_empty_cells": 4982, "number_empty_cells": 0, "number_distinct_values": 4048, "frequent_values": ["09/29/2015 02:15:07 PM", "09/29/2015 02:15:06 PM", "09/29/2015 02:15:05 PM", "11/13/2015 12:09:00 PM", "09/29/2015 02:15:04 PM"], "dataTypes": [{"type": "DATE/TIME", "count": 4982, "max_value": "2019-08-30T10:26:01", "min_value": "2015-02-12T12:16:18"}]}, {"column_name": "NewsrackActive", "number_non_empty_cells": 4982, "number_empty_cells": 0, "number_distinct_values": 2, "frequent_values": ["Yes", "No"], "dataTypes": [{"type": "TEXT", "count": 4982, "shortest_values": [["No", 2], ["No", 2], ["No", 2], ["No", 2], ["No", 2]], "longest_values": [["Yes", 3], ["Yes", 3], ["Yes", 3], ["Yes", 3], ["Yes", 3]], "average_length": 2.6495383380168573}]}, {"column_name": "OnStreetName", "number_non_empty_cells": 4952, "number_empty_cells": 30, "number_distinct_values": 606, "frequent_values": ["BROADWAY", "1 AVENUE", "5 AVENUE", "3 AVENUE", "13 AVENUE"], "dataTypes": [{"type": "TEXT", "count": 4982, "shortest_values": [["BOWERY", 6], ["BOWERY", 6], ["BOWERY", 6], ["BOWERY", 6], ["BOWERY", 6]], "longest_values": [["LIE EB ENTRANCE JUNCTION BLVD", 29], ["FRANCIS LEWIS BOULEVARD", 23], ["FRANCIS LEWIS BOULEVARD", 23], ["FRANCIS LEWIS BOULEVARD", 23], ["FRANCIS LEWIS BOULEVARD", 23]], "average_length": 11.123645122440795}]}, {"column_name": "FromStreetName", "number_non_empty_cells": 4900, "number_empty_cells": 82, "number_distinct_values": 820, "frequent_values": ["LEXINGTON AVENUE", "QUEENS BOULEVARD", "ROOSEVELT AVENUE", "EAST   14 STREET", "BROADWAY"], "dataTypes": [{"type": "TEXT", "count": 4982, "shortest_values": [["BEND", 4], ["BEND", 4], ["BEND", 4], ["BEND", 4], ["BEND", 4]], "longest_values": [["BROOKLYN QUEENS EXPWY ET   41 WB", 32], ["EAST MOSHOLU PARKWAY SOUTH", 26], ["FLATBUSH AVENUE EXTENSION", 25], ["FLATBUSH AVENUE EXTENSION", 25], ["FLATBUSH AVENUE EXTENSION", 25]], "average_length": 13.867523083099142}]}, {"column_name": "ToStreetName", "number_non_empty_cells": 1722, "number_empty_cells": 3260, "number_distinct_values": 523, "frequent_values": ["EAST   14 STREET", "WEST   15 STREET", "BROADWAY", "NYCTA SUBWAY", "EAST   10 STREET"], "dataTypes": [{"type": "TEXT", "count": 1733, "shortest_values": [["BEND", 4], ["BEND", 4], ["BEND", 4], ["BEND", 4], ["BEND", 4]], "longest_values": [["FDR DRIVE SB ENTRANCE E   34 ST", 31], ["TRANSMANHATTAN EXPRESSWAY", 25], ["HORACE HARDING EXPRESSWAY", 25], ["QN MDTWN TUNNEL APPROACH", 24], ["QN MDTWN TUNNEL APPROACH", 24]], "average_length": 13.692440854010384}]}, {"column_name": "CompassDirection", "number_non_empty_cells": 4982, "number_empty_cells": 0, "number_distinct_values": 8, "frequent_values": ["N/E", "N/W", "S/W", "S/E", "W"], "dataTypes": [{"type": "TEXT", "count": 4982, "shortest_values": [["E", 1], ["W", 1], ["W", 1], ["S", 1], ["N", 1]], "longest_values": [["N/W", 3], ["N/W", 3], ["N/W", 3], ["N/W", 3], ["N/E", 3]], "average_length": 2.303492573263743}]}, {"column_name": "SpecificLocation", "number_non_empty_cells": 132, "number_empty_cells": 4850, "number_distinct_values": 95, "frequent_values": ["I.F.O City Bank", "In front of train station", "40-44 main st.", "I.F.O American Apparel", "IFO 5520 13 Avenue"], "dataTypes": [{"type": "INTEGER (LONG)", "count": 14, "max_value": 3501, "min_value": 352, "mean": 1199.357142857143, "stddev": 904.3693625270324}, {"type": "DATE/TIME", "count": 2, "max_value": "0153-12-09T00:00:00", "min_value": "0148-12-09T00:00:00"}, {"type": "TEXT", "count": 116, "shortest_values": [["27-49", 5], ["84 av", 5], ["21-75", 5], ["E 9th St.", 9], ["Mid block", 9]], "longest_values": [["In front of Pace University & Close to the Brooklyn bridge entrance", 67], ["On Francis Lewis blvd btwn. Northern blvd &  42 road", 52], ["Francis Lewis blvd btwn. Northern blvd & 42 road", 48], ["On Broadway Btwn.  Hayward ST. &  Rutledge ST.", 46], ["On kings highway Btwn . E 16 st. & E 15 st.", 43]], "average_length": 21.01724137931035}]}, {"column_name": "CommunityDistrictLeft", "number_non_empty_cells": 4976, "number_empty_cells": 6, "number_distinct_values": 61, "frequent_values": [108, 107, 104, 106, 312], "dataTypes": [{"type": "INTEGER (LONG)", "count": 4976, "max_value": 503, "min_value": 4, "mean": 219.72508038585195, "stddev": 123.84653004591902}]}, {"column_name": "LastInspectedDate", "number_non_empty_cells": 4982, "number_empty_cells": 0, "number_distinct_values": 4982, "frequent_values": ["08/27/2018 04:12:03 PM", "11/15/2018 08:47:53 AM", "03/05/2016 09:20:19 AM", "04/06/2015 08:06:53 AM", "05/04/2015 08:09:42 AM"], "dataTypes": [{"type": "DATE/TIME", "count": 4982, "max_value": "2019-08-30T10:26:01", "min_value": "2015-02-11T14:37:55"}]}, {"column_name": "LastInspectionResult", "number_non_empty_cells": 4463, "number_empty_cells": 519, "number_distinct_values": 9, "frequent_values": ["Inspected/In Compliance", "Newsrack Not Found", "NOC/Violations Found", "Removed By DOT", "NOV Issued"], "dataTypes": [{"type": "TEXT", "count": 4463, "shortest_values": [["NOV Issued", 10], ["NOV Issued", 10], ["NOV Issued", 10], ["NOV Issued", 10], ["NOV Issued", 10]], "longest_values": [["Not Registered Publication", 26], ["Not Registered Publication", 26], ["Not Registered Publication", 26], ["Not Registered Publication", 26], ["Inspected/In Compliance", 23]], "average_length": 19.09141832847856}]}]}