{"dataset_name": "/user/hm74/NYCOpenData/ajgi-hpq9.tsv.gz", "columns": [{"column_name": "CSD", "number_non_empty_cells": 3061, "number_empty_cells": 0, "number_distinct_values": 35, "frequent_values": ["24", "2", "11", "30", "31"], "dataTypes": [{"type": "INTEGER (LONG)", "count": 3056, "max_value": 32, "min_value": 1, "mean": 16.520287958115176, "stddev": 9.27299642749338}, {"type": "TEXT", "count": 5, "shortest_values": [["09-12 ONLY)\"", 12], ["09-12 ONLY)\"", 12], ["(MS CORE and ", 13], ["(MS CORE and ", 13], ["(0K-09* ONLY)\"", 14]], "longest_values": [["(0K-09* ONLY)\"", 14], ["(MS CORE and ", 13], ["(MS CORE and ", 13], ["09-12 ONLY)\"", 12], ["09-12 ONLY)\"", 12]], "average_length": 12.8}]}, {"column_name": "BORO", "number_non_empty_cells": 3059, "number_empty_cells": 2, "number_distinct_values": 9, "frequent_values": ["K", "Q", "X", "M", "R"], "dataTypes": [{"type": "TEXT", "count": 3059, "shortest_values": [["M", 1], ["M", 1], ["M", 1], ["M", 1], ["M", 1]], "longest_values": [["NUMBER OF STUDENTS / SEATS FILLED", 33], ["SERVICE CATEGORY", 16], ["CORE COURSE ", 12], ["M", 1], ["M", 1]], "average_length": 1.0189604445897358}]}, {"column_name": "GRADE_LEVEL", "number_non_empty_cells": 3057, "number_empty_cells": 4, "number_distinct_values": 14, "frequent_values": ["2013-09-12T00:00:00.000", "MS Core", "5", "0K", "4"], "dataTypes": [{"type": "INTEGER (LONG)", "count": 645, "max_value": 8, "min_value": 1, "mean": 4.198449612403102, "stddev": 2.2213196893265437}, {"type": "DATE/TIME", "count": 1678, "max_value": "2013-09-12T00:00:00", "min_value": "2013-09-12T00:00:00"}, {"type": "TEXT", "count": 734, "shortest_values": [["0K", 2], ["0K", 2], ["0K", 2], ["0K", 2], ["0K", 2]], "longest_values": [["NUMBER OF SECTIONS", 18], ["MS Core", 7], ["MS Core", 7], ["MS Core", 7], ["MS Core", 7]], "average_length": 6.183923705722068}]}, {"column_name": "PROGRAM_TYPE", "number_non_empty_cells": 3057, "number_empty_cells": 4, "number_distinct_values": 6, "frequent_values": ["GEN ED", "CTT", "SPEC ED", "G&T", "AVERAGE CLASS SIZE"], "dataTypes": [{"type": "TEXT", "count": 3057, "shortest_values": [["CTT", 3], ["G&T", 3], ["CTT", 3], ["G&T", 3], ["CTT", 3]], "longest_values": [["AVERAGE CLASS SIZE", 18], ["SPEC ED", 7], ["SPEC ED", 7], ["SPEC ED", 7], ["SPEC ED", 7]], "average_length": 4.921818776578348}]}, {"column_name": "CORE_SUBJECT_", "number_non_empty_cells": 3056, "number_empty_cells": 5, "number_distinct_values": 6, "frequent_values": ["-", "English", "Social Studies", "Science", "Math"], "dataTypes": [{"type": "TEXT", "count": 3056, "shortest_values": [["-", 1], ["-", 1], ["-", 1], ["-", 1], ["-", 1]], "longest_values": [["Social Studies", 14], ["Social Studies", 14], ["Social Studies", 14], ["Social Studies", 14], ["Social Studies", 14]], "average_length": 6.203861256544492}]}]}