{"dataset_name": "/user/hm74/NYCOpenData/ajxm-kzmj.tsv.gz", "columns": [{"column_name": "PropID", "number_non_empty_cells": 274, "number_empty_cells": 263, "number_distinct_values": 268, "frequent_values": ["NA", "B518", "X337", "X339", "B509"], "dataTypes": [{"type": "TEXT", "count": 537, "shortest_values": [["NA", 2], ["NA", 2], ["NA", 2], ["NA", 2], ["NA", 2]], "longest_values": [["Melrose\"", 8], ["M313A", 5], ["R137A", 5], ["B224A", 5], ["Q474A", 5]], "average_length": 3.074487895716949}]}, {"column_name": "Boro", "number_non_empty_cells": 537, "number_empty_cells": 0, "number_distinct_values": 6, "frequent_values": ["B", "M", "X", "Q", "R"], "dataTypes": [{"type": "TEXT", "count": 537, "shortest_values": [["M", 1], ["B", 1], ["M", 1], ["M", 1], ["M", 1]], "longest_values": [["Active", 6], ["M", 1], ["B", 1], ["M", 1], ["M", 1]], "average_length": 1.0093109869646182}]}, {"column_name": "Community_Board", "number_non_empty_cells": 537, "number_empty_cells": 0, "number_distinct_values": 57, "frequent_values": ["B05", "B03", "M03", "M11", "M10"], "dataTypes": [{"type": "REAL", "count": 1, "max_value": 40.820573, "min_value": 40.820573, "mean": 40.820573, "stddev": 0.0}, {"type": "DATE/TIME", "count": 149, "max_value": "2019-12-07T00:00:12", "min_value": "2019-12-07T00:00:01"}, {"type": "TEXT", "count": 387, "shortest_values": [["B08", 3], ["X12", 3], ["X06", 3], ["B05", 3], ["B07", 3]], "longest_values": [["B08", 3], ["X12", 3], ["X06", 3], ["B05", 3], ["B07", 3]], "average_length": 3.0}]}, {"column_name": "Council_District", "number_non_empty_cells": 496, "number_empty_cells": 41, "number_distinct_values": 42, "frequent_values": [0.0, 37.0, 8.0, 2.0, 9.0], "dataTypes": [{"type": "REAL", "count": 496, "max_value": 49.0, "min_value": -73.909101, "mean": 20.869134877016137, "stddev": 15.83134670641114}]}, {"column_name": "Garden_Name", "number_non_empty_cells": 537, "number_empty_cells": 0, "number_distinct_values": 535, "frequent_values": ["Fordham Bedford Lot-Busters", "El Girasol", "Ralph-Lincoln Service Center", "Carroll Street Community Garden (Our Lady of Peace Church or Gil Hodges Garden)", "Rogers/Tilden/Veronica Place Block Association"], "dataTypes": [{"type": "INTEGER (LONG)", "count": 1, "max_value": 10456, "min_value": 10456, "mean": 10456.0, "stddev": 0.0}, {"type": "TEXT", "count": 536, "shortest_values": [["CAMPOS", 6], ["Garden", 6], ["I.S. 71", 7], ["I.S. 96", 7], ["La Isla", 7]], "longest_values": [["East 143rd Street Community Garden (Bronx Community & Cultural Garden or North Church Garden)", 93], ["McLeods Community Garden (formerly Powell Street Block Association - Liberty Ave)", 81], ["Carroll Street Community Garden (Our Lady of Peace Church or Gil Hodges Garden)", 79], ["Essex Street Community Fulton Street Garden (Fulton Street Community Garden)", 76], ["Target (Brooklyn) Community Garden (Bedford Avenue Block Association Garden)", 76]], "average_length": 26.962686567164177}]}, {"column_name": "Address", "number_non_empty_cells": 536, "number_empty_cells": 1, "number_distinct_values": 529, "frequent_values": ["3003 Seagirt Boulevard.", "429-433 East 117th Street", "953 Gates Avenue", "2592-2597 Bainbridge Avenue", "624-638 East 138th Street"], "dataTypes": [{"type": "INTEGER (LONG)", "count": 1, "max_value": 75, "min_value": 75, "mean": 75.0, "stddev": 0.0}, {"type": "TEXT", "count": 535, "shortest_values": [["Bridge St", 9], ["Shell Road", 10], ["64th Street", 11], ["99 Avenue P", 11], ["Park Avenue", 11]], "longest_values": [["1885 University Avenue (behind Calvary Methodist Church)", 56], ["Rivington Street Crossover (in Sarah Roosevelt Park)", 52], ["99th Street and Roosevelt Avenue.  Queens, NY 11368", 51], ["437-39 East 114th Street/448-450 East 115th Street", 50], ["706-718 East 5th Street /311-321 East 4th Street", 48]], "average_length": 21.674766355140175}]}, {"column_name": "Size", "number_non_empty_cells": 430, "number_empty_cells": 107, "number_distinct_values": 209, "frequent_values": ["NA", "0.057", "0.046", "0.115", "0.11"], "dataTypes": [{"type": "INTEGER (LONG)", "count": 1, "max_value": 2117523, "min_value": 2117523, "mean": 2117523.0, "stddev": 0.0}, {"type": "REAL", "count": 429, "max_value": 2.712, "min_value": 0.005, "mean": 0.1670559440559441, "stddev": 0.23044918465269612}, {"type": "TEXT", "count": 107, "shortest_values": [["NA", 2], ["NA", 2], ["NA", 2], ["NA", 2], ["NA", 2]], "longest_values": [["NA", 2], ["NA", 2], ["NA", 2], ["NA", 2], ["NA", 2]], "average_length": 2.0}]}, {"column_name": "Jurisdiction", "number_non_empty_cells": 537, "number_empty_cells": 0, "number_distinct_values": 21, "frequent_values": ["DPR", "DOE", "TPL", "NYRP", "HPD"], "dataTypes": [{"type": "INTEGER (LONG)", "count": 1, "max_value": 2026180039, "min_value": 2026180039, "mean": 2026180039.0, "stddev": 0.0}, {"type": "TEXT", "count": 536, "shortest_values": [["DPR", 3], ["PRI", 3], ["DPR", 3], ["DPR", 3], ["TPL", 3]], "longest_values": [["DPR/MTA/DOT", 11], ["NYRP/DPR", 8], ["DPR/PRI", 7], ["DPR/DOT", 7], ["TPL/DOE", 7]], "average_length": 3.214552238805971}]}, {"column_name": "NeighborhoodName", "number_non_empty_cells": 324, "number_empty_cells": 213, "number_distinct_values": 69, "frequent_values": ["East New York", "East Village", "East Harlem", "Bed-Stuy", "Brownsville"], "dataTypes": [{"type": "TEXT", "count": 324, "shortest_values": [["\"", 1], ["Corona", 6], ["Corona", 6], ["Harlem", 6], ["Harlem", 6]], "longest_values": [["Melrose South-Mott Haven North                                             ", 75], ["Ocean Hill / Brownsville", 24], ["Springfield Gardens", 19], ["Kingsbridge Heights", 19], ["Washington Heights", 18]], "average_length": 11.66666666666667}]}, {"column_name": "Cross_Streets", "number_non_empty_cells": 463, "number_empty_cells": 74, "number_distinct_values": 196, "frequent_values": ["Active", "1st & Pleasant Avenues", "Amsterdam & Broadway", "Avenues C & D", "1st Avenue & E 117th St"], "dataTypes": [{"type": "DATE/TIME", "count": 1, "max_value": "0150-12-07T00:00:00", "min_value": "0150-12-07T00:00:00"}, {"type": "TEXT", "count": 462, "shortest_values": [["Same", 4], ["Active", 6], ["Active", 6], ["Active", 6], ["Active", 6]], "longest_values": [["Frederick Douglass & Adam Clayton Powell Boulevards", 51], ["Bradhurst Avenue & Frederick Douglass Boulevard", 47], ["Amsterdam Avenue & Audubon Avenue (Fort George)", 47], ["N/W corner of Bruckner Boulevard & Faile Street", 47], ["E 175th & E 176th, just North of Cross Bronx", 44]], "average_length": 13.50865800865801}]}, {"column_name": "Latitude", "number_non_empty_cells": 428, "number_empty_cells": 109, "number_distinct_values": 420, "frequent_values": [40.595964, 40.688836, 40.809753, 40.806094, 40.676094], "dataTypes": [{"type": "REAL", "count": 428, "max_value": 40.870996, "min_value": 40.572905, "mean": 40.74006621028038, "stddev": 0.07247397759984343}]}, {"column_name": "Longitude", "number_non_empty_cells": 428, "number_empty_cells": 109, "number_distinct_values": 420, "frequent_values": [-73.915774, -73.934119, -73.941811, -73.92789, -73.892599], "dataTypes": [{"type": "REAL", "count": 428, "max_value": -73.763133, "min_value": -74.12114, "mean": -73.93120485747669, "stddev": 0.043591053282429154}]}, {"column_name": "Postcode", "number_non_empty_cells": 430, "number_empty_cells": 107, "number_distinct_values": 83, "frequent_values": ["11207", "10009", "11233", "10035", "11221"], "dataTypes": [{"type": "INTEGER (LONG)", "count": 428, "max_value": 11694, "min_value": 10002, "mean": 10705.799065420553, "stddev": 541.6473244753236}, {"type": "TEXT", "count": 2, "shortest_values": [["     ", 5], ["     ", 5]], "longest_values": [["     ", 5], ["     ", 5]], "average_length": 5.0}]}, {"column_name": "Census_Tract", "number_non_empty_cells": 428, "number_empty_cells": 109, "number_distinct_values": 240, "frequent_values": [2601, 2602, 178, 34, 189], "dataTypes": [{"type": "INTEGER (LONG)", "count": 428, "max_value": 94201, "min_value": 2, "mean": 2792.0420560747657, "stddev": 8750.570136998524}]}, {"column_name": "BIN", "number_non_empty_cells": 430, "number_empty_cells": 107, "number_distinct_values": 163, "frequent_values": ["3000000", "1000000", "2000000", "       ", "4000000"], "dataTypes": [{"type": "INTEGER (LONG)", "count": 405, "max_value": 5112951, "min_value": 1000000, "mean": 2263184.723456789, "stddev": 989646.6257814027}, {"type": "TEXT", "count": 25, "shortest_values": [["       ", 7], ["       ", 7], ["       ", 7], ["       ", 7], ["       ", 7]], "longest_values": [["       ", 7], ["       ", 7], ["       ", 7], ["       ", 7], ["       ", 7]], "average_length": 7.0}]}, {"column_name": "BBL", "number_non_empty_cells": 430, "number_empty_cells": 107, "number_distinct_values": 400, "frequent_values": ["          ", "1017110013", "1017110008", "1017260064", "4158060004"], "dataTypes": [{"type": "INTEGER (LONG)", "count": 405, "max_value": 5001970135, "min_value": 1001060022, "mean": 2245322400.65185, "stddev": 970398037.4353327}, {"type": "TEXT", "count": 25, "shortest_values": [["          ", 10], ["          ", 10], ["          ", 10], ["          ", 10], ["          ", 10]], "longest_values": [["          ", 10], ["          ", 10], ["          ", 10], ["          ", 10], ["          ", 10]], "average_length": 10.0}]}, {"column_name": "NTA", "number_non_empty_cells": 430, "number_empty_cells": 107, "number_distinct_values": 86, "frequent_values": ["East New York                                                              ", "Lower East Side                                                            ", "Bedford                                                                    ", "East Harlem North                                                          ", "Crown Heights North                                                        "], "dataTypes": [{"type": "TEXT", "count": 430, "shortest_values": [["Lower East Side                                                            ", 75], ["East Harlem South                                                          ", 75], ["East Harlem North                                                          ", 75], ["East Village                                                               ", 75], ["East Tremont                                                               ", 75]], "longest_values": [["Lower East Side                                                            ", 75], ["East Harlem South                                                          ", 75], ["East Harlem North                                                          ", 75], ["East Village                                                               ", 75], ["East Tremont                                                               ", 75]], "average_length": 75.0}]}]}