{"dataset_name": "/user/hm74/NYCOpenData/am74-3pnv.tsv.gz", "columns": [{"column_name": "Borough", "number_non_empty_cells": 471, "number_empty_cells": 0, "number_distinct_values": 5, "frequent_values": ["Brooklyn", "Manhattan", "Queens", "Bronx", "Staten Is"], "dataTypes": [{"type": "TEXT", "count": 471, "shortest_values": [["Bronx", 5], ["Bronx", 5], ["Bronx", 5], ["Bronx", 5], ["Bronx", 5]], "longest_values": [["Manhattan", 9], ["Manhattan", 9], ["Manhattan", 9], ["Manhattan", 9], ["Manhattan", 9]], "average_length": 7.3651804670912995}]}, {"column_name": "Grade Level", "number_non_empty_cells": 471, "number_empty_cells": 0, "number_distinct_values": 2, "frequent_values": ["HS Core", "MS Core"], "dataTypes": [{"type": "TEXT", "count": 471, "shortest_values": [["HS Core", 7], ["HS Core", 7], ["HS Core", 7], ["HS Core", 7], ["HS Core", 7]], "longest_values": [["HS Core", 7], ["HS Core", 7], ["HS Core", 7], ["HS Core", 7], ["HS Core", 7]], "average_length": 7.0}]}, {"column_name": "Program Type", "number_non_empty_cells": 471, "number_empty_cells": 0, "number_distinct_values": 5, "frequent_values": ["Gen Ed", "ICT", "SC", "Accelerated", "ICT & Acc"], "dataTypes": [{"type": "TEXT", "count": 471, "shortest_values": [["SC", 2], ["SC", 2], ["SC", 2], ["SC", 2], ["SC", 2]], "longest_values": [["Accelerated", 11], ["Accelerated", 11], ["Accelerated", 11], ["Accelerated", 11], ["Accelerated", 11]], "average_length": 4.295116772823777}]}, {"column_name": "Department", "number_non_empty_cells": 471, "number_empty_cells": 0, "number_distinct_values": 4, "frequent_values": ["Math", "Science", "English", "Social Studies"], "dataTypes": [{"type": "TEXT", "count": 471, "shortest_values": [["Math", 4], ["Math", 4], ["Math", 4], ["Math", 4], ["Math", 4]], "longest_values": [["Social Studies", 14], ["Social Studies", 14], ["Social Studies", 14], ["Social Studies", 14], ["Social Studies", 14]], "average_length": 7.543524416135879}]}, {"column_name": "Subject", "number_non_empty_cells": 471, "number_empty_cells": 0, "number_distinct_values": 31, "frequent_values": ["MS English Core", "MS Social Studies Other", "MS Science Other", "MS Math Other", "MS Integrated Algebra"], "dataTypes": [{"type": "TEXT", "count": 471, "shortest_values": [["HS Physics", 10], ["HS Physics", 10], ["HS Physics", 10], ["HS Physics", 10], ["HS Physics", 10]], "longest_values": [["HS Social Studies Other", 23], ["HS Social Studies Other", 23], ["HS Social Studies Other", 23], ["MS Social Studies Other", 23], ["MS Social Studies Other", 23]], "average_length": 15.67091295116773}]}, {"column_name": "Number of Students", "number_non_empty_cells": 471, "number_empty_cells": 0, "number_distinct_values": 437, "frequent_values": [87, 44, 54, 33, 34], "dataTypes": [{"type": "INTEGER (LONG)", "count": 471, "max_value": 41432, "min_value": 3, "mean": 4636.54140127389, "stddev": 6861.813681209365}]}, {"column_name": "Number of Classes", "number_non_empty_cells": 471, "number_empty_cells": 0, "number_distinct_values": 252, "frequent_values": [1, 3, 2, 5, 6], "dataTypes": [{"type": "INTEGER (LONG)", "count": 471, "max_value": 1466, "min_value": 1, "mean": 185.11677282377926, "stddev": 256.9649351011508}]}, {"column_name": "Average Class Size", "number_non_empty_cells": 471, "number_empty_cells": 0, "number_distinct_values": 157, "frequent_values": [27.0, 26.1, 9.8, 27.9, 25.3], "dataTypes": [{"type": "REAL", "count": 471, "max_value": 34.0, "min_value": 3.0, "mean": 21.841613588110423, "stddev": 7.9062291512507485}]}]}