{"dataset_name": "/user/hm74/NYCOpenData/an6v-iuem.tsv.gz", "columns": [{"column_name": "Program Name", "number_non_empty_cells": 50, "number_empty_cells": 0, "number_distinct_values": 35, "frequent_values": ["\u2022 Job development, placement and retention/advancement support.", "\u2022 Ability to perform eight (8) hours of physical work each day\"", "\u2022 Job readiness, job search assistance and training.", "Community Support for Work", "\u2022 18 years of age or older"], "dataTypes": [{"type": "TEXT", "count": 50, "shortest_values": [["Jobs-Plus at BronxWorks", 23], ["Operated by BronxWorks.", 23], ["REES Information Sessions", 25], ["Community Support for Work", 26], ["Community Support for Work", 26]], "longest_values": [["You will be greeted by REES staff and asked to attend a short presentation where you will receive an overview of all of REES\u2019 available services, which include referrals for employment, training, GED and ESOL classes available through a NYCHA Community Center, financial counseling, and appointments to attend the Test of Adult Basic Education (T.A.B.E.), which is the first step in the application process for the NYCHA Resident Training Academy (NRTA). \"", 456], ["Serving residents of Betances, Moore Houses and East 152nd Street-Courtlandt Houses the South Bronx.", 100], ["\u2022 Ability to score a 6.0 reading and math level on the Test of Adult Basic Education (T.A.B.E.)", 95], ["Documents Needed for Your Appointment: Valid photo ID (examples include: a DMV issued ID)\"", 90], ["\u2022 The strengthening of social ties among residents and community stakeholders to support", 88]], "average_length": 54.339999999999996}]}, {"column_name": "Program Description", "number_non_empty_cells": 9, "number_empty_cells": 41, "number_distinct_values": 7, "frequent_values": ["The NYCHA Resident Training Academy (NRTA) provides employment-linked training opportunities and job placement assistance to NYCHA residents in the construction, pest control, maintenance, and janitorial fields. The NRTA works with successful graduates of the Academy to provide job placement assistance by focusing on jobs with career paths. Past NRTA graduates have obtained jobs at NYCHA in positions such as Caretakers and Pest Control Technicians, and with NYCHA contractors and affordable housing developers in the various construction trades.", "(718) 289-8100", "Jobs-Plus is an employment program that was created to work with all working-age residents in designated public housing developments or a cluster of developments.  The goal of the Jobs-Plus program is to raise the levels of employment and earnings among New York City public housing communities.  Services are limited only to residents who live in a Jobs-Plus designated development. ", "To receive services, you must be an authorized NYCHA resident.", "787 Atlantic Ave., 2nd Fl., Brooklyn, NY 11238  "], "dataTypes": [{"type": "TEXT", "count": 9, "shortest_values": [["(718) 289-8100", 14], ["(718) 289-8100", 14], ["787 Atlantic Ave., 2nd Fl., Brooklyn, NY 11238  ", 48], ["To receive services, you must be an authorized NYCHA resident.", 62], ["NYCHA\u2019s Office of Resident Economic Empowerment & Sustainability (REES) develops and implements programs, policies and collaborations to measurably support residents\u2019 increased economic opportunities with a focus on employment and advancement, financial literacy and asset building, adult education and training, and business development.", 338]], "longest_values": [["The NYCHA Resident Training Academy (NRTA) provides employment-linked training opportunities and job placement assistance to NYCHA residents in the construction, pest control, maintenance, and janitorial fields. The NRTA works with successful graduates of the Academy to provide job placement assistance by focusing on jobs with career paths. Past NRTA graduates have obtained jobs at NYCHA in positions such as Caretakers and Pest Control Technicians, and with NYCHA contractors and affordable housing developers in the various construction trades.", 549], ["The NYCHA Resident Training Academy (NRTA) provides employment-linked training opportunities and job placement assistance to NYCHA residents in the construction, pest control, maintenance, and janitorial fields. The NRTA works with successful graduates of the Academy to provide job placement assistance by focusing on jobs with career paths. Past NRTA graduates have obtained jobs at NYCHA in positions such as Caretakers and Pest Control Technicians, and with NYCHA contractors and affordable housing developers in the various construction trades.", 549], ["Jobs-Plus is an employment program that was created to work with all working-age residents in designated public housing developments or a cluster of developments.  The goal of the Jobs-Plus program is to raise the levels of employment and earnings among New York City public housing communities.  Services are limited only to residents who live in a Jobs-Plus designated development. ", 384], ["Jobs-Plus is an employment program that was created to work with all working-age residents in designated public housing developments or a cluster of developments.  The goal of the Jobs-Plus program is to raise the levels of employment and earnings among New York City public housing communities.  Services are limited only to residents who live in a Jobs-Plus designated development. ", 384], ["NYCHA\u2019s Office of Resident Economic Empowerment & Sustainability (REES) develops and implements programs, policies and collaborations to measurably support residents\u2019 increased economic opportunities with a focus on employment and advancement, financial literacy and asset building, adult education and training, and business development.", 338]], "average_length": 260.22222222222223}]}, {"column_name": "Program Details", "number_non_empty_cells": 7, "number_empty_cells": 43, "number_distinct_values": 5, "frequent_values": ["(718) 289-8100", "Employment-Related Services", "Jefferson Houses Jobs-Plus", "General REES Information Sessions are held twice a week on Tuesdays and Thursdays at 8:30 a.m.", null], "dataTypes": [{"type": "TEXT", "count": 7, "shortest_values": [["(718) 289-8100", 14], ["(718) 289-8100", 14], ["(718) 289-8100", 14], ["Jefferson Houses Jobs-Plus", 26], ["Employment-Related Services", 27]], "longest_values": [["General REES Information Sessions are held twice a week on Tuesdays and Thursdays at 8:30 a.m.", 94], ["Employment-Related Services", 27], ["Employment-Related Services", 27], ["Jefferson Houses Jobs-Plus", 26], ["(718) 289-8100", 14]], "average_length": 30.85714285714286}]}, {"column_name": "Eligibility", "number_non_empty_cells": 2, "number_empty_cells": 48, "number_distinct_values": 3, "frequent_values": ["Minimum Requirements for Caretaker (Janitorial) Training", "Minimum Requirements for Construction Training", null], "dataTypes": [{"type": "TEXT", "count": 2, "shortest_values": [["Minimum Requirements for Construction Training", 46], ["Minimum Requirements for Caretaker (Janitorial) Training", 56]], "longest_values": [["Minimum Requirements for Caretaker (Janitorial) Training", 56], ["Minimum Requirements for Construction Training", 46]], "average_length": 51.0}]}, {"column_name": "Locations", "number_non_empty_cells": 0, "number_empty_cells": 50, "number_distinct_values": 1, "frequent_values": [null], "dataTypes": []}, {"column_name": "Contact", "number_non_empty_cells": 0, "number_empty_cells": 50, "number_distinct_values": 1, "frequent_values": [null], "dataTypes": []}]}