{"dataset_name": "/user/hm74/NYCOpenData/aq7p-fpw6.tsv.gz", "columns": [{"column_name": "ProviderType", "number_non_empty_cells": 8, "number_empty_cells": 0, "number_distinct_values": 1, "frequent_values": ["ELDER ABUSE SERVICES CONTRACTS"], "dataTypes": [{"type": "TEXT", "count": 8, "shortest_values": [["ELDER ABUSE SERVICES CONTRACTS", 30], ["ELDER ABUSE SERVICES CONTRACTS", 30], ["ELDER ABUSE SERVICES CONTRACTS", 30], ["ELDER ABUSE SERVICES CONTRACTS", 30], ["ELDER ABUSE SERVICES CONTRACTS", 30]], "longest_values": [["ELDER ABUSE SERVICES CONTRACTS", 30], ["ELDER ABUSE SERVICES CONTRACTS", 30], ["ELDER ABUSE SERVICES CONTRACTS", 30], ["ELDER ABUSE SERVICES CONTRACTS", 30], ["ELDER ABUSE SERVICES CONTRACTS", 30]], "average_length": 30.0}]}, {"column_name": "DFTA ID", "number_non_empty_cells": 8, "number_empty_cells": 0, "number_distinct_values": 2, "frequent_values": [1e+101, 64701.0], "dataTypes": [{"type": "REAL", "count": 8, "max_value": 1e+101, "min_value": 64701.0, "mean": 7.5e+100, "stddev": 4.3301270189221934e+100}]}, {"column_name": "ContractYear", "number_non_empty_cells": 8, "number_empty_cells": 0, "number_distinct_values": 1, "frequent_values": [2020], "dataTypes": [{"type": "INTEGER (LONG)", "count": 8, "max_value": 2020, "min_value": 2020, "mean": 2020.0, "stddev": 0.0}]}, {"column_name": "SponsorName", "number_non_empty_cells": 8, "number_empty_cells": 0, "number_distinct_values": 2, "frequent_values": ["THE NEIGHBORHOOD SELF-HELP BY OLDER PERSONS PROJECT INC", "WEILL MEDICAL COLLEGE OF CORNELL UNIVERSITY"], "dataTypes": [{"type": "TEXT", "count": 8, "shortest_values": [["WEILL MEDICAL COLLEGE OF CORNELL UNIVERSITY", 43], ["WEILL MEDICAL COLLEGE OF CORNELL UNIVERSITY", 43], ["THE NEIGHBORHOOD SELF-HELP BY OLDER PERSONS PROJECT INC", 55], ["THE NEIGHBORHOOD SELF-HELP BY OLDER PERSONS PROJECT INC", 55], ["THE NEIGHBORHOOD SELF-HELP BY OLDER PERSONS PROJECT INC", 55]], "longest_values": [["THE NEIGHBORHOOD SELF-HELP BY OLDER PERSONS PROJECT INC", 55], ["THE NEIGHBORHOOD SELF-HELP BY OLDER PERSONS PROJECT INC", 55], ["THE NEIGHBORHOOD SELF-HELP BY OLDER PERSONS PROJECT INC", 55], ["THE NEIGHBORHOOD SELF-HELP BY OLDER PERSONS PROJECT INC", 55], ["THE NEIGHBORHOOD SELF-HELP BY OLDER PERSONS PROJECT INC", 55]], "average_length": 52.0}]}, {"column_name": "ProgramName", "number_non_empty_cells": 8, "number_empty_cells": 0, "number_distinct_values": 2, "frequent_values": ["SHOPP ELDER ABUSE BX 1-8", "Weill Cornell PROTECT"], "dataTypes": [{"type": "TEXT", "count": 8, "shortest_values": [["Weill Cornell PROTECT", 21], ["Weill Cornell PROTECT", 21], ["SHOPP ELDER ABUSE BX 1-8", 24], ["SHOPP ELDER ABUSE BX 1-8", 24], ["SHOPP ELDER ABUSE BX 1-8", 24]], "longest_values": [["SHOPP ELDER ABUSE BX 1-8", 24], ["SHOPP ELDER ABUSE BX 1-8", 24], ["SHOPP ELDER ABUSE BX 1-8", 24], ["SHOPP ELDER ABUSE BX 1-8", 24], ["SHOPP ELDER ABUSE BX 1-8", 24]], "average_length": 23.25}]}, {"column_name": "ServiceID", "number_non_empty_cells": 8, "number_empty_cells": 0, "number_distinct_values": 8, "frequent_values": ["SCCA", "EACN", "EAED", "PCLS", "EALG"], "dataTypes": [{"type": "TEXT", "count": 8, "shortest_values": [["EAED", 4], ["EADL", 4], ["SCCA", 4], ["EAFA", 4], ["EACN", 4]], "longest_values": [["EAED", 4], ["EADL", 4], ["SCCA", 4], ["EAFA", 4], ["EACN", 4]], "average_length": 4.0}]}, {"column_name": "ServiceName", "number_non_empty_cells": 7, "number_empty_cells": 1, "number_distinct_values": 8, "frequent_values": ["PROTECT TRAINING SESSIONS", "ELDER ABUSE LEGAL", "SR CTR CASE ASSISTANCE", "PROTECT CLINICAL SESSIONS", "ELDER ABUSE FINANCE ASST"], "dataTypes": [{"type": "TEXT", "count": 8, "shortest_values": [["ELDER ABUSE LEGAL", 17], ["SR CTR CASE ASSISTANCE", 22], ["ELDER ABUSE COUNSELING", 22], ["ELDER ABUSE SECURITY DEV", 24], ["ELDER ABUSE FINANCE ASST", 24]], "longest_values": [["ELDER ABUSE EDUC/OUTREACH", 25], ["PROTECT TRAINING SESSIONS", 25], ["PROTECT CLINICAL SESSIONS", 25], ["ELDER ABUSE SECURITY DEV", 24], ["ELDER ABUSE FINANCE ASST", 24]], "average_length": 22.999999999999996}]}, {"column_name": "ReportedMonth", "number_non_empty_cells": 8, "number_empty_cells": 0, "number_distinct_values": 1, "frequent_values": ["Jul 2019"], "dataTypes": [{"type": "DATE/TIME", "count": 8, "max_value": "2019-07-05T00:00:00", "min_value": "2019-07-05T00:00:00"}]}, {"column_name": "ReportedUnits", "number_non_empty_cells": 8, "number_empty_cells": 0, "number_distinct_values": 5, "frequent_values": [0, 31, 61, 326, 4], "dataTypes": [{"type": "INTEGER (LONG)", "count": 8, "max_value": 326, "min_value": 0, "mean": 52.75, "stddev": 105.30521117209727}]}]}