{"dataset_name": "/user/hm74/NYCOpenData/aqu8-c9ea.tsv.gz", "columns": [{"column_name": "ProviderType", "number_non_empty_cells": 16, "number_empty_cells": 0, "number_distinct_values": 1, "frequent_values": ["GERIATRIC MENTAL HEALTH SERVICES CONTRACTS"], "dataTypes": [{"type": "TEXT", "count": 16, "shortest_values": [["GERIATRIC MENTAL HEALTH SERVICES CONTRACTS", 42], ["GERIATRIC MENTAL HEALTH SERVICES CONTRACTS", 42], ["GERIATRIC MENTAL HEALTH SERVICES CONTRACTS", 42], ["GERIATRIC MENTAL HEALTH SERVICES CONTRACTS", 42], ["GERIATRIC MENTAL HEALTH SERVICES CONTRACTS", 42]], "longest_values": [["GERIATRIC MENTAL HEALTH SERVICES CONTRACTS", 42], ["GERIATRIC MENTAL HEALTH SERVICES CONTRACTS", 42], ["GERIATRIC MENTAL HEALTH SERVICES CONTRACTS", 42], ["GERIATRIC MENTAL HEALTH SERVICES CONTRACTS", 42], ["GERIATRIC MENTAL HEALTH SERVICES CONTRACTS", 42]], "average_length": 42.0}]}, {"column_name": "DFTA ID", "number_non_empty_cells": 16, "number_empty_cells": 0, "number_distinct_values": 4, "frequent_values": ["3G101", "5G301", "4G801", "1G701"], "dataTypes": [{"type": "TEXT", "count": 16, "shortest_values": [["1G701", 5], ["1G701", 5], ["4G801", 5], ["1G701", 5], ["1G701", 5]], "longest_values": [["1G701", 5], ["1G701", 5], ["4G801", 5], ["1G701", 5], ["1G701", 5]], "average_length": 5.0}]}, {"column_name": "ContractYear", "number_non_empty_cells": 16, "number_empty_cells": 0, "number_distinct_values": 1, "frequent_values": [2020], "dataTypes": [{"type": "INTEGER (LONG)", "count": 16, "max_value": 2020, "min_value": 2020, "mean": 2020.0, "stddev": 0.0}]}, {"column_name": "SponsorName", "number_non_empty_cells": 16, "number_empty_cells": 0, "number_distinct_values": 4, "frequent_values": ["THE JEWISH ASSOCIATION FOR SERVICES FOR THE AGED", "SERVICE PROGRAM FOR OLDER PEOPLE INC", "SAMUEL FIELD YM & YWHA INC", "WEILL MEDICAL COLLEGE OF CORNELL UNIVERSITY"], "dataTypes": [{"type": "TEXT", "count": 16, "shortest_values": [["SAMUEL FIELD YM & YWHA INC", 26], ["SAMUEL FIELD YM & YWHA INC", 26], ["SAMUEL FIELD YM & YWHA INC", 26], ["SAMUEL FIELD YM & YWHA INC", 26], ["SERVICE PROGRAM FOR OLDER PEOPLE INC", 36]], "longest_values": [["THE JEWISH ASSOCIATION FOR SERVICES FOR THE AGED", 48], ["THE JEWISH ASSOCIATION FOR SERVICES FOR THE AGED", 48], ["THE JEWISH ASSOCIATION FOR SERVICES FOR THE AGED", 48], ["THE JEWISH ASSOCIATION FOR SERVICES FOR THE AGED", 48], ["WEILL MEDICAL COLLEGE OF CORNELL UNIVERSITY", 43]], "average_length": 38.25}]}, {"column_name": "ProgramName", "number_non_empty_cells": 16, "number_empty_cells": 0, "number_distinct_values": 4, "frequent_values": ["WEILL CORNELL MENTAL HEALTH", "SPOP MENTAL HEALTH", "SAMUEL FIELD MENTAL HEALTH", "JASA MENTAL HEALTH"], "dataTypes": [{"type": "TEXT", "count": 16, "shortest_values": [["JASA MENTAL HEALTH", 18], ["JASA MENTAL HEALTH", 18], ["JASA MENTAL HEALTH", 18], ["JASA MENTAL HEALTH", 18], ["SPOP MENTAL HEALTH", 18]], "longest_values": [["WEILL CORNELL MENTAL HEALTH", 27], ["WEILL CORNELL MENTAL HEALTH", 27], ["WEILL CORNELL MENTAL HEALTH", 27], ["WEILL CORNELL MENTAL HEALTH", 27], ["SAMUEL FIELD MENTAL HEALTH", 26]], "average_length": 22.25}]}, {"column_name": "ServiceID", "number_non_empty_cells": 16, "number_empty_cells": 0, "number_distinct_values": 4, "frequent_values": ["MHES", "MHSC", "MHCL", "MHEP"], "dataTypes": [{"type": "TEXT", "count": 16, "shortest_values": [["MHES", 4], ["MHSC", 4], ["MHEP", 4], ["MHCL", 4], ["MHEP", 4]], "longest_values": [["MHES", 4], ["MHSC", 4], ["MHEP", 4], ["MHCL", 4], ["MHEP", 4]], "average_length": 4.0}]}, {"column_name": "ServiceName", "number_non_empty_cells": 16, "number_empty_cells": 0, "number_distinct_values": 4, "frequent_values": ["MH THERA CLINICAL", "MH STRUCT ENGAGE SESSION", "MH SCREENINGS", "MH STRUCT ENGAGE PARTICIP"], "dataTypes": [{"type": "TEXT", "count": 16, "shortest_values": [["MH SCREENINGS", 13], ["MH SCREENINGS", 13], ["MH SCREENINGS", 13], ["MH SCREENINGS", 13], ["MH THERA CLINICAL", 17]], "longest_values": [["MH STRUCT ENGAGE PARTICIP", 25], ["MH STRUCT ENGAGE PARTICIP", 25], ["MH STRUCT ENGAGE PARTICIP", 25], ["MH STRUCT ENGAGE PARTICIP", 25], ["MH STRUCT ENGAGE SESSION", 24]], "average_length": 19.75}]}, {"column_name": "BudgetedUnits", "number_non_empty_cells": 16, "number_empty_cells": 0, "number_distinct_values": 10, "frequent_values": [500, 900, 192, 540, 360], "dataTypes": [{"type": "INTEGER (LONG)", "count": 16, "max_value": 900, "min_value": 128, "mean": 501.375, "stddev": 261.1670621939145}]}]}