{"dataset_name": "/user/hm74/NYCOpenData/arhf-esqb.tsv.gz", "columns": [{"column_name": "Region", "number_non_empty_cells": 41, "number_empty_cells": 0, "number_distinct_values": 1, "frequent_values": ["Citywide"], "dataTypes": [{"type": "TEXT", "count": 41, "shortest_values": [["Citywide", 8], ["Citywide", 8], ["Citywide", 8], ["Citywide", 8], ["Citywide", 8]], "longest_values": [["Citywide", 8], ["Citywide", 8], ["Citywide", 8], ["Citywide", 8], ["Citywide", 8]], "average_length": 8.0}]}, {"column_name": "Month", "number_non_empty_cells": 41, "number_empty_cells": 0, "number_distinct_values": 12, "frequent_values": ["April", "March", "May", "July", "June"], "dataTypes": [{"type": "DATE/TIME", "count": 41, "max_value": "2019-12-05T00:00:00", "min_value": "2019-01-05T00:00:00"}]}, {"column_name": "Year", "number_non_empty_cells": 41, "number_empty_cells": 0, "number_distinct_values": 4, "frequent_values": [2018, 2017, 2016, 2019], "dataTypes": [{"type": "INTEGER (LONG)", "count": 41, "max_value": 2019, "min_value": 2016, "mean": 2017.390243902439, "stddev": 1.0330643211974648}]}, {"column_name": "Rate", "number_non_empty_cells": 41, "number_empty_cells": 0, "number_distinct_values": 8, "frequent_values": [3.1, 3.3, 3.2, 3.4, 3.6], "dataTypes": [{"type": "REAL", "count": 41, "max_value": 3.6, "min_value": 2.9, "mean": 3.251219512195122, "stddev": 0.1712535578687022}]}]}