{"dataset_name": "/user/hm74/NYCOpenData/arzb-yfdv.tsv.gz", "columns": [{"column_name": "District", "number_non_empty_cells": 4288, "number_empty_cells": 0, "number_distinct_values": 33, "frequent_values": [31, 28, 26, 27, 12], "dataTypes": [{"type": "INTEGER (LONG)", "count": 4288, "max_value": 75, "min_value": 1, "mean": 18.27052238805966, "stddev": 13.53896906375078}]}, {"column_name": "Grade_Level", "number_non_empty_cells": 4288, "number_empty_cells": 0, "number_distinct_values": 13, "frequent_values": ["7", "11", "3", "8", "0K"], "dataTypes": [{"type": "INTEGER (LONG)", "count": 3958, "max_value": 12, "min_value": 1, "mean": 6.498484082870139, "stddev": 3.4522473623069243}, {"type": "TEXT", "count": 330, "shortest_values": [["0K", 2], ["0K", 2], ["0K", 2], ["0K", 2], ["0K", 2]], "longest_values": [["0K", 2], ["0K", 2], ["0K", 2], ["0K", 2], ["0K", 2]], "average_length": 2.0}]}, {"column_name": "Category", "number_non_empty_cells": 4288, "number_empty_cells": 0, "number_distinct_values": 10, "frequent_values": ["IEP", "ELL", "Female", "All Students", "Other"], "dataTypes": [{"type": "TEXT", "count": 4288, "shortest_values": [["IEP", 3], ["ELL", 3], ["IEP", 3], ["ELL", 3], ["IEP", 3]], "longest_values": [["All Students", 12], ["All Students", 12], ["All Students", 12], ["All Students", 12], ["All Students", 12]], "average_length": 5.60027985074627}]}, {"column_name": "Average_frequency_per_week_of_physical_education_instruction", "number_non_empty_cells": 4288, "number_empty_cells": 0, "number_distinct_values": 430, "frequent_values": [" - ", "1.94707", "1.836792", "1.832753", "3.27374"], "dataTypes": [{"type": "REAL", "count": 429, "max_value": 4.565238, "min_value": 1.070735, "mean": 2.4859056083916076, "stddev": 0.7359287853391052}, {"type": "TEXT", "count": 3859, "shortest_values": [[" - ", 3], [" - ", 3], [" - ", 3], [" - ", 3], [" - ", 3]], "longest_values": [[" - ", 3], [" - ", 3], [" - ", 3], [" - ", 3], [" - ", 3]], "average_length": 3.0}]}, {"column_name": "Average_minutes_per_week_of_physical_education_instruction", "number_non_empty_cells": 4288, "number_empty_cells": 0, "number_distinct_values": 430, "frequent_values": [" - ", "118.3499", "124.4249", "219.9019", "132.9663"], "dataTypes": [{"type": "REAL", "count": 429, "max_value": 232.311, "min_value": 82.99613, "mean": 132.54650629370627, "stddev": 30.48273414279565}, {"type": "TEXT", "count": 3859, "shortest_values": [[" - ", 3], [" - ", 3], [" - ", 3], [" - ", 3], [" - ", 3]], "longest_values": [[" - ", 3], [" - ", 3], [" - ", 3], [" - ", 3], [" - ", 3]], "average_length": 3.0}]}, {"column_name": "#_of_students_who_are_receiving_the_required_amount_of_physical_education_instruction", "number_non_empty_cells": 4288, "number_empty_cells": 0, "number_distinct_values": 1162, "frequent_values": ["s", "8", "7", "9", "27"], "dataTypes": [{"type": "INTEGER (LONG)", "count": 3601, "max_value": 6404, "min_value": 6, "mean": 437.71674534851445, "stddev": 572.8313692388673}, {"type": "TEXT", "count": 687, "shortest_values": [["s", 1], ["s", 1], ["s", 1], ["s", 1], ["s", 1]], "longest_values": [["s", 1], ["s", 1], ["s", 1], ["s", 1], ["s", 1]], "average_length": 1.0}]}, {"column_name": "%_of_students_who_are_receiving_the_required_amount_of_physical_education_instruction", "number_non_empty_cells": 4288, "number_empty_cells": 0, "number_distinct_values": 3358, "frequent_values": ["s", "0.6666666865", "0.3333333433", "0.5", "0.8000000119"], "dataTypes": [{"type": "REAL", "count": 3601, "max_value": 0.9956896305, "min_value": 0.0112540191, "mean": 0.5232577681529557, "stddev": 0.2871085753902396}, {"type": "TEXT", "count": 687, "shortest_values": [["s", 1], ["s", 1], ["s", 1], ["s", 1], ["s", 1]], "longest_values": [["s", 1], ["s", 1], ["s", 1], ["s", 1], ["s", 1]], "average_length": 1.0}]}, {"column_name": "#_of_students_who_are_receiving_less_than_the_required_amount_of_physical_education_instruction", "number_non_empty_cells": 4288, "number_empty_cells": 0, "number_distinct_values": 1100, "frequent_values": ["s", "7", "8", "13", "10"], "dataTypes": [{"type": "INTEGER (LONG)", "count": 3601, "max_value": 4130, "min_value": 6, "mean": 388.0791446820334, "stddev": 513.7351816210942}, {"type": "TEXT", "count": 687, "shortest_values": [["s", 1], ["s", 1], ["s", 1], ["s", 1], ["s", 1]], "longest_values": [["s", 1], ["s", 1], ["s", 1], ["s", 1], ["s", 1]], "average_length": 1.0}]}, {"column_name": "%_of_students_who_are_receiving_less_than_the_required_amount_of_physical_education_instruction", "number_non_empty_cells": 4288, "number_empty_cells": 0, "number_distinct_values": 3358, "frequent_values": ["s", "0.3333333433", "0.6666666865", "0.5", "0.200000003"], "dataTypes": [{"type": "REAL", "count": 3601, "max_value": 0.9887459874, "min_value": 0.0043103448, "mean": 0.4767422323154397, "stddev": 0.2871085753676813}, {"type": "TEXT", "count": 687, "shortest_values": [["s", 1], ["s", 1], ["s", 1], ["s", 1], ["s", 1]], "longest_values": [["s", 1], ["s", 1], ["s", 1], ["s", 1], ["s", 1]], "average_length": 1.0}]}, {"column_name": "#_of_students_who_have_an_IEP_that_recommends_adaptive_physical_education", "number_non_empty_cells": 4288, "number_empty_cells": 0, "number_distinct_values": 125, "frequent_values": ["s", "6", "7", "8", "10"], "dataTypes": [{"type": "INTEGER (LONG)", "count": 909, "max_value": 1039, "min_value": 6, "mean": 42.54675467546754, "stddev": 104.10631393762382}, {"type": "TEXT", "count": 3379, "shortest_values": [["s", 1], ["s", 1], ["s", 1], ["s", 1], ["s", 1]], "longest_values": [["s", 1], ["s", 1], ["s", 1], ["s", 1], ["s", 1]], "average_length": 1.0}]}, {"column_name": "%_of_students_who_have_an_IEP_that_recommends_adaptive_physical_education", "number_non_empty_cells": 4288, "number_empty_cells": 0, "number_distinct_values": 882, "frequent_values": ["s", "0.0476190485", "0.0095541403", "0.0043668123", "0.0357142873"], "dataTypes": [{"type": "REAL", "count": 909, "max_value": 0.5603448153, "min_value": 0.0008740303, "mean": 0.059920459516391585, "stddev": 0.11342652873061285}, {"type": "TEXT", "count": 3379, "shortest_values": [["s", 1], ["s", 1], ["s", 1], ["s", 1], ["s", 1]], "longest_values": [["s", 1], ["s", 1], ["s", 1], ["s", 1], ["s", 1]], "average_length": 1.0}]}]}