{"dataset_name": "/user/hm74/NYCOpenData/at9c-pdf7.tsv.gz", "columns": [{"column_name": "Year", "number_non_empty_cells": 22, "number_empty_cells": 0, "number_distinct_values": 22, "frequent_values": [2003, 2007, 2015, 2006, 2013], "dataTypes": [{"type": "INTEGER (LONG)", "count": 22, "max_value": 2016, "min_value": 1995, "mean": 2005.5, "stddev": 6.344288770224757}]}, {"column_name": "Persons with HIV/AIDS: Plain Tap", "number_non_empty_cells": 0, "number_empty_cells": 22, "number_distinct_values": 1, "frequent_values": [null], "dataTypes": []}, {"column_name": "Persons with HIV/AIDS: Filtered Tap", "number_non_empty_cells": 0, "number_empty_cells": 22, "number_distinct_values": 1, "frequent_values": [null], "dataTypes": []}, {"column_name": "Persons with HIV/AIDS: Boiled Tap", "number_non_empty_cells": 0, "number_empty_cells": 22, "number_distinct_values": 1, "frequent_values": [null], "dataTypes": []}, {"column_name": "Persons with HIV/AIDS: Incidental Plain Tap Only", "number_non_empty_cells": 0, "number_empty_cells": 22, "number_distinct_values": 1, "frequent_values": [null], "dataTypes": []}, {"column_name": "Persons with HIV/AIDS: No Tap", "number_non_empty_cells": 0, "number_empty_cells": 22, "number_distinct_values": 1, "frequent_values": [null], "dataTypes": []}, {"column_name": "Immunocompetent Persons: Plain Tap", "number_non_empty_cells": 0, "number_empty_cells": 22, "number_distinct_values": 1, "frequent_values": [null], "dataTypes": []}, {"column_name": "Immunocompetent Persons: Filtered Tap", "number_non_empty_cells": 0, "number_empty_cells": 22, "number_distinct_values": 1, "frequent_values": [null], "dataTypes": []}, {"column_name": "Immunocompetent Persons: Boiled Tap", "number_non_empty_cells": 0, "number_empty_cells": 22, "number_distinct_values": 1, "frequent_values": [null], "dataTypes": []}, {"column_name": "Immunocompetent Persons: Incidental Plain Tap Only", "number_non_empty_cells": 0, "number_empty_cells": 22, "number_distinct_values": 1, "frequent_values": [null], "dataTypes": []}, {"column_name": "Immunocompetent Persons: No Tap", "number_non_empty_cells": 0, "number_empty_cells": 22, "number_distinct_values": 1, "frequent_values": [null], "dataTypes": []}]}