{"dataset_name": "/user/hm74/NYCOpenData/au2v-djg4.tsv.gz", "columns": [{"column_name": "DISORDER", "number_non_empty_cells": 4, "number_empty_cells": 0, "number_distinct_values": 4, "frequent_values": ["Lower Respiratory Symptoms", "Upper Respiratory Symtomps", "PTSD/Anxiety/depression", "Digestive Disorders"], "dataTypes": [{"type": "TEXT", "count": 4, "shortest_values": [["Digestive Disorders", 19], ["PTSD/Anxiety/depression", 23], ["Lower Respiratory Symptoms", 26], ["Upper Respiratory Symtomps", 26]], "longest_values": [["Lower Respiratory Symptoms", 26], ["Upper Respiratory Symtomps", 26], ["PTSD/Anxiety/depression", 23], ["Digestive Disorders", 19]], "average_length": 23.5}]}, {"column_name": "PERCENTAGE", "number_non_empty_cells": 4, "number_empty_cells": 0, "number_distinct_values": 3, "frequent_values": ["40%", "51%", "76%"], "dataTypes": [{"type": "TEXT", "count": 4, "shortest_values": [["51%", 3], ["40%", 3], ["76%", 3], ["40%", 3]], "longest_values": [["51%", 3], ["40%", 3], ["76%", 3], ["40%", 3]], "average_length": 3.0}]}]}