{"dataset_name": "/user/hm74/NYCOpenData/au8p-qz8c.tsv.gz", "columns": [{"column_name": "DBN", "number_non_empty_cells": 1839, "number_empty_cells": 0, "number_distinct_values": 671, "frequent_values": ["31R700", "20K700", "28Q700", "10X700", "21K700"], "dataTypes": [{"type": "DATE/TIME", "count": 28, "max_value": "2019-12-08T00:06:48", "min_value": "2019-12-08T00:01:15"}, {"type": "TEXT", "count": 1811, "shortest_values": [["01M063", 6], ["01M064", 6], ["01M110", 6], ["01M134", 6], ["01M140", 6]], "longest_values": [["01M063", 6], ["01M064", 6], ["01M110", 6], ["01M134", 6], ["01M140", 6]], "average_length": 6.0}]}, {"column_name": "Site_ID", "number_non_empty_cells": 1835, "number_empty_cells": 4, "number_distinct_values": 1839, "frequent_values": ["02M042", "XANE", "08X093", "XATC", "XAOX"], "dataTypes": [{"type": "DATE/TIME", "count": 28, "max_value": "2019-12-08T00:06:48", "min_value": "2019-12-08T00:01:15"}, {"type": "TEXT", "count": 1811, "shortest_values": [["MAZS", 4], ["MAZB", 4], ["MATO", 4], ["MAXZ", 4], ["MAGR", 4]], "longest_values": [["01M063", 6], ["01M064", 6], ["01M110", 6], ["01M134", 6], ["01M140", 6]], "average_length": 4.657095527332961}]}, {"column_name": "School_Name", "number_non_empty_cells": 1829, "number_empty_cells": 10, "number_distinct_values": 1789, "frequent_values": ["Mi Nuevo Mundo", "Brooklyn Chinese American Association", "Trabajamos Community Head Start", "Jewish Community Center Of Staten Island", "Immaculate Conception School"], "dataTypes": [{"type": "TEXT", "count": 1839, "shortest_values": [["ICCD", 4], ["FOCH", 4], ["UFBCO", 5], ["HIDEC", 5], ["HELP I", 6]], "longest_values": [["Roman Catholic Church of Our Lady of the Snows d/b/a Our Lady of the Snows School", 81], ["P.S. 80 The Thurgood Marshall Magnet School of Multimedia and Communication", 75], ["P.S./I.S. 210 - Twenty-First Century Academy for Community Leadership", 69], ["Bethel Mission Station Church / Bethel Mission Loving Day CAre Center", 69], ["Garden of Learning and Discovery Pre-K Center at 1434 Ogden Avenue", 66]], "average_length": 26.8330614464383}]}, {"column_name": "Year", "number_non_empty_cells": 1839, "number_empty_cells": 0, "number_distinct_values": 1, "frequent_values": ["2017-18"], "dataTypes": [{"type": "TEXT", "count": 1839, "shortest_values": [["2017-18", 7], ["2017-18", 7], ["2017-18", 7], ["2017-18", 7], ["2017-18", 7]], "longest_values": [["2017-18", 7], ["2017-18", 7], ["2017-18", 7], ["2017-18", 7], ["2017-18", 7]], "average_length": 7.0}]}, {"column_name": "Total_Enrollment_(Half_Day_&_Full_Day)", "number_non_empty_cells": 1839, "number_empty_cells": 0, "number_distinct_values": 124, "frequent_values": ["36", "18", "35", "20", "54"], "dataTypes": [{"type": "INTEGER (LONG)", "count": 1829, "max_value": 428, "min_value": 6, "mean": 38.61782394751234, "stddev": 25.99097562756905}, {"type": "TEXT", "count": 10, "shortest_values": [["s", 1], ["s", 1], ["s", 1], ["s", 1], ["s", 1]], "longest_values": [["s", 1], ["s", 1], ["s", 1], ["s", 1], ["s", 1]], "average_length": 1.0}]}, {"column_name": "#Female", "number_non_empty_cells": 1839, "number_empty_cells": 0, "number_distinct_values": 69, "frequent_values": ["s", "8", "15", "9", "18"], "dataTypes": [{"type": "INTEGER (LONG)", "count": 1603, "max_value": 213, "min_value": 6, "mean": 21.10417966313166, "stddev": 13.590885399286153}, {"type": "TEXT", "count": 236, "shortest_values": [["s", 1], ["s", 1], ["s", 1], ["s", 1], ["s", 1]], "longest_values": [["s", 1], ["s", 1], ["s", 1], ["s", 1], ["s", 1]], "average_length": 1.0}]}, {"column_name": "%Female", "number_non_empty_cells": 1839, "number_empty_cells": 0, "number_distinct_values": 279, "frequent_values": ["s", "50.0%", "44.4%", "55.6%", "61.1%"], "dataTypes": [{"type": "TEXT", "count": 1839, "shortest_values": [["s", 1], ["s", 1], ["s", 1], ["s", 1], ["s", 1]], "longest_values": [["52.9%", 5], ["55.9%", 5], ["46.2%", 5], ["57.1%", 5], ["40.0%", 5]], "average_length": 4.486677542142467}]}, {"column_name": "#Male", "number_non_empty_cells": 1839, "number_empty_cells": 0, "number_distinct_values": 67, "frequent_values": ["s", "17", "15", "9", "10"], "dataTypes": [{"type": "INTEGER (LONG)", "count": 1603, "max_value": 215, "min_value": 6, "mean": 20.512788521522147, "stddev": 13.14320775403383}, {"type": "TEXT", "count": 236, "shortest_values": [["s", 1], ["s", 1], ["s", 1], ["s", 1], ["s", 1]], "longest_values": [["s", 1], ["s", 1], ["s", 1], ["s", 1], ["s", 1]], "average_length": 1.0}]}, {"column_name": "%Male", "number_non_empty_cells": 1839, "number_empty_cells": 0, "number_distinct_values": 279, "frequent_values": ["s", "50.0%", "55.6%", "44.4%", "38.9%"], "dataTypes": [{"type": "TEXT", "count": 1839, "shortest_values": [["s", 1], ["s", 1], ["s", 1], ["s", 1], ["s", 1]], "longest_values": [["47.1%", 5], ["44.1%", 5], ["53.8%", 5], ["42.9%", 5], ["60.0%", 5]], "average_length": 4.486677542142467}]}, {"column_name": "#Asian", "number_non_empty_cells": 1839, "number_empty_cells": 0, "number_distinct_values": 68, "frequent_values": ["s", "6", "7", "9", "8"], "dataTypes": [{"type": "INTEGER (LONG)", "count": 517, "max_value": 106, "min_value": 6, "mean": 20.017408123791125, "stddev": 16.746768118409346}, {"type": "TEXT", "count": 1322, "shortest_values": [["s", 1], ["s", 1], ["s", 1], ["s", 1], ["s", 1]], "longest_values": [["s", 1], ["s", 1], ["s", 1], ["s", 1], ["s", 1]], "average_length": 1.0}]}, {"column_name": "%Asian", "number_non_empty_cells": 1839, "number_empty_cells": 0, "number_distinct_values": 287, "frequent_values": ["s", "100.0%", "16.7%", "50.0%", "33.3%"], "dataTypes": [{"type": "TEXT", "count": 1839, "shortest_values": [["s", 1], ["s", 1], ["s", 1], ["s", 1], ["s", 1]], "longest_values": [["100.0%", 6], ["100.0%", 6], ["100.0%", 6], ["100.0%", 6], ["100.0%", 6]], "average_length": 2.123980424143553}]}, {"column_name": "#Black", "number_non_empty_cells": 1839, "number_empty_cells": 0, "number_distinct_values": 62, "frequent_values": ["s", "7", "10", "12", "6"], "dataTypes": [{"type": "INTEGER (LONG)", "count": 729, "max_value": 100, "min_value": 6, "mean": 18.805212620027454, "stddev": 13.01810178944437}, {"type": "TEXT", "count": 1110, "shortest_values": [["s", 1], ["s", 1], ["s", 1], ["s", 1], ["s", 1]], "longest_values": [["s", 1], ["s", 1], ["s", 1], ["s", 1], ["s", 1]], "average_length": 1.0}]}, {"column_name": "%Black", "number_non_empty_cells": 1839, "number_empty_cells": 0, "number_distinct_values": 363, "frequent_values": ["s", "33.3%", "50.0%", "100.0%", "83.3%"], "dataTypes": [{"type": "TEXT", "count": 1839, "shortest_values": [["s", 1], ["s", 1], ["s", 1], ["s", 1], ["s", 1]], "longest_values": [["100.0%", 6], ["100.0%", 6], ["100.0%", 6], ["100.0%", 6], ["100.0%", 6]], "average_length": 2.5872756933115832}]}, {"column_name": "#Hispanic", "number_non_empty_cells": 1839, "number_empty_cells": 0, "number_distinct_values": 84, "frequent_values": ["s", "8", "7", "6", "9"], "dataTypes": [{"type": "INTEGER (LONG)", "count": 1177, "max_value": 146, "min_value": 6, "mean": 21.35853865760414, "stddev": 17.17352828193365}, {"type": "TEXT", "count": 662, "shortest_values": [["s", 1], ["s", 1], ["s", 1], ["s", 1], ["s", 1]], "longest_values": [["s", 1], ["s", 1], ["s", 1], ["s", 1], ["s", 1]], "average_length": 1.0}]}, {"column_name": "%Hispanic", "number_non_empty_cells": 1839, "number_empty_cells": 0, "number_distinct_values": 485, "frequent_values": ["s", "50.0%", "16.7%", "100.0%", "66.7%"], "dataTypes": [{"type": "TEXT", "count": 1839, "shortest_values": [["s", 1], ["s", 1], ["s", 1], ["s", 1], ["s", 1]], "longest_values": [["100.0%", 6], ["100.0%", 6], ["100.0%", 6], ["100.0%", 6], ["100.0%", 6]], "average_length": 3.569331158238176}]}, {"column_name": "#Other", "number_non_empty_cells": 1839, "number_empty_cells": 0, "number_distinct_values": 16, "frequent_values": ["s", "6", "7", "10", "8"], "dataTypes": [{"type": "INTEGER (LONG)", "count": 57, "max_value": 40, "min_value": 6, "mean": 10.245614035087716, "stddev": 6.044515280304791}, {"type": "TEXT", "count": 1782, "shortest_values": [["s", 1], ["s", 1], ["s", 1], ["s", 1], ["s", 1]], "longest_values": [["s", 1], ["s", 1], ["s", 1], ["s", 1], ["s", 1]], "average_length": 1.0}]}, {"column_name": "%Other", "number_non_empty_cells": 1839, "number_empty_cells": 0, "number_distinct_values": 50, "frequent_values": ["s", "16.7%", "22.2%", "13.2%", "13.5%"], "dataTypes": [{"type": "TEXT", "count": 1839, "shortest_values": [["s", 1], ["s", 1], ["s", 1], ["s", 1], ["s", 1]], "longest_values": [["16.7%", 5], ["14.9%", 5], ["15.0%", 5], ["16.7%", 5], ["19.2%", 5]], "average_length": 1.1201740076128326}]}, {"column_name": "#White", "number_non_empty_cells": 1839, "number_empty_cells": 0, "number_distinct_values": 68, "frequent_values": ["s", "10", "9", "7", "8"], "dataTypes": [{"type": "INTEGER (LONG)", "count": 608, "max_value": 254, "min_value": 6, "mean": 21.876644736842106, "stddev": 18.62942584094479}, {"type": "TEXT", "count": 1231, "shortest_values": [["s", 1], ["s", 1], ["s", 1], ["s", 1], ["s", 1]], "longest_values": [["s", 1], ["s", 1], ["s", 1], ["s", 1], ["s", 1]], "average_length": 1.0}]}, {"column_name": "%White", "number_non_empty_cells": 1839, "number_empty_cells": 0, "number_distinct_values": 289, "frequent_values": ["s", "100.0%", "50.0%", "33.3%", "25.0%"], "dataTypes": [{"type": "TEXT", "count": 1839, "shortest_values": [["s", 1], ["s", 1], ["s", 1], ["s", 1], ["s", 1]], "longest_values": [["100.0%", 6], ["100.0%", 6], ["100.0%", 6], ["100.0%", 6], ["100.0%", 6]], "average_length": 2.3512778684067452}]}]}