{"dataset_name": "/user/hm74/NYCOpenData/auuc-fqzi.tsv.gz", "columns": [{"column_name": "SchoolName", "number_non_empty_cells": 1, "number_empty_cells": 1, "number_distinct_values": 2, "frequent_values": ["HANAC NYC Taxi Academy", "American Master Cabbie Taxi Academy"], "dataTypes": [{"type": "TEXT", "count": 2, "shortest_values": [["HANAC NYC Taxi Academy", 22], ["American Master Cabbie Taxi Academy", 35]], "longest_values": [["American Master Cabbie Taxi Academy", 35], ["HANAC NYC Taxi Academy", 22]], "average_length": 28.5}]}, {"column_name": "Number", "number_non_empty_cells": 2, "number_empty_cells": 0, "number_distinct_values": 2, "frequent_values": ["24-29", "33-24"], "dataTypes": [{"type": "TEXT", "count": 2, "shortest_values": [["24-29", 5], ["33-24", 5]], "longest_values": [["24-29", 5], ["33-24", 5]], "average_length": 5.0}]}, {"column_name": "Street", "number_non_empty_cells": 2, "number_empty_cells": 0, "number_distinct_values": 2, "frequent_values": ["Jackson Avenue", "Northern Boulevard"], "dataTypes": [{"type": "TEXT", "count": 2, "shortest_values": [["Jackson Avenue", 14], ["Northern Boulevard", 18]], "longest_values": [["Northern Boulevard", 18], ["Jackson Avenue", 14]], "average_length": 16.0}]}, {"column_name": "SuiteApt", "number_non_empty_cells": 1, "number_empty_cells": 1, "number_distinct_values": 2, "frequent_values": ["4th Floor", null], "dataTypes": [{"type": "TEXT", "count": 1, "shortest_values": [["4th Floor", 9]], "longest_values": [["4th Floor", 9]], "average_length": 9.0}]}, {"column_name": "City", "number_non_empty_cells": 2, "number_empty_cells": 0, "number_distinct_values": 1, "frequent_values": ["Long Island City"], "dataTypes": [{"type": "TEXT", "count": 2, "shortest_values": [["Long Island City", 16], ["Long Island City", 16]], "longest_values": [["Long Island City", 16], ["Long Island City", 16]], "average_length": 16.0}]}, {"column_name": "State", "number_non_empty_cells": 2, "number_empty_cells": 0, "number_distinct_values": 1, "frequent_values": ["NY "], "dataTypes": [{"type": "TEXT", "count": 2, "shortest_values": [["NY ", 3], ["NY ", 3]], "longest_values": [["NY ", 3], ["NY ", 3]], "average_length": 3.0}]}, {"column_name": "Postcode", "number_non_empty_cells": 2, "number_empty_cells": 0, "number_distinct_values": 1, "frequent_values": [11101], "dataTypes": [{"type": "INTEGER (LONG)", "count": 2, "max_value": 11101, "min_value": 11101, "mean": 11101.0, "stddev": 0.0}]}, {"column_name": "Latitude", "number_non_empty_cells": 2, "number_empty_cells": 0, "number_distinct_values": 2, "frequent_values": [40.751777, 40.746598], "dataTypes": [{"type": "REAL", "count": 2, "max_value": 40.751777, "min_value": 40.746598, "mean": 40.7491875, "stddev": 0.002589499999999134}]}, {"column_name": "Longitude", "number_non_empty_cells": 2, "number_empty_cells": 0, "number_distinct_values": 2, "frequent_values": [-73.930235, -73.944532], "dataTypes": [{"type": "REAL", "count": 2, "max_value": -73.930235, "min_value": -73.944532, "mean": -73.9373835, "stddev": 0.007148499999999558}]}, {"column_name": "Contact", "number_non_empty_cells": 2, "number_empty_cells": 0, "number_distinct_values": 2, "frequent_values": ["Hasain Shakil", "Terry Gelber"], "dataTypes": [{"type": "TEXT", "count": 2, "shortest_values": [["Terry Gelber", 12], ["Hasain Shakil", 13]], "longest_values": [["Hasain Shakil", 13], ["Terry Gelber", 12]], "average_length": 12.5}]}, {"column_name": "Telephone", "number_non_empty_cells": 2, "number_empty_cells": 0, "number_distinct_values": 2, "frequent_values": ["(718) 472-1699", "(718) 433-0439"], "dataTypes": [{"type": "TEXT", "count": 2, "shortest_values": [["(718) 472-1699", 14], ["(718) 433-0439", 14]], "longest_values": [["(718) 472-1699", 14], ["(718) 433-0439", 14]], "average_length": 14.0}]}, {"column_name": "Email", "number_non_empty_cells": 0, "number_empty_cells": 2, "number_distinct_values": 1, "frequent_values": [null], "dataTypes": []}, {"column_name": "Web", "number_non_empty_cells": 2, "number_empty_cells": 0, "number_distinct_values": 2, "frequent_values": ["http://www.mastercabbie.com", "http://www.hanactaxi.com"], "dataTypes": [{"type": "TEXT", "count": 2, "shortest_values": [["http://www.hanactaxi.com", 24], ["http://www.mastercabbie.com", 27]], "longest_values": [["http://www.mastercabbie.com", 27], ["http://www.hanactaxi.com", 24]], "average_length": 25.5}]}, {"column_name": "LanguagesOffered", "number_non_empty_cells": 1, "number_empty_cells": 1, "number_distinct_values": 2, "frequent_values": ["English, Spanish, Bengali, Urdu", null], "dataTypes": [{"type": "TEXT", "count": 1, "shortest_values": [["English, Spanish, Bengali, Urdu", 31]], "longest_values": [["English, Spanish, Bengali, Urdu", 31]], "average_length": 31.0}]}, {"column_name": "CoursePrice", "number_non_empty_cells": 1, "number_empty_cells": 1, "number_distinct_values": 2, "frequent_values": ["$175 ", null], "dataTypes": [{"type": "TEXT", "count": 1, "shortest_values": [["$175 ", 5]], "longest_values": [["$175 ", 5]], "average_length": 5.0}]}, {"column_name": "ExamPrice", "number_non_empty_cells": 1, "number_empty_cells": 1, "number_distinct_values": 2, "frequent_values": ["$75 ", null], "dataTypes": [{"type": "TEXT", "count": 1, "shortest_values": [["$75 ", 4]], "longest_values": [["$75 ", 4]], "average_length": 4.0}]}, {"column_name": "date", "number_non_empty_cells": 2, "number_empty_cells": 0, "number_distinct_values": 1, "frequent_values": ["07/24/2018"], "dataTypes": [{"type": "DATE/TIME", "count": 2, "max_value": "2018-07-24T00:00:00", "min_value": "2018-07-24T00:00:00"}]}, {"column_name": "time", "number_non_empty_cells": 2, "number_empty_cells": 0, "number_distinct_values": 1, "frequent_values": ["58:17.4"], "dataTypes": [{"type": "TEXT", "count": 2, "shortest_values": [["58:17.4", 7], ["58:17.4", 7]], "longest_values": [["58:17.4", 7], ["58:17.4", 7]], "average_length": 7.0}]}, {"column_name": "Borough", "number_non_empty_cells": 2, "number_empty_cells": 0, "number_distinct_values": 1, "frequent_values": ["Queens"], "dataTypes": [{"type": "TEXT", "count": 2, "shortest_values": [["Queens", 6], ["Queens", 6]], "longest_values": [["Queens", 6], ["Queens", 6]], "average_length": 6.0}]}, {"column_name": "Community Board", "number_non_empty_cells": 2, "number_empty_cells": 0, "number_distinct_values": 2, "frequent_values": [1, 2], "dataTypes": [{"type": "INTEGER (LONG)", "count": 2, "max_value": 2, "min_value": 1, "mean": 1.5, "stddev": 0.5}]}, {"column_name": "Council District ", "number_non_empty_cells": 2, "number_empty_cells": 0, "number_distinct_values": 1, "frequent_values": [26], "dataTypes": [{"type": "INTEGER (LONG)", "count": 2, "max_value": 26, "min_value": 26, "mean": 26.0, "stddev": 0.0}]}, {"column_name": "Census Tract", "number_non_empty_cells": 2, "number_empty_cells": 0, "number_distinct_values": 2, "frequent_values": [19, 171], "dataTypes": [{"type": "INTEGER (LONG)", "count": 2, "max_value": 171, "min_value": 19, "mean": 95.0, "stddev": 76.0}]}, {"column_name": "BIN", "number_non_empty_cells": 2, "number_empty_cells": 0, "number_distinct_values": 2, "frequent_values": [4445806, 4000677], "dataTypes": [{"type": "INTEGER (LONG)", "count": 2, "max_value": 4445806, "min_value": 4000677, "mean": 4223241.5, "stddev": 222564.5}]}, {"column_name": "BBL", "number_non_empty_cells": 2, "number_empty_cells": 0, "number_distinct_values": 2, "frequent_values": [4000800001, 4002140238], "dataTypes": [{"type": "INTEGER (LONG)", "count": 2, "max_value": 4002140238, "min_value": 4000800001, "mean": 4001470119.5, "stddev": 670118.5}]}, {"column_name": "NTA", "number_non_empty_cells": 2, "number_empty_cells": 0, "number_distinct_values": 1, "frequent_values": ["Hunters Point-Sunnyside-West Maspeth"], "dataTypes": [{"type": "TEXT", "count": 2, "shortest_values": [["Hunters Point-Sunnyside-West Maspeth", 36], ["Hunters Point-Sunnyside-West Maspeth", 36]], "longest_values": [["Hunters Point-Sunnyside-West Maspeth", 36], ["Hunters Point-Sunnyside-West Maspeth", 36]], "average_length": 36.0}]}, {"column_name": "Location 1", "number_non_empty_cells": 2, "number_empty_cells": 0, "number_distinct_values": 2, "frequent_values": ["(40.751777, -73.930235)", "(40.746598, -73.944532)"], "dataTypes": [{"type": "TEXT", "count": 2, "shortest_values": [["(40.746598, -73.944532)", 23], ["(40.751777, -73.930235)", 23]], "longest_values": [["(40.746598, -73.944532)", 23], ["(40.751777, -73.930235)", 23]], "average_length": 23.0}]}]}