{"dataset_name": "/user/hm74/NYCOpenData/av3y-hmjv.tsv.gz", "columns": [{"column_name": "Heating or Cooling Degree Days", "number_non_empty_cells": 26, "number_empty_cells": 0, "number_distinct_values": 2, "frequent_values": ["Cooling degree days", "Heating degree days"], "dataTypes": [{"type": "TEXT", "count": 26, "shortest_values": [["Heating degree days", 19], ["Heating degree days", 19], ["Heating degree days", 19], ["Heating degree days", 19], ["Heating degree days", 19]], "longest_values": [["Heating degree days", 19], ["Heating degree days", 19], ["Heating degree days", 19], ["Heating degree days", 19], ["Heating degree days", 19]], "average_length": 19.0}]}, {"column_name": "Calendar Year", "number_non_empty_cells": 26, "number_empty_cells": 0, "number_distinct_values": 13, "frequent_values": [2007, 2015, 2006, 2013, 2014], "dataTypes": [{"type": "INTEGER (LONG)", "count": 26, "max_value": 2016, "min_value": 2004, "mean": 2010.0, "stddev": 3.7416573867739418}]}, {"column_name": "Calendar Year Annual Total", "number_non_empty_cells": 26, "number_empty_cells": 0, "number_distinct_values": 26, "frequent_values": [1212, 876, 1331, 1163, 1489], "dataTypes": [{"type": "INTEGER (LONG)", "count": 26, "max_value": 4875, "min_value": 876, "mean": 2889.2307692307686, "stddev": 1636.1106626972748}]}, {"column_name": "Calendar Year % Change from Previous Year", "number_non_empty_cells": 26, "number_empty_cells": 0, "number_distinct_values": 25, "frequent_values": ["n/a", "-15.8%", "-8.5%", "-6.6%", "40.2%"], "dataTypes": [{"type": "TEXT", "count": 26, "shortest_values": [["n/a", 3], ["18%", 3], ["n/a", 3], ["-4%", 3], ["3.5%", 4]], "longest_values": [["-15.8%", 6], ["-23.2%", 6], ["-24.7%", 6], ["-14.1%", 6], ["-11.3%", 6]], "average_length": 4.769230769230769}]}, {"column_name": "Calendar Year % Change From Base Year", "number_non_empty_cells": 26, "number_empty_cells": 0, "number_distinct_values": 23, "frequent_values": ["n/a", "-15.80%", "-6.00%", "7.40%", "-13.20%"], "dataTypes": [{"type": "TEXT", "count": 26, "shortest_values": [["n/a", 3], ["n/a", 3], ["n/a", 3], ["n/a", 3], ["0.60%", 5]], "longest_values": [["-15.80%", 7], ["-16.00%", 7], ["-10.20%", 7], ["-23.20%", 7], ["-17.70%", 7]], "average_length": 5.730769230769231}]}, {"column_name": "Fiscal Year", "number_non_empty_cells": 24, "number_empty_cells": 2, "number_distinct_values": 13, "frequent_values": [2015, 2007, 2006, 2013, 2014], "dataTypes": [{"type": "INTEGER (LONG)", "count": 24, "max_value": 2016, "min_value": 2005, "mean": 2010.4999999999998, "stddev": 3.4520525295346745}]}, {"column_name": "Fiscal Year Annual Total", "number_non_empty_cells": 24, "number_empty_cells": 2, "number_distinct_values": 25, "frequent_values": [4637, 4713, 1051, 4726, 1435], "dataTypes": [{"type": "INTEGER (LONG)", "count": 24, "max_value": 4974, "min_value": 1051, "mean": 2874.7083333333344, "stddev": 1644.3307270529726}]}, {"column_name": "Fiscal Year % Change from Previous Year", "number_non_empty_cells": 24, "number_empty_cells": 2, "number_distinct_values": 23, "frequent_values": ["0.2%", "n/a", "2.1%", "4.7%", "-9.6%"], "dataTypes": [{"type": "TEXT", "count": 24, "shortest_values": [["8%", 2], ["7%", 2], ["n/a", 3], ["n/a", 3], ["-4%", 3]], "longest_values": [["-21.4%", 6], ["-24.2%", 6], ["-12.6%", 6], ["-9.6%", 5], ["-9.5%", 5]], "average_length": 4.333333333333334}]}, {"column_name": "Fiscal Year % Change From Base Year", "number_non_empty_cells": 24, "number_empty_cells": 2, "number_distinct_values": 22, "frequent_values": ["n/a", "-22.50%", "-12.80%", "16.50%", "10.90%"], "dataTypes": [{"type": "TEXT", "count": 24, "shortest_values": [["n/a", 3], ["n/a", 3], ["n/a", 3], ["n/a", 3], ["4.70%", 5]], "longest_values": [["-12.80%", 7], ["-11.60%", 7], ["-18.00%", 7], ["-16.20%", 7], ["-26.80%", 7]], "average_length": 5.624999999999999}]}]}