{"dataset_name": "/user/hm74/NYCOpenData/avir-tzek.tsv.gz", "columns": [{"column_name": "Demographic", "number_non_empty_cells": 385, "number_empty_cells": 0, "number_distinct_values": 11, "frequent_values": ["Female", "Borough Total", "General Education", "Special Education", "English Language Learners"], "dataTypes": [{"type": "TEXT", "count": 385, "shortest_values": [["Male", 4], ["Male", 4], ["Male", 4], ["Male", 4], ["Male", 4]], "longest_values": [["English Proficient Students", 27], ["English Proficient Students", 27], ["English Proficient Students", 27], ["English Proficient Students", 27], ["English Proficient Students", 27]], "average_length": 11.999999999999995}]}, {"column_name": "Borough", "number_non_empty_cells": 385, "number_empty_cells": 0, "number_distinct_values": 5, "frequent_values": ["Queens", "Brooklyn", "Staten Island", "Manhattan", "Bronx"], "dataTypes": [{"type": "TEXT", "count": 385, "shortest_values": [["Bronx", 5], ["Bronx", 5], ["Bronx", 5], ["Bronx", 5], ["Bronx", 5]], "longest_values": [["Staten Island", 13], ["Staten Island", 13], ["Staten Island", 13], ["Staten Island", 13], ["Staten Island", 13]], "average_length": 8.199999999999989}]}, {"column_name": "Cohort", "number_non_empty_cells": 385, "number_empty_cells": 0, "number_distinct_values": 7, "frequent_values": ["2005", "2002", "2006", "2004", "2001"], "dataTypes": [{"type": "INTEGER (LONG)", "count": 330, "max_value": 2006, "min_value": 2001, "mean": 2003.4999999999998, "stddev": 1.7078251276599308}, {"type": "DATE/TIME", "count": 55, "max_value": "2006-08-07T00:00:00", "min_value": "2006-08-07T00:00:00"}]}, {"column_name": "Total_Cohort", "number_non_empty_cells": 385, "number_empty_cells": 0, "number_distinct_values": 324, "frequent_values": [153, 778, 636, 2387, 17213], "dataTypes": [{"type": "INTEGER (LONG)", "count": 385, "max_value": 22353, "min_value": 153, "mean": 6664.6, "stddev": 5760.551902311164}]}, {"column_name": "Total_Grads_-_n", "number_non_empty_cells": 385, "number_empty_cells": 0, "number_distinct_values": 379, "frequent_values": [691, 429, 479, 4091, 349], "dataTypes": [{"type": "INTEGER (LONG)", "count": 385, "max_value": 14043, "min_value": 36, "mean": 3824.548051948052, "stddev": 3505.257232853278}]}, {"column_name": "Total_Grads_-_%_of_cohort", "number_non_empty_cells": 385, "number_empty_cells": 0, "number_distinct_values": 289, "frequent_values": [51.7, 50.1, 45.3, 41.3, 64.2], "dataTypes": [{"type": "REAL", "count": 385, "max_value": 89.5, "min_value": 13.7, "mean": 55.84831168831167, "stddev": 16.703333628125282}]}, {"column_name": "Total_Regents_-_n", "number_non_empty_cells": 385, "number_empty_cells": 0, "number_distinct_values": 367, "frequent_values": [396, 1968, 1398, 3861, 1708], "dataTypes": [{"type": "INTEGER (LONG)", "count": 385, "max_value": 10945, "min_value": 15, "mean": 2828.4727272727278, "stddev": 2725.5862679067127}]}, {"column_name": "Total_Regents_-_%_of_cohort", "number_non_empty_cells": 385, "number_empty_cells": 0, "number_distinct_values": 291, "frequent_values": [44.9, 51.4, 55.0, 37.1, 30.9], "dataTypes": [{"type": "REAL", "count": 385, "max_value": 83.4, "min_value": 1.8, "mean": 41.17714285714282, "stddev": 19.047118530220455}]}, {"column_name": "Total_Regents_-_%_of_grads", "number_non_empty_cells": 385, "number_empty_cells": 0, "number_distinct_values": 272, "frequent_values": [80.1, 79.6, 72.2, 83.8, 72.1], "dataTypes": [{"type": "REAL", "count": 385, "max_value": 95.3, "min_value": 12.9, "mean": 68.79896103896104, "stddev": 17.7676284938982}]}, {"column_name": "Advanced_Regents_-_n", "number_non_empty_cells": 385, "number_empty_cells": 0, "number_distinct_values": 331, "frequent_values": [13, 8, 17, 85, 461], "dataTypes": [{"type": "INTEGER (LONG)", "count": 385, "max_value": 3763, "min_value": 1, "mean": 1050.2467532467526, "stddev": 1036.4323491851796}]}, {"column_name": "Advanced_Regents_-_%_of_cohort", "number_non_empty_cells": 385, "number_empty_cells": 0, "number_distinct_values": 231, "frequent_values": [8.0, 0.6, 1.4, 8.1, 17.9], "dataTypes": [{"type": "REAL", "count": 385, "max_value": 61.0, "min_value": 0.1, "mean": 16.98285714285712, "stddev": 13.236804932601661}]}, {"column_name": "Advanced_Regents_-_%_of_grads", "number_non_empty_cells": 385, "number_empty_cells": 0, "number_distinct_values": 263, "frequent_values": [19.8, 29.3, 33.2, 28.5, 26.7], "dataTypes": [{"type": "REAL", "count": 385, "max_value": 70.4, "min_value": 0.4, "mean": 26.553766233766236, "stddev": 15.671668293904913}]}, {"column_name": "Regents_w/o_Advanced_-_n", "number_non_empty_cells": 385, "number_empty_cells": 0, "number_distinct_values": 364, "frequent_values": [122, 756, 601, 2606, 539], "dataTypes": [{"type": "INTEGER (LONG)", "count": 385, "max_value": 7182, "min_value": 12, "mean": 1778.225974025976, "stddev": 1749.42619115137}]}, {"column_name": "Regents_w/o_Advanced_-_%_of_cohort", "number_non_empty_cells": 385, "number_empty_cells": 0, "number_distinct_values": 234, "frequent_values": [19.9, 24.4, 21.4, 22.4, 8.4], "dataTypes": [{"type": "REAL", "count": 385, "max_value": 45.6, "min_value": 1.5, "mean": 24.192727272727264, "stddev": 9.377112179222543}]}, {"column_name": "Regents_w/o_Advanced_-_%_of_grads", "number_non_empty_cells": 385, "number_empty_cells": 0, "number_distinct_values": 235, "frequent_values": [42.0, 43.5, 45.2, 52.9, 44.1], "dataTypes": [{"type": "REAL", "count": 385, "max_value": 66.3, "min_value": 11.0, "mean": 42.242077922077904, "stddev": 10.535816259486893}]}, {"column_name": "Local_-_n", "number_non_empty_cells": 385, "number_empty_cells": 0, "number_distinct_values": 353, "frequent_values": [122, 2226, 296, 148, 34], "dataTypes": [{"type": "INTEGER (LONG)", "count": 385, "max_value": 3591, "min_value": 21, "mean": 996.8415584415573, "stddev": 878.4056828865812}]}, {"column_name": "Local_-_%_of_cohort", "number_non_empty_cells": 385, "number_empty_cells": 0, "number_distinct_values": 149, "frequent_values": [15.2, 14.4, 13.7, 13.9, 15.4], "dataTypes": [{"type": "REAL", "count": 385, "max_value": 27.6, "min_value": 3.8, "mean": 14.683116883116881, "stddev": 3.994600335888584}]}, {"column_name": "Local_-_%_of_grads", "number_non_empty_cells": 385, "number_empty_cells": 0, "number_distinct_values": 271, "frequent_values": [22.4, 17.5, 19.9, 29.2, 25.1], "dataTypes": [{"type": "REAL", "count": 385, "max_value": 87.7, "min_value": 4.7, "mean": 31.237662337662346, "stddev": 17.814098013703322}]}, {"column_name": "Still_Enrolled_-_n", "number_non_empty_cells": 385, "number_empty_cells": 0, "number_distinct_values": 368, "frequent_values": [238, 3512, 799, 78, 580], "dataTypes": [{"type": "INTEGER (LONG)", "count": 385, "max_value": 6571, "min_value": 21, "mean": 1708.3818181818185, "stddev": 1514.9866699278343}]}, {"column_name": "Still_Enrolled_-_%_of_cohort", "number_non_empty_cells": 385, "number_empty_cells": 0, "number_distinct_values": 234, "frequent_values": [18.2, 26.2, 22.7, 24.5, 26.8], "dataTypes": [{"type": "REAL", "count": 385, "max_value": 50.7, "min_value": 4.8, "mean": 25.680779220779222, "stddev": 8.812476068492332}]}, {"column_name": "Dropped_Out_-_n", "number_non_empty_cells": 385, "number_empty_cells": 0, "number_distinct_values": 340, "frequent_values": [87, 989, 1052, 235, 77], "dataTypes": [{"type": "INTEGER (LONG)", "count": 385, "max_value": 3547, "min_value": 6, "mean": 909.1194805194808, "stddev": 774.0292831533905}]}, {"column_name": "Dropped_Out_-_%_of_cohort", "number_non_empty_cells": 385, "number_empty_cells": 0, "number_distinct_values": 182, "frequent_values": [13.5, 10.8, 16.1, 12.5, 8.8], "dataTypes": [{"type": "REAL", "count": 385, "max_value": 38.3, "min_value": 1.6, "mean": 14.195584415584419, "stddev": 6.099840852406904}]}]}