{"dataset_name": "/user/hm74/NYCOpenData/avsi-2fp7.tsv.gz", "columns": [{"column_name": "DBN", "number_non_empty_cells": 15055, "number_empty_cells": 0, "number_distinct_values": 467, "frequent_values": ["28Q470", "01M450", "10X440", "02M529", "31R470"], "dataTypes": [{"type": "DATE/TIME", "count": 47, "min_value": "2019-12-09T00:02:47", "max_value": "2019-12-09T00:01:56"}, {"type": "TEXT", "count": "15008", "shortest_values": [["01M292", 6], ["01M292", 6], ["01M292", 6], ["01M292", 6], ["01M292", 6]], "longest_values": [["01M292", 6], ["01M292", 6], ["01M292", 6], ["01M292", 6], ["01M292", 6]], "average_length": "6.0"}]}, {"column_name": "School_Name", "number_non_empty_cells": 15055, "number_empty_cells": 0, "number_distinct_values": 467, "frequent_values": ["EDWARD R MURROW HIGH SCHOOL", "EBC/ENY HIGH SCHOOL FOR PUBLIC SAFETY", "SECONDARY SCHOOL FOR RESEARCH", "FIORELLO H LAGUARDIA HIGH SCHOOL OF MUSIC", "JACQUELINE KENNEDY-ONASSIS HIGH SCHOOL"], "dataTypes": [{"type": "TEXT", "count": "15055", "shortest_values": [["NYC ISCHOOL", 11], ["WINGS ACADEMY", 13], ["WINGS ACADEMY", 13], ["WINGS ACADEMY", 13], ["WINGS ACADEMY", 13]], "longest_values": [["NEW EXPLORATIONS INTO SCIENCE,TECH AND MATH SCHOOL", 50], ["NEW EXPLORATIONS INTO SCIENCE,TECH AND MATH SCHOOL", 50], ["NEW EXPLORATIONS INTO SCIENCE,TECH AND MATH SCHOOL", 50], ["NEW EXPLORATIONS INTO SCIENCE,TECH AND MATH SCHOOL", 50], ["NEW EXPLORATIONS INTO SCIENCE,TECH AND MATH SCHOOL", 50]], "average_length": "33.57163732979077"}]}, {"column_name": "Cohort_Year", "number_non_empty_cells": 15055, "number_empty_cells": 0, "number_distinct_values": 7, "frequent_values": [2006, 2005, 2004, 2003, 2002], "dataTypes": [{"type": "INTEGER (LONG)", "count": ["15055"], "mean": ["2004.2919295914978"], "stddev": ["1.8368410248401892"], "min_value": ["2001"], "max_value": ["2007"]}]}, {"column_name": "Cohort_Category", "number_non_empty_cells": 15055, "number_empty_cells": 0, "number_distinct_values": 6, "frequent_values": ["4 Year  June", "6 Year", "5 Year", "4 Year August", "5 Year August"], "dataTypes": [{"type": "TEXT", "count": "15055", "shortest_values": [["6 Year", 6], ["6 Year", 6], ["5 Year", 6], ["5 Year", 6], ["6 Year", 6]], "longest_values": [["4 Year August", 13], ["4 Year August", 13], ["5 Year August", 13], ["4 Year August", 13], ["4 Year August", 13]], "average_length": "9.666157422783128"}]}, {"column_name": "Demographic", "number_non_empty_cells": 15055, "number_empty_cells": 0, "number_distinct_values": 2, "frequent_values": ["Not Student with Disability", "Student with Disability"], "dataTypes": [{"type": "TEXT", "count": "15055", "shortest_values": [["Student with Disability", 23], ["Student with Disability", 23], ["Student with Disability", 23], ["Student with Disability", 23], ["Student with Disability", 23]], "longest_values": [["Not Student with Disability", 27], ["Not Student with Disability", 27], ["Not Student with Disability", 27], ["Not Student with Disability", 27], ["Not Student with Disability", 27]], "average_length": "25.10534706077715"}]}, {"column_name": "Total_Cohort_Num", "number_non_empty_cells": 15055, "number_empty_cells": 0, "number_distinct_values": 743, "frequent_values": ["1", "2", "3", "4", "8"], "dataTypes": [{"type": "INTEGER (LONG)", "count": "15005", "mean": "99.79626791069643", "stddev": "168.23773624396674", "min_value": "1", "max_value": "996"}, {"type": "DATE/TIME", "count": 50, "min_value": "2060-01-09T00:00:00", "max_value": "0112-01-09T00:00:00"}]}, {"column_name": "Total_Grads_Num", "number_non_empty_cells": 15055, "number_empty_cells": 0, "number_distinct_values": 729, "frequent_values": [" s ", "11", "10", "8", "9"], "dataTypes": [{"type": "INTEGER (LONG)", "count": "9192", "mean": "108.88435596170584", "stddev": "154.51097359334904", "min_value": "1", "max_value": "997"}, {"type": "DATE/TIME", "count": 7, "min_value": "2057-01-09T00:00:00", "max_value": "1989-01-09T00:00:00"}, {"type": "TEXT", "count": "5856", "shortest_values": [[" s ", 3], [" s ", 3], [" s ", 3], [" s ", 3], [" s ", 3]], "longest_values": [[" -   ", 5], [" -   ", 5], [" -   ", 5], [" -   ", 5], [" -   ", 5]], "average_length": "3.0044398907103824"}]}, {"column_name": "Total_Grads_Pct_of_cohort", "number_non_empty_cells": 15055, "number_empty_cells": 0, "number_distinct_values": 963, "frequent_values": ["s", "100.00%", "50.00%", "33.30%", "75.00%"], "dataTypes": [{"type": "TEXT", "count": "15055", "shortest_values": [["s", 1], ["s", 1], ["s", 1], ["s", 1], ["s", 1]], "longest_values": [["100.00%", 7], ["100.00%", 7], ["100.00%", 7], ["100.00%", 7], ["100.00%", 7]], "average_length": "4.054001992693458"}]}, {"column_name": "Total_Regents_Num", "number_non_empty_cells": 15055, "number_empty_cells": 0, "number_distinct_values": 635, "frequent_values": [" s ", " -   ", "1", "2", "3"], "dataTypes": [{"type": "INTEGER (LONG)", "count": "8682", "mean": "82.52787376180603", "stddev": "135.89019846128338", "min_value": "1", "max_value": "997"}, {"type": "DATE/TIME", "count": 5, "min_value": "2057-01-09T00:00:00", "max_value": "1989-01-09T00:00:00"}, {"type": "TEXT", "count": "6368", "shortest_values": [[" s ", 3], [" s ", 3], [" s ", 3], [" s ", 3], [" s ", 3]], "longest_values": [[" -   ", 5], [" -   ", 5], [" -   ", 5], [" -   ", 5], [" -   ", 5]], "average_length": "3.164886934673367"}]}, {"column_name": "Total_Regents_Pct_of_cohort", "number_non_empty_cells": 15055, "number_empty_cells": 0, "number_distinct_values": 988, "frequent_values": ["s", "0.00%", "100.00%", "4.80%", "50.00%"], "dataTypes": [{"type": "TEXT", "count": "15055", "shortest_values": [["s", 1], ["s", 1], ["s", 1], ["s", 1], ["s", 1]], "longest_values": [["100.00%", 7], ["100.00%", 7], ["100.00%", 7], ["100.00%", 7], ["100.00%", 7]], "average_length": "3.9264031883095316"}]}, {"column_name": "Total_Regents_Pct_of_grads", "number_non_empty_cells": 15042, "number_empty_cells": 13, "number_distinct_values": 910, "frequent_values": ["s", "0.00%", "100.00%", "33.30%", "50.00%"], "dataTypes": [{"type": "TEXT", "count": "15042", "shortest_values": [["s", 1], ["s", 1], ["s", 1], ["s", 1], ["s", 1]], "longest_values": [["100.00%", 7], ["100.00%", 7], ["100.00%", 7], ["100.00%", 7], ["100.00%", 7]], "average_length": "4.032508974870363"}]}, {"column_name": "Advanced_Regents_Num", "number_non_empty_cells": 15055, "number_empty_cells": 0, "number_distinct_values": 358, "frequent_values": [" s ", " -   ", "1", "2", "3"], "dataTypes": [{"type": "INTEGER (LONG)", "count": "5396", "mean": "47.74184581171238", "stddev": "107.70147823298907", "min_value": "1", "max_value": "975"}, {"type": "TEXT", "count": "9659", "shortest_values": [[" s ", 3], [" s ", 3], [" s ", 3], [" s ", 3], [" s ", 3]], "longest_values": [[" -   ", 5], [" -   ", 5], [" -   ", 5], [" -   ", 5], [" -   ", 5]], "average_length": "3.790143907236774"}]}, {"column_name": "Advanced_Regents_Pct_of_cohort", "number_non_empty_cells": 15055, "number_empty_cells": 0, "number_distinct_values": 622, "frequent_values": ["s", "0.00%", "1.30%", "1.10%", "1.20%"], "dataTypes": [{"type": "TEXT", "count": "15055", "shortest_values": [["s", 1], ["s", 1], ["s", 1], ["s", 1], ["s", 1]], "longest_values": [["100.00%", 7], ["100.00%", 7], ["100.00%", 7], ["12.30%", 6], ["14.90%", 6]], "average_length": "3.6062437728329457"}]}, {"column_name": "Advanced_Regents_Pct_of_grads", "number_non_empty_cells": 15042, "number_empty_cells": 13, "number_distinct_values": 710, "frequent_values": ["s", "0.00%", "7.10%", "3.40%", "5.60%"], "dataTypes": [{"type": "TEXT", "count": "15042", "shortest_values": [["s", 1], ["s", 1], ["s", 1], ["s", 1], ["s", 1]], "longest_values": [["100.00%", 7], ["100.00%", 7], ["100.00%", 7], ["100.00%", 7], ["100.00%", 7]], "average_length": "3.646788990825688"}]}, {"column_name": "Regents_w/o_Advanced_Num", "number_non_empty_cells": 15055, "number_empty_cells": 0, "number_distinct_values": 391, "frequent_values": [" s ", " -   ", "1", "2", "3"], "dataTypes": [{"type": "INTEGER (LONG)", "count": "8624", "mean": "53.82247217068646", "stddev": "72.70437345594264", "min_value": "1", "max_value": "505"}, {"type": "TEXT", "count": "6431", "shortest_values": [[" s ", 3], [" s ", 3], [" s ", 3], [" s ", 3], [" s ", 3]], "longest_values": [[" -   ", 5], [" -   ", 5], [" -   ", 5], [" -   ", 5], [" -   ", 5]], "average_length": "3.1828642512828487"}]}, {"column_name": "Regents_w/o_Advanced_Pct_of_cohort", "number_non_empty_cells": 15055, "number_empty_cells": 0, "number_distinct_values": 849, "frequent_values": ["s", "0.00%", "50.00%", "4.80%", "4.50%"], "dataTypes": [{"type": "TEXT", "count": "15055", "shortest_values": [["s", 1], ["s", 1], ["s", 1], ["s", 1], ["s", 1]], "longest_values": [["32.60%", 6], ["49.00%", 6], ["33.30%", 6], ["34.00%", 6], ["49.00%", 6]], "average_length": "3.9040850215875125"}]}, {"column_name": "Regents_w/o_Advanced_Pct_of_grads", "number_non_empty_cells": 15042, "number_empty_cells": 13, "number_distinct_values": 933, "frequent_values": ["s", "0.00%", "100.00%", "33.30%", "50.00%"], "dataTypes": [{"type": "TEXT", "count": "15042", "shortest_values": [["s", 1], ["s", 1], ["s", 1], ["s", 1], ["s", 1]], "longest_values": [["100.00%", 7], ["100.00%", 7], ["100.00%", 7], ["100.00%", 7], ["100.00%", 7]], "average_length": "4.002127376678633"}]}, {"column_name": "Local_Num", "number_non_empty_cells": 15055, "number_empty_cells": 0, "number_distinct_values": 267, "frequent_values": [" s ", " -   ", "6", "9", "7"], "dataTypes": [{"type": "INTEGER (LONG)", "count": "8798", "mean": "32.58945214821551", "stddev": "41.91627209357367", "min_value": "1", "max_value": "330"}, {"type": "TEXT", "count": "6257", "shortest_values": [[" s ", 3], [" s ", 3], [" s ", 3], [" s ", 3], [" s ", 3]], "longest_values": [[" -   ", 5], [" -   ", 5], [" -   ", 5], [" -   ", 5], [" -   ", 5]], "average_length": "3.1323317883969954"}]}, {"column_name": "Local_Pct_of_cohort", "number_non_empty_cells": 15055, "number_empty_cells": 0, "number_distinct_values": 693, "frequent_values": ["s", "0.00%", "33.30%", "25.00%", "20.00%"], "dataTypes": [{"type": "TEXT", "count": "15055", "shortest_values": [["s", 1], ["s", 1], ["s", 1], ["s", 1], ["s", 1]], "longest_values": [["34.80%", 6], ["26.50%", 6], ["35.40%", 6], ["40.40%", 6], ["24.50%", 6]], "average_length": "3.9151112587180337"}]}, {"column_name": "Local_Pct_of_grads", "number_non_empty_cells": 15042, "number_empty_cells": 13, "number_distinct_values": 922, "frequent_values": ["s", "100.00%", "0.00%", "66.70%", "50.00%"], "dataTypes": [{"type": "TEXT", "count": "15042", "shortest_values": [["s", 1], ["s", 1], ["s", 1], ["s", 1], ["s", 1]], "longest_values": [["100.00%", 7], ["100.00%", 7], ["100.00%", 7], ["100.00%", 7], ["100.00%", 7]], "average_length": "4.001994415636219"}]}, {"column_name": "Still_Enrolled_Num", "number_non_empty_cells": 15055, "number_empty_cells": 0, "number_distinct_values": 251, "frequent_values": [" s ", " -   ", "1", "2", "3"], "dataTypes": [{"type": "INTEGER (LONG)", "count": "8433", "mean": "24.044349579034744", "stddev": "37.764706808340215", "min_value": "1", "max_value": "354"}, {"type": "TEXT", "count": "6622", "shortest_values": [[" s ", 3], [" s ", 3], [" s ", 3], [" s ", 3], [" s ", 3]], "longest_values": [[" -   ", 5], [" -   ", 5], [" -   ", 5], [" -   ", 5], [" -   ", 5]], "average_length": "3.2352763515554215"}]}, {"column_name": "Still_Enrolled_Pct_of_cohort", "number_non_empty_cells": 15055, "number_empty_cells": 0, "number_distinct_values": 698, "frequent_values": ["s", "0.00%", "4.80%", "1.30%", "2.90%"], "dataTypes": [{"type": "TEXT", "count": "15055", "shortest_values": [["s", 1], ["s", 1], ["s", 1], ["s", 1], ["s", 1]], "longest_values": [["21.70%", 6], ["23.80%", 6], ["20.00%", 6], ["14.30%", 6], ["35.70%", 6]], "average_length": "3.7568249750913316"}]}, {"column_name": "Dropped_Out_Num", "number_non_empty_cells": 15055, "number_empty_cells": 0, "number_distinct_values": 255, "frequent_values": [" s ", "2", " -   ", "1", "5"], "dataTypes": [{"type": "INTEGER (LONG)", "count": "8789", "mean": "27.808055523950394", "stddev": "40.63763397563354", "min_value": "1", "max_value": "324"}, {"type": "TEXT", "count": "6266", "shortest_values": [[" s ", 3], [" s ", 3], [" s ", 3], [" s ", 3], [" s ", 3]], "longest_values": [[" -   ", 5], [" -   ", 5], [" -   ", 5], [" -   ", 5], [" -   ", 5]], "average_length": "3.135014363230131"}]}, {"column_name": "Dropped_Out_Pct_of_cohort", "number_non_empty_cells": 15055, "number_empty_cells": 0, "number_distinct_values": 581, "frequent_values": ["s", "0.00%", "16.70%", "33.30%", "9.10%"], "dataTypes": [{"type": "TEXT", "count": "15055", "shortest_values": [["s", 1], ["s", 1], ["s", 1], ["s", 1], ["s", 1]], "longest_values": [["13.50%", 6], ["25.00%", 6], ["13.70%", 6], ["20.80%", 6], ["11.70%", 6]], "average_length": "3.8394553304549985"}]}]}