{"dataset_name": "/user/hm74/NYCOpenData/ax85-bzte.tsv.gz", "columns": [{"column_name": "Year", "number_non_empty_cells": 54, "number_empty_cells": 0, "number_distinct_values": 54, "frequent_values": [1990, 1975, 1977, 2003, 2007], "dataTypes": [{"type": "INTEGER (LONG)", "count": 54, "max_value": 2016, "min_value": 1900, "mean": 1984.8333333333335, "stddev": 25.686680508690806}]}, {"column_name": "Number of TB cases", "number_non_empty_cells": 54, "number_empty_cells": 0, "number_distinct_values": 53, "frequent_values": [2151, 2022, 3151, 1307, 11997], "dataTypes": [{"type": "INTEGER (LONG)", "count": 54, "max_value": 32065, "min_value": 556, "mean": 3171.3333333333317, "stddev": 4901.121220927127}]}, {"column_name": "Rate per 100,000", "number_non_empty_cells": 54, "number_empty_cells": 0, "number_distinct_values": 50, "frequent_values": [27.2, 8.0, 22.4, 25.6, 32.3], "dataTypes": [{"type": "REAL", "count": 54, "max_value": 672.7, "min_value": 6.8, "mean": 51.54259259259261, "stddev": 103.68601927588146}]}, {"column_name": "Culture-positive cases", "number_non_empty_cells": 33, "number_empty_cells": 21, "number_distinct_values": 34, "frequent_values": [2156, 501, 707, 685, 539], "dataTypes": [{"type": "INTEGER (LONG)", "count": 33, "max_value": 3462, "min_value": 444, "mean": 1399.7272727272727, "stddev": 930.7098389980165}]}, {"column_name": "Sputum smear-positive cases", "number_non_empty_cells": 26, "number_empty_cells": 28, "number_distinct_values": 27, "frequent_values": [243, 516, 436, 1826, 271], "dataTypes": [{"type": "INTEGER (LONG)", "count": 26, "max_value": 1855, "min_value": 225, "mean": 614.6153846153846, "stddev": 478.3523063538869}]}, {"column_name": "Sputum smear-positive rate per 100,000", "number_non_empty_cells": 26, "number_empty_cells": 28, "number_distinct_values": 24, "frequent_values": [3.2, 4.7, 24.9, 2.9, 3.5], "dataTypes": [{"type": "REAL", "count": 26, "max_value": 25.3, "min_value": 2.8, "mean": 8.107692307692304, "stddev": 6.6857439075717755}]}, {"column_name": "Multidrug-resistance cases", "number_non_empty_cells": 26, "number_empty_cells": 28, "number_distinct_values": 21, "frequent_values": [24, 11, 9, 19, 183], "dataTypes": [{"type": "INTEGER (LONG)", "count": 26, "max_value": 437, "min_value": 5, "mean": 72.65384615384617, "stddev": 115.82046527930541}]}]}