{"dataset_name": "/user/hm74/NYCOpenData/axb2-9jkb.tsv.gz", "columns": [{"column_name": "DBN", "number_non_empty_cells": 1522, "number_empty_cells": 0, "number_distinct_values": 1522, "frequent_values": ["02M042", "02M529", "08X093", "01M064", "01M539"], "dataTypes": [{"type": "DATE/TIME", "count": 33, "max_value": "2019-12-07T00:06:52", "min_value": "2019-12-07T00:01:15"}, {"type": "TEXT", "count": 1489, "shortest_values": [["01M063", 6], ["01M064", 6], ["01M110", 6], ["01M134", 6], ["01M140", 6]], "longest_values": [["01M063", 6], ["01M064", 6], ["01M110", 6], ["01M134", 6], ["01M140", 6]], "average_length": 6.0}]}, {"column_name": "School_Name", "number_non_empty_cells": 1425, "number_empty_cells": 97, "number_distinct_values": 1518, "frequent_values": ["PS 360", "PS 376", "PS 212", "PS 253", "SOUTH BRONX ACADEMY FOR APPLIED MEDIA"], "dataTypes": [{"type": "TEXT", "count": 1522, "shortest_values": [["PS 89", 5], ["KAPPA", 5], ["PS 66", 5], ["PS 62", 5], ["PS 78", 5]], "longest_values": [["ENGLISH LANGUAGE LEARNERS AND INTERNATIONAL SUPPORT PREPARATORY ACADEMY (ELLIS)", 79], ["SCIENCE SKILLS CENTER HIGH SCHOOL FOR SCIENCE, TECHNOLOGY AND THE CREATIVE ARTS", 79], ["ACADEMY FOR COLLEGE PREPARATION AND CAREER EXPLORATION: A COLLEGE BOARD SCHOOL", 78], ["KNOWLEDGE AND POWER PREPARATORY ACADEMY INTERNATIONAL HIGH SCHOOL (KAPPA)", 73], ["CITY POLYTECHNIC HIGH SCHOOL OF ENGINEERING, ARCHITECTURE, AND TECHNOLOGY", 73]], "average_length": 27.304204993429686}]}, {"column_name": "School_Pupil-Teacher_Ratio", "number_non_empty_cells": 1522, "number_empty_cells": 0, "number_distinct_values": 151, "frequent_values": [14.5, 13.5, 12.3, 13.4, 12.9], "dataTypes": [{"type": "REAL", "count": 1522, "max_value": 25.6, "min_value": 3.9, "mean": 13.535282522996058, "stddev": 2.630736061705322}]}]}