{"dataset_name": "/user/hm74/NYCOpenData/ay6v-3gm3.tsv.gz", "columns": [{"column_name": "Borough", "number_non_empty_cells": 5, "number_empty_cells": 0, "number_distinct_values": 5, "frequent_values": ["Queens", "Brooklyn", "Staten Island", "Manhattan", "Bronx"], "dataTypes": [{"type": "TEXT", "count": 5, "shortest_values": [["Bronx", 5], ["Queens", 6], ["Brooklyn", 8], ["Manhattan", 9], ["Staten Island", 13]], "longest_values": [["Staten Island", 13], ["Manhattan", 9], ["Brooklyn", 8], ["Queens", 6], ["Bronx", 5]], "average_length": 8.2}]}, {"column_name": "Submitted applications for benefits under SNAP", "number_non_empty_cells": 5, "number_empty_cells": 0, "number_distinct_values": 1, "frequent_values": ["N/A"], "dataTypes": [{"type": "TEXT", "count": 5, "shortest_values": [["N/A", 3], ["N/A", 3], ["N/A", 3], ["N/A", 3], ["N/A", 3]], "longest_values": [["N/A", 3], ["N/A", 3], ["N/A", 3], ["N/A", 3], ["N/A", 3]], "average_length": 3.0}]}, {"column_name": "Received benefits under SNAP", "number_non_empty_cells": 5, "number_empty_cells": 0, "number_distinct_values": 5, "frequent_values": [91270, 19605, 74407, 7052, 69230], "dataTypes": [{"type": "INTEGER (LONG)", "count": 5, "max_value": 91270, "min_value": 7052, "mean": 52312.8, "stddev": 32894.82925567481}]}, {"column_name": "Were income-eligible for SNAP benefits", "number_non_empty_cells": 5, "number_empty_cells": 0, "number_distinct_values": 1, "frequent_values": ["N/A"], "dataTypes": [{"type": "TEXT", "count": 5, "shortest_values": [["N/A", 3], ["N/A", 3], ["N/A", 3], ["N/A", 3], ["N/A", 3]], "longest_values": [["N/A", 3], ["N/A", 3], ["N/A", 3], ["N/A", 3], ["N/A", 3]], "average_length": 3.0}]}, {"column_name": "Submitted applications for benefits under Cash Assistance", "number_non_empty_cells": 5, "number_empty_cells": 0, "number_distinct_values": 1, "frequent_values": ["N/A"], "dataTypes": [{"type": "TEXT", "count": 5, "shortest_values": [["N/A", 3], ["N/A", 3], ["N/A", 3], ["N/A", 3], ["N/A", 3]], "longest_values": [["N/A", 3], ["N/A", 3], ["N/A", 3], ["N/A", 3], ["N/A", 3]], "average_length": 3.0}]}, {"column_name": "Received benefits under Cash Assistance", "number_non_empty_cells": 5, "number_empty_cells": 0, "number_distinct_values": 5, "frequent_values": [5875, 18371, 22709, 2460, 27783], "dataTypes": [{"type": "INTEGER (LONG)", "count": 5, "max_value": 27783, "min_value": 2460, "mean": 15439.6, "stddev": 9733.94468034414}]}, {"column_name": "Were income-eligible for Cash Assisstance", "number_non_empty_cells": 5, "number_empty_cells": 0, "number_distinct_values": 1, "frequent_values": ["N/A"], "dataTypes": [{"type": "TEXT", "count": 5, "shortest_values": [["N/A", 3], ["N/A", 3], ["N/A", 3], ["N/A", 3], ["N/A", 3]], "longest_values": [["N/A", 3], ["N/A", 3], ["N/A", 3], ["N/A", 3], ["N/A", 3]], "average_length": 3.0}]}]}