{"dataset_name": "/user/hm74/NYCOpenData/ay9k-vznm.tsv.gz", "columns": [{"column_name": "PositionTitle", "number_non_empty_cells": 31, "number_empty_cells": 2, "number_distinct_values": 28, "frequent_values": ["RN", "LPN", "ABA Therapy RN", "CNA", "Driver"], "dataTypes": [{"type": "TEXT", "count": 33, "shortest_values": [["RN", 2], ["RN", 2], ["RN", 2], ["RN", 2], ["LPN", 3]], "longest_values": [["Benefits and Outreach Field Specialist", 38], ["CNA and other Allied Health Workers", 35], ["Commercial Pesticide Applicator", 31], ["CDL B School Bus Driver", 23], ["Junior Graphic Designer", 23]], "average_length": 13.575757575757578}]}, {"column_name": "BoroughBronx", "number_non_empty_cells": 33, "number_empty_cells": 0, "number_distinct_values": 1, "frequent_values": ["No"], "dataTypes": [{"type": "TEXT", "count": 33, "shortest_values": [["No", 2], ["No", 2], ["No", 2], ["No", 2], ["No", 2]], "longest_values": [["No", 2], ["No", 2], ["No", 2], ["No", 2], ["No", 2]], "average_length": 2.0}]}, {"column_name": "BoroughBrooklyn", "number_non_empty_cells": 33, "number_empty_cells": 0, "number_distinct_values": 2, "frequent_values": ["No", "Yes"], "dataTypes": [{"type": "TEXT", "count": 33, "shortest_values": [["No", 2], ["No", 2], ["No", 2], ["No", 2], ["No", 2]], "longest_values": [["Yes", 3], ["Yes", 3], ["Yes", 3], ["Yes", 3], ["Yes", 3]], "average_length": 2.242424242424242}]}, {"column_name": "BoroughManhattan", "number_non_empty_cells": 33, "number_empty_cells": 0, "number_distinct_values": 2, "frequent_values": ["No", "Yes"], "dataTypes": [{"type": "TEXT", "count": 33, "shortest_values": [["No", 2], ["No", 2], ["No", 2], ["No", 2], ["No", 2]], "longest_values": [["Yes", 3], ["Yes", 3], ["Yes", 3], ["Yes", 3], ["Yes", 3]], "average_length": 2.242424242424242}]}, {"column_name": "BoroughQueens", "number_non_empty_cells": 33, "number_empty_cells": 0, "number_distinct_values": 2, "frequent_values": ["No", "Yes"], "dataTypes": [{"type": "TEXT", "count": 33, "shortest_values": [["No", 2], ["No", 2], ["No", 2], ["No", 2], ["No", 2]], "longest_values": [["Yes", 3], ["Yes", 3], ["Yes", 3], ["Yes", 3], ["Yes", 3]], "average_length": 2.4545454545454546}]}, {"column_name": "BoroughStatenIsland", "number_non_empty_cells": 33, "number_empty_cells": 0, "number_distinct_values": 2, "frequent_values": ["No", "Yes"], "dataTypes": [{"type": "TEXT", "count": 33, "shortest_values": [["No", 2], ["No", 2], ["No", 2], ["No", 2], ["No", 2]], "longest_values": [["Yes", 3], ["Yes", 3], ["No", 2], ["No", 2], ["No", 2]], "average_length": 2.060606060606061}]}, {"column_name": "BoroughNonNYC", "number_non_empty_cells": 33, "number_empty_cells": 0, "number_distinct_values": 1, "frequent_values": ["No"], "dataTypes": [{"type": "TEXT", "count": 33, "shortest_values": [["No", 2], ["No", 2], ["No", 2], ["No", 2], ["No", 2]], "longest_values": [["No", 2], ["No", 2], ["No", 2], ["No", 2], ["No", 2]], "average_length": 2.0}]}, {"column_name": "SectorName", "number_non_empty_cells": 33, "number_empty_cells": 0, "number_distinct_values": 8, "frequent_values": ["Health Care & Social Assistance", "Administrative, Support, Waste Management and Remediation Services", "Manufacturing", "Retail Trade", "Transportation & Warehousing"], "dataTypes": [{"type": "TEXT", "count": 33, "shortest_values": [["Construction", 12], ["Retail Trade", 12], ["Retail Trade", 12], ["Retail Trade", 12], ["Manufacturing", 13]], "longest_values": [["Administrative, Support, Waste Management and Remediation Services", 66], ["Administrative, Support, Waste Management and Remediation Services", 66], ["Administrative, Support, Waste Management and Remediation Services", 66], ["Administrative, Support, Waste Management and Remediation Services", 66], ["Administrative, Support, Waste Management and Remediation Services", 66]], "average_length": 32.24242424242424}]}, {"column_name": "SubSectorName", "number_non_empty_cells": 33, "number_empty_cells": 0, "number_distinct_values": 16, "frequent_values": ["Other Healthcare", "All Other Manufacturing", "Nursing Care Facilities", "Waste Management and Remediation Services ", "Transit and Ground Passenger Transportation"], "dataTypes": [{"type": "TEXT", "count": 33, "shortest_values": [["Hospitals", 9], ["Construction", 12], ["Other Healthcare", 16], ["Other Healthcare", 16], ["Other Healthcare", 16]], "longest_values": [["Other Ambulatory Care: Offices of Physicians, Dentists, Labs, Outpatient Care, Ambulances", 89], ["Accounting, Tax Preparation, Bookkeeping, and Payroll Services", 62], ["Transit and Ground Passenger Transportation", 43], ["Transit and Ground Passenger Transportation", 43], ["Waste Management and Remediation Services ", 42]], "average_length": 29.484848484848484}]}, {"column_name": "WageMin", "number_non_empty_cells": 33, "number_empty_cells": 0, "number_distinct_values": 16, "frequent_values": [15.0, 25.0, 17.0, 30.0, 18.0], "dataTypes": [{"type": "REAL", "count": 33, "max_value": 60000.0, "min_value": 15.0, "mean": 1840.0378787878785, "stddev": 10281.32907328023}]}, {"column_name": "WageMax", "number_non_empty_cells": 33, "number_empty_cells": 0, "number_distinct_values": 19, "frequent_values": [15.0, 25.0, 20.0, 30.0, 18.0], "dataTypes": [{"type": "REAL", "count": 33, "max_value": 75000.0, "min_value": 15.0, "mean": 2298.554242424243, "stddev": 12851.925221141477}]}, {"column_name": "HourlyAnnual", "number_non_empty_cells": 33, "number_empty_cells": 0, "number_distinct_values": 2, "frequent_values": ["Hourly", "Annual"], "dataTypes": [{"type": "TEXT", "count": 33, "shortest_values": [["Hourly", 6], ["Hourly", 6], ["Hourly", 6], ["Hourly", 6], ["Hourly", 6]], "longest_values": [["Hourly", 6], ["Hourly", 6], ["Hourly", 6], ["Hourly", 6], ["Hourly", 6]], "average_length": 6.0}]}, {"column_name": "PositionDescription", "number_non_empty_cells": 32, "number_empty_cells": 1, "number_distinct_values": 33, "frequent_values": ["Provide World-Class customer experience, helping customers with their inquiries, as well as retail sales Punctuality Excellent communication skills Highly motivated self-starter who can work independently new Array with minimal supervision Strict attention to detail and efficiency Professional demeanor, including dress-code Bilingual SPANISH a plus! Experience in Optical/Optometry office a PLUS!! Check patient eligibility Prepare patient charts for doctor visit. Responsible for upkeep of showcases and Inventory Answer phones. Schedule and confirm appointments", "The candidate will be responsible for preparing individual tax returns while providing exceptional customer service.", "The Pesticide Applicator will apply various chemicals for pest control in various commercial locations. The Applicator will drive company vehicle and must have a clean NYS driver's license.", "Operate automated or semi-automated hoisting devices that raise refuse bins and dump contents into openings in truck bodies. Green Task Statement See more occupations related to this task.  Inspect trucks prior to beginning routes to ensure safe operating condition. Green Task Statement See more occupations related to this task.  Drive trucks, following established routes, through residential streets or alleys or through business or industrial areas. Green Task Statement See more occupations related to this task.  Operate equipment that compresses collected refuse. Green Task Statement See more occupations related to this task.  Dump refuse or recyclable materials at disposal sites. Green Task Statement", "Assists in development, implementation, and evaluation of standards of care and professional practice in collaboration with members of the health care team and in accordance with institutional policies and regulatory agency requirements. - Assesses and evaluates patient needs for, and responses to, care rendered and applies sound nursing judgment in patient care management decisions. - Provides direct, continuous, (where applicable), care for a specific caseload of patients through application of the nursing process based upon theory, research, and approved Department of Nursing and institutional standards. - Coordinates patient care activities, based on established priorities, including teaching, rounding, counseling, and discharge planning, and directs/delegates appropriately to members of the health care team."], "dataTypes": [{"type": "TEXT", "count": 33, "shortest_values": [["Molders and Casters", 19], ["Drivers will pick up documents to be shredded", 45], ["\u0007 Analytics     \u0007 Creative    \u0007 Drop Ship  \u0007 Human Resources    \u0007 Merchandising    \u0007 Operations", 95], ["o Feed, bathe and dress patients o Serve meals, make beds and keep rooms clean o Take patient vital signs", 105], ["work as an electrician on a brand new construction site. bend conduit, run wire, and install sercice panels", 107]], "longest_values": [["May work independently and on occasion may examine and approve the work of technicians when requested. \u0007 Conduct routine microbiological laboratory procedures in all pertinent areas of the laboratory including the reading of plates, identification of microorganisms, and antibiotic susceptibility testing of suspected pathogens. \u0007 Test and repeat tests when results are questionable and informs the Supervisor of any unusual isolates. \u0007 Judge the adequacy of submitted specimens and requests additional specimens if necessary. \u0007 Modify work patterns to accommodate the daily work load. \u0007 Perform routine tests that include mycology including specimen planting and identification. Interprets gram stains, india ink, and KOH preparations. Also, routine AFB work including specimen processing, staining, and identification. \u0007Perform routine parasitology work including specimen processing, staining procedures, and parasite identification. \u0007Write reports", 951], ["Assists in development, implementation, and evaluation of standards of care and professional practice in collaboration with members of the health care team and in accordance with institutional policies and regulatory agency requirements. - Assesses and evaluates patient needs for, and responses to, care rendered and applies sound nursing judgment in patient care management decisions. - Provides direct, continuous, (where applicable), care for a specific caseload of patients through application of the nursing process based upon theory, research, and approved Department of Nursing and institutional standards. - Coordinates patient care activities, based on established priorities, including teaching, rounding, counseling, and discharge planning, and directs/delegates appropriately to members of the health care team.", 824], ["Inspect brake systems, steering mechanisms, wheel bearings, and other important parts to ensure that they are in proper operating condition. See more occupations related to this task.  Use handtools, such as screwdrivers, pliers, wrenches, pressure gauges, or precision instruments, as well as power tools, such as pneumatic wrenches, lathes, welding equipment, or jacks and hoists. See more occupations related to this task.  Adjust and reline brakes, align wheels, tighten bolts and screws, and reassemble equipment. See more occupations related to this task.  Examine and adjust protective guards, loose bolts, and specified safety devices. See more occupations related to this task.  Perform routine maintenance such as changing oil, checking batteries, and lubricating equipment and machinery.", 798], ["Administer prescribed medications or start intravenous fluids, noting times and amounts on patients chars. Observe patients, charting and reporting changes in patient condition such as adverse reactions to medication or treatment and taking any necessary action. Provide basic patient care or treatments such as taking temperatures or blood pressures, dressing wounds, treating bedsores, giving enemas or douches, rubbing alcohol, massaging or performing catheterizations. Sterilize equipment and supplies, suing germicides, sterilize or autoclave. Answer patients calls and determine how to assist them. Measure and record patients vital signs, collect samples and perform routine laboratory tests. Assemble and use equipment such as tracheotomy tubes and oxygen suppliers.", 774], ["\u0007 RN will provide screening and therapy to children up to 3 years old with various developmental delays, in a variety of settings.  Qualified candidates will possess a New York State RN License, the candidates should have the 7 as the first number on their license, as well as some exposure in Pediatrics preferred (in any role). Successful candidates will have excellent attention to detail regarding report submission, possess excellent verbal and written communication skills, have the ability to liaise and collaborate with professionals in various disciplines and at different levels in order to best advocate for needs of children and be willing to travel to various settings for service provision. \u0007 RNs must have any Pediatric experience (can be outside of nursing)", 773]], "average_length": 403.87878787878793}]}, {"column_name": "CandidateExperienceQualificationsSkills", "number_non_empty_cells": 33, "number_empty_cells": 0, "number_distinct_values": 30, "frequent_values": ["\u0007 MUST be available to work weekend and 11 am - 7 pm shift \u0007 Experience is a plus but not required \u0007 High School Diploma or GED \u0007 2 Reference: Letters \u0007 Physical  \u0007 ID, SSC", "2+yrs experience", "NYS RN License 2 years of experience or from license", "Limited experience required, but must possess Cardiovascular Technician certification. Procedures performed must be performed according to laboratory specifications.", "2+Yrs experience  Roll off/ packer truck experience a plus"], "dataTypes": [{"type": "TEXT", "count": 33, "shortest_values": [["2+yrs", 5], ["1+yrs exp", 9], ["6+ months", 9], ["NYS License", 11], ["2+yrs experience", 16]], "longest_values": [["1. Resume  2. Medical Assistant Certification 3. BLS/CPR Card 4. State ID/ Drivers License/ Passport   5. Social Security Card or Employment Authorization Card/Permanent Resident Card 6. 2-3 Employment References 7. Most recent physical exam report with DPD /QuantiFERON (Must be no more than 10 months old) 8. Titer Values of Measles, Mumps, Rubella and Varicella 9. ** There will be no MA aspects to the role Being MA certified is not needed, neither is graduating from a MA program No medical duties needed Big Pluses include: insurance and billing.", 552], ["\u0007 Ability to work closely with children between} the ages of 0-3 \u0007 Comfortable communicating with family or caregivers of children \u0007 Must be willing to work a flexible schedule, including evenings and weekends, around the needs of the client \u0007 Able to commute to various Bronx locations \u0007 Bilingual/Spanish is a plus \u0007 Candidates must possess the necessary license, registration or certification to provide early intervention services. \u0007 Licensure in the State of New York as a Licensed Practical Nurse.", 503], ["\u0007 Bachelor's degree in graphic arts, design, communications, or related field \u0007 3-5 years of experience in graphic design \u0007 Knowledge of layouts, graphic fundamentals, typography, print, and the web \u0007 Familiarity with HTML and CSS preferred \u0007 Knowledge of Adobe Photoshop, Illustrator, Sketch, InDesign, and other graphic design software \u0007 Compelling portfolio of work over a wide range of creative projects \u0007 Strong analytical skills \u0007 Excellent eye for detail", 461], ["Education: Bachelor of Science with a  major in Nursing required for all new graduates and experienced clinical nurse positions. Exception; Associate Degree or Diploma in Nursing graduates considered for identified specialized areas of practice. Must have current matriculation in a BSN program with graduation date within one year of hire for consideration. - Experience: Must have 1 year ED or 2 years Med Surg - Licenses: RN", 427], ["BA or BS Degree with at least 2 years of experience with benefits counseling, or AA degree with at least 5 years of experience in benefits counseling. Excellent oral and written communication skills. Must be computer literate on Microsoft Programs and Internet search use. Ability to learn new applications and database systems quickly. Ability to interact professionally with consumers and colleagues and work independently.", 425]], "average_length": 165.03030303030303}]}, {"column_name": "EducationRequired", "number_non_empty_cells": 33, "number_empty_cells": 0, "number_distinct_values": 6, "frequent_values": ["None", "High School Diploma", "Associate's", "Bachelor's", "High School/GED"], "dataTypes": [{"type": "TEXT", "count": 33, "shortest_values": [["None", 4], ["None", 4], ["None", 4], ["None", 4], ["None", 4]], "longest_values": [["High School Diploma", 19], ["High School Diploma", 19], ["High School Diploma", 19], ["High School Diploma", 19], ["High School Diploma", 19]], "average_length": 11.363636363636362}]}, {"column_name": "MinHoursPerWeek", "number_non_empty_cells": 33, "number_empty_cells": 0, "number_distinct_values": 4, "frequent_values": [30, 40, 20, 35], "dataTypes": [{"type": "INTEGER (LONG)", "count": 33, "max_value": 40, "min_value": 20, "mean": 32.87878787878788, "stddev": 5.079713519466728}]}, {"column_name": "MaxHoursPerWeek", "number_non_empty_cells": 33, "number_empty_cells": 0, "number_distinct_values": 3, "frequent_values": [40, 35, 37], "dataTypes": [{"type": "INTEGER (LONG)", "count": 33, "max_value": 40, "min_value": 35, "mean": 38.36363636363637, "stddev": 2.2268088570756146}]}, {"column_name": "LeadFulfillmentCenter", "number_non_empty_cells": 33, "number_empty_cells": 0, "number_distinct_values": 33, "frequent_values": [51350, 51372, 50419, 50865, 51322], "dataTypes": [{"type": "INTEGER (LONG)", "count": 33, "max_value": 51438, "min_value": 49306, "mean": 50960.27272727272, "stddev": 489.3220587046842}]}, {"column_name": "JobFamilyName", "number_non_empty_cells": 33, "number_empty_cells": 0, "number_distinct_values": 6, "frequent_values": ["Healthcare Sector Center  LM", "Industrial & Transportation Center", "Queens", "Washington Heights", "Staten Island"], "dataTypes": [{"type": "TEXT", "count": 33, "shortest_values": [["Queens", 6], ["Queens", 6], ["Far Rockaway", 12], ["Staten Island", 13], ["Washington Heights", 18]], "longest_values": [["Industrial & Transportation Center", 34], ["Industrial & Transportation Center", 34], ["Industrial & Transportation Center", 34], ["Industrial & Transportation Center", 34], ["Industrial & Transportation Center", 34]], "average_length": 27.303030303030308}]}, {"column_name": "SOCOccupationCode", "number_non_empty_cells": 33, "number_empty_cells": 0, "number_distinct_values": 6, "frequent_values": [75, 81, 2, 84, 4], "dataTypes": [{"type": "INTEGER (LONG)", "count": 33, "max_value": 84, "min_value": 2, "mean": 71.12121212121212, "stddev": 21.879501373407575}]}, {"column_name": "SOCOccupationName", "number_non_empty_cells": 33, "number_empty_cells": 0, "number_distinct_values": 10, "frequent_values": [29, 53, 13, 51, 27], "dataTypes": [{"type": "INTEGER (LONG)", "count": 33, "max_value": 91, "min_value": 13, "mean": 35.424242424242436, "stddev": 16.38001425061411}]}, {"column_name": "PositionType", "number_non_empty_cells": 33, "number_empty_cells": 0, "number_distinct_values": 10, "frequent_values": ["Healthcare Practitioners and Support", "Transportation, Shipping", "Office, Administration", "Manufacturing, Production, Energy", "Social Work, Child Care, Counseling"], "dataTypes": [{"type": "TEXT", "count": 33, "shortest_values": [["Entertainment, Media", 20], ["Entertainment, Media", 20], ["Office, Administration", 22], ["Office, Administration", 22], ["Office, Administration", 22]], "longest_values": [["Healthcare Practitioners and Support", 36], ["Healthcare Practitioners and Support", 36], ["Healthcare Practitioners and Support", 36], ["Healthcare Practitioners and Support", 36], ["Healthcare Practitioners and Support", 36]], "average_length": 30.15151515151515}]}]}