{"dataset_name": "/user/hm74/NYCOpenData/ayeb-p4mv.tsv.gz", "columns": [{"column_name": "SchoolName", "number_non_empty_cells": 14, "number_empty_cells": 0, "number_distinct_values": 13, "frequent_values": ["AAA Knowledge Seekers, Inc.", "Jamaica One Trainers School", "AA Driver Training  Center", "NYC Driver Institute, Inc.", "CUNY Kingsborough Community College"], "dataTypes": [{"type": "TEXT", "count": 14, "shortest_values": [["AA Driver Training Center", 25], ["AA Driver Training  Center", 26], ["Millennium Drivers Academy", 26], ["NYC Driver Institute, Inc.", 26], ["AAA Knowledge Seekers, Inc.", 27]], "longest_values": [["AAJ Desi Black Yellow Green Professional Driver Academy Inc.", 60], ["Abaan Goog Transportation Education Academy", 43], ["CUNY Kingsborough Community College", 35], ["Training In Transportation, Inc.", 32], ["NYC Cab Drivers Training Center", 31]], "average_length": 31.5}]}, {"column_name": "Number", "number_non_empty_cells": 14, "number_empty_cells": 0, "number_distinct_values": 13, "frequent_values": ["3646", "31-00", "6402", "89-36", "86-11"], "dataTypes": [{"type": "INTEGER (LONG)", "count": 8, "max_value": 6402, "min_value": 1654, "mean": 3423.0, "stddev": 1541.2713096661469}, {"type": "DATE/TIME", "count": 2, "max_value": "1987-12-06T00:00:00", "min_value": "1986-11-06T00:00:00"}, {"type": "TEXT", "count": 4, "shortest_values": [["89-36", 5], ["31-00", 5], ["132-49", 6], ["150-51", 6]], "longest_values": [["132-49", 6], ["150-51", 6], ["89-36", 5], ["31-00", 5]], "average_length": 5.5}]}, {"column_name": "Street", "number_non_empty_cells": 14, "number_empty_cells": 0, "number_distinct_values": 13, "frequent_values": ["37th Street", "Nostrand Avenue", "47th Avenue", "14th Avenue", "41st Road"], "dataTypes": [{"type": "TEXT", "count": 14, "shortest_values": [["Broadway", 8], ["41st Road", 9], ["8th Avenue", 10], ["Jerome Ave", 10], ["14th Avenue", 11]], "longest_values": [["Lefferts Boulevard", 18], ["Castle Hill Avenue", 18], ["Oriental Boulevard", 18], ["Nostrand Avenue", 15], ["Sutphin Blvd", 12]], "average_length": 12.428571428571427}]}, {"column_name": "Unit", "number_non_empty_cells": 8, "number_empty_cells": 6, "number_distinct_values": 9, "frequent_values": ["NULL", "Lower Level, Unit A", "1st floor", "Room T4122", "Suite #C1"], "dataTypes": [{"type": "TEXT", "count": 14, "shortest_values": [["NULL", 4], ["NULL", 4], ["NULL", 4], ["NULL", 4], ["NULL", 4]], "longest_values": [["Lower Level, Unit A", 19], ["Suite\u00a0 105", 10], ["Room T4122", 10], ["Suite #626", 10], ["3rd Floor", 9]], "average_length": 7.7142857142857135}]}, {"column_name": "City", "number_non_empty_cells": 14, "number_empty_cells": 0, "number_distinct_values": 9, "frequent_values": ["Brooklyn", "Long Island City", "Jamaica", "Bronx", "Richmond Hill"], "dataTypes": [{"type": "TEXT", "count": 14, "shortest_values": [["Bronx", 5], ["Bronx", 5], ["Jamaica", 7], ["Jamaica", 7], ["Flushing", 8]], "longest_values": [["Long island City", 16], ["Long Island City", 16], ["Long Island City", 16], ["Richmond Hill", 13], ["Whitestone", 10]], "average_length": 9.64285714285714}]}, {"column_name": "State", "number_non_empty_cells": 14, "number_empty_cells": 0, "number_distinct_values": 1, "frequent_values": ["NY"], "dataTypes": [{"type": "TEXT", "count": 14, "shortest_values": [["NY", 2], ["NY", 2], ["NY", 2], ["NY", 2], ["NY", 2]], "longest_values": [["NY", 2], ["NY", 2], ["NY", 2], ["NY", 2], ["NY", 2]], "average_length": 2.0}]}, {"column_name": "Postcode", "number_non_empty_cells": 14, "number_empty_cells": 0, "number_distinct_values": 12, "frequent_values": [11418, 11106, 11357, 11235, 11432], "dataTypes": [{"type": "INTEGER (LONG)", "count": 14, "max_value": 11435, "min_value": 10034, "mean": 11135.642857142859, "stddev": 391.17855023411647}]}, {"column_name": "Latitude", "number_non_empty_cells": 14, "number_empty_cells": 0, "number_distinct_values": 13, "frequent_values": [40.610119, 40.753252, 40.851797, 40.711234, 40.792045], "dataTypes": [{"type": "REAL", "count": 14, "max_value": 40.86885, "min_value": 40.577814, "mean": 40.72500435714285, "stddev": 0.09026423245482325}]}, {"column_name": "Longitude", "number_non_empty_cells": 14, "number_empty_cells": 0, "number_distinct_values": 13, "frequent_values": [-73.943369, -73.787933, -73.916637, -74.012247, -73.831383], "dataTypes": [{"type": "REAL", "count": 14, "max_value": -73.787933, "min_value": -74.012247, "mean": -73.88886085714286, "stddev": 0.06483601506642804}]}, {"column_name": "Contact", "number_non_empty_cells": 14, "number_empty_cells": 0, "number_distinct_values": 12, "frequent_values": ["Lalo Guo", "Asad R. Siddiqy", "Anthony Cabrera", "Abel Zamora", "Arif Ekram"], "dataTypes": [{"type": "TEXT", "count": 14, "shortest_values": [["Lalo Guo", 8], ["Lalo Guo", 8], ["Poly Saha", 9], ["Nawaz Amad", 10], ["Arif Ekram", 10]], "longest_values": [["Asad R. Siddiqy", 15], ["Asad R. Siddiqy", 15], ["Anthony Cabrera", 15], ["Charles LaSala", 14], ["Andrew Vollo", 12]], "average_length": 11.428571428571429}]}, {"column_name": "Telephone", "number_non_empty_cells": 14, "number_empty_cells": 0, "number_distinct_values": 13, "frequent_values": ["(718) 886-6249", "(347) 903-1754", "(646) 886-0156", "(718) 733-1220", "(718) 368-5189"], "dataTypes": [{"type": "TEXT", "count": 14, "shortest_values": [["(718) 790-2000", 14], ["(718) 524-9900", 14], ["(718) 886-6249", 14], ["(718) 886-6249", 14], ["( 347)561-5557", 14]], "longest_values": [["(718) 790-2000", 14], ["(718) 524-9900", 14], ["(718) 886-6249", 14], ["(718) 886-6249", 14], ["( 347)561-5557", 14]], "average_length": 14.0}]}, {"column_name": "Email", "number_non_empty_cells": 14, "number_empty_cells": 0, "number_distinct_values": 13, "frequent_values": ["info@dtadirect.com", "taxi@kbcc.cuny.edu", "info@vtginstitute.com", "school@tlc.driver.nyc", "bronx@knowledgeseekers.nyc"], "dataTypes": [{"type": "TEXT", "count": 14, "shortest_values": [["info@dtadirect.com", 18], ["info@dtadirect.com", 18], ["taxi@kbcc.cuny.edu", 18], ["drivngcrzy@aol.com", 18], ["info@vtginstitute.com", 21]], "longest_values": [["nyctaxilimotrainingcenter@gmail.com", 35], ["aajdesitaxiacademy@gmail.com", 28], ["queens@knowledgeseekers.nyc", 27], ["millenniumdrivers@gmail.com", 27], ["bronx@knowledgeseekers.nyc", 26]], "average_length": 23.142857142857142}]}, {"column_name": "Web", "number_non_empty_cells": 14, "number_empty_cells": 0, "number_distinct_values": 12, "frequent_values": ["http://www.knowledgeseekers.nyc", "http://www.dtadirect.com", "http://www.vtginstitute.com", "http://www.aajdesitaxiacademy.com", "http://www.jamaicaonetaxi.com"], "dataTypes": [{"type": "TEXT", "count": 14, "shortest_values": [["http://www.dtadirect.com", 24], ["http://www.dtadirect.com", 24], ["http://www.kbcc.cuny.edu", 24], ["http://www.tlcdriver.nyc", 24], ["http://www.vtginstitute.com", 27]], "longest_values": [["http://www.nyccabdriverstrainingcenter.com", 42], ["http://www.aajdesitaxiacademy.com", 33], ["http://www.millenniumsdriver.com", 32], ["http://www.knowledgeseekers.nyc", 31], ["http://www.knowledgeseekers.nyc", 31]], "average_length": 28.85714285714286}]}, {"column_name": "date", "number_non_empty_cells": 14, "number_empty_cells": 0, "number_distinct_values": 1, "frequent_values": ["05/30/2019"], "dataTypes": [{"type": "DATE/TIME", "count": 14, "max_value": "2019-05-30T00:00:00", "min_value": "2019-05-30T00:00:00"}]}, {"column_name": "time", "number_non_empty_cells": 14, "number_empty_cells": 0, "number_distinct_values": 1, "frequent_values": ["11:52.6"], "dataTypes": [{"type": "DATE/TIME", "count": 14, "max_value": "2019-12-06T11:52:36", "min_value": "2019-12-06T11:52:36"}]}, {"column_name": "Borough", "number_non_empty_cells": 13, "number_empty_cells": 1, "number_distinct_values": 5, "frequent_values": ["QUEENS", "BROOKLYN", "BRONX", "MANHATTAN", null], "dataTypes": [{"type": "TEXT", "count": 13, "shortest_values": [["BRONX", 5], ["QUEENS", 6], ["QUEENS", 6], ["QUEENS", 6], ["QUEENS", 6]], "longest_values": [["MANHATTAN", 9], ["BROOKLYN", 8], ["BROOKLYN", 8], ["BROOKLYN", 8], ["QUEENS", 6]], "average_length": 6.615384615384616}]}, {"column_name": "Community Board", "number_non_empty_cells": 13, "number_empty_cells": 1, "number_distinct_values": 10, "frequent_values": [407, 315, 412, 401, 409], "dataTypes": [{"type": "INTEGER (LONG)", "count": 13, "max_value": 412, "min_value": 112, "mean": 346.7692307692308, "stddev": 90.78982817148781}]}, {"column_name": "Council District", "number_non_empty_cells": 13, "number_empty_cells": 1, "number_distinct_values": 12, "frequent_values": [26, 48, 20, 27, 19], "dataTypes": [{"type": "INTEGER (LONG)", "count": 13, "max_value": 48, "min_value": 10, "mean": 27.153846153846153, "stddev": 10.776371259138806}]}, {"column_name": "Census Tract", "number_non_empty_cells": 13, "number_empty_cells": 1, "number_distinct_values": 13, "frequent_values": [55, 120, 462, 849, 981], "dataTypes": [{"type": "INTEGER (LONG)", "count": 13, "max_value": 23301, "min_value": 55, "mean": 2151.1538461538457, "stddev": 6112.379882049642}]}, {"column_name": "BIN", "number_non_empty_cells": 13, "number_empty_cells": 1, "number_distinct_values": 13, "frequent_values": [4009552, 3394091, 4539223, 2008253, 4206749], "dataTypes": [{"type": "INTEGER (LONG)", "count": 13, "max_value": 4600457, "min_value": 1064883, "mean": 3647555.3846153845, "stddev": 1027380.5076686377}]}, {"column_name": "BBL", "number_non_empty_cells": 13, "number_empty_cells": 1, "number_distinct_values": 13, "frequent_values": [4006360047, 4050397505, 4098307502, 3058217501, 1022310001], "dataTypes": [{"type": "INTEGER (LONG)", "count": 13, "max_value": 4098307502, "min_value": 1022310001, "mean": 3435670221.5384617, "stddev": 929570387.2088928}]}, {"column_name": "NTA", "number_non_empty_cells": 13, "number_empty_cells": 1, "number_distinct_values": 12, "frequent_values": ["Queensbridge-Ravenswood-Long Island City", "Jamaica", "Richmond Hill", "Mount Hope", "Whitestone"], "dataTypes": [{"type": "TEXT", "count": 13, "shortest_values": [["Jamaica", 7], ["Jamaica", 7], ["Flushing", 8], ["Whitestone", 10], ["Mount Hope", 10]], "longest_values": [["Sheepshead Bay-Gerritsen Beach-Manhattan Beach", 46], ["Georgetown-Marine Park-Bergen Beach-Mill Basin", 46], ["Queensbridge-Ravenswood-Long Island City", 40], ["Queensbridge-Ravenswood-Long Island City", 40], ["Hunters Point-Sunnyside-West Maspeth", 36]], "average_length": 22.846153846153847}]}, {"column_name": "Location 1", "number_non_empty_cells": 14, "number_empty_cells": 0, "number_distinct_values": 13, "frequent_values": ["(40.610119, -73.943369)", "(40.756224, -73.831928)", "(40.711234, -73.787933)", "(40.633253, -74.012247)", "(40.753252, -73.925983)"], "dataTypes": [{"type": "TEXT", "count": 14, "shortest_values": [["(40.86885, -73.916637)", 22], ["(40.74209, -73.935516)", 22], ["(40.701122, -73.831383)", 23], ["(40.839097, -73.852733)", 23], ["(40.756224, -73.831928)", 23]], "longest_values": [["(40.701122, -73.831383)", 23], ["(40.839097, -73.852733)", 23], ["(40.756224, -73.831928)", 23], ["(40.633253, -74.012247)", 23], ["(40.703045, -73.808622)", 23]], "average_length": 22.857142857142858}]}]}