{"dataset_name": "/user/hm74/NYCOpenData/azp6-hepu.tsv.gz", "columns": [{"column_name": "Licensing Office", "number_non_empty_cells": 16, "number_empty_cells": 0, "number_distinct_values": 2, "frequent_values": ["42 Broadway", "Queens"], "dataTypes": [{"type": "TEXT", "count": 16, "shortest_values": [["Queens", 6], ["Queens", 6], ["Queens", 6], ["Queens", 6], ["Queens", 6]], "longest_values": [["42 Broadway", 11], ["42 Broadway", 11], ["42 Broadway", 11], ["42 Broadway", 11], ["42 Broadway", 11]], "average_length": 9.4375}]}, {"column_name": "Month", "number_non_empty_cells": 16, "number_empty_cells": 0, "number_distinct_values": 11, "frequent_values": ["02/01/2016 12:00:00 AM", "06/01/2016 12:00:00 AM", "04/01/2016 12:00:00 AM", "05/01/2016 12:00:00 AM", "03/01/2016 12:00:00 AM"], "dataTypes": [{"type": "DATE/TIME", "count": 16, "max_value": "2016-06-01T00:00:00", "min_value": "2015-08-01T00:00:00"}]}, {"column_name": "Customers Served", "number_non_empty_cells": 16, "number_empty_cells": 0, "number_distinct_values": 16, "frequent_values": [6740, 7758, 6712, 470, 5225], "dataTypes": [{"type": "INTEGER (LONG)", "count": 16, "max_value": 9072, "min_value": 249, "mean": 5003.687500000001, "stddev": 3193.610392618948}]}, {"column_name": "Average Wait Time", "number_non_empty_cells": 16, "number_empty_cells": 0, "number_distinct_values": 15, "frequent_values": [1.6, 3.4, 7.7, 6.6, 6.5], "dataTypes": [{"type": "REAL", "count": 16, "max_value": 14.9, "min_value": 1.0, "mean": 6.20625, "stddev": 3.957029938918835}]}, {"column_name": "Average Transaction Time", "number_non_empty_cells": 16, "number_empty_cells": 0, "number_distinct_values": 13, "frequent_values": [11.0, 11.4, 11.3, 11.2, 19.2], "dataTypes": [{"type": "REAL", "count": 16, "max_value": 19.2, "min_value": 10.5, "mean": 12.99375, "stddev": 2.914075485895998}]}, {"column_name": "Average Satisfaction Rating", "number_non_empty_cells": 11, "number_empty_cells": 5, "number_distinct_values": 6, "frequent_values": [4.9, 4.88, 4.86, 4.89, 4.84], "dataTypes": [{"type": "REAL", "count": 11, "max_value": 4.9, "min_value": 4.84, "mean": 4.884545454545455, "stddev": 0.018763424945955107}]}]}