{"dataset_name": "/user/hm74/NYCOpenData/b225-hg9m.tsv.gz", "columns": [{"column_name": "School_Year", "number_non_empty_cells": 7165, "number_empty_cells": 0, "number_distinct_values": 1, "frequent_values": ["2014-15"], "dataTypes": [{"type": "TEXT", "count": 7165, "shortest_values": [["2014-15", 7], ["2014-15", 7], ["2014-15", 7], ["2014-15", 7], ["2014-15", 7]], "longest_values": [["2014-15", 7], ["2014-15", 7], ["2014-15", 7], ["2014-15", 7], ["2014-15", 7]], "average_length": 7.0}]}, {"column_name": "DBN", "number_non_empty_cells": 7165, "number_empty_cells": 0, "number_distinct_values": 528, "frequent_values": ["75Q023", "27Q210", "06M319", "11X144", "18K068"], "dataTypes": [{"type": "DATE/TIME", "count": 104, "max_value": "2019-12-08T00:06:52", "min_value": "2019-12-08T00:01:34"}, {"type": "TEXT", "count": 7061, "shortest_values": [["01M140", 6], ["01M140", 6], ["01M140", 6], ["01M140", 6], ["01M140", 6]], "longest_values": [["01M140", 6], ["01M140", 6], ["01M140", 6], ["01M140", 6], ["01M140", 6]], "average_length": 6.0}]}, {"column_name": "School_Name", "number_non_empty_cells": 7140, "number_empty_cells": 25, "number_distinct_values": 528, "frequent_values": ["P.S. Q023 @ Queens Children Center", "J.H.S. 210 Elizabeth Blackwell", "J.H.S. 157 Stephen A. Halsey", "M.S. 319 - Maria Teresa", "J.H.S. 144 Michelangelo"], "dataTypes": [{"type": "TEXT", "count": 7165, "shortest_values": [["Kappa", 5], ["Kappa", 5], ["Kappa", 5], ["Kappa", 5], ["Kappa", 5]], "longest_values": [["Academy for College Preparation and Career Exploration: A College Board School", 78], ["Academy for College Preparation and Career Exploration: A College Board School", 78], ["Academy for College Preparation and Career Exploration: A College Board School", 78], ["Academy for College Preparation and Career Exploration: A College Board School", 78], ["Academy for College Preparation and Career Exploration: A College Board School", 78]], "average_length": 27.790090718771836}]}, {"column_name": "Category", "number_non_empty_cells": 7165, "number_empty_cells": 0, "number_distinct_values": 23, "frequent_values": ["All Students", "English Language Proficient", "unverified age", "Not Student with Disability", "Male"], "dataTypes": [{"type": "TEXT", "count": 7165, "shortest_values": [["Male", 4], ["Male", 4], ["Male", 4], ["Male", 4], ["Male", 4]], "longest_values": [["English Language Proficient", 27], ["Not Student with Disability", 27], ["English Language Proficient", 27], ["Not Student with Disability", 27], ["English Language Proficient", 27]], "average_length": 12.809071877180752}]}, {"column_name": "Discharge_Type", "number_non_empty_cells": 7165, "number_empty_cells": 0, "number_distinct_values": 2, "frequent_values": ["Discharge out of NYC School", "Drop Out"], "dataTypes": [{"type": "TEXT", "count": 7165, "shortest_values": [["Drop Out", 8], ["Drop Out", 8], ["Drop Out", 8], ["Drop Out", 8], ["Drop Out", 8]], "longest_values": [["Discharge out of NYC School", 27], ["Discharge out of NYC School", 27], ["Discharge out of NYC School", 27], ["Discharge out of NYC School", 27], ["Discharge out of NYC School", 27]], "average_length": 24.67969295184928}]}, {"column_name": "#_of_Discharges", "number_non_empty_cells": 7165, "number_empty_cells": 0, "number_distinct_values": 38, "frequent_values": ["*", "10", "11", "12", "13"], "dataTypes": [{"type": "INTEGER (LONG)", "count": 769, "max_value": 59, "min_value": 10, "mean": 15.928478543563072, "stddev": 7.154896503727952}, {"type": "TEXT", "count": 6396, "shortest_values": [["*", 1], ["*", 1], ["*", 1], ["*", 1], ["*", 1]], "longest_values": [["*", 1], ["*", 1], ["*", 1], ["*", 1], ["*", 1]], "average_length": 1.0}]}, {"column_name": "Total_Enrolled_Students", "number_non_empty_cells": 7165, "number_empty_cells": 0, "number_distinct_values": 906, "frequent_values": ["*", "66", "53", "105", "104"], "dataTypes": [{"type": "INTEGER (LONG)", "count": 6653, "max_value": 999, "min_value": 10, "mean": 197.94273260183385, "stddev": 177.35728197166975}, {"type": "DATE/TIME", "count": 228, "max_value": "2067-01-08T00:00:00", "min_value": "0102-01-08T00:00:00"}, {"type": "TEXT", "count": 284, "shortest_values": [["*", 1], ["*", 1], ["*", 1], ["*", 1], ["*", 1]], "longest_values": [["*", 1], ["*", 1], ["*", 1], ["*", 1], ["*", 1]], "average_length": 1.0}]}]}