{"dataset_name": "/user/hm74/NYCOpenData/b2gb-nkrq.tsv.gz", "columns": [{"column_name": "TEAM_NAME", "number_non_empty_cells": 47, "number_empty_cells": 0, "number_distinct_values": 45, "frequent_values": ["Brooklyn 12", "Brooklyn 9", "Queens 4", "Brooklyn 7", "Brooklyn 6"], "dataTypes": [{"type": "TEXT", "count": 47, "shortest_values": [["Bronx 1", 7], ["Bronx 3", 7], ["Bronx 4", 7], ["Bronx 7", 7], ["Bronx 8", 7]], "longest_values": [["Staten Island 1 - Port Richmond", 31], ["Bronx 10 - Co-op City", 21], ["Queens 5 - GVAC", 15], ["Brooklyn 10/11", 14], ["Manhattan 4/5", 13]], "average_length": 10.829787234042554}]}, {"column_name": "CD_Name", "number_non_empty_cells": 47, "number_empty_cells": 0, "number_distinct_values": 47, "frequent_values": ["Manhattan CD 4 & 5", "Brooklyn CD 1", "Brooklyn CD 3 & 4", "Bronx CD 3", "Bronx CD 12"], "dataTypes": [{"type": "TEXT", "count": 47, "shortest_values": [["Bronx CD 1", 10], ["Bronx CD 3", 10], ["Bronx CD 4", 10], ["Bronx CD 7", 10], ["Bronx CD 8", 10]], "longest_values": [["Staten Island CD 1 & 2 & 3", 26], ["Brooklyn CD 12 and 5", 20], ["Brooklyn CD 10 & 11", 19], ["Manhattan CD 4 & 5", 18], ["Queens CD 9 and 10", 18]], "average_length": 13.80851063829787}]}, {"column_name": "CD_Number", "number_non_empty_cells": 47, "number_empty_cells": 0, "number_distinct_values": 47, "frequent_values": ["205/206", "307", "101", "309", "112"], "dataTypes": [{"type": "INTEGER (LONG)", "count": 37, "max_value": 414, "min_value": 101, "mean": 248.40540540540542, "stddev": 105.74560484367453}, {"type": "TEXT", "count": 10, "shortest_values": [["104/105", 7], ["205/206", 7], ["303/204", 7], ["310/311", 7], ["312/305", 7]], "longest_values": [["501/502/503", 11], ["104/105", 7], ["205/206", 7], ["303/204", 7], ["310/311", 7]], "average_length": 7.4}]}, {"column_name": "Team_Total", "number_non_empty_cells": 47, "number_empty_cells": 0, "number_distinct_values": 3, "frequent_values": [1, 2, 3], "dataTypes": [{"type": "INTEGER (LONG)", "count": 47, "max_value": 3, "min_value": 1, "mean": 1.127659574468086, "stddev": 0.39232104073586754}]}, {"column_name": "CERT_STATUS", "number_non_empty_cells": 47, "number_empty_cells": 0, "number_distinct_values": 1, "frequent_values": ["Active CERT team"], "dataTypes": [{"type": "TEXT", "count": 47, "shortest_values": [["Active CERT team", 16], ["Active CERT team", 16], ["Active CERT team", 16], ["Active CERT team", 16], ["Active CERT team", 16]], "longest_values": [["Active CERT team", 16], ["Active CERT team", 16], ["Active CERT team", 16], ["Active CERT team", 16], ["Active CERT team", 16]], "average_length": 16.0}]}, {"column_name": "UPDATED", "number_non_empty_cells": 47, "number_empty_cells": 0, "number_distinct_values": 6, "frequent_values": ["05/19/2010", "06/16/2015", "01/11/2016", "09/21/2011", "06/26/2015"], "dataTypes": [{"type": "DATE/TIME", "count": 47, "max_value": "2016-01-11T00:00:00", "min_value": "2010-05-19T00:00:00"}]}]}