{"dataset_name": "/user/hm74/NYCOpenData/b2sp-asbg.tsv.gz", "columns": [{"column_name": "Name of Center", "number_non_empty_cells": 41, "number_empty_cells": 0, "number_distinct_values": 34, "frequent_values": ["Sunset Park Family Health Center", "Community Health Care Network ", "Community Health Care Network", "Charles B. Wang Community Health Center", "Soundview Health Center"], "dataTypes": [{"type": "TEXT", "count": 41, "shortest_values": [["Staten Island ", 14], ["Urban Health Plan", 17], ["Ezra Medical Center", 19], ["Heritage Health Care", 20], ["The Floating Hospital", 21]], "longest_values": [["Sunset Park Family Health Center Caribbean-American Family Health Center", 72], ["Sunset Park Family Health Center Brooklyn-Chinese Family Health Center", 70], ["Sunset Park Family Health Center Family Physician Family Health Center", 70], ["Sunset Park Family Health Center Park Ridge Family Health Center", 64], ["Community Health Care Network - CABS Health Center", 50]], "average_length": 35.58536585365854}]}, {"column_name": "Center Address", "number_non_empty_cells": 41, "number_empty_cells": 0, "number_distinct_values": 41, "frequent_values": ["136-26 37th Ave - 2nd Fl", "1265 Franklin Avenue", "1065 Southern Boulevard", "1276 Fulton Avenue, Suite 401-402", "97-04 Sutphin Blvd"], "dataTypes": [{"type": "TEXT", "count": 41, "shortest_values": [["150 55th Street", 15], ["812 54th Street", 15], ["5616 6th Avenue", 15], ["6317 4th Avenue", 15], ["220 13th Street", 15]], "longest_values": [["(Montefiore) 1621 Eastchester Road", 34], ["1276 Fulton Avenue, Suite 401-402", 33], ["Dr. Betty Shabazz Health Center", 31], ["Caribbean House Health Center", 29], ["Morris Heights Health Center", 28]], "average_length": 20.121951219512194}]}, {"column_name": "Postcode", "number_non_empty_cells": 41, "number_empty_cells": 0, "number_distinct_values": 34, "frequent_values": [11220, 11435, 10456, 11209, 11213], "dataTypes": [{"type": "INTEGER (LONG)", "count": 41, "max_value": 12203, "min_value": 10002, "mean": 10800.536585365853, "stddev": 583.9503026616089}]}, {"column_name": "Telephone Number", "number_non_empty_cells": 41, "number_empty_cells": 0, "number_distinct_values": 41, "frequent_values": ["(718) 832-5980 ", "(718) 466-6072", " (718) 991-4833", "(718) 630-8878 ", "(718) 876-1732"], "dataTypes": [{"type": "TEXT", "count": 41, "shortest_values": [["(718) 466-6072", 14], ["(718) 636-4500", 14], ["(718) 596-9896", 14], ["(718) 388-0390", 14], ["(212) 360-2661", 14]], "longest_values": [["(718) 579-2500 ", 15], ["(718) 503-7714 ", 15], [" (718) 933-2400", 15], ["(718) 579-2597 ", 15], ["(718) 716-4400 ", 15]], "average_length": 14.804878048780488}]}, {"column_name": "Latitude", "number_non_empty_cells": 35, "number_empty_cells": 6, "number_distinct_values": 36, "frequent_values": [40.639923, 40.646941, 40.615612, 40.638557, 40.645329], "dataTypes": [{"type": "REAL", "count": 35, "max_value": 40.863191, "min_value": 40.593126, "mean": 40.72006397142857, "stddev": 0.07573072409285461}]}, {"column_name": "Longitude", "number_non_empty_cells": 35, "number_empty_cells": 6, "number_distinct_values": 36, "frequent_values": [-74.009193, -74.02093, -73.975701, -73.94464, -73.993809], "dataTypes": [{"type": "REAL", "count": 35, "max_value": -73.7916, "min_value": -74.135021, "mean": -73.95574285714287, "stddev": 0.06978719776256768}]}, {"column_name": "Community Board", "number_non_empty_cells": 35, "number_empty_cells": 6, "number_distinct_values": 14, "frequent_values": [7, 1, 3, 12, 4], "dataTypes": [{"type": "INTEGER (LONG)", "count": 35, "max_value": 16, "min_value": 1, "mean": 6.542857142857143, "stddev": 4.177099862979831}]}, {"column_name": "Council District ", "number_non_empty_cells": 35, "number_empty_cells": 6, "number_distinct_values": 23, "frequent_values": [38, 2, 3, 16, 43], "dataTypes": [{"type": "INTEGER (LONG)", "count": 35, "max_value": 49, "min_value": 1, "mean": 23.8, "stddev": 15.00057141768749}]}, {"column_name": "Census Tract", "number_non_empty_cells": 35, "number_empty_cells": 6, "number_distinct_values": 35, "frequent_values": [149, 52, 31, 122, 924], "dataTypes": [{"type": "INTEGER (LONG)", "count": 35, "max_value": 39901, "min_value": 16, "mean": 2005.9714285714294, "stddev": 6916.078911743952}]}, {"column_name": "BIN", "number_non_empty_cells": 35, "number_empty_cells": 6, "number_distinct_values": 35, "frequent_values": [2004246, 3014856, 1079308, 1087874, 3061077], "dataTypes": [{"type": "INTEGER (LONG)", "count": 35, "max_value": 5024241, "min_value": 1002344, "mean": 2517864.0571428575, "stddev": 1141729.2681899415}]}, {"column_name": "BBL", "number_non_empty_cells": 35, "number_empty_cells": 6, "number_distinct_values": 35, "frequent_values": [2026120007, 3022300004, 1008430039, 1008580022, 3061260007], "dataTypes": [{"type": "INTEGER (LONG)", "count": 35, "max_value": 5010350001, "min_value": 1001960013, "mean": 2460406448.657142, "stddev": 1119366297.2182274}]}, {"column_name": "NTA", "number_non_empty_cells": 35, "number_empty_cells": 6, "number_distinct_values": 29, "frequent_values": ["Sunset Park East                                                           ", "Jamaica                                                                    ", "Morrisania-Melrose                                                         ", "Sunset Park West                                                           ", "Bay Ridge                                                                  "], "dataTypes": [{"type": "TEXT", "count": 35, "shortest_values": [["Morrisania-Melrose                                                         ", 75], ["Morrisania-Melrose                                                         ", 75], ["Bedford Park-Fordham North                                                 ", 75], ["East Concourse-Concourse Village                                           ", 75], ["Soundview-Castle Hill-Clason Point-Harding Park                            ", 75]], "longest_values": [["Morrisania-Melrose                                                         ", 75], ["Morrisania-Melrose                                                         ", 75], ["Bedford Park-Fordham North                                                 ", 75], ["East Concourse-Concourse Village                                           ", 75], ["Soundview-Castle Hill-Clason Point-Harding Park                            ", 75]], "average_length": 75.0}]}, {"column_name": "Borough", "number_non_empty_cells": 41, "number_empty_cells": 0, "number_distinct_values": 5, "frequent_values": ["Brooklyn", "Manhattan", "Bronx", "Queens", "Staten Island"], "dataTypes": [{"type": "TEXT", "count": 41, "shortest_values": [["Bronx", 5], ["Bronx", 5], ["Bronx", 5], ["Bronx", 5], ["Bronx", 5]], "longest_values": [["Staten Island", 13], ["Manhattan", 9], ["Manhattan", 9], ["Manhattan", 9], ["Manhattan", 9]], "average_length": 7.536585365853659}]}]}