{"dataset_name": "/user/hm74/NYCOpenData/b36s-tuqc.tsv.gz", "columns": [{"column_name": "VOLUNTARY", "number_non_empty_cells": 1, "number_empty_cells": 0, "number_distinct_values": 1, "frequent_values": ["INVOLUNTARY"], "dataTypes": [{"type": "TEXT", "count": 1, "shortest_values": [["INVOLUNTARY", 11]], "longest_values": [["INVOLUNTARY", 11]], "average_length": 11.0}]}, {"column_name": "151", "number_non_empty_cells": 1, "number_empty_cells": 0, "number_distinct_values": 1, "frequent_values": [14], "dataTypes": [{"type": "INTEGER (LONG)", "count": 1, "max_value": 14, "min_value": 14, "mean": 14.0, "stddev": 0.0}]}]}