{"dataset_name": "/user/hm74/NYCOpenData/b37a-3faw.tsv.gz", "columns": [{"column_name": "Published_Date", "number_non_empty_cells": 585, "number_empty_cells": 0, "number_distinct_values": 2, "frequent_values": [20190425, 20190207], "dataTypes": [{"type": "INTEGER (LONG)", "count": 585, "max_value": 20190425, "min_value": 20190207, "mean": 20190317.304273523, "stddev": 108.99219636960599}]}, {"column_name": "Project_Type", "number_non_empty_cells": 585, "number_empty_cells": 0, "number_distinct_values": 38, "frequent_values": ["ED", "HW", "P", "TF", "BR and HB"], "dataTypes": [{"type": "TEXT", "count": 585, "shortest_values": [["T", 1], ["T", 1], ["W", 1], ["W", 1], ["W", 1]], "longest_values": [["BR and HB", 9], ["BR and HB", 9], ["BR and HB", 9], ["BR and HB", 9], ["BR and HB", 9]], "average_length": 2.1128205128205124}]}, {"column_name": "Project_Type_Description", "number_non_empty_cells": 585, "number_empty_cells": 0, "number_distinct_values": 37, "frequent_values": ["Department of Small Business Services", "Department of Transportation - Highways", "Department of Parks & Recreation", "Department of Transportation - Traffic", "Department of Transportation - Bridges"], "dataTypes": [{"type": "TEXT", "count": 585, "shortest_values": [["Courts", 6], ["Courts", 6], ["Courts", 6], ["Courts", 6], ["Courts", 6]], "longest_values": [["Department of Environmental Protection - Water Mains, Sources and Treatment", 75], ["Department of Environmental Protection - Water Mains, Sources and Treatment", 75], ["Department of Environmental Protection - Water Mains, Sources and Treatment", 75], ["Department of Environmental Protection - Water Mains, Sources and Treatment", 75], ["Department of Environmental Protection - Water Mains, Sources and Treatment", 75]], "average_length": 36.26495726495723}]}, {"column_name": "Ten-Year_Plan_Category", "number_non_empty_cells": 585, "number_empty_cells": 0, "number_distinct_values": 174, "frequent_values": ["Equipment", "Essential Reconstruction of Facilities", "Data Processing Equipment", "Large, Major and Regional Park Reconstruction", "Fair Bridges"], "dataTypes": [{"type": "TEXT", "count": 585, "shortest_values": [["OCME", 4], ["Zoos", 4], ["OCME", 4], ["Zoos", 4], ["Vehicles", 8]], "longest_values": [["Traffic Work in Conjunction with Highway Reconstruction", 55], ["Traffic Work in Conjunction with Highway Reconstruction", 55], ["Traffic Work in Conjunction with Highway Reconstruction", 55], ["Electronic Data Processing Equipment for DoITT, Citynet", 55], ["Traffic Work in Conjunction with Highway Reconstruction", 55]], "average_length": 29.61367521367522}]}, {"column_name": "Funding_Type", "number_non_empty_cells": 585, "number_empty_cells": 0, "number_distinct_values": 4, "frequent_values": ["City", "Federal", "State", "Private"], "dataTypes": [{"type": "TEXT", "count": 585, "shortest_values": [["City", 4], ["City", 4], ["City", 4], ["City", 4], ["City", 4]], "longest_values": [["Federal", 7], ["Private", 7], ["Federal", 7], ["Federal", 7], ["Federal", 7]], "average_length": 4.815384615384617}]}, {"column_name": "First_Fiscal_Year", "number_non_empty_cells": 585, "number_empty_cells": 0, "number_distinct_values": 1, "frequent_values": [2020], "dataTypes": [{"type": "INTEGER (LONG)", "count": 585, "max_value": 2020, "min_value": 2020, "mean": 2020.0, "stddev": 0.0}]}, {"column_name": "Fiscal_Year_1_Amount", "number_non_empty_cells": 585, "number_empty_cells": 0, "number_distinct_values": 451, "frequent_values": [0, 1000, 37, 200, 6840], "dataTypes": [{"type": "INTEGER (LONG)", "count": 585, "max_value": 971880, "min_value": -279, "mean": 63391.54017094012, "stddev": 137621.2803184065}]}, {"column_name": "Fiscal_Year_2_Amount", "number_non_empty_cells": 585, "number_empty_cells": 0, "number_distinct_values": 360, "frequent_values": [0, 600, 2000, 5000, 5100], "dataTypes": [{"type": "INTEGER (LONG)", "count": 585, "max_value": 1250525, "min_value": 0, "mean": 56505.24102564104, "stddev": 132634.6904725162}]}, {"column_name": "Fiscal_Year_3_Amount", "number_non_empty_cells": 585, "number_empty_cells": 0, "number_distinct_values": 344, "frequent_values": [0, 50, 4257, 2354, 300], "dataTypes": [{"type": "INTEGER (LONG)", "count": 585, "max_value": 1627850, "min_value": 0, "mean": 57115.19145299148, "stddev": 152257.25053682472}]}, {"column_name": "Fiscal_Year_4_Amount", "number_non_empty_cells": 585, "number_empty_cells": 0, "number_distinct_values": 279, "frequent_values": [0, 10000, 5000, 32000, 1], "dataTypes": [{"type": "INTEGER (LONG)", "count": 585, "max_value": 2226316, "min_value": 0, "mean": 52352.84957264958, "stddev": 169923.3486502994}]}, {"column_name": "Fiscal_Year_5_Amount", "number_non_empty_cells": 585, "number_empty_cells": 0, "number_distinct_values": 224, "frequent_values": [0, 10000, 25000, 32000, 221], "dataTypes": [{"type": "INTEGER (LONG)", "count": 585, "max_value": 2201113, "min_value": 0, "mean": 43694.675213675204, "stddev": 159812.34064275754}]}, {"column_name": "Fiscal_Year_6_Amount", "number_non_empty_cells": 585, "number_empty_cells": 0, "number_distinct_values": 169, "frequent_values": [0, 10000, 25000, 32000, 5000], "dataTypes": [{"type": "INTEGER (LONG)", "count": 585, "max_value": 1945978, "min_value": 0, "mean": 25727.61025641026, "stddev": 112481.82064008356}]}, {"column_name": "Fiscal_Year_7_Amount", "number_non_empty_cells": 585, "number_empty_cells": 0, "number_distinct_values": 142, "frequent_values": [0, 10000, 3609, 12000, 516], "dataTypes": [{"type": "INTEGER (LONG)", "count": 585, "max_value": 955306, "min_value": 0, "mean": 21858.32820512821, "stddev": 80840.51627466155}]}, {"column_name": "Fiscal_Year_8_Amount", "number_non_empty_cells": 585, "number_empty_cells": 0, "number_distinct_values": 130, "frequent_values": [0, 10000, 5000, 3720, 32000], "dataTypes": [{"type": "INTEGER (LONG)", "count": 585, "max_value": 714166, "min_value": 0, "mean": 19224.77435897434, "stddev": 67902.89693816635}]}, {"column_name": "Fiscal_Year_9_Amount", "number_non_empty_cells": 585, "number_empty_cells": 0, "number_distinct_values": 120, "frequent_values": [0, 10000, 3869, 32000, 342674], "dataTypes": [{"type": "INTEGER (LONG)", "count": 585, "max_value": 742733, "min_value": 0, "mean": 19281.65982905983, "stddev": 69475.09670247046}]}, {"column_name": "Fiscal_Year_10_Amount", "number_non_empty_cells": 585, "number_empty_cells": 0, "number_distinct_values": 110, "frequent_values": [0, 10000, 4024, 5000, 32000], "dataTypes": [{"type": "INTEGER (LONG)", "count": 585, "max_value": 772442, "min_value": 0, "mean": 18632.09914529915, "stddev": 71427.87877273878}]}, {"column_name": "Ten-Year_Total", "number_non_empty_cells": 585, "number_empty_cells": 0, "number_distinct_values": 514, "frequent_values": [1000, 3, 15, 31, 6301], "dataTypes": [{"type": "INTEGER (LONG)", "count": 585, "max_value": 8746162, "min_value": 3, "mean": 377783.9692307694, "stddev": 946024.5773385783}]}]}