{"dataset_name": "/user/hm74/NYCOpenData/b8z8-mpdb.tsv.gz", "columns": [{"column_name": "ProviderType", "number_non_empty_cells": 0, "number_empty_cells": 18, "number_distinct_values": 1, "frequent_values": ["CASE MANAGEMENT SERVICES CONTRACTS"], "dataTypes": [{"type": "TEXT", "count": 18, "shortest_values": [["CASE MANAGEMENT SERVICES CONTRACTS", 34], ["CASE MANAGEMENT SERVICES CONTRACTS", 34], ["CASE MANAGEMENT SERVICES CONTRACTS", 34], ["CASE MANAGEMENT SERVICES CONTRACTS", 34], ["CASE MANAGEMENT SERVICES CONTRACTS", 34]], "longest_values": [["CASE MANAGEMENT SERVICES CONTRACTS", 34], ["CASE MANAGEMENT SERVICES CONTRACTS", 34], ["CASE MANAGEMENT SERVICES CONTRACTS", 34], ["CASE MANAGEMENT SERVICES CONTRACTS", 34], ["CASE MANAGEMENT SERVICES CONTRACTS", 34]], "average_length": 34.0}]}, {"column_name": "DFTA ID", "number_non_empty_cells": 18, "number_empty_cells": 0, "number_distinct_values": 9, "frequent_values": ["2MF01", "3M901", "1MA01", "2MJ01", "4MD01"], "dataTypes": [{"type": "TEXT", "count": 18, "shortest_values": [["1MA01", 5], ["2MF01", 5], ["3M901", 5], ["2MK01", 5], ["1MA01", 5]], "longest_values": [["1MA01", 5], ["2MF01", 5], ["3M901", 5], ["2MK01", 5], ["1MA01", 5]], "average_length": 5.0}]}, {"column_name": "ContractYear", "number_non_empty_cells": 18, "number_empty_cells": 0, "number_distinct_values": 1, "frequent_values": [2020], "dataTypes": [{"type": "INTEGER (LONG)", "count": 18, "max_value": 2020, "min_value": 2020, "mean": 2020.0, "stddev": 0.0}]}, {"column_name": "SponsorName", "number_non_empty_cells": 16, "number_empty_cells": 2, "number_distinct_values": 7, "frequent_values": ["SELFHELP COMMUNITY SERVICES INC", "THE JEWISH ASSOCIATION FOR SERVICES FOR THE AGED", "RECREATION ROOMS AND SETTLEMENT INC", "HEIGHTS AND HILLS INC.", "REGIONAL AID FOR INTERIM NEEDS INC"], "dataTypes": [{"type": "TEXT", "count": 18, "shortest_values": [["HEIGHTS AND HILLS INC.", 22], ["HEIGHTS AND HILLS INC.", 22], ["QUEENS COMMUNITY HOUSE INC.", 27], ["QUEENS COMMUNITY HOUSE INC.", 27], ["ISABELLA GERIATRIC CENTER INC", 29]], "longest_values": [["THE JEWISH ASSOCIATION FOR SERVICES FOR THE AGED", 48], ["THE JEWISH ASSOCIATION FOR SERVICES FOR THE AGED", 48], ["THE JEWISH ASSOCIATION FOR SERVICES FOR THE AGED", 48], ["THE JEWISH ASSOCIATION FOR SERVICES FOR THE AGED", 48], ["RECREATION ROOMS AND SETTLEMENT INC", 35]], "average_length": 33.88888888888889}]}, {"column_name": "ProgramName", "number_non_empty_cells": 4, "number_empty_cells": 14, "number_distinct_values": 9, "frequent_values": ["QUEENS COMM. HOUSE CASE MANAGEMENT QNS-3", "RAIN CASE MANAGEMENT BX-2", "SELFHELP PROJECT CASE MANAGEMENT MN-2", "HEIGHTS AND HILLS CASE MANAGEMENT BK-02", "ISABELLA CASE MANAGEMENT MN-4"], "dataTypes": [{"type": "TEXT", "count": 18, "shortest_values": [["SELFHELP PROJECT QUEENS", 23], ["SELFHELP PROJECT QUEENS", 23], ["RAIN CASE MANAGEMENT BX-2", 25], ["JASA CASE MANAGEMENT BK-7", 25], ["RAIN CASE MANAGEMENT BX-2", 25]], "longest_values": [["QUEENS COMM. HOUSE CASE MANAGEMENT QNS-3", 40], ["QUEENS COMM. HOUSE CASE MANAGEMENT QNS-3", 40], ["HEIGHTS AND HILLS CASE MANAGEMENT BK-02", 39], ["HEIGHTS AND HILLS CASE MANAGEMENT BK-02", 39], ["SPECIAL SVCS. FOR SR. CASE MANG. BK-3", 37]], "average_length": 31.111111111111114}]}, {"column_name": "ServiceID", "number_non_empty_cells": 18, "number_empty_cells": 0, "number_distinct_values": 2, "frequent_values": ["CSMG", "CMSP"], "dataTypes": [{"type": "TEXT", "count": 18, "shortest_values": [["CSMG", 4], ["CMSP", 4], ["CSMG", 4], ["CMSP", 4], ["CMSP", 4]], "longest_values": [["CSMG", 4], ["CMSP", 4], ["CSMG", 4], ["CMSP", 4], ["CMSP", 4]], "average_length": 4.0}]}, {"column_name": "ServiceName", "number_non_empty_cells": 9, "number_empty_cells": 9, "number_distinct_values": 2, "frequent_values": ["CASE MANAGEMENT", "CSMG SUPPLEMENTAL"], "dataTypes": [{"type": "TEXT", "count": 18, "shortest_values": [["CASE MANAGEMENT", 15], ["CASE MANAGEMENT", 15], ["CASE MANAGEMENT", 15], ["CASE MANAGEMENT", 15], ["CASE MANAGEMENT", 15]], "longest_values": [["CSMG SUPPLEMENTAL", 17], ["CSMG SUPPLEMENTAL", 17], ["CSMG SUPPLEMENTAL", 17], ["CSMG SUPPLEMENTAL", 17], ["CSMG SUPPLEMENTAL", 17]], "average_length": 16.0}]}, {"column_name": "ReportedMonth", "number_non_empty_cells": 18, "number_empty_cells": 0, "number_distinct_values": 1, "frequent_values": ["Jul 2019"], "dataTypes": [{"type": "DATE/TIME", "count": 18, "max_value": "2019-07-05T00:00:00", "min_value": "2019-07-05T00:00:00"}]}, {"column_name": "ReportedUnits", "number_non_empty_cells": 18, "number_empty_cells": 0, "number_distinct_values": 16, "frequent_values": [22, 2, 1, 3888, 111], "dataTypes": [{"type": "INTEGER (LONG)", "count": 18, "max_value": 3888, "min_value": 0, "mean": 1184.1666666666667, "stddev": 1268.3411848202009}]}]}