{"dataset_name": "/user/hm74/NYCOpenData/b9e9-2we4.tsv.gz", "columns": [{"column_name": "District", "number_non_empty_cells": 2688, "number_empty_cells": 0, "number_distinct_values": 32, "frequent_values": [31, 28, 26, 27, 12], "dataTypes": [{"type": "INTEGER (LONG)", "count": 2688, "max_value": 32, "min_value": 1, "mean": 16.500000000000014, "stddev": 9.233092656309681}]}, {"column_name": "Grade", "number_non_empty_cells": 2688, "number_empty_cells": 0, "number_distinct_values": 7, "frequent_values": ["7", "3", "8", "5", "6"], "dataTypes": [{"type": "INTEGER (LONG)", "count": 2304, "max_value": 8, "min_value": 3, "mean": 5.499999999999998, "stddev": 1.7078251276599326}, {"type": "TEXT", "count": 384, "shortest_values": [["All Grades", 10], ["All Grades", 10], ["All Grades", 10], ["All Grades", 10], ["All Grades", 10]], "longest_values": [["All Grades", 10], ["All Grades", 10], ["All Grades", 10], ["All Grades", 10], ["All Grades", 10]], "average_length": 10.0}]}, {"column_name": "Year", "number_non_empty_cells": 2688, "number_empty_cells": 0, "number_distinct_values": 6, "frequent_values": [2007, 2006, 2009, 2010, 2011], "dataTypes": [{"type": "INTEGER (LONG)", "count": 2688, "max_value": 2011, "min_value": 2006, "mean": 2008.499999999998, "stddev": 1.7078251276614698}]}, {"column_name": "Category", "number_non_empty_cells": 2688, "number_empty_cells": 0, "number_distinct_values": 2, "frequent_values": ["General Ed", "Special Ed"], "dataTypes": [{"type": "TEXT", "count": 2688, "shortest_values": [["General Ed", 10], ["Special Ed", 10], ["General Ed", 10], ["Special Ed", 10], ["General Ed", 10]], "longest_values": [["General Ed", 10], ["Special Ed", 10], ["General Ed", 10], ["Special Ed", 10], ["General Ed", 10]], "average_length": 10.0}]}, {"column_name": "Number_Tested", "number_non_empty_cells": 2688, "number_empty_cells": 0, "number_distinct_values": 1679, "frequent_values": [190, 233, 253, 330, 152], "dataTypes": [{"type": "INTEGER (LONG)", "count": 2688, "max_value": 21102, "min_value": 119, "mean": 1830.430803571432, "stddev": 2900.239072088954}]}, {"column_name": "Mean_Scale_Score", "number_non_empty_cells": 2688, "number_empty_cells": 0, "number_distinct_values": 112, "frequent_values": [646, 644, 645, 647, 663], "dataTypes": [{"type": "INTEGER (LONG)", "count": 2688, "max_value": 698, "min_value": 585, "mean": 645.6953125000001, "stddev": 20.84612221399171}]}, {"column_name": "Level_1_#", "number_non_empty_cells": 2688, "number_empty_cells": 0, "number_distinct_values": 566, "frequent_values": [0, 2, 5, 3, 6], "dataTypes": [{"type": "INTEGER (LONG)", "count": 2688, "max_value": 2389, "min_value": 0, "mean": 172.25000000000009, "stddev": 257.30461264904733}]}, {"column_name": "Level_1_%", "number_non_empty_cells": 2688, "number_empty_cells": 0, "number_distinct_values": 549, "frequent_values": [0.0, 0.3, 0.7, 0.8, 0.1], "dataTypes": [{"type": "REAL", "count": 2688, "max_value": 69.0, "min_value": 0.0, "mean": 17.925334821428596, "stddev": 16.958135653521914}]}, {"column_name": "Level_2_#", "number_non_empty_cells": 2688, "number_empty_cells": 0, "number_distinct_values": 1159, "frequent_values": [130, 114, 129, 120, 155], "dataTypes": [{"type": "INTEGER (LONG)", "count": 2688, "max_value": 8841, "min_value": 37, "mean": 692.3474702380937, "stddev": 1069.4167193343364}]}, {"column_name": "Level_2_%", "number_non_empty_cells": 2688, "number_empty_cells": 0, "number_distinct_values": 633, "frequent_values": [44.2, 47.6, 43.1, 41.3, 44.9], "dataTypes": [{"type": "REAL", "count": 2688, "max_value": 81.3, "min_value": 2.7, "mean": 43.25930059523809, "stddev": 14.176325412087737}]}, {"column_name": "Level_3_#", "number_non_empty_cells": 2688, "number_empty_cells": 0, "number_distinct_values": 1280, "frequent_values": [32, 18, 30, 24, 45], "dataTypes": [{"type": "INTEGER (LONG)", "count": 2688, "max_value": 15448, "min_value": 0, "mean": 872.0059523809516, "stddev": 1650.217548328041}]}, {"column_name": "Level_3_%", "number_non_empty_cells": 2688, "number_empty_cells": 0, "number_distinct_values": 733, "frequent_values": [9.8, 12.7, 11.6, 58.5, 6.7], "dataTypes": [{"type": "REAL", "count": 2688, "max_value": 81.2, "min_value": 0.0, "mean": 35.597879464285654, "stddev": 21.1471386347622}]}, {"column_name": "Level_4_#", "number_non_empty_cells": 2688, "number_empty_cells": 0, "number_distinct_values": 441, "frequent_values": [0, 1, 2, 3, 4], "dataTypes": [{"type": "INTEGER (LONG)", "count": 2688, "max_value": 2215, "min_value": 0, "mean": 93.8273809523808, "stddev": 227.19700019827062}]}, {"column_name": "Level_4_%", "number_non_empty_cells": 2688, "number_empty_cells": 0, "number_distinct_values": 206, "frequent_values": [0.0, 0.3, 0.5, 0.4, 0.2], "dataTypes": [{"type": "REAL", "count": 2688, "max_value": 33.3, "min_value": 0.0, "mean": 3.217522321428569, "stddev": 4.549242181571022}]}, {"column_name": "Level_3+4_#", "number_non_empty_cells": 2688, "number_empty_cells": 0, "number_distinct_values": 1317, "frequent_values": [18, 30, 36, 32, 33], "dataTypes": [{"type": "INTEGER (LONG)", "count": 2688, "max_value": 17296, "min_value": 0, "mean": 965.833333333332, "stddev": 1844.5249466379807}]}, {"column_name": "Level_3+4_%", "number_non_empty_cells": 2688, "number_empty_cells": 0, "number_distinct_values": 827, "frequent_values": [12.5, 6.7, 10.5, 9.5, 11.6], "dataTypes": [{"type": "REAL", "count": 2688, "max_value": 97.3, "min_value": 0.0, "mean": 38.81536458333331, "stddev": 24.21013042036837}]}]}