{"dataset_name": "/user/hm74/NYCOpenData/bawj-6bgn.tsv.gz", "columns": [{"column_name": "BRONX_CONDOMINIUM_PROPERTY_Boro-Block-Lot", "number_non_empty_cells": 66, "number_empty_cells": 0, "number_distinct_values": 58, "frequent_values": ["2-03432-7501", "2-03929-7501", "2-03944-7501", "2-05944-7501", "2-02516-7501"], "dataTypes": [{"type": "TEXT", "count": 66, "shortest_values": [["2-02315-7501", 12], ["2-02364-7501", 12], ["2-02368-7501", 12], ["2-02369-7501", 12], ["2-02369-7502", 12]], "longest_values": [["2-02315-7501", 12], ["2-02364-7501", 12], ["2-02368-7501", 12], ["2-02369-7501", 12], ["2-02369-7502", 12]], "average_length": 12.0}]}, {"column_name": "BRONX_CONDOMINIUM_PROPERTY_Condo_Section", "number_non_empty_cells": 66, "number_empty_cells": 0, "number_distinct_values": 66, "frequent_values": ["82-R1", "46-R1", "33-R6", "23-R3", "33-R1"], "dataTypes": [{"type": "TEXT", "count": 66, "shortest_values": [["2-R1", 4], ["2-R2", 4], ["6-R1", 4], ["93-R1", 5], ["99-R1", 5]], "longest_values": [["112-R1", 6], ["122-R1", 6], ["115-R1", 6], ["108-R1", 6], ["110-R1", 6]], "average_length": 5.1060606060606055}]}, {"column_name": "BRONX_CONDOMINIUM_PROPERTY_Address", "number_non_empty_cells": 65, "number_empty_cells": 1, "number_distinct_values": 66, "frequent_values": ["2040 WHITE PLAINS ROAD", "3240 NETHERLAND AVENUE", "2135 CROTONA AVENUE", "837 WASHINGTON AVENUE", "2792 SEDGWICK AVENUE"], "dataTypes": [{"type": "TEXT", "count": 66, "shortest_values": [["3044 3 AVENUE", 13], ["3305 3 AVENUE", 13], ["951 HOE AVENUE", 14], ["232 FLEET COURT", 15], ["871 ELTON AVENUE", 16]], "longest_values": [["189A WEST KINGSBRIDGE ROA", 25], ["2600 HENRY HUDSON PARKWAY", 25], ["4961 HENRY HUDSON PARKWAY", 25], ["1308 SOUTHERN BOULEVARD", 23], ["950 WESTCHESTER AVENUE", 22]], "average_length": 18.96969696969697}]}, {"column_name": "Borough", "number_non_empty_cells": 66, "number_empty_cells": 0, "number_distinct_values": 1, "frequent_values": [2], "dataTypes": [{"type": "INTEGER (LONG)", "count": 66, "max_value": 2, "min_value": 2, "mean": 2.0, "stddev": 0.0}]}, {"column_name": "Postcode", "number_non_empty_cells": 65, "number_empty_cells": 1, "number_distinct_values": 19, "frequent_values": [10463, 10462, 10473, 10467, 10461], "dataTypes": [{"type": "INTEGER (LONG)", "count": 65, "max_value": 10473, "min_value": 10451, "mean": 10462.369230769227, "stddev": 5.592767942122883}]}, {"column_name": "Latitude", "number_non_empty_cells": 65, "number_empty_cells": 1, "number_distinct_values": 66, "frequent_values": [40.806696, 40.811694, 40.82572, 40.823282, 40.889453], "dataTypes": [{"type": "REAL", "count": 65, "max_value": 40.905496, "min_value": 40.806696, "mean": 40.850226061538464, "stddev": 0.029441627918450283}]}, {"column_name": "Longitude", "number_non_empty_cells": 65, "number_empty_cells": 1, "number_distinct_values": 66, "frequent_values": [-73.85214, -73.861448, -73.91905, -73.902331, -73.86721], "dataTypes": [{"type": "REAL", "count": 65, "max_value": -73.784647, "min_value": -73.92534, "mean": -73.88171852307691, "stddev": 0.03364672704581639}]}, {"column_name": "Community_Board", "number_non_empty_cells": 65, "number_empty_cells": 1, "number_distinct_values": 12, "frequent_values": [8, 9, 10, 3, 11], "dataTypes": [{"type": "INTEGER (LONG)", "count": 65, "max_value": 12, "min_value": 1, "mean": 7.4, "stddev": 2.9757998278420246}]}, {"column_name": "Council_District", "number_non_empty_cells": 65, "number_empty_cells": 1, "number_distinct_values": 10, "frequent_values": [11, 17, 18, 13, 15], "dataTypes": [{"type": "INTEGER (LONG)", "count": 65, "max_value": 18, "min_value": 8, "mean": 14.27692307692308, "stddev": 2.798393452886812}]}, {"column_name": "Census_Tract", "number_non_empty_cells": 65, "number_empty_cells": 1, "number_distinct_values": 43, "frequent_values": [4, 295, 30701, 297, 185], "dataTypes": [{"type": "INTEGER (LONG)", "count": 65, "max_value": 40303, "min_value": 4, "mean": 7432.984615384615, "stddev": 12421.415943680382}]}, {"column_name": "BIN", "number_non_empty_cells": 65, "number_empty_cells": 1, "number_distinct_values": 66, "frequent_values": [2124419, 2009711, 2083983, 2006083, 2113740], "dataTypes": [{"type": "INTEGER (LONG)", "count": 65, "max_value": 2124419, "min_value": 2000747, "mean": 2091908.8000000003, "stddev": 30381.72241899091}]}, {"column_name": "BBL", "number_non_empty_cells": 65, "number_empty_cells": 1, "number_distinct_values": 61, "frequent_values": [2034327501, 2039377501, 2039437501, 2027037501, 2042847501], "dataTypes": [{"type": "INTEGER (LONG)", "count": 65, "max_value": 2059447501, "min_value": 2023157501, "mean": 2041846477.0769234, "stddev": 12789301.638586793}]}, {"column_name": "NTA", "number_non_empty_cells": 65, "number_empty_cells": 1, "number_distinct_values": 22, "frequent_values": ["Spuyten Duyvil-Kingsbridge                                                 ", "Morrisania-Melrose                                                         ", "North Riverdale-Fieldston-Riverdale                                        ", "Parkchester                                                                ", "Soundview-Castle Hill-Clason Point-Harding Park                            "], "dataTypes": [{"type": "TEXT", "count": 65, "shortest_values": [["Mott Haven-Port Morris                                                     ", 75], ["Melrose South-Mott Haven North                                             ", 75], ["Morrisania-Melrose                                                         ", 75], ["Morrisania-Melrose                                                         ", 75], ["Morrisania-Melrose                                                         ", 75]], "longest_values": [["Mott Haven-Port Morris                                                     ", 75], ["Melrose South-Mott Haven North                                             ", 75], ["Morrisania-Melrose                                                         ", 75], ["Morrisania-Melrose                                                         ", 75], ["Morrisania-Melrose                                                         ", 75]], "average_length": 75.0}]}, {"column_name": "BRONX_CONDOMINIUM_PROPERTY_Neighborhood", "number_non_empty_cells": 66, "number_empty_cells": 0, "number_distinct_values": 17, "frequent_values": ["RIVERDALE", "MORRISANIA/LONGWOOD", "PARKCHESTER", "SOUNDVIEW", "KINGSBRIDGE/JEROME PARK"], "dataTypes": [{"type": "TEXT", "count": 66, "shortest_values": [["BELMONT", 7], ["SOUNDVIEW", 9], ["SOUNDVIEW", 9], ["SOUNDVIEW", 9], ["SOUNDVIEW", 9]], "longest_values": [["HIGHBRIDGE/MORRIS HEIGHTS", 25], ["SCHUYLERVILLE/PELHAM BAY", 24], ["SCHUYLERVILLE/PELHAM BAY", 24], ["SCHUYLERVILLE/PELHAM BAY", 24], ["KINGSBRIDGE/JEROME PARK", 23]], "average_length": 14.151515151515154}]}, {"column_name": "BRONX_CONDOMINIUM_PROPERTY_Building_Classification", "number_non_empty_cells": 66, "number_empty_cells": 0, "number_distinct_values": 3, "frequent_values": ["R4-ELEVATOR", "R2-WALK-UP", "R9-CONDOPS"], "dataTypes": [{"type": "TEXT", "count": 66, "shortest_values": [["R2-WALK-UP", 10], ["R9-CONDOPS", 10], ["R9-CONDOPS", 10], ["R9-CONDOPS", 10], ["R2-WALK-UP", 10]], "longest_values": [["R4-ELEVATOR", 11], ["R4-ELEVATOR", 11], ["R4-ELEVATOR", 11], ["R4-ELEVATOR", 11], ["R4-ELEVATOR", 11]], "average_length": 10.530303030303035}]}, {"column_name": "BRONX_CONDOMINIUM_PROPERTY_Total_Units", "number_non_empty_cells": 66, "number_empty_cells": 0, "number_distinct_values": 43, "frequent_values": [12, 16, 40, 128, 15], "dataTypes": [{"type": "INTEGER (LONG)", "count": 66, "max_value": 3857, "min_value": 11, "mean": 233.42424242424246, "stddev": 724.1444075933118}]}, {"column_name": "BRONX_CONDOMINIUM_PROPERTY_Year_Built", "number_non_empty_cells": 66, "number_empty_cells": 0, "number_distinct_values": 31, "frequent_values": [2006, 2005, 2007, 1989, 1933], "dataTypes": [{"type": "INTEGER (LONG)", "count": 66, "max_value": 2008, "min_value": 0, "mean": 1951.757575757576, "stddev": 243.95678085975877}]}, {"column_name": "BRONX_CONDOMINIUM_PROPERTY_Gross_SqFt", "number_non_empty_cells": 66, "number_empty_cells": 0, "number_distinct_values": 65, "frequent_values": [109764, 85582, 1867373, 19603, 16605], "dataTypes": [{"type": "INTEGER (LONG)", "count": 66, "max_value": 3801490, "min_value": 10033, "mean": 237742.98484848492, "stddev": 711461.6432917368}]}, {"column_name": "BRONX_CONDOMINIUM_PROPERTY_Est_Gross_Income", "number_non_empty_cells": 66, "number_empty_cells": 0, "number_distinct_values": 65, "frequent_values": [263952, 265228, 307584, 1111278, 2605020], "dataTypes": [{"type": "INTEGER (LONG)", "count": 66, "max_value": 40866017, "min_value": 0, "mean": 2949510.0454545454, "stddev": 7710189.308579753}]}, {"column_name": "BRONX_CONDOMINIUM_PROPERTY_Gross_Income_per_SqFt", "number_non_empty_cells": 66, "number_empty_cells": 0, "number_distinct_values": 46, "frequent_values": [10.94, 21.75, 13.53, 24.42, 13.5], "dataTypes": [{"type": "REAL", "count": 66, "max_value": 34.0, "min_value": 0.0, "mean": 15.916060606060602, "stddev": 5.2268879085406175}]}, {"column_name": "BRONX_CONDOMINIUM_PROPERTY_Full_Market_Value", "number_non_empty_cells": 66, "number_empty_cells": 0, "number_distinct_values": 66, "frequent_values": [552000, 1450000, 2580005, 3919962, 5478300], "dataTypes": [{"type": "INTEGER (LONG)", "count": 66, "max_value": 105999815, "min_value": 530000, "mean": 8766782.136363637, "stddev": 20079651.5274113}]}, {"column_name": "BRONX_CONDOMINIUM_PROPERTY_Market_Value_per_SqFt", "number_non_empty_cells": 66, "number_empty_cells": 0, "number_distinct_values": 46, "frequent_values": [51.0, 40.5, 42.0, 101.0, 49.4], "dataTypes": [{"type": "REAL", "count": 66, "max_value": 158.0, "min_value": 23.96, "mean": 57.17818181818182, "stddev": 26.371887632482345}]}, {"column_name": "_COMPARABLE_RENTAL_1_Boro-Block-Lot", "number_non_empty_cells": 66, "number_empty_cells": 0, "number_distinct_values": 52, "frequent_values": ["2-03925-0018", "2-02946-0016", "2-03077-0050", "2-03348-0081", "2-05606-0001"], "dataTypes": [{"type": "TEXT", "count": 66, "shortest_values": [["2-02938-0016", 12], ["2-02264-0014", 12], ["2-02264-0014", 12], ["2-02266-0040", 12], ["2-02692-0048", 12]], "longest_values": [["2-02938-0016", 12], ["2-02264-0014", 12], ["2-02264-0014", 12], ["2-02266-0040", 12], ["2-02692-0048", 12]], "average_length": 12.0}]}, {"column_name": "COMPARABLE_RENTAL_1_Address", "number_non_empty_cells": 65, "number_empty_cells": 1, "number_distinct_values": 52, "frequent_values": ["1565 THIERIOT AVENUE", "1898 BELMONT AVENUE", "2463 HUGHES AVENUE", "315 EAST 209 STREET", "2631 SCHURZ AVENUE"], "dataTypes": [{"type": "TEXT", "count": 66, "shortest_values": [["3097 3 AVENUE", 13], ["712 FOX STREET", 14], ["900 FOX STREET", 14], ["202 BROWN PLACE", 15], ["197 BROOK AVENUE", 16]], "longest_values": [["1970 DR M L KING JR BOULE", 25], ["3801 HUDSON MANOR TERRACE", 25], ["1632 HUTCH RIVER PARKWAY", 24], ["3080 EAST TREMONT AVENUE", 24], ["501 COMMONWEALTH AVENUE", 23]], "average_length": 19.01515151515152}]}, {"column_name": "COMPARABLE_RENTAL_1__Neighborhood", "number_non_empty_cells": 65, "number_empty_cells": 1, "number_distinct_values": 20, "frequent_values": ["RIVERDALE", "EAST TREMONT", "PARKCHESTER", "MORRISANIA/LONGWOOD", "HIGHBRIDGE/MORRIS HEIGHTS"], "dataTypes": [{"type": "TEXT", "count": 66, "shortest_values": [["BELMONT", 7], ["BELMONT", 7], ["BELMONT", 7], ["BELMONT", 7], ["BELMONT", 7]], "longest_values": [["HIGHBRIDGE/MORRIS HEIGHTS", 25], ["HIGHBRIDGE/MORRIS HEIGHTS", 25], ["HIGHBRIDGE/MORRIS HEIGHTS", 25], ["HIGHBRIDGE/MORRIS HEIGHTS", 25], ["HIGHBRIDGE/MORRIS HEIGHTS", 25]], "average_length": 15.106060606060604}]}, {"column_name": "COMPARABLE_RENTAL_1__Building_Classification", "number_non_empty_cells": 66, "number_empty_cells": 0, "number_distinct_values": 8, "frequent_values": ["D1-ELEVATOR", "C1-WALK-UP", "D5-ELEVATOR", "D7-ELEVATOR", "C9-WALK-UP"], "dataTypes": [{"type": "TEXT", "count": 66, "shortest_values": [["C7-WALK-UP", 10], ["C4-WALK-UP", 10], ["C1-WALK-UP", 10], ["C1-WALK-UP", 10], ["C7-WALK-UP", 10]], "longest_values": [["D1-ELEVATOR", 11], ["D7-ELEVATOR", 11], ["D7-ELEVATOR", 11], ["D1-ELEVATOR", 11], ["D5-ELEVATOR", 11]], "average_length": 10.666666666666664}]}, {"column_name": "COMPARABLE_RENTAL_1__Total_Units", "number_non_empty_cells": 66, "number_empty_cells": 0, "number_distinct_values": 43, "frequent_values": [120, 20, 16, 85, 27], "dataTypes": [{"type": "INTEGER (LONG)", "count": 66, "max_value": 608, "min_value": 11, "mean": 63.424242424242415, "stddev": 81.215773323581}]}, {"column_name": "COMPARABLE_RENTAL_1__Year_Built", "number_non_empty_cells": 66, "number_empty_cells": 0, "number_distinct_values": 42, "frequent_values": [1930, 1911, 2004, 1932, 2005], "dataTypes": [{"type": "INTEGER (LONG)", "count": 66, "max_value": 2008, "min_value": 1900, "mean": 1951.8333333333337, "stddev": 34.706816784504}]}, {"column_name": "COMPARABLE_RENTAL_1__Gross_SqFt", "number_non_empty_cells": 66, "number_empty_cells": 0, "number_distinct_values": 52, "frequent_values": [130500, 13520, 20025, 14720, 18450], "dataTypes": [{"type": "INTEGER (LONG)", "count": 66, "max_value": 844578, "min_value": 6260, "mean": 65375.18181818181, "stddev": 109989.1909176739}]}, {"column_name": "COMPARABLE_RENTAL_1__Est_Gross_Income", "number_non_empty_cells": 66, "number_empty_cells": 0, "number_distinct_values": 52, "frequent_values": [1402943, 295326, 227559, 518602, 744533], "dataTypes": [{"type": "INTEGER (LONG)", "count": 66, "max_value": 15587450, "min_value": 105060, "mean": 932000.0909090909, "stddev": 1917420.3864982617}]}, {"column_name": "COMPARABLE_RENTAL_1__Gross_Income_per_SqFt", "number_non_empty_cells": 66, "number_empty_cells": 0, "number_distinct_values": 52, "frequent_values": [10.75, 14.75, 16.83, 19.6, 12.16], "dataTypes": [{"type": "REAL", "count": 66, "max_value": 35.2, "min_value": 9.97, "mean": 14.843484848484849, "stddev": 4.314942147308457}]}, {"column_name": "COMPARABLE_RENTAL_1_Full_Market_Value", "number_non_empty_cells": 66, "number_empty_cells": 0, "number_distinct_values": 51, "frequent_values": [3640000, 851000, 999000, 1580000, 3030000], "dataTypes": [{"type": "INTEGER (LONG)", "count": 66, "max_value": 58300000, "min_value": 262000, "mean": 2903575.757575757, "stddev": 7086605.010694058}]}, {"column_name": "COMPARABLE_RENTAL_1__Market_Value_per_SqFt", "number_non_empty_cells": 66, "number_empty_cells": 0, "number_distinct_values": 47, "frequent_values": [27.9, 63.0, 49.9, 69.0, 56.0], "dataTypes": [{"type": "REAL", "count": 66, "max_value": 95.0, "min_value": 21.22, "mean": 46.47772727272728, "stddev": 19.810420336924196}]}, {"column_name": "COMPARABLE_RENTAL_1__Dist_from_Coop_in_miles", "number_non_empty_cells": 66, "number_empty_cells": 0, "number_distinct_values": 39, "frequent_values": [0.5, 0.3, 1.3, 1.4, 0.8], "dataTypes": [{"type": "REAL", "count": 66, "max_value": 6.7, "min_value": 0.0, "mean": 1.6325757575757576, "stddev": 1.5536002280198127}]}, {"column_name": "COMPARABLE_RENTAL_2__Boro-Block-Lot", "number_non_empty_cells": 64, "number_empty_cells": 2, "number_distinct_values": 49, "frequent_values": ["2-04847-0039", "2-05798-0101", "2-04286-0022", "2-02264-0005", "2-03129-0029"], "dataTypes": [{"type": "TEXT", "count": 64, "shortest_values": [["2-02571-0014", 12], ["2-02264-0005", 12], ["2-02264-0005", 12], ["2-02266-0037", 12], ["2-03061-0005", 12]], "longest_values": [["2-02571-0014", 12], ["2-02264-0005", 12], ["2-02264-0005", 12], ["2-02266-0037", 12], ["2-03061-0005", 12]], "average_length": 12.0}]}, {"column_name": "COMPARABLE_RENTAL_2__Address", "number_non_empty_cells": 64, "number_empty_cells": 2, "number_distinct_values": 49, "frequent_values": ["800 EAST 223 STREET", "2131 VYSE AVENUE", "2100 BRONX PARK EAST", "3615 OXFORD AVENUE", "198 BROWN PLACE"], "dataTypes": [{"type": "TEXT", "count": 64, "shortest_values": [["4278 3 AVENUE", 13], ["3097 3 AVENUE", 13], ["3097 3 AVENUE", 13], ["6225 BROADWAY", 13], ["6225 BROADWAY", 13]], "longest_values": [["2996 CONCOURSE VILLAGE EA", 25], ["3611 HENRY HUDSON PARKWAY", 25], ["3900 HENRY HUDSON PARKWAY", 25], ["549 COMMONWEALTH AVENUE", 23], ["549 COMMONWEALTH AVENUE", 23]], "average_length": 18.250000000000004}]}, {"column_name": "COMPARABLE_RENTAL_2__Neighborhood", "number_non_empty_cells": 64, "number_empty_cells": 2, "number_distinct_values": 21, "frequent_values": ["RIVERDALE", "EAST TREMONT", "MORRISANIA/LONGWOOD", "MOTT HAVEN/PORT MORRIS", "PELHAM PARKWAY SOUTH"], "dataTypes": [{"type": "TEXT", "count": 64, "shortest_values": [["FORDHAM", 7], ["FORDHAM", 7], ["FORDHAM", 7], ["BELMONT", 7], ["RIVERDALE", 9]], "longest_values": [["HIGHBRIDGE/MORRIS HEIGHTS", 25], ["HIGHBRIDGE/MORRIS HEIGHTS", 25], ["KINGSBRIDGE HTS/UNIV HTS", 24], ["SCHUYLERVILLE/PELHAM BAY", 24], ["SCHUYLERVILLE/PELHAM BAY", 24]], "average_length": 14.125000000000004}]}, {"column_name": "COMPARABLE_RENTAL_2__Building_Classification", "number_non_empty_cells": 64, "number_empty_cells": 2, "number_distinct_values": 9, "frequent_values": ["D1-ELEVATOR", "C1-WALK-UP", "D3-ELEVATOR", "D7-ELEVATOR", "C9-WALK-UP"], "dataTypes": [{"type": "TEXT", "count": 64, "shortest_values": [["C7-WALK-UP", 10], ["C4-WALK-UP", 10], ["C1-WALK-UP", 10], ["C1-WALK-UP", 10], ["C4-WALK-UP", 10]], "longest_values": [["D1-ELEVATOR", 11], ["D5-ELEVATOR", 11], ["D5-ELEVATOR", 11], ["D1-ELEVATOR", 11], ["D5-ELEVATOR", 11]], "average_length": 10.656250000000002}]}, {"column_name": "COMPARABLE_RENTAL_2__Total_Units", "number_non_empty_cells": 64, "number_empty_cells": 2, "number_distinct_values": 41, "frequent_values": [85, 157, 22, 12, 20], "dataTypes": [{"type": "INTEGER (LONG)", "count": 64, "max_value": 403, "min_value": 11, "mean": 65.06250000000001, "stddev": 71.9860826392852}]}, {"column_name": "COMPARABLE_RENTAL_2__Year_Built", "number_non_empty_cells": 64, "number_empty_cells": 2, "number_distinct_values": 35, "frequent_values": [1931, 1928, 1950, 2005, 1927], "dataTypes": [{"type": "INTEGER (LONG)", "count": 64, "max_value": 2008, "min_value": 1900, "mean": 1948.3437500000002, "stddev": 31.690997711298046}]}, {"column_name": "COMPARABLE_RENTAL_2__Gross_SqFt", "number_non_empty_cells": 64, "number_empty_cells": 2, "number_distinct_values": 48, "frequent_values": [18850, 15985, 7550, 26700, 168990], "dataTypes": [{"type": "INTEGER (LONG)", "count": 64, "max_value": 443283, "min_value": 6260, "mean": 62978.32812500001, "stddev": 80146.57390214325}]}, {"column_name": "COMPARABLE_RENTAL_2__Est_Gross_Income", "number_non_empty_cells": 64, "number_empty_cells": 2, "number_distinct_values": 49, "frequent_values": [349531, 1849100, 156480, 290110, 300819], "dataTypes": [{"type": "INTEGER (LONG)", "count": 64, "max_value": 9589106, "min_value": 116238, "mean": 952892.4218749998, "stddev": 1636846.1431392594}]}, {"column_name": "COMPARABLE_RENTAL_2__Gross_Income_per_SqFt", "number_non_empty_cells": 64, "number_empty_cells": 2, "number_distinct_values": 49, "frequent_values": [15.39, 21.87, 10.94, 11.27, 20.73], "dataTypes": [{"type": "REAL", "count": 64, "max_value": 23.29, "min_value": 7.77, "mean": 14.771249999999997, "stddev": 4.095192112404496}]}, {"column_name": "COMPARABLE_RENTAL_2__Full_Market_Value", "number_non_empty_cells": 64, "number_empty_cells": 2, "number_distinct_values": 47, "frequent_values": [3210000, 4790000, 585000, 1450000, 815000], "dataTypes": [{"type": "INTEGER (LONG)", "count": 64, "max_value": 39700000, "min_value": 283000, "mean": 3178171.875, "stddev": 6767496.939772784}]}, {"column_name": "COMPARABLE_RENTAL_2__Market_Value_per_SqFt", "number_non_empty_cells": 64, "number_empty_cells": 2, "number_distinct_values": 43, "frequent_values": [28.3, 77.0, 53.0, 23.9, 43.2], "dataTypes": [{"type": "REAL", "count": 64, "max_value": 97.0, "min_value": 16.48, "mean": 47.16750000000002, "stddev": 23.116536897316607}]}, {"column_name": "COMPARABLE_RENTAL_2__Dist_from_Coop_in_miles", "number_non_empty_cells": 64, "number_empty_cells": 2, "number_distinct_values": 48, "frequent_values": [1.0, 0.05, 2.95, 0.2, 1.4], "dataTypes": [{"type": "REAL", "count": 64, "max_value": 7.6, "min_value": 0.0, "mean": 1.8429687499999998, "stddev": 1.919876851265059}]}]}