{"dataset_name": "/user/hm74/NYCOpenData/bbg6-wf44.tsv.gz", "columns": [{"column_name": "DBN", "number_non_empty_cells": 1743, "number_empty_cells": 0, "number_distinct_values": 1743, "frequent_values": ["02M042", "02M529", "08X093", "01M064", "01M539"], "dataTypes": [{"type": "DATE/TIME", "count": 34, "max_value": "2019-12-07T00:06:52", "min_value": "2019-12-07T00:01:15"}, {"type": "TEXT", "count": 1709, "shortest_values": [["01M063", 6], ["01M064", 6], ["01M110", 6], ["01M134", 6], ["01M137", 6]], "longest_values": [["CITYWIDE", 8], ["01M063", 6], ["01M064", 6], ["01M110", 6], ["01M134", 6]], "average_length": 6.001170275014628}]}, {"column_name": "LOCATION_NAME", "number_non_empty_cells": 1743, "number_empty_cells": 0, "number_distinct_values": 1706, "frequent_values": ["Home Schooling", "P.S. 253", "P.S. 360", "P.S. 212", "P.S. 185 Walter Kassenbrock"], "dataTypes": [{"type": "TEXT", "count": 1743, "shortest_values": [["LYFE", 4], ["Kappa", 5], ["P.S. 89", 7], ["Muscota", 7], ["P.S. 66", 7]], "longest_values": [["Collaborative Academy of Science, Technology, & La", 50], ["New Explorations into Science, Technology and Math", 50], ["47 The American Sign Language and English Secondar", 50], ["The Urban Assembly School for Emergency Management", 50], ["Stephen T. Mather Building Arts & Craftsmanship Hi", 50]], "average_length": 27.672977624784874}]}, {"column_name": "LOCATION_CATEGORY", "number_non_empty_cells": 1743, "number_empty_cells": 0, "number_distinct_values": 11, "frequent_values": ["Elementary", "High school", "Junior High-Intermediate-Middle", "K-8", "Secondary School"], "dataTypes": [{"type": "TEXT", "count": 1743, "shortest_values": [["K-8", 3], ["K-8", 3], ["K-8", 3], ["K-8", 3], ["K-8", 3]], "longest_values": [["This cell intentionally left blank", 34], ["Junior High-Intermediate-Middle", 31], ["Junior High-Intermediate-Middle", 31], ["Junior High-Intermediate-Middle", 31], ["Junior High-Intermediate-Middle", 31]], "average_length": 13.701090074584053}]}, {"column_name": "ADMINISTRATIVE_DISTRICT", "number_non_empty_cells": 1743, "number_empty_cells": 0, "number_distinct_values": 36, "frequent_values": ["02", "10", "31", "09", "75"], "dataTypes": [{"type": "INTEGER (LONG)", "count": 1742, "max_value": 97, "min_value": 1, "mean": 18.698622273249136, "stddev": 15.635206685981167}, {"type": "TEXT", "count": 1, "shortest_values": [["This cell intentionally left blank", 34]], "longest_values": [["This cell intentionally left blank", 34]], "average_length": 34.0}]}, {"column_name": "FEMALE_REMOVALS", "number_non_empty_cells": 1743, "number_empty_cells": 0, "number_distinct_values": 27, "frequent_values": ["*", "6", "7", "9", "8"], "dataTypes": [{"type": "INTEGER (LONG)", "count": 112, "max_value": 2858, "min_value": 6, "mean": 37.94642857142857, "stddev": 267.84219898789934}, {"type": "TEXT", "count": 1631, "shortest_values": [["*", 1], ["*", 1], ["*", 1], ["*", 1], ["*", 1]], "longest_values": [["*", 1], ["*", 1], ["*", 1], ["*", 1], ["*", 1]], "average_length": 1.0}]}, {"column_name": "FEMALE_PRINCIPAL", "number_non_empty_cells": 1743, "number_empty_cells": 0, "number_distinct_values": 51, "frequent_values": ["*", "6", "8", "7", "11"], "dataTypes": [{"type": "INTEGER (LONG)", "count": 343, "max_value": 8798, "min_value": 6, "mean": 43.57142857142857, "stddev": 473.6342464570204}, {"type": "TEXT", "count": 1400, "shortest_values": [["*", 1], ["*", 1], ["*", 1], ["*", 1], ["*", 1]], "longest_values": [["*", 1], ["*", 1], ["*", 1], ["*", 1], ["*", 1]], "average_length": 1.0}]}, {"column_name": "FEMALE_SUPERINTENDENT", "number_non_empty_cells": 1743, "number_empty_cells": 0, "number_distinct_values": 20, "frequent_values": ["*", "8", "7", "6", "9"], "dataTypes": [{"type": "INTEGER (LONG)", "count": 125, "max_value": 3132, "min_value": 6, "mean": 35.0, "stddev": 278.16093183623036}, {"type": "TEXT", "count": 1618, "shortest_values": [["*", 1], ["*", 1], ["*", 1], ["*", 1], ["*", 1]], "longest_values": [["*", 1], ["*", 1], ["*", 1], ["*", 1], ["*", 1]], "average_length": 1.0}]}, {"column_name": "FEMALE_EXPULSIONS", "number_non_empty_cells": 1743, "number_empty_cells": 0, "number_distinct_values": 1, "frequent_values": ["*"], "dataTypes": [{"type": "TEXT", "count": 1743, "shortest_values": [["*", 1], ["*", 1], ["*", 1], ["*", 1], ["*", 1]], "longest_values": [["*", 1], ["*", 1], ["*", 1], ["*", 1], ["*", 1]], "average_length": 1.0}]}, {"column_name": "MALE_REMOVALS", "number_non_empty_cells": 1743, "number_empty_cells": 0, "number_distinct_values": 55, "frequent_values": ["*", "6", "7", "8", "9"], "dataTypes": [{"type": "INTEGER (LONG)", "count": 364, "max_value": 9085, "min_value": 6, "mean": 43.06043956043957, "stddev": 474.8863793268201}, {"type": "TEXT", "count": 1379, "shortest_values": [["*", 1], ["*", 1], ["*", 1], ["*", 1], ["*", 1]], "longest_values": [["*", 1], ["*", 1], ["*", 1], ["*", 1], ["*", 1]], "average_length": 1.0}]}, {"column_name": "MALE_PRINCIPAL", "number_non_empty_cells": 1743, "number_empty_cells": 0, "number_distinct_values": 89, "frequent_values": ["*", "7", "6", "8", "9"], "dataTypes": [{"type": "INTEGER (LONG)", "count": 585, "max_value": 18324, "min_value": 6, "mean": 55.67521367521367, "stddev": 756.3904932470575}, {"type": "TEXT", "count": 1158, "shortest_values": [["*", 1], ["*", 1], ["*", 1], ["*", 1], ["*", 1]], "longest_values": [["*", 1], ["*", 1], ["*", 1], ["*", 1], ["*", 1]], "average_length": 1.0}]}, {"column_name": "MALE_SUPERINTENDENT", "number_non_empty_cells": 1743, "number_empty_cells": 0, "number_distinct_values": 34, "frequent_values": ["*", "6", "8", "7", "9"], "dataTypes": [{"type": "INTEGER (LONG)", "count": 373, "max_value": 7393, "min_value": 6, "mean": 32.31367292225201, "stddev": 381.71189920587597}, {"type": "TEXT", "count": 1370, "shortest_values": [["*", 1], ["*", 1], ["*", 1], ["*", 1], ["*", 1]], "longest_values": [["*", 1], ["*", 1], ["*", 1], ["*", 1], ["*", 1]], "average_length": 1.0}]}, {"column_name": "MALE_EXPULSIONS", "number_non_empty_cells": 1743, "number_empty_cells": 0, "number_distinct_values": 1, "frequent_values": ["*"], "dataTypes": [{"type": "TEXT", "count": 1743, "shortest_values": [["*", 1], ["*", 1], ["*", 1], ["*", 1], ["*", 1]], "longest_values": [["*", 1], ["*", 1], ["*", 1], ["*", 1], ["*", 1]], "average_length": 1.0}]}]}