{"dataset_name": "/user/hm74/NYCOpenData/bd8j-m46a.tsv.gz", "columns": [{"column_name": "PUBLICATION DATE", "number_non_empty_cells": 56, "number_empty_cells": 0, "number_distinct_values": 2, "frequent_values": [20180426, 20190506], "dataTypes": [{"type": "INTEGER (LONG)", "count": 56, "max_value": 20190506, "min_value": 20180426, "mean": 20185465.999999996, "stddev": 5040.0000000006885}]}, {"column_name": "SCHEDULE ", "number_non_empty_cells": 56, "number_empty_cells": 0, "number_distinct_values": 3, "frequent_values": ["C", "A", "B"], "dataTypes": [{"type": "TEXT", "count": 56, "shortest_values": [["A", 1], ["A", 1], ["A", 1], ["A", 1], ["A", 1]], "longest_values": [["A", 1], ["A", 1], ["A", 1], ["A", 1], ["A", 1]], "average_length": 1.0}]}, {"column_name": "SCHEDULE NAME", "number_non_empty_cells": 56, "number_empty_cells": 0, "number_distinct_values": 3, "frequent_values": ["Debt Outstanding & Debt Service Ratios", "Debt Incurring Power", "Sources of Funds"], "dataTypes": [{"type": "TEXT", "count": 56, "shortest_values": [["Sources of Funds", 16], ["Sources of Funds", 16], ["Sources of Funds", 16], ["Sources of Funds", 16], ["Sources of Funds", 16]], "longest_values": [["Debt Outstanding & Debt Service Ratios", 38], ["Debt Outstanding & Debt Service Ratios", 38], ["Debt Outstanding & Debt Service Ratios", 38], ["Debt Outstanding & Debt Service Ratios", 38], ["Debt Outstanding & Debt Service Ratios", 38]], "average_length": 28.92857142857143}]}, {"column_name": "SECTION NUMBER", "number_non_empty_cells": 16, "number_empty_cells": 40, "number_distinct_values": 3, "frequent_values": ["NA", "II", "I"], "dataTypes": [{"type": "TEXT", "count": 56, "shortest_values": [["I", 1], ["I", 1], ["I", 1], ["I", 1], ["I", 1]], "longest_values": [["NA", 2], ["NA", 2], ["NA", 2], ["NA", 2], ["NA", 2]], "average_length": 1.8571428571428574}]}, {"column_name": "SECTION NAME", "number_non_empty_cells": 16, "number_empty_cells": 40, "number_distinct_values": 3, "frequent_values": ["NA", "Debt Outstanding: NYC GO, Conduit Debt & TFA as of 6/30", "Debt Service of NYC GO, Conduit Debt & TFA"], "dataTypes": [{"type": "TEXT", "count": 56, "shortest_values": [["NA", 2], ["NA", 2], ["NA", 2], ["NA", 2], ["NA", 2]], "longest_values": [["Debt Outstanding: NYC GO, Conduit Debt & TFA as of 6/30", 55], ["Debt Outstanding: NYC GO, Conduit Debt & TFA as of 6/30", 55], ["Debt Outstanding: NYC GO, Conduit Debt & TFA as of 6/30", 55], ["Debt Outstanding: NYC GO, Conduit Debt & TFA as of 6/30", 55], ["Debt Outstanding: NYC GO, Conduit Debt & TFA as of 6/30", 55]], "average_length": 15.285714285714288}]}, {"column_name": "LINE NUMBER", "number_non_empty_cells": 56, "number_empty_cells": 0, "number_distinct_values": 8, "frequent_values": [4, 3, 1, 2, 5], "dataTypes": [{"type": "INTEGER (LONG)", "count": 56, "max_value": 8, "min_value": 1, "mean": 3.535714285714286, "stddev": 1.9727092113773539}]}, {"column_name": "LINE DESCRIPTION", "number_non_empty_cells": 54, "number_empty_cells": 2, "number_distinct_values": 28, "frequent_values": ["Less: Excluded Debt", "Total", "TFA Debt Outstanding above $13.5 billion", "Contracts and Other Liabilities, Net of Prior Financings Thereof", "c. PIT Required to Support TFA DS***"], "dataTypes": [{"type": "TEXT", "count": 54, "shortest_values": [["Total", 5], ["Total", 5], ["g. Population", 13], ["g. Population", 13], ["b. Total Taxes", 14]], "longest_values": [["[l.4] Total Debt Service (NYC GO, Conduit Debt & TFA)= [l.1] + [l.2] + [l.3]", 76], ["[l.8] Total Debt Outstanding (NYC GO, Conduit Debt & TFA ) [l.5]+[l.6]+[l.7]", 76], ["[l.8] Total Debt Outstanding (NYC GO, Conduit Debt & TFA ) [l.5]+[l.6]+[l.7]", 76], ["[l.4] Total Debt Service (NYC GO, Conduit Debt & TFA)= [l.1] + [l.2] + [l.3]", 76], ["Contracts and Other Liabilities, Net of Prior Financings Thereof", 64]], "average_length": 35.407407407407405}]}, {"column_name": "FISCAL YEAR", "number_non_empty_cells": 56, "number_empty_cells": 0, "number_distinct_values": 2, "frequent_values": [2019, 2020], "dataTypes": [{"type": "INTEGER (LONG)", "count": 56, "max_value": 2020, "min_value": 2019, "mean": 2019.4999999999995, "stddev": 0.5000000000001338}]}, {"column_name": "FISCAL YEAR 1", "number_non_empty_cells": 56, "number_empty_cells": 0, "number_distinct_values": 54, "frequent_values": [8622698, 4040, 673390, 4000, 8779], "dataTypes": [{"type": "INTEGER (LONG)", "count": 56, "max_value": 8622698, "min_value": -36, "mean": 395332.16071428586, "stddev": 1599866.0081376769}]}, {"column_name": "FISCAL YEAR 2", "number_non_empty_cells": 56, "number_empty_cells": 0, "number_distinct_values": 51, "frequent_values": [4270, 3015, 4650, 8622698, 3308], "dataTypes": [{"type": "INTEGER (LONG)", "count": 56, "max_value": 8622698, "min_value": -27, "mean": 400418.76785714284, "stddev": 1600891.166158422}]}, {"column_name": "FISCAL YEAR 3", "number_non_empty_cells": 56, "number_empty_cells": 0, "number_distinct_values": 51, "frequent_values": [3247, 3666, 5280, 8622698, 4850], "dataTypes": [{"type": "INTEGER (LONG)", "count": 56, "max_value": 8622698, "min_value": -25, "mean": 405335.7499999999, "stddev": 1601962.589232192}]}, {"column_name": "FISCAL YEAR 4", "number_non_empty_cells": 56, "number_empty_cells": 0, "number_distinct_values": 51, "frequent_values": [4038, 5500, 3607, 8622698, 5070], "dataTypes": [{"type": "INTEGER (LONG)", "count": 56, "max_value": 8622698, "min_value": -16, "mean": 410526.16071428574, "stddev": 1603322.7397650834}]}, {"column_name": "UNITS", "number_non_empty_cells": 56, "number_empty_cells": 0, "number_distinct_values": 2, "frequent_values": ["$ in millions", "in persons"], "dataTypes": [{"type": "TEXT", "count": 56, "shortest_values": [["in persons", 10], ["in persons", 10], ["$ in millions", 13], ["$ in millions", 13], ["$ in millions", 13]], "longest_values": [["$ in millions", 13], ["$ in millions", 13], ["$ in millions", 13], ["$ in millions", 13], ["$ in millions", 13]], "average_length": 12.89285714285714}]}, {"column_name": "NOTES", "number_non_empty_cells": 8, "number_empty_cells": 48, "number_distinct_values": 4, "frequent_values": ["*   Does not reflect prepayments.", "*** Reflects prepayment in FY 2018.", "Note: includes new money bonds and notes for capital purposes and, with respect to the Water Authority, reserve amounts.", null], "dataTypes": [{"type": "TEXT", "count": 8, "shortest_values": [["*   Does not reflect prepayments.", 33], ["*   Does not reflect prepayments.", 33], ["*   Does not reflect prepayments.", 33], ["*   Does not reflect prepayments.", 33], ["*** Reflects prepayment in FY 2018.", 35]], "longest_values": [["Note: includes new money bonds and notes for capital purposes and, with respect to the Water Authority, reserve amounts.", 120], ["Note: includes new money bonds and notes for capital purposes and, with respect to the Water Authority, reserve amounts.", 120], ["*** Reflects prepayment in FY 2018.", 35], ["*** Reflects prepayment in FY 2018.", 35], ["*   Does not reflect prepayments.", 33]], "average_length": 55.25}]}]}