{"dataset_name": "/user/hm74/NYCOpenData/bgb4-7zjj.tsv.gz", "columns": [{"column_name": "Agency_Name", "number_non_empty_cells": 71, "number_empty_cells": 0, "number_distinct_values": 14, "frequent_values": ["Department of Transportation (DOT)", "Department of Parks and Recreation (DPR)", "Department for the Aging (DFTA)", "Mayor\u2019s Office of Resiliency", "Department of Finance (DOF)"], "dataTypes": [{"type": "TEXT", "count": 71, "shortest_values": [[" (For Construction)\"", 20], ["Police Department (NYPD)", 24], ["Department of Finance (DOF)", 27], ["Department of Finance (DOF)", 27], ["Department of Finance (DOF)", 27]], "longest_values": [["The summonses provided in this dataset are issued and filed at the OATH Hearings Division by City enforcement agencies, including the NYPD. For the NYPD to post their own dataset would be duplicative and potentially confusing. (2018 NYC Open Data Plan)\"", 253], ["https://data.cityofnewyork.us/City-Government/OATH-Hearings-Division-Case-Status/jz4z-kudi/data", 95], ["Department of Housing Preservation and Development (HPD)", 56], ["Department of Youth and Community Development (DYCD)", 52], ["Department of Youth and Community Development (DYCD)", 52]], "average_length": 39.43661971830987}]}, {"column_name": "Data_Set_Title", "number_non_empty_cells": 69, "number_empty_cells": 2, "number_distinct_values": 69, "frequent_values": ["Sea Level Rise Maps (2025s Mean Monthly High Water)", "Map of NYC Parks School Garden sites", "Sequenced Traffic Signal Control", "OATH Summons", "Inmate Injuries"], "dataTypes": [{"type": "TEXT", "count": 69, "shortest_values": [["GangMenu", 8], ["OATH Summons", 12], ["CMVT - Annual", 13], ["Code Call-Ins", 13], ["Bicycle Shops", 13]], "longest_values": [["Amount of work inspected per workorder sent to the contractor. Has billing info of contractor. (Life of pavement markings from inspection to payment)", 149], ["Sea Level Rise Maps (2020s Mean Monthly High Water)", 51], ["Sea Level Rise Maps (2025s Mean Monthly High Water)", 51], ["Sea Level Rise Maps (2025s Mean Monthly High Water)", 51], ["Demographic Statistics By Congressional District", 48]], "average_length": 31.115942028985508}]}, {"column_name": "Data_Set_Description", "number_non_empty_cells": 68, "number_empty_cells": 3, "number_distinct_values": 66, "frequent_values": ["2025s Mean Monthly High Water + 30\u201d Sea Level Rise.", "TBD", "Approved DOT Accessible Pedestrian Signal Invoices with work orders by location for the three phases of work (dig, wire and restore) and includes material proof of purchase.\u00a0The dataset is stored in Excel spreadsheets and updated with each Invoice that is submitted.", "Summary of DFTA Ombudsman Contracts Budgeted Service Units by Service", "Is on the MMR - Indicator -call volume & average wait time, call answered within 30 secs. Daily report"], "dataTypes": [{"type": "TEXT", "count": 68, "shortest_values": [["TBD", 3], ["TBD", 3], ["To Be Determined", 16], ["Map of NYC Parks Paths", 22], ["Map of NYC Parks Monuments", 26]], "longest_values": [["DOT Art collaborates with volunteer organizations to beautify concrete barriers with bold, colorful murals that are designed by professional artists but painted almost entirely by volunteers. Barriers located along protected bike lanes or active sidewalks serve as canvases for art. DOT Art provides selected artists with a design honorarium of $2,500 and a materials fee of $500 for stencil production. DOT Art provides paint and associated materials at no cost to the artist, and coordinates volunteer recruitment and secures volunteers to implement the mural on a single day in fall and spring. Murals remain installed for 11 months.", 636], ["In collaboration with the NYC Department of Cultural Affairs (DCLA) Percent for Art Program, DOT commissions permanent art as part of the Percent for Art ordinance. DOT designates facilities such as: bridges, sidewalks, ferries, medians, plazas, etc. for permanent art as part of DOT capital construction projects. Project-specific selection panels review artists to develop proposals in collaboration with the project design team. DOT selects new sites each year and determines eligibility for permanent artwork. For more information on the DCLA Percent for Art Program, visit: www.nyc.gov/culture.", 599], ["DOT Art commissions temporary artwork in conjunction with a priority agency initiative up to twice a year. Selected artists are eligible to receive up to $20,000 towards direct project costs. Artists should visit the Program Tracks and Opportunities page on a consistent basis to learn of upcoming open calls or sign up for the e-newsletter. Examples of past projects outside of the four Program Tracks include: Asphalt Art Activations, Summer Streets Interventions, and Construction Fence Banner Wraps.", 503], ["Signaling devices positioned at\u00a0road intersections,\u00a0pedestrian crossings, and other locations to control flows (progressions and simultaneous traffic control) of traffic and the right-of-way for vehicles arriving at an intersection, which can reduce traffic delay and accident-producing conflicts. It also makes an intersection safe by determining whether vehicles or pedestrians should proceed.", 395], ["Emergency Snow Reporting application allows Office of Emergency Response (OER) to support snow tracking/reporting process by automating coordination across DOT divisions, while providing standard data input templates, scheduled electronic reports for each snow event and a searchable report repository.", 302]], "average_length": 113.3970588235294}]}, {"column_name": "Update_Frequency", "number_non_empty_cells": 68, "number_empty_cells": 3, "number_distinct_values": 10, "frequent_values": ["To Be Determined", "Quarterly", "Annually", "Weekly", "Monthly"], "dataTypes": [{"type": "DATE/TIME", "count": 1, "max_value": "2019-12-31T00:00:00", "min_value": "2019-12-31T00:00:00"}, {"type": "TEXT", "count": 67, "shortest_values": [["Weekly", 6], ["Weekly", 6], ["Weekly", 6], ["Weekly", 6], ["Weekly", 6]], "longest_values": [["To Be Determined", 16], ["To Be Determined", 16], ["To Be Determined", 16], ["To Be Determined", 16], ["To Be Determined", 16]], "average_length": 11.791044776119403}]}, {"column_name": "Release_Date", "number_non_empty_cells": 68, "number_empty_cells": 3, "number_distinct_values": 15, "frequent_values": ["12/31/2019", "04/15/2019", "12/31/2018", "07/31/2019", "06/30/2019"], "dataTypes": [{"type": "DATE/TIME", "count": 67, "max_value": "2019-12-31T00:00:00", "min_value": "2018-09-30T00:00:00"}, {"type": "TEXT", "count": 1, "shortest_values": [["Not Public Data- Internal Administration", 40]], "longest_values": [["Not Public Data- Internal Administration", 40]], "average_length": 40.0}]}, {"column_name": "Agency_Comment", "number_non_empty_cells": 67, "number_empty_cells": 4, "number_distinct_values": 39, "frequent_values": ["Not Public Data- Internal Administration", "This incomplete dataset is not currently maintained, and, therefore, does not qualify as Open Data.", "New York City Department for the Aging does not have a contract with the Office of the Ombudsman for the last 2 years and there is no data to post on the Open Data.", "There are currently no plans to update School District data in our systems, so we cannot commit to a future date. Hence, we would like to remove the dataset entirely.", "Available through Temporary Arts"], "dataTypes": [{"type": "TEXT", "count": 67, "shortest_values": [["duplicate plan entry", 20], ["Data is currently unavailable", 29], ["Available through Temporary Arts", 32], ["Available through Temporary Arts", 32], ["Available through Temporary Arts", 32]], "longest_values": [["This data is used solely for internal tracking purposes, as a way to determine whether, during a Code Red or Code Blue weather event, agency employees have visited properties under the agency\u2019s jurisdiction to offer homeless individuals the appropriate services. This data, which is of poor quality to begin with, is intended only for internal deliberative, pre-decisional use by agency executive staff in relation to staffing and utilization decisions. It is not data used in the furtherance of the agency\u2019s mission, but rather for internal agency administration.", 564], ["At this time, the Cigarette Tax Enforcement Data cannot  be provided in a useful way that can be published on the Open Data portal. The data components are currently stored across different platforms which is  determined by the enforcement actions. A new application for handling Cigarette Tax data  has been approved and should be in place by next year, so until that time, the data will not be available in a manner suitable for public consumption (2018 NYC Open Data Plan).", 476], ["This data is used solely for internal tracking purposes, as a way to determine whether ice ladders are present at lakes and ponds under the agency\u2019s jurisdiction. This data, which is of poor quality to begin with, is intended only for internal deliberative, pre-decisional use by agency executive staff in relation to equipment. It is not data used in the furtherance of the agency\u2019s mission, but rather for internal agency administration.", 439], ["The Department of Finance (DOF) cannot provide the Commercial Motor Vehicle Tax dataset because this data is tax secret pursuant to \u00a7\u00a711-818 of the NYC Admin Code and thus prohibited from disclosure. Anonymized data also cannot be disclosed because all data derived from the CMVT returns is prohibited from release. Please remove this dataset from DOF\u2019s compliance plan for 2018.", 379], ["The Department of Finance (DOF) cannot provide the Commercial Motor Vehicle Tax dataset because this data is tax secret pursuant to \u00a7\u00a711-818 of the NYC Admin Code and thus prohibited from disclosure. Anonymized data also cannot be disclosed because all data derived from the CMVT returns is prohibited from release. Please remove this dataset from DOF\u2019s compliance plan for 2018.", 379]], "average_length": 129.11940298507466}]}]}