{"dataset_name": "/user/hm74/NYCOpenData/bhwu-wuzu.tsv.gz", "columns": [{"column_name": "Development_Name", "number_non_empty_cells": 9604, "number_empty_cells": 44, "number_distinct_values": 276, "frequent_values": ["LENOX ROAD-ROCKAWAY PARKWAY", "SOTOMAYOR HOUSES", "PELHAM PARKWAY", "PATTERSON", "SUTTER AVENUE-UNION STREET"], "dataTypes": [{"type": "TEXT", "count": 9648, "shortest_values": [["PINK", 4], ["TAFT", 4], ["TAFT", 4], ["TAFT", 4], ["TAFT", 4]], "longest_values": [["UNITY PLAZA (ALL)/LI BAPTIST HOUSES (BLD 2-4)", 45], ["UNITY PLAZA (ALL)/LI BAPTIST HOUSES (BLD 2-4)", 45], ["UNITY PLAZA (ALL)/LI BAPTIST HOUSES (BLD 2-4)", 45], ["UNITY PLAZA (ALL)/LI BAPTIST HOUSES (BLD 2-4)", 45], ["UNITY PLAZA (ALL)/LI BAPTIST HOUSES (BLD 2-4)", 45]], "average_length": 16.814572968490864}]}, {"column_name": "Borough", "number_non_empty_cells": 9648, "number_empty_cells": 0, "number_distinct_values": 6, "frequent_values": ["BROOKLYN", "BRONX", "MANHATTAN", "QUEENS", "STATEN ISLAND"], "dataTypes": [{"type": "TEXT", "count": 9648, "shortest_values": [["FHA", 3], ["FHA", 3], ["FHA", 3], ["FHA", 3], ["FHA", 3]], "longest_values": [["STATEN ISLAND", 13], ["STATEN ISLAND", 13], ["STATEN ISLAND", 13], ["STATEN ISLAND", 13], ["STATEN ISLAND", 13]], "average_length": 7.530058043117714}]}, {"column_name": "Account_Name", "number_non_empty_cells": 9604, "number_empty_cells": 44, "number_distinct_values": 227, "frequent_values": ["LENOX ROAD-ROCKAWAY PARKWAY", "SOTOMAYOR HOUSES", "PELHAM PARKWAY", "PATTERSON", "QUEENSBRIDGE SOUTH"], "dataTypes": [{"type": "TEXT", "count": 9648, "shortest_values": [["PINK", 4], ["TAFT", 4], ["TAFT", 4], ["TAFT", 4], ["TAFT", 4]], "longest_values": [["UNITY PLAZA (ALL)/LI BAPTIST HOUSES (BLD 2-4)", 45], ["UNITY PLAZA (ALL)/LI BAPTIST HOUSES (BLD 2-4)", 45], ["UNITY PLAZA (ALL)/LI BAPTIST HOUSES (BLD 2-4)", 45], ["UNITY PLAZA (ALL)/LI BAPTIST HOUSES (BLD 2-4)", 45], ["UNITY PLAZA (ALL)/LI BAPTIST HOUSES (BLD 2-4)", 45]], "average_length": 17.906301824212306}]}, {"column_name": "Location", "number_non_empty_cells": 459, "number_empty_cells": 9189, "number_distinct_values": 15, "frequent_values": ["BLD 01", "BLD 04", "BLD 10", "BLD 02", "733 SNEDIKER AVENUE"], "dataTypes": [{"type": "TEXT", "count": 459, "shortest_values": [["BLD 2", 5], ["BLD 2", 5], ["BLD 2", 5], ["BLD 2", 5], ["BLD 2", 5]], "longest_values": [["BLD 03 - Community Center", 25], ["BLD 03 - Community Center", 25], ["BLD 03 - Community Center", 25], ["BLD 03 - Community Center", 25], ["BLD 03 - Community Center", 25]], "average_length": 7.8779956427015305}]}, {"column_name": "Meter_AMR", "number_non_empty_cells": 9472, "number_empty_cells": 176, "number_distinct_values": 5, "frequent_values": ["Not Applicable", "NONE", "AMR", "NA", null], "dataTypes": [{"type": "TEXT", "count": 9501, "shortest_values": [["NA", 2], ["NA", 2], ["NA", 2], ["NA", 2], ["NA", 2]], "longest_values": [["Not Applicable", 14], ["Not Applicable", 14], ["Not Applicable", 14], ["Not Applicable", 14], ["Not Applicable", 14]], "average_length": 13.763393327018232}]}, {"column_name": "Meter_Scope", "number_non_empty_cells": 19, "number_empty_cells": 9629, "number_distinct_values": 4, "frequent_values": ["Community Center", "BLD 01", "BLD 1-6", null], "dataTypes": [{"type": "TEXT", "count": 19, "shortest_values": [["BLD 01", 6], ["BLD 01", 6], ["BLD 1-6", 7], ["Community Center", 16], ["Community Center", 16]], "longest_values": [["Community Center", 16], ["Community Center", 16], ["Community Center", 16], ["Community Center", 16], ["Community Center", 16]], "average_length": 14.473684210526317}]}, {"column_name": "TDS_#", "number_non_empty_cells": 9648, "number_empty_cells": 0, "number_distinct_values": 246, "frequent_values": [348, 67, 39, 24, 369], "dataTypes": [{"type": "INTEGER (LONG)", "count": 9648, "max_value": 582, "min_value": 1, "mean": 170.19807213930383, "stddev": 128.45766514081964}]}, {"column_name": "EDP", "number_non_empty_cells": 9648, "number_empty_cells": 0, "number_distinct_values": 206, "frequent_values": [0, 763, 222, 586, 522], "dataTypes": [{"type": "INTEGER (LONG)", "count": 9648, "max_value": 843, "min_value": 0, "mean": 371.2284411276955, "stddev": 227.4526412982637}]}, {"column_name": "RC_Code", "number_non_empty_cells": 9648, "number_empty_cells": 0, "number_distinct_values": 246, "frequent_values": ["K034800", "B006700", "B003900", "B002400", "K036900"], "dataTypes": [{"type": "DATE/TIME", "count": 409, "max_value": "2000-05-23T00:00:00", "min_value": "2000-01-01T00:00:00"}, {"type": "TEXT", "count": 9239, "shortest_values": [["B011800", 7], ["B011800", 7], ["B011800", 7], ["B011800", 7], ["B011800", 7]], "longest_values": [["B011800", 7], ["B011800", 7], ["B011800", 7], ["B011800", 7], ["B011800", 7]], "average_length": 7.0}]}, {"column_name": "Funding_Source", "number_non_empty_cells": 7755, "number_empty_cells": 1893, "number_distinct_values": 6, "frequent_values": ["FEDERAL", "MIXED FINANCE/LLC1", "MIXED FINANCE/LLC2", "FEDERAL-COOP", "SECTION 8"], "dataTypes": [{"type": "TEXT", "count": 8241, "shortest_values": [["FEDERAL", 7], ["FEDERAL", 7], ["FEDERAL", 7], ["FEDERAL", 7], ["FEDERAL", 7]], "longest_values": [["MIXED FINANCE/LLC1", 18], ["MIXED FINANCE/LLC1", 18], ["MIXED FINANCE/LLC1", 18], ["MIXED FINANCE/LLC1", 18], ["MIXED FINANCE/LLC1", 18]], "average_length": 7.650163815070967}]}, {"column_name": "AMP_#", "number_non_empty_cells": 8076, "number_empty_cells": 1572, "number_distinct_values": 132, "frequent_values": ["NY005011670P", "NY005010670P", "NY005013510P", "NY005010390P", "NY005010630P"], "dataTypes": [{"type": "TEXT", "count": 8076, "shortest_values": [["NY005013080", 11], ["NY005013080", 11], ["NY005013080", 11], ["NY005013080", 11], ["NY005013420", 11]], "longest_values": [["NY005001180P", 12], ["NY005001180P", 12], ["NY005001180P", 12], ["NY005001180P", 12], ["NY005001180P", 12]], "average_length": 11.991827637444299}]}, {"column_name": "Vendor_Name", "number_non_empty_cells": 9648, "number_empty_cells": 0, "number_distinct_values": 7, "frequent_values": ["S.J. Fuel Co., Inc.", "East Coast Petroleum, Inc.", "Rucci Oil Company, Inc.", "East River Energy", "UNITED METRO ENERGY"], "dataTypes": [{"type": "TEXT", "count": 9648, "shortest_values": [["East River Energy", 17], ["East River Energy", 17], ["East River Energy", 17], ["East River Energy", 17], ["East River Energy", 17]], "longest_values": [["CONSOLIDATED EDISON COMPANY OF NY", 33], ["CONSOLIDATED EDISON COMPANY OF NY", 33], ["East Coast Petroleum, Inc.", 26], ["East Coast Petroleum, Inc.", 26], ["East Coast Petroleum, Inc.", 26]], "average_length": 20.649979270315058}]}, {"column_name": "UMIS_BILL_ID", "number_non_empty_cells": 9648, "number_empty_cells": 0, "number_distinct_values": 8959, "frequent_values": [5534521, 4972772, 4244886, 4244874, 5367209], "dataTypes": [{"type": "INTEGER (LONG)", "count": 9648, "max_value": 7709761, "min_value": 2896184, "mean": 4780981.437500007, "stddev": 1654283.1590146003}]}, {"column_name": "Revenue_Month", "number_non_empty_cells": 9648, "number_empty_cells": 0, "number_distinct_values": 111, "frequent_values": ["09/01/2016 12:00:00 AM", "11/01/2016 12:00:00 AM", "10/01/2016 12:00:00 AM", "04/01/2016 12:00:00 AM", "05/01/2016 12:00:00 AM"], "dataTypes": [{"type": "DATE/TIME", "count": 9648, "max_value": "2019-04-01T00:00:00", "min_value": "2010-01-01T00:00:00"}]}, {"column_name": "Service_Start_Date", "number_non_empty_cells": 9648, "number_empty_cells": 0, "number_distinct_values": 413, "frequent_values": ["08/23/2016", "10/24/2016", "09/22/2016", "01/26/2016", "06/23/2016"], "dataTypes": [{"type": "DATE/TIME", "count": 9648, "max_value": "2019-12-28T00:00:00", "min_value": "2009-12-23T00:00:00"}]}, {"column_name": "Service_End_Date", "number_non_empty_cells": 9648, "number_empty_cells": 0, "number_distinct_values": 407, "frequent_values": ["09/22/2016", "11/22/2016", "10/24/2016", "01/26/2016", "07/25/2016"], "dataTypes": [{"type": "DATE/TIME", "count": 9648, "max_value": "2019-12-28T00:00:00", "min_value": "2010-01-26T00:00:00"}]}, {"column_name": "#_days", "number_non_empty_cells": 9648, "number_empty_cells": 0, "number_distinct_values": 21, "frequent_values": [29, 30, 32, 0, 31], "dataTypes": [{"type": "INTEGER (LONG)", "count": 9648, "max_value": 38, "min_value": 0, "mean": 25.680866500829136, "stddev": 11.014907676559952}]}, {"column_name": "Meter_Number", "number_non_empty_cells": 9648, "number_empty_cells": 0, "number_distinct_values": 323, "frequent_values": ["79462", "348921002-OIL", "79471", "346254731-OIL", "348919902-OIL"], "dataTypes": [{"type": "INTEGER (LONG)", "count": 1227, "max_value": 14845180, "min_value": 1039, "mean": 95928.99348003262, "stddev": 597148.2086971698}, {"type": "TEXT", "count": 8421, "shortest_values": [["SO4", 3], ["SO4", 3], ["SO4", 3], ["SO4", 3], ["SO4", 3]], "longest_values": [["495416035150002-OIL-93.4%", 25], ["495416018500017-OIL-62.7%", 25], ["495416018500017-OIL-37.3%", 25], ["495416018500017-OIL-62.7%", 25], ["495416018500017-OIL-37.3%", 25]], "average_length": 16.197957487234344}]}, {"column_name": "Estimated", "number_non_empty_cells": 9648, "number_empty_cells": 0, "number_distinct_values": 3, "frequent_values": ["N         ", "N", "Y         "], "dataTypes": [{"type": "TEXT", "count": 9648, "shortest_values": [["N", 1], ["N", 1], ["N", 1], ["N", 1], ["N", 1]], "longest_values": [["N         ", 10], ["N         ", 10], ["N         ", 10], ["N         ", 10], ["N         ", 10]], "average_length": 8.17817164179098}]}, {"column_name": "Current_Charges", "number_non_empty_cells": 9648, "number_empty_cells": 0, "number_distinct_values": 6233, "frequent_values": [0.0, 12863.24, 11684.1, 11440.0, 12494.72], "dataTypes": [{"type": "REAL", "count": 9648, "max_value": 1161552.58, "min_value": 0.0, "mean": 17537.814647595314, "stddev": 58275.69394082364}]}, {"column_name": "Consumption_(GAL)", "number_non_empty_cells": 9648, "number_empty_cells": 0, "number_distinct_values": 4240, "frequent_values": [0.0, 11600.0, 4000.0, 6000.0, 8000.0], "dataTypes": [{"type": "REAL", "count": 9648, "max_value": 348318.0, "min_value": 0.0, "mean": 8000.511829394703, "stddev": 21868.100667373914}]}]}