{"dataset_name": "/user/hm74/NYCOpenData/bj6m-ydtj.tsv.gz", "columns": [{"column_name": "Vendor", "number_non_empty_cells": 6, "number_empty_cells": 0, "number_distinct_values": 5, "frequent_values": ["A RUSSO WRECKING INC", "VERNON HILLS CONTRACTING CORP.", "HALCYON CONSTRUCTION CORP", "EN-TECH CORP", "NEDERMAN, LLC "], "dataTypes": [{"type": "TEXT", "count": 6, "shortest_values": [["EN-TECH CORP", 12], ["NEDERMAN, LLC ", 14], ["A RUSSO WRECKING INC", 20], ["A RUSSO WRECKING INC", 20], ["HALCYON CONSTRUCTION CORP", 25]], "longest_values": [["VERNON HILLS CONTRACTING CORP.", 30], ["HALCYON CONSTRUCTION CORP", 25], ["A RUSSO WRECKING INC", 20], ["A RUSSO WRECKING INC", 20], ["NEDERMAN, LLC ", 14]], "average_length": 20.166666666666664}]}, {"column_name": "Waiver (Partial/Full)", "number_non_empty_cells": 6, "number_empty_cells": 0, "number_distinct_values": 2, "frequent_values": ["Partial", "Full"], "dataTypes": [{"type": "TEXT", "count": 6, "shortest_values": [["Full", 4], ["Partial", 7], ["Partial", 7], ["Partial", 7], ["Partial", 7]], "longest_values": [["Partial", 7], ["Partial", 7], ["Partial", 7], ["Partial", 7], ["Partial", 7]], "average_length": 6.5}]}, {"column_name": "Percentage Original", "number_non_empty_cells": 6, "number_empty_cells": 0, "number_distinct_values": 5, "frequent_values": [10, 31, 16, 3, 30], "dataTypes": [{"type": "INTEGER (LONG)", "count": 6, "max_value": 31, "min_value": 3, "mean": 16.666666666666668, "stddev": 10.482790129010926}]}, {"column_name": "Percentage after waiver", "number_non_empty_cells": 6, "number_empty_cells": 0, "number_distinct_values": 6, "frequent_values": ["11", "3", "5", "17", "12"], "dataTypes": [{"type": "INTEGER (LONG)", "count": 5, "max_value": 17, "min_value": 3, "mean": 9.6, "stddev": 5.043808085167397}, {"type": "TEXT", "count": 1, "shortest_values": [["Full", 4]], "longest_values": [["Full", 4]], "average_length": 4.0}]}, {"column_name": "Contract Registration Date", "number_non_empty_cells": 6, "number_empty_cells": 0, "number_distinct_values": 5, "frequent_values": ["07/11/2013 12:00:00 AM", "10/09/2013 12:00:00 AM", "11/21/2013 12:00:00 AM", "07/05/2013 12:00:00 AM", "12/10/2013 12:00:00 AM"], "dataTypes": [{"type": "DATE/TIME", "count": 6, "max_value": "2013-12-10T00:00:00", "min_value": "2013-07-05T00:00:00"}]}]}