{"dataset_name": "/user/hm74/NYCOpenData/bjmk-35w5.tsv.gz", "columns": [{"column_name": "Program_Name_", "number_non_empty_cells": 1376, "number_empty_cells": 0, "number_distinct_values": 5, "frequent_values": ["Lighting Fixture Replacement", "Student Bathrooms", "Sandy Storm", "Accessibility", "Science Labs"], "dataTypes": [{"type": "TEXT", "count": 1376, "shortest_values": [["Sandy Storm", 11], ["Sandy Storm", 11], ["Sandy Storm", 11], ["Sandy Storm", 11], ["Sandy Storm", 11]], "longest_values": [["Lighting Fixture Replacement", 28], ["Lighting Fixture Replacement", 28], ["Lighting Fixture Replacement", 28], ["Lighting Fixture Replacement", 28], ["Lighting Fixture Replacement", 28]], "average_length": 20.455668604651123}]}, {"column_name": "District", "number_non_empty_cells": 1376, "number_empty_cells": 0, "number_distinct_values": 45, "frequent_values": ["27", "78K", "21", "31", "78Q"], "dataTypes": [{"type": "INTEGER (LONG)", "count": 1086, "max_value": 32, "min_value": 1, "mean": 18.179558011049718, "stddev": 9.177600352993593}, {"type": "TEXT", "count": 290, "shortest_values": [["33Q", 3], ["33Q", 3], ["33Q", 3], ["33Q", 3], ["33Q", 3]], "longest_values": [["33Q", 3], ["33Q", 3], ["33Q", 3], ["33Q", 3], ["33Q", 3]], "average_length": 3.0}]}, {"column_name": "Building_ID", "number_non_empty_cells": 1376, "number_empty_cells": 0, "number_distinct_values": 823, "frequent_values": ["K329", "K279", "Q105", "Q180", "K303"], "dataTypes": [{"type": "DATE/TIME", "count": 47, "max_value": "2019-12-07T00:00:58", "min_value": "2019-12-07T00:00:01"}, {"type": "TEXT", "count": 1329, "shortest_values": [["M112", 4], ["M112", 4], ["M112", 4], ["M112", 4], ["K015", 4]], "longest_values": [["M112", 4], ["M112", 4], ["M112", 4], ["M112", 4], ["K015", 4]], "average_length": 4.0}]}, {"column_name": "School_Name", "number_non_empty_cells": 1340, "number_empty_cells": 36, "number_distinct_values": 614, "frequent_values": ["P.S. 195", "P.S. 105", "P.S. 279", "P.S. 329", "P.S. 146"], "dataTypes": [{"type": "TEXT", "count": 1376, "shortest_values": [["FIT", 3], ["I.S. 2", 6], ["I.S. 2", 6], ["I.S. 2", 6], ["I.S. 2", 6]], "longest_values": [["THE LT. CURTIS MEYRAN AND JOHN BELLEW EDUCATION COMPLEX", 55], ["QUEENS GATEWAY TO HEALTH SCIENCES SECONDARY SCHOOL", 50], ["P.S. 118 MAURICE SENDAK COMMUNITY SCHOOL", 40], ["FRANK J. MACCHIAROLA EDUCATIONAL COMPLEX", 40], ["SOUTH BRONX EDUCATIONAL CAMPUS (OLD 38)", 39]], "average_length": 11.421511627906984}]}, {"column_name": "Borough", "number_non_empty_cells": 1376, "number_empty_cells": 0, "number_distinct_values": 5, "frequent_values": ["Brooklyn", "Queens", "Bronx", "Manhattan", "Staten Island"], "dataTypes": [{"type": "TEXT", "count": 1376, "shortest_values": [["Bronx", 5], ["Bronx", 5], ["Bronx", 5], ["Bronx", 5], ["Bronx", 5]], "longest_values": [["Staten Island", 13], ["Staten Island", 13], ["Staten Island", 13], ["Staten Island", 13], ["Staten Island", 13]], "average_length": 7.449127906976743}]}, {"column_name": "ConstrStart_FY", "number_non_empty_cells": 1261, "number_empty_cells": 115, "number_distinct_values": 5, "frequent_values": [2015, 2016, 2018, 2017, null], "dataTypes": [{"type": "INTEGER (LONG)", "count": 1261, "max_value": 2018, "min_value": 2015, "mean": 2015.7668517049958, "stddev": 0.9704003119741932}]}, {"column_name": "Description", "number_non_empty_cells": 316, "number_empty_cells": 1060, "number_distinct_values": 34, "frequent_values": ["ADA SHELTER COMPLIANCE", "Flood Elimination", "Interior Spaces", "Heating Plant Upgrade", "Electrical Systems"], "dataTypes": [{"type": "TEXT", "count": 316, "shortest_values": [["Roofs", 5], ["Roofs", 5], ["Roofs", 5], ["DOORS", 5], ["ADA RAMPS", 9]], "longest_values": [["Reinforcing Cinder Concrete Slabs", 33], ["Reinforcing Cinder Concrete Slabs", 33], ["Low-Voltage Electrical Systems", 30], ["Low-Voltage Electrical Systems", 30], ["Low-Voltage Electrical Systems", 30]], "average_length": 19.101265822784804}]}]}