{"dataset_name": "/user/hm74/NYCOpenData/bjzv-ubve.tsv.gz", "columns": [{"column_name": "ProviderType", "number_non_empty_cells": 0, "number_empty_cells": 165, "number_distinct_values": 1, "frequent_values": ["NATURALLY OCCURING RETIREMENT COMMUNITY CONTRACTS"], "dataTypes": [{"type": "TEXT", "count": 165, "shortest_values": [["NATURALLY OCCURING RETIREMENT COMMUNITY CONTRACTS", 49], ["NATURALLY OCCURING RETIREMENT COMMUNITY CONTRACTS", 49], ["NATURALLY OCCURING RETIREMENT COMMUNITY CONTRACTS", 49], ["NATURALLY OCCURING RETIREMENT COMMUNITY CONTRACTS", 49], ["NATURALLY OCCURING RETIREMENT COMMUNITY CONTRACTS", 49]], "longest_values": [["NATURALLY OCCURING RETIREMENT COMMUNITY CONTRACTS", 49], ["NATURALLY OCCURING RETIREMENT COMMUNITY CONTRACTS", 49], ["NATURALLY OCCURING RETIREMENT COMMUNITY CONTRACTS", 49], ["NATURALLY OCCURING RETIREMENT COMMUNITY CONTRACTS", 49], ["NATURALLY OCCURING RETIREMENT COMMUNITY CONTRACTS", 49]], "average_length": 49.0}]}, {"column_name": "DFTA ID", "number_non_empty_cells": 165, "number_empty_cells": 0, "number_distinct_values": 11, "frequent_values": ["N3C01", "N4501", "N1701", "N4301", "N2901"], "dataTypes": [{"type": "TEXT", "count": 165, "shortest_values": [["N3301", 5], ["N3C01", 5], ["N4201", 5], ["N1701", 5], ["N4501", 5]], "longest_values": [["N3301", 5], ["N3C01", 5], ["N4201", 5], ["N1701", 5], ["N4501", 5]], "average_length": 5.0}]}, {"column_name": "ContractYear", "number_non_empty_cells": 165, "number_empty_cells": 0, "number_distinct_values": 1, "frequent_values": [2020], "dataTypes": [{"type": "INTEGER (LONG)", "count": 165, "max_value": 2020, "min_value": 2020, "mean": 2020.0, "stddev": 0.0}]}, {"column_name": "SponsorName", "number_non_empty_cells": 165, "number_empty_cells": 0, "number_distinct_values": 7, "frequent_values": ["SELFHELP COMMUNITY SERVICES INC", "HAMILTON MADISON HOUSE INC", "THE JEWISH ASSOCIATION FOR SERVICES FOR THE AGED", "PENN SOUTH SOCIAL SERVICES INC", "QUEENS COMMUNITY HOUSE INC."], "dataTypes": [{"type": "TEXT", "count": 165, "shortest_values": [["HAMILTON MADISON HOUSE INC", 26], ["HAMILTON MADISON HOUSE INC", 26], ["HAMILTON MADISON HOUSE INC", 26], ["HAMILTON MADISON HOUSE INC", 26], ["HAMILTON MADISON HOUSE INC", 26]], "longest_values": [["THE JEWISH ASSOCIATION FOR SERVICES FOR THE AGED", 48], ["THE JEWISH ASSOCIATION FOR SERVICES FOR THE AGED", 48], ["THE JEWISH ASSOCIATION FOR SERVICES FOR THE AGED", 48], ["THE JEWISH ASSOCIATION FOR SERVICES FOR THE AGED", 48], ["THE JEWISH ASSOCIATION FOR SERVICES FOR THE AGED", 48]], "average_length": 32.45454545454546}]}, {"column_name": "ProgramName", "number_non_empty_cells": 165, "number_empty_cells": 0, "number_distinct_values": 11, "frequent_values": ["SELFHELP BIG SIX NORC", "ISABELLA GERIATRIC FT GEORGE VISTAS NORC", "JASA CO OP CITY NORC", "SELFHELP QUEENSVIEW NORC", "HAMILTON MADISON ALFRED SMITH HOUSESNORC"], "dataTypes": [{"type": "TEXT", "count": 165, "shortest_values": [["PENN SOUTH NORC", 15], ["PENN SOUTH NORC", 15], ["PENN SOUTH NORC", 15], ["PENN SOUTH NORC", 15], ["PENN SOUTH NORC", 15]], "longest_values": [["HAMILTON MADISON ALFRED SMITH HOUSESNORC", 40], ["HAMILTON MADISON ALFRED SMITH HOUSESNORC", 40], ["ISABELLA GERIATRIC FT GEORGE VISTAS NORC", 40], ["HAMILTON MADISON ALFRED SMITH HOUSESNORC", 40], ["ISABELLA GERIATRIC FT GEORGE VISTAS NORC", 40]], "average_length": 28.818181818181813}]}, {"column_name": "LineItem", "number_non_empty_cells": 165, "number_empty_cells": 0, "number_distinct_values": 15, "frequent_values": [81, 12, 6, 3, 5], "dataTypes": [{"type": "INTEGER (LONG)", "count": 165, "max_value": 83, "min_value": 3, "mean": 23.533333333333328, "stddev": 29.475111911954162}]}, {"column_name": "LineItemName", "number_non_empty_cells": 165, "number_empty_cells": 0, "number_distinct_values": 15, "frequent_values": ["Vehicles", "Rent", "Personnel", "Travel", "Program Insurance"], "dataTypes": [{"type": "TEXT", "count": 165, "shortest_values": [["Rent", 4], ["Rent", 4], ["Rent", 4], ["Rent", 4], ["Rent", 4]], "longest_values": [["Catered Food/Disposables", 24], ["Catered Food/Disposables", 24], ["Catered Food/Disposables", 24], ["Catered Food/Disposables", 24], ["Catered Food/Disposables", 24]], "average_length": 13.466666666666665}]}, {"column_name": "ReportedMonth", "number_non_empty_cells": 165, "number_empty_cells": 0, "number_distinct_values": 1, "frequent_values": ["Jul 2019"], "dataTypes": [{"type": "DATE/TIME", "count": 165, "max_value": "2019-07-06T00:00:00", "min_value": "2019-07-06T00:00:00"}]}, {"column_name": "ReportedAmount", "number_non_empty_cells": 165, "number_empty_cells": 0, "number_distinct_values": 32, "frequent_values": [0.0, 76.4, 903.34, 1053.85, 3901.08], "dataTypes": [{"type": "REAL", "count": 165, "max_value": 24876.43, "min_value": 0.0, "mean": 1012.384969696969, "stddev": 3918.6709143671947}]}]}