{"dataset_name": "/user/hm74/NYCOpenData/bk4j-3hk5.tsv.gz", "columns": [{"column_name": "Year", "number_non_empty_cells": 14642, "number_empty_cells": 0, "number_distinct_values": 1, "frequent_values": ["2011-12"], "dataTypes": [{"type": "DATE/TIME", "count": 14642, "max_value": "2011-12-08T00:00:00", "min_value": "2011-12-08T00:00:00"}]}, {"column_name": "DBN", "number_non_empty_cells": 14642, "number_empty_cells": 0, "number_distinct_values": 510, "frequent_values": ["10X440", "30Q450", "24Q455", "28Q505", "26Q435"], "dataTypes": [{"type": "DATE/TIME", "count": 17, "max_value": "2019-12-08T00:02:47", "min_value": "2019-12-08T00:02:47"}, {"type": "TEXT", "count": 14625, "shortest_values": [["01M292", 6], ["01M292", 6], ["01M292", 6], ["01M292", 6], ["01M292", 6]], "longest_values": [["01M292", 6], ["01M292", 6], ["01M292", 6], ["01M292", 6], ["01M292", 6]], "average_length": 6.0}]}, {"column_name": "School_Name", "number_non_empty_cells": 14596, "number_empty_cells": 46, "number_distinct_values": 510, "frequent_values": ["DeWitt Clinton High School", "Long Island City High School", "Newtown High School", "Hillcrest High School", "Martin Van Buren High School"], "dataTypes": [{"type": "TEXT", "count": 14642, "shortest_values": [["P.S. 36", 7], ["P.S. 36", 7], ["P.S. 36", 7], ["P.S. 36", 7], ["P.S. 36", 7]], "longest_values": [["English Language Learners and International Support Preparatory Academy (ELLIS)", 79], ["English Language Learners and International Support Preparatory Academy (ELLIS)", 79], ["English Language Learners and International Support Preparatory Academy (ELLIS)", 79], ["English Language Learners and International Support Preparatory Academy (ELLIS)", 79], ["English Language Learners and International Support Preparatory Academy (ELLIS)", 79]], "average_length": 35.31197923780908}]}, {"column_name": "Category", "number_non_empty_cells": 14642, "number_empty_cells": 0, "number_distinct_values": 34, "frequent_values": ["All Students", "English Language Proficient", "Not Student with Disability", "Male", "Female"], "dataTypes": [{"type": "TEXT", "count": 14642, "shortest_values": [["Male", 4], ["Male", 4], ["Male", 4], ["Male", 4], ["Male", 4]], "longest_values": [["English Language Proficient", 27], ["English Language Proficient", 27], ["Not Student with Disability", 27], ["Not Student with Disability", 27], ["English Language Proficient", 27]], "average_length": 12.869689933069312}]}, {"column_name": "Discharge_Type", "number_non_empty_cells": 14642, "number_empty_cells": 0, "number_distinct_values": 2, "frequent_values": ["Discharge out of NYC School", "Drop Out"], "dataTypes": [{"type": "TEXT", "count": 14642, "shortest_values": [["Drop Out", 8], ["Drop Out", 8], ["Drop Out", 8], ["Drop Out", 8], ["Drop Out", 8]], "longest_values": [["Discharge out of NYC School", 27], ["Discharge out of NYC School", 27], ["Discharge out of NYC School", 27], ["Discharge out of NYC School", 27], ["Discharge out of NYC School", 27]], "average_length": 17.889291080453432}]}, {"column_name": "#_of_Discharges", "number_non_empty_cells": 14642, "number_empty_cells": 0, "number_distinct_values": 118, "frequent_values": ["*", "10", "11", "12", "13"], "dataTypes": [{"type": "INTEGER (LONG)", "count": 2833, "max_value": 205, "min_value": 10, "mean": 24.72855630074127, "stddev": 20.94283362384381}, {"type": "TEXT", "count": 11809, "shortest_values": [["*", 1], ["*", 1], ["*", 1], ["*", 1], ["*", 1]], "longest_values": [["*", 1], ["*", 1], ["*", 1], ["*", 1], ["*", 1]], "average_length": 1.0}]}, {"column_name": "Total_Enrolled_Students", "number_non_empty_cells": 14642, "number_empty_cells": 0, "number_distinct_values": 1138, "frequent_values": ["*", "12", "102", "93", "87"], "dataTypes": [{"type": "INTEGER (LONG)", "count": 13018, "max_value": 997, "min_value": 10, "mean": 202.1956521739126, "stddev": 194.0889481492021}, {"type": "DATE/TIME", "count": 649, "max_value": "2067-01-08T00:00:00", "min_value": "0103-01-08T00:00:00"}, {"type": "TEXT", "count": 975, "shortest_values": [["*", 1], ["*", 1], ["*", 1], ["*", 1], ["*", 1]], "longest_values": [["1,000", 5], ["*", 1], ["*", 1], ["*", 1], ["*", 1]], "average_length": 1.0041025641025643}]}]}