{"dataset_name": "/user/hm74/NYCOpenData/bkui-39n8.tsv.gz", "columns": [{"column_name": "Report Date", "number_non_empty_cells": 313, "number_empty_cells": 0, "number_distinct_values": 1, "frequent_values": ["18-Dec"], "dataTypes": [{"type": "DATE/TIME", "count": 313, "max_value": "2019-12-18T00:00:00", "min_value": "2019-12-18T00:00:00"}]}, {"column_name": "Borough", "number_non_empty_cells": 313, "number_empty_cells": 0, "number_distinct_values": 5, "frequent_values": ["QUEENS", "BROOKLYN", "MANHATTAN", "BRONX", "STATEN ISLAND"], "dataTypes": [{"type": "TEXT", "count": 313, "shortest_values": [["BRONX", 5], ["BRONX", 5], ["BRONX", 5], ["BRONX", 5], ["BRONX", 5]], "longest_values": [["STATEN ISLAND", 13], ["STATEN ISLAND", 13], ["STATEN ISLAND", 13], ["STATEN ISLAND", 13], ["STATEN ISLAND", 13]], "average_length": 7.469648562300317}]}, {"column_name": "Geographic Subset", "number_non_empty_cells": 313, "number_empty_cells": 0, "number_distinct_values": 3, "frequent_values": ["Zip Code", "Community Board District", "City Council District"], "dataTypes": [{"type": "TEXT", "count": 313, "shortest_values": [["Zip Code", 8], ["Zip Code", 8], ["Zip Code", 8], ["Zip Code", 8], ["Zip Code", 8]], "longest_values": [["Community Board District", 24], ["Community Board District", 24], ["Community Board District", 24], ["Community Board District", 24], ["Community Board District", 24]], "average_length": 13.87539936102236}]}, {"column_name": "Geographic Identifier", "number_non_empty_cells": 298, "number_empty_cells": 15, "number_distinct_values": 234, "frequent_values": ["UNABLE TO MATCH", "1", "8", "3", "10"], "dataTypes": [{"type": "INTEGER (LONG)", "count": 298, "max_value": 11697, "min_value": 1, "mean": 6608.322147651006, "stddev": 5281.5061759714845}, {"type": "TEXT", "count": 15, "shortest_values": [["UNABLE TO MATCH", 15], ["UNABLE TO MATCH", 15], ["UNABLE TO MATCH", 15], ["UNABLE TO MATCH", 15], ["UNABLE TO MATCH", 15]], "longest_values": [["UNABLE TO MATCH", 15], ["UNABLE TO MATCH", 15], ["UNABLE TO MATCH", 15], ["UNABLE TO MATCH", 15], ["UNABLE TO MATCH", 15]], "average_length": 15.0}]}, {"column_name": "Total Referred", "number_non_empty_cells": 313, "number_empty_cells": 0, "number_distinct_values": 206, "frequent_values": [24, 20, 47, 1, 15], "dataTypes": [{"type": "INTEGER (LONG)", "count": 313, "max_value": 648, "min_value": 1, "mean": 146.22364217252388, "stddev": 133.65209647262142}]}, {"column_name": "Total Ineligible", "number_non_empty_cells": 313, "number_empty_cells": 0, "number_distinct_values": 157, "frequent_values": [3, 2, 4, 20, 1], "dataTypes": [{"type": "INTEGER (LONG)", "count": 313, "max_value": 360, "min_value": 0, "mean": 85.76357827476042, "stddev": 78.50110405589636}]}, {"column_name": "Total Referred - Borough", "number_non_empty_cells": 313, "number_empty_cells": 0, "number_distinct_values": 5, "frequent_values": [2876, 4412, 3585, 3813, 570], "dataTypes": [{"type": "INTEGER (LONG)", "count": 313, "max_value": 4412, "min_value": 570, "mean": 3410.738019169328, "stddev": 950.5688300670905}]}, {"column_name": "Total Ineligible - Borough", "number_non_empty_cells": 313, "number_empty_cells": 0, "number_distinct_values": 5, "frequent_values": [1774, 2544, 2037, 2205, 388], "dataTypes": [{"type": "INTEGER (LONG)", "count": 313, "max_value": 2544, "min_value": 388, "mean": 1999.2364217252393, "stddev": 518.3315100670707}]}, {"column_name": "Total Referred - Citywide", "number_non_empty_cells": 313, "number_empty_cells": 0, "number_distinct_values": 1, "frequent_values": [15256], "dataTypes": [{"type": "INTEGER (LONG)", "count": 313, "max_value": 15256, "min_value": 15256, "mean": 15256.0, "stddev": 0.0}]}, {"column_name": "Total Ineligible - Citywide", "number_non_empty_cells": 313, "number_empty_cells": 0, "number_distinct_values": 1, "frequent_values": [8948], "dataTypes": [{"type": "INTEGER (LONG)", "count": 313, "max_value": 8948, "min_value": 8948, "mean": 8948.0, "stddev": 0.0}]}]}