{"dataset_name": "/user/hm74/NYCOpenData/bmxf-3rd4.tsv.gz", "columns": [{"column_name": "Center Name", "number_non_empty_cells": 10, "number_empty_cells": 0, "number_distinct_values": 10, "frequent_values": ["\tOpen 24 hours\t10016\t40.745377\t-73.981306\t5\t2\t72\t1018469\t1008870087\tMurray Hill-Kips Bay                                                       ", "\tOpen 24 hours\t10474\t40.81653\t-73.889742\t2\t17\t93\t2006002\t2027400100\tHunts Point                                                                ", "\tOpen from 7:30 a.m.-8:30 p.m. This program remain open 24 hours during winter months\t10001\t40.749139\t-73.994016\t5\t3\t101\t1014337\t1007800009\tMidtown-Midtown South                                                      ", "\tOpen from 7:30 a.m.-8:30 p.m. This program remain open 24 hours during winter months\t11233\t40.676015\t-73.905105\t16\t37\t36502\t3038666\t3014370008\tOcean Hill                                                                 ", "Olivieri Center"], "dataTypes": [{"type": "TEXT", "count": 10, "shortest_values": [["Mainchance", 10], ["Olivieri Center", 15], ["The Living Room ", 16], ["The Gathering Place", 19], ["Project Hospitality", 19]], "longest_values": [["\tOpen from 7:30 a.m.-8:30 p.m. This program remain open 24 hours during winter months\t11233\t40.676015\t-73.905105\t16\t37\t36502\t3038666\t3014370008\tOcean Hill                                                                 ", 219], ["\tOpen from 7:30 a.m.-8:30 p.m. This program remain open 24 hours during winter months\t10001\t40.749139\t-73.994016\t5\t3\t101\t1014337\t1007800009\tMidtown-Midtown South                                                      ", 215], ["\tOpen from 7:30 a.m.-8:30 p.m. This program remain open 24 hours during winter months\t10301\t40.641112\t-74.076825\t1\t49\t3\t5000027\t5000050065\tWest New Brighton-New Brighton-St. George                                  ", 214], ["\tOpen 24 hours\t10016\t40.745377\t-73.981306\t5\t2\t72\t1018469\t1008870087\tMurray Hill-Kips Bay                                                       ", 143], ["\tOpen 24 hours\t10474\t40.81653\t-73.889742\t2\t17\t93\t2006002\t2027400100\tHunts Point                                                                ", 143]], "average_length": 101.3}]}, {"column_name": "Borough", "number_non_empty_cells": 5, "number_empty_cells": 5, "number_distinct_values": 5, "frequent_values": ["Manhattan", "Brooklyn", "Staten Island", "Bronx", null], "dataTypes": [{"type": "TEXT", "count": 5, "shortest_values": [["Bronx", 5], ["Brooklyn", 8], ["Manhattan", 9], ["Manhattan", 9], ["Staten Island", 13]], "longest_values": [["Staten Island", 13], ["Manhattan", 9], ["Manhattan", 9], ["Brooklyn", 8], ["Bronx", 5]], "average_length": 8.8}]}, {"column_name": "Address", "number_non_empty_cells": 5, "number_empty_cells": 5, "number_distinct_values": 6, "frequent_values": ["1241 Lafayette Avenue", "120 East 32nd Street", "257 West 30th Street", "25 Central Avenue", "2402 Atlantic Avenue"], "dataTypes": [{"type": "TEXT", "count": 5, "shortest_values": [["25 Central Avenue", 17], ["120 East 32nd Street", 20], ["257 West 30th Street", 20], ["2402 Atlantic Avenue", 20], ["1241 Lafayette Avenue", 21]], "longest_values": [["1241 Lafayette Avenue", 21], ["120 East 32nd Street", 20], ["257 West 30th Street", 20], ["2402 Atlantic Avenue", 20], ["25 Central Avenue", 17]], "average_length": 19.6}]}, {"column_name": "Comments", "number_non_empty_cells": 0, "number_empty_cells": 10, "number_distinct_values": 1, "frequent_values": [null], "dataTypes": []}, {"column_name": "Postcode", "number_non_empty_cells": 0, "number_empty_cells": 10, "number_distinct_values": 1, "frequent_values": [null], "dataTypes": []}, {"column_name": "Latitude", "number_non_empty_cells": 0, "number_empty_cells": 10, "number_distinct_values": 1, "frequent_values": [null], "dataTypes": []}, {"column_name": "Longitude", "number_non_empty_cells": 0, "number_empty_cells": 10, "number_distinct_values": 1, "frequent_values": [null], "dataTypes": []}, {"column_name": "Community Board", "number_non_empty_cells": 0, "number_empty_cells": 10, "number_distinct_values": 1, "frequent_values": [null], "dataTypes": []}, {"column_name": "Council District", "number_non_empty_cells": 0, "number_empty_cells": 10, "number_distinct_values": 1, "frequent_values": [null], "dataTypes": []}, {"column_name": "Census Tract", "number_non_empty_cells": 0, "number_empty_cells": 10, "number_distinct_values": 1, "frequent_values": [null], "dataTypes": []}, {"column_name": "BIN", "number_non_empty_cells": 0, "number_empty_cells": 10, "number_distinct_values": 1, "frequent_values": [null], "dataTypes": []}, {"column_name": "BBL", "number_non_empty_cells": 0, "number_empty_cells": 10, "number_distinct_values": 1, "frequent_values": [null], "dataTypes": []}, {"column_name": "NTA", "number_non_empty_cells": 0, "number_empty_cells": 10, "number_distinct_values": 1, "frequent_values": [null], "dataTypes": []}]}