{"dataset_name": "/user/hm74/NYCOpenData/bquu-z2ht.tsv.gz", "columns": [{"column_name": "opportunity_id", "number_non_empty_cells": 1839, "number_empty_cells": 0, "number_distinct_values": 1074, "frequent_values": ["New York, NY 10013", "New York, NY 10001", "(40.720962275372244, -73.99794973128115)\"", "New York, NY 10010", "New York, NY 10007"], "dataTypes": [{"type": "INTEGER (LONG)", "count": 665, "max_value": 5782, "min_value": 4952, "mean": 5374.454135338344, "stddev": 234.14590545061859}, {"type": "TEXT", "count": 1174, "shortest_values": [["NY 11370", 8], ["NY 11372", 8], ["NY 11211", 8], ["NY 11426", 8], ["NY 11415", 8]], "longest_values": [["(40.719521874540526, -73.98583731954874)\"", 41], ["(40.793325183462535, -73.95176754309219)\"", 41], ["(40.720962275372244, -73.99794973128115)\"", 41], ["(40.720962275372244, -73.99794973128115)\"", 41], ["(40.766393521786576, -73.98218601253214)\"", 41]], "average_length": 28.860306643952292}]}, {"column_name": "content_id", "number_non_empty_cells": 1260, "number_empty_cells": 579, "number_distinct_values": 667, "frequent_values": ["NY", "40084", "39917", "47437", "41009"], "dataTypes": [{"type": "INTEGER (LONG)", "count": 665, "max_value": 52894, "min_value": 36697, "mean": 42790.64360902256, "stddev": 5487.589607473681}, {"type": "TEXT", "count": 595, "shortest_values": [["NY", 2], ["NY", 2], ["NY", 2], ["NY", 2], ["NY", 2]], "longest_values": [["NY", 2], ["NY", 2], ["NY", 2], ["NY", 2], ["NY", 2]], "average_length": 2.0}]}, {"column_name": "vol_requests", "number_non_empty_cells": 1256, "number_empty_cells": 583, "number_distinct_values": 144, "frequent_values": [1, 20, 5, 10, 10013], "dataTypes": [{"type": "INTEGER (LONG)", "count": 1256, "max_value": 11695, "min_value": 1, "mean": 4899.543789808903, "stddev": 5142.726762972345}]}, {"column_name": "event_time", "number_non_empty_cells": 665, "number_empty_cells": 1174, "number_distinct_values": 2, "frequent_values": [0, null], "dataTypes": [{"type": "INTEGER (LONG)", "count": 665, "max_value": 0, "min_value": 0, "mean": 0.0, "stddev": 0.0}]}, {"column_name": "title", "number_non_empty_cells": 1258, "number_empty_cells": 581, "number_distinct_values": 1236, "frequent_values": ["Teach Adults and Kids how to Ride Bikes!", "Get the tools to volunteer for Recycling!", "Give the Gift of Bicycling!", "Grant Writer", "Graphic Designer "], "dataTypes": [{"type": "TEXT", "count": 1260, "shortest_values": [["Tutor", 5], ["Mentor", 6], ["Driver", 6], ["Mentor", 6], ["Mentors ", 8]], "longest_values": [["Not-for-profit Volunteer opportunities with pioneer Capoeira arts organization (various positions)", 98], ["NYAWC Spring Volunteer Information Forum, come learn about volunteering with NYAWC, (Refreshments)", 98], ["Volunteer at UDEC ENVIROMEDIA MOBILE's MARITIME BACCHANAL & PIRATES FEST at IKEA ERIE BASIN PARK", 96], ["Divert Clothing & Textiles From the Landfill, Neighborhood Greenmarket Textile Recycling Drive", 94], ["Undergraduate and Graduate Students  Fall/Spring Interns wanted to work with Class Wish ", 88]], "average_length": 28.16190476190479}]}, {"column_name": "hits", "number_non_empty_cells": 1260, "number_empty_cells": 579, "number_distinct_values": 419, "frequent_values": ["ongoing", "onetime", "38", "30", "28"], "dataTypes": [{"type": "INTEGER (LONG)", "count": 665, "max_value": 4662, "min_value": 0, "mean": 345.40902255639077, "stddev": 530.3173411501913}, {"type": "TEXT", "count": 595, "shortest_values": [["onetime", 7], ["ongoing", 7], ["ongoing", 7], ["ongoing", 7], ["ongoing", 7]], "longest_values": [["onetime", 7], ["ongoing", 7], ["ongoing", 7], ["ongoing", 7], ["ongoing", 7]], "average_length": 7.0}]}, {"column_name": "summary", "number_non_empty_cells": 1259, "number_empty_cells": 580, "number_distinct_values": 645, "frequent_values": ["0", "We are New York City\u2019s largest girls-only youth and leadership development program where girls learn to lead with courage, confidence and character to make their communities and the world  a better place.", "Change a community!  Give the gift of self confidence, independence, health, and a smaller carbon footprint! Volunteer for Bike New York!", "Thousands of New Yorkers aren\u2019t able to dig out the snow; many need help shoveling snow, bringing groceries into their home, or traveling to mass transit hubs.  If you\u2019re an able-bodied New Yorker with a few minutes to spare, please find an opportunity in your neighborhood below.", "Stop 'N' Swap reduces NYC's waste by finding new homes for unwanted, but usable items.  Help sort, fold and display items to make this a fun free reuse experience for all."], "dataTypes": [{"type": "INTEGER (LONG)", "count": 595, "max_value": 12, "min_value": 0, "mean": 0.030252100840336124, "stddev": 0.5491865063875002}, {"type": "TEXT", "count": 665, "shortest_values": [["Knitting Project", 16], ["Join us for our June events!", 28], ["Financial literacy for adults", 29], ["Filing and other office duties", 30], ["Moving, lifting and rearranging", 31]], "longest_values": [["Help support the Lexington School and Center for the Deaf in running our very first craft fair!  We've advertised everywhere and are hoping for a huge turnout.  Help out with set-up, selling raffles, greeting attendees, assisting vendors, and breaking-down.  We'd love to have you help!  ASL welcome!", 300], ["Did you know that 1 in 10 people in the United States face a future with liver disease?The American Liver Foundation is working toward a world free of liver disease and we need your help!Together we will make a difference.Join the American Liver Foundation as a Liver Life Walk Volunteer Crew Member!", 300], ["NYC Parks and Recreation seeks your participation to enrich our recreation facilities!   Shape Up New York is a free fitness program for all ages and is looking for additional instructors at Al Oerter Recreation Center. Volunteer opportunities are available for a variety of classes and activities...", 300], ["This would be a great way to gain hands-on experience in the nonprofit world! We are looking for help in developing our nonprofit organization in the following ways: 1)Grant-Writing 2)Research/Program Evaluation 3) Fundraising/Event Planning  4) Website Development  5) Business Plan/Proposal writers", 300], ["Join the Governors Island Alliance on Saturday, May 28th for our seventh annual Family Festival in Nolan Park on Governors Island. Volunteers are needed to help set up and run activities for children ranging from theater games to arts and crafts projects. Please go to Bit.ly/GIAVolunteer to sign up!", 300]], "average_length": 171.86766917293247}]}, {"column_name": "is_priority", "number_non_empty_cells": 657, "number_empty_cells": 1182, "number_distinct_values": 178, "frequent_values": ["y", "June 06 2011", "June 07 2011", "April 12 2011", "January 14 2011"], "dataTypes": [{"type": "DATE/TIME", "count": 595, "max_value": "2011-09-26T00:00:00", "min_value": "2011-01-03T00:00:00"}, {"type": "TEXT", "count": 62, "shortest_values": [["y", 1], ["y", 1], ["y", 1], ["y", 1], ["y", 1]], "longest_values": [["y", 1], ["y", 1], ["y", 1], ["y", 1], ["y", 1]], "average_length": 1.0}]}, {"column_name": "category_id", "number_non_empty_cells": 1212, "number_empty_cells": 627, "number_distinct_values": 164, "frequent_values": ["1", "2", "3", "5", "4"], "dataTypes": [{"type": "INTEGER (LONG)", "count": 617, "max_value": 6, "min_value": 1, "mean": 2.1053484602917365, "stddev": 1.4108587624057598}, {"type": "DATE/TIME", "count": 595, "max_value": "2011-09-27T00:00:00", "min_value": "2011-01-06T00:00:00"}]}, {"column_name": "category_desc", "number_non_empty_cells": 1212, "number_empty_cells": 627, "number_distinct_values": 222, "frequent_values": ["Strengthening Communities", "Helping Neighbors in Need", "Education", "Health", "June 05 2011"], "dataTypes": [{"type": "DATE/TIME", "count": 595, "max_value": "2012-08-03T00:00:00", "min_value": "2011-01-03T00:00:00"}, {"type": "TEXT", "count": 617, "shortest_values": [["Health", 6], ["Health", 6], ["Health", 6], ["Health", 6], ["Health", 6]], "longest_values": [["Helping Neighbors in Need", 25], ["Strengthening Communities", 25], ["Strengthening Communities", 25], ["Strengthening Communities", 25], ["Strengthening Communities", 25]], "average_length": 20.213938411669353}]}, {"column_name": "amsl", "number_non_empty_cells": 595, "number_empty_cells": 1244, "number_distinct_values": 295, "frequent_values": ["June 04 2012", "June 05 2012", "June 30 2012", "April 11 2012", "February 23 2012"], "dataTypes": [{"type": "DATE/TIME", "count": 595, "max_value": "2012-12-31T00:00:00", "min_value": "2011-01-22T00:00:00"}]}, {"column_name": "amsl_unit", "number_non_empty_cells": 595, "number_empty_cells": 1244, "number_distinct_values": 2, "frequent_values": ["approved", null], "dataTypes": [{"type": "TEXT", "count": 595, "shortest_values": [["approved", 8], ["approved", 8], ["approved", 8], ["approved", 8], ["approved", 8]], "longest_values": [["approved", 8], ["approved", 8], ["approved", 8], ["approved", 8], ["approved", 8]], "average_length": 8.0}]}, {"column_name": "org_title", "number_non_empty_cells": 1046, "number_empty_cells": 793, "number_distinct_values": 267, "frequent_values": ["MANHATTAN", "BROOKLYN ", "Catchafire", "QUEENS   ", "BRONX    "], "dataTypes": [{"type": "TEXT", "count": 1048, "shortest_values": [["BCA", 3], ["WCS", 3], ["BCA", 3], ["FEGS", 4], ["FEGS", 4]], "longest_values": [["NATIONAL SEPTEMBER 11 MEMORIAL & MUSEUM                                      ", 77], ["Community Service Society/Retired & Senior Volunteer Program (RSVP)", 67], ["Community Service Society/Retired & Senior Volunteer Program (RSVP)", 67], ["Community Service Society/Retired & Senior Volunteer Program (RSVP)", 67], ["Community Service Society/Retired & Senior Volunteer Program (RSVP)", 67]], "average_length": 20.560114503816795}]}, {"column_name": "org_content_id", "number_non_empty_cells": 1048, "number_empty_cells": 791, "number_distinct_values": 424, "frequent_values": [39853.0, 40.720942, 3706.0, 4279.0, 3747.0], "dataTypes": [{"type": "REAL", "count": 1048, "max_value": 52858.0, "min_value": 24.0, "mean": 13183.034031412206, "stddev": 18211.486333947618}]}, {"column_name": "addresses_count", "number_non_empty_cells": 1048, "number_empty_cells": 791, "number_distinct_values": 169, "frequent_values": [1.0, -73.997929, -73.993655, -73.835147, -73.964168], "dataTypes": [{"type": "REAL", "count": 1048, "max_value": 12.0, "min_value": -74.119937, "mean": -26.366391913167927, "stddev": 36.12424222759878}]}, {"column_name": "locality", "number_non_empty_cells": 978, "number_empty_cells": 861, "number_distinct_values": 372, "frequent_values": ["101", "102", "407 Broome Street", "105", "106"], "dataTypes": [{"type": "INTEGER (LONG)", "count": 383, "max_value": 501, "min_value": 1, "mean": 168.89033942558737, "stddev": 121.82904808083185}, {"type": "DATE/TIME", "count": 6, "max_value": "7111-05-08T00:00:00", "min_value": "0339-02-08T00:00:00"}, {"type": "TEXT", "count": 589, "shortest_values": [["24 61", 5], ["54 New", 6], ["25 New", 6], ["113 Ft", 6], ["657 New", 7]], "longest_values": [["Church Street School for Music New York, NY 10007", 49], ["305 7th Avenue between 27th and 28th Street", 43], ["High School of Economics New York, NY 10006", 43], ["336 Fort Washington Ave at 175th Street", 39], ["218 73 Hempstead Avenue Queens Village", 38]], "average_length": 16.797962648556883}]}, {"column_name": "region", "number_non_empty_cells": 453, "number_empty_cells": 1386, "number_distinct_values": 40, "frequent_values": ["1", "NY", "3", "4", "11"], "dataTypes": [{"type": "INTEGER (LONG)", "count": 383, "max_value": 49, "min_value": 1, "mean": 12.120104438642292, "stddev": 14.443413958535022}, {"type": "TEXT", "count": 70, "shortest_values": [["NY", 2], ["NY", 2], ["NY", 2], ["NY", 2], ["NY", 2]], "longest_values": [["NY", 2], ["NY", 2], ["NY", 2], ["NY", 2], ["NY", 2]], "average_length": 2.0}]}, {"column_name": "Postcode", "number_non_empty_cells": 451, "number_empty_cells": 1388, "number_distinct_values": 161, "frequent_values": [45, 9, 95, 7, 773], "dataTypes": [{"type": "INTEGER (LONG)", "count": 451, "max_value": 112112, "min_value": 2, "mean": 3347.8203991130795, "stddev": 9825.103648505974}]}, {"column_name": "primary_loc", "number_non_empty_cells": 370, "number_empty_cells": 1469, "number_distinct_values": 156, "frequent_values": [1007002, 1015060, 4442874, 1059835, 1082757], "dataTypes": [{"type": "INTEGER (LONG)", "count": 370, "max_value": 5005576, "min_value": 1000000, "mean": 1804279.1216216201, "stddev": 1180429.8405297804}]}, {"column_name": "display_url", "number_non_empty_cells": 440, "number_empty_cells": 1399, "number_distinct_values": 226, "frequent_values": ["1004720011", "1008037502", "4033122000", "1019910001", "1001210001"], "dataTypes": [{"type": "INTEGER (LONG)", "count": 370, "max_value": 5002090011, "min_value": 1000047501, "mean": 1745062487.2108116, "stddev": 1112885162.280933}, {"type": "TEXT", "count": 70, "shortest_values": [["/opportunities/5137", 19], ["/opportunities/5685", 19], ["/opportunities/5210", 19], ["/opportunities/4996", 19], ["/opportunities/5056", 19]], "longest_values": [["/opportunities/5137", 19], ["/opportunities/5685", 19], ["/opportunities/5210", 19], ["/opportunities/4996", 19], ["/opportunities/5056", 19]], "average_length": 19.0}]}, {"column_name": "recurrence_type", "number_non_empty_cells": 453, "number_empty_cells": 1386, "number_distinct_values": 70, "frequent_values": ["SoHo-TriBeCa-Civic Center-Little Italy                                     ", "Battery Park City-Lower Manhattan                                          ", "ongoing", "Midtown-Midtown South                                                      ", "onetime"], "dataTypes": [{"type": "TEXT", "count": 453, "shortest_values": [["ongoing", 7], ["ongoing", 7], ["ongoing", 7], ["onetime", 7], ["onetime", 7]], "longest_values": [["Lower East Side                                                            ", 75], ["Upper East Side-Carnegie Hill                                              ", 75], ["Bedford Park-Fordham North                                                 ", 75], ["East Harlem South                                                          ", 75], ["Hunters Point-Sunnyside-West Maspeth                                       ", 75]], "average_length": 64.49227373068432}]}, {"column_name": "hours", "number_non_empty_cells": 70, "number_empty_cells": 1769, "number_distinct_values": 2, "frequent_values": [0, null], "dataTypes": [{"type": "INTEGER (LONG)", "count": 70, "max_value": 0, "min_value": 0, "mean": 0.0, "stddev": 0.0}]}, {"column_name": "created_date", "number_non_empty_cells": 70, "number_empty_cells": 1769, "number_distinct_values": 57, "frequent_values": ["February 18 2011", "March 17 2011", "February 24 2011", "September 16 2011", "February 09 2011"], "dataTypes": [{"type": "DATE/TIME", "count": 70, "max_value": "2011-09-24T00:00:00", "min_value": "2011-01-13T00:00:00"}]}, {"column_name": "last_modified_date", "number_non_empty_cells": 70, "number_empty_cells": 1769, "number_distinct_values": 52, "frequent_values": ["March 18 2011", "September 16 2011", "September 26 2011", "September 19 2011", "June 02 2011"], "dataTypes": [{"type": "DATE/TIME", "count": 70, "max_value": "2011-09-26T00:00:00", "min_value": "2011-01-21T00:00:00"}]}, {"column_name": "start_date_date", "number_non_empty_cells": 70, "number_empty_cells": 1769, "number_distinct_values": 55, "frequent_values": ["September 24 2011", "September 10 2011", "September 19 2011", "March 17 2011", "February 24 2011"], "dataTypes": [{"type": "DATE/TIME", "count": 70, "max_value": "2012-02-05T00:00:00", "min_value": "2011-01-29T00:00:00"}]}, {"column_name": "end_date_date", "number_non_empty_cells": 70, "number_empty_cells": 1769, "number_distinct_values": 61, "frequent_values": ["March 16 2012", "March 31 2012", "June 15 2011", "February 24 2012", "June 18 2011"], "dataTypes": [{"type": "DATE/TIME", "count": 70, "max_value": "2012-12-31T00:00:00", "min_value": "2011-01-29T00:00:00"}]}, {"column_name": "status", "number_non_empty_cells": 70, "number_empty_cells": 1769, "number_distinct_values": 2, "frequent_values": ["approved", null], "dataTypes": [{"type": "TEXT", "count": 70, "shortest_values": [["approved", 8], ["approved", 8], ["approved", 8], ["approved", 8], ["approved", 8]], "longest_values": [["approved", 8], ["approved", 8], ["approved", 8], ["approved", 8], ["approved", 8]], "average_length": 8.0}]}, {"column_name": "Borough", "number_non_empty_cells": 0, "number_empty_cells": 1839, "number_distinct_values": 1, "frequent_values": [null], "dataTypes": []}, {"column_name": "Latitude", "number_non_empty_cells": 0, "number_empty_cells": 1839, "number_distinct_values": 1, "frequent_values": [null], "dataTypes": []}, {"column_name": "Longitude", "number_non_empty_cells": 0, "number_empty_cells": 1839, "number_distinct_values": 1, "frequent_values": [null], "dataTypes": []}, {"column_name": "Community_Board", "number_non_empty_cells": 0, "number_empty_cells": 1839, "number_distinct_values": 1, "frequent_values": [null], "dataTypes": []}, {"column_name": "Community_Council_", "number_non_empty_cells": 0, "number_empty_cells": 1839, "number_distinct_values": 1, "frequent_values": [null], "dataTypes": []}, {"column_name": "Census_Tract", "number_non_empty_cells": 0, "number_empty_cells": 1839, "number_distinct_values": 1, "frequent_values": [null], "dataTypes": []}, {"column_name": "BIN", "number_non_empty_cells": 0, "number_empty_cells": 1839, "number_distinct_values": 1, "frequent_values": [null], "dataTypes": []}, {"column_name": "BBL", "number_non_empty_cells": 0, "number_empty_cells": 1839, "number_distinct_values": 1, "frequent_values": [null], "dataTypes": []}, {"column_name": "NTA", "number_non_empty_cells": 0, "number_empty_cells": 1839, "number_distinct_values": 1, "frequent_values": [null], "dataTypes": []}]}