{"dataset_name": "/user/hm74/NYCOpenData/bray-s6dc.tsv.gz", "columns": [{"column_name": "Visit_Year", "number_non_empty_cells": 8, "number_empty_cells": 0, "number_distinct_values": 8, "frequent_values": [2015, 2013, 2014, 2012, 2016], "dataTypes": [{"type": "INTEGER (LONG)", "count": 8, "max_value": 2017, "min_value": 2010, "mean": 2013.5, "stddev": 2.29128784747792}]}, {"column_name": "Foreign_Born", "number_non_empty_cells": 8, "number_empty_cells": 0, "number_distinct_values": 8, "frequent_values": [3287, 5787, 6759, 4721, 7728], "dataTypes": [{"type": "INTEGER (LONG)", "count": 8, "max_value": 7728, "min_value": 3287, "mean": 5625.875, "stddev": 1520.0135227605706}]}, {"column_name": "US_Born", "number_non_empty_cells": 8, "number_empty_cells": 0, "number_distinct_values": 8, "frequent_values": [3796, 4779, 1942, 4312, 5054], "dataTypes": [{"type": "INTEGER (LONG)", "count": 8, "max_value": 5054, "min_value": 1942, "mean": 3656.75, "stddev": 970.4409757939944}]}, {"column_name": "Foreign_Born_New_Client", "number_non_empty_cells": 7, "number_empty_cells": 1, "number_distinct_values": 8, "frequent_values": [3962, 3108, 3210, 3320, 4716], "dataTypes": [{"type": "INTEGER (LONG)", "count": 7, "max_value": 4716, "min_value": 3108, "mean": 3832.9999999999995, "stddev": 577.8796216712067}]}, {"column_name": "Foreign_Born_Return_Client", "number_non_empty_cells": 7, "number_empty_cells": 1, "number_distinct_values": 8, "frequent_values": [1825, 1613, 3012, 1134, 3424], "dataTypes": [{"type": "INTEGER (LONG)", "count": 7, "max_value": 3424, "min_value": 1134, "mean": 2127.0, "stddev": 793.7246733867212}]}, {"column_name": "FJC_FB_Visit_Bronx", "number_non_empty_cells": 1, "number_empty_cells": 7, "number_distinct_values": 2, "frequent_values": [1907, null], "dataTypes": [{"type": "INTEGER (LONG)", "count": 1, "max_value": 1907, "min_value": 1907, "mean": 1907.0, "stddev": 0.0}]}, {"column_name": "FJC_FB_Visit_Brooklyn", "number_non_empty_cells": 1, "number_empty_cells": 7, "number_distinct_values": 2, "frequent_values": [2348, null], "dataTypes": [{"type": "INTEGER (LONG)", "count": 1, "max_value": 2348, "min_value": 2348, "mean": 2348.0, "stddev": 0.0}]}, {"column_name": "FJC_FB_Visit_Manhattan", "number_non_empty_cells": 1, "number_empty_cells": 7, "number_distinct_values": 2, "frequent_values": [1168, null], "dataTypes": [{"type": "INTEGER (LONG)", "count": 1, "max_value": 1168, "min_value": 1168, "mean": 1168.0, "stddev": 0.0}]}, {"column_name": "FJC_FB_Visit_Queens", "number_non_empty_cells": 1, "number_empty_cells": 7, "number_distinct_values": 2, "frequent_values": [2201, null], "dataTypes": [{"type": "INTEGER (LONG)", "count": 1, "max_value": 2201, "min_value": 2201, "mean": 2201.0, "stddev": 0.0}]}, {"column_name": "FJC_FB_Visit_Staten_Island", "number_non_empty_cells": 1, "number_empty_cells": 7, "number_distinct_values": 2, "frequent_values": [411, null], "dataTypes": [{"type": "INTEGER (LONG)", "count": 1, "max_value": 411, "min_value": 411, "mean": 411.0, "stddev": 0.0}]}, {"column_name": "FB_Age_Under_20", "number_non_empty_cells": 1, "number_empty_cells": 7, "number_distinct_values": 2, "frequent_values": [77, null], "dataTypes": [{"type": "INTEGER (LONG)", "count": 1, "max_value": 77, "min_value": 77, "mean": 77.0, "stddev": 0.0}]}, {"column_name": "FB_Age_20_29", "number_non_empty_cells": 1, "number_empty_cells": 7, "number_distinct_values": 2, "frequent_values": [1332, null], "dataTypes": [{"type": "INTEGER (LONG)", "count": 1, "max_value": 1332, "min_value": 1332, "mean": 1332.0, "stddev": 0.0}]}, {"column_name": "FB_Age_30_39", "number_non_empty_cells": 1, "number_empty_cells": 7, "number_distinct_values": 2, "frequent_values": [3019, null], "dataTypes": [{"type": "INTEGER (LONG)", "count": 1, "max_value": 3019, "min_value": 3019, "mean": 3019.0, "stddev": 0.0}]}, {"column_name": "FB_Age_40_49", "number_non_empty_cells": 1, "number_empty_cells": 7, "number_distinct_values": 2, "frequent_values": [2043, null], "dataTypes": [{"type": "INTEGER (LONG)", "count": 1, "max_value": 2043, "min_value": 2043, "mean": 2043.0, "stddev": 0.0}]}, {"column_name": "FB_Age_50_59", "number_non_empty_cells": 1, "number_empty_cells": 7, "number_distinct_values": 2, "frequent_values": [822, null], "dataTypes": [{"type": "INTEGER (LONG)", "count": 1, "max_value": 822, "min_value": 822, "mean": 822.0, "stddev": 0.0}]}, {"column_name": "FB_Age_Over_60", "number_non_empty_cells": 1, "number_empty_cells": 7, "number_distinct_values": 2, "frequent_values": [329, null], "dataTypes": [{"type": "INTEGER (LONG)", "count": 1, "max_value": 329, "min_value": 329, "mean": 329.0, "stddev": 0.0}]}, {"column_name": "FB_Lang_Spanish", "number_non_empty_cells": 1, "number_empty_cells": 7, "number_distinct_values": 2, "frequent_values": [3437, null], "dataTypes": [{"type": "INTEGER (LONG)", "count": 1, "max_value": 3437, "min_value": 3437, "mean": 3437.0, "stddev": 0.0}]}, {"column_name": "FB_Lang_English", "number_non_empty_cells": 1, "number_empty_cells": 7, "number_distinct_values": 2, "frequent_values": [2659, null], "dataTypes": [{"type": "INTEGER (LONG)", "count": 1, "max_value": 2659, "min_value": 2659, "mean": 2659.0, "stddev": 0.0}]}, {"column_name": "FB_Lang_Mandarin", "number_non_empty_cells": 1, "number_empty_cells": 7, "number_distinct_values": 2, "frequent_values": [298, null], "dataTypes": [{"type": "INTEGER (LONG)", "count": 1, "max_value": 298, "min_value": 298, "mean": 298.0, "stddev": 0.0}]}, {"column_name": "FB_Lang_Russian", "number_non_empty_cells": 1, "number_empty_cells": 7, "number_distinct_values": 2, "frequent_values": [164, null], "dataTypes": [{"type": "INTEGER (LONG)", "count": 1, "max_value": 164, "min_value": 164, "mean": 164.0, "stddev": 0.0}]}, {"column_name": "FB_Lang_Arabic", "number_non_empty_cells": 1, "number_empty_cells": 7, "number_distinct_values": 2, "frequent_values": [136, null], "dataTypes": [{"type": "INTEGER (LONG)", "count": 1, "max_value": 136, "min_value": 136, "mean": 136.0, "stddev": 0.0}]}, {"column_name": "FB_Lang_Bengali", "number_non_empty_cells": 1, "number_empty_cells": 7, "number_distinct_values": 2, "frequent_values": [135, null], "dataTypes": [{"type": "INTEGER (LONG)", "count": 1, "max_value": 135, "min_value": 135, "mean": 135.0, "stddev": 0.0}]}, {"column_name": "FB_Lang_French", "number_non_empty_cells": 1, "number_empty_cells": 7, "number_distinct_values": 2, "frequent_values": [105, null], "dataTypes": [{"type": "INTEGER (LONG)", "count": 1, "max_value": 105, "min_value": 105, "mean": 105.0, "stddev": 0.0}]}, {"column_name": "FB_Lang_Other", "number_non_empty_cells": 1, "number_empty_cells": 7, "number_distinct_values": 2, "frequent_values": [704, null], "dataTypes": [{"type": "INTEGER (LONG)", "count": 1, "max_value": 704, "min_value": 704, "mean": 704.0, "stddev": 0.0}]}, {"column_name": "FB_Country_Mexico", "number_non_empty_cells": 1, "number_empty_cells": 7, "number_distinct_values": 2, "frequent_values": [1216, null], "dataTypes": [{"type": "INTEGER (LONG)", "count": 1, "max_value": 1216, "min_value": 1216, "mean": 1216.0, "stddev": 0.0}]}, {"column_name": "FB_Country_Dominican_Repub", "number_non_empty_cells": 1, "number_empty_cells": 7, "number_distinct_values": 2, "frequent_values": [1093, null], "dataTypes": [{"type": "INTEGER (LONG)", "count": 1, "max_value": 1093, "min_value": 1093, "mean": 1093.0, "stddev": 0.0}]}, {"column_name": "FB_Country_Jamaica", "number_non_empty_cells": 1, "number_empty_cells": 7, "number_distinct_values": 2, "frequent_values": [528, null], "dataTypes": [{"type": "INTEGER (LONG)", "count": 1, "max_value": 528, "min_value": 528, "mean": 528.0, "stddev": 0.0}]}, {"column_name": "FB_Country_Ecuador", "number_non_empty_cells": 1, "number_empty_cells": 7, "number_distinct_values": 2, "frequent_values": [496, null], "dataTypes": [{"type": "INTEGER (LONG)", "count": 1, "max_value": 496, "min_value": 496, "mean": 496.0, "stddev": 0.0}]}, {"column_name": "FB_Country_China", "number_non_empty_cells": 1, "number_empty_cells": 7, "number_distinct_values": 2, "frequent_values": [362, null], "dataTypes": [{"type": "INTEGER (LONG)", "count": 1, "max_value": 362, "min_value": 362, "mean": 362.0, "stddev": 0.0}]}, {"column_name": "FB_Country_Honduras", "number_non_empty_cells": 1, "number_empty_cells": 7, "number_distinct_values": 2, "frequent_values": [293, null], "dataTypes": [{"type": "INTEGER (LONG)", "count": 1, "max_value": 293, "min_value": 293, "mean": 293.0, "stddev": 0.0}]}, {"column_name": "FB_Country_Guyana", "number_non_empty_cells": 1, "number_empty_cells": 7, "number_distinct_values": 2, "frequent_values": [266, null], "dataTypes": [{"type": "INTEGER (LONG)", "count": 1, "max_value": 266, "min_value": 266, "mean": 266.0, "stddev": 0.0}]}, {"column_name": "FB_Country_Colombia", "number_non_empty_cells": 1, "number_empty_cells": 7, "number_distinct_values": 2, "frequent_values": [259, null], "dataTypes": [{"type": "INTEGER (LONG)", "count": 1, "max_value": 259, "min_value": 259, "mean": 259.0, "stddev": 0.0}]}, {"column_name": "FB_Country_Trin_Tobago", "number_non_empty_cells": 1, "number_empty_cells": 7, "number_distinct_values": 2, "frequent_values": [241, null], "dataTypes": [{"type": "INTEGER (LONG)", "count": 1, "max_value": 241, "min_value": 241, "mean": 241.0, "stddev": 0.0}]}, {"column_name": "FB_Country_Bangladesh", "number_non_empty_cells": 1, "number_empty_cells": 7, "number_distinct_values": 2, "frequent_values": [184, null], "dataTypes": [{"type": "INTEGER (LONG)", "count": 1, "max_value": 184, "min_value": 184, "mean": 184.0, "stddev": 0.0}]}, {"column_name": "FB_Relationship_Dating", "number_non_empty_cells": 1, "number_empty_cells": 7, "number_distinct_values": 2, "frequent_values": [342, null], "dataTypes": [{"type": "INTEGER (LONG)", "count": 1, "max_value": 342, "min_value": 342, "mean": 342.0, "stddev": 0.0}]}, {"column_name": "FB_Relationship_Spouse", "number_non_empty_cells": 1, "number_empty_cells": 7, "number_distinct_values": 2, "frequent_values": [3743, null], "dataTypes": [{"type": "INTEGER (LONG)", "count": 1, "max_value": 3743, "min_value": 3743, "mean": 3743.0, "stddev": 0.0}]}, {"column_name": "FB_Relationship_Ex_Dating", "number_non_empty_cells": 1, "number_empty_cells": 7, "number_distinct_values": 2, "frequent_values": [319, null], "dataTypes": [{"type": "INTEGER (LONG)", "count": 1, "max_value": 319, "min_value": 319, "mean": 319.0, "stddev": 0.0}]}, {"column_name": "FB_Relationship_Ex_Spouse", "number_non_empty_cells": 1, "number_empty_cells": 7, "number_distinct_values": 2, "frequent_values": [374, null], "dataTypes": [{"type": "INTEGER (LONG)", "count": 1, "max_value": 374, "min_value": 374, "mean": 374.0, "stddev": 0.0}]}, {"column_name": "FB_Relationship_Child_Common", "number_non_empty_cells": 1, "number_empty_cells": 7, "number_distinct_values": 2, "frequent_values": [1697, null], "dataTypes": [{"type": "INTEGER (LONG)", "count": 1, "max_value": 1697, "min_value": 1697, "mean": 1697.0, "stddev": 0.0}]}, {"column_name": "FB_Relationship_Living_Together", "number_non_empty_cells": 1, "number_empty_cells": 7, "number_distinct_values": 2, "frequent_values": [371, null], "dataTypes": [{"type": "INTEGER (LONG)", "count": 1, "max_value": 371, "min_value": 371, "mean": 371.0, "stddev": 0.0}]}, {"column_name": "FB_Services_Risk Assessment", "number_non_empty_cells": 1, "number_empty_cells": 7, "number_distinct_values": 2, "frequent_values": [6975, null], "dataTypes": [{"type": "INTEGER (LONG)", "count": 1, "max_value": 6975, "min_value": 6975, "mean": 6975.0, "stddev": 0.0}]}, {"column_name": "FB_Services_Safety_Planning", "number_non_empty_cells": 1, "number_empty_cells": 7, "number_distinct_values": 2, "frequent_values": [6966, null], "dataTypes": [{"type": "INTEGER (LONG)", "count": 1, "max_value": 6966, "min_value": 6966, "mean": 6966.0, "stddev": 0.0}]}, {"column_name": "FB_Services_Group_Individual_Counseling", "number_non_empty_cells": 1, "number_empty_cells": 7, "number_distinct_values": 2, "frequent_values": [4396, null], "dataTypes": [{"type": "INTEGER (LONG)", "count": 1, "max_value": 4396, "min_value": 4396, "mean": 4396.0, "stddev": 0.0}]}, {"column_name": "FB_Services_Imm_Civil_Legal_Asst", "number_non_empty_cells": 1, "number_empty_cells": 7, "number_distinct_values": 2, "frequent_values": [3296, null], "dataTypes": [{"type": "INTEGER (LONG)", "count": 1, "max_value": 3296, "min_value": 3296, "mean": 3296.0, "stddev": 0.0}]}, {"column_name": "FB_Criis_Intervention", "number_non_empty_cells": 1, "number_empty_cells": 7, "number_distinct_values": 2, "frequent_values": [3157, null], "dataTypes": [{"type": "INTEGER (LONG)", "count": 1, "max_value": 3157, "min_value": 3157, "mean": 3157.0, "stddev": 0.0}]}, {"column_name": "FB_Country_BX_Dominican_Republic", "number_non_empty_cells": 1, "number_empty_cells": 7, "number_distinct_values": 2, "frequent_values": [613, null], "dataTypes": [{"type": "INTEGER (LONG)", "count": 1, "max_value": 613, "min_value": 613, "mean": 613.0, "stddev": 0.0}]}, {"column_name": "FB_Country_BX_Mexico", "number_non_empty_cells": 1, "number_empty_cells": 7, "number_distinct_values": 2, "frequent_values": [342, null], "dataTypes": [{"type": "INTEGER (LONG)", "count": 1, "max_value": 342, "min_value": 342, "mean": 342.0, "stddev": 0.0}]}, {"column_name": "FB_Country_BX_Honduras", "number_non_empty_cells": 1, "number_empty_cells": 7, "number_distinct_values": 2, "frequent_values": [151, null], "dataTypes": [{"type": "INTEGER (LONG)", "count": 1, "max_value": 151, "min_value": 151, "mean": 151.0, "stddev": 0.0}]}, {"column_name": "FB_Country_BX_Jamaica", "number_non_empty_cells": 1, "number_empty_cells": 7, "number_distinct_values": 2, "frequent_values": [135, null], "dataTypes": [{"type": "INTEGER (LONG)", "count": 1, "max_value": 135, "min_value": 135, "mean": 135.0, "stddev": 0.0}]}, {"column_name": "FB_Country_BX_Ecuador", "number_non_empty_cells": 1, "number_empty_cells": 7, "number_distinct_values": 2, "frequent_values": [77, null], "dataTypes": [{"type": "INTEGER (LONG)", "count": 1, "max_value": 77, "min_value": 77, "mean": 77.0, "stddev": 0.0}]}, {"column_name": "FB_Country_BK_Mexico", "number_non_empty_cells": 1, "number_empty_cells": 7, "number_distinct_values": 2, "frequent_values": [362, null], "dataTypes": [{"type": "INTEGER (LONG)", "count": 1, "max_value": 362, "min_value": 362, "mean": 362.0, "stddev": 0.0}]}, {"column_name": "FB_Country_BK_Jamaica", "number_non_empty_cells": 1, "number_empty_cells": 7, "number_distinct_values": 2, "frequent_values": [218, null], "dataTypes": [{"type": "INTEGER (LONG)", "count": 1, "max_value": 218, "min_value": 218, "mean": 218.0, "stddev": 0.0}]}, {"column_name": "FB_Country_BK_Dominican_Republic", "number_non_empty_cells": 1, "number_empty_cells": 7, "number_distinct_values": 2, "frequent_values": [182, null], "dataTypes": [{"type": "INTEGER (LONG)", "count": 1, "max_value": 182, "min_value": 182, "mean": 182.0, "stddev": 0.0}]}, {"column_name": "FB_Country_BK_Trin_Tobago", "number_non_empty_cells": 1, "number_empty_cells": 7, "number_distinct_values": 2, "frequent_values": [148, null], "dataTypes": [{"type": "INTEGER (LONG)", "count": 1, "max_value": 148, "min_value": 148, "mean": 148.0, "stddev": 0.0}]}, {"column_name": "FB_Country_BK_Ecuador", "number_non_empty_cells": 1, "number_empty_cells": 7, "number_distinct_values": 2, "frequent_values": [113, null], "dataTypes": [{"type": "INTEGER (LONG)", "count": 1, "max_value": 113, "min_value": 113, "mean": 113.0, "stddev": 0.0}]}, {"column_name": "FB_Country_MN_Dominican_Republic", "number_non_empty_cells": 1, "number_empty_cells": 7, "number_distinct_values": 2, "frequent_values": [209, null], "dataTypes": [{"type": "INTEGER (LONG)", "count": 1, "max_value": 209, "min_value": 209, "mean": 209.0, "stddev": 0.0}]}, {"column_name": "FB_Country_MN_Mexico", "number_non_empty_cells": 1, "number_empty_cells": 7, "number_distinct_values": 2, "frequent_values": [126, null], "dataTypes": [{"type": "INTEGER (LONG)", "count": 1, "max_value": 126, "min_value": 126, "mean": 126.0, "stddev": 0.0}]}, {"column_name": "FB_Country_MN_China", "number_non_empty_cells": 1, "number_empty_cells": 7, "number_distinct_values": 2, "frequent_values": [77, null], "dataTypes": [{"type": "INTEGER (LONG)", "count": 1, "max_value": 77, "min_value": 77, "mean": 77.0, "stddev": 0.0}]}, {"column_name": "FB_Country_MN_Jamaica", "number_non_empty_cells": 1, "number_empty_cells": 7, "number_distinct_values": 2, "frequent_values": [60, null], "dataTypes": [{"type": "INTEGER (LONG)", "count": 1, "max_value": 60, "min_value": 60, "mean": 60.0, "stddev": 0.0}]}, {"column_name": "FB_Country_MN_Ecuador", "number_non_empty_cells": 1, "number_empty_cells": 7, "number_distinct_values": 2, "frequent_values": [52, null], "dataTypes": [{"type": "INTEGER (LONG)", "count": 1, "max_value": 52, "min_value": 52, "mean": 52.0, "stddev": 0.0}]}, {"column_name": "FB_Country_QN_Mexico", "number_non_empty_cells": 1, "number_empty_cells": 7, "number_distinct_values": 2, "frequent_values": [322, null], "dataTypes": [{"type": "INTEGER (LONG)", "count": 1, "max_value": 322, "min_value": 322, "mean": 322.0, "stddev": 0.0}]}, {"column_name": "FB_Country_QN_Ecuador", "number_non_empty_cells": 1, "number_empty_cells": 7, "number_distinct_values": 2, "frequent_values": [269, null], "dataTypes": [{"type": "INTEGER (LONG)", "count": 1, "max_value": 269, "min_value": 269, "mean": 269.0, "stddev": 0.0}]}, {"column_name": "FB_Country_QN_China", "number_non_empty_cells": 1, "number_empty_cells": 7, "number_distinct_values": 2, "frequent_values": [210, null], "dataTypes": [{"type": "INTEGER (LONG)", "count": 1, "max_value": 210, "min_value": 210, "mean": 210.0, "stddev": 0.0}]}, {"column_name": "FB_Country_QN_Colombia", "number_non_empty_cells": 1, "number_empty_cells": 7, "number_distinct_values": 2, "frequent_values": [176, null], "dataTypes": [{"type": "INTEGER (LONG)", "count": 1, "max_value": 176, "min_value": 176, "mean": 176.0, "stddev": 0.0}]}, {"column_name": "FB_Country_QN_Jamaica", "number_non_empty_cells": 1, "number_empty_cells": 7, "number_distinct_values": 2, "frequent_values": [131, null], "dataTypes": [{"type": "INTEGER (LONG)", "count": 1, "max_value": 131, "min_value": 131, "mean": 131.0, "stddev": 0.0}]}, {"column_name": "FB_Country_SI_Mexico", "number_non_empty_cells": 1, "number_empty_cells": 7, "number_distinct_values": 2, "frequent_values": [114, null], "dataTypes": [{"type": "INTEGER (LONG)", "count": 1, "max_value": 114, "min_value": 114, "mean": 114.0, "stddev": 0.0}]}, {"column_name": "FB_Country_SI_Jamaica", "number_non_empty_cells": 1, "number_empty_cells": 7, "number_distinct_values": 2, "frequent_values": [19, null], "dataTypes": [{"type": "INTEGER (LONG)", "count": 1, "max_value": 19, "min_value": 19, "mean": 19.0, "stddev": 0.0}]}, {"column_name": "FB_Country_SI_Dominican_Republic", "number_non_empty_cells": 1, "number_empty_cells": 7, "number_distinct_values": 2, "frequent_values": [18, null], "dataTypes": [{"type": "INTEGER (LONG)", "count": 1, "max_value": 18, "min_value": 18, "mean": 18.0, "stddev": 0.0}]}, {"column_name": "FB_Country_SI_Eygpt", "number_non_empty_cells": 1, "number_empty_cells": 7, "number_distinct_values": 2, "frequent_values": [18, null], "dataTypes": [{"type": "INTEGER (LONG)", "count": 1, "max_value": 18, "min_value": 18, "mean": 18.0, "stddev": 0.0}]}, {"column_name": "FB_Country_SI_Honduras", "number_non_empty_cells": 1, "number_empty_cells": 7, "number_distinct_values": 2, "frequent_values": [18, null], "dataTypes": [{"type": "INTEGER (LONG)", "count": 1, "max_value": 18, "min_value": 18, "mean": 18.0, "stddev": 0.0}]}]}