{"dataset_name": "/user/hm74/NYCOpenData/brga-xeqy.tsv.gz", "columns": [{"column_name": "Agency_Code", "number_non_empty_cells": 282, "number_empty_cells": 3, "number_distinct_values": 44, "frequent_values": ["040", "126", "816", "856", "836"], "dataTypes": [{"type": "INTEGER (LONG)", "count": 282, "max_value": 866, "min_value": 3, "mean": 437.20921985815596, "stddev": 379.88372920725726}, {"type": "TEXT", "count": 3, "shortest_values": [["NA", 2], ["NA", 2], ["NA", 2]], "longest_values": [["NA", 2], ["NA", 2], ["NA", 2]], "average_length": 2.0}]}, {"column_name": "Agency", "number_non_empty_cells": 285, "number_empty_cells": 0, "number_distinct_values": 45, "frequent_values": ["DOE", "DCLA", "DOHMH", "DCAS", "DOF"], "dataTypes": [{"type": "INTEGER (LONG)", "count": 1, "max_value": 311, "min_value": 311, "mean": 311.0, "stddev": 0.0}, {"type": "TEXT", "count": 284, "shortest_values": [["SCA", 3], ["BOE", 3], ["BOE", 3], ["LAW", 3], ["LAW", 3]], "longest_values": [["NYCHA", 5], ["NYCEM", 5], ["NYCEM", 5], ["DOHMH", 5], ["DOHMH", 5]], "average_length": 3.6021126760563367}]}, {"column_name": "Agency_Name", "number_non_empty_cells": 269, "number_empty_cells": 16, "number_distinct_values": 46, "frequent_values": ["DEPARTMENT OF EDUCATION", "DEPARTMENT OF CULTURAL AFFAIRS", "DEPARTMENT OF HEALTH AND MENTAL HYGIENE", "DEPARTMENT OF CITYWIDE ADMIN SERVICE", "POLICE DEPARTMENT"], "dataTypes": [{"type": "INTEGER (LONG)", "count": 1, "max_value": 311, "min_value": 311, "mean": 311.0, "stddev": 0.0}, {"type": "TEXT", "count": 284, "shortest_values": [["LAW DEPARTMENT", 14], ["LAW DEPARTMENT", 14], ["FIRE DEPARTMENT", 15], ["FIRE DEPARTMENT", 15], ["FIRE DEPARTMENT", 15]], "longest_values": [["DEPARTMENT OF INFORMATION TECHNOLOGY & TELECOMMUNICATIONS", 57], ["DEPARTMENT OF INFORMATION TECHNOLOGY & TELECOMMUNICATIONS", 57], ["DEPARTMENT OF INFORMATION TECHNOLOGY & TELECOMMUNICATIONS", 57], ["DEPARTMENT OF INFORMATION TECHNOLOGY & TELECOMMUNICATIONS", 57], ["DEPARTMENT OF INFORMATION TECHNOLOGY & TELECOMMUNICATIONS", 57]], "average_length": 29.25704225352111}]}, {"column_name": "Unit_of_Appropriation", "number_non_empty_cells": 282, "number_empty_cells": 3, "number_distinct_values": 103, "frequent_values": [1, 2, 4, 3, 6], "dataTypes": [{"type": "INTEGER (LONG)", "count": 282, "max_value": 890, "min_value": 1, "mean": 110.41134751773058, "stddev": 181.94844063233637}]}, {"column_name": "Unit_of_Appropriation_Name", "number_non_empty_cells": 227, "number_empty_cells": 58, "number_distinct_values": 238, "frequent_values": ["OTHER THAN PERSONAL SERVICES", "PERSONAL SERVICES", "LUMP SUM", "NA", "OPERATIONS"], "dataTypes": [{"type": "TEXT", "count": 285, "shortest_values": [["NA", 2], ["NA", 2], ["NA", 2], ["AUDIT", 5], ["LEGAL", 5]], "longest_values": [["TRUST FOR GOVERNOR'S ISLAND AND NYC & CO", 40], ["FAMILY & CHILD HLTH AND HLTH EQUITY - PS", 40], ["FAMILY & CHILD HLTH AND HLTH EQUITY-OTPS", 40], ["MENTAL HYGIENE MANAGEMENT SERVICES- OTPS", 40], ["CHEMICAL DEPENDENCY AND HEALTH PROMOTION", 40]], "average_length": 23.056140350877204}]}, {"column_name": "PSOTPSInd", "number_non_empty_cells": 282, "number_empty_cells": 3, "number_distinct_values": 3, "frequent_values": ["Other Than Personal Services", "Personal Services", "NA"], "dataTypes": [{"type": "TEXT", "count": 285, "shortest_values": [["NA", 2], ["NA", 2], ["NA", 2], ["Personal Services", 17], ["Personal Services", 17]], "longest_values": [["Other Than Personal Services", 28], ["Other Than Personal Services", 28], ["Other Than Personal Services", 28], ["Other Than Personal Services", 28], ["Other Than Personal Services", 28]], "average_length": 22.978947368421064}]}, {"column_name": "Expenditures_FY18000000", "number_non_empty_cells": 274, "number_empty_cells": 11, "number_distinct_values": 237, "frequent_values": [1.0, 2.8, 1.4, 0.2, 2.9], "dataTypes": [{"type": "REAL", "count": 274, "max_value": 6607.3, "min_value": 0.0, "mean": 235.74233576642325, "stddev": 675.3939638336024}]}, {"column_name": "February_2019_Financial_PlanFY19_000000", "number_non_empty_cells": 282, "number_empty_cells": 3, "number_distinct_values": 246, "frequent_values": [1.3, 4.1, 1.9, 1.0, 6.0], "dataTypes": [{"type": "REAL", "count": 282, "max_value": 7158.7, "min_value": 0.1, "mean": 238.41985815602848, "stddev": 692.7353478485453}]}, {"column_name": "ApplicableMMRGoals", "number_non_empty_cells": 267, "number_empty_cells": 18, "number_distinct_values": 63, "frequent_values": ["All", "1a, 1b", "NA", "None", "1a, 2b"], "dataTypes": [{"type": "DATE/TIME", "count": 25, "max_value": "2019-12-07T06:00:00", "min_value": "2019-12-07T01:00:00"}, {"type": "TEXT", "count": 260, "shortest_values": [["NA", 2], ["NA", 2], ["NA", 2], ["NA", 2], ["NA", 2]], "longest_values": [["1a, 1b, 2a, 2b, 2c, 3a, 4a, 4b", 30], ["1a, 1b, 2a, 2b, 2c, 3a, 4a, 4b", 30], ["1c, 2a, 2b, 2c, 3a, 3b, 4a", 26], ["1c, 2a, 2b, 2c, 3a, 3b, 4a", 26], ["All. Refer to OCME goals.", 25]], "average_length": 7.023076923076919}]}, {"column_name": "Notes", "number_non_empty_cells": 30, "number_empty_cells": 255, "number_distinct_values": 9, "frequent_values": ["These figures are limited to the City\u2019s contribution and planned contribution respectively.", "This UA originated in Fiscal 2019.", "These figures are limited to the City\u2019s contribution and planned contribution respectively, to CUNY.", "OCME is contained within the Department of Health and Mental Hygiene and appropriations are made through that agency.", "EDC is contained within the Department of Small Business Services and appropriations are made through that agency. These figures are limited to the City's contribution and planned contribution respectively, to EDC"], "dataTypes": [{"type": "TEXT", "count": 30, "shortest_values": [["This UA originated in Fiscal 2019.", 34], ["This UA originated in Fiscal 2019.", 34], ["This UA originated in Fiscal 2019.", 34], ["This UA originated in Fiscal 2019.", 34], ["This UA originated in Fiscal 2019.", 34]], "longest_values": [["EDC is contained within the Department of Small Business Services and appropriations are made through that agency. These figures are limited to the City's contribution and planned contribution respectively, to EDC", 213], ["The City's contributions to the New York City Housing Authority, a public authority, are not made through distinct units of appropriation", 137], ["The City's contributions to the School Construction Authority, a public authority, are not made through distinct units of appropriation", 135], ["311 is contained within the Department of Information Technology and Communications and appropriations are made through that agency.", 132], ["OCME is contained within the Department of Health and Mental Hygiene and appropriations are made through that agency.", 117]], "average_length": 87.46666666666667}]}]}