{"dataset_name": "/user/hm74/NYCOpenData/brxp-zcjz.tsv.gz", "columns": [{"column_name": "School Year", "number_non_empty_cells": 33, "number_empty_cells": 1, "number_distinct_values": 2, "frequent_values": ["2015-16", null], "dataTypes": [{"type": "TEXT", "count": 33, "shortest_values": [["2015-16", 7], ["2015-16", 7], ["2015-16", 7], ["2015-16", 7], ["2015-16", 7]], "longest_values": [["2015-16", 7], ["2015-16", 7], ["2015-16", 7], ["2015-16", 7], ["2015-16", 7]], "average_length": 7.0}]}, {"column_name": "Community School District", "number_non_empty_cells": 34, "number_empty_cells": 0, "number_distinct_values": 34, "frequent_values": ["7", "15", "11", "29", "3"], "dataTypes": [{"type": "INTEGER (LONG)", "count": 33, "max_value": 75, "min_value": 1, "mean": 18.272727272727273, "stddev": 13.536197772555669}, {"type": "TEXT", "count": 1, "shortest_values": [["Total:", 6]], "longest_values": [["Total:", 6]], "average_length": 6.0}]}, {"column_name": "# of students in grades 9-12", "number_non_empty_cells": 34, "number_empty_cells": 0, "number_distinct_values": 34, "frequent_values": [14832, 13622, 9675, 1743, 11103], "dataTypes": [{"type": "INTEGER (LONG)", "count": 34, "max_value": 290930, "min_value": 1674, "mean": 17113.529411764706, "stddev": 48035.97596485569}]}, {"column_name": "# of students in grades 9-12 who have completed at least one semester of health instruction", "number_non_empty_cells": 34, "number_empty_cells": 0, "number_distinct_values": 34, "frequent_values": [5337, 7171, 10421, 5777, 4324], "dataTypes": [{"type": "INTEGER (LONG)", "count": 34, "max_value": 180767, "min_value": 1006, "mean": 10633.352941176472, "stddev": 29910.457899500394}]}, {"column_name": "%", "number_non_empty_cells": 34, "number_empty_cells": 0, "number_distinct_values": 34, "frequent_values": [0.679, 0.494, 0.717, 0.144, 0.695], "dataTypes": [{"type": "REAL", "count": 34, "max_value": 0.812, "min_value": 0.144, "mean": 0.6224411764705883, "stddev": 0.11283204362770421}]}, {"column_name": "# of 15-16 June and August graduates", "number_non_empty_cells": 34, "number_empty_cells": 0, "number_distinct_values": 34, "frequent_values": [1143, 808, 57518, 2651, 1806], "dataTypes": [{"type": "INTEGER (LONG)", "count": 34, "max_value": 57518, "min_value": 112, "mean": 3383.411764705882, "stddev": 9516.050555949721}]}, {"column_name": "# of 15-16 June and August graduates meeting high school health requirements", "number_non_empty_cells": 34, "number_empty_cells": 0, "number_distinct_values": 33, "frequent_values": [808, 7324, 375, 3028, 3133], "dataTypes": [{"type": "INTEGER (LONG)", "count": 34, "max_value": 57355, "min_value": 110, "mean": 3373.823529411765, "stddev": 9488.55466732107}]}]}