{"dataset_name": "/user/hm74/NYCOpenData/bss9-579f.tsv.gz", "columns": [{"column_name": "BROOKLYN_\u00e2\u0080\u0093_CONDOMINIUMS_COMPARABLE_PROPERTIES_\u00e2\u0080\u0093_Boro-Block-Lot", "number_non_empty_cells": 717, "number_empty_cells": 0, "number_distinct_values": 693, "frequent_values": ["3-01734-7504", "3-01498-7501", "3-01957-7501", "3-04414-7501", "3-05468-7502"], "dataTypes": [{"type": "TEXT", "count": 717, "shortest_values": [["3-00027-7501", 12], ["3-00028-7501", 12], ["3-00028-7502", 12], ["3-00031-7502", 12], ["3-00035-7501", 12]], "longest_values": [["3-00027-7501", 12], ["3-00028-7501", 12], ["3-00028-7502", 12], ["3-00031-7502", 12], ["3-00035-7501", 12]], "average_length": 12.0}]}, {"column_name": "BROOKLYN_\u00e2\u0080\u0093_CONDOMINIUMS_COMPARABLE_PROPERTIES_\u00e2\u0080\u0093_Condo_Section", "number_non_empty_cells": 717, "number_empty_cells": 0, "number_distinct_values": 717, "frequent_values": ["2009-R1", "1717-R1", "0295-R1", "1537-R1", "1237-R1"], "dataTypes": [{"type": "TEXT", "count": 717, "shortest_values": [["0658-R1", 7], ["1370-R1", 7], ["2018-R1", 7], ["1181-R1", 7], ["1771-R1", 7]], "longest_values": [["0658-R1", 7], ["1370-R1", 7], ["2018-R1", 7], ["1181-R1", 7], ["1771-R1", 7]], "average_length": 7.0}]}, {"column_name": "BROOKLYN_\u00e2\u0080\u0093_CONDOMINIUMS_COMPARABLE_PROPERTIES_\u00e2\u0080\u0093_Address", "number_non_empty_cells": 703, "number_empty_cells": 14, "number_distinct_values": 710, "frequent_values": ["96 WOODPOINT ROAD", "110 LIVINGSTON STREET", "108 SPENCER STREET", "231 15 STREET", "2900 OCEAN AVENUE"], "dataTypes": [{"type": "TEXT", "count": 717, "shortest_values": [["5 UNKNOWN", 9], ["52 3 AVENUE", 11], ["99 4 AVENUE", 11], ["64 7 AVENUE", 11], ["42 BROADWAY", 11]], "longest_values": [["82 ,84,86,88 GREEN STREET", 25], ["101 PROSPECT PARK SOUTHWE", 25], ["207 PROSPECT PARK SOUTHWE", 25], ["2121 SHORE PARKWAY SR NOR", 25], ["1151 BRIGHTON BEACH AVENU", 25]], "average_length": 16.98326359832633}]}, {"column_name": "BROOKLYN_\u00e2\u0080\u0093_CONDOMINIUMS_COMPARABLE_PROPERTIES_\u00e2\u0080\u0093_Neighborhood", "number_non_empty_cells": 711, "number_empty_cells": 6, "number_distinct_values": 49, "frequent_values": ["BEDFORD STUYVESANT", "WILLIAMSBURG-CENTRAL", "WILLIAMSBURG-EAST", "WILLIAMSBURG-SOUTH", "BOROUGH PARK"], "dataTypes": [{"type": "TEXT", "count": 717, "shortest_values": [["GOWANUS", 7], ["GOWANUS", 7], ["GOWANUS", 7], ["GOWANUS", 7], ["MIDWOOD", 7]], "longest_values": [["FLATBUSH-LEFFERTS GARDEN", 24], ["DOWNTOWN-FULTON FERRY", 21], ["DOWNTOWN-FULTON FERRY", 21], ["DOWNTOWN-FULTON FERRY", 21], ["DOWNTOWN-FULTON FERRY", 21]], "average_length": 14.368200836820074}]}, {"column_name": "BROOKLYN_\u00e2\u0080\u0093_CONDOMINIUMS_COMPARABLE_PROPERTIES_\u00e2\u0080\u0093_Building_Classification", "number_non_empty_cells": 717, "number_empty_cells": 0, "number_distinct_values": 4, "frequent_values": ["R4-CONDOMINIUM", "R2-CONDOMINIUM", "R9-CONDOMINIUM", "RR-CONDOMINIUM"], "dataTypes": [{"type": "TEXT", "count": 717, "shortest_values": [["R4-CONDOMINIUM", 14], ["R4-CONDOMINIUM", 14], ["R4-CONDOMINIUM", 14], ["R4-CONDOMINIUM", 14], ["R4-CONDOMINIUM", 14]], "longest_values": [["R4-CONDOMINIUM", 14], ["R4-CONDOMINIUM", 14], ["R4-CONDOMINIUM", 14], ["R4-CONDOMINIUM", 14], ["R4-CONDOMINIUM", 14]], "average_length": 14.0}]}, {"column_name": "BROOKLYN_\u00e2\u0080\u0093_CONDOMINIUMS_COMPARABLE_PROPERTIES_\u00e2\u0080\u0093_Total_Units", "number_non_empty_cells": 717, "number_empty_cells": 0, "number_distinct_values": 115, "frequent_values": [12, 14, 16, 8, 15], "dataTypes": [{"type": "INTEGER (LONG)", "count": 717, "max_value": 552, "min_value": 1, "mean": 31.580195258019536, "stddev": 49.998474715544894}]}, {"column_name": "BROOKLYN_\u00e2\u0080\u0093_CONDOMINIUMS_COMPARABLE_PROPERTIES_\u00e2\u0080\u0093_Year_Built", "number_non_empty_cells": 626, "number_empty_cells": 91, "number_distinct_values": 65, "frequent_values": [2006, 2005, 2004, 2007, 2003], "dataTypes": [{"type": "INTEGER (LONG)", "count": 626, "max_value": 2010, "min_value": 1825, "mean": 1983.9057507987222, "stddev": 36.727592314441786}]}, {"column_name": "BROOKLYN_\u00e2\u0080\u0093_CONDOMINIUMS_COMPARABLE_PROPERTIES_\u00e2\u0080\u0093_Gross_SqFt", "number_non_empty_cells": 717, "number_empty_cells": 0, "number_distinct_values": 690, "frequent_values": [24200, 16637, 4500, 9500, 24787], "dataTypes": [{"type": "INTEGER (LONG)", "count": 717, "max_value": 842968, "min_value": 478, "mean": 37945.64574616452, "stddev": 60220.02751523673}]}, {"column_name": "BROOKLYN_\u00e2\u0080\u0093_CONDOMINIUMS_COMPARABLE_PROPERTIES_\u00e2\u0080\u0093_Estimated_Gross_Income", "number_non_empty_cells": 717, "number_empty_cells": 0, "number_distinct_values": 706, "frequent_values": [454718, 387964, 344386, 53370, 456206], "dataTypes": [{"type": "INTEGER (LONG)", "count": 717, "max_value": 15886466, "min_value": 6424, "mean": 736029.50488145, "stddev": 1179434.4765907526}]}, {"column_name": "BROOKLYN_\u00e2\u0080\u0093_CONDOMINIUMS_COMPARABLE_PROPERTIES_\u00e2\u0080\u0093_Gross_Income_per_SqFt", "number_non_empty_cells": 717, "number_empty_cells": 0, "number_distinct_values": 310, "frequent_values": [20.7, 22.01, 21.45, 23.5, 18.75], "dataTypes": [{"type": "REAL", "count": 717, "max_value": 35.15, "min_value": 3.57, "mean": 19.361255230125526, "stddev": 3.662545370607897}]}, {"column_name": "BROOKLYN_\u00e2\u0080\u0093_CONDOMINIUMS_COMPARABLE_PROPERTIES_\u00e2\u0080\u0093_Estimated_Expense", "number_non_empty_cells": 717, "number_empty_cells": 0, "number_distinct_values": 705, "frequent_values": [186434, 73778, 225418, 159065, 92378], "dataTypes": [{"type": "INTEGER (LONG)", "count": 717, "max_value": 6094659, "min_value": 1740, "mean": 314293.78382147884, "stddev": 491619.7301163279}]}, {"column_name": "BROOKLYN_\u00e2\u0080\u0093_CONDOMINIUMS_COMPARABLE_PROPERTIES_\u00e2\u0080\u0093_Expense_per_SqFt", "number_non_empty_cells": 717, "number_empty_cells": 0, "number_distinct_values": 321, "frequent_values": [8.49, 8.79, 9.46, 7.7, 8.87], "dataTypes": [{"type": "REAL", "count": 717, "max_value": 16.66, "min_value": 0.97, "mean": 8.29418410041841, "stddev": 1.5947719011178945}]}, {"column_name": "BROOKLYN_\u00e2\u0080\u0093_CONDOMINIUMS_COMPARABLE_PROPERTIES_\u00e2\u0080\u0093_Net_Operating_Income", "number_non_empty_cells": 717, "number_empty_cells": 0, "number_distinct_values": 704, "frequent_values": [268284, 203188, 285275, 246351, 228899], "dataTypes": [{"type": "INTEGER (LONG)", "count": 717, "max_value": 10882261, "min_value": 4684, "mean": 421735.72105997225, "stddev": 715922.654614518}]}, {"column_name": "BROOKLYN_\u00e2\u0080\u0093_CONDOMINIUMS_COMPARABLE_PROPERTIES_\u00e2\u0080\u0093_Full_Market_Value", "number_non_empty_cells": 717, "number_empty_cells": 0, "number_distinct_values": 704, "frequent_values": [2192000, 1928001, 1225000, 1770000, 672000], "dataTypes": [{"type": "INTEGER (LONG)", "count": 717, "max_value": 78988986, "min_value": 30000, "mean": 3028973.9093444915, "stddev": 5180139.428595834}]}, {"column_name": "BROOKLYN_\u00e2\u0080\u0093_CONDOMINIUMS_COMPARABLE_PROPERTIES_\u00e2\u0080\u0093_Market_Value_per_SqFt", "number_non_empty_cells": 717, "number_empty_cells": 0, "number_distinct_values": 615, "frequent_values": [79.67, 89.71, 86.52, 89.73, 82.4], "dataTypes": [{"type": "REAL", "count": 717, "max_value": 225.0, "min_value": 16.12, "mean": 79.8931380753138, "stddev": 22.87935918602969}]}, {"column_name": "COMPARABLE_RENTAL_\u00e2\u0080\u0093_1_\u00e2\u0080\u0093_Boro-Block-Lot", "number_non_empty_cells": 717, "number_empty_cells": 0, "number_distinct_values": 309, "frequent_values": ["3-05079-0019", "3-02424-0006", "3-01959-0027", "3-02183-0058", "3-02424-0016"], "dataTypes": [{"type": "TEXT", "count": 717, "shortest_values": [["3-00221-0020", 12], ["3-00268-0039", 12], ["3-00042-0018", 12], ["3-00268-0039", 12], ["3-00042-0018", 12]], "longest_values": [["3-00221-0020", 12], ["3-00268-0039", 12], ["3-00042-0018", 12], ["3-00268-0039", 12], ["3-00042-0018", 12]], "average_length": 12.0}]}, {"column_name": "COMPARABLE_RENTAL_\u00e2\u0080\u0093_1_\u00e2\u0080\u0093_Address", "number_non_empty_cells": 715, "number_empty_cells": 2, "number_distinct_values": 309, "frequent_values": ["142 ST PAUL'S PLACE", "354 SOUTH 2 STREET", "80 GREENE AVENUE", "189 ROSS STREET", "370 SOUTH 2 STREET"], "dataTypes": [{"type": "TEXT", "count": 717, "shortest_values": [["120 1 PLACE", 11], ["120 1 PLACE", 11], ["126 4 AVENUE", 12], ["126 4 AVENUE", 12], ["325 1 STREET", 12]], "longest_values": [["38 PROSPECT PARK SOUTHWES", 25], ["38 PROSPECT PARK SOUTHWES", 25], ["38 PROSPECT PARK SOUTHWES", 25], ["702 EAST NEW YORK AVENUE", 24], ["5718 FT HAMILTON PARKWAY", 24]], "average_length": 17.22036262203623}]}, {"column_name": "COMPARABLE_RENTAL_\u00e2\u0080\u0093_1_\u00e2\u0080\u0093_Neighborhood", "number_non_empty_cells": 712, "number_empty_cells": 5, "number_distinct_values": 48, "frequent_values": ["WILLIAMSBURG-SOUTH", "FORT GREENE", "FLATBUSH-CENTRAL", "BOROUGH PARK", "WILLIAMSBURG-CENTRAL"], "dataTypes": [{"type": "TEXT", "count": 717, "shortest_values": [["GOWANUS", 7], ["GOWANUS", 7], ["GOWANUS", 7], ["GOWANUS", 7], ["GOWANUS", 7]], "longest_values": [["FLATBUSH-LEFFERTS GARDEN", 24], ["FLATBUSH-LEFFERTS GARDEN", 24], ["DOWNTOWN-FULTON FERRY", 21], ["DOWNTOWN-FULTON FERRY", 21], ["DOWNTOWN-FULTON FERRY", 21]], "average_length": 14.606694560669464}]}, {"column_name": "COMPARABLE_RENTAL_\u00e2\u0080\u0093_1_\u00e2\u0080\u0093_Building_Classification", "number_non_empty_cells": 717, "number_empty_cells": 0, "number_distinct_values": 12, "frequent_values": ["D9-ELEVATOR", "C1-WALK-UP", "D1-ELEVATOR", "C7-WALK-UP", "D3-ELEVATOR"], "dataTypes": [{"type": "TEXT", "count": 717, "shortest_values": [["C1-WALK-UP", 10], ["C1-WALK-UP", 10], ["C1-WALK-UP", 10], ["C1-WALK-UP", 10], ["C1-WALK-UP", 10]], "longest_values": [["D6-ELEVATOR", 11], ["D9-ELEVATOR", 11], ["D8-ELEVATOR", 11], ["D9-ELEVATOR", 11], ["D8-ELEVATOR", 11]], "average_length": 10.680613668061364}]}, {"column_name": "COMPARABLE_RENTAL_\u00e2\u0080\u0093_1_\u00e2\u0080\u0093_Total_Units", "number_non_empty_cells": 717, "number_empty_cells": 0, "number_distinct_values": 84, "frequent_values": [16, 24, 29, 35, 97], "dataTypes": [{"type": "INTEGER (LONG)", "count": 717, "max_value": 364, "min_value": 8, "mean": 40.73640167364016, "stddev": 45.325772298680754}]}, {"column_name": "COMPARABLE_RENTAL_\u00e2\u0080\u0093_1_\u00e2\u0080\u0093_Year_Built", "number_non_empty_cells": 717, "number_empty_cells": 0, "number_distinct_values": 74, "frequent_values": [1915, 1920, 1912, 1931, 1900], "dataTypes": [{"type": "INTEGER (LONG)", "count": 717, "max_value": 2010, "min_value": 1870, "mean": 1937.5020920502097, "stddev": 34.01429773338808}]}, {"column_name": "COMPARABLE_RENTAL_\u00e2\u0080\u0093_1_\u00e2\u0080\u0093_Gross_SqFt", "number_non_empty_cells": 717, "number_empty_cells": 0, "number_distinct_values": 278, "frequent_values": [16080, 24126, 71470, 25800, 23000], "dataTypes": [{"type": "INTEGER (LONG)", "count": 717, "max_value": 298933, "min_value": 3750, "mean": 33190.43933054392, "stddev": 35455.508821187876}]}, {"column_name": "COMPARABLE_RENTAL_\u00e2\u0080\u0093_1_\u00e2\u0080\u0093_Estimated_Gross_Income", "number_non_empty_cells": 717, "number_empty_cells": 0, "number_distinct_values": 304, "frequent_values": [429829, 499299, 2033930, 503375, 408672], "dataTypes": [{"type": "INTEGER (LONG)", "count": 717, "max_value": 7877134, "min_value": 66300, "mean": 701053.0906555085, "stddev": 880986.311190272}]}, {"column_name": "COMPARABLE_RENTAL_\u00e2\u0080\u0093_1_\u00e2\u0080\u0093_Gross_Income_per_SqFt", "number_non_empty_cells": 717, "number_empty_cells": 0, "number_distinct_values": 279, "frequent_values": [26.73, 20.7, 28.46, 19.35, 15.84], "dataTypes": [{"type": "REAL", "count": 717, "max_value": 44.77, "min_value": 7.47, "mean": 20.80182705718271, "stddev": 5.235126944354621}]}, {"column_name": "COMPARABLE_RENTAL_\u00e2\u0080\u0093_1_\u00e2\u0080\u0093_Estimated_Expense", "number_non_empty_cells": 717, "number_empty_cells": 0, "number_distinct_values": 309, "frequent_values": [204184, 320801, 931596, 204336, 229306], "dataTypes": [{"type": "INTEGER (LONG)", "count": 717, "max_value": 2762431, "min_value": 27939, "mean": 323714.66108786606, "stddev": 376765.2716045726}]}, {"column_name": "COMPARABLE_RENTAL_\u00e2\u0080\u0093_1_\u00e2\u0080\u0093_Expense_per_SqFt", "number_non_empty_cells": 717, "number_empty_cells": 0, "number_distinct_values": 250, "frequent_values": [13.3, 12.7, 13.03, 8.35, 7.92], "dataTypes": [{"type": "REAL", "count": 717, "max_value": 21.31, "min_value": 2.55, "mean": 9.68655509065551, "stddev": 2.7592921977311757}]}, {"column_name": "COMPARABLE_RENTAL_\u00e2\u0080\u0093_1_\u00e2\u0080\u0093_Net_Operating_Income", "number_non_empty_cells": 717, "number_empty_cells": 0, "number_distinct_values": 309, "frequent_values": [178498, 225645, 1102334, 204336, 201966], "dataTypes": [{"type": "INTEGER (LONG)", "count": 717, "max_value": 5564185, "min_value": 38361, "mean": 377338.42956764303, "stddev": 525936.8495356304}]}, {"column_name": "COMPARABLE_RENTAL_\u00e2\u0080\u0093_1_\u00e2\u0080\u0093_Full_Market_Value", "number_non_empty_cells": 717, "number_empty_cells": 0, "number_distinct_values": 291, "frequent_values": [1050000, 1631000, 7926000, 934000, 1059000], "dataTypes": [{"type": "INTEGER (LONG)", "count": 717, "max_value": 41924000, "min_value": 159000, "mean": 2525514.740585773, "stddev": 3791678.4571029395}]}, {"column_name": "COMPARABLE_RENTAL_\u00e2\u0080\u0093_1_\u00e2\u0080\u0093_Market_Value_per_SqFt", "number_non_empty_cells": 717, "number_empty_cells": 0, "number_distinct_values": 304, "frequent_values": [43.52, 101.43, 110.9, 48.18, 40.61], "dataTypes": [{"type": "REAL", "count": 717, "max_value": 260.33, "min_value": 11.67, "mean": 74.18324965132506, "stddev": 34.51192556257473}]}, {"column_name": "COMPARABLE_RENTAL_\u00e2\u0080\u0093_1_\u00e2\u0080\u0093_Distance_from_Condo_in_miles", "number_non_empty_cells": 717, "number_empty_cells": 0, "number_distinct_values": 195, "frequent_values": [0.0, 0.47, 0.97, 0.68, 0.53], "dataTypes": [{"type": "REAL", "count": 717, "max_value": 6.64, "min_value": 0.0, "mean": 0.868605299860529, "stddev": 1.069526808715179}]}, {"column_name": "COMPARABLE_RENTAL_\u00e2\u0080\u0093_2_\u00e2\u0080\u0093_Boro-Block-Lot", "number_non_empty_cells": 710, "number_empty_cells": 7, "number_distinct_values": 313, "frequent_values": ["3-02424-0035", "3-00171-0049", "3-01251-0001", "3-02424-0012", "3-02424-0006"], "dataTypes": [{"type": "TEXT", "count": 710, "shortest_values": [["3-00056-0003", 12], ["3-00263-0044", 12], ["3-00056-0003", 12], ["3-00171-0049", 12], ["3-00171-0049", 12]], "longest_values": [["3-00056-0003", 12], ["3-00263-0044", 12], ["3-00056-0003", 12], ["3-00171-0049", 12], ["3-00171-0049", 12]], "average_length": 12.0}]}, {"column_name": "COMPARABLE_RENTAL_\u00e2\u0080\u0093_2_\u00e2\u0080\u0093_Address", "number_non_empty_cells": 715, "number_empty_cells": 2, "number_distinct_values": 313, "frequent_values": ["347 SOUTH 3 STREET", "337 STATE STREET", "243 KINGSTON AVENUE", "362 SOUTH 2 STREET", "354 SOUTH 2 STREET"], "dataTypes": [{"type": "TEXT", "count": 717, "shortest_values": [[" ", 1], [" ", 1], [" ", 1], [" ", 1], [" ", 1]], "longest_values": [["70 PROSPECT PARK SOUTHWES", 25], ["1044 EAST NEW YORK AVENUE", 25], ["70 PROSPECT PARK SOUTHWES", 25], ["70 PROSPECT PARK SOUTHWES", 25], ["700 EAST NEW YORK AVENUE", 24]], "average_length": 17.27475592747561}]}, {"column_name": "COMPARABLE_RENTAL_\u00e2\u0080\u0093_2_\u00e2\u0080\u0093_Neighborhood", "number_non_empty_cells": 714, "number_empty_cells": 3, "number_distinct_values": 48, "frequent_values": ["WILLIAMSBURG-SOUTH", "CROWN HEIGHTS", "FLATBUSH-CENTRAL", "FORT GREENE", "DOWNTOWN-FULTON MALL"], "dataTypes": [{"type": "TEXT", "count": 717, "shortest_values": [[" ", 1], [" ", 1], [" ", 1], [" ", 1], [" ", 1]], "longest_values": [["FLATBUSH-LEFFERTS GARDEN", 24], ["DOWNTOWN-FULTON FERRY", 21], ["DOWNTOWN-FULTON FERRY", 21], ["DOWNTOWN-FULTON FERRY", 21], ["DOWNTOWN-FULTON FERRY", 21]], "average_length": 14.641562064156215}]}, {"column_name": "COMPARABLE_RENTAL_\u00e2\u0080\u0093_2_\u00e2\u0080\u0093_Building_Classification", "number_non_empty_cells": 717, "number_empty_cells": 0, "number_distinct_values": 12, "frequent_values": ["D9-ELEVATOR", "C1-WALK-UP", "D1-ELEVATOR", "C7-WALK-UP", "D3-ELEVATOR"], "dataTypes": [{"type": "TEXT", "count": 717, "shortest_values": [[" ", 1], [" ", 1], [" ", 1], [" ", 1], [" ", 1]], "longest_values": [["D5-ELEVATOR", 11], ["D9-ELEVATOR", 11], ["D5-ELEVATOR", 11], ["D1-ELEVATOR", 11], ["D1-ELEVATOR", 11]], "average_length": 10.592747559274768}]}, {"column_name": "COMPARABLE_RENTAL_\u00e2\u0080\u0093_2_\u00e2\u0080\u0093_Total_Units", "number_non_empty_cells": 710, "number_empty_cells": 7, "number_distinct_values": 88, "frequent_values": [16, 24, 29, 12, 20], "dataTypes": [{"type": "INTEGER (LONG)", "count": 710, "max_value": 364, "min_value": 7, "mean": 38.57183098591552, "stddev": 34.385221125634175}]}, {"column_name": "COMPARABLE_RENTAL_\u00e2\u0080\u0093_2_\u00e2\u0080\u0093_Year_Built", "number_non_empty_cells": 710, "number_empty_cells": 7, "number_distinct_values": 70, "frequent_values": [1915, 1920, 1930, 1900, 1931], "dataTypes": [{"type": "INTEGER (LONG)", "count": 710, "max_value": 2010, "min_value": 1900, "mean": 1932.1267605633816, "stddev": 30.60858278670014}]}, {"column_name": "COMPARABLE_RENTAL_\u00e2\u0080\u0093_2_\u00e2\u0080\u0093_Gross_SqFt", "number_non_empty_cells": 710, "number_empty_cells": 7, "number_distinct_values": 291, "frequent_values": [23467, 39770, 16080, 54516, 23000], "dataTypes": [{"type": "INTEGER (LONG)", "count": 710, "max_value": 242752, "min_value": 3100, "mean": 31890.998591549287, "stddev": 29005.669674062738}]}, {"column_name": "COMPARABLE_RENTAL_\u00e2\u0080\u0093_2_\u00e2\u0080\u0093_Estimated_Gross_Income", "number_non_empty_cells": 710, "number_empty_cells": 7, "number_distinct_values": 303, "frequent_values": [503375, 875152, 1281173, 521344, 468052], "dataTypes": [{"type": "INTEGER (LONG)", "count": 710, "max_value": 6397996, "min_value": 66300, "mean": 643228.326760563, "stddev": 633267.304687176}]}, {"column_name": "COMPARABLE_RENTAL_\u00e2\u0080\u0093_2_\u00e2\u0080\u0093_Gross_Income_per_SqFt", "number_non_empty_cells": 710, "number_empty_cells": 7, "number_distinct_values": 280, "frequent_values": [21.45, 22.01, 23.5, 20.7, 24.6], "dataTypes": [{"type": "REAL", "count": 710, "max_value": 39.52, "min_value": 9.11, "mean": 20.24984507042255, "stddev": 4.648943251565728}]}, {"column_name": "COMPARABLE_RENTAL_\u00e2\u0080\u0093_2_\u00e2\u0080\u0093_Estimated_Expense", "number_non_empty_cells": 708, "number_empty_cells": 9, "number_distinct_values": 309, "frequent_values": [275528, 261107, 890581, 283683, 320801], "dataTypes": [{"type": "INTEGER (LONG)", "count": 708, "max_value": 2762431, "min_value": 27939, "mean": 308515.5028248592, "stddev": 299951.9673243955}]}, {"column_name": "COMPARABLE_RENTAL_\u00e2\u0080\u0093_2_\u00e2\u0080\u0093_Expense_per_SqFt", "number_non_empty_cells": 708, "number_empty_cells": 9, "number_distinct_values": 259, "frequent_values": [11.74, 6.57, 16.34, 13.3, 9.31], "dataTypes": [{"type": "REAL", "count": 708, "max_value": 16.34, "min_value": 1.89, "mean": 9.705141242937856, "stddev": 2.884553125089373}]}, {"column_name": "COMPARABLE_RENTAL_\u00e2\u0080\u0093_2_\u00e2\u0080\u0093_Net_Operating_Income", "number_non_empty_cells": 710, "number_empty_cells": 7, "number_distinct_values": 311, "frequent_values": [227847, 614045, 390592, 237661, 178498], "dataTypes": [{"type": "INTEGER (LONG)", "count": 710, "max_value": 3635565, "min_value": 38024, "mean": 335581.8816901408, "stddev": 359067.8147096811}]}, {"column_name": "COMPARABLE_RENTAL_\u00e2\u0080\u0093_2_\u00e2\u0080\u0093_Full_Market_Value", "number_non_empty_cells": 710, "number_empty_cells": 7, "number_distinct_values": 294, "frequent_values": [1059000, 4497000, 2849000, 1098000, 934000], "dataTypes": [{"type": "INTEGER (LONG)", "count": 710, "max_value": 26305000, "min_value": 121000, "mean": 2203753.6901408434, "stddev": 2505300.9175025364}]}, {"column_name": "COMPARABLE_RENTAL_\u00e2\u0080\u0093_2_\u00e2\u0080\u0093_Market_Value_per_SqFt", "number_non_empty_cells": 710, "number_empty_cells": 7, "number_distinct_values": 307, "frequent_values": [45.13, 113.08, 52.26, 51.8, 43.52], "dataTypes": [{"type": "REAL", "count": 710, "max_value": 342.67, "min_value": 11.67, "mean": 70.35261971830984, "stddev": 34.938881197517745}]}, {"column_name": "COMPARABLE_RENTAL_\u00e2\u0080\u0093_2_\u00e2\u0080\u0093_Distance_from_Condo_in_miles", "number_non_empty_cells": 710, "number_empty_cells": 7, "number_distinct_values": 218, "frequent_values": [0.97, 0.68, 0.5, 0.65, 0.0], "dataTypes": [{"type": "REAL", "count": 710, "max_value": 6.59, "min_value": 0.0, "mean": 0.9942957746478871, "stddev": 1.2291432937054245}]}, {"column_name": "COMPARABLE_RENTAL_\u00e2\u0080\u0093_3_\u00e2\u0080\u0093_Boro-Block-Lot", "number_non_empty_cells": 484, "number_empty_cells": 233, "number_distinct_values": 208, "frequent_values": ["3-02108-0021", "3-06264-0029", "3-02104-0008", "3-02424-0035", "3-02412-0027"], "dataTypes": [{"type": "TEXT", "count": 484, "shortest_values": [["3-00220-0016", 12], ["3-00171-0049", 12], ["3-02108-0021", 12], ["3-00269-0016", 12], ["3-00269-0016", 12]], "longest_values": [["3-00220-0016", 12], ["3-00171-0049", 12], ["3-02108-0021", 12], ["3-00269-0016", 12], ["3-00269-0016", 12]], "average_length": 12.0}]}, {"column_name": "COMPARABLE_RENTAL_\u00e2\u0080\u0093_3_\u00e2\u0080\u0093_Address", "number_non_empty_cells": 717, "number_empty_cells": 0, "number_distinct_values": 207, "frequent_values": [" ", "25 LAFAYETTE AVENUE", "2160 78 STREET", "299 ADELPHI STREET", "347 SOUTH 3 STREET"], "dataTypes": [{"type": "TEXT", "count": 717, "shortest_values": [[" ", 1], [" ", 1], [" ", 1], [" ", 1], [" ", 1]], "longest_values": [["5718 FT HAMILTON PARKWAY", 24], ["5718 FT HAMILTON PARKWAY", 24], ["4112 FT HAMILTON PARKWAY", 24], ["609 METROPOLITAN AVENUE", 23], ["232 METROPOLITAN AVENUE", 23]], "average_length": 12.191073919107392}]}, {"column_name": "COMPARABLE_RENTAL_\u00e2\u0080\u0093_3_\u00e2\u0080\u0093_Neighborhood", "number_non_empty_cells": 716, "number_empty_cells": 1, "number_distinct_values": 41, "frequent_values": [" ", "WILLIAMSBURG-SOUTH", "FORT GREENE", "BROOKLYN HEIGHTS", "BENSONHURST"], "dataTypes": [{"type": "TEXT", "count": 717, "shortest_values": [[" ", 1], [" ", 1], [" ", 1], [" ", 1], [" ", 1]], "longest_values": [["DOWNTOWN-FULTON FERRY", 21], ["DOWNTOWN-FULTON FERRY", 21], ["DOWNTOWN-FULTON MALL", 20], ["DOWNTOWN-FULTON MALL", 20], ["DOWNTOWN-FULTON MALL", 20]], "average_length": 10.410041841004189}]}, {"column_name": "COMPARABLE_RENTAL_\u00e2\u0080\u0093_3_\u00e2\u0080\u0093_Building_Classification", "number_non_empty_cells": 717, "number_empty_cells": 0, "number_distinct_values": 13, "frequent_values": ["D9-ELEVATOR", " ", "C1-WALK-UP", "D1-ELEVATOR", "D7-ELEVATOR"], "dataTypes": [{"type": "TEXT", "count": 717, "shortest_values": [[" ", 1], [" ", 1], [" ", 1], [" ", 1], [" ", 1]], "longest_values": [["D1-ELEVATOR", 11], ["D1-ELEVATOR", 11], ["D9-ELEVATOR", 11], ["D3-ELEVATOR", 11], ["D3-ELEVATOR", 11]], "average_length": 7.58856345885635}]}, {"column_name": "COMPARABLE_RENTAL_\u00e2\u0080\u0093_3_\u00e2\u0080\u0093_Total_Units", "number_non_empty_cells": 717, "number_empty_cells": 0, "number_distinct_values": 77, "frequent_values": [" ", "24", "29", "16", "35"], "dataTypes": [{"type": "INTEGER (LONG)", "count": 483, "max_value": 441, "min_value": 7, "mean": 38.71221532091099, "stddev": 36.84782083753904}, {"type": "TEXT", "count": 234, "shortest_values": [[" ", 1], [" ", 1], [" ", 1], [" ", 1], [" ", 1]], "longest_values": [[" ", 1], [" ", 1], [" ", 1], [" ", 1], [" ", 1]], "average_length": 1.0}]}, {"column_name": "COMPARABLE_RENTAL_\u00e2\u0080\u0093_3_\u00e2\u0080\u0093_Year_Built", "number_non_empty_cells": 717, "number_empty_cells": 0, "number_distinct_values": 57, "frequent_values": [" ", "1915", "1920", "1900", "1931"], "dataTypes": [{"type": "INTEGER (LONG)", "count": 483, "max_value": 2009, "min_value": 1900, "mean": 1929.6894409937893, "stddev": 29.04809377328253}, {"type": "TEXT", "count": 234, "shortest_values": [[" ", 1], [" ", 1], [" ", 1], [" ", 1], [" ", 1]], "longest_values": [[" ", 1], [" ", 1], [" ", 1], [" ", 1], [" ", 1]], "average_length": 1.0}]}, {"column_name": "COMPARABLE_RENTAL_\u00e2\u0080\u0093_3_\u00e2\u0080\u0093_Gross_SqFt", "number_non_empty_cells": 717, "number_empty_cells": 0, "number_distinct_values": 200, "frequent_values": [" ", "27,144", "51,419", "44,046", "23,467"], "dataTypes": [{"type": "DATE/TIME", "count": 46, "max_value": "1996-06-08T00:00:00", "min_value": "0100-03-08T00:00:00"}, {"type": "TEXT", "count": 671, "shortest_values": [[" ", 1], [" ", 1], [" ", 1], [" ", 1], [" ", 1]], "longest_values": [["47,136", 6], ["39,770", 6], ["27,144", 6], ["47,896", 6], ["47,896", 6]], "average_length": 4.251862891207153}]}, {"column_name": "COMPARABLE_RENTAL_\u00e2\u0080\u0093_3_\u00e2\u0080\u0093_Estimated_Gross_Income", "number_non_empty_cells": 717, "number_empty_cells": 0, "number_distinct_values": 200, "frequent_values": [" ", "525,261", "503,375", "1,004,184", "827,639"], "dataTypes": [{"type": "DATE/TIME", "count": 477, "max_value": "2043-01-08T00:00:00", "min_value": "0101-03-08T00:00:00"}, {"type": "TEXT", "count": 240, "shortest_values": [[" ", 1], [" ", 1], [" ", 1], [" ", 1], [" ", 1]], "longest_values": [["87,990", 6], ["87,990", 6], ["94,431", 6], ["70,496", 6], ["78,806", 6]], "average_length": 1.1249999999999993}]}, {"column_name": "COMPARABLE_RENTAL_\u00e2\u0080\u0093_3_\u00e2\u0080\u0093_Gross_Income_per_SqFt", "number_non_empty_cells": 717, "number_empty_cells": 0, "number_distinct_values": 190, "frequent_values": [" ", "21.45", "19.35", "19.53", "18.79"], "dataTypes": [{"type": "REAL", "count": 483, "max_value": 39.54, "min_value": 8.63, "mean": 20.10699792960662, "stddev": 4.806739477413185}, {"type": "TEXT", "count": 234, "shortest_values": [[" ", 1], [" ", 1], [" ", 1], [" ", 1], [" ", 1]], "longest_values": [[" ", 1], [" ", 1], [" ", 1], [" ", 1], [" ", 1]], "average_length": 1.0}]}, {"column_name": "COMPARABLE_RENTAL_\u00e2\u0080\u0093_3_\u00e2\u0080\u0093_Estimated_Expense", "number_non_empty_cells": 717, "number_empty_cells": 0, "number_distinct_values": 204, "frequent_values": [" ", "226,573", "555,180", "409,988", "275,528"], "dataTypes": [{"type": "DATE/TIME", "count": 425, "max_value": "2054-01-08T00:00:00", "min_value": "0100-12-08T00:00:00"}, {"type": "TEXT", "count": 292, "shortest_values": [[" ", 1], [" ", 1], [" ", 1], [" ", 1], [" ", 1]], "longest_values": [["89,743", 6], ["98,553", 6], ["74,584", 6], ["72,154", 6], ["85,738", 6]], "average_length": 1.9417808219178074}]}, {"column_name": "COMPARABLE_RENTAL_\u00e2\u0080\u0093_3_\u00e2\u0080\u0093_Expense_per_SqFt", "number_non_empty_cells": 717, "number_empty_cells": 0, "number_distinct_values": 181, "frequent_values": [" ", "8.35", "10.80", "9.31", "11.74"], "dataTypes": [{"type": "REAL", "count": 480, "max_value": 19.04, "min_value": 2.07, "mean": 9.869395833333337, "stddev": 2.658192025290116}, {"type": "TEXT", "count": 237, "shortest_values": [[" ", 1], [" ", 1], [" ", 1], [" ", 1], [" ", 1]], "longest_values": [[" ", 1], [" ", 1], [" ", 1], [" ", 1], [" ", 1]], "average_length": 1.0}]}, {"column_name": "COMPARABLE_RENTAL_\u00e2\u0080\u0093_3_\u00e2\u0080\u0093_Net_Operating_Income", "number_non_empty_cells": 717, "number_empty_cells": 0, "number_distinct_values": 206, "frequent_values": [" ", "298,688", "449,004", "417,651", "227,847"], "dataTypes": [{"type": "DATE/TIME", "count": 439, "max_value": "2050-01-08T00:00:00", "min_value": "0101-12-08T00:00:00"}, {"type": "TEXT", "count": 278, "shortest_values": [[" ", 1], [" ", 1], [" ", 1], [" ", 1], [" ", 1]], "longest_values": [["38,024", 6], ["93,807", 6], ["64,329", 6], ["96,643", 6], ["78,916", 6]], "average_length": 1.7913669064748194}]}, {"column_name": "COMPARABLE_RENTAL_\u00e2\u0080\u0093_3_\u00e2\u0080\u0093_Full_Market_Value", "number_non_empty_cells": 717, "number_empty_cells": 0, "number_distinct_values": 196, "frequent_values": [" ", "2,142,000", "1,059,000", "3,218,000", "3,001,000"], "dataTypes": [{"type": "DATE/TIME", "count": 477, "max_value": "2068-02-08T00:00:00", "min_value": "0100-05-08T00:00:00"}, {"type": "TEXT", "count": 240, "shortest_values": [[" ", 1], [" ", 1], [" ", 1], [" ", 1], [" ", 1]], "longest_values": [["10,766,000", 10], ["26,305,000", 10], ["16,472,000", 10], ["24,955,000", 10], ["11,664,000", 10]], "average_length": 1.2083333333333328}]}, {"column_name": "COMPARABLE_RENTAL_\u00e2\u0080\u0093_3_\u00e2\u0080\u0093_Market_Value_per_SqFt", "number_non_empty_cells": 717, "number_empty_cells": 0, "number_distinct_values": 203, "frequent_values": [" ", "78.91", "62.58", "68.13", "45.13"], "dataTypes": [{"type": "REAL", "count": 483, "max_value": 342.67, "min_value": 6.0, "mean": 68.46165631469977, "stddev": 35.30486181321201}, {"type": "TEXT", "count": 234, "shortest_values": [[" ", 1], [" ", 1], [" ", 1], [" ", 1], [" ", 1]], "longest_values": [[" ", 1], [" ", 1], [" ", 1], [" ", 1], [" ", 1]], "average_length": 1.0}]}, {"column_name": "COMPARABLE_RENTAL_\u00e2\u0080\u0093_3_\u00e2\u0080\u0093_Distance_from_Condo_in_miles", "number_non_empty_cells": 717, "number_empty_cells": 0, "number_distinct_values": 178, "frequent_values": [" ", "0.81", "0.72", "0.69", "0.78"], "dataTypes": [{"type": "REAL", "count": 483, "max_value": 6.0, "min_value": 0.0, "mean": 0.913498964803313, "stddev": 0.8682566082579546}, {"type": "TEXT", "count": 234, "shortest_values": [[" ", 1], [" ", 1], [" ", 1], [" ", 1], [" ", 1]], "longest_values": [[" ", 1], [" ", 1], [" ", 1], [" ", 1], [" ", 1]], "average_length": 1.0}]}]}