{"dataset_name": "/user/hm74/NYCOpenData/buk3-3qpr.tsv.gz", "columns": [{"column_name": "PropNum", "number_non_empty_cells": 6409, "number_empty_cells": 265, "number_distinct_values": 4908, "frequent_values": ["M010", "Q099", "M071", "X039", "M096"], "dataTypes": [{"type": "DATE/TIME", "count": 212, "min_value": "2019-12-09T00:00:59", "max_value": "2019-12-09T00:00:01"}, {"type": "TEXT", "count": "6197", "shortest_values": [["X017", 4], ["Q471", 4], ["M159", 4], ["B595", 4], ["X137", 4]], "longest_values": [["Q162G02", 7], ["Q162G12", 7], ["Q162G10", 7], ["Q162G03", 7], ["Q162G04", 7]], "average_length": "4.484105212199451"}]}, {"column_name": "Prop_ID", "number_non_empty_cells": 6674, "number_empty_cells": 0, "number_distinct_values": 6674, "frequent_values": ["BS57", "BS07", "BZ557", "R159", "BZ268"], "dataTypes": [{"type": "DATE/TIME", "count": 111, "min_value": "2059-12-09T00:00:10", "max_value": "0103-12-09T00:00:10"}, {"type": "TEXT", "count": "6563", "shortest_values": [["X367", 4], ["B595", 4], ["X017", 4], ["M159", 4], ["X137", 4]], "longest_values": [["M010-ZN12&13", 12], ["M010-ZN42&43", 12], ["R149-BLG0001", 12], ["M010-ZN24&25", 12], ["M010-ZN18&19", 12]], "average_length": "5.184214536035349"}]}, {"column_name": "Boro", "number_non_empty_cells": 6407, "number_empty_cells": 267, "number_distinct_values": 6, "frequent_values": ["Q", "B", "X", "M", "R"], "dataTypes": [{"type": "TEXT", "count": "6407", "shortest_values": [["X", 1], ["B", 1], ["X", 1], ["Q", 1], ["Q", 1]], "longest_values": [["X", 1], ["B", 1], ["X", 1], ["Q", 1], ["Q", 1]], "average_length": "1.0"}]}, {"column_name": "AMPSDistrict", "number_non_empty_cells": 6407, "number_empty_cells": 267, "number_distinct_values": 28, "frequent_values": ["02", "03", "01", "13", "14"], "dataTypes": [{"type": "INTEGER (LONG)", "count": "6230", "mean": "7.862439807383628", "stddev": "5.35434268027323", "min_value": "1", "max_value": "99"}, {"type": "DATE/TIME", "count": 95, "min_value": "2019-12-09T15:00:00", "max_value": "2019-12-09T00:00:00"}, {"type": "TEXT", "count": "82", "shortest_values": [["02B", 3], ["02B", 3], ["02B", 3], ["11R", 3], ["02B", 3]], "longest_values": [["02B", 3], ["02B", 3], ["02B", 3], ["11R", 3], ["02B", 3]], "average_length": "3.0"}]}, {"column_name": "Prop_Name", "number_non_empty_cells": 6321, "number_empty_cells": 353, "number_distinct_values": 2488, "frequent_values": ["GREENSTREET", "Greenstreet", "No name", "CENTRAL PARK", "PARK STRIP"], "dataTypes": [{"type": "TEXT", "count": "6321", "shortest_values": [["UNK", 3], ["UNK", 3], ["UNK", 3], ["UNK", 3], ["UNK", 3]], "longest_values": [["UNITED COMMUNITY CENTERS - EAST NEW YORK FARMS PROJECT", 54], ["ASTORIA HOUSES PLAYGROUND (HALLETS COVE PLAYGROUND)", 51], ["\"\"\"Uncle\"\" Vito F. Maranzano Glendale Playground\"", 49], ["NYC AIDS Memorial Park at St. Vincent\u2019s Triangle", 48], ["URBAN BOTANICAL SOC./SAM & SADIE KOENIG GARDEN", 46]], "average_length": "14.572694193956652"}]}, {"column_name": "Site_Name", "number_non_empty_cells": 0, "number_empty_cells": 6674, "number_distinct_values": 1, "frequent_values": [null], "dataTypes": []}, {"column_name": "Prop_Location", "number_non_empty_cells": 6166, "number_empty_cells": 508, "number_distinct_values": 5071, "frequent_values": ["5 AVE - CENTRAL PARK W, 59 - 110 STS", "RIVERSIDE DR TO HUDSON RIVER, W 59 ST TO CLAIR PL", "PROSPECT PK W, FLATBUSH, PARKSIDE, OCEAN AVES", "GRAND CENTRAL PKWY, VAN WYCK EXWY", "BRUCKNER BLVD, EASTCHESTER, HUTCHINSON"], "dataTypes": [{"type": "TEXT", "count": "6166", "shortest_values": [["East River", 10], ["East River", 10], ["4801 AVE D", 10], ["Doscher St.", 11], ["SEAVIEW AVE", 11]], "longest_values": [["FOREST PARK DRIVE OPPOSITE CAROUSEL AT MAIN ENTRANCE TO TWIN FIELDS AND BANDSHELL PARKING LOT (N)", 97], ["Tarlton to New Dorp along Cedar Grove/beach; Hylan & Buffalo; Kissam, Mill, Milton, Roma & Ebbits", 97], ["Tarlton to New Dorp along Cedar Grove/beach; Hylan & Buffalo; Kissam, Mill, Milton, Roma & Ebbits", 97], ["Tarlton to New Dorp along Cedar Grove/beach; Hylan & Buffalo; Kissam, Mill, Milton, Roma & Ebbits", 97], ["Tarlton to New Dorp along Cedar Grove/beach; Hylan & Buffalo; Kissam, Mill, Milton, Roma & Ebbits", 97]], "average_length": "36.29224781057412"}]}, {"column_name": "Site_Location", "number_non_empty_cells": 6227, "number_empty_cells": 447, "number_distinct_values": 6013, "frequent_values": ["Adams St Bet Tillary St & Willoughby St", "Oak Tree Place And Arthur Avenue", "Oak Tree Place And Hughes Avenue", "Bayview Ave & Neptune Ave Bet 31st St &", "Queensboro Bridge Exit Bet. E 61 St And E 62 St"], "dataTypes": [{"type": "TEXT", "count": "6227", "shortest_values": [["W 74 St", 7], ["E 57 St", 7], ["East River", 10], ["Stanton St", 10], ["4801 Ave D", 10]], "longest_values": [["Seaview Ave, E 88 St, E 93 St, Skidmore Ave. Includes Soccer, cricket Area West Of Little League Fields", 103], ["Juniper Blvd N and S, Path From 75 Pl (on N) To 75 St (on S), Path From 78 St (on N) To 77 Pl (on S)", 100], ["Arden and Halpin Aves, Dividing Lines from Dover Grn/Kyle Ct (N/S) and Carlton Blvd/Legate Ave (E/W)", 100], ["East Of Cross Island Pkwy, From Douglaston Pkwy To Cross Island Pkwy N Ramp Off Horace Harding Exwy", 99], ["(e) Grand Central Pkwy To (w)111th St. To (n)Heckscher Children Farm To (s) Playground For Children", 99]], "average_length": "36.07868957764573"}]}, {"column_name": "Acres", "number_non_empty_cells": 6318, "number_empty_cells": 356, "number_distinct_values": 2221, "frequent_values": [0.0, 0.039, 0.015, 0.03, 0.006], "dataTypes": [{"type": "REAL", "count": ["6318"], "mean": ["7.341688034188027"], "stddev": ["54.646332209997354"], "min_value": ["0.0"], "max_value": ["2771.75"]}]}, {"column_name": "Category", "number_non_empty_cells": 5996, "number_empty_cells": 678, "number_distinct_values": 12, "frequent_values": ["Greenstreet", "Small Park", "Large Park", "Other", "Small Center"], "dataTypes": [{"type": "TEXT", "count": "5996", "shortest_values": [["Other", 5], ["Other", 5], ["Other", 5], ["Other", 5], ["Other", 5]], "longest_values": [["Restrictive Declaration Site", 28], ["Restrictive Declaration Site", 28], ["Neighborhood Park", 17], ["Small Center", 12], ["Large Center", 12]], "average_length": "10.335723815877252"}]}, {"column_name": "Sub-Category", "number_non_empty_cells": 5168, "number_empty_cells": 1506, "number_distinct_values": 54, "frequent_values": ["Type 1", "Type 2", "Sitting Area/Triangle/Mall", "Neighborhood Plgd", "Large Park Zone"], "dataTypes": [{"type": "TEXT", "count": "5168", "shortest_values": [["JOP", 3], ["JOP", 3], ["JOP", 3], ["JOP", 3], ["JOP", 3]], "longest_values": [["Type 1 Stormwater Greenstreet", 29], ["Type 1 Stormwater Greenstreet", 29], ["Type 1 Stormwater Greenstreet", 29], ["Type 1 Stormwater Greenstreet", 29], ["Type 1 Stormwater Greenstreet", 29]], "average_length": "11.55359907120743"}]}, {"column_name": "Rated", "number_non_empty_cells": 6409, "number_empty_cells": 265, "number_distinct_values": 3, "frequent_values": [1, 0, null], "dataTypes": [{"type": "INTEGER (LONG)", "count": ["6409"], "mean": ["0.5130285535965049"], "stddev": ["0.49986922693315683"], "min_value": ["0"], "max_value": ["1"]}]}, {"column_name": "Reason_Not_Rated", "number_non_empty_cells": 1516, "number_empty_cells": 5158, "number_distinct_values": 383, "frequent_values": ["Just trees (type 2).", "Pending", "Rated as separate zones", "Greenthumb", "EXWY"], "dataTypes": [{"type": "TEXT", "count": "1516", "shortest_values": [["?", 1], ["TP", 2], ["TP", 2], ["LP", 2], ["LP", 2]], "longest_values": [["CPF Controlled & maintained, now inspected by Greenthumb. SD 4/30/12. Previously rated as Q121-01, records moved 9/2012 AB", 122], ["rated with large park B060 6/3/14 AB. Original McDonald Sq triangle was another site, elminated by highway construction.", 120], ["overlap with X092, may never have had plantings, most inspections were actually XZ460 (which also overlaps X092)", 112], ["Was rated as separate small & large parks, now entire property rated under Q220C. AB 3/26/13. Rate CS with Q220C", 112], ["Pavers were still there post-Sandy, but now completely removed? (tree line has different GS #) AB 12/2013.", 106]], "average_length": "21.555408970976252"}]}, {"column_name": "Council_District", "number_non_empty_cells": 6392, "number_empty_cells": 282, "number_distinct_values": 123, "frequent_values": ["50", "31", "51", "33", "32"], "dataTypes": [{"type": "INTEGER (LONG)", "count": "6267", "mean": "25.68629328227222", "stddev": "14.899242685030938", "min_value": "0", "max_value": "51"}, {"type": "DATE/TIME", "count": 67, "min_value": "2050-12-09T00:00:00", "max_value": "2015-11-12T18:00:00"}, {"type": "TEXT", "count": "58", "shortest_values": [["39, 40", 6], ["27, 31", 6], ["24, 27", 6], ["24, 27", 6], ["24, 27", 6]], "longest_values": [["32,42,43,46,47,48", 17], ["39,40,44,45,47,48", 17], ["19,21,22,24,29", 14], ["19,20,21,24", 11], ["41,45,46,48", 11]], "average_length": "6.9655172413793105"}]}, {"column_name": "ZipCode", "number_non_empty_cells": 6327, "number_empty_cells": 347, "number_distinct_values": 331, "frequent_values": ["10314", "10305", "11207", "11201", "10457"], "dataTypes": [{"type": "INTEGER (LONG)", "count": "6111", "mean": "10826.088365243004", "stddev": "572.2225155021321", "min_value": "83", "max_value": "11697"}, {"type": "TEXT", "count": "216", "shortest_values": [["Null", 4], ["Null", 4], ["10007,10280", 11], ["10002,10038", 11], ["10011,10014", 11]], "longest_values": [["11003, 11357, 11359, 11360, 11361, 11362, 11364, 1", 50], ["11004, 11005, 11362, 11364, 11367, 11423, 11426, 1", 50], ["11208, 11209, 11214, 11223, 11228, 11234, 11235, 1", 50], ["10021, 10022, 10028, 10029, 10065, 10075, 10128", 47], ["10460, 10466, 10467, 10470, 10472, 10473, 10704", 47]], "average_length": "15.805555555555555"}]}, {"column_name": "COMMUNITYBOARD", "number_non_empty_cells": 6397, "number_empty_cells": 277, "number_distinct_values": 132, "frequent_values": ["502", "414", "413", "501", "408"], "dataTypes": [{"type": "INTEGER (LONG)", "count": "6301", "mean": "305.77574988097126", "stddev": "127.76804263889669", "min_value": "101", "max_value": "595"}, {"type": "TEXT", "count": "96", "shortest_values": [["307, 314", 8], ["409, 482", 8], ["107, 109", 8], ["502, 503", 8], ["109, 112", 8]], "longest_values": [["305, 310, 311, 313, 315, 318, 410", 33], ["110, 111, 107, 105, 108, 106", 28], ["306, 307, 314, 309, 308", 23], ["403, 404, 406, 407, 408", 23], ["307, 312, 313, 314, 315", 23]], "average_length": "9.875"}]}, {"column_name": "Jurisdiction", "number_non_empty_cells": 6389, "number_empty_cells": 285, "number_distinct_values": 51, "frequent_values": ["DPR", "DOT", "DOE", "DPR/DOE", "-"], "dataTypes": [{"type": "TEXT", "count": "6389", "shortest_values": [["-", 1], ["-", 1], ["-", 1], ["-", 1], ["-", 1]], "longest_values": [["DPR/Lincoln Center", 18], ["DPR/Lincoln Center", 18], ["DPR/BPC Authority", 17], ["DPR/BPC Authority", 17], ["DPR/DOE/NYCHA(?)", 16]], "average_length": "3.2657692909688527"}]}, {"column_name": "NYSAssembly", "number_non_empty_cells": 6214, "number_empty_cells": 460, "number_distinct_values": 167, "frequent_values": ["23", "63", "25", "64", "82"], "dataTypes": [{"type": "INTEGER (LONG)", "count": "5943", "mean": "55.17852936227494", "stddev": "19.670688291048506", "min_value": "23", "max_value": "87"}, {"type": "TEXT", "count": "271", "shortest_values": [["Null", 4], ["Null", 4], ["Null", 4], ["Null", 4], ["Null", 4]], "longest_values": [["45, 46, 41, 59, 60, 23", 22], ["78, 81, 83, 85, 87", 18], ["24, 25, 26, 27", 14], ["55, 43, 56, 57", 14], ["69, 68, 67, 75", 14]], "average_length": "6.4575645756457565"}]}, {"column_name": "NYSSenate", "number_non_empty_cells": 6214, "number_empty_cells": 460, "number_distinct_values": 87, "frequent_values": ["24", "11", "34", "15", "26"], "dataTypes": [{"type": "INTEGER (LONG)", "count": "5999", "mean": "22.547924654109018", "stddev": "7.559125306682282", "min_value": "10", "max_value": "36"}, {"type": "DATE/TIME", "count": 40, "min_value": "2019-12-18T00:00:00", "max_value": "2015-10-14T00:00:00"}, {"type": "TEXT", "count": "175", "shortest_values": [["Null", 4], ["Null", 4], ["Null", 4], ["Null", 4], ["Null", 4]], "longest_values": [["21, 17, 22, 23", 14], ["17, 19, 20, 21", 14], ["13, 14, 15, 16", 14], ["15, 19, 23", 10], ["13, 15, 16", 10]], "average_length": "6.228571428571429"}]}, {"column_name": "USCongress", "number_non_empty_cells": 6214, "number_empty_cells": 460, "number_distinct_values": 44, "frequent_values": ["11", "15", "5", "8", "6"], "dataTypes": [{"type": "INTEGER (LONG)", "count": "6129", "mean": "10.078316201664219", "stddev": "3.508205790617383", "min_value": "3", "max_value": "16"}, {"type": "DATE/TIME", "count": 63, "min_value": "2019-12-14T00:00:00", "max_value": "2006-03-05T00:00:00"}, {"type": "TEXT", "count": "22", "shortest_values": [["Null", 4], ["Null", 4], ["Null", 4], ["Null", 4], ["Null", 4]], "longest_values": [["14, 15, 16", 10], ["15, 13", 6], ["16, 14", 6], ["14, 16", 6], ["15, 13", 6]], "average_length": "5.454545454545454"}]}, {"column_name": "Precinct", "number_non_empty_cells": 6353, "number_empty_cells": 321, "number_distinct_values": 85, "frequent_values": [122, 105, 120, 0, 107], "dataTypes": [{"type": "INTEGER (LONG)", "count": ["6353"], "mean": ["69.94223201637021"], "stddev": ["38.57682274390677"], "min_value": ["0"], "max_value": ["123"]}]}, {"column_name": "ComfortStation", "number_non_empty_cells": 6243, "number_empty_cells": 431, "number_distinct_values": 4, "frequent_values": [0, 1, -1, null], "dataTypes": [{"type": "INTEGER (LONG)", "count": ["6243"], "mean": ["0.10427679000480539"], "stddev": ["0.30773323711778355"], "min_value": ["-1"], "max_value": ["1"]}]}, {"column_name": "PermitDistrict", "number_non_empty_cells": 2149, "number_empty_cells": 4525, "number_distinct_values": 76, "frequent_values": ["M-03", "B-01", "Q-14", "B-05", "R-01"], "dataTypes": [{"type": "DATE/TIME", "count": 388, "min_value": "2019-12-16T00:00:00", "max_value": "2019-12-01T00:00:00"}, {"type": "TEXT", "count": "1761", "shortest_values": [["X-09", 4], ["Q-14", 4], ["Q-14", 4], ["X-05", 4], ["X-07", 4]], "longest_values": [["Q-05A", 5], ["Q-07A", 5], ["Q-07A", 5], ["Q-05A", 5], ["M-11R", 5]], "average_length": "4.006814310051107"}]}, {"column_name": "GISBoro", "number_non_empty_cells": 6405, "number_empty_cells": 269, "number_distinct_values": 6, "frequent_values": ["Q", "B", "X", "M", "R"], "dataTypes": [{"type": "TEXT", "count": "6405", "shortest_values": [["X", 1], ["B", 1], ["B", 1], ["Q", 1], ["Q", 1]], "longest_values": [["X", 1], ["B", 1], ["B", 1], ["Q", 1], ["Q", 1]], "average_length": "1.0"}]}, {"column_name": "GIS_Site_Location", "number_non_empty_cells": 6386, "number_empty_cells": 288, "number_distinct_values": 6121, "frequent_values": ["Adams St Bet Tillary St & Willoughby St", "Linden Blvd btw Pennsylvania Ave & Wyona St", "Co-op City Blvd. And Peartree Ave.", "Bay View Ave btw Neptune Ave & W 33 st", "Oak Tree Place and Arthur Avenue"], "dataTypes": [{"type": "TEXT", "count": "6386", "shortest_values": [["test", 4], ["E 57 St", 7], ["W 74 St", 7], ["Stanton St", 10], ["East River", 10]], "longest_values": [["LIE., 73 Ave., Union Turnpike, GCP bet. 193 St., Francis Lewis Blvd., Hollis Hills Ter., and 210 St.", 100], ["Juniper Blvd N and S, Path From 75 Pl (on N) To 75 St (on S), Path From 78 St (on N) To 77 Pl (on S)", 100], ["Arden and Halpin Aves, Dividing Lines from Dover Grn/Kyle Ct (N/S) and Carlton Blvd/Legate Ave (E/W)", 100], ["(e) Grand Central Pkwy To (w)111th St. To (n) Heckscher Children Farm To (s) Playground For Children", 100], ["East Of Cross Island Pkwy, From Douglaston Pkwy To Cross Island Pkwy N Ramp Off Horace Harding Exwy", 99]], "average_length": "37.90087691825869"}]}]}