{"dataset_name": "/user/hm74/NYCOpenData/bvna-6j7v.tsv.gz", "columns": [{"column_name": "Studio Name", "number_non_empty_cells": 75, "number_empty_cells": 0, "number_distinct_values": 62, "frequent_values": ["New York, NY 10036", "New York, NY 10010", "New York, NY 10019", "New York, NY 10001", "New York, NY 10017"], "dataTypes": [{"type": "TEXT", "count": 75, "shortest_values": [["Bond", 4], ["HSR/NY", 6], ["Soundtrack", 10], ["Serge Audio", 11], ["audioEngine", 11]], "longest_values": [["(40.742561654684, -73.994141865276)\"", 36], ["(40.756287644683, -73.979621548324)\"", 36], ["(40.723912051628, -74.010252456642)\"", 36], ["(40.745113934197, -73.986995932557)\"", 36], ["(40.742402112551, -73.991618504195)\"", 36]], "average_length": 23.30666666666667}]}, {"column_name": "Postcode", "number_non_empty_cells": 50, "number_empty_cells": 25, "number_distinct_values": 38, "frequent_values": ["10036", "10010", "10019", "10001", "10011"], "dataTypes": [{"type": "INTEGER (LONG)", "count": 25, "max_value": 10170, "min_value": 10001, "mean": 10023.319999999998, "stddev": 32.06084215986825}, {"type": "TEXT", "count": 25, "shortest_values": [["315 Madison", 11], ["928 Broadway", 12], ["665 Broadway", 12], ["936 Broadway", 12], ["817 Broadway", 12]], "longest_values": [["449 Washington Street", 21], ["420 Lexington Avenue", 20], ["512 151st Street", 16], ["128 22nd Street", 15], ["311 34th Street", 15]], "average_length": 14.28}]}, {"column_name": "Phone", "number_non_empty_cells": 36, "number_empty_cells": 39, "number_distinct_values": 26, "frequent_values": ["MANHATTAN", "212-420-6010", "212-533-9400", "212-961-7337", "212-213-0808"], "dataTypes": [{"type": "TEXT", "count": 36, "shortest_values": [["MANHATTAN", 9], ["MANHATTAN", 9], ["MANHATTAN", 9], ["MANHATTAN", 9], ["MANHATTAN", 9]], "longest_values": [["212-420-6010", 12], ["212-869-4161", 12], ["212-967-6532", 12], ["212-334-4000", 12], ["212-213-0808", 12]], "average_length": 11.083333333333334}]}, {"column_name": "Fax", "number_non_empty_cells": 28, "number_empty_cells": 47, "number_distinct_values": 29, "frequent_values": ["212-490-9737", "40.727354", "212-564-1092", "212-265-6363", "40.733043"], "dataTypes": [{"type": "REAL", "count": 11, "max_value": 40.829289, "min_value": 40.72384, "mean": 40.75067336363636, "stddev": 0.027119900483436366}, {"type": "TEXT", "count": 17, "shortest_values": [["212-869-4541", 12], ["646-607-2767", 12], ["212-334-6969", 12], ["212-271-8748", 12], ["212-490-9737", 12]], "longest_values": [["212-869-4541", 12], ["646-607-2767", 12], ["212-334-6969", 12], ["212-271-8748", 12], ["212-490-9737", 12]], "average_length": 12.0}]}, {"column_name": "Website", "number_non_empty_cells": 36, "number_empty_cells": 39, "number_distinct_values": 37, "frequent_values": ["www.pomannsound.com", "www.sergeaudio.com", "www.bondedit.com", "www.videoactiveprod.com", "-73.987048"], "dataTypes": [{"type": "REAL", "count": 11, "max_value": -73.945487, "min_value": -74.010275, "mean": -73.98541345454545, "stddev": 0.01523281404410993}, {"type": "TEXT", "count": 25, "shortest_values": [["www.hsrny.com", 13], ["www.bondedit.com", 16], ["www.nhtsound.com", 16], ["www.hoboaudio.com", 17], ["www.mcstudios.com", 17]], "longest_values": [["http://studiocenter.com/Home.aspx", 33], ["www.vrtclentertainment.com", 26], ["www.integratedstudios.com", 25], ["www.strongboystudios.com", 24], ["www.soundtrackgroup.com", 23]], "average_length": 20.16}]}, {"column_name": "Email", "number_non_empty_cells": 34, "number_empty_cells": 41, "number_distinct_values": 29, "frequent_values": ["5", "2", "ralph@bigyellowduck.com", "booking@splash-studios.com", "info@hoboaudio.com"], "dataTypes": [{"type": "INTEGER (LONG)", "count": 11, "max_value": 9, "min_value": 1, "mean": 4.363636363636363, "stddev": 2.05703790890632}, {"type": "TEXT", "count": 23, "shortest_values": [["zoes@hsrny.com", 14], ["vworks@aol.com", 14], ["sharon@tonic.tv", 15], ["info@hoboaudio.com", 18], ["larry@nhtsound.com", 18]], "longest_values": [["maegan.hayward@soundtrackny.com", 31], ["jeff_beckerman@bondedit.com", 27], ["info@vrtclentertainment.com", 27], ["info@integratedstudios.com", 26], ["booking@splash-studios.com", 26]], "average_length": 21.39130434782609}]}, {"column_name": "Location 1", "number_non_empty_cells": 36, "number_empty_cells": 39, "number_distinct_values": 31, "frequent_values": ["4", "2", "1", "449 Washington St", "245 55th Street"], "dataTypes": [{"type": "INTEGER (LONG)", "count": 11, "max_value": 7, "min_value": 1, "mean": 3.090909090909091, "stddev": 1.6762808104168887}, {"type": "DATE/TIME", "count": 2, "max_value": "2047-05-06T00:00:00", "min_value": "2046-02-06T00:00:00"}, {"type": "TEXT", "count": 23, "shortest_values": [["49 23rd St", 10], ["45 45th St", 10], ["28 27th St", 10], ["62 45th St", 10], ["19 21st St", 10]], "longest_values": [["420 Lexington Avenue", 20], ["449 Washington St", 17], ["512 151st Street", 16], ["128 22nd Street", 15], ["440 41st Street", 15]], "average_length": 12.82608695652174}]}, {"column_name": "Number and Street Address", "number_non_empty_cells": 11, "number_empty_cells": 64, "number_distinct_values": 11, "frequent_values": [56, 39, 111, 76, 92], "dataTypes": [{"type": "INTEGER (LONG)", "count": 11, "max_value": 5501, "min_value": 39, "mean": 585.0909090909091, "stddev": 1555.3996536725306}]}, {"column_name": "Borough", "number_non_empty_cells": 11, "number_empty_cells": 64, "number_distinct_values": 12, "frequent_values": [1013623, 1009134, 1083504, 1022661, 1035385], "dataTypes": [{"type": "INTEGER (LONG)", "count": 11, "max_value": 1083504, "min_value": 1002920, "mean": 1028452.1818181819, "stddev": 23355.015244222195}]}, {"column_name": "Latitude", "number_non_empty_cells": 11, "number_empty_cells": 64, "number_distinct_values": 12, "frequent_values": [1005320015, 1020820043, 1007610037, 1008500012, 1008300042], "dataTypes": [{"type": "INTEGER (LONG)", "count": 11, "max_value": 1020820043, "min_value": 1002247503, "mean": 1009317521.8181818, "stddev": 4686821.230503679}]}, {"column_name": "Longitude", "number_non_empty_cells": 11, "number_empty_cells": 64, "number_distinct_values": 8, "frequent_values": ["Hudson Yards-Chelsea-Flatiron-Union Square                                 ", "Midtown-Midtown South                                                      ", "West Village                                                               ", "Murray Hill-Kips Bay", "Turtle Bay-East Midtown                                                    "], "dataTypes": [{"type": "TEXT", "count": 11, "shortest_values": [["Hamilton Heights", 16], ["Murray Hill-Kips Bay", 20], ["Hudson Yards-Chelsea-Flatiron-Union Square                                 ", 75], ["SoHo-TriBeCa-Civic Center-Little Italy                                     ", 75], ["Midtown-Midtown South                                                      ", 75]], "longest_values": [["Hudson Yards-Chelsea-Flatiron-Union Square                                 ", 75], ["SoHo-TriBeCa-Civic Center-Little Italy                                     ", 75], ["Midtown-Midtown South                                                      ", 75], ["Turtle Bay-East Midtown                                                    ", 75], ["Midtown-Midtown South                                                      ", 75]], "average_length": 64.63636363636364}]}, {"column_name": "Community Board", "number_non_empty_cells": 0, "number_empty_cells": 75, "number_distinct_values": 1, "frequent_values": [null], "dataTypes": []}, {"column_name": "Community Council ", "number_non_empty_cells": 0, "number_empty_cells": 75, "number_distinct_values": 1, "frequent_values": [null], "dataTypes": []}, {"column_name": "Census Tract", "number_non_empty_cells": 0, "number_empty_cells": 75, "number_distinct_values": 1, "frequent_values": [null], "dataTypes": []}, {"column_name": "BIN", "number_non_empty_cells": 0, "number_empty_cells": 75, "number_distinct_values": 1, "frequent_values": [null], "dataTypes": []}, {"column_name": "BBL", "number_non_empty_cells": 0, "number_empty_cells": 75, "number_distinct_values": 1, "frequent_values": [null], "dataTypes": []}, {"column_name": "NTA", "number_non_empty_cells": 0, "number_empty_cells": 75, "number_distinct_values": 1, "frequent_values": [null], "dataTypes": []}]}