{"dataset_name": "/user/hm74/NYCOpenData/bvug-v3mm.tsv.gz", "columns": [{"column_name": "HouseOfWorship", "number_non_empty_cells": 653, "number_empty_cells": 0, "number_distinct_values": 645, "frequent_values": ["Trinity Baptist Church", "Yeshivat Or Hatorah", "Antioch Baptist Church", "Church of Grace to Fujianese", "Grace United Methodist Church"], "dataTypes": [{"type": "TEXT", "count": 653, "shortest_values": [["Beth Chana", 10], ["Mt. Zion AME", 12], ["Meor Hatorah", 12], ["Otzar Hatorah", 13], ["Vishnu Mandir", 13]], "longest_values": [["\"Iglesia Pentecostal De Jesucristo \"\"Cristo Viene\"\" I\"", 54], ["The Redeemed Christian Church Of God (Chapel Of Re", 50], ["The Central Islamic Organization of New York, Inc.", 50], ["The Seokwang Korean Presbyterian Church of New Yor", 50], ["Pentecostal Rescue House of Prayer For All Nations", 50]], "average_length": 30.604900459418083}]}, {"column_name": "StreetAddress", "number_non_empty_cells": 653, "number_empty_cells": 0, "number_distinct_values": 648, "frequent_values": ["315 8th Street", "2959 Avenue Y", "1616 Ocean Parkway", "1585 Coney Island Avenue", "4221 Park Avenue"], "dataTypes": [{"type": "TEXT", "count": 653, "shortest_values": [["2913 Ave L", 10], ["2402 Ave P", 10], ["723 Avenue Z", 12], ["119 Avenue B", 12], ["730 Avenue S", 12]], "longest_values": [["141 Bishop Preston R. Washington Sr. Pla", 40], ["9854 Horace Harding Expy, 2nd Floor", 35], ["808 Rev Dr Nathaniel Tyler Lloyd Pl", 35], ["2081 Adam Clayton Powell Jr. Blvd.", 34], ["937 East 169th Street, PO Box 161", 33]], "average_length": 18.65543644716693}]}, {"column_name": "City", "number_non_empty_cells": 653, "number_empty_cells": 0, "number_distinct_values": 52, "frequent_values": ["Brooklyn", "New York", "Bronx", "Jamaica", "Flushing"], "dataTypes": [{"type": "TEXT", "count": 653, "shortest_values": [["Bronx", 5], ["Bronx", 5], ["Bronx", 5], ["Bronx", 5], ["Bronx", 5]], "longest_values": [["South Ozone Par", 15], ["Jackson Heights", 15], ["Jackson Heights", 15], ["S. Richmond Hil", 15], ["South Ozone Par", 15]], "average_length": 8.078101071975516}]}, {"column_name": "State", "number_non_empty_cells": 653, "number_empty_cells": 0, "number_distinct_values": 1, "frequent_values": ["NY"], "dataTypes": [{"type": "TEXT", "count": 653, "shortest_values": [["NY", 2], ["NY", 2], ["NY", 2], ["NY", 2], ["NY", 2]], "longest_values": [["NY", 2], ["NY", 2], ["NY", 2], ["NY", 2], ["NY", 2]], "average_length": 2.0}]}, {"column_name": "Postcode", "number_non_empty_cells": 653, "number_empty_cells": 0, "number_distinct_values": 146, "frequent_values": [11230, 10002, 11216, 11223, 10027], "dataTypes": [{"type": "INTEGER (LONG)", "count": 653, "max_value": 11697, "min_value": 10001, "mean": 10865.863705972422, "stddev": 548.9186039820461}]}, {"column_name": "EntryDate", "number_non_empty_cells": 653, "number_empty_cells": 0, "number_distinct_values": 386, "frequent_values": ["01/22/2010", "05/23/2008", "05/02/2008", "05/08/2008", "05/13/2008"], "dataTypes": [{"type": "DATE/TIME", "count": 653, "max_value": "2019-08-28T00:00:00", "min_value": "2008-04-25T00:00:00"}]}, {"column_name": "PermitNumber", "number_non_empty_cells": 653, "number_empty_cells": 0, "number_distinct_values": 653, "frequent_values": ["2019-5560", "2019-5636", "2019-5493", "2019-5302", "2019-5736"], "dataTypes": [{"type": "TEXT", "count": 653, "shortest_values": [["2019-5683", 9], ["2019-5580", 9], ["2019-5543", 9], ["2019-5304", 9], ["2018-5003", 9]], "longest_values": [["2019-5683", 9], ["2019-5580", 9], ["2019-5543", 9], ["2019-5304", 9], ["2018-5003", 9]], "average_length": 9.0}]}, {"column_name": "DateIssue", "number_non_empty_cells": 653, "number_empty_cells": 0, "number_distinct_values": 161, "frequent_values": ["07/09/2019", "08/01/2019", "01/03/2019", "03/05/2019", "09/12/2018"], "dataTypes": [{"type": "DATE/TIME", "count": 653, "max_value": "2019-08-30T00:00:00", "min_value": "2018-08-02T00:00:00"}]}, {"column_name": "DateExpiry", "number_non_empty_cells": 653, "number_empty_cells": 0, "number_distinct_values": 15, "frequent_values": ["12/31/2019", "01/31/2020", "11/30/2019", "05/31/2020", "07/31/2020"], "dataTypes": [{"type": "DATE/TIME", "count": 653, "max_value": "2020-09-30T00:00:00", "min_value": "2019-08-31T00:00:00"}]}, {"column_name": "PermitStatus", "number_non_empty_cells": 653, "number_empty_cells": 0, "number_distinct_values": 1, "frequent_values": ["Active"], "dataTypes": [{"type": "TEXT", "count": 653, "shortest_values": [["Active", 6], ["Active", 6], ["Active", 6], ["Active", 6], ["Active", 6]], "longest_values": [["Active", 6], ["Active", 6], ["Active", 6], ["Active", 6], ["Active", 6]], "average_length": 6.0}]}, {"column_name": "PermitType", "number_non_empty_cells": 653, "number_empty_cells": 0, "number_distinct_values": 3, "frequent_values": ["Renew", "New", "Replace"], "dataTypes": [{"type": "TEXT", "count": 653, "shortest_values": [["New", 3], ["New", 3], ["New", 3], ["New", 3], ["New", 3]], "longest_values": [["Replace", 7], ["Replace", 7], ["Replace", 7], ["Replace", 7], ["Replace", 7]], "average_length": 4.920367534456348}]}, {"column_name": "Borough", "number_non_empty_cells": 638, "number_empty_cells": 15, "number_distinct_values": 6, "frequent_values": ["BROOKLYN", "MANHATTAN", "QUEENS", "BRONX", "STATEN IS"], "dataTypes": [{"type": "TEXT", "count": 638, "shortest_values": [["BRONX", 5], ["BRONX", 5], ["BRONX", 5], ["BRONX", 5], ["BRONX", 5]], "longest_values": [["MANHATTAN", 9], ["MANHATTAN", 9], ["MANHATTAN", 9], ["MANHATTAN", 9], ["MANHATTAN", 9]], "average_length": 7.420062695924761}]}, {"column_name": "Latitude", "number_non_empty_cells": 638, "number_empty_cells": 15, "number_distinct_values": 634, "frequent_values": [40.847984, 40.618888, 40.591847, 40.609151, 40.669243], "dataTypes": [{"type": "REAL", "count": 638, "max_value": 40.904834, "min_value": 40.549354, "mean": 40.72006375078371, "stddev": 0.07763882580957789}]}, {"column_name": "Longitude", "number_non_empty_cells": 638, "number_empty_cells": 15, "number_distinct_values": 632, "frequent_values": [-73.938808, -73.984658, -74.010407, -73.969586, -73.967647], "dataTypes": [{"type": "REAL", "count": 638, "max_value": -73.704422, "min_value": -74.152882, "mean": -73.92485832601871, "stddev": 0.06653250039086399}]}, {"column_name": "Community_Board", "number_non_empty_cells": 638, "number_empty_cells": 15, "number_distinct_values": 60, "frequent_values": [103, 315, 303, 312, 314], "dataTypes": [{"type": "INTEGER (LONG)", "count": 638, "max_value": 503, "min_value": 101, "mean": 274.07210031347915, "stddev": 111.16594026453889}]}, {"column_name": "Council_District", "number_non_empty_cells": 638, "number_empty_cells": 15, "number_distinct_values": 52, "frequent_values": [36, 44, 48, 9, 2], "dataTypes": [{"type": "INTEGER (LONG)", "count": 638, "max_value": 51, "min_value": 1, "mean": 25.6959247648903, "stddev": 14.901400567676587}]}, {"column_name": "Census_Tract", "number_non_empty_cells": 638, "number_empty_cells": 15, "number_distinct_values": 430, "frequent_values": [185, 41, 379, 173, 18], "dataTypes": [{"type": "INTEGER (LONG)", "count": 638, "max_value": 157903, "min_value": 2, "mean": 6395.230407523511, "stddev": 21034.77887026373}]}, {"column_name": "BIN", "number_non_empty_cells": 633, "number_empty_cells": 20, "number_distinct_values": 628, "frequent_values": [3180580, 3000000, 3203616, 3176091, 2011095], "dataTypes": [{"type": "INTEGER (LONG)", "count": 633, "max_value": 5106887, "min_value": 1001169, "mean": 2764037.7598736165, "stddev": 1164585.2209384395}]}, {"column_name": "BBL", "number_non_empty_cells": 633, "number_empty_cells": 20, "number_distinct_values": 628, "frequent_values": [2030270041, 3066370012, 3074230038, 3067310076, 3076900051], "dataTypes": [{"type": "INTEGER (LONG)", "count": 633, "max_value": 5054320001, "min_value": 1000757503, "mean": 2689853424.7962074, "stddev": 1122624465.109301}]}, {"column_name": "NTA", "number_non_empty_cells": 638, "number_empty_cells": 15, "number_distinct_values": 154, "frequent_values": ["Homecrest", "Lower East Side", "Midwood", "Crown Heights North", "Upper West Side"], "dataTypes": [{"type": "TEXT", "count": 638, "shortest_values": [["Corona", 6], ["Hollis", 6], ["Jamaica", 7], ["Midwood", 7], ["Madison", 7]], "longest_values": [["Todt Hill-Emerson Hill-Heartland Village-Lighthouse Hill", 56], ["Breezy Point-Belle Harbor-Rockaway Park-Broad Channel", 53], ["DUMBO-Vinegar Hill-Downtown Brooklyn-Boerum Hill", 48], ["DUMBO-Vinegar Hill-Downtown Brooklyn-Boerum Hill", 48], ["DUMBO-Vinegar Hill-Downtown Brooklyn-Boerum Hill", 48]], "average_length": 17.506269592476453}]}, {"column_name": "Location", "number_non_empty_cells": 638, "number_empty_cells": 15, "number_distinct_values": 634, "frequent_values": ["(40.669243, -73.984658)", "(40.618888, -73.964048)", "(40.591847, -73.938808)", "(40.847984, -73.899156)", "(40.609151, -73.967647)"], "dataTypes": [{"type": "TEXT", "count": 638, "shortest_values": [["(40.68709, -73.9914)", 20], ["(40.6838, -73.96385)", 20], ["(40.743143, -73.9817)", 21], ["(40.70825, -74.00514)", 21], ["(40.81134, -73.94409)", 21]], "longest_values": [["(40.644751, -73.96103600000001)", 31], ["(40.848246, -73.93525700000001)", 31], ["(40.686409, -73.922773)", 23], ["(40.835502, -73.939183)", 23], ["(40.828939, -73.916616)", 23]], "average_length": 22.83542319749216}]}]}