{"dataset_name": "/user/hm74/NYCOpenData/bvzk-auuz.tsv.gz", "columns": [{"column_name": "Year", "number_non_empty_cells": 5, "number_empty_cells": 0, "number_distinct_values": 5, "frequent_values": ["2016-17", "2015-16", "2014-15", "2017-18", "2013-14"], "dataTypes": [{"type": "TEXT", "count": 5, "shortest_values": [["2013-14", 7], ["2014-15", 7], ["2015-16", 7], ["2016-17", 7], ["2017-18", 7]], "longest_values": [["2013-14", 7], ["2014-15", 7], ["2015-16", 7], ["2016-17", 7], ["2017-18", 7]], "average_length": 7.0}]}, {"column_name": "Total Enrollment", "number_non_empty_cells": 5, "number_empty_cells": 0, "number_distinct_values": 5, "frequent_values": [1104479, 1133963, 1135334, 1141232, 1122783], "dataTypes": [{"type": "INTEGER (LONG)", "count": 5, "max_value": 1141232, "min_value": 1104479, "mean": 1127558.2, "stddev": 12991.607620306297}]}, {"column_name": "Grade PK (Half Day & Full Day)", "number_non_empty_cells": 5, "number_empty_cells": 0, "number_distinct_values": 5, "frequent_values": [71528, 55734, 72553, 71847, 66403], "dataTypes": [{"type": "INTEGER (LONG)", "count": 5, "max_value": 72553, "min_value": 55734, "mean": 67613.0, "stddev": 6328.227587563519}]}, {"column_name": "Grade K", "number_non_empty_cells": 5, "number_empty_cells": 0, "number_distinct_values": 5, "frequent_values": [82517, 81588, 84386, 85375, 85775], "dataTypes": [{"type": "INTEGER (LONG)", "count": 5, "max_value": 85775, "min_value": 81588, "mean": 83928.2, "stddev": 1623.6688578648054}]}, {"column_name": "Grade 1", "number_non_empty_cells": 5, "number_empty_cells": 0, "number_distinct_values": 5, "frequent_values": [88704, 86008, 89630, 83578, 87804], "dataTypes": [{"type": "INTEGER (LONG)", "count": 5, "max_value": 89630, "min_value": 83578, "mean": 87144.8, "stddev": 2147.381884993912}]}, {"column_name": "Grade 2", "number_non_empty_cells": 5, "number_empty_cells": 0, "number_distinct_values": 5, "frequent_values": [86279, 84368, 86930, 83978, 87410], "dataTypes": [{"type": "INTEGER (LONG)", "count": 5, "max_value": 87410, "min_value": 83978, "mean": 85793.0, "stddev": 1376.1180181946606}]}, {"column_name": "Grade 3", "number_non_empty_cells": 5, "number_empty_cells": 0, "number_distinct_values": 5, "frequent_values": [85309, 82532, 84363, 85050, 81320], "dataTypes": [{"type": "INTEGER (LONG)", "count": 5, "max_value": 85309, "min_value": 81320, "mean": 83714.8, "stddev": 1541.3292185642867}]}, {"column_name": "Grade 4", "number_non_empty_cells": 5, "number_empty_cells": 0, "number_distinct_values": 5, "frequent_values": [81287, 77886, 84185, 83367, 80229], "dataTypes": [{"type": "INTEGER (LONG)", "count": 5, "max_value": 84185, "min_value": 77886, "mean": 81390.8, "stddev": 2251.981207736866}]}, {"column_name": "Grade 5", "number_non_empty_cells": 5, "number_empty_cells": 0, "number_distinct_values": 5, "frequent_values": [76778, 79581, 77505, 83277, 80563], "dataTypes": [{"type": "INTEGER (LONG)", "count": 5, "max_value": 83277, "min_value": 76778, "mean": 79540.8, "stddev": 2314.4435529949724}]}, {"column_name": "Grade 6", "number_non_empty_cells": 5, "number_empty_cells": 0, "number_distinct_values": 5, "frequent_values": [78985, 75931, 79114, 76798, 75238], "dataTypes": [{"type": "INTEGER (LONG)", "count": 5, "max_value": 79114, "min_value": 75238, "mean": 77213.2, "stddev": 1579.2503791356207}]}, {"column_name": "Grade 7", "number_non_empty_cells": 5, "number_empty_cells": 0, "number_distinct_values": 5, "frequent_values": [75347, 76778, 78125, 75802, 74614], "dataTypes": [{"type": "INTEGER (LONG)", "count": 5, "max_value": 78125, "min_value": 74614, "mean": 76133.2, "stddev": 1218.0974345264847}]}, {"column_name": "Grade 8", "number_non_empty_cells": 5, "number_empty_cells": 0, "number_distinct_values": 5, "frequent_values": [76283, 74793, 76816, 75405, 75999], "dataTypes": [{"type": "INTEGER (LONG)", "count": 5, "max_value": 76816, "min_value": 74793, "mean": 75859.2, "stddev": 701.0986806434603}]}, {"column_name": "Grade 9", "number_non_empty_cells": 5, "number_empty_cells": 0, "number_distinct_values": 5, "frequent_values": [93678, 91796, 91723, 90062, 92323], "dataTypes": [{"type": "INTEGER (LONG)", "count": 5, "max_value": 93678, "min_value": 90062, "mean": 91916.4, "stddev": 1162.6914638028436}]}, {"column_name": "Grade 10", "number_non_empty_cells": 5, "number_empty_cells": 0, "number_distinct_values": 5, "frequent_values": [90854, 90396, 90614, 89424, 89909], "dataTypes": [{"type": "INTEGER (LONG)", "count": 5, "max_value": 90854, "min_value": 89424, "mean": 90239.4, "stddev": 513.1516734845553}]}, {"column_name": "Grade 11", "number_non_empty_cells": 5, "number_empty_cells": 0, "number_distinct_values": 5, "frequent_values": [74251, 71239, 71028, 73716, 71502], "dataTypes": [{"type": "INTEGER (LONG)", "count": 5, "max_value": 74251, "min_value": 71028, "mean": 72347.2, "stddev": 1355.0517923681011}]}, {"column_name": "Grade 12", "number_non_empty_cells": 5, "number_empty_cells": 0, "number_distinct_values": 5, "frequent_values": [73790, 75370, 74735, 76398, 73328], "dataTypes": [{"type": "INTEGER (LONG)", "count": 5, "max_value": 76398, "min_value": 73328, "mean": 74724.2, "stddev": 1099.1710330972162}]}, {"column_name": "# Female", "number_non_empty_cells": 5, "number_empty_cells": 0, "number_distinct_values": 5, "frequent_values": [536988, 545903, 551727, 553978, 551015], "dataTypes": [{"type": "INTEGER (LONG)", "count": 5, "max_value": 553978, "min_value": 536988, "mean": 547922.2, "stddev": 6072.042931337023}]}, {"column_name": "% Female", "number_non_empty_cells": 5, "number_empty_cells": 0, "number_distinct_values": 2, "frequent_values": [48.6, 48.5], "dataTypes": [{"type": "REAL", "count": 5, "max_value": 48.6, "min_value": 48.5, "mean": 48.580000000000005, "stddev": 0.04000000000000066}]}, {"column_name": "# Male", "number_non_empty_cells": 5, "number_empty_cells": 0, "number_distinct_values": 5, "frequent_values": [576880, 567489, 582948, 587248, 583542], "dataTypes": [{"type": "INTEGER (LONG)", "count": 5, "max_value": 587248, "min_value": 567489, "mean": 579621.4, "stddev": 6918.277288458437}]}, {"column_name": "% Male", "number_non_empty_cells": 5, "number_empty_cells": 0, "number_distinct_values": 2, "frequent_values": [51.4, 51.5], "dataTypes": [{"type": "REAL", "count": 5, "max_value": 51.5, "min_value": 51.4, "mean": 51.419999999999995, "stddev": 0.04000000000000066}]}, {"column_name": "# Asian", "number_non_empty_cells": 5, "number_empty_cells": 0, "number_distinct_values": 5, "frequent_values": [182282, 169191, 180825, 172268, 175648], "dataTypes": [{"type": "INTEGER (LONG)", "count": 5, "max_value": 182282, "min_value": 169191, "mean": 176042.8, "stddev": 4962.84593353451}]}, {"column_name": "% Asian", "number_non_empty_cells": 5, "number_empty_cells": 0, "number_distinct_values": 4, "frequent_values": [15.3, 15.5, 15.8, 16.1], "dataTypes": [{"type": "REAL", "count": 5, "max_value": 16.1, "min_value": 15.3, "mean": 15.600000000000001, "stddev": 0.30983866769659324}]}, {"column_name": "# Black", "number_non_empty_cells": 5, "number_empty_cells": 0, "number_distinct_values": 5, "frequent_values": [302335, 312434, 307734, 311966, 294678], "dataTypes": [{"type": "INTEGER (LONG)", "count": 5, "max_value": 312434, "min_value": 294678, "mean": 305829.4, "stddev": 6655.383613286316}]}, {"column_name": "% Black", "number_non_empty_cells": 5, "number_empty_cells": 0, "number_distinct_values": 5, "frequent_values": [27.1, 27.8, 28.3, 26.5, 26.0], "dataTypes": [{"type": "REAL", "count": 5, "max_value": 28.3, "min_value": 26.0, "mean": 27.14, "stddev": 0.8357032966310475}]}, {"column_name": "# Hispanic", "number_non_empty_cells": 5, "number_empty_cells": 0, "number_distinct_values": 5, "frequent_values": [459402, 459567, 461492, 444237, 453172], "dataTypes": [{"type": "INTEGER (LONG)", "count": 5, "max_value": 461492, "min_value": 444237, "mean": 455574.0, "stddev": 6323.251220693361}]}, {"column_name": "% Hispanic", "number_non_empty_cells": 5, "number_empty_cells": 0, "number_distinct_values": 3, "frequent_values": [40.4, 40.5, 40.2], "dataTypes": [{"type": "REAL", "count": 5, "max_value": 40.5, "min_value": 40.2, "mean": 40.4, "stddev": 0.10954451150103343}]}, {"column_name": "# Multiple Race Categories Not Represented", "number_non_empty_cells": 5, "number_empty_cells": 0, "number_distinct_values": 5, "frequent_values": [20787, 28390, 26777, 18820, 23714], "dataTypes": [{"type": "INTEGER (LONG)", "count": 5, "max_value": 28390, "min_value": 18820, "mean": 23697.6, "stddev": 3571.110897185916}]}, {"column_name": "% Multiple Race Categories Not Represented", "number_non_empty_cells": 5, "number_empty_cells": 0, "number_distinct_values": 5, "frequent_values": [1.7, 2.3, 2.5, 1.9, 2.1], "dataTypes": [{"type": "REAL", "count": 5, "max_value": 2.5, "min_value": 1.7, "mean": 2.1, "stddev": 0.282842712474619}]}, {"column_name": "# White", "number_non_empty_cells": 5, "number_empty_cells": 0, "number_distinct_values": 5, "frequent_values": [159797, 164590, 170417, 169803, 167465], "dataTypes": [{"type": "INTEGER (LONG)", "count": 5, "max_value": 170417, "min_value": 159797, "mean": 166414.4, "stddev": 3891.673038681439}]}, {"column_name": "% White", "number_non_empty_cells": 5, "number_empty_cells": 0, "number_distinct_values": 5, "frequent_values": [14.9, 14.5, 14.7, 14.8, 15.0], "dataTypes": [{"type": "REAL", "count": 5, "max_value": 15.0, "min_value": 14.5, "mean": 14.78, "stddev": 0.17204650534085303}]}, {"column_name": "# Students with Disabilities", "number_non_empty_cells": 5, "number_empty_cells": 0, "number_distinct_values": 5, "frequent_values": [205793, 224160, 228347, 222496, 212791], "dataTypes": [{"type": "INTEGER (LONG)", "count": 5, "max_value": 228347, "min_value": 205793, "mean": 218717.4, "stddev": 8231.53984622561}]}, {"column_name": "% Students with Disabilities", "number_non_empty_cells": 5, "number_empty_cells": 0, "number_distinct_values": 5, "frequent_values": [19.7, 19.6, 19.0, 20.0, 18.6], "dataTypes": [{"type": "REAL", "count": 5, "max_value": 20.0, "min_value": 18.6, "mean": 19.38, "stddev": 0.5075431016179809}]}, {"column_name": "# English Language Learners", "number_non_empty_cells": 5, "number_empty_cells": 0, "number_distinct_values": 5, "frequent_values": [153466, 146393, 146742, 153032, 142506], "dataTypes": [{"type": "INTEGER (LONG)", "count": 5, "max_value": 153466, "min_value": 142506, "mean": 148427.8, "stddev": 4210.277064517253}]}, {"column_name": "% English Language Learners", "number_non_empty_cells": 5, "number_empty_cells": 0, "number_distinct_values": 5, "frequent_values": [13.4, 13.3, 13.5, 13.1, 12.6], "dataTypes": [{"type": "REAL", "count": 5, "max_value": 13.5, "min_value": 12.6, "mean": 13.18, "stddev": 0.31874754901018476}]}, {"column_name": "# Poverty", "number_non_empty_cells": 5, "number_empty_cells": 0, "number_distinct_values": 5, "frequent_values": [811627, 810688, 839705, 800985, 801696], "dataTypes": [{"type": "INTEGER (LONG)", "count": 5, "max_value": 839705, "min_value": 800985, "mean": 812940.2, "stddev": 14089.075617654984}]}, {"column_name": "% Poverty", "number_non_empty_cells": 5, "number_empty_cells": 0, "number_distinct_values": 5, "frequent_values": [73.5, 70.2, 72.2, 70.7, 74.0], "dataTypes": [{"type": "REAL", "count": 5, "max_value": 74.0, "min_value": 70.2, "mean": 72.11999999999999, "stddev": 1.4931845163944042}]}, {"column_name": "Economic Need Index", "number_non_empty_cells": 4, "number_empty_cells": 1, "number_distinct_values": 5, "frequent_values": [70.7, 60.6, 61.9, 63.2, null], "dataTypes": [{"type": "REAL", "count": 4, "max_value": 70.7, "min_value": 60.6, "mean": 64.1, "stddev": 3.9198214245039305}]}]}