{"dataset_name": "/user/hm74/NYCOpenData/bwhw-9jek.tsv.gz", "columns": [{"column_name": "service_taxonomy_id", "number_non_empty_cells": 11305, "number_empty_cells": 0, "number_distinct_values": 11305, "frequent_values": [10623, 4818, 7240, 9376, 3997], "dataTypes": [{"type": "INTEGER (LONG)", "count": 11305, "max_value": 11305, "min_value": 1, "mean": 5653.000000000008, "stddev": 3263.472383826773}]}, {"column_name": "service_id", "number_non_empty_cells": 11305, "number_empty_cells": 0, "number_distinct_values": 609, "frequent_values": [676, 675, 505, 206, 478], "dataTypes": [{"type": "INTEGER (LONG)", "count": 11305, "max_value": 1867, "min_value": 2, "mean": 657.4722689075608, "stddev": 497.47235897923895}]}, {"column_name": "taxonomy_id", "number_non_empty_cells": 11305, "number_empty_cells": 0, "number_distinct_values": 206, "frequent_values": [49, 79, 4, 74, 77], "dataTypes": [{"type": "INTEGER (LONG)", "count": 11305, "max_value": 275, "min_value": 1, "mean": 115.54276868642214, "stddev": 69.39183945953006}]}]}