{"dataset_name": "/user/hm74/NYCOpenData/bwx8-3rf4.tsv.gz", "columns": [{"column_name": "City Council District", "number_non_empty_cells": 51, "number_empty_cells": 0, "number_distinct_values": 51, "frequent_values": [31, 34, 28, 26, 27], "dataTypes": [{"type": "INTEGER (LONG)", "count": 51, "max_value": 51, "min_value": 1, "mean": 26.0, "stddev": 14.719601443879744}]}, {"column_name": "# of students in grades 6-8", "number_non_empty_cells": 51, "number_empty_cells": 0, "number_distinct_values": 51, "frequent_values": [2622, 3691, 5178, 5457, 6142], "dataTypes": [{"type": "INTEGER (LONG)", "count": 51, "max_value": 7042, "min_value": 800, "mean": 4031.4705882352937, "stddev": 1518.4817411330816}]}, {"column_name": "# of students in grades 6-8 who have completed at least one semester of health instruction", "number_non_empty_cells": 51, "number_empty_cells": 0, "number_distinct_values": 50, "frequent_values": ["s", "356", "3241", "1290", "2863"], "dataTypes": [{"type": "INTEGER (LONG)", "count": 49, "max_value": 5408, "min_value": 356, "mean": 1963.2653061224491, "stddev": 1049.4939067116618}, {"type": "TEXT", "count": 2, "shortest_values": [["s", 1], ["s", 1]], "longest_values": [["s", 1], ["s", 1]], "average_length": 1.0}]}, {"column_name": "%", "number_non_empty_cells": 51, "number_empty_cells": 0, "number_distinct_values": 50, "frequent_values": ["s", "0.4675156", "0.4068213", "0.2473843", "0.2977956"], "dataTypes": [{"type": "REAL", "count": 49, "max_value": 0.8108668, "min_value": 0.1211709, "mean": 0.4661561775510204, "stddev": 0.16201919932277015}, {"type": "TEXT", "count": 2, "shortest_values": [["s", 1], ["s", 1]], "longest_values": [["s", 1], ["s", 1]], "average_length": 1.0}]}, {"column_name": "# of 8th graders", "number_non_empty_cells": 51, "number_empty_cells": 0, "number_distinct_values": 50, "frequent_values": [1191, 1510, 804, 1005, 673], "dataTypes": [{"type": "INTEGER (LONG)", "count": 51, "max_value": 2362, "min_value": 242, "mean": 1360.0784313725487, "stddev": 512.3810179680838}]}, {"column_name": "# of 8th graders who have completed at least one semester of health instruction", "number_non_empty_cells": 51, "number_empty_cells": 0, "number_distinct_values": 49, "frequent_values": ["568", "s", "1425", "851", "1158"], "dataTypes": [{"type": "INTEGER (LONG)", "count": 49, "max_value": 2102, "min_value": 52, "mean": 810.8367346938776, "stddev": 411.6570966000398}, {"type": "TEXT", "count": 2, "shortest_values": [["s", 1], ["s", 1]], "longest_values": [["s", 1], ["s", 1]], "average_length": 1.0}]}, {"column_name": "%2", "number_non_empty_cells": 51, "number_empty_cells": 0, "number_distinct_values": 50, "frequent_values": ["s", "0.7724601", "0.4582426", "0.5077854", "0.8133998"], "dataTypes": [{"type": "REAL", "count": 49, "max_value": 0.9895833, "min_value": 0.0707483, "mean": 0.5774485959183674, "stddev": 0.20531159368431945}, {"type": "TEXT", "count": 2, "shortest_values": [["s", 1], ["s", 1]], "longest_values": [["s", 1], ["s", 1]], "average_length": 1.0}]}]}