{"dataset_name": "/user/hm74/NYCOpenData/by6m-6zpb.tsv.gz", "columns": [{"column_name": "dbn", "number_non_empty_cells": 744, "number_empty_cells": 0, "number_distinct_values": 436, "frequent_values": ["31R450", "31R440", "31R445", "20K445", "28Q505"], "dataTypes": [{"type": "DATE/TIME", "count": 1, "max_value": "2019-12-08T00:02:47", "min_value": "2019-12-08T00:02:47"}, {"type": "TEXT", "count": 743, "shortest_values": [["dbn", 3], ["01M292", 6], ["01M448", 6], ["01M448", 6], ["01M448", 6]], "longest_values": [["01M292", 6], ["01M448", 6], ["01M448", 6], ["01M448", 6], ["01M450", 6]], "average_length": 5.9959623149394305}]}, {"column_name": "program", "number_non_empty_cells": 741, "number_empty_cells": 3, "number_distinct_values": 638, "frequent_values": ["Zoned", "Dance", "Instrumental Music", "Drama", "Vocal Music"], "dataTypes": [{"type": "TEXT", "count": 744, "shortest_values": [["Art", 3], ["STEM", 4], ["Arts", 4], ["Drama", 5], ["Dance", 5]], "longest_values": [["International Marketing, Computer Applications, Foreign Trade and Virtual Enterprise", 84], ["The Marie Curie High School for Nursing, Medicine, & Allied Health Professions", 78], ["CNA Certified Nursing Assistant Program with Phlebotomy and EKG Technician", 74], ["City Polytechnic High School of Engineering, Architecture and Technology", 72], ["Academy for Scholarship and Entrepreneurship: A College Board School", 68]], "average_length": 28.532258064516125}]}, {"column_name": "prgdesc", "number_non_empty_cells": 485, "number_empty_cells": 259, "number_distinct_values": 477, "frequent_values": ["Humanities & Interdisciplinary", "Academic Comprehensive Program", "Academic Comprehensive Program.", "Computer Science & Technology", "See above description."], "dataTypes": [{"type": "TEXT", "count": 501, "shortest_values": [["prgdesc", 7], ["Communications", 14], ["Health Professions", 18], ["See above description", 21], ["See above description.", 22]], "longest_values": [["Non Moving Image: Students develop their artistic skills as they progress through classroom assignments such as still life drawing, perspective drawing, portraiture, figure drawing, and abstract compositions using a variety of drawing, painting, and digital design media. TAPCo students have the opportunity to apply to the Fred Dolan Art Academy, a Saturday professional artist-led program that helps students develop their portfolios and secure scholarships for college. Moving Image: Students develop self-confidence in their creative, critical thinking and expressive process of the student as they build valuable artistic, literacy and technical skills in photography and video production with the added benefit of team building skills for application in college and work place. Students participate in the planning, production and presentation of multi-media projects for actual clients, which include individuals and organizations in and out of school.", 959], ["The W.E.B. DuBois Writing Institute is an interdisciplinary program designed for students who are interested in pursuing a college education and a career that applies the skills and content areas of the humanities. Instruction includes learning activities that require all students to think, problem solve, inquire, and defend their opinions. Students will be required to participate and lead school wide activities such as community service, peer tutoring, and internships. They will complete college courses online or at SUNY Hudson Valley Community College, CUNY Lehman College and/or CUNY Hostos Community College, pursue an Advanced Regents Diploma, complete a three year foreign language program, and participate in Advanced Placement courses. Students will receive a laptop for home and school use.", 805], ["Our College Head-Start program enables motivated students to earn 10-15 college credits a year in the 11th and the 12th grade while fulfilling their High School graduation requirements through our partnerships with St. John\u0092s University, CUNY College Now Program, SUNY Farmingdale as well as College Board Advanced placement courses. In an effort to minimize the barriers between High School and College, students are supported through our academically challenging curriculum, our free S.A.T. preparation program, our college application and essays writing advisors and our college visits. Students at R.F.K. are also required to complete 50 hours of community service/internship to optimize their chance of getting admitted to the college of their choice.", 756], ["The Community Service Academy is a comprehensive four-year program that prepares students for collegiate studies through service. It is our belief that all people, regardless of their socioeconomic status or ethnic background, can make meaningful contributions to humanity by serving others. Included in the rigorous curriculum are Honors and Advanced Placement courses. Our school prepares students for college and beyond though the CUNY College Now Program. Partnerships with: Fordham University, Capital One Bank, New York Cares, The New York Blood Center, Jewish Home Lifecare, Liberty Partnership Program, and numerous other charitable organizations allow our program to offer students a broad range of meaningful experiences.", 731], ["The Law Enforcement Academy is a comprehensive four-year program that prepares students for collegiate studies in criminal justice as well as careers in law enforcement and emergency response. Courses including: forensic science, computer forensics, mock trial, moot court, criminology, and first aid are offered alongside rigorous Honors and Advanced Placement courses. Our school prepares students for college and beyond though the CUNY College Now Program. Partnerships with: Fordham University, John Jay College, Hogan-Lovells Law Firm, NYPD, FDNY, FBI, and The Justice Resource Center allow our program to offer students a broad range of practical experience in their chosen area of interest.", 697]], "average_length": 208.99600798403196}]}, {"column_name": "code", "number_non_empty_cells": 744, "number_empty_cells": 0, "number_distinct_values": 731, "frequent_values": ["NO CODE", "X24A", "X47A", "X73A", "K17R"], "dataTypes": [{"type": "DATE/TIME", "count": 1, "max_value": "2019-12-08T00:26:00", "min_value": "2019-12-08T00:26:00"}, {"type": "TEXT", "count": 743, "shortest_values": [["code", 4], ["M46X", 4], ["M35C", 4], ["M35A", 4], ["M35B", 4]], "longest_values": [["NO CODE", 7], ["NO CODE", 7], ["NO CODE", 7], ["NO CODE", 7], ["NO CODE", 7]], "average_length": 4.056527590847919}]}, {"column_name": "interest", "number_non_empty_cells": 744, "number_empty_cells": 0, "number_distinct_values": 22, "frequent_values": ["Humanities & Interdisciplinary", "Performing Arts", "Science & Math", "Health Professions", "Computer Science & Technology"], "dataTypes": [{"type": "TEXT", "count": 744, "shortest_values": [["Zoned", 5], ["JROTC", 5], ["Zoned", 5], ["Zoned", 5], ["Zoned", 5]], "longest_values": [["Performing Arts/Visual Art & Design", 35], ["Performing Arts/Visual Art & Design", 35], ["Performing Arts/Visual Art & Design", 35], ["Performing Arts/Visual Art & Design", 35], ["Performing Arts/Visual Art & Design", 35]], "average_length": 20.553763440860237}]}, {"column_name": "method", "number_non_empty_cells": 744, "number_empty_cells": 0, "number_distinct_values": 10, "frequent_values": ["Limited Unscreened", "Screened", "Ed. Opt.", "Audition", "Screened: Language"], "dataTypes": [{"type": "TEXT", "count": 744, "shortest_values": [["Test", 4], ["Test", 4], ["Test", 4], ["Test", 4], ["Test", 4]], "longest_values": [["Screened: Language & Academics", 30], ["Screened: Language & Academics", 30], ["Screened: Language & Academics", 30], ["Screened: Language & Academics", 30], ["Screened: Language & Academics", 30]], "average_length": 12.142473118279575}]}, {"column_name": "eng", "number_non_empty_cells": 0, "number_empty_cells": 744, "number_distinct_values": 1, "frequent_values": [null], "dataTypes": []}, {"column_name": "math", "number_non_empty_cells": 0, "number_empty_cells": 744, "number_distinct_values": 1, "frequent_values": [null], "dataTypes": []}, {"column_name": "soc", "number_non_empty_cells": 0, "number_empty_cells": 744, "number_distinct_values": 1, "frequent_values": [null], "dataTypes": []}, {"column_name": "sci", "number_non_empty_cells": 0, "number_empty_cells": 744, "number_distinct_values": 1, "frequent_values": [null], "dataTypes": []}, {"column_name": "stm", "number_non_empty_cells": 176, "number_empty_cells": 568, "number_distinct_values": 5, "frequent_values": ["Levels 3-4", "Levels 2-4", "stm", "Levels 1-4", null], "dataTypes": [{"type": "TEXT", "count": 176, "shortest_values": [["stm", 3], ["Levels 2-4", 10], ["Levels 3-4", 10], ["Levels 3-4", 10], ["Levels 2-4", 10]], "longest_values": [["Levels 2-4", 10], ["Levels 3-4", 10], ["Levels 3-4", 10], ["Levels 2-4", 10], ["Levels 2-4", 10]], "average_length": 9.96022727272727}]}, {"column_name": "ela", "number_non_empty_cells": 176, "number_empty_cells": 568, "number_distinct_values": 5, "frequent_values": ["Levels 3-4", "Levels 2-4", "Levels 1-4", "ela", null], "dataTypes": [{"type": "TEXT", "count": 176, "shortest_values": [["ela", 3], ["Levels 2-4", 10], ["Levels 3-4", 10], ["Levels 3-4", 10], ["Levels 2-4", 10]], "longest_values": [["Levels 2-4", 10], ["Levels 3-4", 10], ["Levels 3-4", 10], ["Levels 2-4", 10], ["Levels 2-4", 10]], "average_length": 9.96022727272727}]}, {"column_name": "aud", "number_non_empty_cells": 75, "number_empty_cells": 669, "number_distinct_values": 76, "frequent_values": ["Be prepared to share your artwork (drawing, painting, photography, or video) through a hardcopy portfolio or online. Please bring a light snack.", "DANCE: Come dressed in proper dance attire. Present a short 1-2 minute dance of your choice. You may be asked to learn choreography. Bring your own music. Be prepared to write an essay explaining why you want to attend FHSA. DRAMA: Prepare two contrasting memorized monologues from a play, movie or novel, each one-minute long. You may be asked to participate in a group theater game. Be prepared to write an essay explaining why you want to attend FHSA. INSTRUMENTAL MUSIC: This program offers a jazz curriculum for students who play band and rhythm section instruments. We do not have a string program. Students must bring their own instrument, sticks and music to the audition. Be prepared to play a scale and selection of music from a book or solo of your own choice, and sight-read. You will complete a questionnaire, interview, and take a simple test for musical aptitude. Be prepared to write an essay explaining why you want to attend FHSA. VOCAL MUSIC: Perform a prepared song from the following list: Amazing Grace, Simple Gifts, Shenandoah, My Favorite Things, God Bless America, Happy Birthday and Somewhere without CD/piano accompaniment. Applicants will also be evaluated on tonal memory, rhythmic and aural skills, and vocal technique through teacher-led vocal exercises. Be prepared to write an essay explaining why you want to attend FHSA. VISUAL ART: Prepare and present a portfolio of at least three pieces of original work drawn from real-life observations (one self-portrait, one still-life or landscape and one student\u0092s choice). Students are required to complete one detailed, shaded drawing from observation during the audition. Be prepared to write an essay explaining why you want to attend FHSA.", "Come prepared to participate in ballet warm-ups and a modern dance combination. Your potential to succeed in the dance program will be evaluated based on alignment, the ability to follow directions, musicality, strength and stretch. Applicants are expected to wear dance clothes (leotards, footless tights and ballet shoes).", "Selection Criteria \u0095 English (85-100), Math (85-100), Social Studies (85-100), Science (85-100) \u0095 Standardized Test Scores: Math Level(s) 3-4, English Language Arts Level(s) 3-4 \u0095 Interview Audition Information: All students wishing to be considered for admission to Special Music School must register online for an audition. Registration for the audition will begin on October 7, 2013 via the school\u0092s website at www.kaufman-center.org/sms. Students can find specific audition requirements on the school\u0092s website. Students who pass the requirements of the audition will be invited to interview. Students who qualify for the interview will be notified by email.", "Vocal students will demonstrate the ability to match pitch by singing short melodies which are played on the piano, tap rhythms back to demonstrate the ability to measure time and sing a prepared selection of their choice."], "dataTypes": [{"type": "TEXT", "count": 75, "shortest_values": [["aud", 3], ["Art students must present a current portfolio.", 46], ["Perform a gospel and a classical selection (a capella).", 55], ["Theater students must demonstrate interest in the program.", 58], ["Bring a portfolio of 8-10 pieces of work, pen, pencil, etc.", 59]], "longest_values": [["DANCE: Come dressed in proper dance attire. Present a short 1-2 minute dance of your choice. You may be asked to learn choreography. Bring your own music. Be prepared to write an essay explaining why you want to attend FHSA. DRAMA: Prepare two contrasting memorized monologues from a play, movie or novel, each one-minute long. You may be asked to participate in a group theater game. Be prepared to write an essay explaining why you want to attend FHSA. INSTRUMENTAL MUSIC: This program offers a jazz curriculum for students who play band and rhythm section instruments. We do not have a string program. Students must bring their own instrument, sticks and music to the audition. Be prepared to play a scale and selection of music from a book or solo of your own choice, and sight-read. You will complete a questionnaire, interview, and take a simple test for musical aptitude. Be prepared to write an essay explaining why you want to attend FHSA. VOCAL MUSIC: Perform a prepared song from the following list: Amazing Grace, Simple Gifts, Shenandoah, My Favorite Things, God Bless America, Happy Birthday and Somewhere without CD/piano accompaniment. Applicants will also be evaluated on tonal memory, rhythmic and aural skills, and vocal technique through teacher-led vocal exercises. Be prepared to write an essay explaining why you want to attend FHSA. VISUAL ART: Prepare and present a portfolio of at least three pieces of original work drawn from real-life observations (one self-portrait, one still-life or landscape and one student\u0092s choice). Students are required to complete one detailed, shaded drawing from observation during the audition. Be prepared to write an essay explaining why you want to attend FHSA.", 1722], ["All auditioning students should be prepared to partake in a brief interview. Singers: Come prepared to sing a 1-2 minute song of your choice in any style that demonstrates your vocal range (Hip-Hop is not acceptable). Student should be prepared to perform a capella. Dancers: Come prepared to dance in proper attire (leotard and tights). Please bring a CD or MP3 with a prepared 1-2 minute solo (Hip-Hop is not acceptable). Instrumentalists: Be prepared to play a 1-2 minute solo selection or a solo excerpt from a concert or jazz band composition. Actors: Be prepared to recite a short 1-2 minute monologue from memory. You will be asked to do a cold reading with another drama student or evaluator. Visual Artists: Bring a portfolio of your work related to costume and set design; 3-dimensional models and actual costumes are acceptable.", 839], ["1) Art, Illustration & Graphics: Submit 5 pieces of original art work; this art work can be submitted either online on the school\u0092s website (www.fashionhighschool.net) or in person at one of the Open House/Audition dates listed. 2) Fashion Design: Submit 5 original fashion illustrations; these fashion illustrations can be submitted either online on the school\u0092s website (www.fashionhighschool.net) or in person at one of the Open House/Audition dates listed,. 3) Business and Visual Merchandising: Submit a 200-word essay describing a student\u0092s favorite store to shop and a visual advertisement for this store; this essay and advertisement can be submitted either online on the school\u0092s website (www.fashionhighschool.net) or in person at one of the Open House/Audition dates listed.", 785], ["Selection Criteria \u0095 English (85-100), Math (85-100), Social Studies (85-100), Science (85-100) \u0095 Standardized Test Scores: Math Level(s) 3-4, English Language Arts Level(s) 3-4 \u0095 Interview Audition Information: All students wishing to be considered for admission to Special Music School must register online for an audition. Registration for the audition will begin on October 7, 2013 via the school\u0092s website at www.kaufman-center.org/sms. Students can find specific audition requirements on the school\u0092s website. Students who pass the requirements of the audition will be invited to interview. Students who qualify for the interview will be notified by email.", 662], ["Each applicant will be required to act, sing and dance at this audition. Please prepare the following: Acting: Present a one-minute memorized monologue (comedic or dramatic) from a published play. Singing: Present 32 bars of a memorized Broadway song (age-appropriate) - an accompanist will be provided, so bring sheet music in the appropriate key. Dancing: Be prepared to learn a short theater dance combination - please wear clothing that allows for freedom of movement, as well as jazz shoes or sneakers.", 507]], "average_length": 278.45333333333326}]}, {"column_name": "seat_gr09", "number_non_empty_cells": 736, "number_empty_cells": 8, "number_distinct_values": 141, "frequent_values": [108, 81, 68, 100, 54], "dataTypes": [{"type": "INTEGER (LONG)", "count": 736, "max_value": 1300, "min_value": 10, "mean": 101.99456521739134, "stddev": 100.9578849604157}]}, {"column_name": "app_gr09", "number_non_empty_cells": 669, "number_empty_cells": 75, "number_distinct_values": 534, "frequent_values": [256, 116, 183, 201, 442], "dataTypes": [{"type": "INTEGER (LONG)", "count": 669, "max_value": 23408, "min_value": 2, "mean": 973.3751868460376, "stddev": 2206.1594949667256}]}, {"column_name": "seat_gr10", "number_non_empty_cells": 744, "number_empty_cells": 0, "number_distinct_values": 28, "frequent_values": ["None", "10", "5", "Zoned", "20"], "dataTypes": [{"type": "INTEGER (LONG)", "count": 404, "max_value": 50, "min_value": 0, "mean": 10.34405940594059, "stddev": 7.272145376208355}, {"type": "TEXT", "count": 340, "shortest_values": [["None", 4], ["None", 4], ["None", 4], ["None", 4], ["None", 4]], "longest_values": [["seat_gr10", 9], ["Zoned", 5], ["Zoned", 5], ["Zoned", 5], ["Zoned", 5]], "average_length": 4.0970588235294105}]}, {"column_name": "app_gr10", "number_non_empty_cells": 744, "number_empty_cells": 0, "number_distinct_values": 129, "frequent_values": ["None", "Zoned", "4", "6", "16"], "dataTypes": [{"type": "INTEGER (LONG)", "count": 399, "max_value": 1237, "min_value": 0, "mean": 61.167919799498726, "stddev": 140.95721590334287}, {"type": "TEXT", "count": 345, "shortest_values": [["None", 4], ["None", 4], ["None", 4], ["None", 4], ["None", 4]], "longest_values": [["New Program", 11], ["New Program", 11], ["New Program", 11], ["New Program", 11], ["New Program", 11]], "average_length": 4.214492753623189}]}, {"column_name": "req1", "number_non_empty_cells": 205, "number_empty_cells": 539, "number_distinct_values": 29, "frequent_values": ["Review of Attendance & Punctuality", "Writing Sample", "Open only to New York City residents living in the United States four years or fewer who are English Language Learners per New York City Department of Education guidelines scoring at the Beginner or Intermediate level on the NYSESLAT or LAB-R.", "Admission to this Specialized High School is based solely on the score obtained on the Specialized High Schools Admission Test (SHSAT). Students should speak to their guidance counselors in the Fall to register for the SHSAT. Guidance counselors will provide each student with an Admission Ticket indicating the date, location and time of the SHSAT. The ticket must be presented at the test site. Students should inform their guidance counselor if they are unable to test on the day assigned.", "\u0095 Open only to New York City residents who have lived in the United States four years or fewer, whose home language is Spanish and are of limited English proficiency."], "dataTypes": [{"type": "TEXT", "count": 205, "shortest_values": [["req1", 4], ["Interview", 9], ["Writing Sample", 14], ["Writing Sample", 14], ["Writing Sample", 14]], "longest_values": [["Admission to this Specialized High School is based solely on the score obtained on the Specialized High Schools Admission Test (SHSAT). Students should speak to their guidance counselors in the Fall to register for the SHSAT. Guidance counselors will provide each student with an Admission Ticket indicating the date, location and time of the SHSAT. The ticket must be presented at the test site. Students should inform their guidance counselor if they are unable to test on the day assigned.", 492], ["Admission to this Specialized High School is based solely on the score obtained on the Specialized High Schools Admission Test (SHSAT). Students should speak to their guidance counselors in the Fall to register for the SHSAT. Guidance counselors will provide each student with an Admission Ticket indicating the date, location and time of the SHSAT. The ticket must be presented at the test site. Students should inform their guidance counselor if they are unable to test on the day assigned.", 492], ["Admission to this Specialized High School is based solely on the score obtained on the Specialized High Schools Admission Test (SHSAT). Students should speak to their guidance counselors in the Fall to register for the SHSAT. Guidance counselors will provide each student with an Admission Ticket indicating the date, location and time of the SHSAT. The ticket must be presented at the test site. Students should inform their guidance counselor if they are unable to test on the day assigned.", 492], ["Admission to this Specialized High School is based solely on the score obtained on the Specialized High Schools Admission Test (SHSAT). Students should speak to their guidance counselors in the Fall to register for the SHSAT. Guidance counselors will provide each student with an Admission Ticket indicating the date, location and time of the SHSAT. The ticket must be presented at the test site. Students should inform their guidance counselor if they are unable to test on the day assigned.", 492], ["Admission to this Specialized High School is based solely on the score obtained on the Specialized High Schools Admission Test (SHSAT). Students should speak to their guidance counselors in the Fall to register for the SHSAT. Guidance counselors will provide each student with an Admission Ticket indicating the date, location and time of the SHSAT. The ticket must be presented at the test site. Students should inform their guidance counselor if they are unable to test on the day assigned.", 492]], "average_length": 71.84878048780489}]}, {"column_name": "req2", "number_non_empty_cells": 70, "number_empty_cells": 674, "number_distinct_values": 31, "frequent_values": ["Review of Attendance & Punctuality", "Interview", "Writing Sample", "Special consideration will be given to students who participate and complete the Open House activities.", "School-based qualifying exam: Interested candidataes for 9th and 10th grade must take our school-based qualifying exam. See our website www.nestmk12.net for exam dates and to register."], "dataTypes": [{"type": "TEXT", "count": 70, "shortest_values": [["req2", 4], ["Interview", 9], ["Interview", 9], ["Interview", 9], ["Interview", 9]], "longest_values": [["Please note: Due to the educational program, consideration is given to encouraging cultural and linguistic diversity. When evaluating applicants, International High School at LaGuardia Community College seeks to build an incoming 9th grade class that is representative of students from all parts of the world.", 309], ["Please note: Due to the educational program, consideration is given to encouraging cultural and linguistic diversity. When evaluating applicants, International High School at Prospect Heights seeks to build an incoming 9th grade class that is representative of students from all parts of the world.", 298], ["Please note: Due to the educational program, consideration is given to encouraging cultural and linguistic diversity. When evaluating applicants, International High School at Union Square seeks to build an incoming 9th grade class that is representative of students from all parts of the world.", 294], ["Please note: Due to the educational program, consideration is given to encouraging cultural and linguistic diversity. When evaluating applicants, International High School at Lafayette seeks to build an incoming 9th grade class that is representative of students from all parts of the world.", 291], ["Please note: Due to the educational program, consideration is given to encouraging cultural and linguistic diversity. When evaluating applicants, Manhattan International High School seeks to build an incoming 9th grade class that is representative of students from all parts of the world.", 288]], "average_length": 77.71428571428572}]}, {"column_name": "req3", "number_non_empty_cells": 21, "number_empty_cells": 723, "number_distinct_values": 8, "frequent_values": ["Interview", "Writing Sample", "Review of Attendance & Punctuality", "Essay", "req3"], "dataTypes": [{"type": "TEXT", "count": 21, "shortest_values": [["req3", 4], ["Essay", 5], ["Interview", 9], ["Interview", 9], ["Interview", 9]], "longest_values": [["New York City resident living in this country four years or fewer of limited English proficiency", 96], ["Review of Attendance and Punctuality", 36], ["Review of Attendance & Punctuality", 34], ["Review of Attendance & Punctuality", 34], ["Writing Sample", 14]], "average_length": 17.80952380952381}]}, {"column_name": "req4", "number_non_empty_cells": 3, "number_empty_cells": 741, "number_distinct_values": 4, "frequent_values": ["req4", "Student/Parent Interview", "Students seeking admission to Beacon must schedule an interview with Beacon faculty.", null], "dataTypes": [{"type": "TEXT", "count": 3, "shortest_values": [["req4", 4], ["Student/Parent Interview", 24], ["Students seeking admission to Beacon must schedule an interview with Beacon faculty.", 84]], "longest_values": [["Students seeking admission to Beacon must schedule an interview with Beacon faculty.", 84], ["Student/Parent Interview", 24], ["req4", 4]], "average_length": 37.333333333333336}]}, {"column_name": "req5", "number_non_empty_cells": 2, "number_empty_cells": 742, "number_distinct_values": 3, "frequent_values": ["req5", "Portfolio", null], "dataTypes": [{"type": "TEXT", "count": 2, "shortest_values": [["req5", 4], ["Portfolio", 9]], "longest_values": [["Portfolio", 9], ["req5", 4]], "average_length": 6.5}]}]}