{"dataset_name": "/user/hm74/NYCOpenData/by8q-dp62.tsv.gz", "columns": [{"column_name": "Borough", "number_non_empty_cells": 1022, "number_empty_cells": 0, "number_distinct_values": 5, "frequent_values": ["Bronx", "Queens", "Brooklyn", "Manhattan", "Staten Is"], "dataTypes": [{"type": "TEXT", "count": 1022, "shortest_values": [["Bronx", 5], ["Bronx", 5], ["Bronx", 5], ["Bronx", 5], ["Bronx", 5]], "longest_values": [["Manhattan", 9], ["Manhattan", 9], ["Manhattan", 9], ["Manhattan", 9], ["Manhattan", 9]], "average_length": 7.318003913894324}]}, {"column_name": "Grade_Level", "number_non_empty_cells": 1022, "number_empty_cells": 0, "number_distinct_values": 10, "frequent_values": ["K-8 SC", "6", "4", "5", "8"], "dataTypes": [{"type": "INTEGER (LONG)", "count": 807, "max_value": 8, "min_value": 1, "mean": 4.517967781908302, "stddev": 2.2860737452511355}, {"type": "TEXT", "count": 215, "shortest_values": [["K", 1], ["K", 1], ["K", 1], ["K", 1], ["K", 1]], "longest_values": [["K-8 SC", 6], ["K-8 SC", 6], ["K-8 SC", 6], ["K-8 SC", 6], ["K-8 SC", 6]], "average_length": 4.093023255813953}]}, {"column_name": "Program_Type", "number_non_empty_cells": 1022, "number_empty_cells": 0, "number_distinct_values": 7, "frequent_values": ["Gen Ed/ICT/G&T", "SC 12:1:1", "SC 12:1", "SC 8:1:1", "SC 15:1"], "dataTypes": [{"type": "TEXT", "count": 1022, "shortest_values": [["SC 12:1", 7], ["SC 12:1", 7], ["SC 12:1", 7], ["SC 12:1", 7], ["SC 12:1", 7]], "longest_values": [["Gen Ed/ICT/G&T", 14], ["Gen Ed/ICT/G&T", 14], ["Gen Ed/ICT/G&T", 14], ["Gen Ed/ICT/G&T", 14], ["Gen Ed/ICT/G&T", 14]], "average_length": 13.221135029354208}]}, {"column_name": "Class_Size", "number_non_empty_cells": 1022, "number_empty_cells": 0, "number_distinct_values": 33, "frequent_values": ["22", "26", "27", "29", "25"], "dataTypes": [{"type": "INTEGER (LONG)", "count": 943, "max_value": 34, "min_value": 6, "mean": 22.591728525980944, "stddev": 7.080046452935088}, {"type": "TEXT", "count": 79, "shortest_values": [["<15", 3], ["<15", 3], [">34", 3], ["<15", 3], [">34", 3]], "longest_values": [["<15", 3], ["<15", 3], [">34", 3], ["<15", 3], [">34", 3]], "average_length": 3.0}]}, {"column_name": "Number_of_Students", "number_non_empty_cells": 1022, "number_empty_cells": 0, "number_distinct_values": 519, "frequent_values": [68, 30, 48, 34, 126], "dataTypes": [{"type": "INTEGER (LONG)", "count": 1022, "max_value": 5340, "min_value": 2, "mean": 595.3483365949129, "stddev": 689.0002286362712}]}, {"column_name": "Number_of_Classes", "number_non_empty_cells": 1022, "number_empty_cells": 0, "number_distinct_values": 111, "frequent_values": [1, 2, 4, 3, 5], "dataTypes": [{"type": "INTEGER (LONG)", "count": 1022, "max_value": 209, "min_value": 1, "mean": 25.65851272015655, "stddev": 27.438774058956202}]}, {"column_name": "%_of_Students_within_Grade", "number_non_empty_cells": 1022, "number_empty_cells": 0, "number_distinct_values": 200, "frequent_values": [0.3, 0.8, 0.9, 0.7, 0.5], "dataTypes": [{"type": "REAL", "count": 1022, "max_value": 100.0, "min_value": 0.1, "mean": 6.457729941291591, "stddev": 8.575022546709661}]}]}