{"dataset_name": "/user/hm74/NYCOpenData/bzjf-rmtp.tsv.gz", "columns": [{"column_name": "Solicitation Number", "number_non_empty_cells": 40, "number_empty_cells": 0, "number_distinct_values": 29, "frequent_values": ["20-00010R", "18-00041R", "19-00001R", "19-00069R", "19-00036R"], "dataTypes": [{"type": "TEXT", "count": 40, "shortest_values": [["15-00031R", 9], ["18-00041R", 9], ["18-00041R", 9], ["19-00001R", 9], ["19-00001R", 9]], "longest_values": [["18-00031R ", 10], ["15-00031R", 9], ["18-00041R", 9], ["18-00041R", 9], ["19-00001R", 9]], "average_length": 9.025}]}, {"column_name": "Department", "number_non_empty_cells": 40, "number_empty_cells": 0, "number_distinct_values": 19, "frequent_values": ["Architecture & Engineering", "SCA-Wide", "LGL", "CM", "D&C"], "dataTypes": [{"type": "TEXT", "count": 40, "shortest_values": [["IT", 2], ["IT", 2], ["CM", 2], ["CM", 2], ["CM", 2]], "longest_values": [["Environmental & Regulatory Compliance", 37], ["Administrative Services (ADMIN)", 31], ["Finance/Information Technology", 30], ["Administration Human Resources", 30], ["Architecture & Engineering", 26]], "average_length": 12.25}]}, {"column_name": "Services", "number_non_empty_cells": 40, "number_empty_cells": 0, "number_distinct_values": 29, "frequent_values": ["Real Estate Advisory Tenant Representative Services", "Capacity Services", "Exploratory Probe & Inspection", "HR SCA-Wide Contingent & Temporary Staffing Services", "Operations Risk Management & Insurance Administration"], "dataTypes": [{"type": "TEXT", "count": 40, "shortest_values": [["Cost Estimating", 15], ["Capacity Services", 17], ["Capacity Services", 17], ["Payroll Processing", 18], ["Messenger Services", 18]], "longest_values": [["Procurement & Implementation of Project Contract Management System", 66], ["Window, Door/Flood Barrier Testing and Moisture Scanning", 56], ["Operations Risk Management & Insurance Administration", 53], ["Operations Risk Management & Insurance Administration", 53], ["HR SCA-Wide Contingent & Temporary Staffing Services", 52]], "average_length": 39.35}]}, {"column_name": "Not-To-Exceed Award Amount per Contract", "number_non_empty_cells": 40, "number_empty_cells": 0, "number_distinct_values": 28, "frequent_values": ["TBD", "$6,000,000", "$5,000,000 ", "$1,500,000", "$3,000,000 "], "dataTypes": [{"type": "TEXT", "count": 40, "shortest_values": [["TBD", 3], ["TBD", 3], ["TBD", 3], ["TBD", 3], ["$60,000 ", 8]], "longest_values": [["$50,000,000 ", 12], ["$4,800,000 ", 11], ["$4,000,000 ", 11], ["$5,000,000 ", 11], ["$3,000,000 ", 11]], "average_length": 9.3}]}, {"column_name": "Number of Contract (s)", "number_non_empty_cells": 40, "number_empty_cells": 0, "number_distinct_values": 8, "frequent_values": ["1", "2", "3", "5", "TBD"], "dataTypes": [{"type": "INTEGER (LONG)", "count": 38, "max_value": 10, "min_value": 1, "mean": 2.5000000000000004, "stddev": 1.9834844406538177}, {"type": "TEXT", "count": 2, "shortest_values": [["TBD", 3], ["TBD", 3]], "longest_values": [["TBD", 3], ["TBD", 3]], "average_length": 3.0}]}, {"column_name": "Assigned Contract Negotiator ", "number_non_empty_cells": 40, "number_empty_cells": 0, "number_distinct_values": 10, "frequent_values": ["Roxane Pacheco", "June Thompson", "Sal DeVita", "Nowsheen Tarek", "Roxane Rodriguez"], "dataTypes": [{"type": "TEXT", "count": 40, "shortest_values": [["Sal DeVita", 10], ["Sal DeVita", 10], ["Sal DeVita", 10], ["Sal DeVita", 10], ["Sal DeVita", 10]], "longest_values": [["Christopher Confrey", 19], ["Christopher Confry", 18], ["Christopher Confry", 18], ["Diana Seoane Beiro", 18], ["Nereida Rodriguez", 17]], "average_length": 13.975}]}, {"column_name": "Assigned Contract Negotiator Email", "number_non_empty_cells": 40, "number_empty_cells": 0, "number_distinct_values": 10, "frequent_values": ["rpacheco@nycsca.org", "jthompson@nycsca.org", "sdevita@nycsca.org", "cconfrey@nycsca.org", "ntarek@nycsca.org"], "dataTypes": [{"type": "TEXT", "count": 40, "shortest_values": [["ntaek@nycsca.org", 16], ["ntarek@nycsca.org", 17], ["ntarek@nycsca.org", 17], ["ntarek@nycsca.org", 17], ["ntarek@nycsca.org", 17]], "longest_values": [["nrodriguez@nycsca.org", 21], ["nrodriguez@nycsca.org", 21], ["rrodriguez@nycsca.org", 21], ["rrodriguez@nycsca.org", 21], ["rrodriguez@nycsca.org", 21]], "average_length": 18.95}]}, {"column_name": "Due Date", "number_non_empty_cells": 40, "number_empty_cells": 0, "number_distinct_values": 25, "frequent_values": ["8/20/2019", "4/16/2018", "TBD", "2/15/2019", "8/10/2018"], "dataTypes": [{"type": "DATE/TIME", "count": 38, "max_value": "2019-09-27T00:00:00", "min_value": "2014-12-30T00:00:00"}, {"type": "TEXT", "count": 2, "shortest_values": [["TBD", 3], ["TBD", 3]], "longest_values": [["TBD", 3], ["TBD", 3]], "average_length": 3.0}]}, {"column_name": "Data as of Date", "number_non_empty_cells": 40, "number_empty_cells": 0, "number_distinct_values": 15, "frequent_values": ["1/7/2019", "4/2/2018", "3/19/2019", "8/6/2019", "8/3/2018"], "dataTypes": [{"type": "DATE/TIME", "count": 40, "max_value": "2019-09-13T00:00:00", "min_value": "2014-12-01T00:00:00"}]}]}