{"dataset_name": "/user/hm74/NYCOpenData/bzxi-2tsw.tsv.gz", "columns": [{"column_name": "Building_ID", "number_non_empty_cells": 1065, "number_empty_cells": 0, "number_distinct_values": 1065, "frequent_values": [19530, 29054, 44022, 65867, 338090], "dataTypes": [{"type": "INTEGER (LONG)", "count": 1065, "max_value": 977039, "min_value": 66, "mean": 189479.78028169027, "stddev": 191200.85958158917}]}, {"column_name": "BIN", "number_non_empty_cells": 1065, "number_empty_cells": 0, "number_distinct_values": 1065, "frequent_values": [2003173, 2014256, 3073959, 1064139, 3040894], "dataTypes": [{"type": "INTEGER (LONG)", "count": 1065, "max_value": 5112989, "min_value": 1001047, "mean": 2247919.1558685414, "stddev": 939211.1090764027}]}, {"column_name": "Street_Address", "number_non_empty_cells": 1047, "number_empty_cells": 18, "number_distinct_values": 1065, "frequent_values": ["2538 VALENTINE AVENUE", "32 PATCHEN AVENUE", "1715 WALTON AVENUE", "252 GREENE AVENUE", "505 MC DONALD AVENUE"], "dataTypes": [{"type": "TEXT", "count": 1065, "shortest_values": [["85 BOWERY", 9], ["105 3 PLACE", 11], ["940 1 AVENUE", 12], ["316 2 AVENUE", 12], ["643 2 AVENUE", 12]], "longest_values": [["2923 FREDERICK DOUGLASS BOULEVARD", 33], ["111 EAST MOSHOLU PARKWAY NORTH", 30], ["115 EAST MOSHOLU PARKWAY NORTH", 30], ["179 EAST MOSHOLU PARKWAY NORTH", 30], ["353 EAST MOSHOLU PARKWAY NORTH", 30]], "average_length": 18.39530516431926}]}, {"column_name": "Block", "number_non_empty_cells": 1065, "number_empty_cells": 0, "number_distinct_values": 698, "frequent_values": [1988, 2117, 2174, 2170, 2122], "dataTypes": [{"type": "INTEGER (LONG)", "count": 1065, "max_value": 15823, "min_value": 20, "mean": 2885.3812206572743, "stddev": 1966.7053031673277}]}, {"column_name": "Lot", "number_non_empty_cells": 1065, "number_empty_cells": 0, "number_distinct_values": 160, "frequent_values": [1, 8, 14, 11, 5], "dataTypes": [{"type": "INTEGER (LONG)", "count": 1065, "max_value": 7504, "min_value": 1, "mean": 99.7887323943662, "stddev": 647.4098624626332}]}, {"column_name": "Borocode", "number_non_empty_cells": 1065, "number_empty_cells": 0, "number_distinct_values": 5, "frequent_values": [3, 1, 2, 4, 5], "dataTypes": [{"type": "INTEGER (LONG)", "count": 1065, "max_value": 5, "min_value": 1, "mean": 2.1859154929577493, "stddev": 0.914766053057116}]}, {"column_name": "Borough", "number_non_empty_cells": 1064, "number_empty_cells": 1, "number_distinct_values": 6, "frequent_values": ["BROOKLYN", "MANHATTAN", "BRONX", "QUEENS", "STATEN IS"], "dataTypes": [{"type": "TEXT", "count": 1064, "shortest_values": [["BRONX", 5], ["BRONX", 5], ["BRONX", 5], ["BRONX", 5], ["BRONX", 5]], "longest_values": [["MANHATTAN", 9], ["MANHATTAN", 9], ["MANHATTAN", 9], ["MANHATTAN", 9], ["MANHATTAN", 9]], "average_length": 7.425751879699255}]}, {"column_name": "Postcode", "number_non_empty_cells": 1064, "number_empty_cells": 1, "number_distinct_values": 97, "frequent_values": [11237, 10032, 11207, 10458, 11221], "dataTypes": [{"type": "INTEGER (LONG)", "count": 1064, "max_value": 11691, "min_value": 10002, "mean": 10669.22932330828, "stddev": 524.3394717369077}]}, {"column_name": "Latitude", "number_non_empty_cells": 1064, "number_empty_cells": 1, "number_distinct_values": 1062, "frequent_values": [40.861871, 40.673728, 40.86236, 40.699093, 40.86322], "dataTypes": [{"type": "REAL", "count": 1064, "max_value": 40.897322, "min_value": 40.577468, "mean": 40.76600360808268, "stddev": 0.08440804604994025}]}, {"column_name": "Longitude", "number_non_empty_cells": 1064, "number_empty_cells": 1, "number_distinct_values": 1057, "frequent_values": [-73.942697, -73.950205, -73.936746, -73.915268, -73.913565], "dataTypes": [{"type": "REAL", "count": 1064, "max_value": -73.745484, "min_value": -74.124258, "mean": -73.92421752443602, "stddev": 0.03872015281604545}]}, {"column_name": "Community_Board", "number_non_empty_cells": 1064, "number_empty_cells": 1, "number_distinct_values": 54, "frequent_values": [112, 304, 207, 205, 303], "dataTypes": [{"type": "INTEGER (LONG)", "count": 1064, "max_value": 501, "min_value": 101, "mean": 226.04417293233098, "stddev": 90.31316091087973}]}, {"column_name": "Council_District", "number_non_empty_cells": 1064, "number_empty_cells": 1, "number_distinct_values": 46, "frequent_values": [37, 10, 7, 14, 15], "dataTypes": [{"type": "INTEGER (LONG)", "count": 1064, "max_value": 49, "min_value": 1, "mean": 22.453007518796987, "stddev": 13.913591099016095}]}, {"column_name": "Census_Tract", "number_non_empty_cells": 1064, "number_empty_cells": 1, "number_distinct_values": 345, "frequent_values": [253, 245, 429, 241, 269], "dataTypes": [{"type": "INTEGER (LONG)", "count": 1064, "max_value": 118201, "min_value": 6, "mean": 7684.489661654133, "stddev": 18644.893034368713}]}, {"column_name": "BBL", "number_non_empty_cells": 1064, "number_empty_cells": 1, "number_distinct_values": 1060, "frequent_values": [5000200008, 2028520014, 2032940002, 1021530068, 2024290019], "dataTypes": [{"type": "INTEGER (LONG)", "count": 1064, "max_value": 5005280043, "min_value": 1000530006, "mean": 2215891866.7659755, "stddev": 922577380.9224107}]}, {"column_name": "NTA_-_Neighborhood_Tabulation_Area", "number_non_empty_cells": 1064, "number_empty_cells": 1, "number_distinct_values": 105, "frequent_values": ["Bushwick North", "Washington Heights South", "Bushwick South", "Hamilton Heights", "Bedford Park-Fordham North"], "dataTypes": [{"type": "TEXT", "count": 1064, "shortest_values": [["Norwood", 7], ["Norwood", 7], ["Norwood", 7], ["Belmont", 7], ["Norwood", 7]], "longest_values": [["DUMBO-Vinegar Hill-Downtown Brooklyn-Boerum Hill", 48], ["DUMBO-Vinegar Hill-Downtown Brooklyn-Boerum Hill", 48], ["DUMBO-Vinegar Hill-Downtown Brooklyn-Boerum Hill", 48], ["DUMBO-Vinegar Hill-Downtown Brooklyn-Boerum Hill", 48], ["Sheepshead Bay-Gerritsen Beach-Manhattan Beach", 46]], "average_length": 18.17951127819548}]}]}