{"dataset_name": "/user/hm74/NYCOpenData/c3uy-2p5r.tsv.gz", "columns": [{"column_name": "indicator_data_id", "number_non_empty_cells": 2769, "number_empty_cells": 0, "number_distinct_values": 1809, "frequent_values": [131271, 131389, 130912, 130995, 131479], "dataTypes": [{"type": "INTEGER (LONG)", "count": 2769, "max_value": 154618, "min_value": 130355, "mean": 137315.47345612114, "stddev": 9540.646457733113}]}, {"column_name": "indicator_id", "number_non_empty_cells": 2769, "number_empty_cells": 0, "number_distinct_values": 24, "frequent_values": [661, 648, 659, 650, 651], "dataTypes": [{"type": "INTEGER (LONG)", "count": 2769, "max_value": 667, "min_value": 639, "mean": 651.9566630552541, "stddev": 7.486614986794767}]}, {"column_name": "name", "number_non_empty_cells": 2769, "number_empty_cells": 0, "number_distinct_values": 21, "frequent_values": ["O3-Attributable Asthma ED Visits", "PM2.5-Attributable Asthma ED Visits ", "O3-Attributable Asthma Hospitalizations ", "O3-Attributable Cardiac and Respiratory Deaths ", "PM2.5-Attributable Respiratory Hospitalizations (Adults 20 Yrs and Older)"], "dataTypes": [{"type": "TEXT", "count": 2769, "shortest_values": [["PM2.5-Attributable Deaths ", 26], ["PM2.5-Attributable Deaths ", 26], ["PM2.5-Attributable Deaths ", 26], ["PM2.5-Attributable Deaths ", 26], ["PM2.5-Attributable Deaths ", 26]], "longest_values": [["PM2.5-Attributable Cardiovascular Hospitalizations (Adults 40 Yrs and Older) ", 77], ["PM2.5-Attributable Cardiovascular Hospitalizations (Adults 40 Yrs and Older) ", 77], ["PM2.5-Attributable Cardiovascular Hospitalizations (Adults 40 Yrs and Older) ", 77], ["PM2.5-Attributable Cardiovascular Hospitalizations (Adults 40 Yrs and Older) ", 77], ["PM2.5-Attributable Cardiovascular Hospitalizations (Adults 40 Yrs and Older) ", 77]], "average_length": 47.62441314553988}]}, {"column_name": "Measure", "number_non_empty_cells": 2769, "number_empty_cells": 0, "number_distinct_values": 9, "frequent_values": ["Rate- 18 Yrs and Older", "Rate- Children 0 to 17 Yrs Old", "Average Concentration", "Per 100 km2", "Rate"], "dataTypes": [{"type": "TEXT", "count": 2769, "shortest_values": [["Rate", 4], ["Rate", 4], ["Rate", 4], ["Rate", 4], ["Rate", 4]], "longest_values": [["Rate- Children 0 to 17 Yrs Old", 30], ["Rate- Children 0 to 17 Yrs Old", 30], ["Rate- Children 0 to 17 Yrs Old", 30], ["Rate- Children 0 to 17 Yrs Old", 30], ["Rate- Children 0 to 17 Yrs Old", 30]], "average_length": 21.40086673889485}]}, {"column_name": "geo_type_name", "number_non_empty_cells": 2769, "number_empty_cells": 0, "number_distinct_values": 4, "frequent_values": ["UHF42", "Borough", "CD", "Citywide"], "dataTypes": [{"type": "TEXT", "count": 2769, "shortest_values": [["CD", 2], ["CD", 2], ["CD", 2], ["CD", 2], ["CD", 2]], "longest_values": [["Citywide", 8], ["Citywide", 8], ["Citywide", 8], ["Citywide", 8], ["Citywide", 8]], "average_length": 5.061755146262199}]}, {"column_name": "geo_entity_id", "number_non_empty_cells": 2769, "number_empty_cells": 0, "number_distinct_values": 65, "frequent_values": [1, 501, 211, 101, 210], "dataTypes": [{"type": "INTEGER (LONG)", "count": 2769, "max_value": 504, "min_value": 1, "mean": 254.4723726977251, "stddev": 147.3232162971407}]}, {"column_name": "geo_entity_name", "number_non_empty_cells": 2769, "number_empty_cells": 0, "number_distinct_values": 99, "frequent_values": ["Sunset Park", "Upper East Side", "East Harlem", "Washington Heights", "Fresh Meadows"], "dataTypes": [{"type": "TEXT", "count": 2769, "shortest_values": [["Bronx", 5], ["Bronx", 5], ["Bronx", 5], ["Bronx", 5], ["Bronx", 5]], "longest_values": [["Central Harlem - Morningside Heights", 36], ["Central Harlem - Morningside Heights", 36], ["Central Harlem - Morningside Heights", 36], ["Central Harlem - Morningside Heights", 36], ["Central Harlem - Morningside Heights", 36]], "average_length": 17.56771397616468}]}, {"column_name": "year_description", "number_non_empty_cells": 2769, "number_empty_cells": 0, "number_distinct_values": 57, "frequent_values": ["2009-2011", "2005-2007", "2005", "Annual Average 2009-2010", "2013"], "dataTypes": [{"type": "INTEGER (LONG)", "count": 408, "max_value": 2013, "min_value": 2005, "mean": 2007.8235294117635, "stddev": 3.823076896298894}, {"type": "TEXT", "count": 2361, "shortest_values": [[" SOHO", 5], [" SOHO", 5], [" SOHO", 5], [" Rugby", 6], [" Rugby", 6]], "longest_values": [["2-Year Winter Average 2009-2010", 31], ["2-Year Winter Average 2009-2010", 31], ["2-Year Winter Average 2009-2010", 31], ["2-Year Winter Average 2009-2010", 31], ["2-Year Winter Average 2009-2010", 31]], "average_length": 11.142312579415501}]}, {"column_name": "data_valuemessage", "number_non_empty_cells": 2736, "number_empty_cells": 33, "number_distinct_values": 684, "frequent_values": [2005.0, 2.8, 4.2, 3.2, 4.0], "dataTypes": [{"type": "REAL", "count": 2736, "max_value": 2005.0, "min_value": 0.0, "mean": 122.96304824561402, "stddev": 405.71379721882744}]}]}