{"dataset_name": "/user/hm74/NYCOpenData/c3ya-2ywy.tsv.gz", "columns": [{"column_name": "DBN_", "number_non_empty_cells": 1861, "number_empty_cells": 0, "number_distinct_values": 672, "frequent_values": ["31R700", "20K700", "10X700", "28Q700", "30Q700"], "dataTypes": [{"type": "DATE/TIME", "count": 26, "max_value": "2019-12-08T00:06:48", "min_value": "2019-12-08T00:01:15"}, {"type": "TEXT", "count": 1835, "shortest_values": [["01M063", 6], ["01M064", 6], ["01M110", 6], ["01M134", 6], ["01M137", 6]], "longest_values": [["The 47 American Sign Language English Lower School\"", 51], ["01M063", 6], ["01M064", 6], ["01M110", 6], ["01M134", 6]], "average_length": 6.024523160762947}]}, {"column_name": "Site_ID", "number_non_empty_cells": 1858, "number_empty_cells": 3, "number_distinct_values": 1861, "frequent_values": ["02M042", "MAYL", "08X093", "XATC", "XAOX"], "dataTypes": [{"type": "DATE/TIME", "count": 26, "max_value": "2019-12-08T00:06:48", "min_value": "2019-12-08T00:01:15"}, {"type": "TEXT", "count": 1835, "shortest_values": [["MAOZ", 4], ["MBKU", 4], ["MAZS", 4], ["MAZB", 4], ["MAXZ", 4]], "longest_values": [["2015-16", 7], ["01M063", 6], ["01M064", 6], ["01M110", 6], ["01M134", 6]], "average_length": 4.65340599455041}]}, {"column_name": "Site_Name", "number_non_empty_cells": 1848, "number_empty_cells": 13, "number_distinct_values": 1807, "frequent_values": ["Trabajamos Community Head Start", "Mi Nuevo Mundo", "JEWISH COMMUNITY CENTER OF STATEN ISLAND", "Ivy League Early Learning Academy", "New Covenant Christian School"], "dataTypes": [{"type": "INTEGER (LONG)", "count": 1, "max_value": 60, "min_value": 60, "mean": 60.0, "stddev": 0.0}, {"type": "TEXT", "count": 1860, "shortest_values": [["\"", 1], ["YDE", 3], ["ICCD", 4], ["ICCD", 4], ["FOCH", 4]], "longest_values": [["Dimitrios & Georgia Kaloidis Parichol School of Holy Cross Greek Orthodox Church", 80], ["Ella Baker Charles Romain Child Development Center of Medgar Evers College", 74], ["P.S./I.S. 210 - Twenty-first Century Academy for Community Leadership", 69], ["Phipps Neighborhoods-Roscoe C. Brown Early Childhood Education Center", 69], ["Bethel Mission Station Church / Bethel Mission Loving Day CAre Center", 69]], "average_length": 26.456989247311846}]}, {"column_name": "Year", "number_non_empty_cells": 1860, "number_empty_cells": 1, "number_distinct_values": 3, "frequent_values": ["2015-16", "25", null], "dataTypes": [{"type": "INTEGER (LONG)", "count": 1, "max_value": 25, "min_value": 25, "mean": 25.0, "stddev": 0.0}, {"type": "TEXT", "count": 1859, "shortest_values": [["2015-16", 7], ["2015-16", 7], ["2015-16", 7], ["2015-16", 7], ["2015-16", 7]], "longest_values": [["2015-16", 7], ["2015-16", 7], ["2015-16", 7], ["2015-16", 7], ["2015-16", 7]], "average_length": 7.0}]}, {"column_name": "Total_Pre-K_Enrollment_(Half_Day_&_Full_Day)", "number_non_empty_cells": 1860, "number_empty_cells": 1, "number_distinct_values": 127, "frequent_values": ["36", "18", "20", "35", "40"], "dataTypes": [{"type": "INTEGER (LONG)", "count": 1837, "max_value": 484, "min_value": 6, "mean": 38.58845944474684, "stddev": 26.623331553042874}, {"type": "REAL", "count": 1, "max_value": 0.4166666666666667, "min_value": 0.4166666666666667, "mean": 0.4166666666666667, "stddev": 0.0}, {"type": "TEXT", "count": 22, "shortest_values": [["s", 1], ["s", 1], ["s", 1], ["s", 1], ["s", 1]], "longest_values": [["s", 1], ["s", 1], ["s", 1], ["s", 1], ["s", 1]], "average_length": 1.0}]}, {"column_name": "#Female", "number_non_empty_cells": 1860, "number_empty_cells": 1, "number_distinct_values": 69, "frequent_values": ["s", "9", "8", "18", "20"], "dataTypes": [{"type": "INTEGER (LONG)", "count": 1618, "max_value": 254, "min_value": 6, "mean": 21.022249690976516, "stddev": 14.05052684791687}, {"type": "TEXT", "count": 242, "shortest_values": [["s", 1], ["s", 1], ["s", 1], ["s", 1], ["s", 1]], "longest_values": [["s", 1], ["s", 1], ["s", 1], ["s", 1], ["s", 1]], "average_length": 1.0}]}, {"column_name": "%Female", "number_non_empty_cells": 1860, "number_empty_cells": 1, "number_distinct_values": 432, "frequent_values": ["s", "0.5", "0.5555555555555556", "0.4444444444444444", "0.6"], "dataTypes": [{"type": "REAL", "count": 1618, "max_value": 0.7857142857142857, "min_value": 0.23333333333333334, "mean": 0.5055901798000842, "stddev": 0.08165210399819543}, {"type": "TEXT", "count": 242, "shortest_values": [["s", 1], ["s", 1], ["s", 1], ["s", 1], ["s", 1]], "longest_values": [["s", 1], ["s", 1], ["s", 1], ["s", 1], ["s", 1]], "average_length": 1.0}]}, {"column_name": "#Male", "number_non_empty_cells": 1860, "number_empty_cells": 1, "number_distinct_values": 71, "frequent_values": ["s", "9", "16", "15", "11"], "dataTypes": [{"type": "INTEGER (LONG)", "count": 1617, "max_value": 230, "min_value": 6, "mean": 20.43042671614102, "stddev": 13.374359185212155}, {"type": "TEXT", "count": 243, "shortest_values": [["s", 1], ["s", 1], ["s", 1], ["s", 1], ["s", 1]], "longest_values": [["s", 1], ["s", 1], ["s", 1], ["s", 1], ["s", 1]], "average_length": 1.0}]}, {"column_name": "%Male", "number_non_empty_cells": 1860, "number_empty_cells": 1, "number_distinct_values": 432, "frequent_values": ["s", "0.5", "0.4444444444444444", "0.5555555555555556", "0.4"], "dataTypes": [{"type": "REAL", "count": 1617, "max_value": 0.7666666666666667, "min_value": 0.21428571428571427, "mean": 0.49445789883537344, "stddev": 0.08165444935408048}, {"type": "TEXT", "count": 243, "shortest_values": [["s", 1], ["s", 1], ["s", 1], ["s", 1], ["s", 1]], "longest_values": [["s", 1], ["s", 1], ["s", 1], ["s", 1], ["s", 1]], "average_length": 1.0}]}, {"column_name": "#Asian", "number_non_empty_cells": 1860, "number_empty_cells": 1, "number_distinct_values": 66, "frequent_values": ["s", "6", "8", "7", "10"], "dataTypes": [{"type": "INTEGER (LONG)", "count": 473, "max_value": 104, "min_value": 6, "mean": 19.85623678646935, "stddev": 16.283185279180163}, {"type": "TEXT", "count": 1387, "shortest_values": [["s", 1], ["s", 1], ["s", 1], ["s", 1], ["s", 1]], "longest_values": [["s", 1], ["s", 1], ["s", 1], ["s", 1], ["s", 1]], "average_length": 1.0}]}, {"column_name": "%Asian", "number_non_empty_cells": 1860, "number_empty_cells": 1, "number_distinct_values": 299, "frequent_values": ["s", "1", "0.5", "0.6666666666666666", "0.2222222222222222"], "dataTypes": [{"type": "INTEGER (LONG)", "count": 11, "max_value": 1, "min_value": 1, "mean": 1.0, "stddev": 0.0}, {"type": "REAL", "count": 462, "max_value": 0.9904761904761905, "min_value": 0.05, "mean": 0.4429393079259934, "stddev": 0.2569287500046123}, {"type": "TEXT", "count": 1387, "shortest_values": [["s", 1], ["s", 1], ["s", 1], ["s", 1], ["s", 1]], "longest_values": [["s", 1], ["s", 1], ["s", 1], ["s", 1], ["s", 1]], "average_length": 1.0}]}, {"column_name": "#Black", "number_non_empty_cells": 1860, "number_empty_cells": 1, "number_distinct_values": 65, "frequent_values": ["s", "7", "8", "6", "9"], "dataTypes": [{"type": "INTEGER (LONG)", "count": 797, "max_value": 135, "min_value": 6, "mean": 19.60476787954835, "stddev": 14.006742500868762}, {"type": "TEXT", "count": 1063, "shortest_values": [["s", 1], ["s", 1], ["s", 1], ["s", 1], ["s", 1]], "longest_values": [["s", 1], ["s", 1], ["s", 1], ["s", 1], ["s", 1]], "average_length": 1.0}]}, {"column_name": "%Black", "number_non_empty_cells": 1860, "number_empty_cells": 1, "number_distinct_values": 449, "frequent_values": ["s", "1", "0.6666666666666666", "0.5", "0.75"], "dataTypes": [{"type": "INTEGER (LONG)", "count": 17, "max_value": 1, "min_value": 1, "mean": 1.0, "stddev": 0.0}, {"type": "REAL", "count": 780, "max_value": 0.987012987012987, "min_value": 0.07352941176470588, "mean": 0.5326798861815016, "stddev": 0.2664205020149234}, {"type": "TEXT", "count": 1063, "shortest_values": [["s", 1], ["s", 1], ["s", 1], ["s", 1], ["s", 1]], "longest_values": [["s", 1], ["s", 1], ["s", 1], ["s", 1], ["s", 1]], "average_length": 1.0}]}, {"column_name": "#Hispanic", "number_non_empty_cells": 1860, "number_empty_cells": 1, "number_distinct_values": 88, "frequent_values": ["s", "6", "7", "10", "8"], "dataTypes": [{"type": "INTEGER (LONG)", "count": 1182, "max_value": 447, "min_value": 6, "mean": 21.85871404399323, "stddev": 21.388466562603707}, {"type": "TEXT", "count": 678, "shortest_values": [["s", 1], ["s", 1], ["s", 1], ["s", 1], ["s", 1]], "longest_values": [["s", 1], ["s", 1], ["s", 1], ["s", 1], ["s", 1]], "average_length": 1.0}]}, {"column_name": "%Hispanic", "number_non_empty_cells": 1860, "number_empty_cells": 1, "number_distinct_values": 560, "frequent_values": ["s", "0.5", "0.3333333333333333", "0.6666666666666666", "0.16666666666666666"], "dataTypes": [{"type": "INTEGER (LONG)", "count": 14, "max_value": 1, "min_value": 1, "mean": 1.0, "stddev": 0.0}, {"type": "REAL", "count": 1168, "max_value": 0.9850746268656716, "min_value": 0.0594059405940594, "mean": 0.500971798472073, "stddev": 0.23455875834964193}, {"type": "TEXT", "count": 678, "shortest_values": [["s", 1], ["s", 1], ["s", 1], ["s", 1], ["s", 1]], "longest_values": [["s", 1], ["s", 1], ["s", 1], ["s", 1], ["s", 1]], "average_length": 1.0}]}, {"column_name": "#Other", "number_non_empty_cells": 1860, "number_empty_cells": 1, "number_distinct_values": 15, "frequent_values": ["s", "6", "7", "9", "12"], "dataTypes": [{"type": "INTEGER (LONG)", "count": 50, "max_value": 43, "min_value": 6, "mean": 9.900000000000002, "stddev": 6.070420084310475}, {"type": "TEXT", "count": 1810, "shortest_values": [["s", 1], ["s", 1], ["s", 1], ["s", 1], ["s", 1]], "longest_values": [["s", 1], ["s", 1], ["s", 1], ["s", 1], ["s", 1]], "average_length": 1.0}]}, {"column_name": "%Other", "number_non_empty_cells": 1860, "number_empty_cells": 1, "number_distinct_values": 44, "frequent_values": ["s", "0.19444444444444445", "0.16666666666666666", "0.2", "0.11940298507462686"], "dataTypes": [{"type": "REAL", "count": 50, "max_value": 0.8775510204081632, "min_value": 0.026200873362445413, "mean": 0.19796906249087853, "stddev": 0.14187887220835113}, {"type": "TEXT", "count": 1810, "shortest_values": [["s", 1], ["s", 1], ["s", 1], ["s", 1], ["s", 1]], "longest_values": [["s", 1], ["s", 1], ["s", 1], ["s", 1], ["s", 1]], "average_length": 1.0}]}, {"column_name": "#White", "number_non_empty_cells": 1859, "number_empty_cells": 2, "number_distinct_values": 72, "frequent_values": ["s", "7", "8", "12", "10"], "dataTypes": [{"type": "INTEGER (LONG)", "count": 587, "max_value": 131, "min_value": 6, "mean": 21.524701873935253, "stddev": 16.68448523024741}, {"type": "TEXT", "count": 1272, "shortest_values": [["s", 1], ["s", 1], ["s", 1], ["s", 1], ["s", 1]], "longest_values": [["s", 1], ["s", 1], ["s", 1], ["s", 1], ["s", 1]], "average_length": 1.0}]}, {"column_name": "%White_", "number_non_empty_cells": 1859, "number_empty_cells": 2, "number_distinct_values": 313, "frequent_values": ["s", "1", "0.5", "0.3333333333333333", "0.6666666666666666"], "dataTypes": [{"type": "INTEGER (LONG)", "count": 66, "max_value": 1, "min_value": 1, "mean": 1.0, "stddev": 0.0}, {"type": "REAL", "count": 521, "max_value": 0.9875, "min_value": 0.046511627906976744, "mean": 0.4869150550079482, "stddev": 0.23014618443264157}, {"type": "TEXT", "count": 1272, "shortest_values": [["s", 1], ["s", 1], ["s", 1], ["s", 1], ["s", 1]], "longest_values": [["s", 1], ["s", 1], ["s", 1], ["s", 1], ["s", 1]], "average_length": 1.0}]}]}