{"dataset_name": "/user/hm74/NYCOpenData/c49b-3kmd.tsv.gz", "columns": [{"column_name": "Region", "number_non_empty_cells": 245, "number_empty_cells": 0, "number_distinct_values": 1, "frequent_values": ["Citywide"], "dataTypes": [{"type": "TEXT", "count": 245, "shortest_values": [["Citywide", 8], ["Citywide", 8], ["Citywide", 8], ["Citywide", 8], ["Citywide", 8]], "longest_values": [["Citywide", 8], ["Citywide", 8], ["Citywide", 8], ["Citywide", 8], ["Citywide", 8]], "average_length": 8.0}]}, {"column_name": "Supervision Caseload Type", "number_non_empty_cells": 245, "number_empty_cells": 0, "number_distinct_values": 7, "frequent_values": ["Pathways to Excellence Achievement and Knowledge", "General Supervision", "Enhanced Supervision Program", "Juvenile Justice Initiative", "Every Child Has An Opportunity To Excel And Succeed"], "dataTypes": [{"type": "TEXT", "count": 245, "shortest_values": [["IMPACT", 6], ["IMPACT", 6], ["IMPACT", 6], ["IMPACT", 6], ["IMPACT", 6]], "longest_values": [["Every Child Has An Opportunity To Excel And Succeed", 51], ["Every Child Has An Opportunity To Excel And Succeed", 51], ["Every Child Has An Opportunity To Excel And Succeed", 51], ["Every Child Has An Opportunity To Excel And Succeed", 51], ["Every Child Has An Opportunity To Excel And Succeed", 51]], "average_length": 29.142857142857128}]}, {"column_name": "Month", "number_non_empty_cells": 245, "number_empty_cells": 0, "number_distinct_values": 12, "frequent_values": ["July", "November", "February", "January", "March"], "dataTypes": [{"type": "DATE/TIME", "count": 245, "max_value": "2019-12-06T00:00:00", "min_value": "2019-01-06T00:00:00"}]}, {"column_name": "Year", "number_non_empty_cells": 245, "number_empty_cells": 0, "number_distinct_values": 4, "frequent_values": [2018, 2017, 2019, 2016], "dataTypes": [{"type": "INTEGER (LONG)", "count": 245, "max_value": 2019, "min_value": 2016, "mean": 2017.6285714285702, "stddev": 0.9284615319591091}]}, {"column_name": "Supervision Caseload Count", "number_non_empty_cells": 245, "number_empty_cells": 0, "number_distinct_values": 141, "frequent_values": [0, 67, 49, 38, 20], "dataTypes": [{"type": "INTEGER (LONG)", "count": 245, "max_value": 648, "min_value": 0, "mean": 138.31836734693871, "stddev": 178.9590896967504}]}]}