{"dataset_name": "/user/hm74/NYCOpenData/c5sh-m8tb.tsv.gz", "columns": [{"column_name": "Grade", "number_non_empty_cells": 84, "number_empty_cells": 0, "number_distinct_values": 7, "frequent_values": ["7", "3", "8", "5", "6"], "dataTypes": [{"type": "INTEGER (LONG)", "count": 72, "max_value": 8, "min_value": 3, "mean": 5.5, "stddev": 1.707825127659933}, {"type": "TEXT", "count": 12, "shortest_values": [["All Grades", 10], ["All Grades", 10], ["All Grades", 10], ["All Grades", 10], ["All Grades", 10]], "longest_values": [["All Grades", 10], ["All Grades", 10], ["All Grades", 10], ["All Grades", 10], ["All Grades", 10]], "average_length": 10.0}]}, {"column_name": "Year", "number_non_empty_cells": 84, "number_empty_cells": 0, "number_distinct_values": 6, "frequent_values": [2007, 2006, 2009, 2010, 2011], "dataTypes": [{"type": "INTEGER (LONG)", "count": 84, "max_value": 2011, "min_value": 2006, "mean": 2008.5, "stddev": 1.7078251276599474}]}, {"column_name": "Category", "number_non_empty_cells": 84, "number_empty_cells": 0, "number_distinct_values": 2, "frequent_values": ["Female", "Male"], "dataTypes": [{"type": "TEXT", "count": 84, "shortest_values": [["Male", 4], ["Male", 4], ["Male", 4], ["Male", 4], ["Male", 4]], "longest_values": [["Female", 6], ["Female", 6], ["Female", 6], ["Female", 6], ["Female", 6]], "average_length": 5.0}]}, {"column_name": "Number Tested", "number_non_empty_cells": 84, "number_empty_cells": 0, "number_distinct_values": 84, "frequent_values": [34061, 34602, 34569, 36112, 207503], "dataTypes": [{"type": "INTEGER (LONG)", "count": 84, "max_value": 228262, "min_value": 33538, "mean": 61464.238095238106, "stddev": 62795.73107943289}]}, {"column_name": "Mean Scale Score", "number_non_empty_cells": 84, "number_empty_cells": 0, "number_distinct_values": 37, "frequent_values": [670, 673, 675, 684, 685], "dataTypes": [{"type": "INTEGER (LONG)", "count": 84, "max_value": 691, "min_value": 637, "mean": 672.0119047619049, "stddev": 12.681533300357323}]}, {"column_name": "Level 1 #", "number_non_empty_cells": 84, "number_empty_cells": 0, "number_distinct_values": 84, "frequent_values": [19553, 3226, 2811, 10708, 2249], "dataTypes": [{"type": "INTEGER (LONG)", "count": 84, "max_value": 39088, "min_value": 314, "mean": 5797.238095238095, "stddev": 7098.860107387877}]}, {"column_name": "Level 1 %", "number_non_empty_cells": 84, "number_empty_cells": 0, "number_distinct_values": 69, "frequent_values": [12.9, 12.8, 8.4, 3.7, 9.3], "dataTypes": [{"type": "REAL", "count": 84, "max_value": 26.0, "min_value": 0.9, "mean": 9.322619047619048, "stddev": 5.004791779848307}]}, {"column_name": "Level 2 #", "number_non_empty_cells": 84, "number_empty_cells": 0, "number_distinct_values": 83, "frequent_values": [10874, 11694, 11487, 8429, 11941], "dataTypes": [{"type": "INTEGER (LONG)", "count": 84, "max_value": 77493, "min_value": 2310, "mean": 15814.452380952378, "stddev": 17486.161294554076}]}, {"column_name": "Level 2 %", "number_non_empty_cells": 84, "number_empty_cells": 0, "number_distinct_values": 67, "frequent_values": [35.6, 15.7, 35.5, 33.1, 26.4], "dataTypes": [{"type": "REAL", "count": 84, "max_value": 41.5, "min_value": 6.6, "mean": 25.646428571428583, "stddev": 9.196407766966757}]}, {"column_name": "Level 3 #", "number_non_empty_cells": 84, "number_empty_cells": 0, "number_distinct_values": 84, "frequent_values": [16234, 13022, 10295, 20287, 18147], "dataTypes": [{"type": "INTEGER (LONG)", "count": 84, "max_value": 119581, "min_value": 10295, "mean": 27131.90476190476, "stddev": 28682.193809557615}]}, {"column_name": "Level 3 %", "number_non_empty_cells": 84, "number_empty_cells": 0, "number_distinct_values": 75, "frequent_values": [51.1, 49.6, 32.3, 50.9, 45.0], "dataTypes": [{"type": "REAL", "count": 84, "max_value": 66.6, "min_value": 28.0, "mean": 44.20714285714286, "stddev": 9.785457938943376}]}, {"column_name": "Level 4 #", "number_non_empty_cells": 84, "number_empty_cells": 0, "number_distinct_values": 83, "frequent_values": [5034, 4230, 45211, 8755, 7935], "dataTypes": [{"type": "INTEGER (LONG)", "count": 84, "max_value": 55110, "min_value": 2615, "mean": 12720.642857142857, "stddev": 13369.278500889784}]}, {"column_name": "Level 4 %", "number_non_empty_cells": 84, "number_empty_cells": 0, "number_distinct_values": 68, "frequent_values": [23.9, 24.4, 25.3, 11.6, 8.0], "dataTypes": [{"type": "REAL", "count": 84, "max_value": 34.9, "min_value": 6.7, "mean": 20.826190476190472, "stddev": 6.099690059409714}]}, {"column_name": "Level 3+4 #", "number_non_empty_cells": 84, "number_empty_cells": 0, "number_distinct_values": 84, "frequent_values": [28124, 29075, 21373, 25673, 22130], "dataTypes": [{"type": "INTEGER (LONG)", "count": 84, "max_value": 174245, "min_value": 14411, "mean": 39852.54761904761, "stddev": 41628.00027236841}]}, {"column_name": "Level 3+4 %", "number_non_empty_cells": 84, "number_empty_cells": 0, "number_distinct_values": 76, "frequent_values": [54.7, 63.9, 58.7, 56.1, 61.5], "dataTypes": [{"type": "REAL", "count": 84, "max_value": 92.5, "min_value": 37.1, "mean": 65.03095238095234, "stddev": 13.13886434345935}]}]}