{"dataset_name": "/user/hm74/NYCOpenData/c5up-ki6j.tsv.gz", "columns": [{"column_name": "contract_id", "number_non_empty_cells": 3406, "number_empty_cells": 0, "number_distinct_values": 3406, "frequent_values": [148, 463, 471, 496, 833], "dataTypes": [{"type": "INTEGER (LONG)", "count": 3406, "max_value": 3406, "min_value": 1, "mean": 1703.5, "stddev": 983.2274660524898}]}, {"column_name": "organization_id", "number_non_empty_cells": 3406, "number_empty_cells": 0, "number_distinct_values": 845, "frequent_values": [140, 66, 23, 22, 24], "dataTypes": [{"type": "INTEGER (LONG)", "count": 3406, "max_value": 845, "min_value": 1, "mean": 275.74515560775103, "stddev": 221.2821555502481}]}, {"column_name": "agency_id", "number_non_empty_cells": 3406, "number_empty_cells": 0, "number_distinct_values": 6, "frequent_values": [260, 816, 125, 68, 69], "dataTypes": [{"type": "INTEGER (LONG)", "count": 3406, "max_value": 816, "min_value": 68, "mean": 360.68819729888503, "stddev": 288.99023529654147}]}, {"column_name": "agency_name", "number_non_empty_cells": 3406, "number_empty_cells": 0, "number_distinct_values": 6, "frequent_values": ["DYCD", "DOHMH", "DFTA", "ACS", "HRA"], "dataTypes": [{"type": "TEXT", "count": 3406, "shortest_values": [["HRA", 3], ["HRA", 3], ["HRA", 3], ["HRA", 3], ["HRA", 3]], "longest_values": [["DOHMH", 5], ["DOHMH", 5], ["DOHMH", 5], ["DOHMH", 5], ["DOHMH", 5]], "average_length": 4.052554315913095}]}, {"column_name": "service_id", "number_non_empty_cells": 3406, "number_empty_cells": 0, "number_distinct_values": 1908, "frequent_values": [516, 294, 667, 496, 206], "dataTypes": [{"type": "INTEGER (LONG)", "count": 3406, "max_value": 1908, "min_value": 1, "mean": 796.0425719318847, "stddev": 521.9108879811455}]}, {"column_name": "contract_amount", "number_non_empty_cells": 2986, "number_empty_cells": 420, "number_distinct_values": 1909, "frequent_values": [1080000.0, 1092000.0, 1318800.0, 1440000.0, 1296000.0], "dataTypes": [{"type": "REAL", "count": 2986, "max_value": 42456358.37, "min_value": 5000.0, "mean": 1451780.1765572678, "stddev": 2986027.4481508234}]}, {"column_name": "contract_end", "number_non_empty_cells": 3046, "number_empty_cells": 360, "number_distinct_values": 40, "frequent_values": ["06/30/2018", "06/30/2020", "06/30/2019", "11/30/2018", "08/31/2018"], "dataTypes": [{"type": "DATE/TIME", "count": 3046, "max_value": "2026-06-30T00:00:00", "min_value": "2016-09-30T00:00:00"}]}, {"column_name": "contract_start", "number_non_empty_cells": 3046, "number_empty_cells": 360, "number_distinct_values": 39, "frequent_values": ["07/01/2015", "07/01/2016", "07/01/2017", "09/01/2015", "07/01/2014"], "dataTypes": [{"type": "DATE/TIME", "count": 3046, "max_value": "2018-01-01T00:00:00", "min_value": "2014-07-01T00:00:00"}]}, {"column_name": "contract_number", "number_non_empty_cells": 3271, "number_empty_cells": 135, "number_distinct_values": 3077, "frequent_values": ["CT178120181408927", "CT181620161401265", "CT181620180001833", "CT181620170002387", "CT181620170002086"], "dataTypes": [{"type": "TEXT", "count": 3271, "shortest_values": [["17-LSN-713", 10], ["11-FNS-520", 10], ["11-SNS-520", 10], ["11-TCC-520", 10], ["12-EIP-520", 10]], "longest_values": [["FMS doc ID pending registration", 31], ["CT106920171409395", 17], ["CT106920171413068", 17], ["CT106920150002542", 17], ["CT106920161416161", 17]], "average_length": 16.18801589727909}]}, {"column_name": "fiscal_year", "number_non_empty_cells": 3405, "number_empty_cells": 1, "number_distinct_values": 3, "frequent_values": ["FY2018", "FY2017", null], "dataTypes": [{"type": "TEXT", "count": 3405, "shortest_values": [["FY2018", 6], ["FY2018", 6], ["FY2018", 6], ["FY2018", 6], ["FY2018", 6]], "longest_values": [["FY2018", 6], ["FY2018", 6], ["FY2018", 6], ["FY2018", 6], ["FY2018", 6]], "average_length": 6.0}]}]}