{"dataset_name": "/user/hm74/NYCOpenData/ca93-s2tg.tsv.gz", "columns": [{"column_name": "DBN", "number_non_empty_cells": 603, "number_empty_cells": 0, "number_distinct_values": 18, "frequent_values": ["07X520", "02M625", "14K322", "14K330", "22K495"], "dataTypes": [{"type": "TEXT", "count": 603, "shortest_values": [["02M625", 6], ["02M625", 6], ["02M625", 6], ["02M625", 6], ["02M625", 6]], "longest_values": [["02M625", 6], ["02M625", 6], ["02M625", 6], ["02M625", 6], ["02M625", 6]], "average_length": 6.0}]}, {"column_name": "Category Type", "number_non_empty_cells": 603, "number_empty_cells": 0, "number_distinct_values": 6, "frequent_values": ["To School", "Discharge", "Attendance", "GPA", "SWD Status"], "dataTypes": [{"type": "TEXT", "count": 603, "shortest_values": [["GPA", 3], ["GPA", 3], ["GPA", 3], ["GPA", 3], ["GPA", 3]], "longest_values": [["Attendance", 10], ["Attendance", 10], ["Attendance", 10], ["Attendance", 10], ["Attendance", 10]], "average_length": 8.734660033167511}]}, {"column_name": "Category Values", "number_non_empty_cells": 603, "number_empty_cells": 0, "number_distinct_values": 313, "frequent_values": ["SWD", "No Credit Recovery", "Not SWD", "Transferred to another DOE school or pro", "81-100% Attendance Rate"], "dataTypes": [{"type": "TEXT", "count": 603, "shortest_values": [["SWD", 3], ["SWD", 3], ["SWD", 3], ["SWD", 3], ["SWD", 3]], "longest_values": [["Transferred to a part-time DOE GED progr", 40], ["Transferred to a YABC, D79 or D75 progra", 40], ["Transferred to a DOE high school equival", 40], ["Discharged to a non-public school in NYC", 40], ["Discharged to a non-public school  in NY", 40]], "average_length": 11.77777777777778}]}, {"column_name": "Total  #", "number_non_empty_cells": 603, "number_empty_cells": 0, "number_distinct_values": 56, "frequent_values": ["s", "14", "13", "23", "10"], "dataTypes": [{"type": "INTEGER (LONG)", "count": 108, "max_value": 177, "min_value": 10, "mean": 36.04629629629628, "stddev": 30.535463371621137}, {"type": "TEXT", "count": 495, "shortest_values": [["s", 1], ["s", 1], ["s", 1], ["s", 1], ["s", 1]], "longest_values": [["s", 1], ["s", 1], ["s", 1], ["s", 1], ["s", 1]], "average_length": 1.0}]}, {"column_name": "Total %", "number_non_empty_cells": 603, "number_empty_cells": 0, "number_distinct_values": 96, "frequent_values": ["s", "33.8", "28.6", "75.0", "18.2"], "dataTypes": [{"type": "REAL", "count": 108, "max_value": 97.6, "min_value": 4.3, "mean": 40.420370370370414, "stddev": 25.28022488494112}, {"type": "TEXT", "count": 495, "shortest_values": [["s", 1], ["s", 1], ["s", 1], ["s", 1], ["s", 1]], "longest_values": [["s", 1], ["s", 1], ["s", 1], ["s", 1], ["s", 1]], "average_length": 1.0}]}, {"column_name": "Age <=10 #", "number_non_empty_cells": 603, "number_empty_cells": 0, "number_distinct_values": 19, "frequent_values": ["s", "13", "10", "16", "12"], "dataTypes": [{"type": "INTEGER (LONG)", "count": 24, "max_value": 104, "min_value": 10, "mean": 29.291666666666664, "stddev": 24.429284282507247}, {"type": "TEXT", "count": 579, "shortest_values": [["s", 1], ["s", 1], ["s", 1], ["s", 1], ["s", 1]], "longest_values": [["s", 1], ["s", 1], ["s", 1], ["s", 1], ["s", 1]], "average_length": 1.0}]}, {"column_name": "Age <=10 %", "number_non_empty_cells": 603, "number_empty_cells": 0, "number_distinct_values": 24, "frequent_values": ["s", "34.1", "32.7", "12.6", "90.0"], "dataTypes": [{"type": "REAL", "count": 24, "max_value": 98.1, "min_value": 9.7, "mean": 51.65, "stddev": 30.226919569593374}, {"type": "TEXT", "count": 579, "shortest_values": [["s", 1], ["s", 1], ["s", 1], ["s", 1], ["s", 1]], "longest_values": [["s", 1], ["s", 1], ["s", 1], ["s", 1], ["s", 1]], "average_length": 1.0}]}, {"column_name": "Age 11 #", "number_non_empty_cells": 603, "number_empty_cells": 0, "number_distinct_values": 10, "frequent_values": ["s", "14", "22", "18", "16"], "dataTypes": [{"type": "INTEGER (LONG)", "count": 10, "max_value": 34, "min_value": 10, "mean": 19.200000000000003, "stddev": 6.569627082262738}, {"type": "TEXT", "count": 593, "shortest_values": [["s", 1], ["s", 1], ["s", 1], ["s", 1], ["s", 1]], "longest_values": [["s", 1], ["s", 1], ["s", 1], ["s", 1], ["s", 1]], "average_length": 1.0}]}, {"column_name": "Age 11 %", "number_non_empty_cells": 603, "number_empty_cells": 0, "number_distinct_values": 10, "frequent_values": ["s", "94.4", "88.9", "92.9", "93.3"], "dataTypes": [{"type": "REAL", "count": 10, "max_value": 94.4, "min_value": 27.8, "mean": 73.59, "stddev": 23.106815012026217}, {"type": "TEXT", "count": 593, "shortest_values": [["s", 1], ["s", 1], ["s", 1], ["s", 1], ["s", 1]], "longest_values": [["s", 1], ["s", 1], ["s", 1], ["s", 1], ["s", 1]], "average_length": 1.0}]}, {"column_name": "Age 12 #", "number_non_empty_cells": 603, "number_empty_cells": 0, "number_distinct_values": 5, "frequent_values": ["s", "18", "25", "10", "12"], "dataTypes": [{"type": "INTEGER (LONG)", "count": 4, "max_value": 25, "min_value": 10, "mean": 16.25, "stddev": 5.84700778176325}, {"type": "TEXT", "count": 599, "shortest_values": [["s", 1], ["s", 1], ["s", 1], ["s", 1], ["s", 1]], "longest_values": [["s", 1], ["s", 1], ["s", 1], ["s", 1], ["s", 1]], "average_length": 1.0}]}, {"column_name": "Age 12 %", "number_non_empty_cells": 603, "number_empty_cells": 0, "number_distinct_values": 5, "frequent_values": ["s", "90.9", "60.0", "83.3", "40.0"], "dataTypes": [{"type": "REAL", "count": 4, "max_value": 90.9, "min_value": 40.0, "mean": 68.55, "stddev": 20.033035216861176}, {"type": "TEXT", "count": 599, "shortest_values": [["s", 1], ["s", 1], ["s", 1], ["s", 1], ["s", 1]], "longest_values": [["s", 1], ["s", 1], ["s", 1], ["s", 1], ["s", 1]], "average_length": 1.0}]}, {"column_name": "Age 13 #", "number_non_empty_cells": 603, "number_empty_cells": 0, "number_distinct_values": 2, "frequent_values": ["s", "16"], "dataTypes": [{"type": "INTEGER (LONG)", "count": 1, "max_value": 16, "min_value": 16, "mean": 16.0, "stddev": 0.0}, {"type": "TEXT", "count": 602, "shortest_values": [["s", 1], ["s", 1], ["s", 1], ["s", 1], ["s", 1]], "longest_values": [["s", 1], ["s", 1], ["s", 1], ["s", 1], ["s", 1]], "average_length": 1.0}]}, {"column_name": "Age 13 %", "number_non_empty_cells": 603, "number_empty_cells": 0, "number_distinct_values": 2, "frequent_values": ["s", "80.0"], "dataTypes": [{"type": "REAL", "count": 1, "max_value": 80.0, "min_value": 80.0, "mean": 80.0, "stddev": 0.0}, {"type": "TEXT", "count": 602, "shortest_values": [["s", 1], ["s", 1], ["s", 1], ["s", 1], ["s", 1]], "longest_values": [["s", 1], ["s", 1], ["s", 1], ["s", 1], ["s", 1]], "average_length": 1.0}]}, {"column_name": "Age 14 #", "number_non_empty_cells": 603, "number_empty_cells": 0, "number_distinct_values": 4, "frequent_values": ["s", "15", "11", "20"], "dataTypes": [{"type": "INTEGER (LONG)", "count": 3, "max_value": 20, "min_value": 11, "mean": 15.333333333333334, "stddev": 3.6817870057290873}, {"type": "TEXT", "count": 600, "shortest_values": [["s", 1], ["s", 1], ["s", 1], ["s", 1], ["s", 1]], "longest_values": [["s", 1], ["s", 1], ["s", 1], ["s", 1], ["s", 1]], "average_length": 1.0}]}, {"column_name": "Age 14 %", "number_non_empty_cells": 603, "number_empty_cells": 0, "number_distinct_values": 4, "frequent_values": ["s", "95.2", "52.4", "71.4"], "dataTypes": [{"type": "REAL", "count": 3, "max_value": 95.2, "min_value": 52.4, "mean": 73.0, "stddev": 17.50961640546893}, {"type": "TEXT", "count": 600, "shortest_values": [["s", 1], ["s", 1], ["s", 1], ["s", 1], ["s", 1]], "longest_values": [["s", 1], ["s", 1], ["s", 1], ["s", 1], ["s", 1]], "average_length": 1.0}]}, {"column_name": "Age 15 #", "number_non_empty_cells": 603, "number_empty_cells": 0, "number_distinct_values": 3, "frequent_values": ["s", "18", "19"], "dataTypes": [{"type": "INTEGER (LONG)", "count": 2, "max_value": 19, "min_value": 18, "mean": 18.5, "stddev": 0.5}, {"type": "TEXT", "count": 601, "shortest_values": [["s", 1], ["s", 1], ["s", 1], ["s", 1], ["s", 1]], "longest_values": [["s", 1], ["s", 1], ["s", 1], ["s", 1], ["s", 1]], "average_length": 1.0}]}, {"column_name": "Age 15 %", "number_non_empty_cells": 603, "number_empty_cells": 0, "number_distinct_values": 3, "frequent_values": ["s", "75.0", "79.2"], "dataTypes": [{"type": "REAL", "count": 2, "max_value": 79.2, "min_value": 75.0, "mean": 77.1, "stddev": 2.100000000000005}, {"type": "TEXT", "count": 601, "shortest_values": [["s", 1], ["s", 1], ["s", 1], ["s", 1], ["s", 1]], "longest_values": [["s", 1], ["s", 1], ["s", 1], ["s", 1], ["s", 1]], "average_length": 1.0}]}, {"column_name": "Age 16 #", "number_non_empty_cells": 603, "number_empty_cells": 0, "number_distinct_values": 5, "frequent_values": ["s", "11", "18", "23", "12"], "dataTypes": [{"type": "INTEGER (LONG)", "count": 4, "max_value": 23, "min_value": 11, "mean": 16.0, "stddev": 4.847679857416329}, {"type": "TEXT", "count": 599, "shortest_values": [["s", 1], ["s", 1], ["s", 1], ["s", 1], ["s", 1]], "longest_values": [["s", 1], ["s", 1], ["s", 1], ["s", 1], ["s", 1]], "average_length": 1.0}]}, {"column_name": "Age 16 %", "number_non_empty_cells": 603, "number_empty_cells": 0, "number_distinct_values": 5, "frequent_values": ["s", "44.0", "72.0", "92.3", "92.0"], "dataTypes": [{"type": "REAL", "count": 4, "max_value": 92.3, "min_value": 44.0, "mean": 75.075, "stddev": 19.737448543314812}, {"type": "TEXT", "count": 599, "shortest_values": [["s", 1], ["s", 1], ["s", 1], ["s", 1], ["s", 1]], "longest_values": [["s", 1], ["s", 1], ["s", 1], ["s", 1], ["s", 1]], "average_length": 1.0}]}, {"column_name": "Age 17 #", "number_non_empty_cells": 603, "number_empty_cells": 0, "number_distinct_values": 21, "frequent_values": ["s", "15", "14", "18", "11"], "dataTypes": [{"type": "INTEGER (LONG)", "count": 27, "max_value": 84, "min_value": 11, "mean": 26.555555555555554, "stddev": 18.401556563253482}, {"type": "TEXT", "count": 576, "shortest_values": [["s", 1], ["s", 1], ["s", 1], ["s", 1], ["s", 1]], "longest_values": [["s", 1], ["s", 1], ["s", 1], ["s", 1], ["s", 1]], "average_length": 1.0}]}, {"column_name": "Age 17 %", "number_non_empty_cells": 603, "number_empty_cells": 0, "number_distinct_values": 27, "frequent_values": ["s", "75.0", "21.5", "90.0", "50.0"], "dataTypes": [{"type": "REAL", "count": 27, "max_value": 90.0, "min_value": 10.9, "mean": 51.39629629629629, "stddev": 24.581903634230176}, {"type": "TEXT", "count": 576, "shortest_values": [["s", 1], ["s", 1], ["s", 1], ["s", 1], ["s", 1]], "longest_values": [["s", 1], ["s", 1], ["s", 1], ["s", 1], ["s", 1]], "average_length": 1.0}]}, {"column_name": "Age 18 #", "number_non_empty_cells": 603, "number_empty_cells": 0, "number_distinct_values": 16, "frequent_values": ["s", "14", "10", "28", "34"], "dataTypes": [{"type": "INTEGER (LONG)", "count": 17, "max_value": 35, "min_value": 10, "mean": 18.470588235294116, "stddev": 7.678217065246206}, {"type": "TEXT", "count": 586, "shortest_values": [["s", 1], ["s", 1], ["s", 1], ["s", 1], ["s", 1]], "longest_values": [["s", 1], ["s", 1], ["s", 1], ["s", 1], ["s", 1]], "average_length": 1.0}]}, {"column_name": "Age 18 %", "number_non_empty_cells": 603, "number_empty_cells": 0, "number_distinct_values": 18, "frequent_values": ["s", "25.0", "48.1", "20.4", "63.0"], "dataTypes": [{"type": "REAL", "count": 17, "max_value": 87.5, "min_value": 18.5, "mean": 39.758823529411764, "stddev": 18.97946440772638}, {"type": "TEXT", "count": 586, "shortest_values": [["s", 1], ["s", 1], ["s", 1], ["s", 1], ["s", 1]], "longest_values": [["s", 1], ["s", 1], ["s", 1], ["s", 1], ["s", 1]], "average_length": 1.0}]}, {"column_name": "Age 19 #", "number_non_empty_cells": 603, "number_empty_cells": 0, "number_distinct_values": 5, "frequent_values": ["s", "12", "22", "17", "14"], "dataTypes": [{"type": "INTEGER (LONG)", "count": 5, "max_value": 22, "min_value": 12, "mean": 15.4, "stddev": 3.7735924528226414}, {"type": "TEXT", "count": 598, "shortest_values": [["s", 1], ["s", 1], ["s", 1], ["s", 1], ["s", 1]], "longest_values": [["s", 1], ["s", 1], ["s", 1], ["s", 1], ["s", 1]], "average_length": 1.0}]}, {"column_name": "Age 19 %", "number_non_empty_cells": 603, "number_empty_cells": 0, "number_distinct_values": 5, "frequent_values": ["s", "33.3", "47.2", "61.1", "38.9"], "dataTypes": [{"type": "REAL", "count": 5, "max_value": 61.1, "min_value": 33.3, "mean": 42.76, "stddev": 10.487630809672892}, {"type": "TEXT", "count": 598, "shortest_values": [["s", 1], ["s", 1], ["s", 1], ["s", 1], ["s", 1]], "longest_values": [["s", 1], ["s", 1], ["s", 1], ["s", 1], ["s", 1]], "average_length": 1.0}]}, {"column_name": "Age 20 #", "number_non_empty_cells": 603, "number_empty_cells": 0, "number_distinct_values": 2, "frequent_values": ["s", "14"], "dataTypes": [{"type": "INTEGER (LONG)", "count": 1, "max_value": 14, "min_value": 14, "mean": 14.0, "stddev": 0.0}, {"type": "TEXT", "count": 602, "shortest_values": [["s", 1], ["s", 1], ["s", 1], ["s", 1], ["s", 1]], "longest_values": [["s", 1], ["s", 1], ["s", 1], ["s", 1], ["s", 1]], "average_length": 1.0}]}, {"column_name": "Age 20 %", "number_non_empty_cells": 603, "number_empty_cells": 0, "number_distinct_values": 2, "frequent_values": ["s", "51.9"], "dataTypes": [{"type": "REAL", "count": 1, "max_value": 51.9, "min_value": 51.9, "mean": 51.9, "stddev": 0.0}, {"type": "TEXT", "count": 602, "shortest_values": [["s", 1], ["s", 1], ["s", 1], ["s", 1], ["s", 1]], "longest_values": [["s", 1], ["s", 1], ["s", 1], ["s", 1], ["s", 1]], "average_length": 1.0}]}, {"column_name": "Age >=21 #", "number_non_empty_cells": 603, "number_empty_cells": 0, "number_distinct_values": 1, "frequent_values": ["s"], "dataTypes": [{"type": "TEXT", "count": 603, "shortest_values": [["s", 1], ["s", 1], ["s", 1], ["s", 1], ["s", 1]], "longest_values": [["s", 1], ["s", 1], ["s", 1], ["s", 1], ["s", 1]], "average_length": 1.0}]}, {"column_name": "Age >=21 %", "number_non_empty_cells": 603, "number_empty_cells": 0, "number_distinct_values": 1, "frequent_values": ["s"], "dataTypes": [{"type": "TEXT", "count": 603, "shortest_values": [["s", 1], ["s", 1], ["s", 1], ["s", 1], ["s", 1]], "longest_values": [["s", 1], ["s", 1], ["s", 1], ["s", 1], ["s", 1]], "average_length": 1.0}]}]}