{"dataset_name": "/user/hm74/NYCOpenData/caav-grv8.tsv.gz", "columns": [{"column_name": "borough", "number_non_empty_cells": 21380, "number_empty_cells": 0, "number_distinct_values": 6, "frequent_values": ["Queens", "Manhattan", "Brooklyn", "Bronx", "Staten Island"], "dataTypes": [{"type": "TEXT", "count": 21380, "shortest_values": [["Bronx", 5], ["Bronx", 5], ["Bronx", 5], ["Bronx", 5], ["Bronx", 5]], "longest_values": [["Staten Island", 13], ["Staten Island", 13], ["Staten Island", 13], ["Staten Island", 13], ["Staten Island", 13]], "average_length": 7.635032740879282}]}, {"column_name": "sector_name", "number_non_empty_cells": 19091, "number_empty_cells": 2289, "number_distinct_values": 42, "frequent_values": ["Manhattan Sector H", "Bronx Sector C", "Brooklyn Sector C", "Manhattan Sector D", "Manhattan Sector F"], "dataTypes": [{"type": "TEXT", "count": 19091, "shortest_values": [["Bronx Sector A", 14], ["Bronx Sector A", 14], ["Bronx Sector A", 14], ["Bronx Sector A", 14], ["Bronx Sector A", 14]], "longest_values": [["Staten Island Sector A", 22], ["Staten Island Sector A", 22], ["Staten Island Sector A", 22], ["Staten Island Sector A", 22], ["Staten Island Sector A", 22]], "average_length": 16.610968519197602}]}, {"column_name": "sector_desc", "number_non_empty_cells": 19091, "number_empty_cells": 2289, "number_distinct_values": 49, "frequent_values": ["Districts 1, 2", "Districts 14", "Districts 1", "Districts 3", "Districts 7, 8"], "dataTypes": [{"type": "TEXT", "count": 19091, "shortest_values": [["District 1", 10], ["District 1", 10], ["District 1", 10], ["District 1", 10], ["District 1", 10]], "longest_values": [["Districts 10, 11, 12", 20], ["Districts 10, 11, 12", 20], ["Districts 10, 11, 12", 20], ["Districts 10, 11, 12", 20], ["Districts 10, 11, 12", 20]], "average_length": 14.386412445655099}]}, {"column_name": "fiscal_qtr", "number_non_empty_cells": 21380, "number_empty_cells": 0, "number_distinct_values": 8, "frequent_values": ["2016Q1", "2017Q1", "2016Q4", "2017Q4", "2016Q2"], "dataTypes": [{"type": "TEXT", "count": 21380, "shortest_values": [["2016Q1", 6], ["2016Q1", 6], ["2016Q1", 6], ["2016Q1", 6], ["2016Q1", 6]], "longest_values": [["2016Q1", 6], ["2016Q1", 6], ["2016Q1", 6], ["2016Q1", 6], ["2016Q1", 6]], "average_length": 6.0}]}, {"column_name": "rel_week", "number_non_empty_cells": 21380, "number_empty_cells": 0, "number_distinct_values": 53, "frequent_values": [10, 8, 9, 6, 3], "dataTypes": [{"type": "INTEGER (LONG)", "count": 21380, "max_value": 52, "min_value": 0, "mean": 25.866136576239562, "stddev": 15.652946301502991}]}, {"column_name": "title", "number_non_empty_cells": 21380, "number_empty_cells": 0, "number_distinct_values": 5, "frequent_values": ["other", "cpw", "apsw", "pop", "csa"], "dataTypes": [{"type": "TEXT", "count": 21380, "shortest_values": [["cpw", 3], ["pop", 3], ["cpw", 3], ["csa", 3], ["pop", 3]], "longest_values": [["other", 5], ["other", 5], ["other", 5], ["other", 5], ["other", 5]], "average_length": 3.667633302151551}]}, {"column_name": "totalcost", "number_non_empty_cells": 21380, "number_empty_cells": 0, "number_distinct_values": 13520, "frequent_values": [642.0, 476.0, 658.0, 903.0, 686.0], "dataTypes": [{"type": "REAL", "count": 21380, "max_value": 406246.0, "min_value": -640.0, "mean": 14140.547521047627, "stddev": 28349.181321801934}]}]}