{"dataset_name": "/user/hm74/NYCOpenData/cah7-vgge.tsv.gz", "columns": [{"column_name": "DBN", "number_non_empty_cells": 567, "number_empty_cells": 0, "number_distinct_values": 18, "frequent_values": ["07X520", "02M625", "14K322", "14K330", "22K495"], "dataTypes": [{"type": "TEXT", "count": 567, "shortest_values": [["02M625", 6], ["02M625", 6], ["02M625", 6], ["02M625", 6], ["02M625", 6]], "longest_values": [["02M625", 6], ["02M625", 6], ["02M625", 6], ["02M625", 6], ["02M625", 6]], "average_length": 6.0}]}, {"column_name": "Category Type", "number_non_empty_cells": 567, "number_empty_cells": 0, "number_distinct_values": 5, "frequent_values": ["To School", "Discharge", "Attendance", "GPA", "Credit Rec"], "dataTypes": [{"type": "TEXT", "count": 567, "shortest_values": [["GPA", 3], ["GPA", 3], ["GPA", 3], ["GPA", 3], ["GPA", 3]], "longest_values": [["Attendance", 10], ["Attendance", 10], ["Attendance", 10], ["Attendance", 10], ["Attendance", 10]], "average_length": 8.654320987654321}]}, {"column_name": "Category Values", "number_non_empty_cells": 567, "number_empty_cells": 0, "number_distinct_values": 311, "frequent_values": ["Transferred to another DOE school or pro", "No Credit Recovery", "81-100% Attendance Rate", "61-80% Attendance Rate", "41-60% Attendance Rate"], "dataTypes": [{"type": "TEXT", "count": 567, "shortest_values": [["0-54", 4], ["0-54", 4], ["0-54", 4], ["0-54", 4], ["0-54", 4]], "longest_values": [["Transferred to a part-time DOE GED progr", 40], ["Transferred to a YABC, D79 or D75 progra", 40], ["Transferred to a DOE high school equival", 40], ["Discharged to a non-public school in NYC", 40], ["Discharged to a non-public school  in NY", 40]], "average_length": 12.208112874779536}]}, {"column_name": "Total #", "number_non_empty_cells": 567, "number_empty_cells": 0, "number_distinct_values": 43, "frequent_values": ["s", "14", "10", "23", "13"], "dataTypes": [{"type": "INTEGER (LONG)", "count": 80, "max_value": 141, "min_value": 10, "mean": 32.824999999999996, "stddev": 27.558018343124743}, {"type": "TEXT", "count": 487, "shortest_values": [["s", 1], ["s", 1], ["s", 1], ["s", 1], ["s", 1]], "longest_values": [["s", 1], ["s", 1], ["s", 1], ["s", 1], ["s", 1]], "average_length": 1.0}]}, {"column_name": "Total%", "number_non_empty_cells": 567, "number_empty_cells": 0, "number_distinct_values": 73, "frequent_values": ["s", "33.8", "18.2", "28.6", "25.4"], "dataTypes": [{"type": "REAL", "count": 80, "max_value": 97.6, "min_value": 4.3, "mean": 37.06750000000001, "stddev": 25.96471054623949}, {"type": "TEXT", "count": 487, "shortest_values": [["s", 1], ["s", 1], ["s", 1], ["s", 1], ["s", 1]], "longest_values": [["s", 1], ["s", 1], ["s", 1], ["s", 1], ["s", 1]], "average_length": 1.0}]}, {"column_name": "SWD#", "number_non_empty_cells": 567, "number_empty_cells": 0, "number_distinct_values": 12, "frequent_values": ["s", "10", "14", "22", "18"], "dataTypes": [{"type": "INTEGER (LONG)", "count": 17, "max_value": 30, "min_value": 10, "mean": 17.352941176470583, "stddev": 6.182909808692194}, {"type": "TEXT", "count": 550, "shortest_values": [["s", 1], ["s", 1], ["s", 1], ["s", 1], ["s", 1]], "longest_values": [["s", 1], ["s", 1], ["s", 1], ["s", 1], ["s", 1]], "average_length": 1.0}]}, {"column_name": "SWD%", "number_non_empty_cells": 567, "number_empty_cells": 0, "number_distinct_values": 17, "frequent_values": ["s", "25.6", "20.0", "35.9", "54.5"], "dataTypes": [{"type": "REAL", "count": 17, "max_value": 96.4, "min_value": 18.2, "mean": 55.3764705882353, "stddev": 27.067856548524265}, {"type": "TEXT", "count": 550, "shortest_values": [["s", 1], ["s", 1], ["s", 1], ["s", 1], ["s", 1]], "longest_values": [["s", 1], ["s", 1], ["s", 1], ["s", 1], ["s", 1]], "average_length": 1.0}]}, {"column_name": "Not SWD#", "number_non_empty_cells": 567, "number_empty_cells": 0, "number_distinct_values": 16, "frequent_values": ["s", "40", "23", "17", "27"], "dataTypes": [{"type": "INTEGER (LONG)", "count": 17, "max_value": 114, "min_value": 17, "mean": 44.88235294117648, "stddev": 24.544994345178498}, {"type": "TEXT", "count": 550, "shortest_values": [["s", 1], ["s", 1], ["s", 1], ["s", 1], ["s", 1]], "longest_values": [["s", 1], ["s", 1], ["s", 1], ["s", 1], ["s", 1]], "average_length": 1.0}]}, {"column_name": "Not SWD%", "number_non_empty_cells": 567, "number_empty_cells": 0, "number_distinct_values": 18, "frequent_values": ["s", "20.7", "45.1", "50.0", "27.1"], "dataTypes": [{"type": "REAL", "count": 17, "max_value": 97.6, "min_value": 13.0, "mean": 54.564705882352946, "stddev": 29.959932874668986}, {"type": "TEXT", "count": 550, "shortest_values": [["s", 1], ["s", 1], ["s", 1], ["s", 1], ["s", 1]], "longest_values": [["s", 1], ["s", 1], ["s", 1], ["s", 1], ["s", 1]], "average_length": 1.0}]}]}