{"dataset_name": "/user/hm74/NYCOpenData/cbfr-z7aj.tsv.gz", "columns": [{"column_name": "DBN", "number_non_empty_cells": 1267, "number_empty_cells": 0, "number_distinct_values": 1267, "frequent_values": ["02M042", "08X093", "84X538", "01M064", "01M539"], "dataTypes": [{"type": "DATE/TIME", "count": 33, "max_value": "2019-12-08T00:06:52", "min_value": "2019-12-08T00:01:15"}, {"type": "TEXT", "count": 1234, "shortest_values": [["01M063", 6], ["01M064", 6], ["01M110", 6], ["01M134", 6], ["01M137", 6]], "longest_values": [["01M063", 6], ["01M064", 6], ["01M110", 6], ["01M134", 6], ["01M137", 6]], "average_length": 6.0}]}, {"column_name": "School_Name", "number_non_empty_cells": 1267, "number_empty_cells": 0, "number_distinct_values": 1265, "frequent_values": ["P.S. 253", "P.S. 212", "P.S. 185 Walter Kassenbrock", "M.S. 302 Luisa Dessus Cruz", "P.S. 152 Gwendoline N. Alleyne School"], "dataTypes": [{"type": "TEXT", "count": 1267, "shortest_values": [["Kappa", 5], ["P.S. 89", 7], ["Muscota", 7], ["P.S. 66", 7], ["P.S. 78", 7]], "longest_values": [["Collaborative Academy of Science, Technology, & La", 50], ["New Explorations into Science, Technology and Math", 50], ["The 47 American Sign Language & English Lower Scho", 50], ["P.S. 166 The Richard Rodgers School of The Arts an", 50], ["Wadleigh Secondary School for the Performing & Vis", 50]], "average_length": 27.259668508287298}]}, {"column_name": "School_Type", "number_non_empty_cells": 1267, "number_empty_cells": 0, "number_distinct_values": 3, "frequent_values": ["Elementary", "Middle", "K-8"], "dataTypes": [{"type": "TEXT", "count": 1267, "shortest_values": [["K-8", 3], ["K-8", 3], ["K-8", 3], ["K-8", 3], ["K-8", 3]], "longest_values": [["Elementary", 10], ["Elementary", 10], ["Elementary", 10], ["Elementary", 10], ["Elementary", 10]], "average_length": 7.603788476716658}]}, {"column_name": "Enrollment", "number_non_empty_cells": 1267, "number_empty_cells": 0, "number_distinct_values": 741, "frequent_values": [270, 441, 251, 373, 248], "dataTypes": [{"type": "INTEGER (LONG)", "count": 1267, "max_value": 2158, "min_value": 25, "mean": 552.4293606945538, "stddev": 344.290437894688}]}, {"column_name": "Rigorous_Instruction_Rating", "number_non_empty_cells": 1220, "number_empty_cells": 47, "number_distinct_values": 5, "frequent_values": ["Meeting Target", "Exceeding Target", "Approaching Target", "Not Meeting Target", null], "dataTypes": [{"type": "TEXT", "count": 1220, "shortest_values": [["Meeting Target", 14], ["Meeting Target", 14], ["Meeting Target", 14], ["Meeting Target", 14], ["Meeting Target", 14]], "longest_values": [["Approaching Target", 18], ["Approaching Target", 18], ["Approaching Target", 18], ["Approaching Target", 18], ["Approaching Target", 18]], "average_length": 15.450819672131155}]}, {"column_name": "Collaborative_Teachers_Rating", "number_non_empty_cells": 1220, "number_empty_cells": 47, "number_distinct_values": 5, "frequent_values": ["Meeting Target", "Exceeding Target", "Approaching Target", "Not Meeting Target", null], "dataTypes": [{"type": "TEXT", "count": 1220, "shortest_values": [["Meeting Target", 14], ["Meeting Target", 14], ["Meeting Target", 14], ["Meeting Target", 14], ["Meeting Target", 14]], "longest_values": [["Approaching Target", 18], ["Approaching Target", 18], ["Approaching Target", 18], ["Approaching Target", 18], ["Approaching Target", 18]], "average_length": 15.34754098360654}]}, {"column_name": "Supportive_Environment_Rating", "number_non_empty_cells": 1218, "number_empty_cells": 49, "number_distinct_values": 5, "frequent_values": ["Meeting Target", "Exceeding Target", "Approaching Target", "Not Meeting Target", null], "dataTypes": [{"type": "TEXT", "count": 1218, "shortest_values": [["Meeting Target", 14], ["Meeting Target", 14], ["Meeting Target", 14], ["Meeting Target", 14], ["Meeting Target", 14]], "longest_values": [["Approaching Target", 18], ["Approaching Target", 18], ["Approaching Target", 18], ["Approaching Target", 18], ["Not Meeting Target", 18]], "average_length": 15.247947454844002}]}, {"column_name": "Effective_School_Leadership_Rating", "number_non_empty_cells": 1224, "number_empty_cells": 43, "number_distinct_values": 5, "frequent_values": ["Meeting Target", "Exceeding Target", "Approaching Target", "Not Meeting Target", null], "dataTypes": [{"type": "TEXT", "count": 1224, "shortest_values": [["Meeting Target", 14], ["Meeting Target", 14], ["Meeting Target", 14], ["Meeting Target", 14], ["Meeting Target", 14]], "longest_values": [["Not Meeting Target", 18], ["Not Meeting Target", 18], ["Not Meeting Target", 18], ["Approaching Target", 18], ["Approaching Target", 18]], "average_length": 15.584967320261446}]}, {"column_name": "Strong_Family-Community_Ties_Rating", "number_non_empty_cells": 1221, "number_empty_cells": 46, "number_distinct_values": 5, "frequent_values": ["Meeting Target", "Exceeding Target", "Approaching Target", "Not Meeting Target", null], "dataTypes": [{"type": "TEXT", "count": 1221, "shortest_values": [["Meeting Target", 14], ["Meeting Target", 14], ["Meeting Target", 14], ["Meeting Target", 14], ["Meeting Target", 14]], "longest_values": [["Not Meeting Target", 18], ["Approaching Target", 18], ["Not Meeting Target", 18], ["Not Meeting Target", 18], ["Approaching Target", 18]], "average_length": 14.982800982800974}]}, {"column_name": "Trust_Rating", "number_non_empty_cells": 1221, "number_empty_cells": 46, "number_distinct_values": 5, "frequent_values": ["Meeting Target", "Exceeding Target", "Approaching Target", "Not Meeting Target", null], "dataTypes": [{"type": "TEXT", "count": 1221, "shortest_values": [["Meeting Target", 14], ["Meeting Target", 14], ["Meeting Target", 14], ["Meeting Target", 14], ["Meeting Target", 14]], "longest_values": [["Not Meeting Target", 18], ["Approaching Target", 18], ["Approaching Target", 18], ["Approaching Target", 18], ["Approaching Target", 18]], "average_length": 15.249795249795271}]}, {"column_name": "Student_Achievement_Rating", "number_non_empty_cells": 1213, "number_empty_cells": 54, "number_distinct_values": 5, "frequent_values": ["Meeting Target", "Exceeding Target", "Approaching Target", "Not Meeting Target", null], "dataTypes": [{"type": "TEXT", "count": 1213, "shortest_values": [["Meeting Target", 14], ["Meeting Target", 14], ["Meeting Target", 14], ["Meeting Target", 14], ["Meeting Target", 14]], "longest_values": [["Approaching Target", 18], ["Approaching Target", 18], ["Approaching Target", 18], ["Approaching Target", 18], ["Approaching Target", 18]], "average_length": 15.497114591920871}]}, {"column_name": "Rigorous_Instruction_-_Percent_Positive", "number_non_empty_cells": 1265, "number_empty_cells": 2, "number_distinct_values": 52, "frequent_values": [0.87, 0.85, 0.86, 0.88, 0.9], "dataTypes": [{"type": "REAL", "count": 1265, "max_value": 1.0, "min_value": 0.46, "mean": 0.838403162055336, "stddev": 0.08354106886813133}]}, {"column_name": "Collaborative_Teachers_-_Percent_Positive", "number_non_empty_cells": 1267, "number_empty_cells": 0, "number_distinct_values": 55, "frequent_values": [0.88, 0.85, 0.91, 0.86, 0.87], "dataTypes": [{"type": "REAL", "count": 1267, "max_value": 1.0, "min_value": 0.42, "mean": 0.821144435674822, "stddev": 0.0991464781346108}]}, {"column_name": "Supportive_Environment_-_Percent_Positive", "number_non_empty_cells": 1265, "number_empty_cells": 2, "number_distinct_values": 50, "frequent_values": [0.76, 0.79, 0.75, 0.7, 0.73], "dataTypes": [{"type": "REAL", "count": 1265, "max_value": 1.0, "min_value": 0.48, "mean": 0.7740079051383405, "stddev": 0.09317237169139635}]}, {"column_name": "Effective_School_Leadership_-_Percent_Positive", "number_non_empty_cells": 1267, "number_empty_cells": 0, "number_distinct_values": 58, "frequent_values": [0.92, 0.94, 0.87, 0.93, 0.91], "dataTypes": [{"type": "REAL", "count": 1267, "max_value": 1.0, "min_value": 0.33, "mean": 0.8510260457774277, "stddev": 0.1022534810205131}]}, {"column_name": "Strong_Family-Community_Ties_-_Percent_Positive", "number_non_empty_cells": 1267, "number_empty_cells": 0, "number_distinct_values": 31, "frequent_values": [0.91, 0.9, 0.89, 0.92, 0.86], "dataTypes": [{"type": "REAL", "count": 1267, "max_value": 1.0, "min_value": 0.66, "mean": 0.8900157853196539, "stddev": 0.04881710211386238}]}, {"column_name": "Trust_-_Percent_Positive", "number_non_empty_cells": 1267, "number_empty_cells": 0, "number_distinct_values": 38, "frequent_values": [0.91, 0.87, 0.9, 0.86, 0.88], "dataTypes": [{"type": "REAL", "count": 1267, "max_value": 1.0, "min_value": 0.51, "mean": 0.8825808997632206, "stddev": 0.06399277569830834}]}, {"column_name": "Quality_Review_-_How_interesting_and_challenging_is_the_curriculum?", "number_non_empty_cells": 1112, "number_empty_cells": 155, "number_distinct_values": 4, "frequent_values": ["Proficient", "Well Developed", "Developing", null], "dataTypes": [{"type": "TEXT", "count": 1112, "shortest_values": [["Proficient", 10], ["Proficient", 10], ["Proficient", 10], ["Proficient", 10], ["Proficient", 10]], "longest_values": [["Well Developed", 14], ["Well Developed", 14], ["Well Developed", 14], ["Well Developed", 14], ["Well Developed", 14]], "average_length": 11.48201438848921}]}, {"column_name": "Quality_Review_-_How_effective_is_the_teaching_and_learning?", "number_non_empty_cells": 1112, "number_empty_cells": 155, "number_distinct_values": 5, "frequent_values": ["Proficient", "Developing", "Well Developed", "Under Developed", null], "dataTypes": [{"type": "TEXT", "count": 1112, "shortest_values": [["Proficient", 10], ["Developing", 10], ["Proficient", 10], ["Proficient", 10], ["Proficient", 10]], "longest_values": [["Under Developed", 15], ["Under Developed", 15], ["Under Developed", 15], ["Well Developed", 14], ["Well Developed", 14]], "average_length": 10.693345323741012}]}, {"column_name": "Quality_Review_-_How_well_does_the_school_assess_what_students_are_learning?", "number_non_empty_cells": 1112, "number_empty_cells": 155, "number_distinct_values": 5, "frequent_values": ["Proficient", "Well Developed", "Developing", "Under Developed", null], "dataTypes": [{"type": "TEXT", "count": 1112, "shortest_values": [["Proficient", 10], ["Proficient", 10], ["Developing", 10], ["Proficient", 10], ["Proficient", 10]], "longest_values": [["Under Developed", 15], ["Well Developed", 14], ["Well Developed", 14], ["Well Developed", 14], ["Well Developed", 14]], "average_length": 11.083633093525176}]}, {"column_name": "Quality_Review_-_How_clearly_are_high_expectations_communicated_to_students_and_staff?", "number_non_empty_cells": 1112, "number_empty_cells": 155, "number_distinct_values": 5, "frequent_values": ["Well Developed", "Proficient", "Developing", "Under Developed", null], "dataTypes": [{"type": "TEXT", "count": 1112, "shortest_values": [["Proficient", 10], ["Proficient", 10], ["Proficient", 10], ["Proficient", 10], ["Proficient", 10]], "longest_values": [["Under Developed", 15], ["Well Developed", 14], ["Well Developed", 14], ["Well Developed", 14], ["Well Developed", 14]], "average_length": 12.090827338129497}]}, {"column_name": "Quality_Review_-_How_well_do_teachers_work_with_each_other?", "number_non_empty_cells": 1112, "number_empty_cells": 155, "number_distinct_values": 4, "frequent_values": ["Proficient", "Well Developed", "Developing", null], "dataTypes": [{"type": "TEXT", "count": 1112, "shortest_values": [["Proficient", 10], ["Developing", 10], ["Proficient", 10], ["Proficient", 10], ["Proficient", 10]], "longest_values": [["Well Developed", 14], ["Well Developed", 14], ["Well Developed", 14], ["Well Developed", 14], ["Well Developed", 14]], "average_length": 11.543165467625903}]}, {"column_name": "Quality_Review_-_Dates_of_Review", "number_non_empty_cells": 1112, "number_empty_cells": 155, "number_distinct_values": 202, "frequent_values": ["2015-01-22T00:00:00.000", "2015-03-31T00:00:00.000", "2015-03-16T00:00:00.000", "2015-01-14T00:00:00.000", "2015-04-01T00:00:00.000"], "dataTypes": [{"type": "DATE/TIME", "count": 1112, "max_value": "2026-11-25T20:13:00", "min_value": "2014-04-29T00:00:00"}]}, {"column_name": "Average_Grade_5_English_Proficiency", "number_non_empty_cells": 402, "number_empty_cells": 865, "number_distinct_values": 130, "frequent_values": [2.37, 2.59, 2.51, 2.55, 2.67], "dataTypes": [{"type": "REAL", "count": 402, "max_value": 4.04, "min_value": 1.87, "mean": 2.671069651741295, "stddev": 0.3930479192037859}]}, {"column_name": "Average_Grade_5_Math_Proficiency", "number_non_empty_cells": 402, "number_empty_cells": 865, "number_distinct_values": 146, "frequent_values": [2.35, 2.48, 2.44, 2.62, 2.97], "dataTypes": [{"type": "REAL", "count": 402, "max_value": 4.24, "min_value": 1.72, "mean": 2.6554477611940315, "stddev": 0.4527230200058822}]}, {"column_name": "Percent_English_Language_Learners", "number_non_empty_cells": 1267, "number_empty_cells": 0, "number_distinct_values": 359, "frequent_values": [0.0, 0.029, 0.085, 0.036, 0.032], "dataTypes": [{"type": "REAL", "count": 1267, "max_value": 0.987, "min_value": 0.0, "mean": 0.12988161010260457, "stddev": 0.11442926643901298}]}, {"column_name": "Percent_Students_with_Disabilities", "number_non_empty_cells": 1267, "number_empty_cells": 0, "number_distinct_values": 315, "frequent_values": [0.153, 0.227, 0.176, 0.17, 0.22], "dataTypes": [{"type": "REAL", "count": 1267, "max_value": 0.643, "min_value": 0.0, "mean": 0.2130781373322811, "stddev": 0.07421181350125139}]}, {"column_name": "Percent_Self-Contained", "number_non_empty_cells": 1267, "number_empty_cells": 0, "number_distinct_values": 189, "frequent_values": [0.0, 0.003, 0.002, 0.009, 0.004], "dataTypes": [{"type": "REAL", "count": 1267, "max_value": 0.35, "min_value": 0.0, "mean": 0.059381215469613245, "stddev": 0.04931850379759714}]}, {"column_name": "Economic_Need_Index", "number_non_empty_cells": 1267, "number_empty_cells": 0, "number_distinct_values": 584, "frequent_values": [0.851, 0.802, 0.761, 0.781, 0.893], "dataTypes": [{"type": "REAL", "count": 1267, "max_value": 0.965, "min_value": 0.038, "mean": 0.6646661404893455, "stddev": 0.21318412097900324}]}, {"column_name": "Percent_in_Temp_Housing", "number_non_empty_cells": 1267, "number_empty_cells": 0, "number_distinct_values": 357, "frequent_values": [0.08, 0.035, 0.09, 0.049, 0.022], "dataTypes": [{"type": "REAL", "count": 1267, "max_value": 0.524, "min_value": 0.0, "mean": 0.13766929755327525, "stddev": 0.09958203273495936}]}, {"column_name": "Percent_HRA_Eligible", "number_non_empty_cells": 1267, "number_empty_cells": 0, "number_distinct_values": 583, "frequent_values": [0.603, 0.638, 0.636, 0.738, 0.65], "dataTypes": [{"type": "REAL", "count": 1267, "max_value": 0.895, "min_value": 0.012, "mean": 0.520001578531965, "stddev": 0.19791840576570682}]}, {"column_name": "Percent_Asian", "number_non_empty_cells": 1267, "number_empty_cells": 0, "number_distinct_values": 348, "frequent_values": [0.0, 0.003, 0.01, 0.004, 0.008], "dataTypes": [{"type": "REAL", "count": 1267, "max_value": 0.942, "min_value": 0.0, "mean": 0.11394396211523294, "stddev": 0.17419871130174092}]}, {"column_name": "Percent_Black", "number_non_empty_cells": 1267, "number_empty_cells": 0, "number_distinct_values": 614, "frequent_values": [0.01, 0.007, 0.011, 0.005, 0.025], "dataTypes": [{"type": "REAL", "count": 1267, "max_value": 0.97, "min_value": 0.0, "mean": 0.32214364640883947, "stddev": 0.28740824809062765}]}, {"column_name": "Percent_Hispanic", "number_non_empty_cells": 1267, "number_empty_cells": 0, "number_distinct_values": 681, "frequent_values": [0.128, 0.114, 0.135, 0.195, 0.5], "dataTypes": [{"type": "REAL", "count": 1267, "max_value": 1.0, "min_value": 0.014, "mean": 0.41362036306235167, "stddev": 0.26150626824306267}]}, {"column_name": "Percent_White", "number_non_empty_cells": 1267, "number_empty_cells": 0, "number_distinct_values": 370, "frequent_values": [0.012, 0.0, 0.006, 0.009, 0.005], "dataTypes": [{"type": "REAL", "count": 1267, "max_value": 0.916, "min_value": 0.0, "mean": 0.12976637726913995, "stddev": 0.20018851188365128}]}, {"column_name": "Years_of_principal_experience_at_this_school", "number_non_empty_cells": 1117, "number_empty_cells": 150, "number_distinct_values": 157, "frequent_values": [1.0, 1.9, 4.8, 12.0, 0.9], "dataTypes": [{"type": "REAL", "count": 1117, "max_value": 31.8, "min_value": 0.1, "mean": 6.403849597135186, "stddev": 4.671963794792279}]}, {"column_name": "Percent_of_teachers_with_3_or_more_years_of_experience", "number_non_empty_cells": 1118, "number_empty_cells": 149, "number_distinct_values": 380, "frequent_values": [1.0, 0.833, 0.8, 0.75, 0.667], "dataTypes": [{"type": "REAL", "count": 1118, "max_value": 1.0, "min_value": 0.111, "mean": 0.7692254025044729, "stddev": 0.14812559095711436}]}, {"column_name": "Student_Attendance_Rate", "number_non_empty_cells": 1239, "number_empty_cells": 28, "number_distinct_values": 118, "frequent_values": [0.954, 0.94, 0.953, 0.942, 0.945], "dataTypes": [{"type": "REAL", "count": 1239, "max_value": 0.997, "min_value": 0.851, "mean": 0.9359071832122692, "stddev": 0.02327670389823143}]}, {"column_name": "Percent_of_Students_Chronically_Absent", "number_non_empty_cells": 1239, "number_empty_cells": 28, "number_distinct_values": 412, "frequent_values": [0.105, 0.289, 0.21, 0.104, 0.227], "dataTypes": [{"type": "REAL", "count": 1239, "max_value": 0.56, "min_value": 0.005, "mean": 0.2039548022598869, "stddev": 0.112986780133825}]}, {"column_name": "Teacher_Attendance_Rate", "number_non_empty_cells": 1118, "number_empty_cells": 149, "number_distinct_values": 71, "frequent_values": [0.961, 0.965, 0.966, 0.964, 0.967], "dataTypes": [{"type": "REAL", "count": 1118, "max_value": 1.0, "min_value": 0.885, "mean": 0.9635903398926652, "stddev": 0.010646388843744246}]}]}