{"dataset_name": "/user/hm74/NYCOpenData/cbrh-qrk4.tsv.gz", "columns": [{"column_name": "lookup", "number_non_empty_cells": 19411, "number_empty_cells": 0, "number_distinct_values": 19411, "frequent_values": ["01M2922016English", "01M4482015Global History and Geography", "01M4482015Living Environment", "01M5392017Common Core Algebra2", "02M2882015Living Environment"], "dataTypes": [{"type": "TEXT", "count": "19411", "shortest_values": [["84M4782015", 10], ["01M4482016English", 17], ["01M4502015English", 17], ["01M4582016English", 17], ["01M4482015English", 17]], "longest_values": [["01M4482015Physical Settings/Earth Science", 41], ["01M5092015Physical Settings/Earth Science", 41], ["01M4482016Physical Settings/Earth Science", 41], ["01M2922015Physical Settings/Earth Science", 41], ["01M4482017Physical Settings/Earth Science", 41]], "average_length": "30.94544330534233"}]}, {"column_name": "School_DBN", "number_non_empty_cells": 19411, "number_empty_cells": 0, "number_distinct_values": 1018, "frequent_values": ["84K473", "25Q460", "31R080", "12X271", "10X440"], "dataTypes": [{"type": "DATE/TIME", "count": 68, "min_value": "2019-12-09T00:06:52", "max_value": "2019-12-09T00:01:34"}, {"type": "TEXT", "count": "19343", "shortest_values": [["01M140", 6], ["01M140", 6], ["01M140", 6], ["01M140", 6], ["01M140", 6]], "longest_values": [["01M140", 6], ["01M140", 6], ["01M140", 6], ["01M140", 6], ["01M140", 6]], "average_length": "6.0"}]}, {"column_name": "SchoolName", "number_non_empty_cells": 19411, "number_empty_cells": 0, "number_distinct_values": 1012, "frequent_values": ["New Visions Charter High School for Advanced Math", "New Visions Charter High School for the Humanities", "Williamsburg Charter High School", "East Bronx Academy for the Future", "Midwood High School"], "dataTypes": [{"type": "TEXT", "count": "19411", "shortest_values": [["Kappa", 5], ["Kappa", 5], ["Kappa", 5], ["Kappa", 5], ["Kappa", 5]], "longest_values": [["New Explorations into Science, Technology and Math", 50], ["New Explorations into Science, Technology and Math", 50], ["New Explorations into Science, Technology and Math", 50], ["New Explorations into Science, Technology and Math", 50], ["Collaborative Academy of Science, Technology, & La", 50]], "average_length": "33.99783627839884"}]}, {"column_name": "SchoolType", "number_non_empty_cells": 19411, "number_empty_cells": 0, "number_distinct_values": 5, "frequent_values": ["General Academic", "Career Technical", "Transfer School", "YABC", "Special Education"], "dataTypes": [{"type": "TEXT", "count": "19411", "shortest_values": [["YABC", 4], ["YABC", 4], ["YABC", 4], ["YABC", 4], ["YABC", 4]], "longest_values": [["Special Education", 17], ["Special Education", 17], ["Special Education", 17], ["Special Education", 17], ["Special Education", 17]], "average_length": "15.585389727474112"}]}, {"column_name": "SchoolLevel", "number_non_empty_cells": 19411, "number_empty_cells": 0, "number_distinct_values": 6, "frequent_values": ["High school", "Secondary School", "Junior High-Intermediate-Middle", "K-12 all grades", "K-8"], "dataTypes": [{"type": "TEXT", "count": "19411", "shortest_values": [["K-8", 3], ["K-8", 3], ["K-8", 3], ["K-8", 3], ["K-8", 3]], "longest_values": [["Junior High-Intermediate-Middle", 31], ["Junior High-Intermediate-Middle", 31], ["Junior High-Intermediate-Middle", 31], ["Junior High-Intermediate-Middle", 31], ["Junior High-Intermediate-Middle", 31]], "average_length": "13.254391839678533"}]}, {"column_name": "Regents_Exam", "number_non_empty_cells": 19410, "number_empty_cells": 1, "number_distinct_values": 15, "frequent_values": ["Common Core Algebra", "Living Environment", "Common Core English", "U.S. History and Government", "Global History and Geography"], "dataTypes": [{"type": "TEXT", "count": "19410", "shortest_values": [["English", 7], ["English", 7], ["English", 7], ["English", 7], ["English", 7]], "longest_values": [["Physical Settings/Earth Science", 31], ["Physical Settings/Earth Science", 31], ["Physical Settings/Earth Science", 31], ["Physical Settings/Earth Science", 31], ["Physical Settings/Earth Science", 31]], "average_length": "20.946522411128285"}]}, {"column_name": "Year", "number_non_empty_cells": 19411, "number_empty_cells": 0, "number_distinct_values": 3, "frequent_values": [2016, 2015, 2017], "dataTypes": [{"type": "INTEGER (LONG)", "count": ["19411"], "mean": ["2015.954407294833"], "stddev": ["0.7955521140689205"], "min_value": ["2015"], "max_value": ["2017"]}]}, {"column_name": "Total_Tested", "number_non_empty_cells": 19411, "number_empty_cells": 0, "number_distinct_values": 922, "frequent_values": [1, 2, 3, 5, 6], "dataTypes": [{"type": "INTEGER (LONG)", "count": ["19411"], "mean": ["107.99598165988357"], "stddev": ["160.64545325994982"], "min_value": ["1"], "max_value": ["1729"]}]}, {"column_name": "Mean_Score", "number_non_empty_cells": 19411, "number_empty_cells": 0, "number_distinct_values": 656, "frequent_values": ["s", "65.4", "63.2", "61.8", "64.0"], "dataTypes": [{"type": "REAL", "count": "17349", "mean": "65.83426710917384", "stddev": "11.06590640786424", "min_value": "19.8", "max_value": "98.3"}, {"type": "TEXT", "count": "2062", "shortest_values": [["s", 1], ["s", 1], ["s", 1], ["s", 1], ["s", 1]], "longest_values": [["s", 1], ["s", 1], ["s", 1], ["s", 1], ["s", 1]], "average_length": "1.0"}]}, {"column_name": "Number_Scoring_Below_65", "number_non_empty_cells": 19411, "number_empty_cells": 0, "number_distinct_values": 412, "frequent_values": ["s", "0", "1", "6", "2"], "dataTypes": [{"type": "INTEGER (LONG)", "count": "17349", "mean": "42.450400599458185", "stddev": "57.90447983907971", "min_value": "0", "max_value": "697"}, {"type": "TEXT", "count": "2062", "shortest_values": [["s", 1], ["s", 1], ["s", 1], ["s", 1], ["s", 1]], "longest_values": [["s", 1], ["s", 1], ["s", 1], ["s", 1], ["s", 1]], "average_length": "1.0"}]}, {"column_name": "Percent_Scoring_Below_65", "number_non_empty_cells": 19411, "number_empty_cells": 0, "number_distinct_values": 981, "frequent_values": ["s", "0.0", "100.0", "50.0", "66.7"], "dataTypes": [{"type": "REAL", "count": "17349", "mean": "42.380679000064895", "stddev": "27.949273667068137", "min_value": "0.0", "max_value": "100.0"}, {"type": "TEXT", "count": "2062", "shortest_values": [["s", 1], ["s", 1], ["s", 1], ["s", 1], ["s", 1]], "longest_values": [["s", 1], ["s", 1], ["s", 1], ["s", 1], ["s", 1]], "average_length": "1.0"}]}, {"column_name": "Number_Scoring_65_or_Above", "number_non_empty_cells": 19411, "number_empty_cells": 0, "number_distinct_values": 744, "frequent_values": ["s", "1", "3", "2", "0"], "dataTypes": [{"type": "INTEGER (LONG)", "count": "17349", "mean": "78.12144792207043", "stddev": "129.31159652707726", "min_value": "0", "max_value": "1607"}, {"type": "TEXT", "count": "2062", "shortest_values": [["s", 1], ["s", 1], ["s", 1], ["s", 1], ["s", 1]], "longest_values": [["s", 1], ["s", 1], ["s", 1], ["s", 1], ["s", 1]], "average_length": "1.0"}]}, {"column_name": "Percent_Scoring_65_or_Above", "number_non_empty_cells": 19411, "number_empty_cells": 0, "number_distinct_values": 981, "frequent_values": ["s", "100.0", "0.0", "50.0", "33.3"], "dataTypes": [{"type": "REAL", "count": "17349", "mean": "57.62041615837898", "stddev": "27.949081085210832", "min_value": "0.0", "max_value": "100.0"}, {"type": "TEXT", "count": "2062", "shortest_values": [["s", 1], ["s", 1], ["s", 1], ["s", 1], ["s", 1]], "longest_values": [["s", 1], ["s", 1], ["s", 1], ["s", 1], ["s", 1]], "average_length": "1.0"}]}, {"column_name": "Number_Scoring_80_or_Above", "number_non_empty_cells": 19411, "number_empty_cells": 0, "number_distinct_values": 508, "frequent_values": ["0", "s", "1", "2", "3"], "dataTypes": [{"type": "INTEGER (LONG)", "count": "17349", "mean": "34.58522105020462", "stddev": "85.57540704629385", "min_value": "0", "max_value": "1365"}, {"type": "TEXT", "count": "2062", "shortest_values": [["s", 1], ["s", 1], ["s", 1], ["s", 1], ["s", 1]], "longest_values": [["s", 1], ["s", 1], ["s", 1], ["s", 1], ["s", 1]], "average_length": "1.0"}]}, {"column_name": "Percent_Scoring_80_or_Above", "number_non_empty_cells": 19411, "number_empty_cells": 0, "number_distinct_values": 988, "frequent_values": ["0.0", "s", "100.0", "14.3", "16.7"], "dataTypes": [{"type": "REAL", "count": "17349", "mean": "22.18046573586313", "stddev": "25.52155868743823", "min_value": "0.0", "max_value": "100.0"}, {"type": "TEXT", "count": "2062", "shortest_values": [["s", 1], ["s", 1], ["s", 1], ["s", 1], ["s", 1]], "longest_values": [["s", 1], ["s", 1], ["s", 1], ["s", 1], ["s", 1]], "average_length": "1.0"}]}, {"column_name": "Number_Scoring_CR", "number_non_empty_cells": 19411, "number_empty_cells": 0, "number_distinct_values": 480, "frequent_values": ["na", "0", "1", "2", "3"], "dataTypes": [{"type": "INTEGER (LONG)", "count": "9204", "mean": "48.51618861364624", "stddev": "101.81627471263874", "min_value": "0", "max_value": "1465"}, {"type": "TEXT", "count": "10207", "shortest_values": [["na", 2], ["na", 2], ["na", 2], ["na", 2], ["na", 2]], "longest_values": [["na", 2], ["na", 2], ["na", 2], ["na", 2], ["na", 2]], "average_length": "2.0"}]}, {"column_name": "Percent_Scoring_CR", "number_non_empty_cells": 19411, "number_empty_cells": 0, "number_distinct_values": 978, "frequent_values": ["na", "0.0", "100.0", "50.0", "33.3"], "dataTypes": [{"type": "REAL", "count": "9204", "mean": "35.0846262352006", "stddev": "30.83736180877372", "min_value": "0.0", "max_value": "100.0"}, {"type": "TEXT", "count": "10207", "shortest_values": [["na", 2], ["na", 2], ["na", 2], ["na", 2], ["na", 2]], "longest_values": [["na", 2], ["na", 2], ["na", 2], ["na", 2], ["na", 2]], "average_length": "2.0"}]}]}