{"dataset_name": "/user/hm74/NYCOpenData/ccgt-mp8e.tsv.gz", "columns": [{"column_name": "Borough", "number_non_empty_cells": 650, "number_empty_cells": 0, "number_distinct_values": 5, "frequent_values": ["Queens", "Brooklyn", "Staten Island", "Manhattan", "Bronx"], "dataTypes": [{"type": "TEXT", "count": 650, "shortest_values": [["Bronx", 5], ["Bronx", 5], ["Bronx", 5], ["Bronx", 5], ["Bronx", 5]], "longest_values": [["Staten Island", 13], ["Staten Island", 13], ["Staten Island", 13], ["Staten Island", 13], ["Staten Island", 13]], "average_length": 8.200000000000003}]}, {"column_name": "Grade_Level", "number_non_empty_cells": 650, "number_empty_cells": 0, "number_distinct_values": 13, "frequent_values": ["7", "11", "3", "8", "0K"], "dataTypes": [{"type": "INTEGER (LONG)", "count": 600, "max_value": 12, "min_value": 1, "mean": 6.5, "stddev": 3.452052529534664}, {"type": "TEXT", "count": 50, "shortest_values": [["0K", 2], ["0K", 2], ["0K", 2], ["0K", 2], ["0K", 2]], "longest_values": [["0K", 2], ["0K", 2], ["0K", 2], ["0K", 2], ["0K", 2]], "average_length": 2.0}]}, {"column_name": "Category", "number_non_empty_cells": 650, "number_empty_cells": 0, "number_distinct_values": 10, "frequent_values": ["IEP", "ELL", "Female", "All Students", "Other"], "dataTypes": [{"type": "TEXT", "count": 650, "shortest_values": [["IEP", 3], ["ELL", 3], ["IEP", 3], ["ELL", 3], ["IEP", 3]], "longest_values": [["All Students", 12], ["All Students", 12], ["All Students", 12], ["All Students", 12], ["All Students", 12]], "average_length": 5.599999999999994}]}, {"column_name": "Average_frequency_per_week_of_physical_education_instruction", "number_non_empty_cells": 650, "number_empty_cells": 0, "number_distinct_values": 66, "frequent_values": ["-", "1.873152", "2.867353", "1.699863", "3.161748"], "dataTypes": [{"type": "REAL", "count": 65, "max_value": 4.405506, "min_value": 1.636061, "mean": 2.5801788615384615, "stddev": 0.70346620703791}, {"type": "TEXT", "count": 585, "shortest_values": [["-", 1], ["-", 1], ["-", 1], ["-", 1], ["-", 1]], "longest_values": [["-", 1], ["-", 1], ["-", 1], ["-", 1], ["-", 1]], "average_length": 1.0}]}, {"column_name": "Average_minutes_per_week_of_physical_education_instruction", "number_non_empty_cells": 650, "number_empty_cells": 0, "number_distinct_values": 66, "frequent_values": ["-", "183.3189", "111.0176", "110.723", "116.5994"], "dataTypes": [{"type": "REAL", "count": 65, "max_value": 205.017, "min_value": 100.6958, "mean": 132.7384569230769, "stddev": 28.5183748791599}, {"type": "TEXT", "count": 585, "shortest_values": [["-", 1], ["-", 1], ["-", 1], ["-", 1], ["-", 1]], "longest_values": [["-", 1], ["-", 1], ["-", 1], ["-", 1], ["-", 1]], "average_length": 1.0}]}, {"column_name": "#_of_students_who_are_receiving_the_required_amount_of_physical_education_instruction", "number_non_empty_cells": 650, "number_empty_cells": 0, "number_distinct_values": 601, "frequent_values": ["s", "788", "1235", "854", "51"], "dataTypes": [{"type": "INTEGER (LONG)", "count": 645, "max_value": 18497, "min_value": 17, "mean": 2492.9906976744187, "stddev": 3080.5791804034466}, {"type": "TEXT", "count": 5, "shortest_values": [["s", 1], ["s", 1], ["s", 1], ["s", 1], ["s", 1]], "longest_values": [["s", 1], ["s", 1], ["s", 1], ["s", 1], ["s", 1]], "average_length": 1.0}]}, {"column_name": "%_of_students_who_are_receiving_the_required_amount_of_physical_education_instruction", "number_non_empty_cells": 650, "number_empty_cells": 0, "number_distinct_values": 644, "frequent_values": ["s", "0.8017241359", "0.571428597", "0.2036885619", "0.2624999881"], "dataTypes": [{"type": "REAL", "count": 645, "max_value": 0.9843049049, "min_value": 0.0624512099, "mean": 0.5368429538648064, "stddev": 0.28096585944316604}, {"type": "TEXT", "count": 5, "shortest_values": [["s", 1], ["s", 1], ["s", 1], ["s", 1], ["s", 1]], "longest_values": [["s", 1], ["s", 1], ["s", 1], ["s", 1], ["s", 1]], "average_length": 1.0}]}, {"column_name": "#_of_students_who_are_receiving_less_than_the_required_amount_of_physical_education_instruction", "number_non_empty_cells": 650, "number_empty_cells": 0, "number_distinct_values": 578, "frequent_values": ["s", "121", "98", "273", "479"], "dataTypes": [{"type": "INTEGER (LONG)", "count": 645, "max_value": 17089, "min_value": 6, "mean": 2206.401550387595, "stddev": 2901.2541156211128}, {"type": "TEXT", "count": 5, "shortest_values": [["s", 1], ["s", 1], ["s", 1], ["s", 1], ["s", 1]], "longest_values": [["s", 1], ["s", 1], ["s", 1], ["s", 1], ["s", 1]], "average_length": 1.0}]}, {"column_name": "%_of_students_who_are_receiving_less_than_the_required_amount_of_physical_education_instruction", "number_non_empty_cells": 650, "number_empty_cells": 0, "number_distinct_values": 644, "frequent_values": ["s", "0.1982758641", "0.4285714328", "0.3315086067", "0.2730311453"], "dataTypes": [{"type": "REAL", "count": 645, "max_value": 0.9375488162, "min_value": 0.0156950671, "mean": 0.46315704682031017, "stddev": 0.280965859247316}, {"type": "TEXT", "count": 5, "shortest_values": [["s", 1], ["s", 1], ["s", 1], ["s", 1], ["s", 1]], "longest_values": [["s", 1], ["s", 1], ["s", 1], ["s", 1], ["s", 1]], "average_length": 1.0}]}, {"column_name": "#_of_students_who_have_an_IEP_that_recommends_adaptive_physical_education", "number_non_empty_cells": 650, "number_empty_cells": 0, "number_distinct_values": 171, "frequent_values": ["s", "71", "7", "45", "6"], "dataTypes": [{"type": "INTEGER (LONG)", "count": 526, "max_value": 378, "min_value": 6, "mean": 81.46197718631176, "stddev": 71.95336390384628}, {"type": "TEXT", "count": 124, "shortest_values": [["s", 1], ["s", 1], ["s", 1], ["s", 1], ["s", 1]], "longest_values": [["s", 1], ["s", 1], ["s", 1], ["s", 1], ["s", 1]], "average_length": 1.0}]}, {"column_name": "%_of_students_who_have_an_IEP_that_recommends_adaptive_physical_education", "number_non_empty_cells": 650, "number_empty_cells": 0, "number_distinct_values": 527, "frequent_values": ["s", "0.0226086956", "0.0643192455", "0.0122887865", "0.0101258894"], "dataTypes": [{"type": "REAL", "count": 526, "max_value": 0.1680746973, "min_value": 0.0011020802, "mean": 0.02004893482376427, "stddev": 0.019803638757021833}, {"type": "TEXT", "count": 124, "shortest_values": [["s", 1], ["s", 1], ["s", 1], ["s", 1], ["s", 1]], "longest_values": [["s", 1], ["s", 1], ["s", 1], ["s", 1], ["s", 1]], "average_length": 1.0}]}]}