{"dataset_name": "/user/hm74/NYCOpenData/ce3f-jkdg.tsv.gz", "columns": [{"column_name": "DBN", "number_non_empty_cells": 22, "number_empty_cells": 0, "number_distinct_values": 22, "frequent_values": ["19K431", "02M473", "10X503", "10X667", "10X504"], "dataTypes": [{"type": "TEXT", "count": 22, "shortest_values": [["02M473", 6], ["06M457", 6], ["07X456", 6], ["08X408", 6], ["08X507", 6]], "longest_values": [["02M473", 6], ["06M457", 6], ["07X456", 6], ["08X408", 6], ["08X507", 6]], "average_length": 6.0}]}, {"column_name": "School Name", "number_non_empty_cells": 22, "number_empty_cells": 0, "number_distinct_values": 22, "frequent_values": ["Thomas Jefferson Yabc", "Herbert H. Lehman Yabc", "Franklin Delano Roosevelt YABC", "Franklin K. Lane Campus YABC", "Grace Dodge Yabc"], "dataTypes": [{"type": "TEXT", "count": 22, "shortest_values": [["Walton Yabc", 11], ["Kennedy Yabc", 12], ["Erasmus Yabc", 12], ["Flushing Yabc", 13], ["Stevenson Yabc", 14]], "longest_values": [["Learning To Work Yabc At Monroe Academy", 39], ["South Shore Educational Complex Yabc", 36], ["Franklin Delano Roosevelt YABC", 30], ["Franklin K. Lane Campus YABC", 28], ["Alfred E. Smith Campus YABC", 27]], "average_length": 21.272727272727273}]}, {"column_name": "Average Score Regents Integrated Algebra", "number_non_empty_cells": 22, "number_empty_cells": 0, "number_distinct_values": 10, "frequent_values": [61, 60, 56, 62, 59], "dataTypes": [{"type": "INTEGER (LONG)", "count": 22, "max_value": 75, "min_value": 56, "mean": 60.54545454545454, "stddev": 3.8932023827934272}]}, {"column_name": "% Passing", "number_non_empty_cells": 22, "number_empty_cells": 0, "number_distinct_values": 17, "frequent_values": [0.4, 0.36, 0.44, 0.49, 0.42], "dataTypes": [{"type": "REAL", "count": 22, "max_value": 0.98, "min_value": 0.12, "mean": 0.40227272727272734, "stddev": 0.16124323292866977}]}, {"column_name": "% at college ready threshold", "number_non_empty_cells": 22, "number_empty_cells": 0, "number_distinct_values": 6, "frequent_values": [0.0, 0.04, 0.01, 0.24, 0.03], "dataTypes": [{"type": "REAL", "count": 22, "max_value": 0.24, "min_value": 0.0, "mean": 0.017727272727272723, "stddev": 0.05017531249001918}]}, {"column_name": "Average Score Regents English", "number_non_empty_cells": 22, "number_empty_cells": 0, "number_distinct_values": 12, "frequent_values": [59, 62, 57, 56, 64], "dataTypes": [{"type": "INTEGER (LONG)", "count": 22, "max_value": 69, "min_value": 56, "mean": 60.77272727272726, "stddev": 3.5282215218772817}]}, {"column_name": "% Passing 1", "number_non_empty_cells": 22, "number_empty_cells": 0, "number_distinct_values": 17, "frequent_values": [0.43, 0.48, 0.47, 0.64, 0.6], "dataTypes": [{"type": "REAL", "count": 22, "max_value": 0.83, "min_value": 0.33, "mean": 0.5154545454545454, "stddev": 0.10512880725901194}]}, {"column_name": "% at college ready threshold 1", "number_non_empty_cells": 22, "number_empty_cells": 0, "number_distinct_values": 14, "frequent_values": [0.18, 0.26, 0.14, 0.2, 0.11], "dataTypes": [{"type": "REAL", "count": 22, "max_value": 0.47, "min_value": 0.09, "mean": 0.21090909090909088, "stddev": 0.0858597742044916}]}, {"column_name": "Average Score Regents US History", "number_non_empty_cells": 22, "number_empty_cells": 0, "number_distinct_values": 12, "frequent_values": [62, 63, 60, 64, 56], "dataTypes": [{"type": "INTEGER (LONG)", "count": 22, "max_value": 69, "min_value": 55, "mean": 61.59090909090909, "stddev": 3.7496556315709717}]}, {"column_name": "% Passing 2", "number_non_empty_cells": 22, "number_empty_cells": 0, "number_distinct_values": 19, "frequent_values": [0.56, 0.52, 0.65, 0.64, 0.6], "dataTypes": [{"type": "REAL", "count": 22, "max_value": 0.86, "min_value": 0.22, "mean": 0.5227272727272727, "stddev": 0.13974593239101707}]}, {"column_name": "Average Score Regents Global History", "number_non_empty_cells": 22, "number_empty_cells": 0, "number_distinct_values": 10, "frequent_values": [61, 53, 60, 55, 66], "dataTypes": [{"type": "INTEGER (LONG)", "count": 22, "max_value": 66, "min_value": 51, "mean": 59.00000000000001, "stddev": 4.08989886516436}]}, {"column_name": "% Passing 3", "number_non_empty_cells": 22, "number_empty_cells": 0, "number_distinct_values": 19, "frequent_values": [0.42, 0.46, 0.39, 0.54, 0.24], "dataTypes": [{"type": "REAL", "count": 22, "max_value": 0.74, "min_value": 0.11, "mean": 0.4190909090909091, "stddev": 0.1580537621682483}]}, {"column_name": "Average Score Regents Earth Science", "number_non_empty_cells": 22, "number_empty_cells": 0, "number_distinct_values": 7, "frequent_values": [".", "49", "57", "43", "46"], "dataTypes": [{"type": "INTEGER (LONG)", "count": 9, "max_value": 57, "min_value": 43, "mean": 49.77777777777777, "stddev": 4.916588197741687}, {"type": "TEXT", "count": 13, "shortest_values": [[".", 1], [".", 1], [".", 1], [".", 1], [".", 1]], "longest_values": [[".", 1], [".", 1], [".", 1], [".", 1], [".", 1]], "average_length": 1.0}]}, {"column_name": "% Passing 4", "number_non_empty_cells": 22, "number_empty_cells": 0, "number_distinct_values": 10, "frequent_values": [".", "6%", "16%", "20%", "10%"], "dataTypes": [{"type": "TEXT", "count": 22, "shortest_values": [[".", 1], [".", 1], [".", 1], [".", 1], [".", 1]], "longest_values": [["21%", 3], ["14%", 3], ["10%", 3], ["25%", 3], ["16%", 3]], "average_length": 1.727272727272727}]}, {"column_name": "Average Score Regents Living Environment", "number_non_empty_cells": 22, "number_empty_cells": 0, "number_distinct_values": 9, "frequent_values": [61, 63, 64, 62, 59], "dataTypes": [{"type": "INTEGER (LONG)", "count": 22, "max_value": 66, "min_value": 58, "mean": 61.99999999999999, "stddev": 2.0889318714683736}]}, {"column_name": "% Passing 5", "number_non_empty_cells": 22, "number_empty_cells": 0, "number_distinct_values": 19, "frequent_values": [0.57, 0.49, 0.47, 0.42, 0.64], "dataTypes": [{"type": "REAL", "count": 22, "max_value": 0.64, "min_value": 0.24, "mean": 0.46136363636363636, "stddev": 0.10549861931649128}]}, {"column_name": "Average Score Regents Languages Other Than English", "number_non_empty_cells": 22, "number_empty_cells": 0, "number_distinct_values": 2, "frequent_values": [".", "86"], "dataTypes": [{"type": "INTEGER (LONG)", "count": 1, "max_value": 86, "min_value": 86, "mean": 86.0, "stddev": 0.0}, {"type": "TEXT", "count": 21, "shortest_values": [[".", 1], [".", 1], [".", 1], [".", 1], [".", 1]], "longest_values": [[".", 1], [".", 1], [".", 1], [".", 1], [".", 1]], "average_length": 1.0}]}, {"column_name": "% Passing 6", "number_non_empty_cells": 22, "number_empty_cells": 0, "number_distinct_values": 2, "frequent_values": [".", "96%"], "dataTypes": [{"type": "TEXT", "count": 22, "shortest_values": [[".", 1], [".", 1], [".", 1], [".", 1], [".", 1]], "longest_values": [["96%", 3], [".", 1], [".", 1], [".", 1], [".", 1]], "average_length": 1.0909090909090913}]}, {"column_name": "Average Score SAT Math", "number_non_empty_cells": 22, "number_empty_cells": 0, "number_distinct_values": 19, "frequent_values": [".", "361", "323", "410", "379"], "dataTypes": [{"type": "INTEGER (LONG)", "count": 19, "max_value": 454, "min_value": 322, "mean": 376.47368421052636, "stddev": 34.66891284718254}, {"type": "TEXT", "count": 3, "shortest_values": [[".", 1], [".", 1], [".", 1]], "longest_values": [[".", 1], [".", 1], [".", 1]], "average_length": 1.0}]}, {"column_name": "Average Score SAT Critical Reading", "number_non_empty_cells": 22, "number_empty_cells": 0, "number_distinct_values": 18, "frequent_values": [".", "389", "373", "323", "351"], "dataTypes": [{"type": "INTEGER (LONG)", "count": 19, "max_value": 428, "min_value": 315, "mean": 370.578947368421, "stddev": 30.836266736756393}, {"type": "TEXT", "count": 3, "shortest_values": [[".", 1], [".", 1], [".", 1]], "longest_values": [[".", 1], [".", 1], [".", 1]], "average_length": 1.0}]}, {"column_name": "Average Score SAT Writing", "number_non_empty_cells": 22, "number_empty_cells": 0, "number_distinct_values": 19, "frequent_values": [".", "381", "356", "372", "343"], "dataTypes": [{"type": "INTEGER (LONG)", "count": 19, "max_value": 413, "min_value": 314, "mean": 361.9473684210526, "stddev": 27.157384736133395}, {"type": "TEXT", "count": 3, "shortest_values": [[".", 1], [".", 1], [".", 1]], "longest_values": [[".", 1], [".", 1], [".", 1]], "average_length": 1.0}]}, {"column_name": "Post-secondary Enrollment Rate (6 months)", "number_non_empty_cells": 22, "number_empty_cells": 0, "number_distinct_values": 22, "frequent_values": [0.234, 0.21, 0.236, 0.166, 0.213], "dataTypes": [{"type": "REAL", "count": 22, "max_value": 0.462, "min_value": 0.11, "mean": 0.2575, "stddev": 0.09131451642039677}]}, {"column_name": "2 year or 4 year College (6 months)", "number_non_empty_cells": 22, "number_empty_cells": 0, "number_distinct_values": 22, "frequent_values": [0.234, 0.24, 0.21, 0.236, 0.166], "dataTypes": [{"type": "REAL", "count": 22, "max_value": 0.459, "min_value": 0.11, "mean": 0.2564090909090909, "stddev": 0.08997053006952743}]}, {"column_name": "CUNY (6 months)", "number_non_empty_cells": 22, "number_empty_cells": 0, "number_distinct_values": 22, "frequent_values": [0.099, 0.179, 0.114, 0.39, 0.142], "dataTypes": [{"type": "REAL", "count": 22, "max_value": 0.39, "min_value": 0.082, "mean": 0.20304545454545453, "stddev": 0.08502057359183304}]}, {"column_name": "NYS Public (6 months)", "number_non_empty_cells": 22, "number_empty_cells": 0, "number_distinct_values": 18, "frequent_values": [0.013, 0.014, 0.017, 0.02, 0.031], "dataTypes": [{"type": "REAL", "count": 22, "max_value": 0.052, "min_value": 0.004, "mean": 0.021636363636363634, "stddev": 0.013102898550062239}]}, {"column_name": "NYS Private (6 months)", "number_non_empty_cells": 22, "number_empty_cells": 0, "number_distinct_values": 18, "frequent_values": [0.026, 0.017, 0.0, 0.019, 0.031], "dataTypes": [{"type": "REAL", "count": 22, "max_value": 0.041, "min_value": 0.0, "mean": 0.017954545454545456, "stddev": 0.010602217918595544}]}, {"column_name": "Out of State (6 months)", "number_non_empty_cells": 22, "number_empty_cells": 0, "number_distinct_values": 14, "frequent_values": [0.0, 0.011, 0.006, 0.024, 0.005], "dataTypes": [{"type": "REAL", "count": 22, "max_value": 0.032, "min_value": 0.0, "mean": 0.012818181818181817, "stddev": 0.008536746046231624}]}, {"column_name": "Public Service (6 months)", "number_non_empty_cells": 22, "number_empty_cells": 0, "number_distinct_values": 1, "frequent_values": [0], "dataTypes": [{"type": "INTEGER (LONG)", "count": 22, "max_value": 0, "min_value": 0, "mean": 0.0, "stddev": 0.0}]}, {"column_name": "Vocational Program (6 months)", "number_non_empty_cells": 22, "number_empty_cells": 0, "number_distinct_values": 4, "frequent_values": [0.0, 0.006, 0.003, 0.014], "dataTypes": [{"type": "REAL", "count": 22, "max_value": 0.014, "min_value": 0.0, "mean": 0.0010454545454545456, "stddev": 0.0031403137180756138}]}, {"column_name": "CRI (% of 6 year Cohort)", "number_non_empty_cells": 22, "number_empty_cells": 0, "number_distinct_values": 16, "frequent_values": [0.028, 0.055, 0.005, 0.0, 0.007], "dataTypes": [{"type": "REAL", "count": 22, "max_value": 0.055, "min_value": 0.0, "mean": 0.02368181818181818, "stddev": 0.01835604028313386}]}, {"column_name": "% attaining Regents Diplma (6 year)", "number_non_empty_cells": 22, "number_empty_cells": 0, "number_distinct_values": 22, "frequent_values": [0.121, 0.254, 0.114, 0.108, 0.12], "dataTypes": [{"type": "REAL", "count": 22, "max_value": 0.36, "min_value": 0.077, "mean": 0.20709090909090908, "stddev": 0.08883637107877765}]}, {"column_name": "% attaining Math College Readiness Standard", "number_non_empty_cells": 22, "number_empty_cells": 0, "number_distinct_values": 18, "frequent_values": [0.039, 0.005, 0.007, 0.027, 0.088], "dataTypes": [{"type": "REAL", "count": 22, "max_value": 0.088, "min_value": 0.005, "mean": 0.03981818181818182, "stddev": 0.02628625005870484}]}, {"column_name": "% attaining English College Readiness Standard", "number_non_empty_cells": 22, "number_empty_cells": 0, "number_distinct_values": 22, "frequent_values": [0.204, 0.319, 0.239, 0.292, 0.299], "dataTypes": [{"type": "REAL", "count": 22, "max_value": 0.403, "min_value": 0.124, "mean": 0.24272727272727274, "stddev": 0.07580548182275584}]}]}