{"dataset_name": "/user/hm74/NYCOpenData/cete-9g3v.tsv.gz", "columns": [{"column_name": "Department Name", "number_non_empty_cells": 16, "number_empty_cells": 0, "number_distinct_values": 12, "frequent_values": ["\t\t10004\tMANHATTAN\t40.704967\t-74.011711\t1\t1\t9\t1000817\t1000240001\tBattery Park City-Lower Manhattan                                          ", "Freedom of Information Law (FOIL) Requests", "DHS Main Number", "Legal Affairs", "\tPlease direct all Freedom of Information Law (FOIL) records requests to: Cynthia Stallard, FOIL Officer\t10004\tMANHATTAN\t40.704967\t-74.011711\t1\t1\t9\t1000817\t1000240001\tBattery Park City-Lower Manhattan                                          "], "dataTypes": [{"type": "TEXT", "count": 16, "shortest_values": [["Legal Affairs", 13], ["DHS Main Number", 15], ["Office of Client Advocacy", 25], ["Office of the Commissioner", 26], ["Kim Bruno, Records Access Officer", 33]], "longest_values": [["\tPlease direct all Freedom of Information Law (FOIL) records requests to: Cynthia Stallard, FOIL Officer\t10004\tMANHATTAN\t40.704967\t-74.011711\t1\t1\t9\t1000817\t1000240001\tBattery Park City-Lower Manhattan                                          ", 242], ["\tFor all other requests for information or documents, including subpoenas\t10004\tMANHATTAN\t40.704967\t-74.011711\t1\t1\t9\t1000817\t1000240001\tBattery Park City-Lower Manhattan                                          ", 211], ["\t\t10004\tMANHATTAN\t40.704967\t-74.011711\t1\t1\t9\t1000817\t1000240001\tBattery Park City-Lower Manhattan                                          ", 139], ["\t\t10004\tMANHATTAN\t40.704967\t-74.011711\t1\t1\t9\t1000817\t1000240001\tBattery Park City-Lower Manhattan                                          ", 139], ["\t\t10004\tMANHATTAN\t40.704967\t-74.011711\t1\t1\t9\t1000817\t1000240001\tBattery Park City-Lower Manhattan                                          ", 139]], "average_length": 90.875}]}, {"column_name": "Phone Number", "number_non_empty_cells": 8, "number_empty_cells": 8, "number_distinct_values": 8, "frequent_values": ["(212) 361-8000", "(212) 361-7914", "(212) 361-7973", "(212) 361-7996", "1-800-994-6494"], "dataTypes": [{"type": "TEXT", "count": 8, "shortest_values": [["(212) 361-8000", 14], ["(212) 361-7914", 14], ["(212) 361-7900", 14], ["(212) 361-8000", 14], ["(212) 607-5236", 14]], "longest_values": [["(212) 361-8000", 14], ["(212) 361-7914", 14], ["(212) 361-7900", 14], ["(212) 361-8000", 14], ["(212) 607-5236", 14]], "average_length": 14.0}]}, {"column_name": "Address", "number_non_empty_cells": 7, "number_empty_cells": 9, "number_distinct_values": 3, "frequent_values": ["33 Beaver Street, 17th Floor New York, NY 10004", "33 Beaver Street, 20th Floor New York, NY 10004", null], "dataTypes": [{"type": "TEXT", "count": 7, "shortest_values": [["33 Beaver Street, 17th Floor New York, NY 10004", 47], ["33 Beaver Street, 17th Floor New York, NY 10004", 47], ["33 Beaver Street, 17th Floor New York, NY 10004", 47], ["33 Beaver Street, 17th Floor New York, NY 10004", 47], ["33 Beaver Street, 17th Floor New York, NY 10004", 47]], "longest_values": [["33 Beaver Street, 17th Floor New York, NY 10004", 47], ["33 Beaver Street, 17th Floor New York, NY 10004", 47], ["33 Beaver Street, 17th Floor New York, NY 10004", 47], ["33 Beaver Street, 17th Floor New York, NY 10004", 47], ["33 Beaver Street, 17th Floor New York, NY 10004", 47]], "average_length": 47.0}]}, {"column_name": "Comments", "number_non_empty_cells": 1, "number_empty_cells": 15, "number_distinct_values": 2, "frequent_values": ["Please call the main number to be directed to the appropriate office.", null], "dataTypes": [{"type": "TEXT", "count": 1, "shortest_values": [["Please call the main number to be directed to the appropriate office.", 69]], "longest_values": [["Please call the main number to be directed to the appropriate office.", 69]], "average_length": 69.0}]}, {"column_name": "Postcode", "number_non_empty_cells": 0, "number_empty_cells": 16, "number_distinct_values": 1, "frequent_values": [null], "dataTypes": []}, {"column_name": "Borough", "number_non_empty_cells": 0, "number_empty_cells": 16, "number_distinct_values": 1, "frequent_values": [null], "dataTypes": []}, {"column_name": "Latitude", "number_non_empty_cells": 0, "number_empty_cells": 16, "number_distinct_values": 1, "frequent_values": [null], "dataTypes": []}, {"column_name": "Longitude", "number_non_empty_cells": 0, "number_empty_cells": 16, "number_distinct_values": 1, "frequent_values": [null], "dataTypes": []}, {"column_name": "Community Board", "number_non_empty_cells": 0, "number_empty_cells": 16, "number_distinct_values": 1, "frequent_values": [null], "dataTypes": []}, {"column_name": "Council District", "number_non_empty_cells": 0, "number_empty_cells": 16, "number_distinct_values": 1, "frequent_values": [null], "dataTypes": []}, {"column_name": "Census Tract", "number_non_empty_cells": 0, "number_empty_cells": 16, "number_distinct_values": 1, "frequent_values": [null], "dataTypes": []}, {"column_name": "BIN", "number_non_empty_cells": 0, "number_empty_cells": 16, "number_distinct_values": 1, "frequent_values": [null], "dataTypes": []}, {"column_name": "BBL", "number_non_empty_cells": 0, "number_empty_cells": 16, "number_distinct_values": 1, "frequent_values": [null], "dataTypes": []}, {"column_name": "NTA", "number_non_empty_cells": 0, "number_empty_cells": 16, "number_distinct_values": 1, "frequent_values": [null], "dataTypes": []}]}