{"dataset_name": "/user/hm74/NYCOpenData/cfnc-xfjw.tsv.gz", "columns": [{"column_name": "Grade", "number_non_empty_cells": 21, "number_empty_cells": 0, "number_distinct_values": 7, "frequent_values": ["7", "3", "8", "5", "6"], "dataTypes": [{"type": "INTEGER (LONG)", "count": 18, "max_value": 8, "min_value": 3, "mean": 5.500000000000001, "stddev": 1.7078251276599326}, {"type": "TEXT", "count": 3, "shortest_values": [["All Grades", 10], ["All Grades", 10], ["All Grades", 10]], "longest_values": [["All Grades", 10], ["All Grades", 10], ["All Grades", 10]], "average_length": 10.0}]}, {"column_name": "Year", "number_non_empty_cells": 21, "number_empty_cells": 0, "number_distinct_values": 3, "frequent_values": [2015, 2013, 2014], "dataTypes": [{"type": "INTEGER (LONG)", "count": 21, "max_value": 2015, "min_value": 2013, "mean": 2014.0, "stddev": 0.8164965809277301}]}, {"column_name": "Category", "number_non_empty_cells": 21, "number_empty_cells": 0, "number_distinct_values": 1, "frequent_values": ["All Students"], "dataTypes": [{"type": "TEXT", "count": 21, "shortest_values": [["All Students", 12], ["All Students", 12], ["All Students", 12], ["All Students", 12], ["All Students", 12]], "longest_values": [["All Students", 12], ["All Students", 12], ["All Students", 12], ["All Students", 12], ["All Students", 12]], "average_length": 12.0}]}, {"column_name": "Number Tested", "number_non_empty_cells": 21, "number_empty_cells": 0, "number_distinct_values": 21, "frequent_values": [66326, 403353, 68380, 71389, 66329], "dataTypes": [{"type": "INTEGER (LONG)", "count": 21, "max_value": 415257, "min_value": 65048, "mean": 117130.38095238093, "stddev": 119573.80181591626}]}, {"column_name": "Mean Scale Score", "number_non_empty_cells": 21, "number_empty_cells": 0, "number_distinct_values": 7, "frequent_values": [298, 296, 299, 295, 297], "dataTypes": [{"type": "INTEGER (LONG)", "count": 21, "max_value": 299, "min_value": 292, "mean": 296.57142857142856, "stddev": 1.8662778992633582}]}, {"column_name": "Level 1   #", "number_non_empty_cells": 21, "number_empty_cells": 0, "number_distinct_values": 21, "frequent_values": [24740, 151196, 25773, 142758, 135526], "dataTypes": [{"type": "INTEGER (LONG)", "count": 21, "max_value": 151196, "min_value": 19041, "mean": 40902.857142857145, "stddev": 41877.0810101656}]}, {"column_name": "Level1  %", "number_non_empty_cells": 21, "number_empty_cells": 0, "number_distinct_values": 20, "frequent_values": [37.3, 30.6, 34.7, 35.3, 31.9], "dataTypes": [{"type": "REAL", "count": 21, "max_value": 39.0, "min_value": 28.7, "mean": 34.88571428571428, "stddev": 2.869923794290366}]}, {"column_name": "Level2    #", "number_non_empty_cells": 21, "number_empty_cells": 0, "number_distinct_values": 21, "frequent_values": [24253, 22826, 23676, 23871, 24119], "dataTypes": [{"type": "INTEGER (LONG)", "count": 21, "max_value": 154486, "min_value": 22154, "mean": 42977.142857142855, "stddev": 43923.44779628445}]}, {"column_name": "Level2   %", "number_non_empty_cells": 21, "number_empty_cells": 0, "number_distinct_values": 20, "frequent_values": [36.8, 39.3, 44.1, 35.0, 35.4], "dataTypes": [{"type": "REAL", "count": 21, "max_value": 44.1, "min_value": 31.0, "mean": 36.71904761904762, "stddev": 2.9023174726446}]}, {"column_name": "Level 3  #", "number_non_empty_cells": 21, "number_empty_cells": 0, "number_distinct_values": 21, "frequent_values": [13701, 78735, 12913, 14717, 13256], "dataTypes": [{"type": "INTEGER (LONG)", "count": 21, "max_value": 84577, "min_value": 8651, "mean": 23412.095238095237, "stddev": 24040.81534530641}]}, {"column_name": "Level 3  %", "number_non_empty_cells": 21, "number_empty_cells": 0, "number_distinct_values": 18, "frequent_values": [18.4, 19.2, 20.1, 26.1, 20.5], "dataTypes": [{"type": "REAL", "count": 21, "max_value": 26.1, "min_value": 12.8, "mean": 19.947619047619053, "stddev": 3.345447375253357}]}, {"column_name": "Level 4  #", "number_non_empty_cells": 21, "number_empty_cells": 0, "number_distinct_values": 21, "frequent_values": [3761, 9629, 7265, 4018, 2755], "dataTypes": [{"type": "INTEGER (LONG)", "count": 21, "max_value": 38023, "min_value": 2568, "mean": 9838.285714285716, "stddev": 10253.403988283051}]}, {"column_name": "Level 4  %", "number_non_empty_cells": 21, "number_empty_cells": 0, "number_distinct_values": 19, "frequent_values": [8.4, 10.5, 7.0, 7.4, 5.7], "dataTypes": [{"type": "REAL", "count": 21, "max_value": 14.8, "min_value": 3.6, "mean": 8.43809523809524, "stddev": 2.6992902401286}]}, {"column_name": "Level 3&4  #", "number_non_empty_cells": 21, "number_empty_cells": 0, "number_distinct_values": 21, "frequent_values": [19701, 21804, 17397, 19542, 18478], "dataTypes": [{"type": "INTEGER (LONG)", "count": 21, "max_value": 122600, "min_value": 15785, "mean": 33250.380952380954, "stddev": 34035.05399056375}]}, {"column_name": "Level 3&4  %", "number_non_empty_cells": 21, "number_empty_cells": 0, "number_distinct_values": 20, "frequent_values": [28.4, 28.7, 31.1, 26.8, 29.7], "dataTypes": [{"type": "REAL", "count": 21, "max_value": 32.9, "min_value": 23.3, "mean": 28.385714285714283, "stddev": 2.3009906177838393}]}]}