{"dataset_name": "/user/hm74/NYCOpenData/cfzn-4iza.tsv.gz", "columns": [{"column_name": "BBLE", "number_non_empty_cells": 193, "number_empty_cells": 13, "number_distinct_values": 194, "frequent_values": [1000627501, 1010400029, 1007819002, 1012961001, 1008730067], "dataTypes": [{"type": "INTEGER (LONG)", "count": 193, "max_value": 5005420009, "min_value": 1000041010, "mean": 1430140281.0673575, "stddev": 1014367118.4733355}]}, {"column_name": "BBL", "number_non_empty_cells": 206, "number_empty_cells": 0, "number_distinct_values": 201, "frequent_values": ["1-1266-1", "1-99999-9999", "1-565-15", "1-1264-5", "1-94-25"], "dataTypes": [{"type": "DATE/TIME", "count": 15, "max_value": "2029-01-09T00:00:00", "min_value": "0120-01-16T00:00:00"}, {"type": "TEXT", "count": 191, "shortest_values": [["1-43-2", 6], ["1-46-3", 6], ["1-43-1", 6], ["1-46-1", 6], ["4-83-1", 6]], "longest_values": [["1-99999-9999", 12], ["1-99999-9999", 12], ["1-1268-1102", 11], ["1-1265-7501", 11], ["1-1296-1001", 11]], "average_length": 8.345549738219894}]}, {"column_name": "Borough", "number_non_empty_cells": 206, "number_empty_cells": 0, "number_distinct_values": 5, "frequent_values": ["Manhattan", "Brooklyn", "Queens", "Bronx", "Staten Island"], "dataTypes": [{"type": "TEXT", "count": 206, "shortest_values": [["Bronx", 5], ["Bronx", 5], ["Bronx", 5], ["Bronx", 5], ["Bronx", 5]], "longest_values": [["Staten Island", 13], ["Staten Island", 13], ["Staten Island", 13], ["Staten Island", 13], ["Staten Island", 13]], "average_length": 8.834951456310682}]}, {"column_name": "Building_Name", "number_non_empty_cells": 201, "number_empty_cells": 5, "number_distinct_values": 201, "frequent_values": ["Chrysler Center", "60 Lafayette Street", "900 Sheridan Avenue", "CitySpire", "355 Lexington Avenue"], "dataTypes": [{"type": "TEXT", "count": 201, "shortest_values": [["WorkHouse", 9], ["GreenDesk", 9], ["The Plant", 9], ["City Hall", 9], ["CitySpire", 9]], "longest_values": [["Rockefeller Center (1230 Ave of the Americas)", 45], ["Rockefeller Center (1270 Ave of the Americas)", 45], ["Rockefeller Center (10 Rock)", 28], ["Rockefeller Center (45 Rock)", 28], ["Rockefeller Center (50 Rock)", 28]], "average_length": 17.661691542288573}]}, {"column_name": "Street_Address", "number_non_empty_cells": 205, "number_empty_cells": 1, "number_distinct_values": 205, "frequent_values": ["771 10 AVENUE", "689 5 AVENUE", "100 5 AVENUE", "280 BROADWAY", "488 MADISON AVENUE"], "dataTypes": [{"type": "TEXT", "count": 206, "shortest_values": [["75 9th Ave", 10], ["55 BROADWAY", 11], ["149 5 AVENUE", 12], ["162 5 AVENUE", 12], ["650 5 AVENUE", 12]], "longest_values": [["1114 AVENUE OF THE AMERIC", 25], ["1120 AVENUE OF THE AMERIC", 25], ["1280 AVENUE OF THE AMERIC", 25], ["1230 Avenue of the Americ", 25], ["1270 AVENUE OF THE AMERIC", 25]], "average_length": 16.674757281553394}]}, {"column_name": "Certification_Class", "number_non_empty_cells": 206, "number_empty_cells": 0, "number_distinct_values": 5, "frequent_values": ["Not certified", "Platinum", "Connected", "Gold", "Silver"], "dataTypes": [{"type": "TEXT", "count": 206, "shortest_values": [["Gold", 4], ["Gold", 4], ["Gold", 4], ["Gold", 4], ["Gold", 4]], "longest_values": [["Not certified", 13], ["Not certified", 13], ["Not certified", 13], ["Not certified", 13], ["Not certified", 13]], "average_length": 9.674757281553397}]}, {"column_name": "#_of_Carriers", "number_non_empty_cells": 205, "number_empty_cells": 1, "number_distinct_values": 6, "frequent_values": ["5 or more", "2", "3", "4", "1"], "dataTypes": [{"type": "INTEGER (LONG)", "count": 121, "max_value": 4, "min_value": 1, "mean": 2.619834710743801, "stddev": 1.0225248150890278}, {"type": "TEXT", "count": 84, "shortest_values": [["5 or more", 9], ["5 or more", 9], ["5 or more", 9], ["5 or more", 9], ["5 or more", 9]], "longest_values": [["5 or more", 9], ["5 or more", 9], ["5 or more", 9], ["5 or more", 9], ["5 or more", 9]], "average_length": 9.0}]}, {"column_name": "Coax/Cable_Connections", "number_non_empty_cells": 206, "number_empty_cells": 0, "number_distinct_values": 2, "frequent_values": ["Yes", "No"], "dataTypes": [{"type": "TEXT", "count": 206, "shortest_values": [["No", 2], ["No", 2], ["No", 2], ["No", 2], ["No", 2]], "longest_values": [["Yes", 3], ["Yes", 3], ["Yes", 3], ["Yes", 3], ["Yes", 3]], "average_length": 2.9563106796116507}]}, {"column_name": "Fiber_Connection", "number_non_empty_cells": 206, "number_empty_cells": 0, "number_distinct_values": 2, "frequent_values": ["Yes", "No"], "dataTypes": [{"type": "TEXT", "count": 206, "shortest_values": [["No", 2], ["No", 2], ["No", 2], ["No", 2], ["No", 2]], "longest_values": [["Yes", 3], ["Yes", 3], ["Yes", 3], ["Yes", 3], ["Yes", 3]], "average_length": 2.8932038834951457}]}, {"column_name": "Satellite/Fixed_Wireless_Connection", "number_non_empty_cells": 206, "number_empty_cells": 0, "number_distinct_values": 2, "frequent_values": ["No", "Yes"], "dataTypes": [{"type": "TEXT", "count": 206, "shortest_values": [["No", 2], ["No", 2], ["No", 2], ["No", 2], ["No", 2]], "longest_values": [["Yes", 3], ["Yes", 3], ["Yes", 3], ["Yes", 3], ["Yes", 3]], "average_length": 2.3009708737864085}]}, {"column_name": "Fiber_Distribution", "number_non_empty_cells": 205, "number_empty_cells": 1, "number_distinct_values": 5, "frequent_values": ["Full Distribution (all floors)", "Partial Distribution (some floors)", "No Distribution", "5", null], "dataTypes": [{"type": "INTEGER (LONG)", "count": 2, "max_value": 5, "min_value": 5, "mean": 5.0, "stddev": 0.0}, {"type": "TEXT", "count": 203, "shortest_values": [["No Distribution", 15], ["No Distribution", 15], ["No Distribution", 15], ["No Distribution", 15], ["No Distribution", 15]], "longest_values": [["Partial Distribution (some floors)", 34], ["Partial Distribution (some floors)", 34], ["Partial Distribution (some floors)", 34], ["Partial Distribution (some floors)", 34], ["Partial Distribution (some floors)", 34]], "average_length": 29.536945812807883}]}, {"column_name": "#_ISPs", "number_non_empty_cells": 205, "number_empty_cells": 1, "number_distinct_values": 7, "frequent_values": ["5 or more", "3", "2", "4", "1"], "dataTypes": [{"type": "INTEGER (LONG)", "count": 120, "max_value": 4, "min_value": 1, "mean": 2.6750000000000007, "stddev": 0.9588404455382554}, {"type": "TEXT", "count": 85, "shortest_values": [["Yes", 3], ["Yes", 3], ["5 or more", 9], ["5 or more", 9], ["5 or more", 9]], "longest_values": [["5 or more", 9], ["5 or more", 9], ["5 or more", 9], ["5 or more", 9], ["5 or more", 9]], "average_length": 8.858823529411767}]}, {"column_name": "Multiple_Points_of_Entry", "number_non_empty_cells": 205, "number_empty_cells": 1, "number_distinct_values": 6, "frequent_values": ["Yes", "No", "Combination of open", "Dedicated room", "none"], "dataTypes": [{"type": "TEXT", "count": 205, "shortest_values": [["No", 2], ["No", 2], ["No", 2], ["No", 2], ["No", 2]], "longest_values": [["Combination of open", 19], ["Combination of open", 19], ["Dedicated room", 14], ["Dedicated room", 14], ["none", 4]], "average_length": 2.9853658536585375}]}, {"column_name": "Designated_Telecom_Utility_Space", "number_non_empty_cells": 204, "number_empty_cells": 2, "number_distinct_values": 8, "frequent_values": ["Combination of open, shared, and dedicated  space", "Dedicated room", "Common (shared) room", "Hallway/Open Space", " shared"], "dataTypes": [{"type": "TEXT", "count": 204, "shortest_values": [["No", 2], ["Yes", 3], [" shared", 7], [" shared", 7], ["Dedicated room", 14]], "longest_values": [["Combination of open, shared, and dedicated  space", 49], ["Combination of open, shared, and dedicated  space", 49], ["Combination of open, shared, and dedicated  space", 49], ["Combination of open, shared, and dedicated  space", 49], ["Combination of open, shared, and dedicated  space", 49]], "average_length": 34.8186274509804}]}, {"column_name": "Additional_Telecom_Space", "number_non_empty_cells": 204, "number_empty_cells": 2, "number_distinct_values": 5, "frequent_values": ["Yes", "No", " and dedicated  space", "Does not have two or more diverse riser locations", null], "dataTypes": [{"type": "TEXT", "count": 204, "shortest_values": [["No", 2], ["No", 2], ["No", 2], ["No", 2], ["No", 2]], "longest_values": [["Does not have two or more diverse riser locations", 49], [" and dedicated  space", 21], [" and dedicated  space", 21], ["Yes", 3], ["Yes", 3]], "average_length": 3.0637254901960773}]}, {"column_name": "Riser_Space_for_Current_Providers", "number_non_empty_cells": 206, "number_empty_cells": 0, "number_distinct_values": 2, "frequent_values": ["Yes", "No"], "dataTypes": [{"type": "TEXT", "count": 206, "shortest_values": [["No", 2], ["No", 2], ["No", 2], ["No", 2], ["No", 2]], "longest_values": [["Yes", 3], ["Yes", 3], ["Yes", 3], ["Yes", 3], ["Yes", 3]], "average_length": 2.932038834951456}]}, {"column_name": "Riser_Space_for_Additional_Providers", "number_non_empty_cells": 206, "number_empty_cells": 0, "number_distinct_values": 3, "frequent_values": ["Yes", "No", "Current Providers"], "dataTypes": [{"type": "TEXT", "count": 206, "shortest_values": [["No", 2], ["No", 2], ["No", 2], ["No", 2], ["No", 2]], "longest_values": [["Current Providers", 17], ["Current Providers", 17], ["Yes", 3], ["Yes", 3], ["Yes", 3]], "average_length": 2.95631067961165}]}, {"column_name": "Diverse_Riser_Locations", "number_non_empty_cells": 204, "number_empty_cells": 2, "number_distinct_values": 4, "frequent_values": ["Yes", "Does not have two or more diverse riser locations", "No", null], "dataTypes": [{"type": "TEXT", "count": 204, "shortest_values": [["No", 2], ["No", 2], ["No", 2], ["Yes", 3], ["Yes", 3]], "longest_values": [["Does not have two or more diverse riser locations", 49], ["Does not have two or more diverse riser locations", 49], ["Does not have two or more diverse riser locations", 49], ["Does not have two or more diverse riser locations", 49], ["Does not have two or more diverse riser locations", 49]], "average_length": 24.632352941176478}]}, {"column_name": "Signed_POEs", "number_non_empty_cells": 204, "number_empty_cells": 2, "number_distinct_values": 4, "frequent_values": ["Yes - for installed connections", "None available", "Yes", null], "dataTypes": [{"type": "TEXT", "count": 204, "shortest_values": [["Yes", 3], ["Yes", 3], ["Yes", 3], ["Yes", 3], ["None available", 14]], "longest_values": [["Yes - for installed connections", 31], ["Yes - for installed connections", 31], ["Yes - for installed connections", 31], ["Yes - for installed connections", 31], ["Yes - for installed connections", 31]], "average_length": 24.45098039215686}]}, {"column_name": "Agreements", "number_non_empty_cells": 202, "number_empty_cells": 4, "number_distinct_values": 4, "frequent_values": ["Yes", "No", "Does not have two or more diverse riser locations", null], "dataTypes": [{"type": "TEXT", "count": 202, "shortest_values": [["No", 2], ["No", 2], ["No", 2], ["No", 2], ["No", 2]], "longest_values": [["Does not have two or more diverse riser locations", 49], ["Does not have two or more diverse riser locations", 49], ["Yes", 3], ["Yes", 3], ["Yes", 3]], "average_length": 3.0396039603960405}]}, {"column_name": "New_Service_Providers", "number_non_empty_cells": 200, "number_empty_cells": 6, "number_distinct_values": 4, "frequent_values": ["Yes", "No capability available", "None available", null], "dataTypes": [{"type": "TEXT", "count": 200, "shortest_values": [["Yes", 3], ["Yes", 3], ["Yes", 3], ["Yes", 3], ["Yes", 3]], "longest_values": [["No capability available", 23], ["No capability available", 23], ["No capability available", 23], ["No capability available", 23], ["No capability available", 23]], "average_length": 3.8099999999999974}]}, {"column_name": "ISPs", "number_non_empty_cells": 145, "number_empty_cells": 61, "number_distinct_values": 127, "frequent_values": ["Verizon,Time Warner Cable", "Verizon,Time Warner Cable,Cogent", "RGTS,Time Warner Cable,Verizon", "RGTS,Time Warner Cable,Verizon,Cogent,Abovenet", "Other,Verizon"], "dataTypes": [{"type": "TEXT", "count": 145, "shortest_values": [["No", 2], ["No", 2], ["AT&T", 4], ["none", 4], ["none", 4]], "longest_values": [["Other,Zayo,XO Communications,Verizon,TW Telecom,Towerstream,Time Warner Cable,Sprint,Reliance,RCN,Rainbow Broadband,OCG,Lightpath,Lightower,Level(3),Cogent,Century Link,AT&T,Abovenet", 182], ["XO Communications,Verizon,Time Warner Cable,Lightpath,Lightower,Level(3),Zayo,Reliance Globalcom,Cogent,AT&T,Verizon Business,Sprint,CDS", 136], ["Verizon FIOS,Verizon,TW Telecom,Time Warner Cable,Sidera,Rainbow Broadband,Lightpath,Covad,Cogent,Broadview,AT&T,Abovenet", 121], ["Other,Verizon,Time Warner Cable,Sprint,Lightpath,Lightower,Level(3),Eureka,Direct TV,Cogent,Broadview,AT&T,Abovenet", 115], ["Zayo,Verizon,TW Telecom,Time Warner Cable,Lightpath,Lightower,Level(3),Direct TV,Cogent,AT&T", 92]], "average_length": 48.68275862068967}]}, {"column_name": "Latitude", "number_non_empty_cells": 195, "number_empty_cells": 11, "number_distinct_values": 195, "frequent_values": [40.766032, 40.711044, 40.762963, 40.702444, 40.695822], "dataTypes": [{"type": "REAL", "count": 195, "max_value": 40.89074, "min_value": 40.625509, "mean": 40.739490758974355, "stddev": 0.034310943827393636}]}, {"column_name": "Longitude", "number_non_empty_cells": 195, "number_empty_cells": 11, "number_distinct_values": 195, "frequent_values": [-73.99082, -73.983073, -73.943466, -73.980268, -73.978719], "dataTypes": [{"type": "REAL", "count": 195, "max_value": -73.803261, "min_value": -74.111712, "mean": -73.9825325179487, "stddev": 0.03822696153083883}]}, {"column_name": "Community_Board", "number_non_empty_cells": 195, "number_empty_cells": 11, "number_distinct_values": 10, "frequent_values": [5, 1, 2, 4, 6], "dataTypes": [{"type": "INTEGER (LONG)", "count": 195, "max_value": 12, "min_value": 1, "mean": 3.97948717948718, "stddev": 2.2553843821783675}]}, {"column_name": "Council_District_", "number_non_empty_cells": 195, "number_empty_cells": 11, "number_distinct_values": 19, "frequent_values": [4, 1, 3, 2, 33], "dataTypes": [{"type": "INTEGER (LONG)", "count": 195, "max_value": 49, "min_value": 1, "mean": 7.6358974358974345, "stddev": 11.45764747812876}]}, {"column_name": "Census_Tract", "number_non_empty_cells": 195, "number_empty_cells": 11, "number_distinct_values": 72, "frequent_values": [92, 31, 102, 7, 101], "dataTypes": [{"type": "INTEGER (LONG)", "count": 195, "max_value": 36901, "min_value": 3, "mean": 1109.1538461538462, "stddev": 4850.168799274883}]}, {"column_name": "BIN", "number_non_empty_cells": 186, "number_empty_cells": 20, "number_distinct_values": 186, "frequent_values": [1081740, 1024714, 1024895, 1036466, 1024686], "dataTypes": [{"type": "INTEGER (LONG)", "count": 186, "max_value": 5014078, "min_value": 1000005, "mean": 1459029.0483870972, "stddev": 1025414.047863658}]}, {"column_name": "Postcode", "number_non_empty_cells": 195, "number_empty_cells": 11, "number_distinct_values": 53, "frequent_values": [10022, 10017, 10019, 10001, 10013], "dataTypes": [{"type": "INTEGER (LONG)", "count": 195, "max_value": 11435, "min_value": 10001, "mean": 10178.964102564109, "stddev": 377.3794849146564}]}, {"column_name": "NTA", "number_non_empty_cells": 195, "number_empty_cells": 11, "number_distinct_values": 26, "frequent_values": ["Midtown-Midtown South                                                      ", "Turtle Bay-East Midtown                                                    ", "Battery Park City-Lower Manhattan                                          ", "SoHo-TriBeCa-Civic Center-Little Italy                                     ", "Hudson Yards-Chelsea-Flatiron-Union Square                                 "], "dataTypes": [{"type": "TEXT", "count": 195, "shortest_values": [["Midtown-Midtown South                                                      ", 75], ["Hudson Yards-Chelsea-Flatiron-Union Square                                 ", 75], ["Hudson Yards-Chelsea-Flatiron-Union Square                                 ", 75], ["Midtown-Midtown South                                                      ", 75], ["Murray Hill-Kips Bay                                                       ", 75]], "longest_values": [["Midtown-Midtown South                                                      ", 75], ["Hudson Yards-Chelsea-Flatiron-Union Square                                 ", 75], ["Hudson Yards-Chelsea-Flatiron-Union Square                                 ", 75], ["Midtown-Midtown South                                                      ", 75], ["Murray Hill-Kips Bay                                                       ", 75]], "average_length": 75.0}]}]}