{"dataset_name": "/user/hm74/NYCOpenData/cgd2-a96k.tsv.gz", "columns": [{"column_name": "ProviderType", "number_non_empty_cells": 0, "number_empty_cells": 0, "number_distinct_values": 0, "frequent_values": [], "dataTypes": []}, {"column_name": "DFTA ID", "number_non_empty_cells": 0, "number_empty_cells": 0, "number_distinct_values": 0, "frequent_values": [], "dataTypes": []}, {"column_name": "ContractYear", "number_non_empty_cells": 0, "number_empty_cells": 0, "number_distinct_values": 0, "frequent_values": [], "dataTypes": []}, {"column_name": "SponsorName", "number_non_empty_cells": 0, "number_empty_cells": 0, "number_distinct_values": 0, "frequent_values": [], "dataTypes": []}, {"column_name": "ProgramName", "number_non_empty_cells": 0, "number_empty_cells": 0, "number_distinct_values": 0, "frequent_values": [], "dataTypes": []}, {"column_name": "LineItem", "number_non_empty_cells": 0, "number_empty_cells": 0, "number_distinct_values": 0, "frequent_values": [], "dataTypes": []}, {"column_name": "LineItemName", "number_non_empty_cells": 0, "number_empty_cells": 0, "number_distinct_values": 0, "frequent_values": [], "dataTypes": []}, {"column_name": "ReportedMonth", "number_non_empty_cells": 0, "number_empty_cells": 0, "number_distinct_values": 0, "frequent_values": [], "dataTypes": []}, {"column_name": "ReportedAmount", "number_non_empty_cells": 0, "number_empty_cells": 0, "number_distinct_values": 0, "frequent_values": [], "dataTypes": []}]}