{"dataset_name": "/user/hm74/NYCOpenData/cgz5-877h.tsv.gz", "columns": [{"column_name": "DBN", "number_non_empty_cells": 1543, "number_empty_cells": 143, "number_distinct_values": 1463, "frequent_values": ["32K554", "12X245", "01M450", "01M539", "12X271"], "dataTypes": [{"type": "DATE/TIME", "count": 37, "max_value": "2019-12-08T00:06:52", "min_value": "2019-12-08T00:01:15"}, {"type": "TEXT", "count": 1506, "shortest_values": [["01M063", 6], ["01M064", 6], ["01M110", 6], ["01M134", 6], ["01M137", 6]], "longest_values": [["01M063", 6], ["01M064", 6], ["01M110", 6], ["01M134", 6], ["01M137", 6]], "average_length": 6.0}]}, {"column_name": "DISTRICT", "number_non_empty_cells": 1543, "number_empty_cells": 143, "number_distinct_values": 34, "frequent_values": [2, 10, 9, 31, 84], "dataTypes": [{"type": "INTEGER (LONG)", "count": 1543, "max_value": 84, "min_value": 1, "mean": 18.420609202851583, "stddev": 16.31320202641807}]}, {"column_name": "SCHOOL", "number_non_empty_cells": 1444, "number_empty_cells": 242, "number_distinct_values": 1459, "frequent_values": ["NEW DAY ACADEMY", "WADLEIGH SECONDARY SCHOOL FOR THE PERFORMING & VISUAL ARTS", "BRONX SCHOOL FOR LAW, GOVERNMENT AND JUSTICE", "SECONDARY SCHOOL FOR RESEARCH", "ACADEMY OF ENVIRONMENTAL SCIENCE SECONDARY HIGH SCHOOL"], "dataTypes": [{"type": "TEXT", "count": 1543, "shortest_values": [["KAPPA", 5], ["P.S. 89", 7], ["MUSCOTA", 7], ["P.S. 66", 7], ["KAPPA V", 7]], "longest_values": [["NYC CHARTER HIGH SCHOOL FOR ARCHITECTURE, ENGINEERING AND CONSTRUCTION INDUSTRIES", 81], ["ENGLISH LANGUAGE LEARNERS AND INTERNATIONAL SUPPORT PREPARATORY ACADEMY (ELLIS)", 79], ["SCIENCE SKILLS CENTER HIGH SCHOOL FOR SCIENCE, TECHNOLOGY AND THE CREATIVE ARTS", 79], ["ACADEMY FOR COLLEGE PREPARATION AND CAREER EXPLORATION: A COLLEGE BOARD SCHOOL", 78], ["ACADEMY FOR COLLEGE PREPARATION AND CAREER EXPLORATION: A COLLEGE BOARD SCHOOL", 78]], "average_length": 29.1062864549579}]}, {"column_name": "PRINCIPAL", "number_non_empty_cells": 1535, "number_empty_cells": 151, "number_distinct_values": 1469, "frequent_values": ["Wilper Morales", "Lisa Gibbs", "Bernadette Drysdale", "Rodney Fisher", "Meisha Ross-Porter"], "dataTypes": [{"type": "TEXT", "count": 1543, "shortest_values": [["Li Yan", 6], ["Amy Hom", 7], ["Lee Pan", 7], ["Jane Hsu", 8], ["Lily Woo", 8]], "longest_values": [["Jabali Sawicki And Tim Saintsing", 32], ["Steven Evangelista\\Margaret Ryan", 32], ["Kelly Demonaco And Kiri Soares", 30], ["Glen Pinder Or Dennis Mckesey", 29], ["Rosemarie Barbiere Nicoletti", 28]], "average_length": 14.69993519118602}]}, {"column_name": "2008-09_SCHOOL_SUPPORT_ORGANIZATION", "number_non_empty_cells": 1543, "number_empty_cells": 143, "number_distinct_values": 13, "frequent_values": ["ESO", "ICI", "CLSO", "LLSO", "KLSO"], "dataTypes": [{"type": "TEXT", "count": 1543, "shortest_values": [["ICI", 3], ["ESO", 3], ["ICI", 3], ["ICI", 3], ["ICI", 3]], "longest_values": [["Replications, Inc.", 18], ["Replications, Inc.", 18], ["Replications, Inc.", 18], ["Replications, Inc.", 18], ["Replications, Inc.", 18]], "average_length": 4.203499675955925}]}, {"column_name": "PROGRESS_REPORT_TYPE", "number_non_empty_cells": 1543, "number_empty_cells": 143, "number_distinct_values": 3, "frequent_values": ["ESMS", "HS", null], "dataTypes": [{"type": "TEXT", "count": 1543, "shortest_values": [["HS", 2], ["HS", 2], ["HS", 2], ["HS", 2], ["HS", 2]], "longest_values": [["ESMS", 4], ["ESMS", 4], ["ESMS", 4], ["ESMS", 4], ["ESMS", 4]], "average_length": 3.434867141931301}]}, {"column_name": "SCHOOL_LEVEL*", "number_non_empty_cells": 1543, "number_empty_cells": 143, "number_distinct_values": 6, "frequent_values": ["Elementary", "High School", "Middle", "K-8", "Transfer School"], "dataTypes": [{"type": "TEXT", "count": 1543, "shortest_values": [["K-8", 3], ["K-8", 3], ["K-8", 3], ["K-8", 3], ["K-8", 3]], "longest_values": [["Transfer School", 15], ["Transfer School", 15], ["Transfer School", 15], ["Transfer School", 15], ["Transfer School", 15]], "average_length": 8.802981205443945}]}, {"column_name": "PEER_INDEX*", "number_non_empty_cells": 1499, "number_empty_cells": 187, "number_distinct_values": 876, "frequent_values": [2.08, 3.01, 3.02, 3.33, 2.86], "dataTypes": [{"type": "REAL", "count": 1499, "max_value": 70.44, "min_value": 1.62, "mean": 25.241180787191418, "stddev": 25.40483149420279}]}, {"column_name": "OVERALL_GRADE", "number_non_empty_cells": 1401, "number_empty_cells": 285, "number_distinct_values": 7, "frequent_values": ["A", "B", "C", "D", "F"], "dataTypes": [{"type": "TEXT", "count": 1401, "shortest_values": [["B", 1], ["A", 1], ["A", 1], ["A", 1], ["B", 1]], "longest_values": [["Pending", 7], ["B", 1], ["A", 1], ["A", 1], ["A", 1]], "average_length": 1.0042826552462525}]}, {"column_name": "OVERALL_SCORE", "number_non_empty_cells": 1400, "number_empty_cells": 286, "number_distinct_values": 533, "frequent_values": [77.1, 87.2, 80.8, 85.5, 90.5], "dataTypes": [{"type": "REAL", "count": 1400, "max_value": 108.5, "min_value": 28.8, "mean": 76.96957142857133, "stddev": 14.572577077286963}]}, {"column_name": "ENVIRONMENT_CATEGORY_SCORE", "number_non_empty_cells": 1400, "number_empty_cells": 286, "number_distinct_values": 118, "frequent_values": [10.2, 10.4, 7.7, 15.0, 11.0], "dataTypes": [{"type": "REAL", "count": 1400, "max_value": 15.0, "min_value": 0.0, "mean": 9.758785714285706, "stddev": 2.442324995297119}]}, {"column_name": "ENVIRONMENT_GRADE", "number_non_empty_cells": 1400, "number_empty_cells": 286, "number_distinct_values": 6, "frequent_values": ["A", "B", "C", "D", "F"], "dataTypes": [{"type": "TEXT", "count": 1400, "shortest_values": [["B", 1], ["B", 1], ["A", 1], ["C", 1], ["B", 1]], "longest_values": [["B", 1], ["B", 1], ["A", 1], ["C", 1], ["B", 1]], "average_length": 1.0}]}, {"column_name": "PERFORMANCE_CATEGORY_SCORE", "number_non_empty_cells": 1400, "number_empty_cells": 286, "number_distinct_values": 174, "frequent_values": [25.0, 19.7, 18.8, 18.2, 19.5], "dataTypes": [{"type": "REAL", "count": 1400, "max_value": 25.0, "min_value": 5.3, "mean": 18.53521428571425, "stddev": 4.107823018836332}]}, {"column_name": "PERFORMANCE_GRADE", "number_non_empty_cells": 1400, "number_empty_cells": 286, "number_distinct_values": 6, "frequent_values": ["A", "B", "C", "D", "F"], "dataTypes": [{"type": "TEXT", "count": 1400, "shortest_values": [["C", 1], ["A", 1], ["A", 1], ["B", 1], ["B", 1]], "longest_values": [["C", 1], ["A", 1], ["A", 1], ["B", 1], ["B", 1]], "average_length": 1.0}]}, {"column_name": "PROGRESS_CATEGORY_SCORE", "number_non_empty_cells": 1400, "number_empty_cells": 286, "number_distinct_values": 354, "frequent_values": [60.0, 42.5, 43.4, 49.4, 43.1], "dataTypes": [{"type": "REAL", "count": 1400, "max_value": 60.0, "min_value": 6.6, "mean": 43.79335714285714, "stddev": 9.590614021063528}]}, {"column_name": "PROGRESS_GRADE", "number_non_empty_cells": 1400, "number_empty_cells": 286, "number_distinct_values": 6, "frequent_values": ["A", "B", "C", "D", "F"], "dataTypes": [{"type": "TEXT", "count": 1400, "shortest_values": [["B", 1], ["A", 1], ["A", 1], ["A", 1], ["B", 1]], "longest_values": [["B", 1], ["A", 1], ["A", 1], ["A", 1], ["B", 1]], "average_length": 1.0}]}, {"column_name": "ADDITIONAL_CREDIT", "number_non_empty_cells": 1493, "number_empty_cells": 193, "number_distinct_values": 34, "frequent_values": [0.0, 3.0, 6.0, 3.8, 4.5], "dataTypes": [{"type": "REAL", "count": 1493, "max_value": 14.3, "min_value": 0.0, "mean": 4.7298727394507765, "stddev": 3.3079971373673938}]}, {"column_name": "2007-08_PROGRESS_REPORT_GRADE", "number_non_empty_cells": 1353, "number_empty_cells": 333, "number_distinct_values": 6, "frequent_values": ["B", "A", "C", "D", "F"], "dataTypes": [{"type": "TEXT", "count": 1353, "shortest_values": [["D", 1], ["B", 1], ["A", 1], ["B", 1], ["F", 1]], "longest_values": [["D", 1], ["B", 1], ["A", 1], ["B", 1], ["F", 1]], "average_length": 1.0}]}, {"column_name": "MOST_RECENT_QUALITY_REVIEW_SCORE", "number_non_empty_cells": 1492, "number_empty_cells": 194, "number_distinct_values": 13, "frequent_values": ["Well Developed (2007-08)", "Proficient (2008-09)", "Proficient (2007-08)", "No QR in last two years", "Well Developed (2008-09)"], "dataTypes": [{"type": "TEXT", "count": 1492, "shortest_values": [["No Score (2008-09)", 18], ["Proficient (2008-09)", 20], ["Proficient (2008-09)", 20], ["Proficient (2008-09)", 20], ["Proficient (2008-09)", 20]], "longest_values": [["Underdeveloped with Proficient Features (2008-09)", 49], ["Underdeveloped with Proficient Features (2008-09)", 49], ["Underdeveloped with Proficient Features (2008-09)", 49], ["Underdeveloped with Proficient Features (2008-09)", 49], ["Underdeveloped with Proficient Features (2008-09)", 49]], "average_length": 23.42761394101877}]}, {"column_name": "2008-09_STATE_ACCOUNTABILITY_STATUS", "number_non_empty_cells": 1541, "number_empty_cells": 145, "number_distinct_values": 22, "frequent_values": ["In Good Standing", "Restructuring (Advanced) -  Focused", "Pending", "Restructuring (Advanced) -  Comprehensive", "Improvement (year 1) -  Basic"], "dataTypes": [{"type": "TEXT", "count": 1541, "shortest_values": [["Pending", 7], ["Pending", 7], ["Pending", 7], ["Pending", 7], ["Pending", 7]], "longest_values": [["Corrective Action (year 2) -  Comprehensive", 43], ["Corrective Action (year 2) -  Comprehensive", 43], ["Corrective Action (year 2) -  Comprehensive", 43], ["Corrective Action (year 1) -  Comprehensive", 43], ["Corrective Action (year 1) -  Comprehensive", 43]], "average_length": 19.56975989617134}]}]}