{"dataset_name": "/user/hm74/NYCOpenData/chb2-ipkr.tsv.gz", "columns": [{"column_name": "School_Year", "number_non_empty_cells": 4176, "number_empty_cells": 0, "number_distinct_values": 1, "frequent_values": ["2013-14"], "dataTypes": [{"type": "TEXT", "count": 4176, "shortest_values": [["2013-14", 7], ["2013-14", 7], ["2013-14", 7], ["2013-14", 7], ["2013-14", 7]], "longest_values": [["2013-14", 7], ["2013-14", 7], ["2013-14", 7], ["2013-14", 7], ["2013-14", 7]], "average_length": 7.0}]}, {"column_name": "Geographic_Unit", "number_non_empty_cells": 4176, "number_empty_cells": 0, "number_distinct_values": 40, "frequent_values": ["Citywide", "Manhattan", "Queens", "Bronx", "Brooklyn"], "dataTypes": [{"type": "TEXT", "count": 4176, "shortest_values": [["Bronx", 5], ["Bronx", 5], ["Bronx", 5], ["Bronx", 5], ["Bronx", 5]], "longest_values": [["Staten Island", 13], ["Staten Island", 13], ["Staten Island", 13], ["Staten Island", 13], ["Staten Island", 13]], "average_length": 10.250957854406138}]}, {"column_name": "Category", "number_non_empty_cells": 4176, "number_empty_cells": 0, "number_distinct_values": 13, "frequent_values": ["All Students", "2010 Cohort", "2011 Cohort", "2009 Cohort", "2008 Cohort"], "dataTypes": [{"type": "TEXT", "count": 4176, "shortest_values": [["2002 Cohort", 11], ["2003 Cohort", 11], ["2003 Cohort", 11], ["2003 Cohort", 11], ["2004 Cohort", 11]], "longest_values": [["All Students", 12], ["All Students", 12], ["All Students", 12], ["All Students", 12], ["All Students", 12]], "average_length": 11.203544061302651}]}, {"column_name": "Code", "number_non_empty_cells": 4176, "number_empty_cells": 0, "number_distinct_values": 29, "frequent_values": ["39", "0", "51", "27", "11"], "dataTypes": [{"type": "INTEGER (LONG)", "count": 3848, "max_value": 65, "min_value": 0, "mean": 28.885654885654844, "stddev": 18.69381872884081}, {"type": "TEXT", "count": 328, "shortest_values": [["08X", 3], ["10X", 3], ["11X", 3], ["10X", 3], ["10X", 3]], "longest_values": [["08X", 3], ["10X", 3], ["11X", 3], ["10X", 3], ["10X", 3]], "average_length": 3.0}]}, {"column_name": "Code_Type", "number_non_empty_cells": 4176, "number_empty_cells": 0, "number_distinct_values": 4, "frequent_values": ["Graduation", "Drop Out", "Transfer", "Discharge out of NYC School"], "dataTypes": [{"type": "TEXT", "count": 4176, "shortest_values": [["Transfer", 8], ["Transfer", 8], ["Transfer", 8], ["Transfer", 8], ["Drop Out", 8]], "longest_values": [["Discharge out of NYC School", 27], ["Discharge out of NYC School", 27], ["Discharge out of NYC School", 27], ["Discharge out of NYC School", 27], ["Discharge out of NYC School", 27]], "average_length": 11.95713601532566}]}, {"column_name": "Description_of_Code", "number_non_empty_cells": 4176, "number_empty_cells": 0, "number_distinct_values": 29, "frequent_values": ["Voluntary Withdrawal or Discharge after 20 Consecutive Days of Non-attendance", "Transferred to another DOE school or program", "Transferred to a school or program for a limited time period, including YABC", "Received High School Regents Diploma", "Discharged to a School outside of New York City"], "dataTypes": [{"type": "TEXT", "count": 4176, "shortest_values": [["Deceased Student", 16], ["Deceased Student", 16], ["Deceased Student", 16], ["Deceased Student", 16], ["Deceased Student", 16]], "longest_values": [["Previously Discharged from DOE School with an IEP Diploma, GED or Dropout Code", 78], ["Previously Discharged from DOE School with an IEP Diploma, GED or Dropout Code", 78], ["Previously Discharged from DOE School with an IEP Diploma, GED or Dropout Code", 78], ["Previously Discharged from DOE School with an IEP Diploma, GED or Dropout Code", 78], ["Previously Discharged from DOE School with an IEP Diploma, GED or Dropout Code", 78]], "average_length": 52.23730842911885}]}, {"column_name": "Count_of_Students", "number_non_empty_cells": 4176, "number_empty_cells": 0, "number_distinct_values": 456, "frequent_values": ["*", "10", "11", "13", "12"], "dataTypes": [{"type": "INTEGER (LONG)", "count": 1683, "max_value": 995, "min_value": 10, "mean": 106.4878193701722, "stddev": 172.01752819442052}, {"type": "DATE/TIME", "count": 85, "max_value": "2061-01-07T00:00:00", "min_value": "0102-01-07T00:00:00"}, {"type": "TEXT", "count": 2408, "shortest_values": [["*", 1], ["*", 1], ["*", 1], ["*", 1], ["*", 1]], "longest_values": [["35,321", 6], ["31,175", 6], ["2,031", 5], ["*", 1], ["*", 1]], "average_length": 1.005813953488372}]}, {"column_name": "Total_Enrolled_Students", "number_non_empty_cells": 4176, "number_empty_cells": 0, "number_distinct_values": 315, "frequent_values": ["*", "1,607", "680", "319,999", "66,906"], "dataTypes": [{"type": "INTEGER (LONG)", "count": 1277, "max_value": 993, "min_value": 10, "mean": 340.3492560689111, "stddev": 273.7298970950371}, {"type": "DATE/TIME", "count": 1975, "max_value": "2063-02-07T00:00:00", "min_value": "0102-02-07T00:00:00"}, {"type": "TEXT", "count": 924, "shortest_values": [["*", 1], ["*", 1], ["*", 1], ["*", 1], ["*", 1]], "longest_values": [["15,282", 6], ["15,282", 6], ["15,282", 6], ["15,282", 6], ["15,282", 6]], "average_length": 5.567099567099567}]}]}