{"dataset_name": "/user/hm74/NYCOpenData/chv4-k4fa.tsv.gz", "columns": [{"column_name": "PROGRAM_TYPE", "number_non_empty_cells": 1379, "number_empty_cells": 0, "number_distinct_values": 484, "frequent_values": ["Family Support,NDA Programs", "Immigration Services,Immigrant Support Services", "NDA Programs,Senior Programs,Older Adult Program", "After-School Programs,NDA Programs,Youth Educational Support", "Reading & Writing,NDA Programs,English Language Program,ESOL,Family Literacy"], "dataTypes": [{"type": "TEXT", "count": 1379, "shortest_values": [["NEW YORK 10302", 14], ["NEW YORK 11101", 14], ["NEW YORK 10301", 14], ["NEW YORK 10302", 14], ["NEW YORK 11415", 14]], "longest_values": [["Reading & Writing,NDA Programs,English Language Program,ESOL,Family Literacy,Adult Basic Education,ABE/GED", 106], ["Reading & Writing,NDA Programs,English Language Program,ESOL,Family Literacy,Adult Basic Education,ABE/GED", 106], ["Reading & Writing,NDA Programs,English Language Program,ESOL,Family Literacy,Adult Basic Education,ABE/GED", 106], ["Reading & Writing,NDA Programs,English Language Program,ESOL,Family Literacy,Adult Basic Education,ABE/GED", 106], ["Reading & Writing,NDA Programs,English Language Program,ESOL,Family Literacy,Adult Basic Education,ABE/GED", 106]], "average_length": 36.86439448875994}]}, {"column_name": "PROGRAM", "number_non_empty_cells": 818, "number_empty_cells": 561, "number_distinct_values": 118, "frequent_values": [" Adult Literacy", "Seniors", "Healthy Families", " High-School Aged Youth", " Middle School Youth"], "dataTypes": [{"type": "INTEGER (LONG)", "count": 354, "max_value": 11691, "min_value": 10002, "mean": 10903.118644067794, "stddev": 495.25035903770436}, {"type": "TEXT", "count": 464, "shortest_values": [["Seniors", 7], ["Seniors", 7], ["Seniors", 7], ["Seniors", 7], ["Seniors", 7]], "longest_values": [["Legal Services - Immigrant Youth", 32], ["Legal Services - Immigrant Youth", 32], ["Legal Services - Immigrant Youth", 32], ["Legal Services - Immigrant Youth", 32], ["Legal Services - Immigrant Youth", 32]], "average_length": 16.747844827586214}]}, {"column_name": "SITE_NAME", "number_non_empty_cells": 815, "number_empty_cells": 564, "number_distinct_values": 662, "frequent_values": ["Make the Road New York", "Jewish Community Council of Greater Coney Island, Inc.", "40.630818", "Brooklyn Housing & Family Services, Inc.", "40.847012"], "dataTypes": [{"type": "REAL", "count": 354, "max_value": 40.893523, "min_value": 40.565262, "mean": 40.72011953107344, "stddev": 0.0837704128280324}, {"type": "TEXT", "count": 464, "shortest_values": [["WHIC", 4], ["YMPJ", 4], ["SSAW", 4], ["IS 52", 5], ["CAMBA", 5]], "longest_values": [["Shorefront YM-YWHA                                                                                                                                                                                                                                                   ", 261], ["Shorefront Y                                                                                                                                                                                                                                                   ", 255], ["Goodwill Industries of Greater New York & Northern NJ, Refugee and Immigrant Services (Program Site 1)", 102], ["Jewish Board of Family and Children Services -  Domestic Violence Coordination and Training", 91], ["Goodwill Industries of NY & Northern NJ, Refugee and Immigrant Services (Program Site 2)", 88]], "average_length": 34.07327586206906}]}, {"column_name": "BOROUGH_/_COMMUNITY", "number_non_empty_cells": 818, "number_empty_cells": 561, "number_distinct_values": 298, "frequent_values": ["Brooklyn", "Bronx", "New York", "Queens", "Manhattan"], "dataTypes": [{"type": "INTEGER (LONG)", "count": 1, "max_value": 10463, "min_value": 10463, "mean": 10463.0, "stddev": 0.0}, {"type": "REAL", "count": 354, "max_value": -73.751962, "min_value": -74.183882, "mean": -73.93287912994359, "stddev": 0.06825574722967402}, {"type": "TEXT", "count": 463, "shortest_values": [["Bronx", 5], ["Bronx", 5], ["Bronx", 5], ["Bronx", 5], ["Bronx", 5]], "longest_values": [["Manhattan,Bronx,Queens,Staten Island, Brooklyn", 46], ["Manhattan,Bronx,Queens,Staten Island, Brooklyn", 46], ["Manhattan,Bronx,Queens,Staten Island, Brooklyn", 46], ["Long Island City", 16], ["Long Island City", 16]], "average_length": 7.62419006479482}]}, {"column_name": "AGENCY", "number_non_empty_cells": 815, "number_empty_cells": 564, "number_distinct_values": 332, "frequent_values": ["12", "1", "3", "7", "4"], "dataTypes": [{"type": "INTEGER (LONG)", "count": 354, "max_value": 27, "min_value": 1, "mean": 7.022598870056497, "stddev": 4.648011302168216}, {"type": "TEXT", "count": 464, "shortest_values": [["YMPJ", 4], ["WHIC", 4], ["SSAW", 4], ["CAMBA", 5], ["RBSCC", 5]], "longest_values": [["I.S. 126 - The Albert Shanker School for the Visual and Performing Arts", 71], ["THURGOOD MARSHALL ACADEMY FOR LEARNING AND SOCIAL CHANGE (M670)", 63], ["Jacobi Medical Center Nurses Residence/ NIDS Young Adult Center", 63], ["The New York Society for the Prevention of Cruelty to Children", 62], ["Highbridge Community Life Center Adult Education and Training", 61]], "average_length": 31.73922413793103}]}, {"column_name": "Contact_Number", "number_non_empty_cells": 817, "number_empty_cells": 562, "number_distinct_values": 300, "frequent_values": ["38", "(718) 542-0006", "17", "44", "48"], "dataTypes": [{"type": "INTEGER (LONG)", "count": 354, "max_value": 51, "min_value": 1, "mean": 27.59322033898305, "stddev": 14.154856199771041}, {"type": "TEXT", "count": 463, "shortest_values": [["718.282.5575", 12], ["212.760.0755", 12], ["212.360.1100", 12], ["718.785.9062", 12], ["212-419-3700", 12]], "longest_values": [["718-727-1222 718 418-7690 X 205 ", 32], ["212.349.6009           ext. 264", 31], ["212.349.6009           ext. 264", 31], ["718.782.8181 or 718.387.6052 ", 29], ["718.782.8181 or 718.387.6052 ", 29]], "average_length": 14.390928725701944}]}, {"column_name": "Grade_Level_/_Age_Group_", "number_non_empty_cells": 764, "number_empty_cells": 615, "number_distinct_values": 226, "frequent_values": ["16+", "Seniors", "Adults", "All Ages", " High School"], "dataTypes": [{"type": "INTEGER (LONG)", "count": 354, "max_value": 105804, "min_value": 2, "mean": 5507.745762711867, "stddev": 17510.861943144344}, {"type": "DATE/TIME", "count": 10, "max_value": "2019-11-14T00:00:00", "min_value": "2019-05-20T00:00:00"}, {"type": "TEXT", "count": 400, "shortest_values": [["16+", 3], ["16+", 3], ["16+", 3], ["16+", 3], ["18+", 3]], "longest_values": [["A parent 16 Years Old or Older ", 31], ["A parent 16 Years Old or Older ", 31], ["A parent 16 Years Old or Older ", 31], ["A parent 16 Years Old or Older ", 31], ["A parent 16 Years Old or Older ", 31]], "average_length": 8.77}]}, {"column_name": "Location_1", "number_non_empty_cells": 805, "number_empty_cells": 574, "number_distinct_values": 663, "frequent_values": ["5024824", "1063574", "2070 Grand", "415 Albemarle Road", "3171988"], "dataTypes": [{"type": "INTEGER (LONG)", "count": 347, "max_value": 5077603, "min_value": 1001162, "mean": 2927818.5619596527, "stddev": 1085749.5788894142}, {"type": "DATE/TIME", "count": 2, "max_value": "1975-01-08T00:00:00", "min_value": "1114-02-08T00:00:00"}, {"type": "TEXT", "count": 456, "shortest_values": [["629 Far", 7], ["1222 Ave", 8], ["74 124th", 8], ["1416 Ave", 8], ["475 Grand", 9]], "longest_values": [["479 Port Richmond Avenue Staten Island", 38], ["479 Port Richmond Avenue Staten Island", 38], ["71 24 Roosevelt Avenue Jackson Heights", 38], ["92 10 Roosevelt Avenue Jackson Heights", 38], ["479 Port Richmond Avenue Staten Island", 38]], "average_length": 17.853070175438585}]}, {"column_name": "Postcode", "number_non_empty_cells": 347, "number_empty_cells": 1032, "number_distinct_values": 271, "frequent_values": [1021450051, 5010490005, 3065460011, 4049730006, 3053270041], "dataTypes": [{"type": "INTEGER (LONG)", "count": 347, "max_value": 5059000105, "min_value": 1000747501, "mean": 2836953233.8703194, "stddev": 1042818958.920419}]}, {"column_name": "Latitude", "number_non_empty_cells": 354, "number_empty_cells": 1025, "number_distinct_values": 112, "frequent_values": ["Sunset Park East                                                           ", "Washington Heights South                                                   ", "Bushwick North                                                             ", "Jackson Heights                                                            ", "Brighton Beach                                                             "], "dataTypes": [{"type": "TEXT", "count": 354, "shortest_values": [["Jackson Heights                                                            ", 75], ["Jamaica                                                                    ", 75], ["Chinatown                                                                  ", 75], ["Far Rockaway-Bayswater                                                     ", 75], ["Washington Heights South                                                   ", 75]], "longest_values": [["Jackson Heights                                                            ", 75], ["Jamaica                                                                    ", 75], ["Chinatown                                                                  ", 75], ["Far Rockaway-Bayswater                                                     ", 75], ["Washington Heights South                                                   ", 75]], "average_length": 75.0}]}, {"column_name": "Longitude", "number_non_empty_cells": 0, "number_empty_cells": 1379, "number_distinct_values": 1, "frequent_values": [null], "dataTypes": []}, {"column_name": "Community_Board", "number_non_empty_cells": 0, "number_empty_cells": 1379, "number_distinct_values": 1, "frequent_values": [null], "dataTypes": []}, {"column_name": "Community_Council_", "number_non_empty_cells": 0, "number_empty_cells": 1379, "number_distinct_values": 1, "frequent_values": [null], "dataTypes": []}, {"column_name": "Census_Tract", "number_non_empty_cells": 0, "number_empty_cells": 1379, "number_distinct_values": 1, "frequent_values": [null], "dataTypes": []}, {"column_name": "BIN", "number_non_empty_cells": 0, "number_empty_cells": 1379, "number_distinct_values": 1, "frequent_values": [null], "dataTypes": []}, {"column_name": "BBL", "number_non_empty_cells": 0, "number_empty_cells": 1379, "number_distinct_values": 1, "frequent_values": [null], "dataTypes": []}, {"column_name": "NTA", "number_non_empty_cells": 0, "number_empty_cells": 1379, "number_distinct_values": 1, "frequent_values": [null], "dataTypes": []}]}