{"dataset_name": "/user/hm74/NYCOpenData/cirn-n726.tsv.gz", "columns": [{"column_name": "Year", "number_non_empty_cells": 1052, "number_empty_cells": 0, "number_distinct_values": 1, "frequent_values": ["2012-13"], "dataTypes": [{"type": "TEXT", "count": 1052, "shortest_values": [["2012-13", 7], ["2012-13", 7], ["2012-13", 7], ["2012-13", 7], ["2012-13", 7]], "longest_values": [["2012-13", 7], ["2012-13", 7], ["2012-13", 7], ["2012-13", 7], ["2012-13", 7]], "average_length": 7.0}]}, {"column_name": "Geographic_Unit", "number_non_empty_cells": 1052, "number_empty_cells": 0, "number_distinct_values": 40, "frequent_values": ["Citywide", "Queens", "Brooklyn", "Bronx", "Manhattan"], "dataTypes": [{"type": "TEXT", "count": 1052, "shortest_values": [["Bronx", 5], ["Bronx", 5], ["Bronx", 5], ["Bronx", 5], ["Bronx", 5]], "longest_values": [["Staten Island", 13], ["Staten Island", 13], ["Staten Island", 13], ["Staten Island", 13], ["Staten Island", 13]], "average_length": 10.353612167300364}]}, {"column_name": "Category", "number_non_empty_cells": 1052, "number_empty_cells": 0, "number_distinct_values": 4, "frequent_values": ["All Students", "Grade 8", "Grade 7", "Grade 6"], "dataTypes": [{"type": "TEXT", "count": 1052, "shortest_values": [["Grade 6", 7], ["Grade 6", 7], ["Grade 6", 7], ["Grade 6", 7], ["Grade 6", 7]], "longest_values": [["All Students", 12], ["All Students", 12], ["All Students", 12], ["All Students", 12], ["All Students", 12]], "average_length": 8.487642585551328}]}, {"column_name": "Code", "number_non_empty_cells": 1052, "number_empty_cells": 0, "number_distinct_values": 12, "frequent_values": ["11", "00", "51", "08", "11X"], "dataTypes": [{"type": "INTEGER (LONG)", "count": 909, "max_value": 51, "min_value": 0, "mean": 17.962596259625958, "stddev": 17.724475078314455}, {"type": "TEXT", "count": 143, "shortest_values": [["08X", 3], ["10X", 3], ["11X", 3], ["11X", 3], ["08X", 3]], "longest_values": [["08X", 3], ["10X", 3], ["11X", 3], ["11X", 3], ["08X", 3]], "average_length": 3.0}]}, {"column_name": "Code_Type", "number_non_empty_cells": 1052, "number_empty_cells": 0, "number_distinct_values": 3, "frequent_values": ["Discharge out of NYC School", "Drop Out", "Transfer"], "dataTypes": [{"type": "TEXT", "count": 1052, "shortest_values": [["Transfer", 8], ["Transfer", 8], ["Drop Out", 8], ["Drop Out", 8], ["Drop Out", 8]], "longest_values": [["Discharge out of NYC School", 27], ["Discharge out of NYC School", 27], ["Discharge out of NYC School", 27], ["Discharge out of NYC School", 27], ["Discharge out of NYC School", 27]], "average_length": 15.549429657794684}]}, {"column_name": "Description_of_Code", "number_non_empty_cells": 1052, "number_empty_cells": 0, "number_distinct_values": 12, "frequent_values": ["Discharged to a School outside of New York City", "Transferred to another DOE school or program", "Transferred to a school or program for a limited time period, including YABC", "Discharged to a Private School(in NYC or NY State)", "Discharged to a School outside of New York City. Missing documentation."], "dataTypes": [{"type": "TEXT", "count": 1052, "shortest_values": [["Deceased Student", 16], ["Deceased Student", 16], ["Deceased Student", 16], ["Deceased Student", 16], ["Deceased Student", 16]], "longest_values": [["Voluntary Withdrawal or Discharge after 20 Consecutive Days of Non-attendance", 77], ["Voluntary Withdrawal or Discharge after 20 Consecutive Days of Non-attendance", 77], ["Voluntary Withdrawal or Discharge after 20 Consecutive Days of Non-attendance", 77], ["Voluntary Withdrawal or Discharge after 20 Consecutive Days of Non-attendance", 77], ["Voluntary Withdrawal or Discharge after 20 Consecutive Days of Non-attendance", 77]], "average_length": 55.34695817490494}]}, {"column_name": "Count_of_Students", "number_non_empty_cells": 1052, "number_empty_cells": 0, "number_distinct_values": 169, "frequent_values": ["*", "12", "11", "20", "22"], "dataTypes": [{"type": "INTEGER (LONG)", "count": 447, "max_value": 686, "min_value": 10, "mean": 78.10514541387023, "stddev": 102.85475585146852}, {"type": "DATE/TIME", "count": 15, "max_value": "0653-01-07T00:00:00", "min_value": "0113-01-07T00:00:00"}, {"type": "TEXT", "count": 590, "shortest_values": [["*", 1], ["*", 1], ["*", 1], ["*", 1], ["*", 1]], "longest_values": [["*", 1], ["*", 1], ["*", 1], ["*", 1], ["*", 1]], "average_length": 1.0}]}, {"column_name": "Total_Enrolled_Students", "number_non_empty_cells": 1052, "number_empty_cells": 0, "number_distinct_values": 159, "frequent_values": [64125, 73064, 218508, 21151, 21614], "dataTypes": [{"type": "INTEGER (LONG)", "count": 1052, "max_value": 218508, "min_value": 45, "mean": 11600.261406844114, "stddev": 27179.460817463892}]}]}