{"dataset_name": "/user/hm74/NYCOpenData/cm6g-t7ye.tsv.gz", "columns": [{"column_name": "ID", "number_non_empty_cells": 619, "number_empty_cells": 0, "number_distinct_values": 619, "frequent_values": [148, 496, 463, 471, 392], "dataTypes": [{"type": "INTEGER (LONG)", "count": 619, "max_value": 619, "min_value": 1, "mean": 310.00000000000017, "stddev": 178.68967513541457}]}, {"column_name": "HPD_Building_ID", "number_non_empty_cells": 619, "number_empty_cells": 0, "number_distinct_values": 619, "frequent_values": [24663, 26623, 6654, 396547, 984480], "dataTypes": [{"type": "INTEGER (LONG)", "count": 619, "max_value": 990653, "min_value": 330, "mean": 636038.7027463649, "stddev": 407011.94032641134}]}, {"column_name": "Address", "number_non_empty_cells": 617, "number_empty_cells": 2, "number_distinct_values": 577, "frequent_values": ["505 WEST 43 STREET", "977 MANHATTAN AVENUE", "144 WEST STREET", "92-29 168 STREET", "181 FRONT STREET"], "dataTypes": [{"type": "TEXT", "count": 619, "shortest_values": [["7 AVENUE C", 10], ["1 BLUE SLIP", 11], ["98 AVENUE A", 11], ["5 BLUE SLIP", 11], ["79 AVENUE D", 11]], "longest_values": [["855 AVENUE OF THE AMERICAS", 26], ["211 MC GUINNESS BOULEVARD", 25], ["211 MC GUINNESS BOULEVARD", 25], ["1 MC GUINNESS BLVD SOUTH", 24], ["439 METROPOLITAN AVENUE", 23]], "average_length": 17.0096930533118}]}, {"column_name": "BBL", "number_non_empty_cells": 619, "number_empty_cells": 0, "number_distinct_values": 548, "frequent_values": [1015280028, 1010720024, 1013430001, 4097930078, 3020190055], "dataTypes": [{"type": "INTEGER (LONG)", "count": 619, "max_value": 4102090115, "min_value": 1000760006, "mean": 1894414075.7463646, "stddev": 1045244463.6567547}]}, {"column_name": "BIN", "number_non_empty_cells": 594, "number_empty_cells": 25, "number_distinct_values": 525, "frequent_values": [1000000, 3000000, 300000, 0, 100000], "dataTypes": [{"type": "INTEGER (LONG)", "count": 594, "max_value": 4617681, "min_value": 0, "mean": 1911085.8282828287, "stddev": 1138768.623838372}]}, {"column_name": "Council_District", "number_non_empty_cells": 601, "number_empty_cells": 18, "number_distinct_values": 26, "frequent_values": [33, 3, 4, 5, 2], "dataTypes": [{"type": "INTEGER (LONG)", "count": 601, "max_value": 47, "min_value": 1, "mean": 16.06821963394343, "stddev": 14.613273374817004}]}, {"column_name": "Community_District", "number_non_empty_cells": 619, "number_empty_cells": 0, "number_distinct_values": 12, "frequent_values": [1, 8, 4, 6, 2], "dataTypes": [{"type": "INTEGER (LONG)", "count": 619, "max_value": 13, "min_value": 1, "mean": 4.439418416801287, "stddev": 2.9950088234245706}]}, {"column_name": "Census_Tract_2010", "number_non_empty_cells": 607, "number_empty_cells": 12, "number_distinct_values": 192, "frequent_values": [55500.0, 3700.0, 7400.0, 9900.0, 56300.0], "dataTypes": [{"type": "REAL", "count": 607, "max_value": 59300.0, "min_value": 31.0, "mean": 21505.59474464579, "stddev": 18402.00191957276}]}, {"column_name": "Neighborhood_Tabulation_Area", "number_non_empty_cells": 614, "number_empty_cells": 5, "number_distinct_values": 49, "frequent_values": ["BK73", "MN17", "MN13", "BK76", "MN32"], "dataTypes": [{"type": "TEXT", "count": 614, "shortest_values": [["MN32", 4], ["MN32", 4], ["MN21", 4], ["MN20", 4], ["MN19", 4]], "longest_values": [["MN32", 4], ["MN32", 4], ["MN21", 4], ["MN20", 4], ["MN19", 4]], "average_length": 4.0}]}, {"column_name": "Postcode", "number_non_empty_cells": 593, "number_empty_cells": 26, "number_distinct_values": 63, "frequent_values": [11211, 10016, 11249, 11222, 10001], "dataTypes": [{"type": "INTEGER (LONG)", "count": 593, "max_value": 11435, "min_value": 2019, "mean": 10510.674536256318, "stddev": 682.444455900037}]}, {"column_name": "Borough", "number_non_empty_cells": 619, "number_empty_cells": 0, "number_distinct_values": 4, "frequent_values": ["Manhattan", "Brooklyn", "Queens", "Bronx"], "dataTypes": [{"type": "TEXT", "count": 619, "shortest_values": [["Bronx", 5], ["Bronx", 5], ["Bronx", 5], ["Bronx", 5], ["Bronx", 5]], "longest_values": [["Manhattan", 9], ["Manhattan", 9], ["Manhattan", 9], ["Manhattan", 9], ["Manhattan", 9]], "average_length": 8.407108239095312}]}, {"column_name": "Latitude", "number_non_empty_cells": 614, "number_empty_cells": 5, "number_distinct_values": 589, "frequent_values": [40.77599336, 40.64593168, 40.69291426, 40.69575178, 40.67800482], "dataTypes": [{"type": "REAL", "count": 614, "max_value": 40.87235007, "min_value": 40.57362561, "mean": 40.73798578004889, "stddev": 0.03867761549075749}]}, {"column_name": "Longitude", "number_non_empty_cells": 614, "number_empty_cells": 5, "number_distinct_values": 593, "frequent_values": [-73.99274156, -73.94786815, -73.96243977, -73.97550662, -73.95885678], "dataTypes": [{"type": "REAL", "count": 614, "max_value": -73.79166421, "min_value": -74.01364441, "mean": -73.96440553408799, "stddev": 0.035114060824501345}]}, {"column_name": "Total_IH_Floor_Area", "number_non_empty_cells": 619, "number_empty_cells": 0, "number_distinct_values": 288, "frequent_values": [0.0, 11976.0, 39000.0, 14318.0, 6634.61], "dataTypes": [{"type": "REAL", "count": 619, "max_value": 201304.83, "min_value": 0.0, "mean": 18357.175185783515, "stddev": 34265.4151320227}]}, {"column_name": "Transferred_IH_Floor_Area", "number_non_empty_cells": 619, "number_empty_cells": 0, "number_distinct_values": 397, "frequent_values": [0.0, 10041.5, 5000.0, 9216.0, 5600.0], "dataTypes": [{"type": "REAL", "count": 619, "max_value": 201304.83, "min_value": 0.0, "mean": 14216.066074313403, "stddev": 26530.417989770307}]}, {"column_name": "Remaining_IH_Floor_Area", "number_non_empty_cells": 619, "number_empty_cells": 0, "number_distinct_values": 54, "frequent_values": [0.0, 5992.0, 10792.52, -28817.0, 456.0], "dataTypes": [{"type": "REAL", "count": 619, "max_value": 106093.0, "min_value": -28817.0, "mean": 953.2003069466875, "stddev": 7767.83917396441}]}, {"column_name": "Property_Type", "number_non_empty_cells": 619, "number_empty_cells": 0, "number_distinct_values": 3, "frequent_values": ["Compensated Development", "Generating Site", "Both"], "dataTypes": [{"type": "TEXT", "count": 619, "shortest_values": [["Both", 4], ["Both", 4], ["Both", 4], ["Both", 4], ["Both", 4]], "longest_values": [["Compensated Development", 23], ["Compensated Development", 23], ["Compensated Development", 23], ["Compensated Development", 23], ["Compensated Development", 23]], "average_length": 17.647819063004846}]}, {"column_name": "Geocoding_Method", "number_non_empty_cells": 614, "number_empty_cells": 5, "number_distinct_values": 2, "frequent_values": ["Geocoded on BBL", null], "dataTypes": [{"type": "TEXT", "count": 614, "shortest_values": [["Geocoded on BBL", 15], ["Geocoded on BBL", 15], ["Geocoded on BBL", 15], ["Geocoded on BBL", 15], ["Geocoded on BBL", 15]], "longest_values": [["Geocoded on BBL", 15], ["Geocoded on BBL", 15], ["Geocoded on BBL", 15], ["Geocoded on BBL", 15], ["Geocoded on BBL", 15]], "average_length": 15.0}]}]}