{"dataset_name": "/user/hm74/NYCOpenData/cma4-zi8m.tsv.gz", "columns": [{"column_name": "DBN", "number_non_empty_cells": 8105, "number_empty_cells": 0, "number_distinct_values": 467, "frequent_values": ["10X440", "01M450", "01M539", "02M529", "28Q470"], "dataTypes": [{"type": "DATE/TIME", "count": 28, "max_value": "2019-12-09T00:02:47", "min_value": "2019-12-09T00:01:56"}, {"type": "TEXT", "count": 8077, "shortest_values": [["01M292", 6], ["01M292", 6], ["01M292", 6], ["01M292", 6], ["01M292", 6]], "longest_values": [["01M292", 6], ["01M292", 6], ["01M292", 6], ["01M292", 6], ["01M292", 6]], "average_length": 6.0}]}, {"column_name": "School_Name", "number_non_empty_cells": 7274, "number_empty_cells": 831, "number_distinct_values": 467, "frequent_values": ["EDWARD R MURROW HIGH SCHOOL", "EBC/ENY HIGH SCHOOL FOR PUBLIC SAFETY", "SECONDARY SCHOOL FOR RESEARCH", "FIORELLO H LAGUARDIA HIGH SCHOOL OF MUSIC", "JACQUELINE KENNEDY-ONASSIS HIGH SCHOOL"], "dataTypes": [{"type": "TEXT", "count": 8105, "shortest_values": [["NYC ISCHOOL", 11], ["WINGS ACADEMY", 13], ["WINGS ACADEMY", 13], ["WINGS ACADEMY", 13], ["WINGS ACADEMY", 13]], "longest_values": [["NEW EXPLORATIONS INTO SCIENCE,TECH AND MATH SCHOOL", 50], ["NEW EXPLORATIONS INTO SCIENCE,TECH AND MATH SCHOOL", 50], ["NEW EXPLORATIONS INTO SCIENCE,TECH AND MATH SCHOOL", 50], ["NEW EXPLORATIONS INTO SCIENCE,TECH AND MATH SCHOOL", 50], ["NEW EXPLORATIONS INTO SCIENCE,TECH AND MATH SCHOOL", 50]], "average_length": 33.643183220234405}]}, {"column_name": "Cohort_Year", "number_non_empty_cells": 8105, "number_empty_cells": 0, "number_distinct_values": 7, "frequent_values": [2006, 2005, 2004, 2003, 2002], "dataTypes": [{"type": "INTEGER (LONG)", "count": 8105, "max_value": 2007, "min_value": 2001, "mean": 2004.2524367674228, "stddev": 1.8408455790419742}]}, {"column_name": "Cohort_Category", "number_non_empty_cells": 8105, "number_empty_cells": 0, "number_distinct_values": 6, "frequent_values": ["4 Year  June", "6 Year", "5 Year", "4 Year August", "5 Year August"], "dataTypes": [{"type": "TEXT", "count": 8105, "shortest_values": [["5 Year", 6], ["6 Year", 6], ["5 Year", 6], ["6 Year", 6], ["5 Year", 6]], "longest_values": [["4 Year August", 13], ["4 Year August", 13], ["5 Year August", 13], ["4 Year August", 13], ["4 Year August", 13]], "average_length": 9.629117828500938}]}, {"column_name": "Total_Cohort_Num", "number_non_empty_cells": 8105, "number_empty_cells": 0, "number_distinct_values": 806, "frequent_values": ["1", "2", "3", "4", "72"], "dataTypes": [{"type": "INTEGER (LONG)", "count": 7979, "max_value": 998, "min_value": 1, "mean": 177.3465346534651, "stddev": 215.32693698108977}, {"type": "DATE/TIME", "count": 124, "max_value": "2068-01-09T00:00:00", "min_value": "0100-01-09T00:00:00"}, {"type": "TEXT", "count": 2, "shortest_values": [["1,000", 5], ["1,000", 5]], "longest_values": [["1,000", 5], ["1,000", 5]], "average_length": 5.0}]}, {"column_name": "Total_Grads_Num", "number_non_empty_cells": 8105, "number_empty_cells": 0, "number_distinct_values": 774, "frequent_values": ["s", "66", "58", "67", "62"], "dataTypes": [{"type": "INTEGER (LONG)", "count": 6974, "max_value": 994, "min_value": 0, "mean": 145.73745339833667, "stddev": 173.3100814269872}, {"type": "DATE/TIME", "count": 10, "max_value": "2065-01-09T00:00:00", "min_value": "0100-01-09T00:00:00"}, {"type": "TEXT", "count": 1121, "shortest_values": [["s", 1], ["s", 1], ["s", 1], ["s", 1], ["s", 1]], "longest_values": [["s", 1], ["s", 1], ["s", 1], ["s", 1], ["s", 1]], "average_length": 1.0}]}, {"column_name": "Total_Grads_Pct_of_cohort", "number_non_empty_cells": 8105, "number_empty_cells": 0, "number_distinct_values": 882, "frequent_values": ["s", "100.00%", "66.70%", "75.00%", "50.00%"], "dataTypes": [{"type": "TEXT", "count": 8105, "shortest_values": [["s", 1], ["s", 1], ["s", 1], ["s", 1], ["s", 1]], "longest_values": [["100.00%", 7], ["100.00%", 7], ["100.00%", 7], ["100.00%", 7], ["100.00%", 7]], "average_length": 5.314497223935842}]}, {"column_name": "Total_Regents_Num", "number_non_empty_cells": 8105, "number_empty_cells": 0, "number_distinct_values": 645, "frequent_values": ["s", "0", "47", "45", "31"], "dataTypes": [{"type": "INTEGER (LONG)", "count": 6978, "max_value": 980, "min_value": 0, "mean": 103.52765835482954, "stddev": 147.45162731004265}, {"type": "DATE/TIME", "count": 6, "max_value": "2065-01-09T00:00:00", "min_value": "0100-01-09T00:00:00"}, {"type": "TEXT", "count": 1121, "shortest_values": [["s", 1], ["s", 1], ["s", 1], ["s", 1], ["s", 1]], "longest_values": [["s", 1], ["s", 1], ["s", 1], ["s", 1], ["s", 1]], "average_length": 1.0}]}, {"column_name": "Total_Regents_Pct_of_cohort", "number_non_empty_cells": 8105, "number_empty_cells": 0, "number_distinct_values": 975, "frequent_values": ["s", "0.00%", "100.00%", "50.00%", "66.70%"], "dataTypes": [{"type": "TEXT", "count": 8105, "shortest_values": [["s", 1], ["s", 1], ["s", 1], ["s", 1], ["s", 1]], "longest_values": [["100.00%", 7], ["100.00%", 7], ["100.00%", 7], ["100.00%", 7], ["100.00%", 7]], "average_length": 5.23787785317706}]}, {"column_name": "Total_Regents_Pct_of_grads", "number_non_empty_cells": 8097, "number_empty_cells": 8, "number_distinct_values": 900, "frequent_values": ["s", "100.00%", "0.00%", "50.00%", "66.70%"], "dataTypes": [{"type": "TEXT", "count": 8097, "shortest_values": [["s", 1], ["s", 1], ["s", 1], ["s", 1], ["s", 1]], "longest_values": [["100.00%", 7], ["100.00%", 7], ["100.00%", 7], ["100.00%", 7], ["100.00%", 7]], "average_length": 5.313696430776807}]}, {"column_name": "Advanced_Regents_Num", "number_non_empty_cells": 8105, "number_empty_cells": 0, "number_distinct_values": 350, "frequent_values": ["0", "s", "1", "3", "4"], "dataTypes": [{"type": "INTEGER (LONG)", "count": 6984, "max_value": 983, "min_value": 0, "mean": 37.00515463917532, "stddev": 97.26792791875648}, {"type": "TEXT", "count": 1121, "shortest_values": [["s", 1], ["s", 1], ["s", 1], ["s", 1], ["s", 1]], "longest_values": [["s", 1], ["s", 1], ["s", 1], ["s", 1], ["s", 1]], "average_length": 1.0}]}, {"column_name": "Advanced_Regents_Pct_of_cohort", "number_non_empty_cells": 8105, "number_empty_cells": 0, "number_distinct_values": 590, "frequent_values": ["0.00%", "s", "1.00%", "1.10%", "1.40%"], "dataTypes": [{"type": "TEXT", "count": 8105, "shortest_values": [["s", 1], ["s", 1], ["s", 1], ["s", 1], ["s", 1]], "longest_values": [["100.00%", 7], ["100.00%", 7], ["100.00%", 7], ["10.90%", 6], ["10.90%", 6]], "average_length": 4.716718075262183}]}, {"column_name": "Advanced_Regents_Pct_of_grads", "number_non_empty_cells": 8097, "number_empty_cells": 8, "number_distinct_values": 705, "frequent_values": ["0.00%", "s", "1.60%", "1.50%", "3.80%"], "dataTypes": [{"type": "TEXT", "count": 8097, "shortest_values": [["s", 1], ["s", 1], ["s", 1], ["s", 1], ["s", 1]], "longest_values": [["100.00%", 7], ["100.00%", 7], ["100.00%", 7], ["100.00%", 7], ["100.00%", 7]], "average_length": 4.784117574410272}]}, {"column_name": "Regents_w/o_Advanced_Num", "number_non_empty_cells": 8105, "number_empty_cells": 0, "number_distinct_values": 402, "frequent_values": ["s", "0", "30", "45", "29"], "dataTypes": [{"type": "INTEGER (LONG)", "count": 6984, "max_value": 511, "min_value": 0, "mean": 67.33848797250842, "stddev": 78.79934844861884}, {"type": "TEXT", "count": 1121, "shortest_values": [["s", 1], ["s", 1], ["s", 1], ["s", 1], ["s", 1]], "longest_values": [["s", 1], ["s", 1], ["s", 1], ["s", 1], ["s", 1]], "average_length": 1.0}]}, {"column_name": "Regents_w/o_Advanced_Pct_of_cohort", "number_non_empty_cells": 8105, "number_empty_cells": 0, "number_distinct_values": 814, "frequent_values": ["s", "0.00%", "50.00%", "33.30%", "40.40%"], "dataTypes": [{"type": "TEXT", "count": 8105, "shortest_values": [["s", 1], ["s", 1], ["s", 1], ["s", 1], ["s", 1]], "longest_values": [["30.90%", 6], ["31.00%", 6], ["32.10%", 6], ["42.20%", 6], ["42.20%", 6]], "average_length": 5.204811844540409}]}, {"column_name": "Regents_w/o_Advanced_Pct_of_grads", "number_non_empty_cells": 8097, "number_empty_cells": 8, "number_distinct_values": 919, "frequent_values": ["s", "0.00%", "100.00%", "50.00%", "66.70%"], "dataTypes": [{"type": "TEXT", "count": 8097, "shortest_values": [["s", 1], ["s", 1], ["s", 1], ["s", 1], ["s", 1]], "longest_values": [["100.00%", 7], ["100.00%", 7], ["100.00%", 7], ["100.00%", 7], ["100.00%", 7]], "average_length": 5.26948252439176}]}, {"column_name": "Local_Num", "number_non_empty_cells": 8105, "number_empty_cells": 0, "number_distinct_values": 289, "frequent_values": ["s", "0", "15", "18", "17"], "dataTypes": [{"type": "INTEGER (LONG)", "count": 6984, "max_value": 374, "min_value": 0, "mean": 42.73410652920966, "stddev": 51.04534015930826}, {"type": "TEXT", "count": 1121, "shortest_values": [["s", 1], ["s", 1], ["s", 1], ["s", 1], ["s", 1]], "longest_values": [["s", 1], ["s", 1], ["s", 1], ["s", 1], ["s", 1]], "average_length": 1.0}]}, {"column_name": "Local_Pct_of_cohort", "number_non_empty_cells": 8105, "number_empty_cells": 0, "number_distinct_values": 674, "frequent_values": ["s", "0.00%", "25.00%", "33.30%", "20.20%"], "dataTypes": [{"type": "TEXT", "count": 8105, "shortest_values": [["s", 1], ["s", 1], ["s", 1], ["s", 1], ["s", 1]], "longest_values": [["36.40%", 6], ["36.20%", 6], ["41.10%", 6], ["25.00%", 6], ["26.60%", 6]], "average_length": 5.10610734114742}]}, {"column_name": "Local_Pct_of_grads", "number_non_empty_cells": 8097, "number_empty_cells": 8, "number_distinct_values": 908, "frequent_values": ["s", "0.00%", "100.00%", "50.00%", "33.30%"], "dataTypes": [{"type": "TEXT", "count": 8097, "shortest_values": [["s", 1], ["s", 1], ["s", 1], ["s", 1], ["s", 1]], "longest_values": [["100.00%", 7], ["100.00%", 7], ["100.00%", 7], ["100.00%", 7], ["100.00%", 7]], "average_length": 5.193281462270014}]}, {"column_name": "Still_Enrolled_Num", "number_non_empty_cells": 8105, "number_empty_cells": 0, "number_distinct_values": 282, "frequent_values": ["s", "0", "1", "2", "3"], "dataTypes": [{"type": "INTEGER (LONG)", "count": 6984, "max_value": 419, "min_value": 0, "mean": 30.28407789232533, "stddev": 48.05978162845641}, {"type": "TEXT", "count": 1121, "shortest_values": [["s", 1], ["s", 1], ["s", 1], ["s", 1], ["s", 1]], "longest_values": [["s", 1], ["s", 1], ["s", 1], ["s", 1], ["s", 1]], "average_length": 1.0}]}, {"column_name": "Still_Enrolled_Pct_of_cohort", "number_non_empty_cells": 8105, "number_empty_cells": 0, "number_distinct_values": 665, "frequent_values": ["s", "0.00%", "1.10%", "1.40%", "1.30%"], "dataTypes": [{"type": "TEXT", "count": 8105, "shortest_values": [["s", 1], ["s", 1], ["s", 1], ["s", 1], ["s", 1]], "longest_values": [["100.00%", 7], ["27.30%", 6], ["14.10%", 6], ["12.50%", 6], ["20.50%", 6]], "average_length": 4.860333127698944}]}, {"column_name": "Dropped_Out_Num", "number_non_empty_cells": 8105, "number_empty_cells": 0, "number_distinct_values": 292, "frequent_values": ["s", "0", "1", "3", "2"], "dataTypes": [{"type": "INTEGER (LONG)", "count": 6984, "max_value": 380, "min_value": 0, "mean": 36.1071019473081, "stddev": 54.21530447546719}, {"type": "TEXT", "count": 1121, "shortest_values": [["s", 1], ["s", 1], ["s", 1], ["s", 1], ["s", 1]], "longest_values": [["s", 1], ["s", 1], ["s", 1], ["s", 1], ["s", 1]], "average_length": 1.0}]}, {"column_name": "Dropped_Out_Pct_of_cohort", "number_non_empty_cells": 8105, "number_empty_cells": 0, "number_distinct_values": 486, "frequent_values": ["s", "0.00%", "1.10%", "7.40%", "3.30%"], "dataTypes": [{"type": "TEXT", "count": 8105, "shortest_values": [["s", 1], ["s", 1], ["s", 1], ["s", 1], ["s", 1]], "longest_values": [["22.40%", 6], ["21.40%", 6], ["14.10%", 6], ["14.10%", 6], ["16.70%", 6]], "average_length": 4.957186921653312}]}]}