{"dataset_name": "/user/hm74/NYCOpenData/cnnp-j87w.tsv.gz", "columns": [{"column_name": "Community School District", "number_non_empty_cells": 33, "number_empty_cells": 0, "number_distinct_values": 33, "frequent_values": [31, 28, 26, 27, 12], "dataTypes": [{"type": "INTEGER (LONG)", "count": 33, "max_value": 75, "min_value": 1, "mean": 18.272727272727273, "stddev": 13.536197772555669}]}, {"column_name": "# of students in grades 9-12", "number_non_empty_cells": 33, "number_empty_cells": 0, "number_distinct_values": 33, "frequent_values": [14832, 13622, 9675, 1743, 11103], "dataTypes": [{"type": "INTEGER (LONG)", "count": 33, "max_value": 34521, "min_value": 1674, "mean": 8816.060606060606, "stddev": 6045.349742693008}]}, {"column_name": "# of students in grades 9-12 who have completed at least one semester of health instruction", "number_non_empty_cells": 33, "number_empty_cells": 0, "number_distinct_values": 33, "frequent_values": [5337, 7171, 10421, 5777, 4324], "dataTypes": [{"type": "INTEGER (LONG)", "count": 33, "max_value": 24742, "min_value": 1006, "mean": 5477.787878787879, "stddev": 4246.259571545761}]}, {"column_name": "%", "number_non_empty_cells": 33, "number_empty_cells": 0, "number_distinct_values": 33, "frequent_values": [0.6408753, 0.6058574, 0.7227618, 0.6015354, 0.6701126], "dataTypes": [{"type": "REAL", "count": 33, "max_value": 0.811828, "min_value": 0.1440536, "mean": 0.6224200060606061, "stddev": 0.11451101639256701}]}, {"column_name": "# of 15-16 June and August graduates", "number_non_empty_cells": 33, "number_empty_cells": 0, "number_distinct_values": 33, "frequent_values": [1143, 808, 2651, 1806, 1874], "dataTypes": [{"type": "INTEGER (LONG)", "count": 33, "max_value": 7374, "min_value": 112, "mean": 1742.9696969696968, "stddev": 1342.985355746068}]}, {"column_name": "# of 15-16 June and August graduates meeting high school health requirements", "number_non_empty_cells": 33, "number_empty_cells": 0, "number_distinct_values": 32, "frequent_values": [808, 7324, 375, 3028, 3133], "dataTypes": [{"type": "INTEGER (LONG)", "count": 33, "max_value": 7324, "min_value": 110, "mean": 1738.0303030303032, "stddev": 1335.3164755932644}]}, {"column_name": "%2", "number_non_empty_cells": 33, "number_empty_cells": 0, "number_distinct_values": 26, "frequent_values": [1.0, 0.9987342, 0.9902424, 0.9993622, 0.9996228], "dataTypes": [{"type": "REAL", "count": 33, "max_value": 1.0, "min_value": 0.9821429, "mean": 0.9971563242424244, "stddev": 0.004225375617373824}]}]}